t,imu_t,imu_frame,w1_pos,w1_vel,w1_cur,w2_pos,w2_vel,w2_cur,w3_pos,w3_vel,w3_cur,w4_pos,w4_vel,w4_cur,ax,ay,az,gx,gy,gz,imu_source,imu_dt,gyro_samples,imu_host_t,accel_host_t,imu_temp_c,imu_tick,accel_raw,gyro_raw
0.000316,0.310586,body,0.000000,0.000000,0.000000,0.000000,0.000000,0.000000,0.000000,0.000000,0.000000,0.000000,0.000000,0.000000,6.667253,-3.257311,-5.995680,-0.009987,0.002397,-0.005193,bmi088,0.0038990780001313396,"[[-0.007456851052221868,0.00346210941710301,-0.006125270507182248],[-0.012516857123372421,0.001331580545039619,-0.004261057744126781]]",1064.52355089,1064.5253146605,21.75,7951,"[1814, 3713, -3339]","[[-13, -28, -23], [-5, -47, -16]]"
0.016564,0.321875,body,0.000000,0.000000,0.000000,0.000000,0.000000,0.000000,0.000000,0.000000,0.000000,0.000000,0.000000,0.000000,6.676231,-3.277064,-6.033388,-0.014847,-0.002330,-0.000533,bmi088,0.01148877449986685,"[[-0.01384843766841204,0.0,-0.0021305288720633907],[-0.015180018213451659,-0.001331580545039619,-0.0007989483270237715],[-0.01464738599543581,-0.0029294771990871623,-0.00026631610900792384],[-0.015712650431467506,-0.005060006071150553,0.0010652644360316954]]",1064.5350396645,1064.5364486045,21.75,8240,"[1825, 3718, -3360]","[[0, -52, -8], [5, -57, -3], [11, -55, -1], [19, -59, 4]]"
0.027642,0.333906,body,0.000000,0.000000,0.000000,0.000000,0.000000,0.000000,0.000000,0.000000,0.000000,0.000000,0.000000,0.000000,6.699575,-3.237559,-6.094440,-0.019601,-0.012144,0.007137,bmi088,0.011708160000125645,"[[-0.016245282649483356,-0.007989483270237714,0.003728425526110934],[-0.017843179303530896,-0.010652644360316953,0.0055926382891664005],[-0.019174759848570515,-0.013315805450396193,0.007456851052221868],[-0.021038972611625982,-0.01464738599543581,0.00825579937924564],[-0.023702133701705222,-0.014114753777419964,0.010652644360316953]]",1064.5467478245,1064.5482932025002,21.75,8548,"[1803, 3731, -3394]","[[30, -61, 14], [40, -67, 21], [50, -72, 28], [55, -79, 31], [53, -89, 40]]"
0.038355,0.343828,body,0.000000,0.000000,0.000000,0.000000,0.000000,0.000000,0.000000,0.000000,0.000000,0.000000,0.000000,0.000000,6.708553,-3.257311,-6.090849,-0.029295,-0.011318,0.019308,bmi088,0.009859010000127455,"[[-0.025832662573768612,-0.012250541014364496,0.01384843766841204],[-0.02849582366384785,-0.01171790879634865,0.01731054708551505],[-0.030892668644919165,-0.010652644360316953,0.02077265650261806],[-0.03195793308095086,-0.010652644360316953,0.025300030355752765]]",1064.5566068345001,1064.5583276114999,21.75,8802,"[1814, 3736, -3392]","[[46, -97, 52], [44, -107, 65], [40, -116, 78], [40, -120, 95]]"
0.049449,0.356016,body,0.000000,0.000000,0.000000,0.000000,0.000000,0.000000,0.000000,0.000000,0.000000,0.000000,0.000000,0.000000,6.694188,-3.311181,-6.071097,-0.032757,-0.008149,0.036858,bmi088,0.012044510499890748,"[[-0.03302319751698256,-0.009587379924285258,0.031158984753927088],[-0.03302319751698256,-0.008788431597261486,0.03568635860706179],[-0.03382214584400633,-0.007456851052221868,0.038615835806148954],[-0.03302319751698256,-0.007456851052221868,0.03941478413317273],[-0.030892668644919165,-0.007456851052221868,0.03941478413317273]]",1064.568651345,1064.5701692815,21.75,9114,"[1844, 3728, -3381]","[[36, -124, 117], [33, -124, 134], [28, -127, 145], [28, -124, 148], [28, -116, 148]]"
0.060300,0.366992,body,0.000000,0.000000,0.000000,0.000000,0.000000,0.000000,0.000000,0.000000,0.000000,0.000000,0.000000,0.000000,6.733692,-3.293224,-6.060323,-0.024834,-0.002929,0.026765,bmi088,0.010894381499838346,"[[-0.02769687533682408,-0.007456851052221868,0.03595267471606972],[-0.024501082028728992,-0.0055926382891664005,0.030892668644919165],[-0.0234358175926973,-0.001331580545039619,0.023702133701705222],[-0.023702133701705222,0.002663161090079238,0.01651159875849128]]",1064.5795457264999,1064.5812695275,21.75,9395,"[1834, 3750, -3375]","[[28, -104, 135], [21, -92, 116], [5, -88, 89], [-10, -89, 62]]"
0.071692,0.378320,body,0.000000,0.000000,0.000000,0.000000,0.000000,0.000000,0.000000,0.000000,0.000000,0.000000,0.000000,0.000000,6.722918,-3.286042,-6.062119,-0.013742,0.008522,-0.000373,bmi088,0.010833131500021409,"[[-0.021837920938649755,0.0055926382891664005,0.009853696033293183],[-0.018375811521546746,0.007190534943213944,0.003994741635118857],[-0.01384843766841204,0.008522115488253563,-0.0010652644360316954],[-0.009853696033293183,0.010120012142301106,-0.005858954398174325],[-0.004793689962142629,0.011185276578332801,-0.008788431597261486]]",1064.590378858,1064.5922173835002,21.75,9685,"[1830, 3744, -3376]","[[-21, -82, 37], [-27, -69, 15], [-32, -52, -4], [-38, -37, -22], [-42, -18, -33]]"
0.082656,0.388711,body,0.000000,0.000000,0.000000,0.000000,0.000000,0.000000,0.000000,0.000000,0.000000,0.000000,0.000000,0.000000,6.676231,-3.303998,-6.045958,0.001198,0.015247,-0.012916,bmi088,0.011201978000144663,"[[0.0,0.012250541014364496,-0.010652644360316953],[0.001864212763055467,0.01464738599543581,-0.011451592687340724],[0.0010652644360316954,0.016245282649483356,-0.013315805450396193],[0.001864212763055467,0.017843179303530896,-0.016245282649483356]]",1064.601580836,1064.6027153324999,21.75,9951,"[1840, 3718, -3367]","[[-46, 0, -40], [-55, 7, -43], [-61, 4, -50], [-67, 7, -61]]"
0.092731,0.398984,body,0.000000,0.000000,0.000000,0.000000,0.000000,0.000000,0.000000,0.000000,0.000000,0.000000,0.000000,0.000000,6.665457,-3.266290,-6.019023,0.006724,0.014248,-0.022304,bmi088,0.009623864000104732,"[[0.003994741635118857,0.01597896654047543,-0.019174759848570515],[0.007190534943213944,0.014913702104443736,-0.021571604829641832],[0.008522115488253563,0.012516857123372421,-0.0234358175926973],[0.007190534943213944,0.013582121559404116,-0.025033714246744842]]",1064.6112047000001,1064.61290154,21.75,10214,"[1819, 3712, -3352]","[[-60, 15, -72], [-56, 27, -81], [-47, 32, -88], [-51, 27, -94]]"
0.103055,0.410195,body,0.000000,0.000000,0.000000,0.000000,0.000000,0.000000,0.000000,0.000000,0.000000,0.000000,0.000000,0.000000,6.704962,-3.277064,-6.049549,0.004993,0.013382,-0.022304,bmi088,0.010461979499723384,"[[0.006125270507182248,0.014114753777419964,-0.024501082028728992],[0.005326322180158476,0.01464738599543581,-0.02290318537468145],[0.005326322180158476,0.01384843766841204,-0.021038972611625982],[0.003195793308095086,0.010918960469324878,-0.02077265650261806]]",1064.6216666794999,1064.6237920975,21.75,10501,"[1825, 3734, -3369]","[[-53, 23, -92], [-55, 20, -86], [-52, 20, -79], [-41, 12, -78]]"
0.114136,0.421328,body,0.000000,0.000000,0.000000,0.000000,0.000000,0.000000,0.000000,0.000000,0.000000,0.000000,0.000000,0.000000,6.672640,-3.293224,-6.051345,0.002663,0.006125,-0.014434,bmi088,0.011588699000185443,"[[0.0007989483270237715,0.008788431597261486,-0.021305288720633905],[0.00026631610900792384,0.006657902725198096,-0.020240024284602212],[0.001864212763055467,0.0055926382891664005,-0.015712650431467506],[0.004793689962142629,0.005326322180158476,-0.010120012142301106],[0.0055926382891664005,0.004261057744126781,-0.004793689962142629]]",1064.6332553785,1064.6350107805001,21.75,10786,"[1834, 3716, -3370]","[[-33, 3, -80], [-25, 1, -76], [-21, 7, -59], [-20, 18, -38], [-16, 21, -18]]"
0.124970,0.432305,body,0.000000,0.000000,0.000000,0.000000,0.000000,0.000000,0.000000,0.000000,0.000000,0.000000,0.000000,0.000000,6.695983,-3.282450,-6.067506,0.001798,0.000533,0.000399,bmi088,0.010794312999905742,"[[0.005858954398174325,0.0029294771990871623,-0.0021305288720633907],[0.003195793308095086,0.0005326322180158477,0.0],[0.0005326322180158477,-0.00026631610900792384,0.0007989483270237715],[-0.0023968449810713144,-0.0010652644360316954,0.0029294771990871623]]",1064.6440496915,1064.6456454875001,21.75,11067,"[1828, 3729, -3379]","[[-11, 22, -8], [-2, 12, 0], [1, 2, 3], [4, -9, 11]]"
0.136033,0.443203,body,0.000000,0.000000,0.000000,0.000000,0.000000,0.000000,0.000000,0.000000,0.000000,0.000000,0.000000,0.000000,6.688801,-3.293224,-6.101623,-0.005859,-0.006192,0.013049,bmi088,0.010752855999953681,"[[-0.004527373853134706,-0.0023968449810713144,0.007723167161229791],[-0.005326322180158476,-0.005060006071150553,0.01171790879634865],[-0.006391586616190172,-0.007723167161229791,0.015446334322459582],[-0.007190534943213944,-0.009587379924285258,0.01731054708551505]]",1064.6548025475,1064.656441545,21.75,11346,"[1834, 3725, -3398]","[[9, -17, 29], [19, -20, 44], [29, -24, 58], [36, -27, 65]]"
0.146711,0.454219,body,0.000000,0.000000,0.000000,0.000000,0.000000,0.000000,0.000000,0.000000,0.000000,0.000000,0.000000,0.000000,6.710349,-3.280655,-6.110601,-0.004261,-0.007989,0.026312,bmi088,0.011098085999947216,"[[-0.007723167161229791,-0.009853696033293183,0.02210423704765768],[-0.007989483270237714,-0.009587379924285258,0.02636529479178446],[-0.0055926382891664005,-0.008522115488253563,0.027963191445832],[-0.0021305288720633907,-0.00692421883420602,0.02822950755483993],[0.0021305288720633907,-0.005060006071150553,0.02689792700980031]]",1064.6659006334999,1064.667341191,21.75,11628,"[1827, 3737, -3403]","[[37, -29, 83], [36, -30, 99], [32, -21, 105], [26, -8, 106], [19, 8, 101]]"
0.157249,0.464883,body,0.000000,0.000000,0.000000,0.000000,0.000000,0.000000,0.000000,0.000000,0.000000,0.000000,0.000000,0.000000,6.706757,-3.271677,-6.063914,0.008256,0.001531,0.016778,bmi088,0.010452075500097635,"[[0.004527373853134706,-0.001864212763055467,0.024501082028728992],[0.00692421883420602,0.0010652644360316954,0.01997370817559429],[0.009321063815277334,0.003195793308095086,0.01464738599543581],[0.012250541014364496,0.003728425526110934,0.007989483270237714]]",1064.676352709,1064.6781028149999,21.75,11901,"[1822, 3735, -3377]","[[7, 17, 92], [-4, 26, 75], [-12, 35, 55], [-14, 46, 30]]"
0.167961,0.475898,body,0.000000,0.000000,0.000000,0.000000,0.000000,0.000000,0.000000,0.000000,0.000000,0.000000,0.000000,0.000000,6.656479,-3.271677,-6.019023,0.019441,0.004794,-0.006991,bmi088,0.010719798000081937,"[[0.015180018213451659,0.00346210941710301,0.001331580545039619],[0.018375811521546746,0.004527373853134706,-0.005326322180158476],[0.021038972611625982,0.0055926382891664005,-0.010120012142301106],[0.023169501483689375,0.0055926382891664005,-0.01384843766841204]]",1064.687072507,1064.6889950045002,21.75,12183,"[1822, 3707, -3352]","[[-13, 57, 5], [-17, 69, -20], [-21, 79, -38], [-21, 87, -52]]"
0.179582,0.487383,body,0.000000,0.000000,0.000000,0.000000,0.000000,0.000000,0.000000,0.000000,0.000000,0.000000,0.000000,0.000000,6.652888,-3.282450,-6.042366,0.027590,0.003569,-0.016991,bmi088,0.011520360000076835,"[[0.023702133701705222,0.004793689962142629,-0.016245282649483356],[0.02636529479178446,0.003728425526110934,-0.01731054708551505],[0.028762139772855775,0.003728425526110934,-0.017843179303530896],[0.030093720317895395,0.00346210941710301,-0.01731054708551505],[0.0290284558818637,0.0021305288720633907,-0.016245282649483356]]",1064.6985928670001,1064.7001115875,21.75,12477,"[1828, 3705, -3365]","[[-18, 89, -61], [-14, 99, -65], [-14, 108, -67], [-13, 113, -65], [-8, 109, -61]]"
0.189609,0.496992,body,0.000000,0.000000,0.000000,0.000000,0.000000,0.000000,0.000000,0.000000,0.000000,0.000000,0.000000,0.000000,6.661866,-3.264494,-6.051345,0.030227,0.001332,-0.008389,bmi088,0.009869218499716226,"[[0.02929477199087162,0.0007989483270237715,-0.013582121559404116],[0.030093720317895395,0.001864212763055467,-0.009853696033293183],[0.031158984753927088,0.001864212763055467,-0.006391586616190172],[0.030360036426903318,0.0007989483270237715,-0.003728425526110934]]",1064.7084620854998,1064.709869585,21.75,12723,"[1818, 3710, -3370]","[[-3, 110, -51], [-7, 113, -37], [-7, 117, -24], [-3, 114, -14]]"
0.199680,0.507773,body,0.000000,0.000000,0.000000,0.000000,0.000000,0.000000,0.000000,0.000000,0.000000,0.000000,0.000000,0.000000,6.685210,-3.264494,-6.071097,0.026232,-0.001265,-0.006658,bmi088,0.010267635000218434,"[[0.02849582366384785,-0.0005326322180158477,-0.00346210941710301],[0.026631610900792385,-0.001331580545039619,-0.005060006071150553],[0.025033714246744842,-0.001331580545039619,-0.007989483270237714],[0.02476739813773692,-0.001864212763055467,-0.010120012142301106]]",1064.7187297205,1064.720547749,21.75,12999,"[1818, 3723, -3381]","[[2, 107, -13], [5, 100, -19], [5, 94, -30], [7, 93, -38]]"
0.210632,0.518672,body,0.000000,0.000000,0.000000,0.000000,0.000000,0.000000,0.000000,0.000000,0.000000,0.000000,0.000000,0.000000,6.697779,-3.280655,-6.080075,0.019774,-0.003928,-0.009254,bmi088,0.010830011000052764,"[[0.023169501483689375,-0.0021305288720633907,-0.010652644360316953],[0.02077265650261806,-0.0029294771990871623,-0.010120012142301106],[0.018375811521546746,-0.004261057744126781,-0.009853696033293183],[0.016777914867499202,-0.006391586616190172,-0.006391586616190172]]",1064.7295597315,1064.7310745635,21.75,13278,"[1827, 3730, -3386]","[[8, 87, -40], [11, 78, -38], [16, 69, -37], [24, 63, -24]]"
0.221007,0.528555,body,0.000000,0.000000,0.000000,0.000000,0.000000,0.000000,0.000000,0.000000,0.000000,0.000000,0.000000,0.000000,6.687005,-3.266290,-6.080075,0.013782,-0.006458,-0.002463,bmi088,0.009784110499822418,"[[0.01597896654047543,-0.006391586616190172,-0.004261057744126781],[0.01464738599543581,-0.006391586616190172,-0.0021305288720633907],[0.012783173232380344,-0.006391586616190172,-0.0023968449810713144],[0.01171790879634865,-0.006657902725198096,-0.0010652644360316954]]",1064.739343842,1064.741062795,21.75,13531,"[1819, 3724, -3386]","[[24, 60, -16], [24, 55, -8], [24, 48, -9], [25, 44, -4]]"
0.231120,0.538906,body,0.000000,0.000000,0.000000,0.000000,0.000000,0.000000,0.000000,0.000000,0.000000,0.000000,0.000000,0.000000,6.699575,-3.241150,-6.047753,0.009854,-0.002996,0.001398,bmi088,0.010380008000083762,"[[0.010918960469324878,-0.005326322180158476,-0.00026631610900792384],[0.010652644360316953,-0.0029294771990871623,0.001331580545039619],[0.009587379924285258,-0.001597896654047543,0.001864212763055467],[0.00825579937924564,-0.0021305288720633907,0.002663161090079238]]",1064.74972385,1064.7511340215,21.75,13796,"[1805, 3731, -3368]","[[20, 41, -1], [11, 40, 5], [6, 36, 7], [8, 31, 10]]"
0.242289,0.550391,body,0.000000,0.000000,0.000000,0.000000,0.000000,0.000000,0.000000,0.000000,0.000000,0.000000,0.000000,0.000000,6.643910,-3.269881,-5.995680,0.003462,-0.000266,-0.002397,bmi088,0.01106931699996494,"[[0.005858954398174325,-0.0021305288720633907,0.001597896654047543],[0.003728425526110934,-0.0005326322180158477,-0.00026631610900792384],[0.001864212763055467,0.0005326322180158477,-0.001864212763055467],[0.0021305288720633907,0.001331580545039619,-0.004261057744126781],[0.003728425526110934,-0.0005326322180158477,-0.007190534943213944]]",1064.760793167,1064.7624684534999,21.75,14090,"[1821, 3700, -3339]","[[8, 22, 6], [2, 14, -1], [-2, 7, -7], [-5, 8, -16], [2, 14, -27]]"
0.252730,0.560430,body,0.000000,0.000000,0.000000,0.000000,0.000000,0.000000,0.000000,0.000000,0.000000,0.000000,0.000000,0.000000,6.688801,-3.269881,-6.028001,0.003795,-0.004527,-0.013382,bmi088,0.010966400499910378,"[[0.005858954398174325,-0.001864212763055467,-0.010120012142301106],[0.006657902725198096,-0.0029294771990871623,-0.012250541014364496],[0.003195793308095086,-0.004527373853134706,-0.014381069886427887],[-0.0005326322180158477,-0.008788431597261486,-0.016777914867499202]]",1064.7717595674999,1064.7727068235,21.75,14347,"[1821, 3725, -3357]","[[7, 22, -38], [11, 25, -46], [17, 12, -54], [33, -2, -63]]"
0.263799,0.572305,body,0.000000,0.000000,0.000000,0.000000,0.000000,0.000000,0.000000,0.000000,0.000000,0.000000,0.000000,0.000000,6.688801,-3.264494,-6.036979,-0.002290,-0.018429,-0.006977,bmi088,0.011044212000115294,"[[-0.0029294771990871623,-0.014114753777419964,-0.016245282649483356],[-0.001597896654047543,-0.018908443739562592,-0.013049489341388268],[-0.001331580545039619,-0.02077265650261806,-0.007190534943213944],[-0.0021305288720633907,-0.020240024284602212,-0.0021305288720633907],[-0.00346210941710301,-0.018109495412538822,0.003728425526110934]]",1064.7828037795,1064.7842194394998,21.75,14651,"[1818, 3725, -3362]","[[53, -11, -61], [71, -6, -49], [78, -5, -27], [76, -8, -8], [68, -13, 14]]"
0.273871,0.582383,body,0.000000,0.000000,0.000000,0.000000,0.000000,0.000000,0.000000,0.000000,0.000000,0.000000,0.000000,0.000000,6.694188,-3.241150,-6.063914,-0.003862,-0.018109,0.016844,bmi088,0.010167822499852264,"[[-0.003728425526110934,-0.01651159875849128,0.009054747706269411],[-0.003195793308095086,-0.01731054708551505,0.015180018213451659],[-0.003994741635118857,-0.018908443739562592,0.01997370817559429],[-0.004527373853134706,-0.019707392066586366,0.023169501483689375]]",1064.7929716019999,1064.7943424925002,21.75,14909,"[1805, 3728, -3377]","[[62, -14, 34], [65, -12, 57], [71, -15, 75], [74, -17, 87]]"
0.284270,0.593320,body,0.000000,0.000000,0.000000,0.000000,0.000000,0.000000,0.000000,0.000000,0.000000,0.000000,0.000000,0.000000,6.710349,-3.260903,-6.058527,-0.007324,-0.017244,0.017111,bmi088,0.010482236500138242,"[[-0.006391586616190172,-0.01864212763055467,0.02210423704765768],[-0.006391586616190172,-0.017576863194522972,0.018375811521546746],[-0.00825579937924564,-0.016777914867499202,0.015180018213451659],[-0.00825579937924564,-0.01597896654047543,0.012783173232380344]]",1064.8034538385,1064.8051348059998,21.75,15189,"[1816, 3737, -3374]","[[70, -24, 83], [66, -24, 69], [63, -31, 57], [60, -31, 48]]"
0.295634,0.604688,body,0.000000,0.000000,0.000000,0.000000,0.000000,0.000000,0.000000,0.000000,0.000000,0.000000,0.000000,0.000000,6.715736,-3.268085,-6.047753,-0.011784,-0.013183,0.006791,bmi088,0.011230796000063492,"[[-0.009587379924285258,-0.014114753777419964,0.010120012142301106],[-0.010652644360316953,-0.012783173232380344,0.006125270507182248],[-0.012783173232380344,-0.012783173232380344,0.004793689962142629],[-0.014114753777419964,-0.013049489341388268,0.006125270507182248]]",1064.8146846345,1064.816183626,21.75,15480,"[1820, 3740, -3368]","[[53, -36, 38], [48, -40, 23], [48, -48, 18], [49, -53, 23]]"
0.306499,0.615195,body,0.000000,0.000000,0.000000,0.000000,0.000000,0.000000,0.000000,0.000000,0.000000,0.000000,0.000000,0.000000,6.735488,-3.271677,-6.080075,-0.013529,-0.009428,0.016139,bmi088,0.010911662500120656,"[[-0.014114753777419964,-0.012516857123372421,0.009853696033293183],[-0.013582121559404116,-0.010918960469324878,0.012250541014364496],[-0.013582121559404116,-0.009321063815277334,0.01597896654047543],[-0.013315805450396193,-0.00825579937924564,0.019707392066586366],[-0.013049489341388268,-0.006125270507182248,0.02290318537468145]]",1064.8255962970002,1064.8267464895,21.75,15749,"[1822, 3751, -3386]","[[47, -53, 37], [41, -51, 46], [35, -51, 60], [31, -50, 74], [23, -49, 86]]"
0.317576,0.626133,body,0.000000,0.000000,0.000000,0.000000,0.000000,0.000000,0.000000,0.000000,0.000000,0.000000,0.000000,0.000000,6.728305,-3.275268,-6.092645,-0.012517,-0.001864,0.017843,bmi088,0.010600080999665806,"[[-0.012783173232380344,-0.005060006071150553,0.02290318537468145],[-0.012783173232380344,-0.0023968449810713144,0.020506340393610135],[-0.012516857123372421,-0.001331580545039619,0.01731054708551505],[-0.011984224905356573,0.001331580545039619,0.010652644360316953]]",1064.8361963779998,1064.837611766,21.75,16029,"[1824, 3747, -3393]","[[19, -48, 86], [9, -48, 77], [5, -47, 65], [-5, -45, 40]]"
0.327642,0.636406,body,0.000000,0.000000,0.000000,0.000000,0.000000,0.000000,0.000000,0.000000,0.000000,0.000000,0.000000,0.000000,6.699575,-3.282450,-6.033388,-0.008456,0.002264,-0.003529,bmi088,0.009881587000108993,"[[-0.01171790879634865,0.00346210941710301,0.004261057744126781],[-0.01038632825130903,0.003994741635118857,-0.001597896654047543],[-0.007989483270237714,0.001864212763055467,-0.006125270507182248],[-0.003728425526110934,-0.00026631610900792384,-0.010652644360316953]]",1064.846077965,1064.8477670605,21.75,16292,"[1828, 3731, -3360]","[[-13, -44, 16], [-15, -39, -6], [-7, -30, -23], [1, -14, -40]]"
0.338126,0.646836,body,0.000000,0.000000,0.000000,0.000000,0.000000,0.000000,0.000000,0.000000,0.000000,0.000000,0.000000,0.000000,6.695983,-3.255516,-6.004658,-0.000133,-0.000866,-0.020573,bmi088,0.01071098150009675,"[[-0.0005326322180158477,-0.001331580545039619,-0.01597896654047543],[0.0005326322180158477,-0.001331580545039619,-0.019707392066586366],[0.0,-0.0007989483270237715,-0.02210423704765768],[-0.0005326322180158477,0.0,-0.024501082028728992]]",1064.8567889465,1064.85810193,21.75,16559,"[1813, 3729, -3344]","[[5, -2, -60], [5, 2, -74], [3, 0, -83], [0, -2, -92]]"
0.348441,0.656719,body,0.000000,0.000000,0.000000,0.000000,0.000000,0.000000,0.000000,0.000000,0.000000,0.000000,0.000000,0.000000,6.661866,-3.264494,-6.036979,0.001531,-0.000533,-0.024435,bmi088,0.009575269999913871,"[[0.0010652644360316954,0.0007989483270237715,-0.026098978682776535],[0.0023968449810713144,0.0005326322180158477,-0.026631610900792385],[0.001597896654047543,-0.0005326322180158477,-0.024501082028728992],[0.0010652644360316954,-0.0029294771990871623,-0.020506340393610135]]",1064.8663642165,1064.867746163,21.75,16812,"[1818, 3710, -3362]","[[-3, 4, -98], [-2, 9, -100], [2, 6, -92], [11, 4, -77]]"
0.358524,0.667422,body,0.000000,0.000000,0.000000,0.000000,0.000000,0.000000,0.000000,0.000000,0.000000,0.000000,0.000000,0.000000,6.688801,-3.260903,-6.062119,0.001465,-0.008855,-0.010586,bmi088,0.011155768499975238,"[[0.001331580545039619,-0.006125270507182248,-0.01651159875849128],[0.0021305288720633907,-0.009054747706269411,-0.013049489341388268],[0.001331580545039619,-0.010120012142301106,-0.008788431597261486],[0.0010652644360316954,-0.010120012142301106,-0.003994741635118857]]",1064.877519985,1064.8785060270002,21.75,17086,"[1816, 3725, -3376]","[[23, 5, -62], [34, 8, -49], [38, 5, -33], [38, 4, -15]]"
0.368753,0.678281,body,0.000000,0.000000,0.000000,0.000000,0.000000,0.000000,0.000000,0.000000,0.000000,0.000000,0.000000,0.000000,6.710349,-3.268085,-6.078279,0.001065,-0.010719,0.004727,bmi088,0.01008529149999049,"[[0.001331580545039619,-0.010918960469324878,0.0010652644360316954],[0.001864212763055467,-0.010652644360316953,0.003994741635118857],[0.001331580545039619,-0.010918960469324878,0.005858954398174325],[-0.00026631610900792384,-0.01038632825130903,0.007989483270237714]]",1064.8876052765,1064.8891255165,21.75,17364,"[1820, 3737, -3385]","[[41, 5, 4], [40, 7, 15], [41, 5, 22], [39, -1, 30]]"
0.379811,0.690039,body,0.000000,0.000000,0.000000,0.000000,0.000000,0.000000,0.000000,0.000000,0.000000,0.000000,0.000000,0.000000,6.735488,-3.282450,-6.074688,-0.005912,-0.008895,0.015500,bmi088,0.01127345350005271,"[[-0.0021305288720633907,-0.011185276578332801,0.011984224905356573],[-0.0055926382891664005,-0.010652644360316953,0.015180018213451659],[-0.007723167161229791,-0.009587379924285258,0.01651159875849128],[-0.007989483270237714,-0.007456851052221868,0.017044230976507126],[-0.006125270507182248,-0.0055926382891664005,0.016777914867499202]]",1064.89887873,1064.9006048355,21.75,17665,"[1828, 3751, -3383]","[[42, -8, 45], [40, -21, 57], [36, -29, 62], [28, -30, 64], [21, -23, 63]]"
0.390811,0.700937,body,0.000000,0.000000,0.000000,0.000000,0.000000,0.000000,0.000000,0.000000,0.000000,0.000000,0.000000,0.000000,6.724714,-3.280655,-6.081871,-0.008123,-0.001731,0.019241,bmi088,0.011046260500052085,"[[-0.006391586616190172,-0.004527373853134706,0.017576863194522972],[-0.00825579937924564,-0.00346210941710301,0.01944107595757844],[-0.009587379924285258,-0.001331580545039619,0.020240024284602212],[-0.00825579937924564,0.0023968449810713144,0.019707392066586366]]",1064.9099249905,1064.911379532,21.75,17944,"[1827, 3745, -3387]","[[17, -24, 66], [13, -31, 73], [5, -36, 76], [-9, -31, 74]]"
0.401938,0.711953,body,0.000000,0.000000,0.000000,0.000000,0.000000,0.000000,0.000000,0.000000,0.000000,0.000000,0.000000,0.000000,6.733692,-3.286042,-6.072893,-0.005433,0.007191,0.010599,bmi088,0.010793144999979631,"[[-0.006657902725198096,0.004527373853134706,0.016245282649483356],[-0.006391586616190172,0.0055926382891664005,0.013049489341388268],[-0.006657902725198096,0.006391586616190172,0.009853696033293183],[-0.005326322180158476,0.008522115488253563,0.007989483270237714],[-0.0021305288720633907,0.010918960469324878,0.005858954398174325]]",1064.9207181355,1064.9222703775,21.75,18226,"[1830, 3750, -3382]","[[-17, -25, 61], [-21, -24, 49], [-24, -25, 37], [-32, -20, 30], [-41, -8, 22]]"
0.413351,0.723203,body,0.000000,0.000000,0.000000,0.000000,0.000000,0.000000,0.000000,0.000000,0.000000,0.000000,0.000000,0.000000,6.697779,-3.289633,-6.031593,0.004594,0.013848,-0.001931,bmi088,0.011210347000087495,"[[0.001864212763055467,0.01171790879634865,0.0023968449810713144],[0.0055926382891664005,0.013049489341388268,-0.0005326322180158477],[0.006125270507182248,0.014381069886427887,-0.00346210941710301],[0.004793689962142629,0.016245282649483356,-0.006125270507182248]]",1064.9319284825,1064.933567688,21.75,18514,"[1832, 3730, -3359]","[[-44, 7, 9], [-49, 21, -2], [-54, 23, -13], [-61, 18, -23]]"
0.423842,0.734570,body,0.000000,0.000000,0.000000,0.000000,0.000000,0.000000,0.000000,0.000000,0.000000,0.000000,0.000000,0.000000,6.688801,-3.264494,-6.011840,0.009800,0.017417,-0.018482,bmi088,0.011212923499897443,"[[0.002663161090079238,0.017843179303530896,-0.010918960469324878],[0.004261057744126781,0.017576863194522972,-0.016245282649483356],[0.008522115488253563,0.017576863194522972,-0.019174759848570515],[0.014381069886427887,0.016777914867499202,-0.02210423704765768],[0.019174759848570515,0.01731054708551505,-0.023968449810713145]]",1064.943141406,1064.9448964560002,21.75,18805,"[1818, 3725, -3348]","[[-67, 10, -41], [-66, 16, -61], [-66, 32, -72], [-63, 54, -83], [-65, 72, -90]]"
0.435085,0.745156,body,0.000000,0.000000,0.000000,0.000000,0.000000,0.000000,0.000000,0.000000,0.000000,0.000000,0.000000,0.000000,6.692392,-3.269881,-6.028001,0.017910,0.012517,-0.030227,bmi088,0.010457226999960767,"[[0.021038972611625982,0.01651159875849128,-0.02822950755483993],[0.019707392066586366,0.01464738599543581,-0.030892668644919165],[0.017044230976507126,0.011185276578332801,-0.03195793308095086],[0.01384843766841204,0.007723167161229791,-0.02982740420888747]]",1064.953598633,1064.9553550915,21.75,19076,"[1821, 3727, -3357]","[[-62, 79, -106], [-55, 74, -116], [-42, 64, -120], [-29, 52, -112]]"
0.445821,0.756484,body,0.000000,0.000000,0.000000,0.000000,0.000000,0.000000,0.000000,0.000000,0.000000,0.000000,0.000000,0.000000,6.695983,-3.246537,-6.047753,0.011784,0.002330,-0.016445,bmi088,0.011249916499991741,"[[0.013582121559404116,0.004527373853134706,-0.02556634646476069],[0.012516857123372421,0.002663161090079238,-0.01997370817559429],[0.012250541014364496,0.001864212763055467,-0.013049489341388268],[0.008788431597261486,0.00026631610900792384,-0.007190534943213944]]",1064.9648485495,1064.9663293805,21.75,19366,"[1808, 3729, -3368]","[[-17, 51, -96], [-10, 47, -75], [-7, 46, -49], [-1, 33, -27]]"
0.456401,0.766523,body,0.000000,0.000000,0.000000,0.000000,0.000000,0.000000,0.000000,0.000000,0.000000,0.000000,0.000000,0.000000,6.701370,-3.255516,-6.069301,-0.000107,-0.005859,0.010493,bmi088,0.01029741250022198,"[[0.004261057744126781,-0.002663161090079238,-0.001331580545039619],[0.0,-0.006125270507182248,0.003994741635118857],[-0.0023968449810713144,-0.007456851052221868,0.011185276578332801],[-0.001864212763055467,-0.007456851052221868,0.017044230976507126],[-0.0005326322180158477,-0.0055926382891664005,0.021571604829641832]]",1064.9751459620002,1064.976496147,21.75,19623,"[1813, 3732, -3380]","[[10, 16, -5], [23, 0, 15], [28, -9, 42], [28, -7, 64], [21, -2, 81]]"
0.468019,0.780195,body,0.000000,0.000000,0.000000,0.000000,0.000000,0.000000,0.000000,0.000000,0.000000,0.000000,0.000000,0.000000,6.692392,-3.244742,-6.085462,-0.005007,-0.002716,0.015393,bmi088,0.013000358999761374,"[[-0.0007989483270237715,-0.0029294771990871623,0.02077265650261806],[-0.00346210941710301,-0.0010652644360316954,0.016777914867499202],[-0.006391586616190172,-0.001331580545039619,0.013315805450396193],[-0.007456851052221868,-0.0029294771990871623,0.012516857123372421],[-0.00692421883420602,-0.005326322180158476,0.013582121559404116]]",1064.988146321,1064.9901213325,21.75,19973,"[1807, 3727, -3389]","[[11, -3, 78], [4, -13, 63], [5, -24, 50], [11, -28, 47], [20, -26, 51]]"
0.480924,0.792031,body,0.000000,0.000000,0.000000,0.000000,0.000000,0.000000,0.000000,0.000000,0.000000,0.000000,0.000000,0.000000,6.717531,-3.253720,-6.080075,-0.008456,-0.004261,0.014914,bmi088,0.011817237000059322,"[[-0.005326322180158476,-0.005326322180158476,0.01384843766841204],[-0.006657902725198096,-0.005060006071150553,0.014114753777419964],[-0.009321063815277334,-0.003195793308095086,0.015180018213451659],[-0.012516857123372421,-0.00346210941710301,0.01651159875849128]]",1064.999963558,1065.0014660695,21.75,20276,"[1812, 3741, -3386]","[[20, -20, 52], [19, -25, 53], [12, -35, 57], [13, -47, 62]]"
0.491756,0.802891,body,0.000000,0.000000,0.000000,0.000000,0.000000,0.000000,0.000000,0.000000,0.000000,0.000000,0.000000,0.000000,6.701370,-3.280655,-6.083666,-0.007563,-0.000692,0.015287,bmi088,0.010804409499996837,"[[-0.012250541014364496,-0.003195793308095086,0.018109495412538822],[-0.010120012142301106,-0.003195793308095086,0.018109495412538822],[-0.00692421883420602,-0.0007989483270237715,0.016777914867499202],[-0.004527373853134706,0.0005326322180158477,0.013582121559404116],[-0.003994741635118857,0.003195793308095086,0.009853696033293183]]",1065.0107679675,1065.01215193,21.75,20554,"[1827, 3732, -3388]","[[12, -46, 68], [12, -38, 68], [3, -26, 63], [-2, -17, 51], [-12, -15, 37]]"
0.503296,0.814453,body,0.000000,0.000000,0.000000,0.000000,0.000000,0.000000,0.000000,0.000000,0.000000,0.000000,0.000000,0.000000,6.690597,-3.278859,-6.047753,-0.002463,0.009321,0.002863,bmi088,0.011457845500217445,"[[-0.003994741635118857,0.0055926382891664005,0.00692421883420602],[-0.003728425526110934,0.009054747706269411,0.004793689962142629],[-0.0023968449810713144,0.010918960469324878,0.0023968449810713144],[0.00026631610900792384,0.01171790879634865,-0.002663161090079238]]",1065.0222258130002,1065.0237074279999,21.75,20850,"[1826, 3726, -3368]","[[-21, -15, 26], [-34, -14, 18], [-41, -9, 9], [-44, 1, -10]]"
0.514204,0.825586,body,0.000000,0.000000,0.000000,0.000000,0.000000,0.000000,0.000000,0.000000,0.000000,0.000000,0.000000,0.000000,6.661866,-3.264494,-6.010045,0.009641,0.012304,-0.020826,bmi088,0.010991009499775828,"[[0.003728425526110934,0.011984224905356573,-0.00825579937924564],[0.008788431597261486,0.012516857123372421,-0.014381069886427887],[0.011451592687340724,0.013049489341388268,-0.020240024284602212],[0.012516857123372421,0.012783173232380344,-0.02716424311880823],[0.01171790879634865,0.011185276578332801,-0.03408846195301425]]",1065.0332168225,1065.0346896209999,21.75,21135,"[1818, 3710, -3347]","[[-45, 14, -31], [-47, 33, -54], [-49, 43, -76], [-48, 47, -102], [-42, 44, -128]]"
0.525795,0.837734,body,0.000000,0.000000,0.000000,0.000000,0.000000,0.000000,0.000000,0.000000,0.000000,0.000000,0.000000,0.000000,6.692392,-3.273472,-6.042366,0.008589,0.005659,-0.040413,bmi088,0.011861143000032826,"[[0.010652644360316953,0.008788431597261486,-0.03994741635118858],[0.009853696033293183,0.006391586616190172,-0.043143209659283664],[0.007989483270237714,0.004793689962142629,-0.04234426133225989],[0.005858954398174325,0.002663161090079238,-0.036218990825077645]]",1065.0450779655,1065.046894218,21.75,21446,"[1823, 3727, -3365]","[[-33, 40, -150], [-24, 37, -162], [-18, 30, -159], [-10, 22, -136]]"
0.535863,0.846953,body,0.000000,0.000000,0.000000,0.000000,0.000000,0.000000,0.000000,0.000000,0.000000,0.000000,0.000000,0.000000,6.679823,-3.287837,-6.076484,0.002330,0.003529,-0.006059,bmi088,0.00953918799996245,"[[0.003994741635118857,0.001864212763055467,-0.026098978682776535],[0.00346210941710301,0.002663161090079238,-0.012516857123372421],[0.001864212763055467,0.004261057744126781,0.001597896654047543],[0.0,0.005326322180158476,0.012783173232380344]]",1065.0546171535,1065.0560300615,21.75,21682,"[1831, 3720, -3384]","[[-7, 15, -98], [-10, 13, -47], [-16, 7, 6], [-20, 0, 48]]"
0.545869,0.856953,body,0.000000,0.000000,0.000000,0.000000,0.000000,0.000000,0.000000,0.000000,0.000000,0.000000,0.000000,0.000000,6.683414,-3.275268,-6.054936,-0.009121,-0.001598,0.020307,bmi088,0.010143709500198383,"[[-0.004527373853134706,0.003195793308095086,0.01997370817559429],[-0.007723167161229791,0.0007989483270237715,0.022370553156665602],[-0.010918960469324878,-0.003728425526110934,0.021305288720633905],[-0.013315805450396193,-0.006657902725198096,0.017576863194522972]]",1065.0647608630002,1065.0659249605,21.75,21938,"[1824, 3722, -3372]","[[-12, -17, 75], [-3, -29, 84], [14, -41, 80], [25, -50, 66]]"
0.556741,0.867734,body,0.000000,0.000000,0.000000,0.000000,0.000000,0.000000,0.000000,0.000000,0.000000,0.000000,0.000000,0.000000,6.704962,-3.275268,-6.074688,-0.013635,-0.011452,0.006977,bmi088,0.010418361999882109,"[[-0.014913702104443736,-0.009054747706269411,0.01171790879634865],[-0.01464738599543581,-0.009853696033293183,0.00692421883420602],[-0.012250541014364496,-0.011451592687340724,0.003994741635118857],[-0.011984224905356573,-0.012783173232380344,0.005060006071150553],[-0.014381069886427887,-0.014114753777419964,0.007190534943213944]]",1065.075179225,1065.0766368705,21.75,22214,"[1824, 3734, -3383]","[[34, -56, 44], [37, -55, 26], [43, -46, 15], [48, -45, 19], [53, -54, 27]]"
0.566820,0.878750,body,0.000000,0.000000,0.000000,0.000000,0.000000,0.000000,0.000000,0.000000,0.000000,0.000000,0.000000,0.000000,6.685210,-3.271677,-6.098032,-0.021838,-0.014181,0.013316,bmi088,0.01030610099974183,"[[-0.017843179303530896,-0.014381069886427887,0.008788431597261486],[-0.021837920938649755,-0.01464738599543581,0.01038632825130903],[-0.0234358175926973,-0.014381069886427887,0.014114753777419964],[-0.02423476591972107,-0.013315805450396193,0.01997370817559429]]",1065.0854853259998,1065.087455585,21.75,22496,"[1822, 3723, -3396]","[[54, -67, 33], [55, -82, 39], [54, -88, 53], [50, -91, 75]]"
0.577539,0.889687,body,0.000000,0.000000,0.000000,0.000000,0.000000,0.000000,0.000000,0.000000,0.000000,0.000000,0.000000,0.000000,6.712144,-3.289633,-6.087258,-0.020307,-0.011452,0.030893,bmi088,0.011230907500248577,"[[-0.021305288720633905,-0.012783173232380344,0.02636529479178446],[-0.020240024284602212,-0.01171790879634865,0.03062635253591124],[-0.01997370817559429,-0.011451592687340724,0.03302319751698256],[-0.019707392066586366,-0.009853696033293183,0.033555829734998405]]",1065.0967162335,1065.0980581305,21.75,22776,"[1832, 3738, -3390]","[[48, -80, 99], [44, -76, 115], [43, -75, 124], [37, -74, 126]]"
0.588649,0.900977,body,0.000000,0.000000,0.000000,0.000000,0.000000,0.000000,0.000000,0.000000,0.000000,0.000000,0.000000,0.000000,6.683414,-3.293224,-6.035184,-0.010586,-0.007723,0.021039,bmi088,0.010984257499785599,"[[-0.01651159875849128,-0.00825579937924564,0.03249056529896671],[-0.011451592687340724,-0.00692421883420602,0.02716424311880823],[-0.007989483270237714,-0.00692421883420602,0.018109495412538822],[-0.006391586616190172,-0.008788431597261486,0.006391586616190172]]",1065.1077004909998,1065.1092509565,21.75,23065,"[1834, 3722, -3361]","[[31, -62, 122], [26, -43, 102], [26, -30, 68], [33, -24, 24]]"
0.598716,0.910586,body,0.000000,0.000000,0.000000,0.000000,0.000000,0.000000,0.000000,0.000000,0.000000,0.000000,0.000000,0.000000,6.690597,-3.284246,-6.058527,-0.000599,-0.010786,-0.019907,bmi088,0.009671834000073432,"[[-0.0055926382891664005,-0.010120012142301106,-0.005060006071150553],[-0.003195793308095086,-0.01171790879634865,-0.01651159875849128],[0.0010652644360316954,-0.01038632825130903,-0.026631610900792385],[0.005326322180158476,-0.010918960469324878,-0.03142530086293501]]",1065.117372325,1065.118985513,21.75,23311,"[1829, 3726, -3374]","[[38, -21, -19], [44, -12, -62], [39, 4, -100], [41, 20, -118]]"
0.609429,0.921367,body,0.000000,0.000000,0.000000,0.000000,0.000000,0.000000,0.000000,0.000000,0.000000,0.000000,0.000000,0.000000,6.708553,-3.300407,-6.045958,0.011185,-0.008735,-0.011931,bmi088,0.010943007499918167,"[[0.007989483270237714,-0.010652644360316953,-0.028762139772855775],[0.009853696033293183,-0.01038632825130903,-0.021305288720633905],[0.011451592687340724,-0.009054747706269411,-0.01171790879634865],[0.013049489341388268,-0.007456851052221868,-0.003195793308095086],[0.013582121559404116,-0.006125270507182248,0.005326322180158476]]",1065.1283153324998,1065.1296531009998,21.75,23587,"[1838, 3736, -3367]","[[40, 30, -108], [39, 37, -80], [34, 43, -44], [28, 49, -12], [23, 51, 20]]"
0.620734,0.933359,body,0.000000,0.000000,0.000000,0.000000,0.000000,0.000000,0.000000,0.000000,0.000000,0.000000,0.000000,0.000000,6.708553,-3.268085,-6.051345,0.012850,-0.002863,0.005459,bmi088,0.01141158750010618,"[[0.014381069886427887,-0.005326322180158476,0.010120012142301106],[0.014114753777419964,-0.003728425526110934,0.011185276578332801],[0.012516857123372421,-0.001864212763055467,0.004527373853134706],[0.01038632825130903,-0.0005326322180158477,-0.003994741635118857]]",1065.13972692,1065.1412709535,21.75,23894,"[1820, 3736, -3370]","[[20, 54, 38], [14, 53, 42], [7, 47, 17], [2, 39, -15]]"
0.631316,0.944063,body,0.000000,0.000000,0.000000,0.000000,0.000000,0.000000,0.000000,0.000000,0.000000,0.000000,0.000000,0.000000,6.699575,-3.303998,-6.080075,0.008948,-0.002557,-0.015180,bmi088,0.01092783900003269,"[[0.008522115488253563,0.00026631610900792384,-0.013582121559404116],[0.00825579937924564,-0.0010652644360316954,-0.01864212763055467],[0.008788431597261486,-0.0023968449810713144,-0.019174759848570515],[0.009321063815277334,-0.004261057744126781,-0.015180018213451659],[0.009853696033293183,-0.005326322180158476,-0.009321063815277334]]",1065.150654759,1065.152096292,21.75,24168,"[1840, 3731, -3386]","[[-1, 32, -51], [4, 31, -70], [9, 33, -72], [16, 35, -57], [20, 37, -35]]"
0.642662,0.956055,body,0.000000,0.000000,0.000000,0.000000,0.000000,0.000000,0.000000,0.000000,0.000000,0.000000,0.000000,0.000000,6.721123,-3.275268,-6.096236,0.012184,-0.004261,0.006392,bmi088,0.011003794499856667,"[[0.01038632825130903,-0.0055926382891664005,-0.002663161090079238],[0.011451592687340724,-0.004261057744126781,0.003994741635118857],[0.013315805450396193,-0.00346210941710301,0.010120012142301106],[0.013582121559404116,-0.003728425526110934,0.014114753777419964]]",1065.1616585534998,1065.1634548855,21.75,24475,"[1824, 3743, -3395]","[[21, 39, -10], [16, 43, 15], [13, 50, 38], [14, 51, 53]]"
0.653983,0.966367,body,0.000000,0.000000,0.000000,0.000000,0.000000,0.000000,0.000000,0.000000,0.000000,0.000000,0.000000,0.000000,6.742670,-3.302203,-6.108806,0.007457,-0.002770,0.006232,bmi088,0.011317503500094972,"[[0.013315805450396193,-0.003994741635118857,0.01464738599543581],[0.010120012142301106,-0.00346210941710301,0.011451592687340724],[0.007190534943213944,-0.0029294771990871623,0.005858954398174325],[0.004527373853134706,-0.0021305288720633907,0.0007989483270237715],[0.0021305288720633907,-0.001331580545039619,-0.001597896654047543]]",1065.172976057,1065.1741093695,21.75,24739,"[1839, 3755, -3402]","[[15, 50, 55], [13, 38, 43], [11, 27, 22], [8, 17, 3], [5, 8, -6]]"
0.665254,0.976016,body,0.000000,0.000000,0.000000,0.000000,0.000000,0.000000,0.000000,0.000000,0.000000,0.000000,0.000000,0.000000,6.703166,-3.302203,-6.067506,-0.000178,0.002219,0.001332,bmi088,0.009568693500114023,"[[-0.00026631610900792384,0.00026631610900792384,-0.001331580545039619],[-0.0010652644360316954,0.001864212763055467,0.0010652644360316954],[0.0007989483270237715,0.004527373853134706,0.004261057744126781]]",1065.1825447505,1065.1837038075,21.75,24986,"[1839, 3733, -3379]","[[-1, -1, -5], [-7, -4, 4], [-17, 3, 16]]"
0.675341,0.988711,body,0.000000,0.000000,0.000000,0.000000,0.000000,0.000000,0.000000,0.000000,0.000000,0.000000,0.000000,0.000000,6.652888,-3.237559,-6.015432,0.011824,0.004740,0.002610,bmi088,0.011972922999802904,"[[0.0055926382891664005,0.006657902725198096,0.00692421883420602],[0.01038632825130903,0.007989483270237714,0.008788431597261486],[0.013582121559404116,0.006657902725198096,0.00692421883420602],[0.01464738599543581,0.00346210941710301,0.0005326322180158477],[0.014913702104443736,-0.0010652644360316954,-0.010120012142301106]]",1065.1945176734998,1065.196250963,21.75,25311,"[1803, 3705, -3350]","[[-25, 21, 26], [-30, 39, 33], [-25, 51, 26], [-13, 55, 2], [4, 56, -38]]"
0.686121,0.999180,body,0.000000,0.000000,0.000000,0.000000,0.000000,0.000000,0.000000,0.000000,0.000000,0.000000,0.000000,0.000000,6.681618,-3.280655,-6.054936,0.007124,-0.014781,-0.032757,bmi088,0.010442699000122957,"[[0.01384843766841204,-0.006657902725198096,-0.02290318537468145],[0.01038632825130903,-0.011185276578332801,-0.033555829734998405],[0.004527373853134706,-0.017843179303530896,-0.03941478413317273],[-0.00026631610900792384,-0.0234358175926973,-0.035153726389045944]]",1065.2049603725,1065.2063310704998,21.75,25579,"[1827, 3721, -3372]","[[25, 52, -86], [42, 39, -126], [67, 17, -148], [88, -1, -132]]"
0.696208,1.010039,body,0.000000,0.000000,0.000000,0.000000,0.000000,0.000000,0.000000,0.000000,0.000000,0.000000,0.000000,0.000000,6.704962,-3.275268,-6.094440,0.005167,-0.007563,0.037391,bmi088,0.010800281499996345,"[[-0.0023968449810713144,-0.025033714246744842,-0.018375811521546746],[-0.001331580545039619,-0.01944107595757844,0.008788431597261486],[0.00346210941710301,-0.007723167161229791,0.04181162911424404],[0.009587379924285258,0.003728425526110934,0.06950850445106813],[0.01651159875849128,0.010652644360316953,0.08522115488253562]]",1065.215760654,1065.2174101159999,21.75,25857,"[1824, 3734, -3394]","[[94, -9, -69], [73, -5, 33], [29, 13, 157], [-14, 36, 261], [-40, 62, 320]]"
0.707349,1.020391,body,0.000000,0.000000,0.000000,0.000000,0.000000,0.000000,0.000000,0.000000,0.000000,0.000000,0.000000,0.000000,6.649297,-3.239355,-5.995680,0.018376,0.007657,0.032025,bmi088,0.010208560499904706,"[[0.020506340393610135,0.012516857123372421,0.08202536157444054],[0.02210423704765768,0.010918960469324878,0.05858954398174324],[0.018375811521546746,0.007190534943213944,0.018109495412538822],[0.012516857123372421,0.0,-0.03062635253591124]]",1065.2259692144999,1065.2276023079999,21.75,26122,"[1804, 3703, -3339]","[[-47, 77, 308], [-41, 83, 220], [-27, 69, 68], [0, 47, -115]]"
0.717683,1.031172,body,0.000000,0.000000,0.000000,0.000000,0.000000,0.000000,0.000000,0.000000,0.000000,0.000000,0.000000,0.000000,6.643910,-3.280655,-6.004658,0.008389,-0.017777,-0.088284,bmi088,0.010538974500150289,"[[0.007723167161229791,-0.009587379924285258,-0.07217166554114736],[0.00692421883420602,-0.018109495412538822,-0.09800432811491597],[0.008522115488253563,-0.02210423704765768,-0.10093380531400313],[0.01038632825130903,-0.021305288720633905,-0.08202536157444054]]",1065.236508189,1065.2379953085,21.75,26398,"[1827, 3700, -3344]","[[36, 29, -271], [68, 26, -368], [83, 32, -379], [80, 39, -308]]"
0.727711,1.041055,body,0.000000,0.000000,0.000000,0.000000,0.000000,0.000000,0.000000,0.000000,0.000000,0.000000,0.000000,0.000000,6.719327,-3.250129,-6.115988,0.021106,-0.017710,0.023103,bmi088,0.010039001999984976,"[[0.013315805450396193,-0.018375811521546746,-0.044741106313331204],[0.017576863194522972,-0.01731054708551505,0.0021305288720633907],[0.023968449810713145,-0.01731054708551505,0.049002164057457984],[0.029561088099879545,-0.017843179303530896,0.0860201032095594]]",1065.246547191,1065.2479855875,21.75,26651,"[1810, 3742, -3406]","[[69, 50, -168], [65, 66, 8], [65, 90, 184], [67, 111, 323]]"
0.737790,1.051367,body,0.000000,0.000000,0.000000,0.000000,0.000000,0.000000,0.000000,0.000000,0.000000,0.000000,0.000000,0.000000,6.766014,-3.271677,-6.126762,0.020773,-0.010053,0.089749,bmi088,0.009954453500085947,"[[0.030892668644919165,-0.01597896654047543,0.1059938113851537],[0.02716424311880823,-0.012783173232380344,0.10652644360316954],[0.017576863194522972,-0.007723167161229791,0.08894958040864656],[0.007456851052221868,-0.003728425526110934,0.05752427954571155]]",1065.2565016445,1065.257978539,21.75,26915,"[1822, 3768, -3412]","[[60, 116, 398], [48, 102, 400], [29, 66, 334], [14, 28, 216]]"
0.748710,1.062773,body,0.000000,0.000000,0.000000,0.000000,0.000000,0.000000,0.000000,0.000000,0.000000,0.000000,0.000000,0.000000,6.690597,-3.296816,-6.035184,0.002663,0.002996,-0.020107,bmi088,0.011273597499894095,"[[0.00026631610900792384,-0.0005326322180158477,0.021305288720633905],[-0.00026631610900792384,0.001864212763055467,-0.012250541014364496],[0.0029294771990871623,0.004261057744126781,-0.03728425526110934],[0.007723167161229791,0.006391586616190172,-0.05219795736555307]]",1065.267775242,1065.2692978025,21.75,27207,"[1836, 3726, -3361]","[[2, 1, 80], [-7, -1, -46], [-16, 11, -140], [-24, 29, -196]]"
0.759727,1.074453,body,0.000000,0.000000,0.000000,0.000000,0.000000,0.000000,0.000000,0.000000,0.000000,0.000000,0.000000,0.000000,6.651092,-3.250129,-6.015432,0.025992,0.006445,-0.044102,bmi088,0.011773091000122804,"[[0.014114753777419964,0.007190534943213944,-0.055926382891664],[0.022370553156665602,0.005858954398174325,-0.051665325147537224],[0.029561088099879545,0.005326322180158476,-0.043942157986307434],[0.032756881407974635,0.006391586616190172,-0.037017939152101415],[0.031158984753927088,0.007456851052221868,-0.03195793308095086]]",1065.279548333,1065.2811233595,21.75,27506,"[1810, 3704, -3350]","[[-27, 53, -210], [-22, 84, -194], [-20, 111, -165], [-24, 123, -139], [-28, 117, -120]]"
0.771435,1.085234,body,0.000000,0.000000,0.000000,0.000000,0.000000,0.000000,0.000000,0.000000,0.000000,0.000000,0.000000,0.000000,6.683414,-3.228581,-6.085462,0.021678,0.002983,-0.020240,bmi088,0.010832089499899666,"[[0.02822950755483993,0.00692421883420602,-0.02689792700980031],[0.02423476591972107,0.004261057744126781,-0.022636869265673525],[0.021038972611625982,0.0023968449810713144,-0.019707392066586366],[0.018375811521546746,0.0007989483270237715,-0.018109495412538822],[0.01651159875849128,0.0005326322180158477,-0.01384843766841204]]",1065.2903804225,1065.2917421765,21.75,27782,"[1798, 3722, -3389]","[[-26, 106, -101], [-16, 91, -85], [-9, 79, -74], [-3, 69, -68], [-2, 62, -52]]"
0.781525,1.095938,body,0.000000,0.000000,0.000000,0.000000,0.000000,0.000000,0.000000,0.000000,0.000000,0.000000,0.000000,0.000000,6.681618,-3.244742,-6.044162,0.012783,0.002264,0.004194,bmi088,0.010353557999906116,"[[0.015712650431467506,0.0,-0.006657902725198096],[0.014114753777419964,0.001331580545039619,0.001331580545039619],[0.012250541014364496,0.0029294771990871623,0.00825579937924564],[0.009054747706269411,0.004793689962142629,0.01384843766841204]]",1065.3007339805,1065.3023471205001,21.75,28056,"[1807, 3721, -3366]","[[0, 59, -25], [-5, 53, 5], [-11, 46, 31], [-18, 34, 52]]"
0.792667,1.106133,body,0.000000,0.000000,0.000000,0.000000,0.000000,0.000000,0.000000,0.000000,0.000000,0.000000,0.000000,0.000000,6.638523,-3.239355,-5.983110,0.003063,0.004594,0.011452,bmi088,0.010225200000149925,"[[0.005858954398174325,0.005858954398174325,0.01731054708551505],[0.003195793308095086,0.005858954398174325,0.016777914867499202],[0.001864212763055467,0.004527373853134706,0.010918960469324878],[0.001331580545039619,0.0021305288720633907,0.0007989483270237715]]",1065.3109591805,1065.3124751804999,21.75,28317,"[1804, 3697, -3332]","[[-22, 22, 65], [-22, 12, 63], [-17, 7, 41], [-8, 5, 3]]"
0.802736,1.116602,body,0.000000,0.000000,0.000000,0.000000,0.000000,0.000000,0.000000,0.000000,0.000000,0.000000,0.000000,0.000000,6.649297,-3.235764,-6.004658,0.003862,-0.013382,-0.031359,bmi088,0.0101257234998684,"[[0.001597896654047543,-0.002663161090079238,-0.013315805450396193],[0.003195793308095086,-0.009587379924285258,-0.02716424311880823],[0.004793689962142629,-0.018109495412538822,-0.039681100242180654],[0.005858954398174325,-0.023169501483689375,-0.04527373853134705]]",1065.321084904,1065.322722701,21.75,28585,"[1802, 3703, -3344]","[[10, 6, -50], [36, 12, -102], [68, 18, -149], [87, 22, -170]]"
0.813060,1.127148,body,0.000000,0.000000,0.000000,0.000000,0.000000,0.000000,0.000000,0.000000,0.000000,0.000000,0.000000,0.000000,6.733692,-3.237559,-6.105214,-0.001531,-0.025633,-0.018775,bmi088,0.010592671500035067,"[[0.004261057744126781,-0.025300030355752765,-0.04367584187729951],[0.0010652644360316954,-0.02556634646476069,-0.03249056529896671],[-0.003195793308095086,-0.02636529479178446,-0.013049489341388268],[-0.00825579937924564,-0.025300030355752765,0.014114753777419964]]",1065.3316775755,1065.3331938795,21.75,28855,"[1803, 3750, -3400]","[[95, 16, -164], [96, 4, -122], [99, -12, -49], [95, -31, 53]]"
0.823883,1.138984,body,0.000000,0.000000,0.000000,0.000000,0.000000,0.000000,0.000000,0.000000,0.000000,0.000000,0.000000,0.000000,6.758831,-3.244742,-6.142923,-0.021838,-0.013476,0.080907,bmi088,0.011506390500017005,"[[-0.013315805450396193,-0.023169501483689375,0.044741106313331204],[-0.019174759848570515,-0.019174759848570515,0.07217166554114736],[-0.023169501483689375,-0.01464738599543581,0.0916127414987258],[-0.026098978682776535,-0.008522115488253563,0.09986854087797144],[-0.027430559227816155,-0.001864212763055467,0.09614011535186051]]",1065.343183966,1065.344728543,21.75,29158,"[1807, 3764, -3421]","[[87, -50, 168], [72, -72, 271], [55, -87, 344], [32, -98, 375], [7, -103, 361]]"
0.835104,1.150117,body,0.000000,0.000000,0.000000,0.000000,0.000000,0.000000,0.000000,0.000000,0.000000,0.000000,0.000000,0.000000,6.704962,-3.271677,-6.042366,-0.025633,0.005726,0.035553,bmi088,0.01091212500000438,"[[-0.027430559227816155,0.003994741635118857,0.07936220048436131],[-0.026631610900792385,0.00692421883420602,0.05299690569257685],[-0.02476739813773692,0.00692421883420602,0.020506340393610135],[-0.023702133701705222,0.005060006071150553,-0.010652644360316953]]",1065.354096091,1065.3556842540002,21.75,29443,"[1822, 3734, -3365]","[[-15, -103, 298], [-26, -100, 199], [-26, -93, 77], [-19, -89, -40]]"
0.845756,1.161016,body,0.000000,0.000000,0.000000,0.000000,0.000000,0.000000,0.000000,0.000000,0.000000,0.000000,0.000000,0.000000,6.688801,-3.269881,-6.054936,-0.014980,0.005726,-0.053330,bmi088,0.010684435500024847,"[[-0.021038972611625982,0.003728425526110934,-0.03728425526110934],[-0.017576863194522972,0.004527373853134706,-0.05539375067364816],[-0.012516857123372421,0.006125270507182248,-0.062317969507854176],[-0.008788431597261486,0.008522115488253563,-0.05832322787273532]]",1065.3647805265,1065.366303567,21.75,29722,"[1821, 3725, -3372]","[[-14, -79, -140], [-17, -66, -208], [-23, -47, -234], [-32, -33, -219]]"
0.857013,1.172617,body,0.000000,0.000000,0.000000,0.000000,0.000000,0.000000,0.000000,0.000000,0.000000,0.000000,0.000000,0.000000,6.695983,-3.260903,-6.081871,-0.007883,0.009641,-0.011824,bmi088,0.011446771500004616,"[[-0.006657902725198096,0.009587379924285258,-0.04633900296737875],[-0.0055926382891664005,0.010120012142301106,-0.02982740420888747],[-0.006391586616190172,0.010120012142301106,-0.010652644360316953],[-0.008788431597261486,0.009587379924285258,0.00692421883420602],[-0.011984224905356573,0.008788431597261486,0.02077265650261806]]",1065.376227298,1065.3781400510002,21.75,30019,"[1816, 3729, -3387]","[[-36, -25, -174], [-38, -21, -112], [-38, -24, -40], [-36, -33, 26], [-33, -45, 78]]"
0.867473,1.181641,body,0.000000,0.000000,0.000000,0.000000,0.000000,0.000000,0.000000,0.000000,0.000000,0.000000,0.000000,0.000000,6.685210,-3.280655,-6.042366,-0.019374,0.006192,0.025367,bmi088,0.009409805499899448,"[[-0.015712650431467506,0.00825579937924564,0.027430559227816155],[-0.018908443739562592,0.007190534943213944,0.02849582366384785],[-0.021571604829641832,0.006125270507182248,0.025832662573768612],[-0.021305288720633905,0.003195793308095086,0.019707392066586366]]",1065.3856371035,1065.3868240974998,21.75,30250,"[1827, 3723, -3365]","[[-31, -59, 103], [-27, -71, 107], [-23, -81, 97], [-12, -80, 74]]"
0.877548,1.192891,body,0.000000,0.000000,0.000000,0.000000,0.000000,0.000000,0.000000,0.000000,0.000000,0.000000,0.000000,0.000000,6.643910,-3.271677,-5.979519,-0.017710,0.000000,-0.004794,bmi088,0.010872699500168892,"[[-0.019707392066586366,0.001597896654047543,0.011185276578332801],[-0.018908443739562592,0.0005326322180158477,-0.00026631610900792384],[-0.017576863194522972,-0.0005326322180158477,-0.01038632825130903],[-0.01464738599543581,-0.001597896654047543,-0.019707392066586366]]",1065.396509803,1065.398217731,21.75,30538,"[1822, 3700, -3330]","[[-6, -74, 42], [-2, -71, -1], [2, -66, -39], [6, -55, -74]]"
0.888565,1.204492,body,0.000000,0.000000,0.000000,0.000000,0.000000,0.000000,0.000000,0.000000,0.000000,0.000000,0.000000,0.000000,6.694188,-3.248333,-6.062119,-0.008256,-0.011505,-0.028762,bmi088,0.01142465899988565,"[[-0.010120012142301106,-0.004793689962142629,-0.02689792700980031],[-0.007989483270237714,-0.00825579937924564,-0.03062635253591124],[-0.006657902725198096,-0.012783173232380344,-0.030892668644919165],[-0.007723167161229791,-0.015180018213451659,-0.0290284558818637],[-0.008788431597261486,-0.01651159875849128,-0.02636529479178446]]",1065.407934462,1065.409713785,21.75,30835,"[1809, 3728, -3376]","[[18, -38, -101], [31, -30, -115], [48, -25, -116], [57, -29, -109], [62, -33, -99]]"
0.899480,1.215195,body,0.000000,0.000000,0.000000,0.000000,0.000000,0.000000,0.000000,0.000000,0.000000,0.000000,0.000000,0.000000,6.753444,-3.269881,-6.142923,-0.017910,-0.014647,0.002330,bmi088,0.010608448000084536,"[[-0.012250541014364496,-0.015712650431467506,-0.019174759848570515],[-0.015180018213451659,-0.015712650431467506,-0.006657902725198096],[-0.019707392066586366,-0.014913702104443736,0.009321063815277334],[-0.024501082028728992,-0.012250541014364496,0.025832662573768612]]",1065.41854291,1065.4202656070001,21.75,31109,"[1821, 3761, -3421]","[[59, -46, -72], [59, -57, -25], [56, -74, 35], [46, -92, 97]]"
0.910495,1.225391,body,0.000000,0.000000,0.000000,0.000000,0.000000,0.000000,0.000000,0.000000,0.000000,0.000000,0.000000,0.000000,6.722918,-3.305794,-6.098032,-0.036352,-0.003196,0.060520,bmi088,0.010320564000039667,"[[-0.030093720317895395,-0.008522115488253563,0.04340952576829159],[-0.035153726389045944,-0.004261057744126781,0.05938849230876701],[-0.03941478413317273,-0.0010652644360316954,0.06897587223305228],[-0.04074636467821235,0.0010652644360316954,0.07030745277809189]]",1065.428863474,1065.430424148,21.75,31370,"[1841, 3744, -3396]","[[32, -113, 163], [16, -132, 223], [4, -148, 259], [-4, -153, 264]]"
0.920865,1.236563,body,0.000000,0.000000,0.000000,0.000000,0.000000,0.000000,0.000000,0.000000,0.000000,0.000000,0.000000,0.000000,6.704962,-3.298611,-6.047753,-0.029028,0.005726,0.040214,bmi088,0.011042546499993477,"[[-0.03728425526110934,0.003195793308095086,0.06285060172587002],[-0.03249056529896671,0.004793689962142629,0.0513990090385293],[-0.02636529479178446,0.00692421883420602,0.033555829734998405],[-0.01997370817559429,0.007989483270237714,0.013049489341388268]]",1065.4399060205,1065.441460422,21.75,31656,"[1837, 3734, -3368]","[[-12, -140, 236], [-18, -122, 193], [-26, -99, 126], [-30, -75, 49]]"
0.932280,1.248438,body,0.000000,0.000000,0.000000,0.000000,0.000000,0.000000,0.000000,0.000000,0.000000,0.000000,0.000000,0.000000,6.692392,-3.264494,-6.056732,-0.003409,0.008043,-0.032970,bmi088,0.011516358500102797,"[[-0.011984224905356573,0.009054747706269411,-0.009321063815277334],[-0.006391586616190172,0.009321063815277334,-0.02769687533682408],[-0.0021305288720633907,0.008788431597261486,-0.0402137324601965],[0.0005326322180158477,0.00692421883420602,-0.04500742242233913],[0.0029294771990871623,0.006125270507182248,-0.04261057744126781]]",1065.4514223790002,1065.4531569165001,21.75,31960,"[1818, 3727, -3373]","[[-34, -45, -35], [-35, -24, -104], [-33, -8, -151], [-26, 2, -169], [-23, 11, -160]]"
0.943672,1.259336,body,0.000000,0.000000,0.000000,0.000000,0.000000,0.000000,0.000000,0.000000,0.000000,0.000000,0.000000,0.000000,6.685210,-3.280655,-6.058527,0.008256,0.007124,-0.021638,bmi088,0.010708356499890215,"[[0.004527373853134706,0.006391586616190172,-0.03648530693408557],[0.006657902725198096,0.007723167161229791,-0.02689792700980031],[0.009321063815277334,0.007456851052221868,-0.016777914867499202],[0.012516857123372421,0.00692421883420602,-0.006391586616190172]]",1065.4621307355,1065.463939804,21.75,32239,"[1827, 3723, -3374]","[[-24, 17, -137], [-29, 25, -101], [-28, 35, -63], [-26, 47, -24]]"
0.954291,1.270547,body,0.000000,0.000000,0.000000,0.000000,0.000000,0.000000,0.000000,0.000000,0.000000,0.000000,0.000000,0.000000,6.672640,-3.295020,-6.028001,0.013103,0.009215,0.007191,bmi088,0.011105861500027459,"[[0.01464738599543581,0.007723167161229791,0.0021305288720633907],[0.01464738599543581,0.009587379924285258,0.00825579937924564],[0.012783173232380344,0.010652644360316953,0.011451592687340724],[0.01171790879634865,0.010652644360316953,0.009853696033293183],[0.01171790879634865,0.007456851052221868,0.004261057744126781]]",1065.473236597,1065.474846825,21.75,32526,"[1835, 3716, -3357]","[[-29, 55, 8], [-36, 55, 31], [-40, 48, 43], [-40, 44, 37], [-28, 44, 16]]"
0.965712,1.281289,body,0.000000,0.000000,0.000000,0.000000,0.000000,0.000000,0.000000,0.000000,0.000000,0.000000,0.000000,0.000000,6.669049,-3.273472,-6.036979,0.012650,0.000732,-0.013848,bmi088,0.011285756499773925,"[[0.012516857123372421,0.004527373853134706,-0.002663161090079238],[0.01171790879634865,0.001331580545039619,-0.010120012142301106],[0.012250541014364496,-0.00026631610900792384,-0.017843179303530896],[0.014114753777419964,-0.002663161090079238,-0.02476739813773692]]",1065.4845223534999,1065.4856348644998,21.875,32801,"[1823, 3714, -3362]","[[-17, 47, -10], [-5, 44, -38], [1, 46, -67], [10, 53, -93]]"
0.975798,1.292656,body,0.000000,0.000000,0.000000,0.000000,0.000000,0.000000,0.000000,0.000000,0.000000,0.000000,0.000000,0.000000,6.701370,-3.250129,-6.121375,0.014980,-0.005659,-0.029761,bmi088,0.010602031999951578,"[[0.01651159875849128,-0.004527373853134706,-0.03062635253591124],[0.016777914867499202,-0.006125270507182248,-0.03249056529896671],[0.01464738599543581,-0.006125270507182248,-0.031158984753927088],[0.011984224905356573,-0.005858954398174325,-0.02476739813773692]]",1065.4951243854998,1065.496668563,21.875,33092,"[1810, 3732, -3409]","[[17, 62, -115], [23, 63, -122], [23, 55, -117], [22, 45, -93]]"
0.987430,1.304297,body,0.000000,0.000000,0.000000,0.000000,0.000000,0.000000,0.000000,0.000000,0.000000,0.000000,0.000000,0.000000,6.728305,-3.257311,-6.096236,0.001332,-0.005326,0.011239,bmi088,0.011307166000278812,"[[0.009321063815277334,-0.005326322180158476,-0.01464738599543581],[0.006125270507182248,-0.005060006071150553,-0.0010652644360316954],[0.001864212763055467,-0.005326322180158476,0.012516857123372421],[-0.003195793308095086,-0.005858954398174325,0.02476739813773692],[-0.007456851052221868,-0.005060006071150553,0.0346210941710301]]",1065.5064315515,1065.5081850815,21.875,33390,"[1814, 3747, -3395]","[[20, 35, -55], [19, 23, -4], [20, 7, 47], [22, -12, 93], [19, -28, 130]]"
0.998589,1.314648,body,0.000000,0.000000,0.000000,0.000000,0.000000,0.000000,0.000000,0.000000,0.000000,0.000000,0.000000,0.000000,6.713940,-3.296816,-6.069301,-0.007590,0.000000,0.043210,bmi088,0.01104971449990444,"[[-0.009853696033293183,-0.0029294771990871623,0.042077945223251964],[-0.009054747706269411,-0.00026631610900792384,0.04607268685837083],[-0.006391586616190172,0.001331580545039619,0.04500742242233913],[-0.005060006071150553,0.001864212763055467,0.039681100242180654]]",1065.517481266,1065.5186114745,21.875,33655,"[1836, 3739, -3380]","[[11, -37, 158], [1, -34, 173], [-5, -24, 169], [-7, -19, 149]]"
1.009137,1.326133,body,0.000000,0.000000,0.000000,0.000000,0.000000,0.000000,0.000000,0.000000,0.000000,0.000000,0.000000,0.000000,6.687005,-3.286042,-6.051345,0.000213,0.000426,0.012091,bmi088,0.010803160500017839,"[[-0.004527373853134706,0.002663161090079238,0.032756881407974635],[-0.003994741635118857,0.0021305288720633907,0.02423476591972107],[-0.0010652644360316954,0.0007989483270237715,0.012516857123372421],[0.00346210941710301,-0.0007989483270237715,0.0010652644360316954],[0.007190534943213944,-0.002663161090079238,-0.010120012142301106]]",1065.5282844265,1065.5300290125,21.875,33949,"[1830, 3724, -3370]","[[-10, -17, 123], [-8, -15, 91], [-3, -4, 47], [3, 13, 4], [10, 27, -38]]"
1.021201,1.339102,body,0.000000,0.000000,0.000000,0.000000,0.000000,0.000000,0.000000,0.000000,0.000000,0.000000,0.000000,0.000000,6.672640,-3.269881,-6.056732,0.012836,-0.002237,-0.023596,bmi088,0.012687640499962072,"[[0.009321063815277334,-0.003195793308095086,-0.018908443739562592],[0.01038632825130903,-0.003728425526110934,-0.026631610900792385],[0.012516857123372421,-0.001864212763055467,-0.02929477199087162],[0.015180018213451659,-0.001331580545039619,-0.025033714246744842],[0.016777914867499202,-0.0010652644360316954,-0.018109495412538822]]",1065.540972067,1065.5426434335,21.875,34281,"[1821, 3716, -3373]","[[12, 35, -71], [14, 39, -100], [7, 47, -110], [5, 57, -94], [4, 63, -68]]"
1.032786,1.349102,body,0.000000,0.000000,0.000000,0.000000,0.000000,0.000000,0.000000,0.000000,0.000000,0.000000,0.000000,0.000000,6.652888,-3.257311,-6.063914,0.018243,-0.001864,-0.003928,bmi088,0.010097130500071216,"[[0.017843179303530896,-0.001331580545039619,-0.011185276578332801],[0.018109495412538822,-0.001331580545039619,-0.006391586616190172],[0.018109495412538822,-0.0021305288720633907,-0.0007989483270237715],[0.018908443739562592,-0.002663161090079238,0.002663161090079238]]",1065.5510691975,1065.552740804,21.875,34537,"[1814, 3705, -3377]","[[5, 67, -42], [5, 68, -24], [8, 68, -3], [10, 71, 10]]"
1.043319,1.359961,body,0.000000,0.000000,0.000000,0.000000,0.000000,0.000000,0.000000,0.000000,0.000000,0.000000,0.000000,0.000000,6.672640,-3.251924,-6.031593,0.021106,-0.003196,0.001598,bmi088,0.010640689999945607,"[[0.020506340393610135,-0.00346210941710301,0.003994741635118857],[0.02210423704765768,-0.00346210941710301,0.002663161090079238],[0.02210423704765768,-0.003195793308095086,0.0010652644360316954],[0.019707392066586366,-0.002663161090079238,-0.001331580545039619]]",1065.5617098875,1065.563467401,21.875,34815,"[1811, 3716, -3359]","[[13, 77, 15], [13, 83, 10], [12, 83, 4], [10, 74, -5]]"
1.053867,1.370898,body,0.000000,0.000000,0.000000,0.000000,0.000000,0.000000,0.000000,0.000000,0.000000,0.000000,0.000000,0.000000,6.688801,-3.273472,-6.076484,0.019175,-0.005526,-0.010187,bmi088,0.010813880499881634,"[[0.01864212763055467,-0.0029294771990871623,-0.005326322180158476],[0.017843179303530896,-0.004261057744126781,-0.009587379924285258],[0.01944107595757844,-0.006391586616190172,-0.011984224905356573],[0.02077265650261806,-0.008522115488253563,-0.01384843766841204]]",1065.5725237679999,1065.5740798020001,21.875,35095,"[1823, 3725, -3384]","[[11, 70, -20], [16, 67, -36], [24, 73, -45], [32, 78, -52]]"
1.064452,1.381523,body,0.000000,0.000000,0.000000,0.000000,0.000000,0.000000,0.000000,0.000000,0.000000,0.000000,0.000000,0.000000,6.715736,-3.269881,-6.098032,0.015553,-0.010386,-0.014647,bmi088,0.010810105000018666,"[[0.021571604829641832,-0.009587379924285258,-0.01464738599543581],[0.020240024284602212,-0.01038632825130903,-0.017044230976507126],[0.017044230976507126,-0.010652644360316953,-0.017843179303530896],[0.012250541014364496,-0.011185276578332801,-0.015712650431467506],[0.006657902725198096,-0.010120012142301106,-0.007989483270237714]]",1065.583333873,1065.5846567605,21.875,35367,"[1821, 3740, -3396]","[[36, 81, -55], [39, 76, -64], [40, 64, -67], [42, 46, -59], [38, 25, -30]]"
1.075613,1.393750,body,0.000000,0.000000,0.000000,0.000000,0.000000,0.000000,0.000000,0.000000,0.000000,0.000000,0.000000,0.000000,6.703166,-3.250129,-6.087258,0.004661,0.000666,0.024435,bmi088,0.01137643250012843,"[[0.0029294771990871623,-0.006391586616190172,0.005858954398174325],[0.0021305288720633907,-0.001331580545039619,0.02077265650261806],[0.005060006071150553,0.003994741635118857,0.033555829734998405],[0.008522115488253563,0.006391586616190172,0.03755057137011726]]",1065.5947103055,1065.5964201699999,21.875,35680,"[1810, 3733, -3390]","[[24, 11, 22], [5, 8, 78], [-15, 19, 126], [-24, 32, 141]]"
1.089760,1.407031,body,0.000000,0.000000,0.000000,0.000000,0.000000,0.000000,0.000000,0.000000,0.000000,0.000000,0.000000,0.000000,6.629544,-3.250129,-5.995680,0.005815,-0.002397,-0.011141,bmi088,0.013595262500075478,"[[0.01171790879634865,0.006125270507182248,0.03222424918995878],[0.011984224905356573,0.0023968449810713144,0.016245282649483356],[0.009587379924285258,-0.001597896654047543,-0.005060006071150553],[0.003728425526110934,-0.005060006071150553,-0.02636529479178446],[-0.00026631610900792384,-0.007190534943213944,-0.0402137324601965],[-0.001864212763055467,-0.009054747706269411,-0.04367584187729951]]",1065.608305568,1065.609846017,21.875,36020,"[1810, 3692, -3339]","[[-23, 44, 121], [-9, 45, 61], [6, 36, -19], [19, 14, -99], [27, -1, -151], [34, -7, -164]]"
1.099832,1.417109,body,0.000000,0.000000,0.000000,0.000000,0.000000,0.000000,0.000000,0.000000,0.000000,0.000000,0.000000,0.000000,6.672640,-3.264494,-6.049549,0.008855,-0.008922,-0.011851,bmi088,0.010371509999913542,"[[0.0021305288720633907,-0.010120012142301106,-0.03542004249805387],[0.00692421883420602,-0.009853696033293183,-0.020240024284602212],[0.01171790879634865,-0.00825579937924564,-0.00346210941710301],[0.01464738599543581,-0.007456851052221868,0.01171790879634865]]",1065.618677078,1065.619992814,21.875,36278,"[1818, 3716, -3369]","[[38, 8, -133], [37, 26, -76], [31, 44, -13], [28, 55, 44]]"
1.109935,1.427852,body,0.000000,0.000000,0.000000,0.000000,0.000000,0.000000,0.000000,0.000000,0.000000,0.000000,0.000000,0.000000,6.708553,-3.250129,-6.065710,0.011385,-0.009121,0.024435,bmi088,0.010243280500162655,"[[0.015180018213451659,-0.007723167161229791,0.0234358175926973],[0.013582121559404116,-0.008788431597261486,0.028762139772855775],[0.010120012142301106,-0.009853696033293183,0.02689792700980031],[0.006657902725198096,-0.010120012142301106,0.01864212763055467]]",1065.6289203585002,1065.6303314745,21.875,36553,"[1810, 3736, -3378]","[[29, 57, 88], [33, 51, 108], [37, 38, 101], [38, 25, 70]]"
1.120876,1.438984,body,0.000000,0.000000,0.000000,0.000000,0.000000,0.000000,0.000000,0.000000,0.000000,0.000000,0.000000,0.000000,6.685210,-3.262698,-6.011840,0.002197,-0.009454,-0.002597,bmi088,0.010868235499856382,"[[0.002663161090079238,-0.010918960469324878,0.00825579937924564],[0.001331580545039619,-0.010652644360316953,-0.001331580545039619],[0.001597896654047543,-0.010120012142301106,-0.007456851052221868],[0.003195793308095086,-0.006125270507182248,-0.009853696033293183]]",1065.639788594,1065.6413656690002,21.875,36838,"[1817, 3723, -3348]","[[41, 10, 31], [40, 5, -5], [38, 6, -28], [23, 12, -37]]"
1.131805,1.449609,body,0.000000,0.000000,0.000000,0.000000,0.000000,0.000000,0.000000,0.000000,0.000000,0.000000,0.000000,0.000000,6.557718,-3.246537,-5.884349,0.004740,0.016512,-0.015926,bmi088,0.011272044499946787,"[[0.004793689962142629,0.0,-0.010120012142301106],[0.0055926382891664005,0.008522115488253563,-0.009853696033293183],[0.005326322180158476,0.018109495412538822,-0.013049489341388268],[0.004261057744126781,0.026631610900792385,-0.019174759848570515],[0.003728425526110934,0.02929477199087162,-0.027430559227816155]]",1065.6510606385,1065.6520320715,21.875,37110,"[1808, 3652, -3277]","[[0, 18, -38], [-32, 21, -37], [-68, 20, -49], [-100, 16, -72], [-110, 14, -103]]"
1.141892,1.459414,body,0.000000,0.000000,0.000000,0.000000,0.000000,0.000000,0.000000,0.000000,0.000000,0.000000,0.000000,0.000000,6.590040,-3.253720,-6.010045,0.015646,-0.009321,-0.032025,bmi088,0.009436574500114148,"[[0.005858954398174325,0.021571604829641832,-0.0346210941710301],[0.010120012142301106,0.005060006071150553,-0.03675162304309349],[0.018375811521546746,-0.019174759848570515,-0.03328951362599048],[0.02822950755483993,-0.044741106313331204,-0.0234358175926973]]",1065.660497213,1065.661909913,21.875,37361,"[1812, 3670, -3347]","[[-81, 22, -130], [-19, 38, -138], [72, 69, -125], [168, 106, -88]]"
1.151848,1.470000,body,0.000000,0.000000,0.000000,0.000000,0.000000,0.000000,0.000000,0.000000,0.000000,0.000000,0.000000,0.000000,6.915053,-3.214216,-6.331466,0.034355,-0.077897,0.012517,bmi088,0.010181102499927874,"[[0.03675162304309349,-0.06657902725198096,-0.010652644360316953],[0.0402137324601965,-0.08016114881138507,0.004793689962142629],[0.036218990825077645,-0.08442220655551186,0.020240024284602212],[0.02423476591972107,-0.080427464920393,0.03568635860706179]]",1065.6706783155,1065.6721967155,21.875,37632,"[1790, 3851, -3526]","[[250, 138, -40], [301, 151, 18], [317, 136, 76], [302, 91, 134]]"
1.163128,1.481133,body,0.000000,0.000000,0.000000,0.000000,0.000000,0.000000,0.000000,0.000000,0.000000,0.000000,0.000000,0.000000,6.895301,-3.228581,-6.220136,-0.016512,-0.043077,0.074702,bmi088,0.011128165999934936,"[[0.007723167161229791,-0.06897587223305228,0.0513990090385293],[-0.009853696033293183,-0.05219795736555307,0.0681769239060285],[-0.02556634646476069,-0.03488741028003802,0.08388957433749601],[-0.03834951969714103,-0.016245282649483356,0.09534116702483673]]",1065.6818064815,1065.683194476,21.875,37917,"[1798, 3840, -3464]","[[259, 29, 193], [196, -37, 256], [131, -96, 315], [61, -144, 358]]"
1.173229,1.492109,body,0.000000,0.000000,0.000000,0.000000,0.000000,0.000000,0.000000,0.000000,0.000000,0.000000,0.000000,0.000000,6.715736,-3.312977,-5.904101,-0.041146,0.023236,0.093144,bmi088,0.010330644500072594,"[[-0.0458063707493629,0.00026631610900792384,0.10226538585904275],[-0.04633900296737875,0.015712650431467506,0.1027980180770586],[-0.041278996896228194,0.030892668644919165,0.09347695426178126],[-0.031158984753927088,0.04607268685837083,0.07403587830420283]]",1065.692137126,1065.693934658,21.875,38198,"[1845, 3740, -3288]","[[-1, -172, 384], [-59, -174, 386], [-116, -155, 351], [-173, -117, 278]]"
1.184183,1.502305,body,0.000000,0.000000,0.000000,0.000000,0.000000,0.000000,0.000000,0.000000,0.000000,0.000000,0.000000,0.000000,6.543353,-3.275268,-5.869984,0.015446,0.052997,-0.049641,bmi088,0.010959871000068233,"[[-0.016245282649483356,0.05912217619975909,0.04367584187729951],[0.001864212763055467,0.06471481448892549,0.002663161090079238],[0.018375811521546746,0.06098638896281456,-0.04767058351241837],[0.03222424918995878,0.049002164057457984,-0.10040117309598728],[0.04101268078722027,0.031158984753927088,-0.1464738599543581]]",1065.703096997,1065.704213684,21.875,38459,"[1824, 3644, -3269]","[[-222, -61, 164], [-243, 7, 10], [-229, 69, -179], [-184, 121, -377], [-117, 154, -550]]"
1.194646,1.513008,body,0.000000,0.000000,0.000000,0.000000,0.000000,0.000000,0.000000,0.000000,0.000000,0.000000,0.000000,0.000000,6.670844,-3.214216,-6.157288,0.039015,-0.009721,-0.171574,bmi088,0.010272881999753736,"[[0.0458063707493629,0.011984224905356573,-0.17976337358034858],[0.04447479020432328,-0.006125270507182248,-0.19148128237669723],[0.03834951969714103,-0.019174759848570515,-0.17816547692630105],[0.027430559227816155,-0.02556634646476069,-0.13688648003007287]]",1065.7133698789999,1065.7149160885,21.875,38733,"[1790, 3715, -3429]","[[-45, 172, -675], [23, 167, -719], [72, 144, -669], [96, 103, -514]]"
1.204812,1.523047,body,0.000000,0.000000,0.000000,0.000000,0.000000,0.000000,0.000000,0.000000,0.000000,0.000000,0.000000,0.000000,6.774992,-3.287837,-6.159084,-0.002397,-0.010053,0.030826,bmi088,0.009571796500040364,"[[0.01384843766841204,-0.023968449810713145,-0.07456851052221868],[0.00026631610900792384,-0.015712650431467506,-0.0010652644360316954],[-0.009321063815277334,-0.005326322180158476,0.07084008499610774],[-0.014381069886427887,0.004793689962142629,0.12809804843281136]]",1065.7229416755,1065.724798986,21.875,38990,"[1831, 3773, -3430]","[[90, 52, -280], [59, 1, -4], [20, -35, 266], [-18, -54, 481]]"
1.214960,1.534063,body,0.000000,0.000000,0.000000,0.000000,0.000000,0.000000,0.000000,0.000000,0.000000,0.000000,0.000000,0.000000,6.685210,-3.260903,-5.950788,-0.016179,0.015047,0.127299,bmi088,0.010905901000114682,"[[-0.015712650431467506,0.01171790879634865,0.16032229762277014],[-0.015712650431467506,0.016777914867499202,0.1597896654047543],[-0.01597896654047543,0.017576863194522972,0.1251685712337242],[-0.01731054708551505,0.014114753777419964,0.06391586616190172]]",1065.7338475765,1065.7356894139998,21.875,39272,"[1816, 3723, -3314]","[[-44, -59, 602], [-63, -59, 600], [-66, -60, 470], [-53, -65, 240]]"
1.227038,1.546367,body,0.000000,0.000000,0.000000,0.000000,0.000000,0.000000,0.000000,0.000000,0.000000,0.000000,0.000000,0.000000,6.607997,-3.253720,-5.941810,-0.017950,0.000426,-0.118830,bmi088,0.01236329049993401,"[[-0.020240024284602212,0.007723167161229791,-0.012516857123372421],[-0.02210423704765768,0.00346210941710301,-0.08788431597261487],[-0.020240024284602212,0.0007989483270237715,-0.1464738599543581],[-0.01597896654047543,-0.0023968449810713144,-0.17576863194522974],[-0.011185276578332801,-0.007456851052221868,-0.17150757420110296]]",1065.746210867,1065.7478706165,21.875,39587,"[1812, 3680, -3309]","[[-29, -76, -47], [-13, -83, -330], [-3, -76, -550], [9, -60, -660], [28, -42, -644]]"
1.237865,1.557070,body,0.000000,0.000000,0.000000,0.000000,0.000000,0.000000,0.000000,0.000000,0.000000,0.000000,0.000000,0.000000,6.695983,-3.212420,-6.150106,-0.010786,-0.020573,-0.050733,bmi088,0.010582830999965154,"[[-0.007456851052221868,-0.011984224905356573,-0.13875069279312832],[-0.00692421883420602,-0.01731054708551505,-0.08362325822848808],[-0.01038632825130903,-0.0234358175926973,-0.02077265650261806],[-0.018375811521546746,-0.029561088099879545,0.0402137324601965]]",1065.756793698,1065.7582579199998,21.875,39861,"[1789, 3729, -3425]","[[45, -28, -521], [65, -26, -314], [88, -39, -78], [111, -69, 151]]"
1.248608,1.567305,body,0.000000,0.000000,0.000000,0.000000,0.000000,0.000000,0.000000,0.000000,0.000000,0.000000,0.000000,0.000000,6.782175,-3.233968,-6.202179,-0.051332,-0.029961,0.127965,bmi088,0.01023876850013039,"[[-0.030360036426903318,-0.03302319751698256,0.08921589651765449],[-0.04447479020432328,-0.03249056529896671,0.12383699068868459],[-0.05992112452678287,-0.029561088099879545,0.14487596330031058],[-0.07057376888709982,-0.02476739813773692,0.15393071100657998]]",1065.7670324665,1065.7686147255,21.875,40123,"[1801, 3777, -3454]","[[124, -114, 335], [122, -167, 465], [111, -225, 544], [93, -265, 578]]"
1.258681,1.577227,body,0.000000,0.000000,0.000000,0.000000,0.000000,0.000000,0.000000,0.000000,0.000000,0.000000,0.000000,0.000000,6.730101,-3.345298,-6.031593,-0.069841,-0.009454,0.129829,bmi088,0.009820718999890232,"[[-0.07563377495825037,-0.019174759848570515,0.15259913046154036],[-0.07430219441321075,-0.012783173232380344,0.1419464861012234],[-0.06870955612404435,-0.006125270507182248,0.12463593901570835],[-0.060720072853806636,0.00026631610900792384,0.10013485698697937]]",1065.7768531855,1065.778259789,21.875,40377,"[1863, 3748, -3359]","[[72, -284, 573], [48, -279, 533], [23, -258, 468], [-1, -228, 376]]"
1.268740,1.588555,body,0.000000,0.000000,0.000000,0.000000,0.000000,0.000000,0.000000,0.000000,0.000000,0.000000,0.000000,0.000000,6.638523,-3.327342,-5.954380,-0.025833,0.004740,0.008309,bmi088,0.011005520500020793,"[[-0.05033374460249761,0.004527373853134706,0.07110640110511567],[-0.03834951969714103,0.006391586616190172,0.037816887479125184],[-0.026098978682776535,0.006391586616190172,0.005858954398174325],[-0.013315805450396193,0.004527373853134706,-0.024501082028728992],[-0.0010652644360316954,0.001864212763055467,-0.04873584794845006]]",1065.787858706,1065.7893524175001,21.875,40667,"[1853, 3697, -3316]","[[-17, -189, 267], [-24, -144, 142], [-24, -98, 22], [-17, -50, -92], [-7, -4, -183]]"
1.279904,1.599805,body,0.000000,0.000000,0.000000,0.000000,0.000000,0.000000,0.000000,0.000000,0.000000,0.000000,0.000000,0.000000,6.694188,-3.244742,-6.105214,0.020107,-0.004794,-0.072172,bmi088,0.011130566500014538,"[[0.011185276578332801,-0.0005326322180158477,-0.06657902725198096],[0.020240024284602212,-0.00346210941710301,-0.0759000910672583],[0.025033714246744842,-0.006125270507182248,-0.07723167161229791],[0.023968449810713145,-0.009054747706269411,-0.06897587223305228]]",1065.7989892725,1065.8004851760002,21.875,40955,"[1807, 3728, -3400]","[[2, 42, -250], [13, 76, -285], [23, 94, -290], [34, 90, -259]]"
1.290841,1.610273,body,0.000000,0.000000,0.000000,0.000000,0.000000,0.000000,0.000000,0.000000,0.000000,0.000000,0.000000,0.000000,6.755240,-3.275268,-6.160879,0.007790,-0.003728,-0.021705,bmi088,0.010887756000101945,"[[0.01944107595757844,-0.009853696033293183,-0.05432848623761646],[0.011451592687340724,-0.007723167161229791,-0.03408846195301425],[0.003994741635118857,-0.0021305288720633907,-0.011185276578332801],[-0.003728425526110934,0.004793689962142629,0.012783173232380344]]",1065.8098770285,1065.8110060365,21.875,41223,"[1824, 3762, -3431]","[[37, 73, -204], [29, 43, -128], [8, 15, -42], [-18, -14, 48]]"
1.301282,1.620859,body,0.000000,0.000000,0.000000,0.000000,0.000000,0.000000,0.000000,0.000000,0.000000,0.000000,0.000000,0.000000,6.681618,-3.318364,-6.011840,-0.006791,0.023968,0.043410,bmi088,0.010173022500111983,"[[-0.00825579937924564,0.013315805450396193,0.03249056529896671],[-0.009853696033293183,0.020506340393610135,0.04527373853134705],[-0.007190534943213944,0.02822950755483993,0.050067428493489684],[-0.001864212763055467,0.03382214584400633,0.0458063707493629]]",1065.8200500510002,1065.8215493779999,21.875,41494,"[1848, 3721, -3348]","[[-50, -31, 122], [-77, -37, 170], [-106, -27, 188], [-127, -7, 172]]"
1.311671,1.630937,body,0.000000,0.000000,0.000000,0.000000,0.000000,0.000000,0.000000,0.000000,0.000000,0.000000,0.000000,0.000000,6.638523,-3.268085,-5.975927,0.015846,0.031558,-0.017843,bmi088,0.01003059899994696,"[[0.005060006071150553,0.03648530693408557,0.030093720317895395],[0.011984224905356573,0.03488741028003802,0.002663161090079238],[0.01997370817559429,0.030360036426903318,-0.03328951362599048],[0.02636529479178446,0.024501082028728992,-0.07084008499610774]]",1065.8300806500001,1065.8315259914998,21.875,41752,"[1820, 3697, -3328]","[[-137, 19, 113], [-131, 45, 10], [-114, 75, -125], [-92, 99, -266]]"
1.321759,1.642148,body,0.000000,0.000000,0.000000,0.000000,0.000000,0.000000,0.000000,0.000000,0.000000,0.000000,0.000000,0.000000,6.660070,-3.244742,-6.076484,0.023702,0.006871,-0.110788,bmi088,0.01072002099999736,"[[0.02982740420888747,0.017843179303530896,-0.10306433418606653],[0.02929477199087162,0.010918960469324878,-0.12330435847066874],[0.025033714246744842,0.005326322180158476,-0.12783173232380343],[0.01997370817559429,0.0010652644360316954,-0.1150485590914231],[0.014381069886427887,-0.0007989483270237715,-0.08468852266451977]]",1065.8408006710001,1065.842361777,21.875,42039,"[1807, 3709, -3384]","[[-67, 112, -387], [-41, 110, -463], [-20, 94, -480], [-4, 75, -432], [3, 54, -318]]"
1.332459,1.652305,body,0.000000,0.000000,0.000000,0.000000,0.000000,0.000000,0.000000,0.000000,0.000000,0.000000,0.000000,0.000000,6.731897,-3.257311,-6.130353,-0.004993,-0.001531,0.029428,bmi088,0.0107656870000028,"[[0.007723167161229791,-0.002663161090079238,-0.04234426133225989],[-0.00026631610900792384,-0.003195793308095086,0.007456851052221868],[-0.009587379924285258,-0.001597896654047543,0.056192699000671927],[-0.017843179303530896,0.001331580545039619,0.09640643146086843]]",1065.8515663580001,1065.8526691084999,21.875,42299,"[1814, 3749, -3414]","[[10, 29, -159], [12, -1, 28], [6, -36, 211], [-5, -67, 362]]"
1.343371,1.663008,body,0.000000,0.000000,0.000000,0.000000,0.000000,0.000000,0.000000,0.000000,0.000000,0.000000,0.000000,0.000000,6.701370,-3.311181,-6.035184,-0.026166,0.008788,0.108923,bmi088,0.010210415499841474,"[[-0.023702133701705222,0.006125270507182248,0.1195759329445578],[-0.026631610900792385,0.009054747706269411,0.12357067457967666],[-0.02769687533682408,0.009853696033293183,0.10998855302027255],[-0.026631610900792385,0.010120012142301106,0.08255799379245639]]",1065.8617767735,1065.8632732844999,21.875,42573,"[1844, 3732, -3361]","[[-23, -89, 449], [-34, -100, 464], [-37, -104, 413], [-38, -100, 310]]"
1.353437,1.673516,body,0.000000,0.000000,0.000000,0.000000,0.000000,0.000000,0.000000,0.000000,0.000000,0.000000,0.000000,0.000000,6.661866,-3.329137,-6.004658,-0.009454,0.004860,-0.001465,bmi088,0.010154733000035776,"[[-0.022370553156665602,0.00825579937924564,0.04846953183944214],[-0.014114753777419964,0.007190534943213944,0.012516857123372421],[-0.004793689962142629,0.003728425526110934,-0.020240024284602212],[0.00346210941710301,0.00026631610900792384,-0.046605319076386674]]",1065.8719315065,1065.8736060735,21.875,42842,"[1854, 3710, -3344]","[[-31, -84, 182], [-27, -53, 47], [-14, -18, -76], [-1, 13, -175]]"
1.363969,1.683125,body,0.000000,0.000000,0.000000,0.000000,0.000000,0.000000,0.000000,0.000000,0.000000,0.000000,0.000000,0.000000,6.676231,-3.253720,-6.083666,0.023236,-0.005792,-0.067644,bmi088,0.009835775999817997,"[[0.013049489341388268,-0.003195793308095086,-0.06471481448892549],[0.021837920938649755,-0.005326322180158476,-0.0727042977591632],[0.0290284558818637,-0.006657902725198096,-0.07163903332313151],[0.0290284558818637,-0.007989483270237714,-0.061519021180830406]]",1065.8817672824998,1065.8831051465,21.875,43088,"[1812, 3718, -3388]","[[12, 49, -243], [20, 82, -273], [25, 109, -269], [30, 109, -231]]"
1.374175,1.695312,body,0.000000,0.000000,0.000000,0.000000,0.000000,0.000000,0.000000,0.000000,0.000000,0.000000,0.000000,0.000000,6.695983,-3.246537,-6.047753,0.015979,-0.007936,0.000479,bmi088,0.011662172500109591,"[[0.02556634646476069,-0.009054747706269411,-0.043942157986307434],[0.01997370817559429,-0.009587379924285258,-0.021837920938649755],[0.015712650431467506,-0.008788431597261486,0.001864212763055467],[0.011185276578332801,-0.00692421883420602,0.023702133701705222],[0.007456851052221868,-0.005326322180158476,0.04261057744126781]]",1065.893429455,1065.8949478714999,21.875,43400,"[1808, 3729, -3368]","[[34, 96, -165], [36, 75, -82], [33, 59, 7], [26, 42, 89], [20, 28, 160]]"
1.385259,1.706211,body,0.000000,0.000000,0.000000,0.000000,0.000000,0.000000,0.000000,0.000000,0.000000,0.000000,0.000000,0.000000,6.701370,-3.269881,-6.026206,0.007191,-0.005859,0.059189,bmi088,0.010719781000034345,"[[0.005060006071150553,-0.004527373853134706,0.05486111845563231],[0.006125270507182248,-0.005326322180158476,0.06311691783487795],[0.007989483270237714,-0.006657902725198096,0.0625842856168621],[0.009587379924285258,-0.00692421883420602,0.056192699000671927]]",1065.904149236,1065.90591051,21.875,43679,"[1821, 3732, -3356]","[[17, 19, 206], [20, 23, 237], [25, 30, 235], [26, 36, 211]]"
1.396153,1.717227,body,0.000000,0.000000,0.000000,0.000000,0.000000,0.000000,0.000000,0.000000,0.000000,0.000000,0.000000,0.000000,6.695983,-3.268085,-6.058527,0.019774,-0.005926,0.016445,bmi088,0.01096420750013749,"[[0.01171790879634865,-0.006125270507182248,0.043143209659283664],[0.01731054708551505,-0.005326322180158476,0.02636529479178446],[0.0234358175926973,-0.0055926382891664005,0.007723167161229791],[0.026631610900792385,-0.006657902725198096,-0.011451592687340724]]",1065.9151134435,1065.916610274,21.875,43961,"[1820, 3729, -3374]","[[23, 44, 162], [20, 65, 99], [21, 88, 29], [25, 100, -43]]"
1.406723,1.727461,body,0.000000,0.000000,0.000000,0.000000,0.000000,0.000000,0.000000,0.000000,0.000000,0.000000,0.000000,0.000000,6.710349,-3.235764,-6.115988,0.024554,-0.006179,-0.036432,bmi088,0.010669282499748078,"[[0.02636529479178446,-0.007190534943213944,-0.02769687533682408],[0.02423476591972107,-0.007456851052221868,-0.03941478413317273],[0.024501082028728992,-0.006657902725198096,-0.043942157986307434],[0.023968449810713145,-0.005858954398174325,-0.0402137324601965],[0.023702133701705222,-0.003728425526110934,-0.030892668644919165]]",1065.9257827259999,1065.926929526,21.875,44223,"[1802, 3737, -3406]","[[27, 99, -104], [28, 91, -148], [25, 92, -165], [22, 90, -151], [14, 89, -116]]"
1.418567,1.739570,body,0.000000,0.000000,0.000000,0.000000,0.000000,0.000000,0.000000,0.000000,0.000000,0.000000,0.000000,0.000000,6.735488,-3.235764,-6.135740,0.014514,0.003662,0.005726,bmi088,0.01136854400010634,"[[0.021571604829641832,-0.001331580545039619,-0.01731054708551505],[0.01731054708551505,0.0021305288720633907,-0.001597896654047543],[0.012250541014364496,0.005326322180158476,0.01384843766841204],[0.00692421883420602,0.008522115488253563,0.027963191445832]]",1065.93715127,1065.938939874,21.875,44533,"[1802, 3751, -3417]","[[5, 81, -65], [-8, 65, -6], [-20, 46, 52], [-32, 26, 105]]"
1.429161,1.750391,body,0.000000,0.000000,0.000000,0.000000,0.000000,0.000000,0.000000,0.000000,0.000000,0.000000,0.000000,0.000000,6.690597,-3.280655,-6.031593,0.002197,0.015579,0.033423,bmi088,0.01068433999989793,"[[0.003728425526110934,0.012516857123372421,0.03568635860706179],[0.001331580545039619,0.015446334322459582,0.038615835806148954],[0.0010652644360316954,0.017576863194522972,0.03408846195301425],[0.002663161090079238,0.016777914867499202,0.025300030355752765]]",1065.9478356099999,1065.949645334,21.875,44810,"[1827, 3726, -3359]","[[-47, 14, 134], [-58, 5, 145], [-66, 4, 128], [-63, 10, 95]]"
1.440117,1.761445,body,0.000000,0.000000,0.000000,0.000000,0.000000,0.000000,0.000000,0.000000,0.000000,0.000000,0.000000,0.000000,6.660070,-3.287837,-6.008249,0.017044,0.009694,-0.030360,bmi088,0.010842842000101882,"[[0.006125270507182248,0.015180018213451659,0.010652644360316953],[0.011451592687340724,0.012783173232380344,-0.00825579937924564],[0.018109495412538822,0.009321063815277334,-0.03062635253591124],[0.0234358175926973,0.006657902725198096,-0.05273058958356892],[0.026098978682776535,0.004527373853134706,-0.07084008499610774]]",1065.958678452,1065.9604443025,21.875,45093,"[1831, 3709, -3346]","[[-57, 23, 40], [-48, 43, -31], [-35, 68, -115], [-25, 88, -198], [-17, 98, -266]]"
1.450539,1.771914,body,0.000000,0.000000,0.000000,0.000000,0.000000,0.000000,0.000000,0.000000,0.000000,0.000000,0.000000,0.000000,6.636727,-3.241150,-6.035184,0.029761,-0.000599,-0.080427,bmi088,0.011020817499911573,"[[0.027963191445832,0.003195793308095086,-0.08255799379245639],[0.030093720317895395,0.0010652644360316954,-0.08681905153658317],[0.031158984753927088,-0.0021305288720633907,-0.08202536157444054],[0.02982740420888747,-0.004527373853134706,-0.07030745277809189]]",1065.9696992694999,1065.9708556065,21.875,45361,"[1805, 3696, -3361]","[[-12, 105, -310], [-4, 113, -326], [8, 117, -308], [17, 112, -264]]"
1.461557,1.782891,body,0.000000,0.000000,0.000000,0.000000,0.000000,0.000000,0.000000,0.000000,0.000000,0.000000,0.000000,0.000000,6.669049,-3.244742,-6.035184,0.013103,-0.013422,-0.009907,bmi088,0.010651042000063171,"[[0.026098978682776535,-0.007190534943213944,-0.05273058958356892],[0.01997370817559429,-0.009587379924285258,-0.03195793308095086],[0.013315805450396193,-0.014114753777419964,-0.010120012142301106],[0.006125270507182248,-0.016777914867499202,0.012516857123372421],[0.0,-0.01944107595757844,0.032756881407974635]]",1065.9803503115,1065.981851479,21.875,45642,"[1807, 3714, -3361]","[[27, 98, -198], [36, 75, -120], [53, 50, -38], [63, 23, 47], [73, 0, 123]]"
1.471630,1.793164,body,0.000000,0.000000,0.000000,0.000000,0.000000,0.000000,0.000000,0.000000,0.000000,0.000000,0.000000,0.000000,6.715736,-3.248333,-6.056732,-0.010786,-0.024168,0.055727,bmi088,0.01008183400017515,"[[-0.005858954398174325,-0.02077265650261806,0.04873584794845006],[-0.010652644360316953,-0.0234358175926973,0.0569916473276957],[-0.012783173232380344,-0.02556634646476069,0.06018744063579079],[-0.01384843766841204,-0.02689792700980031,0.0569916473276957]]",1065.9904321455,1065.9920111565,21.875,45905,"[1809, 3740, -3373]","[[78, -22, 183], [88, -40, 214], [96, -48, 226], [101, -52, 214]]"
1.483552,1.805625,body,0.000000,0.000000,0.000000,0.000000,0.000000,0.000000,0.000000,0.000000,0.000000,0.000000,0.000000,0.000000,6.730101,-3.266290,-6.083666,-0.013516,-0.025433,0.031891,bmi088,0.012144000999796845,"[[-0.01464738599543581,-0.026631610900792385,0.04926848016646591],[-0.014114753777419964,-0.025832662573768612,0.03808320358813311],[-0.013315805450396193,-0.025033714246744842,0.02556634646476069],[-0.011984224905356573,-0.02423476591972107,0.01464738599543581]]",1066.0025761465,1066.0040397765001,21.875,46224,"[1819, 3748, -3388]","[[100, -55, 185], [97, -53, 143], [94, -50, 96], [91, -45, 55]]"
1.494184,1.816367,body,0.000000,0.000000,0.000000,0.000000,0.000000,0.000000,0.000000,0.000000,0.000000,0.000000,0.000000,0.000000,6.710349,-3.246537,-6.063914,-0.010919,-0.020187,0.003196,bmi088,0.010667411000213178,"[[-0.011451592687340724,-0.022370553156665602,0.006391586616190172],[-0.010120012142301106,-0.02077265650261806,0.001331580545039619],[-0.009321063815277334,-0.020506340393610135,0.001331580545039619],[-0.010652644360316953,-0.020240024284602212,0.001864212763055467],[-0.013049489341388268,-0.017044230976507126,0.005060006071150553]]",1066.0132435575001,1066.0147403405,21.875,46499,"[1808, 3737, -3377]","[[84, -43, 24], [78, -38, 5], [77, -35, 5], [76, -40, 7], [64, -49, 19]]"
1.505329,1.827852,body,0.000000,0.000000,0.000000,0.000000,0.000000,0.000000,0.000000,0.000000,0.000000,0.000000,0.000000,0.000000,6.713940,-3.260903,-6.083666,-0.014514,-0.011918,0.021505,bmi088,0.011222889999771724,"[[-0.014913702104443736,-0.013582121559404116,0.010120012142301106],[-0.01464738599543581,-0.011185276578332801,0.01651159875849128],[-0.014913702104443736,-0.011451592687340724,0.025300030355752765],[-0.013582121559404116,-0.011451592687340724,0.03408846195301425]]",1066.0244664475,1066.026010177,21.875,46793,"[1816, 3739, -3388]","[[51, -56, 38], [42, -55, 62], [43, -56, 95], [43, -51, 128]]"
1.516547,1.838828,body,0.000000,0.000000,0.000000,0.000000,0.000000,0.000000,0.000000,0.000000,0.000000,0.000000,0.000000,0.000000,6.730101,-3.287837,-6.071097,-0.008988,-0.007523,0.038416,bmi088,0.010824296999999206,"[[-0.01171790879634865,-0.010120012142301106,0.041278996896228194],[-0.009321063815277334,-0.008522115488253563,0.04261057744126781],[-0.00825579937924564,-0.006657902725198096,0.03808320358813311],[-0.006657902725198096,-0.004793689962142629,0.031691616971942935]]",1066.0352907445,1066.0368503149998,21.875,47074,"[1831, 3748, -3381]","[[38, -44, 155], [32, -35, 160], [25, -31, 143], [18, -25, 119]]"
1.527858,1.850625,body,0.000000,0.000000,0.000000,0.000000,0.000000,0.000000,0.000000,0.000000,0.000000,0.000000,0.000000,0.000000,6.721123,-3.271677,-6.069301,0.003728,0.001438,0.000053,bmi088,0.011727232000112053,"[[-0.003994741635118857,-0.003195793308095086,0.02290318537468145],[-0.00026631610900792384,-0.001331580545039619,0.012783173232380344],[0.004261057744126781,0.0005326322180158477,0.0007989483270237715],[0.007989483270237714,0.003994741635118857,-0.011984224905356573],[0.010652644360316953,0.007190534943213944,-0.02423476591972107]]",1066.0470179765,1066.048543289,21.875,47376,"[1822, 3743, -3380]","[[12, -15, 86], [5, -1, 48], [-2, 16, 3], [-15, 30, -45], [-27, 40, -91]]"
1.538575,1.860547,body,0.000000,0.000000,0.000000,0.000000,0.000000,0.000000,0.000000,0.000000,0.000000,0.000000,0.000000,0.000000,6.665457,-3.284246,-6.010045,0.011052,0.007523,-0.041346,bmi088,0.010552717499876962,"[[0.010652644360316953,0.008788431597261486,-0.034354778062022175],[0.01038632825130903,0.008522115488253563,-0.040480048569204424],[0.010652644360316953,0.00692421883420602,-0.043942157986307434],[0.012516857123372421,0.005858954398174325,-0.046605319076386674]]",1066.0575706939999,1066.058624691,21.875,47630,"[1829, 3712, -3347]","[[-33, 40, -129], [-32, 39, -152], [-26, 40, -165], [-22, 47, -175]]"
1.549721,1.871641,body,0.000000,0.000000,0.000000,0.000000,0.000000,0.000000,0.000000,0.000000,0.000000,0.000000,0.000000,0.000000,6.667253,-3.244742,-6.026206,0.011185,0.003249,-0.037391,bmi088,0.010551166000141166,"[[0.014114753777419964,0.006125270507182248,-0.04767058351241837],[0.01384843766841204,0.005858954398174325,-0.0458063707493629],[0.011451592687340724,0.004793689962142629,-0.039681100242180654],[0.009054747706269411,0.001597896654047543,-0.031691616971942935],[0.007456851052221868,-0.0021305288720633907,-0.02210423704765768]]",1066.06812186,1066.069609347,21.875,47914,"[1807, 3713, -3356]","[[-23, 53, -179], [-22, 52, -172], [-18, 43, -149], [-6, 34, -119], [8, 28, -83]]"
1.560117,1.882305,body,0.000000,0.000000,0.000000,0.000000,0.000000,0.000000,0.000000,0.000000,0.000000,0.000000,0.000000,0.000000,6.667253,-3.268085,-6.029797,0.000533,-0.007657,-0.003529,bmi088,0.010671619000049759,"[[0.006125270507182248,-0.005060006071150553,-0.01464738599543581],[0.0029294771990871623,-0.007190534943213944,-0.007190534943213944],[-0.001597896654047543,-0.007989483270237714,0.0],[-0.005326322180158476,-0.01038632825130903,0.007723167161229791]]",1066.078793479,1066.080120863,21.875,48187,"[1820, 3713, -3358]","[[19, 23, -55], [27, 11, -27], [30, -6, 0], [39, -20, 29]]"
1.570824,1.893320,body,0.000000,0.000000,0.000000,0.000000,0.000000,0.000000,0.000000,0.000000,0.000000,0.000000,0.000000,0.000000,6.712144,-3.260903,-6.062119,-0.012517,-0.014914,0.012251,bmi088,0.010910205000072892,"[[-0.008788431597261486,-0.013315805450396193,0.011984224905356573],[-0.012250541014364496,-0.015712650431467506,0.013582121559404116],[-0.014114753777419964,-0.015446334322459582,0.011984224905356573],[-0.014913702104443736,-0.015180018213451659,0.011451592687340724]]",1066.0897036840001,1066.0910661095,21.875,48469,"[1816, 3738, -3376]","[[50, -33, 45], [59, -46, 51], [58, -53, 45], [57, -56, 43]]"
1.581175,1.904023,body,0.000000,0.000000,0.000000,0.000000,0.000000,0.000000,0.000000,0.000000,0.000000,0.000000,0.000000,0.000000,6.715736,-3.242946,-6.085462,-0.015020,-0.017683,0.008522,bmi088,0.010522764499910409,"[[-0.01464738599543581,-0.015446334322459582,0.009853696033293183],[-0.01464738599543581,-0.017576863194522972,0.009054747706269411],[-0.014114753777419964,-0.01864212763055467,0.007989483270237714],[-0.015180018213451659,-0.018908443739562592,0.007456851052221868],[-0.01651159875849128,-0.017843179303530896,0.00825579937924564]]",1066.1002264485,1066.101585658,21.875,48743,"[1806, 3740, -3389]","[[58, -55, 37], [66, -55, 34], [70, -53, 30], [71, -57, 28], [67, -62, 31]]"
1.591907,1.914297,body,0.000000,0.000000,0.000000,0.000000,0.000000,0.000000,0.000000,0.000000,0.000000,0.000000,0.000000,0.000000,6.721123,-3.266290,-6.060323,-0.016334,-0.014470,0.015358,bmi088,0.010092170499774511,"[[-0.017576863194522972,-0.016777914867499202,0.010918960469324878],[-0.016777914867499202,-0.014114753777419964,0.015180018213451659],[-0.01464738599543581,-0.012516857123372421,0.01997370817559429]]",1066.1103186189998,1066.1117739925,21.875,49006,"[1819, 3743, -3375]","[[63, -66, 41], [53, -63, 57], [47, -55, 75]]"
1.602103,1.924258,body,0.000000,0.000000,0.000000,0.000000,0.000000,0.000000,0.000000,0.000000,0.000000,0.000000,0.000000,0.000000,6.740875,-3.273472,-6.072893,-0.014781,-0.009388,0.026498,bmi088,0.009886002000257577,"[[-0.014114753777419964,-0.01038632825130903,0.0234358175926973],[-0.01464738599543581,-0.010120012142301106,0.02636529479178446],[-0.016245282649483356,-0.008788431597261486,0.027963191445832],[-0.014114753777419964,-0.00825579937924564,0.02822950755483993]]",1066.120204621,1066.121677467,21.875,49261,"[1823, 3754, -3382]","[[39, -53, 88], [38, -55, 99], [33, -61, 105], [31, -53, 106]]"
1.612319,1.936055,body,0.000000,0.000000,0.000000,0.000000,0.000000,0.000000,0.000000,0.000000,0.000000,0.000000,0.000000,0.000000,6.726510,-3.289633,-6.087258,-0.005539,-0.003462,0.019814,bmi088,0.011374896500001341,"[[-0.01038632825130903,-0.007190534943213944,0.02716424311880823],[-0.006125270507182248,-0.005858954398174325,0.02476739813773692],[-0.003994741635118857,-0.003994741635118857,0.021305288720633905],[-0.003728425526110934,-0.001597896654047543,0.015712650431467506],[-0.00346210941710301,0.001331580545039619,0.010120012142301106]]",1066.1315795175,1066.1332384035,21.875,49563,"[1832, 3746, -3390]","[[27, -39, 102], [22, -23, 93], [15, -15, 80], [6, -14, 59], [-5, -13, 38]]"
1.623452,1.947227,body,0.000000,0.000000,0.000000,0.000000,0.000000,0.000000,0.000000,0.000000,0.000000,0.000000,0.000000,0.000000,6.699575,-3.295020,-6.054936,0.000732,0.008589,-0.003462,bmi088,0.011105492999831768,"[[-0.0023968449810713144,0.003728425526110934,0.004527373853134706],[-0.00026631610900792384,0.007456851052221868,-0.0010652644360316954],[0.001597896654047543,0.01038632825130903,-0.006125270507182248],[0.003994741635118857,0.012783173232380344,-0.011185276578332801]]",1066.1426850105,1066.144303911,21.875,49849,"[1835, 3731, -3372]","[[-14, -9, 17], [-28, -1, -4], [-39, 6, -23], [-48, 15, -42]]"
1.634680,1.958398,body,0.000000,0.000000,0.000000,0.000000,0.000000,0.000000,0.000000,0.000000,0.000000,0.000000,0.000000,0.000000,6.687005,-3.280655,-6.006453,0.011398,0.014061,-0.019867,bmi088,0.010917597500110787,"[[0.006657902725198096,0.013315805450396193,-0.015712650431467506],[0.009587379924285258,0.01464738599543581,-0.019174759848570515],[0.012250541014364496,0.014913702104443736,-0.02077265650261806],[0.014381069886427887,0.014381069886427887,-0.021038972611625982],[0.014114753777419964,0.013049489341388268,-0.022636869265673525]]",1066.153602608,1066.155163986,21.875,50135,"[1827, 3724, -3345]","[[-50, 25, -59], [-55, 36, -72], [-56, 46, -78], [-54, 54, -79], [-49, 53, -85]]"
1.645308,1.969375,body,0.000000,0.000000,0.000000,0.000000,0.000000,0.000000,0.000000,0.000000,0.000000,0.000000,0.000000,0.000000,6.683414,-3.269881,-6.017227,0.011252,0.011119,-0.019974,bmi088,0.010793415999842182,"[[0.012250541014364496,0.01171790879634865,-0.022370553156665602],[0.010652644360316953,0.010918960469324878,-0.02077265650261806],[0.010652644360316953,0.010918960469324878,-0.01864212763055467],[0.011451592687340724,0.010918960469324878,-0.018109495412538822]]",1066.1643960239999,1066.1660663025,21.875,50416,"[1821, 3722, -3351]","[[-44, 46, -84], [-41, 40, -78], [-41, 40, -70], [-41, 43, -68]]"
1.656935,1.981094,body,0.000000,0.000000,0.000000,0.000000,0.000000,0.000000,0.000000,0.000000,0.000000,0.000000,0.000000,0.000000,6.679823,-3.250129,-6.036979,0.005912,0.003302,-0.012996,bmi088,0.011658284500299487,"[[0.011185276578332801,0.009853696033293183,-0.018109495412538822],[0.00825579937924564,0.006657902725198096,-0.017576863194522972],[0.0055926382891664005,0.0029294771990871623,-0.014913702104443736],[0.0029294771990871623,-0.0005326322180158477,-0.010120012142301106],[0.001597896654047543,-0.0023968449810713144,-0.004261057744126781]]",1066.1760543085002,1066.177580469,21.875,50716,"[1810, 3720, -3362]","[[-37, 42, -68], [-25, 31, -66], [-11, 21, -56], [2, 11, -38], [9, 6, -16]]"
1.668067,1.992188,body,0.000000,0.000000,0.000000,0.000000,0.000000,0.000000,0.000000,0.000000,0.000000,0.000000,0.000000,0.000000,6.690597,-3.268085,-6.090849,-0.004394,-0.005459,0.007989,bmi088,0.010835849999693892,"[[-0.0007989483270237715,-0.003994741635118857,0.001864212763055467],[-0.00346210941710301,-0.004793689962142629,0.006391586616190172],[-0.005060006071150553,-0.006125270507182248,0.010652644360316953],[-0.00825579937924564,-0.00692421883420602,0.013049489341388268]]",1066.1868901584999,1066.1885636695001,21.875,51000,"[1820, 3726, -3392]","[[15, -3, 7], [18, -13, 24], [23, -19, 40], [26, -31, 49]]"
1.679096,2.003672,body,0.000000,0.000000,0.000000,0.000000,0.000000,0.000000,0.000000,0.000000,0.000000,0.000000,0.000000,0.000000,6.717531,-3.271677,-6.094440,-0.010227,-0.005593,0.018163,bmi088,0.011518678500124224,"[[-0.010918960469324878,-0.007723167161229791,0.01597896654047543],[-0.012783173232380344,-0.006125270507182248,0.01944107595757844],[-0.011185276578332801,-0.005060006071150553,0.020506340393610135],[-0.009054747706269411,-0.004261057744126781,0.01997370817559429],[-0.007190534943213944,-0.004793689962142629,0.014913702104443736]]",1066.198408837,1066.200184032,21.875,51294,"[1822, 3741, -3394]","[[29, -41, 60], [23, -48, 73], [19, -42, 77], [16, -34, 75], [18, -27, 56]]"
1.690076,2.013672,body,0.000000,0.000000,0.000000,0.000000,0.000000,0.000000,0.000000,0.000000,0.000000,0.000000,0.000000,0.000000,6.704962,-3.291429,-6.101623,-0.003662,-0.001132,0.006591,bmi088,0.010504011999955765,"[[-0.0055926382891664005,-0.00346210941710301,0.01038632825130903],[-0.004527373853134706,-0.001597896654047543,0.006391586616190172],[-0.002663161090079238,-0.00026631610900792384,0.005326322180158476],[-0.001864212763055467,0.0007989483270237715,0.004261057744126781]]",1066.208912849,1066.2100196155002,21.875,51550,"[1833, 3734, -3398]","[[13, -21, 39], [6, -17, 24], [1, -10, 20], [-3, -7, 16]]"
1.700668,2.025039,body,0.000000,0.000000,0.000000,0.000000,0.000000,0.000000,0.000000,0.000000,0.000000,0.000000,0.000000,0.000000,6.679823,-3.271677,-6.053140,-0.004194,0.006258,0.002264,bmi088,0.010657154000000446,"[[-0.001864212763055467,0.0023968449810713144,0.003195793308095086],[-0.003195793308095086,0.0055926382891664005,0.0021305288720633907],[-0.005060006071150553,0.007723167161229791,0.001864212763055467],[-0.006657902725198096,0.009321063815277334,0.001864212763055467]]",1066.219570003,1066.2210718430001,21.875,51841,"[1822, 3720, -3371]","[[-9, -7, 12], [-21, -12, 8], [-29, -19, 7], [-35, -25, 7]]"
1.710752,2.035469,body,0.000000,0.000000,0.000000,0.000000,0.000000,0.000000,0.000000,0.000000,0.000000,0.000000,0.000000,0.000000,6.658275,-3.259107,-6.024410,-0.001531,0.010253,-0.000067,bmi088,0.010317956000108097,"[[-0.006657902725198096,0.009587379924285258,0.001864212763055467],[-0.003728425526110934,0.01038632825130903,0.001331580545039619],[0.0005326322180158477,0.01038632825130903,-0.0005326322180158477],[0.003728425526110934,0.010652644360316953,-0.0029294771990871623]]",1066.229887959,1066.231607824,21.875,52108,"[1815, 3708, -3355]","[[-36, -25, 7], [-39, -14, 5], [-39, 2, -2], [-40, 14, -11]]"
1.721293,2.046406,body,0.000000,0.000000,0.000000,0.000000,0.000000,0.000000,0.000000,0.000000,0.000000,0.000000,0.000000,0.000000,6.656479,-3.269881,-6.035184,0.003356,0.006711,-0.006871,bmi088,0.010711604499874738,"[[0.004793689962142629,0.009853696033293183,-0.005060006071150553],[0.004527373853134706,0.008522115488253563,-0.005858954398174325],[0.003195793308095086,0.00692421883420602,-0.006657902725198096],[0.001864212763055467,0.005060006071150553,-0.007723167161229791],[0.0023968449810713144,0.003195793308095086,-0.009054747706269411]]",1066.2405995635,1066.242430313,21.875,52388,"[1821, 3707, -3361]","[[-37, 18, -19], [-32, 17, -22], [-26, 12, -25], [-19, 7, -29], [-12, 9, -34]]"
1.733040,2.058008,body,0.000000,0.000000,0.000000,0.000000,0.000000,0.000000,0.000000,0.000000,0.000000,0.000000,0.000000,0.000000,6.685210,-3.269881,-6.089053,0.006658,0.000866,-0.007657,bmi088,0.011503478500117126,"[[0.004261057744126781,0.0021305288720633907,-0.009587379924285258],[0.007190534943213944,0.0010652644360316954,-0.007723167161229791],[0.007989483270237714,0.0005326322180158477,-0.007456851052221868],[0.007190534943213944,-0.00026631610900792384,-0.005858954398174325]]",1066.252103042,1066.2536333145,21.875,52685,"[1821, 3723, -3391]","[[-8, 16, -36], [-4, 27, -29], [-2, 30, -28], [1, 27, -22]]"
1.743967,2.068516,body,0.000000,0.000000,0.000000,0.000000,0.000000,0.000000,0.000000,0.000000,0.000000,0.000000,0.000000,0.000000,6.695983,-3.273472,-6.072893,-0.000799,0.002237,-0.003089,bmi088,0.010967854999989868,"[[0.005060006071150553,0.00026631610900792384,-0.005858954398174325],[0.001597896654047543,0.001331580545039619,-0.005060006071150553],[-0.0010652644360316954,0.002663161090079238,-0.003994741635118857],[-0.003994741635118857,0.003195793308095086,-0.001864212763055467],[-0.0055926382891664005,0.003728425526110934,0.001331580545039619]]",1066.263070897,1066.26422477,21.875,52954,"[1823, 3729, -3382]","[[-1, 19, -22], [-5, 6, -19], [-10, -4, -15], [-12, -15, -7], [-14, -21, 5]]"
1.755022,2.080156,body,0.000000,0.000000,0.000000,0.000000,0.000000,0.000000,0.000000,0.000000,0.000000,0.000000,0.000000,0.000000,6.692392,-3.293224,-6.053140,-0.008722,0.005792,0.002131,bmi088,0.01097007999987909,"[[-0.007190534943213944,0.005060006071150553,0.0029294771990871623],[-0.008788431597261486,0.006125270507182248,0.0021305288720633907],[-0.009054747706269411,0.006657902725198096,0.001864212763055467],[-0.009853696033293183,0.005326322180158476,0.001597896654047543]]",1066.274040977,1066.275559841,21.875,53252,"[1834, 3727, -3371]","[[-19, -27, 11], [-23, -33, 8], [-25, -34, 7], [-20, -37, 6]]"
1.765739,2.090703,body,0.000000,0.000000,0.000000,0.000000,0.000000,0.000000,0.000000,0.000000,0.000000,0.000000,0.000000,0.000000,6.670844,-3.269881,-6.054936,-0.014048,0.001664,0.003396,bmi088,0.010622031500133744,"[[-0.010918960469324878,0.003728425526110934,0.003195793308095086],[-0.013582121559404116,0.0029294771990871623,0.00346210941710301],[-0.015446334322459582,0.0010652644360316954,0.00346210941710301],[-0.016245282649483356,-0.0010652644360316954,0.00346210941710301]]",1066.2846630085,1066.286230339,21.875,53522,"[1821, 3715, -3372]","[[-14, -41, 12], [-11, -51, 13], [-4, -58, 13], [4, -61, 13]]"
1.776339,2.101523,body,0.000000,0.000000,0.000000,0.000000,0.000000,0.000000,0.000000,0.000000,0.000000,0.000000,0.000000,0.000000,6.690597,-3.284246,-6.078279,-0.016578,-0.003795,0.006858,bmi088,0.010477065500026583,"[[-0.016777914867499202,-0.003994741635118857,0.004261057744126781],[-0.016777914867499202,-0.004793689962142629,0.006125270507182248],[-0.01651159875849128,-0.003994741635118857,0.007723167161229791],[-0.016245282649483356,-0.0023968449810713144,0.009321063815277334]]",1066.295140074,1066.2967731029999,21.875,53799,"[1829, 3726, -3385]","[[15, -63, 16], [18, -63, 23], [15, -62, 29], [9, -61, 35]]"
1.786410,2.111328,body,0.000000,0.000000,0.000000,0.000000,0.000000,0.000000,0.000000,0.000000,0.000000,0.000000,0.000000,0.000000,6.687005,-3.321955,-6.058527,-0.016512,-0.002796,0.016245,bmi088,0.00973762650005483,"[[-0.016777914867499202,-0.001597896654047543,0.012516857123372421],[-0.017044230976507126,-0.0023968449810713144,0.01597896654047543],[-0.016245282649483356,-0.00346210941710301,0.018375811521546746],[-0.01597896654047543,-0.003728425526110934,0.018109495412538822]]",1066.3048777005001,1066.306647599,21.875,54050,"[1850, 3724, -3374]","[[6, -63, 47], [9, -64, 60], [13, -61, 69], [14, -60, 68]]"
1.796418,2.121914,body,0.000000,0.000000,0.000000,0.000000,0.000000,0.000000,0.000000,0.000000,0.000000,0.000000,0.000000,0.000000,6.683414,-3.278859,-6.042366,-0.013369,-0.007617,0.004048,bmi088,0.010543611999764835,"[[-0.015712650431467506,-0.004261057744126781,0.01464738599543581],[-0.015180018213451659,-0.005326322180158476,0.009321063815277334],[-0.014114753777419964,-0.006657902725198096,0.003195793308095086],[-0.01171790879634865,-0.009587379924285258,-0.001864212763055467],[-0.010120012142301106,-0.012250541014364496,-0.005060006071150553]]",1066.3154213125,1066.317110728,21.875,54321,"[1826, 3722, -3365]","[[16, -59, 55], [20, -57, 35], [25, -53, 12], [36, -44, -7], [46, -38, -19]]"
1.807297,2.132891,body,0.000000,0.000000,0.000000,0.000000,0.000000,0.000000,0.000000,0.000000,0.000000,0.000000,0.000000,0.000000,6.681618,-3.296816,-6.060323,-0.003928,-0.013049,-0.004661,bmi088,0.010798135000186448,"[[-0.00692421883420602,-0.014381069886427887,-0.006391586616190172],[-0.004793689962142629,-0.014114753777419964,-0.005858954398174325],[-0.0023968449810713144,-0.012516857123372421,-0.004527373853134706],[-0.001597896654047543,-0.011185276578332801,-0.001864212763055467]]",1066.3262194475,1066.327818539,21.875,54602,"[1836, 3721, -3375]","[[54, -26, -24], [53, -18, -22], [47, -9, -17], [42, -6, -7]]"
1.818238,2.144062,body,0.000000,0.000000,0.000000,0.000000,0.000000,0.000000,0.000000,0.000000,0.000000,0.000000,0.000000,0.000000,6.690597,-3.268085,-6.060323,0.002463,-0.007457,0.006258,bmi088,0.01119600799984255,"[[0.0,-0.009853696033293183,0.001864212763055467],[0.0023968449810713144,-0.007989483270237714,0.005326322180158476],[0.00346210941710301,-0.006391586616190172,0.00825579937924564],[0.003994741635118857,-0.0055926382891664005,0.009587379924285258]]",1066.3374154555,1066.3389321275,21.875,54888,"[1820, 3726, -3375]","[[37, 0, 7], [30, 9, 20], [24, 13, 31], [21, 15, 36]]"
1.829662,2.154844,body,0.000000,0.000000,0.000000,0.000000,0.000000,0.000000,0.000000,0.000000,0.000000,0.000000,0.000000,0.000000,6.715736,-3.242946,-6.044162,0.005859,-0.005220,-0.000213,bmi088,0.010955229500041241,"[[0.003195793308095086,-0.0055926382891664005,0.00825579937924564],[0.004261057744126781,-0.005858954398174325,0.004527373853134706],[0.005326322180158476,-0.005060006071150553,-0.0007989483270237715],[0.006657902725198096,-0.005060006071150553,-0.005060006071150553],[0.009853696033293183,-0.004527373853134706,-0.007989483270237714]]",1066.348370685,1066.349744583,21.875,55164,"[1806, 3740, -3366]","[[21, 12, 31], [22, 16, 17], [19, 20, -3], [19, 25, -19], [17, 37, -30]]"
1.839732,2.165117,body,0.000000,0.000000,0.000000,0.000000,0.000000,0.000000,0.000000,0.000000,0.000000,0.000000,0.000000,0.000000,6.699575,-3.284246,-6.078279,0.014847,-0.007590,-0.007523,bmi088,0.00986475149989019,"[[0.012516857123372421,-0.005858954398174325,-0.009321063815277334],[0.01597896654047543,-0.006657902725198096,-0.009054747706269411],[0.015446334322459582,-0.008522115488253563,-0.007723167161229791],[0.015446334322459582,-0.009321063815277334,-0.003994741635118857]]",1066.3582354364999,1066.3598657930002,21.875,55427,"[1829, 3731, -3385]","[[22, 47, -35], [25, 60, -34], [32, 58, -29], [35, 58, -15]]"
1.849664,2.175156,body,0.000000,0.000000,0.000000,0.000000,0.000000,0.000000,0.000000,0.000000,0.000000,0.000000,0.000000,0.000000,6.717531,-3.269881,-6.099827,0.012650,-0.009920,0.009388,bmi088,0.010388278000164064,"[[0.013582121559404116,-0.010652644360316953,0.001331580545039619],[0.013049489341388268,-0.01038632825130903,0.007190534943213944],[0.01171790879634865,-0.009853696033293183,0.012250541014364496],[0.012250541014364496,-0.008788431597261486,0.016777914867499202]]",1066.3686237145,1066.3697397295,21.875,55684,"[1821, 3741, -3397]","[[40, 51, 5], [39, 49, 27], [37, 44, 46], [33, 46, 63]]"
1.860122,2.185820,body,0.000000,0.000000,0.000000,0.000000,0.000000,0.000000,0.000000,0.000000,0.000000,0.000000,0.000000,0.000000,6.719327,-3.269881,-6.081871,0.010986,-0.003262,0.019308,bmi088,0.010240382999882058,"[[0.012516857123372421,-0.007190534943213944,0.02077265650261806],[0.012516857123372421,-0.004793689962142629,0.021571604829641832],[0.01038632825130903,-0.001864212763055467,0.01944107595757844],[0.008522115488253563,0.0007989483270237715,0.015446334322459582]]",1066.3788640975,1066.3803885935,21.875,55957,"[1821, 3742, -3387]","[[27, 47, 78], [18, 47, 81], [7, 39, 73], [-3, 32, 58]]"
1.870861,2.197539,body,0.000000,0.000000,0.000000,0.000000,0.000000,0.000000,0.000000,0.000000,0.000000,0.000000,0.000000,0.000000,6.688801,-3.260903,-6.069301,0.011718,0.003928,-0.000599,bmi088,0.011419937000027858,"[[0.008788431597261486,0.0023968449810713144,0.01038632825130903],[0.011451592687340724,0.003728425526110934,0.0029294771990871623],[0.012783173232380344,0.004527373853134706,-0.003994741635118857],[0.01384843766841204,0.005060006071150553,-0.01171790879634865]]",1066.3902840345,1066.391801171,21.875,56257,"[1816, 3725, -3380]","[[-9, 33, 39], [-14, 43, 11], [-17, 48, -15], [-19, 52, -44]]"
1.882367,2.209102,body,0.000000,0.000000,0.000000,0.000000,0.000000,0.000000,0.000000,0.000000,0.000000,0.000000,0.000000,0.000000,6.676231,-3.277064,-6.040571,0.016139,0.004421,-0.024128,bmi088,0.011265643000115233,"[[0.013315805450396193,0.005326322180158476,-0.018109495412538822],[0.014381069886427887,0.0055926382891664005,-0.0234358175926973],[0.015712650431467506,0.005326322180158476,-0.026098978682776535],[0.018109495412538822,0.003994741635118857,-0.02636529479178446],[0.019174759848570515,0.001864212763055467,-0.026631610900792385]]",1066.4015496775,1066.4033566495,21.875,56553,"[1825, 3718, -3364]","[[-20, 50, -68], [-21, 54, -88], [-20, 59, -98], [-15, 68, -99], [-7, 72, -100]]"
1.893216,2.219766,body,0.000000,0.000000,0.000000,0.000000,0.000000,0.000000,0.000000,0.000000,0.000000,0.000000,0.000000,0.000000,6.665457,-3.255516,-6.029797,0.016046,-0.001265,-0.023236,bmi088,0.010755348999964554,"[[0.019174759848570515,0.0005326322180158477,-0.02716424311880823],[0.01731054708551505,-0.0007989483270237715,-0.025832662573768612],[0.01464738599543581,-0.0021305288720633907,-0.02290318537468145],[0.013049489341388268,-0.002663161090079238,-0.017044230976507126]]",1066.4123050265,1066.4136550355,21.875,56826,"[1813, 3712, -3358]","[[-2, 72, -102], [3, 65, -97], [8, 55, -86], [10, 49, -64]]"
1.903790,2.229883,body,0.000000,0.000000,0.000000,0.000000,0.000000,0.000000,0.000000,0.000000,0.000000,0.000000,0.000000,0.000000,6.629544,-3.223194,-6.010045,0.013316,-0.004860,-0.005326,bmi088,0.009944739000047775,"[[0.013582121559404116,-0.003195793308095086,-0.012250541014364496],[0.014913702104443736,-0.003728425526110934,-0.00692421883420602],[0.013582121559404116,-0.005326322180158476,-0.0023968449810713144],[0.011185276578332801,-0.007190534943213944,0.00026631610900792384]]",1066.4222497655,1066.423955965,21.875,57085,"[1795, 3692, -3347]","[[12, 51, -46], [14, 56, -26], [20, 51, -9], [27, 42, 1]]"
1.914917,2.241211,body,0.000000,0.000000,0.000000,0.000000,0.000000,0.000000,0.000000,0.000000,0.000000,0.000000,0.000000,0.000000,6.678027,-3.268085,-6.001066,0.008682,-0.016192,-0.000746,bmi088,0.011588999999958105,"[[0.00825579937924564,-0.010918960469324878,0.0007989483270237715],[0.00825579937924564,-0.014114753777419964,-0.0005326322180158477],[0.008788431597261486,-0.017044230976507126,-0.001864212763055467],[0.009587379924285258,-0.01864212763055467,-0.001331580545039619],[0.008522115488253563,-0.020240024284602212,-0.0007989483270237715]]",1066.4338387655,1066.4350732975,21.875,57375,"[1820, 3719, -3342]","[[41, 31, 3], [53, 31, -2], [64, 33, -7], [70, 36, -5], [76, 32, -3]]"
1.925006,2.251406,body,0.000000,0.000000,0.000000,0.000000,0.000000,0.000000,0.000000,0.000000,0.000000,0.000000,0.000000,0.000000,6.694188,-3.260903,-6.092645,0.004328,-0.023835,0.008056,bmi088,0.00997221200009335,"[[0.00692421883420602,-0.021038972611625982,0.0005326322180158477],[0.005326322180158476,-0.022636869265673525,0.003728425526110934],[0.00346210941710301,-0.024501082028728992,0.009587379924285258],[0.001597896654047543,-0.02716424311880823,0.018375811521546746]]",1066.4438109775,1066.445194796,21.875,57636,"[1816, 3728, -3393]","[[79, 26, 2], [85, 20, 14], [92, 13, 36], [102, 6, 69]]"
1.935602,2.262109,body,0.000000,0.000000,0.000000,0.000000,0.000000,0.000000,0.000000,0.000000,0.000000,0.000000,0.000000,0.000000,6.758831,-3.244742,-6.121375,-0.002397,-0.024168,0.035753,bmi088,0.010244176000014704,"[[-0.00026631610900792384,-0.027963191445832,0.027430559227816155],[-0.001597896654047543,-0.026631610900792385,0.03542004249805387],[-0.003195793308095086,-0.022636869265673525,0.03941478413317273],[-0.004527373853134706,-0.01944107595757844,0.04074636467821235]]",1066.4540551535001,1066.455799691,21.875,57910,"[1807, 3764, -3409]","[[105, -1, 103], [100, -6, 133], [85, -12, 148], [73, -17, 153]]"
1.946354,2.272734,body,0.000000,0.000000,0.000000,0.000000,0.000000,0.000000,0.000000,0.000000,0.000000,0.000000,0.000000,0.000000,6.737283,-3.255516,-6.099827,-0.006858,-0.014448,0.037151,bmi088,0.010460456999908274,"[[-0.006391586616190172,-0.018375811521546746,0.040480048569204424],[-0.00692421883420602,-0.017044230976507126,0.040480048569204424],[-0.00692421883420602,-0.013315805450396193,0.03675162304309349],[-0.007190534943213944,-0.009054747706269411,0.030892668644919165]]",1066.4645156105,1066.4662785325,21.875,58182,"[1813, 3752, -3397]","[[69, -24, 152], [64, -26, 152], [50, -26, 138], [34, -27, 116]]"
1.956548,2.283711,body,0.000000,0.000000,0.000000,0.000000,0.000000,0.000000,0.000000,0.000000,0.000000,0.000000,0.000000,0.000000,6.731897,-3.289633,-6.044162,-0.005646,0.000373,0.009321,bmi088,0.010948701000188521,"[[-0.00825579937924564,-0.005326322180158476,0.02290318537468145],[-0.009853696033293183,-0.002663161090079238,0.015712650431467506],[-0.007989483270237714,-0.00026631610900792384,0.007723167161229791],[-0.003728425526110934,0.00346210941710301,0.0021305288720633907],[0.001597896654047543,0.006657902725198096,-0.001864212763055467]]",1066.4754643115002,1066.476973415,21.875,58463,"[1832, 3749, -3366]","[[20, -31, 86], [10, -37, 59], [1, -30, 29], [-13, -14, 8], [-25, 6, -7]]"
1.967389,2.294844,body,0.000000,0.000000,0.000000,0.000000,0.000000,0.000000,0.000000,0.000000,0.000000,0.000000,0.000000,0.000000,6.683414,-3.273472,-6.062119,0.011385,0.015247,-0.010586,bmi088,0.010902746999818191,"[[0.005858954398174325,0.010918960469324878,-0.004793689962142629],[0.009587379924285258,0.014381069886427887,-0.008788431597261486],[0.013049489341388268,0.017576863194522972,-0.012516857123372421],[0.017044230976507126,0.018109495412538822,-0.016245282649483356]]",1066.4863670585,1066.487993879,21.875,58748,"[1823, 3722, -3376]","[[-41, 22, -18], [-54, 36, -33], [-66, 49, -47], [-68, 64, -61]]"
1.978107,2.305898,body,0.000000,0.000000,0.000000,0.000000,0.000000,0.000000,0.000000,0.000000,0.000000,0.000000,0.000000,0.000000,6.660070,-3.248333,-6.020819,0.021172,0.013582,-0.035886,bmi088,0.010989102999928946,"[[0.01944107595757844,0.017044230976507126,-0.021837920938649755],[0.021837920938649755,0.014913702104443736,-0.030360036426903318],[0.02210423704765768,0.012516857123372421,-0.041278996896228194],[0.021305288720633905,0.009853696033293183,-0.050067428493489684]]",1066.4973561615,1066.4990860265,21.875,59031,"[1809, 3709, -3353]","[[-64, 73, -82], [-56, 82, -114], [-47, 83, -155], [-37, 80, -188]]"
1.989014,2.316055,body,0.000000,0.000000,0.000000,0.000000,0.000000,0.000000,0.000000,0.000000,0.000000,0.000000,0.000000,0.000000,6.663662,-3.266290,-6.019023,0.013848,0.000399,-0.049402,bmi088,0.010325667000188332,"[[0.01731054708551505,0.0055926382891664005,-0.05566006678265608],[0.014114753777419964,0.001597896654047543,-0.05539375067364816],[0.011984224905356573,-0.0023968449810713144,-0.04953479627547384],[0.011984224905356573,-0.003195793308095086,-0.037017939152101415]]",1066.5076818285002,1066.5089576585,21.875,59291,"[1819, 3711, -3352]","[[-21, 65, -209], [-6, 53, -208], [9, 45, -186], [12, 45, -139]]"
1.999149,2.326367,body,0.000000,0.000000,0.000000,0.000000,0.000000,0.000000,0.000000,0.000000,0.000000,0.000000,0.000000,0.000000,6.676231,-3.259107,-6.044162,0.008682,-0.002131,0.005326,bmi088,0.010246559999814053,"[[0.011185276578332801,-0.0023968449810713144,-0.020506340393610135],[0.009587379924285258,-0.001331580545039619,-0.003994741635118857],[0.008522115488253563,-0.0010652644360316954,0.009853696033293183],[0.007989483270237714,-0.002663161090079238,0.01864212763055467],[0.006125270507182248,-0.003195793308095086,0.022636869265673525]]",1066.5179283885,1066.5193775214998,21.875,59555,"[1815, 3718, -3366]","[[9, 42, -77], [5, 36, -15], [4, 32, 37], [10, 30, 70], [12, 23, 85]]"
2.009539,2.336719,body,0.000000,0.000000,0.000000,0.000000,0.000000,0.000000,0.000000,0.000000,0.000000,0.000000,0.000000,0.000000,6.704962,-3.264494,-6.067506,-0.004194,-0.007590,0.008589,bmi088,0.010008389499944315,"[[0.0023968449810713144,-0.004527373853134706,0.020240024284602212],[-0.003195793308095086,-0.006125270507182248,0.013582121559404116],[-0.007190534943213944,-0.008522115488253563,0.004261057744126781],[-0.008788431597261486,-0.011185276578332801,-0.003728425526110934]]",1066.527936778,1066.5295857434999,21.875,59820,"[1818, 3734, -3379]","[[17, 9, 76], [23, -12, 51], [32, -27, 16], [42, -33, -14]]"
2.020884,2.347969,body,0.000000,0.000000,0.000000,0.000000,0.000000,0.000000,0.000000,0.000000,0.000000,0.000000,0.000000,0.000000,6.717531,-3.251924,-6.083666,-0.011052,-0.011651,-0.005726,bmi088,0.011318349000248418,"[[-0.009321063815277334,-0.012250541014364496,-0.009587379924285258],[-0.009587379924285258,-0.012250541014364496,-0.010918960469324878],[-0.01171790879634865,-0.011451592687340724,-0.006391586616190172],[-0.013582121559404116,-0.010652644360316953,0.003994741635118857]]",1066.5392551270002,1066.5406900835,21.875,60108,"[1811, 3741, -3388]","[[46, -35, -36], [46, -36, -41], [43, -44, -24], [40, -51, 15]]"
2.031000,2.358711,body,0.000000,0.000000,0.000000,0.000000,0.000000,0.000000,0.000000,0.000000,0.000000,0.000000,0.000000,0.000000,6.715736,-3.271677,-6.107010,-0.014714,-0.007590,0.037484,bmi088,0.010816311499638687,"[[-0.01464738599543581,-0.010120012142301106,0.019707392066586366],[-0.014913702104443736,-0.008522115488253563,0.03408846195301425],[-0.014381069886427887,-0.007456851052221868,0.04607268685837083],[-0.014913702104443736,-0.004261057744126781,0.050067428493489684]]",1066.5500714384998,1066.5513292355,21.875,60383,"[1822, 3740, -3401]","[[38, -55, 74], [32, -56, 128], [28, -54, 173], [16, -56, 188]]"
2.041067,2.368789,body,0.000000,0.000000,0.000000,0.000000,0.000000,0.000000,0.000000,0.000000,0.000000,0.000000,0.000000,0.000000,6.703166,-3.255516,-6.085462,-0.016312,0.000599,0.038416,bmi088,0.0095864520003488,"[[-0.015712650431467506,-0.0007989483270237715,0.04926848016646591],[-0.016245282649483356,0.001597896654047543,0.04340952576829159],[-0.017044230976507126,0.001331580545039619,0.03542004249805387],[-0.016245282649483356,0.00026631610900792384,0.02556634646476069]]",1066.5596578905001,1066.561307432,21.875,60641,"[1813, 3733, -3389]","[[3, -59, 185], [-6, -61, 163], [-5, -64, 133], [-1, -61, 96]]"
2.051040,2.378906,body,0.000000,0.000000,0.000000,0.000000,0.000000,0.000000,0.000000,0.000000,0.000000,0.000000,0.000000,0.000000,6.688801,-3.271677,-6.029797,-0.008855,0.003795,0.001198,bmi088,0.010205213999824991,"[[-0.015180018213451659,0.0,0.015712650431467506],[-0.011451592687340724,0.001864212763055467,0.005326322180158476],[-0.007190534943213944,0.005326322180158476,-0.004527373853134706],[-0.001597896654047543,0.007989483270237714,-0.01171790879634865]]",1066.5698631045,1066.571182808,21.875,60900,"[1822, 3725, -3358]","[[0, -57, 59], [-7, -43, 20], [-20, -27, -17], [-30, -6, -44]]"
2.062208,2.390547,body,0.000000,0.000000,0.000000,0.000000,0.000000,0.000000,0.000000,0.000000,0.000000,0.000000,0.000000,0.000000,6.681618,-3.255516,-5.999271,0.008522,0.008309,-0.020666,bmi088,0.01129170800004431,"[[0.0029294771990871623,0.00825579937924564,-0.016777914867499202],[0.00692421883420602,0.007723167161229791,-0.018908443739562592],[0.009587379924285258,0.007723167161229791,-0.021038972611625982],[0.011185276578332801,0.008522115488253563,-0.02290318537468145],[0.011984224905356573,0.009321063815277334,-0.023702133701705222]]",1066.5811548125,1066.5826373865,21.875,61198,"[1813, 3721, -3341]","[[-31, 11, -63], [-29, 26, -71], [-29, 36, -79], [-32, 42, -86], [-35, 45, -89]]"
2.073218,2.401758,body,0.000000,0.000000,0.000000,0.000000,0.000000,0.000000,0.000000,0.000000,0.000000,0.000000,0.000000,0.000000,6.697779,-3.262698,-6.038775,0.012983,0.009321,-0.021505,bmi088,0.01124253700004374,"[[0.012250541014364496,0.009321063815277334,-0.0234358175926973],[0.012783173232380344,0.010120012142301106,-0.022370553156665602],[0.013315805450396193,0.009321063815277334,-0.021038972611625982],[0.013582121559404116,0.008522115488253563,-0.019174759848570515]]",1066.5923973495,1066.593892709,21.875,61485,"[1817, 3730, -3363]","[[-35, 46, -88], [-38, 48, -84], [-35, 50, -79], [-32, 51, -72]]"
2.083690,2.411836,body,0.000000,0.000000,0.000000,0.000000,0.000000,0.000000,0.000000,0.000000,0.000000,0.000000,0.000000,0.000000,6.722918,-3.237559,-6.071097,0.006325,0.004527,-0.014714,bmi088,0.009961603999954605,"[[0.011984224905356573,0.006657902725198096,-0.01731054708551505],[0.00825579937924564,0.005858954398174325,-0.01597896654047543],[0.003994741635118857,0.003728425526110934,-0.01464738599543581],[0.0010652644360316954,0.001864212763055467,-0.010918960469324878]]",1066.6023589535,1066.6039111465,21.875,61743,"[1803, 3744, -3381]","[[-25, 45, -65], [-22, 31, -60], [-14, 15, -55], [-7, 4, -41]]"
2.094016,2.422813,body,0.000000,0.000000,0.000000,0.000000,0.000000,0.000000,0.000000,0.000000,0.000000,0.000000,0.000000,0.000000,6.719327,-3.266290,-6.083666,-0.005526,-0.001132,-0.000866,bmi088,0.010247632000073281,"[[-0.001864212763055467,0.0,-0.007456851052221868],[-0.005060006071150553,-0.0010652644360316954,-0.002663161090079238],[-0.00692421883420602,-0.001864212763055467,0.0007989483270237715],[-0.00825579937924564,-0.001597896654047543,0.005858954398174325]]",1066.6126065855,1066.6144894645,21.875,62024,"[1819, 3742, -3388]","[[0, -7, -28], [4, -19, -10], [7, -26, 3], [6, -31, 22]]"
2.104835,2.432109,body,0.000000,0.000000,0.000000,0.000000,0.000000,0.000000,0.000000,0.000000,0.000000,0.000000,0.000000,0.000000,6.703166,-3.264494,-6.081871,-0.010053,0.000866,0.012450,bmi088,0.010384405499962668,"[[-0.009054747706269411,-0.0007989483270237715,0.009321063815277334],[-0.010120012142301106,0.0005326322180158477,0.012516857123372421],[-0.010120012142301106,0.001331580545039619,0.013582121559404116],[-0.010918960469324878,0.0023968449810713144,0.014381069886427887]]",1066.622990991,1066.6239149815,21.875,62262,"[1818, 3733, -3387]","[[3, -34, 35], [-2, -38, 47], [-5, -38, 51], [-9, -41, 54]]"
2.114914,2.443789,body,0.000000,0.000000,0.000000,0.000000,0.000000,0.000000,0.000000,0.000000,0.000000,0.000000,0.000000,0.000000,6.683414,-3.260903,-6.065710,-0.015553,0.005167,0.007776,bmi088,0.010940669000092385,"[[-0.010652644360316953,0.004261057744126781,0.012516857123372421],[-0.012783173232380344,0.005858954398174325,0.01038632825130903],[-0.014913702104443736,0.006125270507182248,0.007456851052221868],[-0.01864212763055467,0.005326322180158476,0.005060006071150553],[-0.02077265650261806,0.004261057744126781,0.00346210941710301]]",1066.6339316600001,1066.6352475869999,21.875,62561,"[1816, 3722, -3378]","[[-16, -40, 47], [-22, -48, 39], [-23, -56, 28], [-20, -70, 19], [-16, -78, 13]]"
2.126775,2.456211,body,0.000000,0.000000,0.000000,0.000000,0.000000,0.000000,0.000000,0.000000,0.000000,0.000000,0.000000,0.000000,6.669049,-3.298611,-6.045958,-0.019335,0.004314,0.008096,bmi088,0.012092348999885871,"[[-0.02077265650261806,0.005060006071150553,0.00346210941710301],[-0.020506340393610135,0.006125270507182248,0.004527373853134706],[-0.019707392066586366,0.005858954398174325,0.007190534943213944],[-0.01864212763055467,0.00346210941710301,0.01038632825130903],[-0.017044230976507126,0.0010652644360316954,0.014913702104443736]]",1066.646024009,1066.647782179,21.875,62879,"[1837, 3714, -3367]","[[-19, -78, 13], [-23, -77, 17], [-22, -74, 27], [-13, -70, 39], [-4, -64, 56]]"
2.138180,2.467305,body,0.000000,0.000000,0.000000,0.000000,0.000000,0.000000,0.000000,0.000000,0.000000,0.000000,0.000000,0.000000,6.660070,-3.293224,-6.053140,-0.010519,0.000999,0.009920,bmi088,0.011087923499871977,"[[-0.015446334322459582,0.00026631610900792384,0.015446334322459582],[-0.013049489341388268,0.0007989483270237715,0.01384843766841204],[-0.008522115488253563,0.001331580545039619,0.00825579937924564],[-0.005060006071150553,0.001597896654047543,0.0021305288720633907]]",1066.6571119325,1066.65848807,21.875,63163,"[1834, 3709, -3371]","[[-1, -58, 58], [-3, -49, 52], [-5, -32, 31], [-6, -19, 8]]"
2.149215,2.477148,body,0.000000,0.000000,0.000000,0.000000,0.000000,0.000000,0.000000,0.000000,0.000000,0.000000,0.000000,0.000000,6.665457,-3.268085,-6.045958,-0.004261,-0.001664,-0.012251,bmi088,0.00970845649999319,"[[-0.003195793308095086,0.0005326322180158477,-0.004261057744126781],[-0.003994741635118857,0.0,-0.010918960469324878],[-0.004793689962142629,-0.0023968449810713144,-0.015446334322459582],[-0.005060006071150553,-0.004793689962142629,-0.018375811521546746]]",1066.666820389,1066.668423545,21.875,63415,"[1820, 3712, -3367]","[[-2, -12, -16], [0, -15, -41], [9, -18, -58], [18, -19, -69]]"
2.159301,2.487773,body,0.000000,0.000000,0.000000,0.000000,0.000000,0.000000,0.000000,0.000000,0.000000,0.000000,0.000000,0.000000,6.713940,-3.275268,-6.080075,-0.002610,-0.005859,-0.011452,bmi088,0.011036913499992806,"[[-0.004261057744126781,-0.006657902725198096,-0.017576863194522972],[-0.0029294771990871623,-0.007190534943213944,-0.015446334322459582],[-0.001331580545039619,-0.0055926382891664005,-0.012516857123372421],[-0.001597896654047543,-0.004793689962142629,-0.00825579937924564],[-0.0029294771990871623,-0.005060006071150553,-0.00346210941710301]]",1066.6778573025,1066.679019239,21.875,63687,"[1824, 3739, -3386]","[[25, -16, -66], [27, -11, -58], [21, -5, -47], [18, -6, -31], [19, -11, -13]]"
2.169864,2.499727,body,0.000000,0.000000,0.000000,0.000000,0.000000,0.000000,0.000000,0.000000,0.000000,0.000000,0.000000,0.000000,6.685210,-3.255516,-6.098032,-0.005992,-0.006192,0.008722,bmi088,0.011129013000299892,"[[-0.005060006071150553,-0.006657902725198096,0.002663161090079238],[-0.005858954398174325,-0.007190534943213944,0.008522115488253563],[-0.006125270507182248,-0.006391586616190172,0.01171790879634865],[-0.00692421883420602,-0.004527373853134706,0.011984224905356573]]",1066.6889863155002,1066.6906371045,21.875,63993,"[1813, 3723, -3396]","[[25, -19, 10], [27, -22, 32], [24, -23, 44], [17, -26, 45]]"
2.179949,2.509180,body,0.000000,0.000000,0.000000,0.000000,0.000000,0.000000,0.000000,0.000000,0.000000,0.000000,0.000000,0.000000,6.706757,-3.255516,-6.083666,-0.010653,-0.001997,0.011452,bmi088,0.009470302499721583,"[[-0.009054747706269411,-0.00346210941710301,0.011185276578332801],[-0.011451592687340724,-0.0023968449810713144,0.010918960469324878],[-0.01171790879634865,-0.001864212763055467,0.01171790879634865],[-0.01038632825130903,-0.00026631610900792384,0.011984224905356573]]",1066.698456618,1066.7001464650002,21.875,64235,"[1813, 3735, -3388]","[[13, -34, 42], [9, -43, 41], [7, -44, 44], [1, -39, 45]]"
2.190480,2.520391,body,0.000000,0.000000,0.000000,0.000000,0.000000,0.000000,0.000000,0.000000,0.000000,0.000000,0.000000,0.000000,6.676231,-3.302203,-6.056732,-0.010786,0.001531,0.015513,bmi088,0.011033137000140414,"[[-0.009321063815277334,0.0007989483270237715,0.013315805450396193],[-0.01038632825130903,0.001331580545039619,0.01464738599543581],[-0.011451592687340724,0.0021305288720633907,0.017044230976507126],[-0.011984224905356573,0.001864212763055467,0.017044230976507126]]",1066.709489755,1066.7109910665,21.875,64522,"[1839, 3718, -3373]","[[-3, -35, 50], [-5, -39, 55], [-8, -43, 64], [-7, -45, 64]]"
2.200556,2.529648,body,0.000000,0.000000,0.000000,0.000000,0.000000,0.000000,0.000000,0.000000,0.000000,0.000000,0.000000,0.000000,6.685210,-3.295020,-6.053140,-0.012184,0.000533,0.008389,bmi088,0.009593492000021797,"[[-0.011451592687340724,0.001331580545039619,0.015180018213451659],[-0.010918960469324878,0.0007989483270237715,0.010918960469324878],[-0.012516857123372421,0.0,0.005858954398174325],[-0.01384843766841204,0.0,0.001597896654047543]]",1066.719083247,1066.720335524,21.875,64759,"[1835, 3723, -3371]","[[-5, -43, 57], [-3, -41, 41], [0, -47, 22], [0, -52, 6]]"
2.210828,2.540586,body,0.000000,0.000000,0.000000,0.000000,0.000000,0.000000,0.000000,0.000000,0.000000,0.000000,0.000000,0.000000,6.679823,-3.287837,-6.051345,-0.007723,-0.001664,0.002530,bmi088,0.010369524999987334,"[[-0.012516857123372421,-0.0007989483270237715,-0.001331580545039619],[-0.009054747706269411,-0.001331580545039619,-0.00026631610900792384],[-0.005060006071150553,-0.0021305288720633907,0.003195793308095086],[-0.004261057744126781,-0.0023968449810713144,0.008522115488253563]]",1066.729452772,1066.7312018375,21.875,65039,"[1831, 3720, -3370]","[[3, -47, -5], [5, -34, -1], [8, -19, 12], [9, -16, 32]]"
2.221450,2.551719,body,0.000000,0.000000,0.000000,0.000000,0.000000,0.000000,0.000000,0.000000,0.000000,0.000000,0.000000,0.000000,6.667253,-3.251924,-6.028001,0.003089,-0.004208,0.005965,bmi088,0.010951709499977369,"[[-0.003728425526110934,-0.003728425526110934,0.011451592687340724],[-0.001864212763055467,-0.004527373853134706,0.012250541014364496],[0.002663161090079238,-0.0055926382891664005,0.009054747706269411],[0.007723167161229791,-0.004261057744126781,0.00346210941710301],[0.010652644360316953,-0.0029294771990871623,-0.006391586616190172]]",1066.7404044815,1066.741974691,21.875,65324,"[1811, 3713, -3357]","[[14, -14, 43], [17, -7, 46], [21, 10, 34], [16, 29, 13], [11, 40, -24]]"
2.231962,2.562461,body,0.000000,0.000000,0.000000,0.000000,0.000000,0.000000,0.000000,0.000000,0.000000,0.000000,0.000000,0.000000,6.663662,-3.266290,-6.053140,0.009388,-0.009721,-0.029961,bmi088,0.01064904049985671,"[[0.012250541014364496,-0.003195793308095086,-0.017843179303530896],[0.011185276578332801,-0.006391586616190172,-0.02849582366384785],[0.008788431597261486,-0.012250541014364496,-0.03568635860706179],[0.005326322180158476,-0.017044230976507126,-0.037816887479125184]]",1066.751053522,1066.7525363845,21.875,65599,"[1819, 3711, -3371]","[[12, 46, -67], [24, 42, -107], [46, 33, -134], [64, 20, -142]]"
2.243307,2.573672,body,0.000000,0.000000,0.000000,0.000000,0.000000,0.000000,0.000000,0.000000,0.000000,0.000000,0.000000,0.000000,6.703166,-3.282450,-6.105214,0.006658,-0.016711,-0.007523,bmi088,0.011129029000130686,"[[0.003728425526110934,-0.020240024284602212,-0.032756881407974635],[0.003728425526110934,-0.019174759848570515,-0.018375811521546746],[0.007190534943213944,-0.016245282649483356,0.0007989483270237715],[0.011984224905356573,-0.011185276578332801,0.020240024284602212]]",1066.762182551,1066.7636935745,21.875,65886,"[1828, 3733, -3400]","[[76, 14, -123], [72, 14, -69], [61, 27, 3], [42, 45, 76]]"
2.253374,2.583320,body,0.000000,0.000000,0.000000,0.000000,0.000000,0.000000,0.000000,0.000000,0.000000,0.000000,0.000000,0.000000,6.694188,-3.246537,-6.071097,0.013249,-0.004128,0.032291,bmi088,0.009654294500023752,"[[0.016245282649483356,-0.007190534943213944,0.03488741028003802],[0.01651159875849128,-0.003728425526110934,0.03994741635118858],[0.012516857123372421,-0.002663161090079238,0.035153726389045944],[0.007723167161229791,-0.0029294771990871623,0.019174759848570515]]",1066.7718368455,1066.7734756665,21.875,66133,"[1808, 3728, -3381]","[[27, 61, 131], [14, 62, 150], [10, 47, 132], [11, 29, 72]]"
2.264430,2.594570,body,0.000000,0.000000,0.000000,0.000000,0.000000,0.000000,0.000000,0.000000,0.000000,0.000000,0.000000,0.000000,6.708553,-3.314772,-6.038775,0.003728,-0.007563,-0.025194,bmi088,0.01113997349989404,"[[0.004527373853134706,-0.004793689962142629,-0.0010652644360316954],[0.003728425526110934,-0.006125270507182248,-0.021571604829641832],[0.00346210941710301,-0.008788431597261486,-0.03328951362599048],[0.003728425526110934,-0.008788431597261486,-0.03728425526110934],[0.003195793308095086,-0.009321063815277334,-0.032756881407974635]]",1066.782976819,1066.784660922,21.875,66421,"[1846, 3736, -3363]","[[18, 17, -4], [23, 14, -81], [33, 13, -125], [33, 14, -140], [35, 12, -123]]"
2.275157,2.606211,body,0.000000,0.000000,0.000000,0.000000,0.000000,0.000000,0.000000,0.000000,0.000000,0.000000,0.000000,0.000000,6.695983,-3.262698,-6.069301,0.009254,-0.009787,0.006924,bmi088,0.011463011000159895,"[[0.003728425526110934,-0.009054747706269411,-0.020240024284602212],[0.006391586616190172,-0.009587379924285258,-0.0021305288720633907],[0.011185276578332801,-0.01038632825130903,0.018109495412538822],[0.015712650431467506,-0.010120012142301106,0.03195793308095086]]",1066.79443983,1066.7958062875,21.875,66719,"[1817, 3729, -3380]","[[34, 14, -76], [36, 24, -8], [39, 42, 68], [38, 59, 120]]"
2.286108,2.616602,body,0.000000,0.000000,0.000000,0.000000,0.000000,0.000000,0.000000,0.000000,0.000000,0.000000,0.000000,0.000000,6.733692,-3.264494,-6.101623,0.012051,-0.010187,0.031558,bmi088,0.010460280499955843,"[[0.017576863194522972,-0.011185276578332801,0.03834951969714103],[0.015712650431467506,-0.010918960469324878,0.036218990825077645],[0.01038632825130903,-0.01038632825130903,0.02982740420888747],[0.004527373853134706,-0.00825579937924564,0.021837920938649755]]",1066.8049001105,1066.8064541439999,21.875,66985,"[1818, 3750, -3398]","[[42, 66, 144], [41, 59, 136], [39, 39, 112], [31, 17, 82]]"
2.296532,2.627109,body,0.000000,0.000000,0.000000,0.000000,0.000000,0.000000,0.000000,0.000000,0.000000,0.000000,0.000000,0.000000,6.719327,-3.289633,-6.101623,0.000533,-0.001598,0.004394,bmi088,0.0101920775000508,"[[-0.00026631610900792384,-0.005326322180158476,0.01384843766841204],[-0.001331580545039619,-0.001864212763055467,0.005326322180158476],[0.0,0.00026631610900792384,0.0],[0.003728425526110934,0.0005326322180158477,-0.001597896654047543]]",1066.815092188,1066.8168054285,21.875,67254,"[1832, 3742, -3398]","[[20, -1, 52], [7, -5, 20], [-1, 0, 0], [-2, 14, -6]]"
2.307091,2.638281,body,0.000000,0.000000,0.000000,0.000000,0.000000,0.000000,0.000000,0.000000,0.000000,0.000000,0.000000,0.000000,6.694188,-3.255516,-6.065710,0.019015,0.002557,-0.006764,bmi088,0.010933372499948746,"[[0.010120012142301106,0.0005326322180158477,-0.0005326322180158477],[0.017576863194522972,0.0010652644360316954,0.0],[0.02290318537468145,0.003195793308095086,-0.0029294771990871623],[0.0234358175926973,0.003728425526110934,-0.009853696033293183],[0.021038972611625982,0.004261057744126781,-0.020506340393610135]]",1066.8260255605,1066.827866662,21.875,67540,"[1813, 3728, -3378]","[[-2, 38, -2], [-4, 66, 0], [-12, 86, -11], [-14, 88, -37], [-16, 79, -77]]"
2.318905,2.650156,body,0.000000,0.000000,0.000000,0.000000,0.000000,0.000000,0.000000,0.000000,0.000000,0.000000,0.000000,0.000000,6.661866,-3.271677,-6.020819,0.015912,0.003129,-0.035953,bmi088,0.011601064999922528,"[[0.018109495412538822,0.004793689962142629,-0.030360036426903318],[0.016245282649483356,0.004527373853134706,-0.03755057137011726],[0.015180018213451659,0.0029294771990871623,-0.0391484680241648],[0.014114753777419964,0.00026631610900792384,-0.03675162304309349]]",1066.8376266255,1066.8393294490002,21.875,67844,"[1822, 3710, -3353]","[[-18, 68, -114], [-17, 61, -141], [-11, 57, -147], [-1, 53, -138]]"
2.329910,2.661211,body,0.000000,0.000000,0.000000,0.000000,0.000000,0.000000,0.000000,0.000000,0.000000,0.000000,0.000000,0.000000,6.667253,-3.266290,-6.015432,0.011398,-0.002237,-0.010972,bmi088,0.010955565499898512,"[[0.013049489341388268,-0.001864212763055467,-0.0290284558818637],[0.012783173232380344,-0.0023968449810713144,-0.020240024284602212],[0.011185276578332801,-0.002663161090079238,-0.01038632825130903],[0.01038632825130903,-0.0021305288720633907,-0.001331580545039619],[0.009587379924285258,-0.0021305288720633907,0.006125270507182248]]",1066.8485821909999,1066.8503038635,21.875,68127,"[1819, 3713, -3350]","[[7, 49, -109], [9, 48, -76], [10, 42, -39], [8, 39, -5], [8, 36, 23]]"
2.341043,2.671250,body,0.000000,0.000000,0.000000,0.000000,0.000000,0.000000,0.000000,0.000000,0.000000,0.000000,0.000000,0.000000,6.669049,-3.255516,-6.045958,0.004261,-0.007390,0.010120,bmi088,0.010133658500080855,"[[0.007723167161229791,-0.002663161090079238,0.010652644360316953],[0.004793689962142629,-0.005060006071150553,0.011984224905356573],[0.002663161090079238,-0.008788431597261486,0.010120012142301106],[0.001864212763055467,-0.013049489341388268,0.007723167161229791]]",1066.8587158495,1066.8604576675,21.875,68384,"[1813, 3714, -3367]","[[10, 29, 40], [19, 18, 45], [33, 10, 38], [49, 7, 29]]"
2.351128,2.682734,body,0.000000,0.000000,0.000000,0.000000,0.000000,0.000000,0.000000,0.000000,0.000000,0.000000,0.000000,0.000000,6.728305,-3.273472,-6.054936,-0.000399,-0.017444,0.003728,bmi088,0.011278011500053253,"[[0.001597896654047543,-0.016245282649483356,0.004527373853134706],[-0.001331580545039619,-0.017843179303530896,0.002663161090079238],[-0.001331580545039619,-0.018375811521546746,0.0021305288720633907],[-0.0005326322180158477,-0.01731054708551505,0.0055926382891664005]]",1066.869993861,1066.8715773355,21.875,68678,"[1823, 3747, -3372]","[[61, 6, 17], [67, -5, 10], [69, -5, 8], [65, -2, 21]]"
2.361582,2.693164,body,0.000000,0.000000,0.000000,0.000000,0.000000,0.000000,0.000000,0.000000,0.000000,0.000000,0.000000,0.000000,6.724714,-3.286042,-6.092645,-0.001465,-0.014115,0.017044,bmi088,0.010041127000022243,"[[0.0010652644360316954,-0.015712650431467506,0.01171790879634865],[-0.0007989483270237715,-0.014114753777419964,0.016777914867499202],[-0.002663161090079238,-0.013315805450396193,0.018908443739562592],[-0.00346210941710301,-0.013315805450396193,0.02077265650261806]]",1066.880034988,1066.881885626,21.875,68945,"[1830, 3745, -3393]","[[59, 4, 44], [53, -3, 63], [50, -10, 71], [50, -13, 78]]"
2.371673,2.703594,body,0.000000,0.000000,0.000000,0.000000,0.000000,0.000000,0.000000,0.000000,0.000000,0.000000,0.000000,0.000000,6.731897,-3.269881,-6.115988,-0.003728,-0.008203,0.023116,bmi088,0.010573116999921695,"[[-0.002663161090079238,-0.012783173232380344,0.023169501483689375],[-0.0023968449810713144,-0.011185276578332801,0.02556634646476069],[-0.00346210941710301,-0.00825579937924564,0.02556634646476069],[-0.004793689962142629,-0.0055926382891664005,0.02290318537468145],[-0.005326322180158476,-0.003195793308095086,0.018375811521546746]]",1066.890608105,1066.892166939,21.875,69212,"[1821, 3749, -3406]","[[48, -10, 87], [42, -9, 96], [31, -13, 96], [21, -18, 86], [12, -20, 69]]"
2.382170,2.713516,body,0.000000,0.000000,0.000000,0.000000,0.000000,0.000000,0.000000,0.000000,0.000000,0.000000,0.000000,0.000000,6.715736,-3.257311,-6.076484,-0.003196,0.001598,0.006059,bmi088,0.010564461500052857,"[[-0.005858954398174325,-0.001331580545039619,0.012783173232380344],[-0.005060006071150553,0.00026631610900792384,0.007989483270237714],[-0.002663161090079238,0.002663161090079238,0.003994741635118857],[0.0007989483270237715,0.004793689962142629,-0.0005326322180158477]]",1066.9011725665,1066.9022453480002,21.875,69466,"[1814, 3740, -3384]","[[5, -22, 48], [-1, -19, 30], [-10, -10, 15], [-18, 3, -2]]"
2.392250,2.724258,body,0.000000,0.000000,0.000000,0.000000,0.000000,0.000000,0.000000,0.000000,0.000000,0.000000,0.000000,0.000000,6.710349,-3.278859,-6.038775,0.001864,0.007790,-0.011119,bmi088,0.010056903499844339,"[[0.002663161090079238,0.00692421883420602,-0.005326322180158476],[0.0023968449810713144,0.007723167161229791,-0.010120012142301106],[0.0010652644360316954,0.00825579937924564,-0.013582121559404116],[0.001331580545039619,0.00825579937924564,-0.015446334322459582]]",1066.9112294699999,1066.9126126645,21.875,69741,"[1826, 3737, -3363]","[[-26, 10, -20], [-29, 9, -38], [-31, 4, -51], [-31, 5, -58]]"
2.403310,2.735859,body,0.000000,0.000000,0.000000,0.000000,0.000000,0.000000,0.000000,0.000000,0.000000,0.000000,0.000000,0.000000,6.679823,-3.259107,-6.040571,0.010053,0.007390,-0.021971,bmi088,0.01137323150010161,"[[0.003728425526110934,0.008522115488253563,-0.017576863194522972],[0.007989483270237714,0.00825579937924564,-0.020240024284602212],[0.012783173232380344,0.00692421883420602,-0.023968449810713145],[0.015712650431467506,0.005858954398174325,-0.026098978682776535]]",1066.9226027015,1066.924324694,21.875,70038,"[1815, 3720, -3364]","[[-32, 14, -66], [-31, 30, -76], [-26, 48, -90], [-22, 59, -98]]"
2.414545,2.746250,body,0.000000,0.000000,0.000000,0.000000,0.000000,0.000000,0.000000,0.000000,0.000000,0.000000,0.000000,0.000000,6.676231,-3.260903,-6.040571,0.012570,0.001278,-0.022051,bmi088,0.01085775299998204,"[[0.017576863194522972,0.003994741635118857,-0.02689792700980031],[0.01597896654047543,0.003195793308095086,-0.026098978682776535],[0.013582121559404116,0.001597896654047543,-0.023968449810713145],[0.009321063815277334,-0.00026631610900792384,-0.01997370817559429],[0.006391586616190172,-0.0021305288720633907,-0.013315805450396193]]",1066.9334604545,1066.9345811419998,21.875,70304,"[1816, 3718, -3364]","[[-15, 66, -101], [-12, 60, -98], [-6, 51, -90], [1, 35, -75], [8, 24, -50]]"
2.425750,2.758555,body,0.000000,0.000000,0.000000,0.000000,0.000000,0.000000,0.000000,0.000000,0.000000,0.000000,0.000000,0.000000,6.685210,-3.255516,-6.029797,0.003595,-0.004927,0.001265,bmi088,0.01155431100005444,"[[0.003728425526110934,-0.003728425526110934,-0.007190534943213944],[0.003994741635118857,-0.004527373853134706,0.0],[0.004527373853134706,-0.005326322180158476,0.004261057744126781],[0.0021305288720633907,-0.006125270507182248,0.007989483270237714]]",1066.9450147655,1066.946785864,21.875,70619,"[1813, 3723, -3358]","[[14, 14, -27], [17, 15, 0], [20, 17, 16], [23, 8, 30]]"
2.437058,2.769883,body,0.000000,0.000000,0.000000,0.000000,0.000000,0.000000,0.000000,0.000000,0.000000,0.000000,0.000000,0.000000,6.717531,-3.246537,-6.060323,-0.004740,-0.007031,0.008682,bmi088,0.011190551500021684,"[[-0.001331580545039619,-0.006125270507182248,0.007989483270237714],[-0.004793689962142629,-0.006391586616190172,0.007989483270237714],[-0.0055926382891664005,-0.007723167161229791,0.008788431597261486],[-0.0055926382891664005,-0.007989483270237714,0.009587379924285258],[-0.006391586616190172,-0.00692421883420602,0.009054747706269411]]",1066.956205317,1066.957980848,21.875,70909,"[1808, 3741, -3375]","[[23, -5, 30], [24, -18, 30], [29, -21, 33], [30, -21, 36], [26, -24, 34]]"
2.448028,2.780977,body,0.000000,0.000000,0.000000,0.000000,0.000000,0.000000,0.000000,0.000000,0.000000,0.000000,0.000000,0.000000,6.701370,-3.262698,-6.094440,-0.011784,-0.002197,0.006525,bmi088,0.011011648000021523,"[[-0.008788431597261486,-0.005060006071150553,0.006391586616190172],[-0.011185276578332801,-0.002663161090079238,0.005326322180158476],[-0.01384843766841204,-0.001331580545039619,0.005858954398174325],[-0.013315805450396193,0.00026631610900792384,0.008522115488253563]]",1066.967216965,1066.9689822075,21.875,71193,"[1817, 3732, -3394]","[[19, -33, 24], [10, -42, 20], [5, -52, 22], [-1, -50, 32]]"
2.459295,2.791836,body,0.000000,0.000000,0.000000,0.000000,0.000000,0.000000,0.000000,0.000000,0.000000,0.000000,0.000000,0.000000,6.692392,-3.255516,-6.072893,-0.012570,-0.002397,0.013635,bmi088,0.010782358499909606,"[[-0.012250541014364496,-0.0007989483270237715,0.01038632825130903],[-0.011984224905356573,-0.001864212763055467,0.011984224905356573],[-0.012516857123372421,-0.003195793308095086,0.01384843766841204],[-0.013315805450396193,-0.00346210941710301,0.015180018213451659],[-0.012783173232380344,-0.002663161090079238,0.016777914867499202]]",1066.9779993235,1066.9795179470002,21.875,71471,"[1813, 3727, -3382]","[[3, -46, 39], [7, -45, 45], [12, -47, 52], [13, -50, 57], [10, -48, 63]]"
2.470205,2.803242,body,0.000000,0.000000,0.000000,0.000000,0.000000,0.000000,0.000000,0.000000,0.000000,0.000000,0.000000,0.000000,6.688801,-3.289633,-6.069301,-0.009388,-0.001198,0.011718,bmi088,0.011087474500072858,"[[-0.011984224905356573,-0.0023968449810713144,0.015712650431467506],[-0.010918960469324878,-0.001597896654047543,0.013582121559404116],[-0.007989483270237714,-0.0010652644360316954,0.010120012142301106],[-0.006657902725198096,0.00026631610900792384,0.007456851052221868]]",1066.989086798,1066.9909593735001,21.875,71763,"[1832, 3725, -3380]","[[9, -45, 59], [6, -41, 51], [4, -30, 38], [-1, -25, 28]]"
2.481293,2.814453,body,0.000000,0.000000,0.000000,0.000000,0.000000,0.000000,0.000000,0.000000,0.000000,0.000000,0.000000,0.000000,6.665457,-3.275268,-6.069301,-0.003262,0.002929,0.001598,bmi088,0.011218793000125515,"[[-0.004793689962142629,0.001331580545039619,0.005326322180158476],[-0.004261057744126781,0.0029294771990871623,0.0021305288720633907],[-0.002663161090079238,0.003195793308095086,0.0005326322180158477],[-0.001331580545039619,0.004261057744126781,-0.001597896654047543]]",1067.0003055910001,1067.00184828,21.875,72050,"[1824, 3712, -3380]","[[-5, -18, 20], [-11, -16, 8], [-12, -10, 2], [-16, -5, -6]]"
2.492132,2.824766,body,0.000000,0.000000,0.000000,0.000000,0.000000,0.000000,0.000000,0.000000,0.000000,0.000000,0.000000,0.000000,6.694188,-3.278859,-6.053140,-0.000426,0.005965,-0.006445,bmi088,0.01047016899974551,"[[-0.001331580545039619,0.004793689962142629,-0.001864212763055467],[-0.0010652644360316954,0.006657902725198096,-0.0029294771990871623],[-0.0010652644360316954,0.006657902725198096,-0.004793689962142629],[0.00026631610900792384,0.006657902725198096,-0.009054747706269411],[0.0010652644360316954,0.005060006071150553,-0.013582121559404116]]",1067.01077576,1067.012269375,21.875,72314,"[1826, 3728, -3371]","[[-18, -5, -7], [-25, -4, -11], [-25, -4, -18], [-25, 1, -34], [-19, 4, -51]]"
2.502977,2.835820,body,0.000000,0.000000,0.000000,0.000000,0.000000,0.000000,0.000000,0.000000,0.000000,0.000000,0.000000,0.000000,6.670844,-3.253720,-6.028001,0.000666,0.002663,-0.020906,bmi088,0.01090124300003481,"[[0.001597896654047543,0.00346210941710301,-0.01651159875849128],[0.001597896654047543,0.001864212763055467,-0.019707392066586366],[0.00026631610900792384,0.0021305288720633907,-0.02290318537468145],[-0.0007989483270237715,0.003195793308095086,-0.024501082028728992]]",1067.021677003,1067.0232466695002,21.875,72597,"[1812, 3715, -3357]","[[-13, 6, -62], [-7, 6, -74], [-8, 1, -86], [-12, -3, -92]]"
2.513761,2.847187,body,0.000000,0.000000,0.000000,0.000000,0.000000,0.000000,0.000000,0.000000,0.000000,0.000000,0.000000,0.000000,6.661866,-3.259107,-6.074688,-0.005593,0.000999,-0.015979,bmi088,0.011043153500168046,"[[-0.0021305288720633907,0.002663161090079238,-0.02290318537468145],[-0.004793689962142629,0.001597896654047543,-0.019174759848570515],[-0.006657902725198096,0.00026631610900792384,-0.014381069886427887],[-0.008788431597261486,-0.0005326322180158477,-0.007456851052221868]]",1067.0327201565,1067.0342292760001,21.875,72888,"[1815, 3710, -3383]","[[-10, -8, -86], [-6, -18, -72], [-1, -25, -54], [2, -33, -28]]"
2.524298,2.857031,body,0.000000,0.000000,0.000000,0.000000,0.000000,0.000000,0.000000,0.000000,0.000000,0.000000,0.000000,0.000000,6.695983,-3.277064,-6.096236,-0.007137,-0.002663,0.013316,bmi088,0.010322066999833623,"[[-0.007723167161229791,-0.0007989483270237715,0.0007989483270237715],[-0.007456851052221868,-0.001597896654047543,0.00825579937924564],[-0.006657902725198096,-0.0029294771990871623,0.014913702104443736],[-0.006391586616190172,-0.003728425526110934,0.01997370817559429],[-0.007456851052221868,-0.004261057744126781,0.022636869265673525]]",1067.0430422235,1067.044145502,21.875,73140,"[1825, 3729, -3395]","[[3, -29, 3], [6, -28, 31], [11, -25, 56], [14, -24, 75], [16, -28, 85]]"
2.535655,2.869336,body,0.000000,0.000000,0.000000,0.000000,0.000000,0.000000,0.000000,0.000000,0.000000,0.000000,0.000000,0.000000,6.690597,-3.251924,-6.069301,-0.010919,-0.002530,0.014115,bmi088,0.01147152300018206,"[[-0.009587379924285258,-0.003728425526110934,0.021571604829641832],[-0.011451592687340724,-0.0029294771990871623,0.017044230976507126],[-0.011185276578332801,-0.0021305288720633907,0.011984224905356573],[-0.011451592687340724,-0.001331580545039619,0.005858954398174325]]",1067.0545137465,1067.056135911,21.875,73455,"[1811, 3726, -3380]","[[14, -36, 81], [11, -43, 64], [8, -42, 45], [5, -43, 22]]"
2.546565,2.880234,body,0.000000,0.000000,0.000000,0.000000,0.000000,0.000000,0.000000,0.000000,0.000000,0.000000,0.000000,0.000000,6.715736,-3.305794,-6.080075,-0.013715,-0.004061,0.001598,bmi088,0.01037320549994547,"[[-0.013049489341388268,-0.0021305288720633907,0.0029294771990871623],[-0.01464738599543581,-0.003728425526110934,0.00026631610900792384],[-0.014381069886427887,-0.004793689962142629,0.0005326322180158477],[-0.012783173232380344,-0.0055926382891664005,0.002663161090079238]]",1067.064886952,1067.0669179175,21.875,73734,"[1841, 3740, -3386]","[[8, -49, 11], [14, -55, 1], [18, -54, 2], [21, -48, 10]]"
2.557792,2.891875,body,0.000000,0.000000,0.000000,0.000000,0.000000,0.000000,0.000000,0.000000,0.000000,0.000000,0.000000,0.000000,6.712144,-3.277064,-6.076484,-0.009854,-0.003089,0.011984,bmi088,0.011958919499875265,"[[-0.012516857123372421,-0.0055926382891664005,0.006657902725198096],[-0.010918960469324878,-0.0055926382891664005,0.011984224905356573],[-0.009853696033293183,-0.00346210941710301,0.014114753777419964],[-0.00825579937924564,-0.0010652644360316954,0.014114753777419964],[-0.007723167161229791,0.00026631610900792384,0.013049489341388268]]",1067.0768458715,1067.0784089135,21.875,74032,"[1825, 3738, -3384]","[[21, -47, 25], [21, -41, 45], [13, -37, 53], [4, -31, 53], [-1, -29, 49]]"
2.569621,2.903437,body,0.000000,0.000000,0.000000,0.000000,0.000000,0.000000,0.000000,0.000000,0.000000,0.000000,0.000000,0.000000,6.679823,-3.273472,-6.036979,-0.004368,0.001438,0.003569,bmi088,0.011733678500149836,"[[-0.007190534943213944,0.0,0.011451592687340724],[-0.006391586616190172,-0.0005326322180158477,0.009321063815277334],[-0.005060006071150553,0.0005326322180158477,0.005326322180158476],[-0.002663161090079238,0.002663161090079238,-0.00026631610900792384],[-0.0005326322180158477,0.004527373853134706,-0.007989483270237714]]",1067.08857955,1067.090153184,21.875,74328,"[1823, 3720, -3362]","[[0, -27, 43], [2, -24, 35], [-2, -19, 20], [-10, -10, -1], [-17, -2, -30]]"
2.580995,2.915352,body,0.000000,0.000000,0.000000,0.000000,0.000000,0.000000,0.000000,0.000000,0.000000,0.000000,0.000000,0.000000,6.661866,-3.280655,-6.026206,0.000533,0.000932,-0.020040,bmi088,0.011598360499874616,"[[0.0007989483270237715,0.004261057744126781,-0.015712650431467506],[0.00026631610900792384,0.0021305288720633907,-0.01997370817559429],[0.0,-0.0005326322180158477,-0.022370553156665602],[0.0010652644360316954,-0.0021305288720633907,-0.02210423704765768]]",1067.1001779105,1067.101637268,21.875,74633,"[1827, 3710, -3356]","[[-16, 3, -59], [-8, 1, -75], [2, 0, -84], [8, 4, -83]]"
2.592633,2.927188,body,0.000000,0.000000,0.000000,0.000000,0.000000,0.000000,0.000000,0.000000,0.000000,0.000000,0.000000,0.000000,6.681618,-3.255516,-6.080075,0.007457,-0.006498,-0.008256,bmi088,0.01148241950022566,"[[0.003728425526110934,-0.003728425526110934,-0.019707392066586366],[0.00692421883420602,-0.005326322180158476,-0.013582121559404116],[0.008522115488253563,-0.007190534943213944,-0.007723167161229791],[0.009321063815277334,-0.007989483270237714,-0.0023968449810713144],[0.008788431597261486,-0.00825579937924564,0.0021305288720633907]]",1067.1116603300002,1067.11335365,21.875,74936,"[1813, 3721, -3386]","[[14, 14, -74], [20, 26, -51], [27, 32, -29], [30, 35, -9], [31, 33, 8]]"
2.603466,2.937109,body,0.000000,0.000000,0.000000,0.000000,0.000000,0.000000,0.000000,0.000000,0.000000,0.000000,0.000000,0.000000,6.722918,-3.251924,-6.112397,0.006591,-0.007723,0.012184,bmi088,0.010435863999646244,"[[0.007723167161229791,-0.008522115488253563,0.007723167161229791],[0.00692421883420602,-0.00825579937924564,0.011185276578332801],[0.006391586616190172,-0.007723167161229791,0.014381069886427887],[0.005326322180158476,-0.006391586616190172,0.015446334322459582]]",1067.1220961939998,1067.1233928085,21.875,75190,"[1811, 3744, -3404]","[[32, 29, 29], [31, 26, 42], [29, 24, 54], [24, 20, 58]]"
2.614212,2.948672,body,0.000000,0.000000,0.000000,0.000000,0.000000,0.000000,0.000000,0.000000,0.000000,0.000000,0.000000,0.000000,6.703166,-3.269881,-6.072893,0.000107,-0.004155,0.008842,bmi088,0.011147221500323212,"[[0.0029294771990871623,-0.005858954398174325,0.015180018213451659],[0.0005326322180158477,-0.004793689962142629,0.011984224905356573],[-0.0007989483270237715,-0.004261057744126781,0.007190534943213944],[-0.0007989483270237715,-0.00346210941710301,0.005060006071150553],[-0.001331580545039619,-0.0023968449810713144,0.004793689962142629]]",1067.1332434155001,1067.1346647875,21.875,75486,"[1821, 3733, -3382]","[[22, 11, 57], [18, 2, 45], [16, -3, 27], [13, -3, 19], [9, -5, 18]]"
2.625090,2.959883,body,0.000000,0.000000,0.000000,0.000000,0.000000,0.000000,0.000000,0.000000,0.000000,0.000000,0.000000,0.000000,6.685210,-3.277064,-6.076484,0.001598,0.000067,0.003396,bmi088,0.010842008999816244,"[[-0.001597896654047543,-0.0005326322180158477,0.005858954398174325],[-0.0005326322180158477,0.0005326322180158477,0.004793689962142629],[0.0023968449810713144,0.00026631610900792384,0.002663161090079238],[0.006125270507182248,0.0,0.00026631610900792384]]",1067.1440854245,1067.1456959725,21.875,75773,"[1825, 3723, -3384]","[[2, -6, 22], [-2, -2, 18], [-1, 9, 10], [0, 23, 1]]"
2.635722,2.970781,body,0.000000,0.000000,0.000000,0.000000,0.000000,0.000000,0.000000,0.000000,0.000000,0.000000,0.000000,0.000000,6.692392,-3.264494,-6.071097,0.009254,-0.001598,-0.002996,bmi088,0.010798087000011947,"[[0.009054747706269411,-0.0010652644360316954,-0.0007989483270237715],[0.010652644360316953,-0.0010652644360316954,-0.002663161090079238],[0.009853696033293183,-0.001864212763055467,-0.004261057744126781],[0.007456851052221868,-0.0023968449810713144,-0.004261057744126781]]",1067.1548835115,1067.156467066,21.875,76052,"[1818, 3727, -3381]","[[4, 34, -3], [4, 40, -10], [7, 37, -16], [9, 28, -16]]"
2.646369,2.981836,body,0.000000,0.000000,0.000000,0.000000,0.000000,0.000000,0.000000,0.000000,0.000000,0.000000,0.000000,0.000000,6.685210,-3.260903,-6.065710,0.003782,-0.002823,0.000959,bmi088,0.011109443999885116,"[[0.005060006071150553,-0.0023968449810713144,-0.0021305288720633907],[0.003195793308095086,-0.0029294771990871623,0.0],[0.0023968449810713144,-0.0029294771990871623,0.001597896654047543],[0.00346210941710301,-0.003195793308095086,0.0023968449810713144],[0.004793689962142629,-0.002663161090079238,0.0029294771990871623]]",1067.1659929554999,1067.1674236075,21.875,76335,"[1816, 3723, -3378]","[[9, 19, -8], [11, 12, 0], [11, 9, 6], [12, 13, 9], [10, 18, 11]]"
2.657927,2.992109,body,0.000000,0.000000,0.000000,0.000000,0.000000,0.000000,0.000000,0.000000,0.000000,0.000000,0.000000,0.000000,6.672640,-3.260903,-6.029797,0.008722,0.000599,-0.000533,bmi088,0.010191613000188227,"[[0.006125270507182248,-0.0021305288720633907,0.001864212763055467],[0.007989483270237714,-0.0007989483270237715,0.0007989483270237715],[0.009853696033293183,0.001331580545039619,-0.0010652644360316954],[0.010918960469324878,0.003994741635118857,-0.003728425526110934]]",1067.1761845685,1067.1778205735,21.875,76598,"[1816, 3716, -3358]","[[8, 23, 7], [3, 30, 3], [-5, 37, -4], [-15, 41, -14]]"
2.668112,3.002813,body,0.000000,0.000000,0.000000,0.000000,0.000000,0.000000,0.000000,0.000000,0.000000,0.000000,0.000000,0.000000,6.665457,-3.255516,-6.026206,0.011385,0.004461,-0.014847,bmi088,0.010348083999815572,"[[0.010918960469324878,0.005326322180158476,-0.007989483270237714],[0.010652644360316953,0.0055926382891664005,-0.013049489341388268],[0.01171790879634865,0.004793689962142629,-0.017576863194522972],[0.012250541014364496,0.0021305288720633907,-0.02077265650261806]]",1067.1865326524999,1067.188341321,21.875,76872,"[1813, 3712, -3356]","[[-20, 41, -30], [-21, 40, -49], [-18, 44, -66], [-8, 46, -78]]"
2.678679,3.013672,body,0.000000,0.000000,0.000000,0.000000,0.000000,0.000000,0.000000,0.000000,0.000000,0.000000,0.000000,0.000000,6.694188,-3.262698,-6.060323,0.010187,-0.005193,-0.021438,bmi088,0.01083506450004279,"[[0.013049489341388268,-0.001864212763055467,-0.02210423704765768],[0.01171790879634865,-0.004793689962142629,-0.022636869265673525],[0.009587379924285258,-0.006391586616190172,-0.02210423704765768],[0.006391586616190172,-0.007723167161229791,-0.018908443739562592]]",1067.197367717,1067.1990555645002,21.875,77150,"[1817, 3728, -3375]","[[7, 49, -83], [18, 44, -85], [24, 36, -83], [29, 24, -71]]"
2.689073,3.023750,body,0.000000,0.000000,0.000000,0.000000,0.000000,0.000000,0.000000,0.000000,0.000000,0.000000,0.000000,0.000000,6.690597,-3.280655,-6.078279,-0.000599,-0.009521,-0.004661,bmi088,0.010229119500081651,"[[0.003195793308095086,-0.008788431597261486,-0.014114753777419964],[0.00026631610900792384,-0.009321063815277334,-0.00825579937924564],[-0.0021305288720633907,-0.009853696033293183,-0.001597896654047543],[-0.003728425526110934,-0.010120012142301106,0.005326322180158476]]",1067.2075968365,1067.2090612494999,21.875,77408,"[1827, 3726, -3385]","[[33, 12, -53], [35, 1, -31], [37, -8, -6], [38, -14, 20]]"
2.699111,3.034570,body,0.000000,0.000000,0.000000,0.000000,0.000000,0.000000,0.000000,0.000000,0.000000,0.000000,0.000000,0.000000,6.699575,-3.277064,-6.065710,-0.008682,-0.007137,0.018003,bmi088,0.010464296500003911,"[[-0.0055926382891664005,-0.009321063815277334,0.012516857123372421],[-0.00692421883420602,-0.007723167161229791,0.017843179303530896],[-0.009853696033293183,-0.006391586616190172,0.01997370817559429],[-0.010652644360316953,-0.006391586616190172,0.02077265650261806],[-0.01038632825130903,-0.005858954398174325,0.018908443739562592]]",1067.218061133,1067.2194637845,21.875,77685,"[1825, 3731, -3378]","[[35, -21, 47], [29, -26, 67], [24, -37, 75], [24, -40, 78], [22, -39, 71]]"
2.710162,3.045820,body,0.000000,0.000000,0.000000,0.000000,0.000000,0.000000,0.000000,0.000000,0.000000,0.000000,0.000000,0.000000,6.651092,-3.282450,-6.049549,-0.007923,-0.005127,0.008189,bmi088,0.011047553500020513,"[[-0.00825579937924564,-0.005858954398174325,0.015446334322459582],[-0.007723167161229791,-0.004793689962142629,0.010918960469324878],[-0.00825579937924564,-0.004527373853134706,0.0055926382891664005],[-0.007456851052221868,-0.005326322180158476,0.0007989483270237715]]",1067.2291086865,1067.2307004335,21.875,77973,"[1828, 3704, -3369]","[[22, -31, 58], [18, -29, 41], [17, -31, 21], [20, -28, 3]]"
2.720766,3.056719,body,0.000000,0.000000,0.000000,0.000000,0.000000,0.000000,0.000000,0.000000,0.000000,0.000000,0.000000,0.000000,6.692392,-3.287837,-6.045958,-0.004661,-0.008256,-0.003662,bmi088,0.010791638499995315,"[[-0.0055926382891664005,-0.006391586616190172,-0.00346210941710301],[-0.003994741635118857,-0.007723167161229791,-0.004793689962142629],[-0.003994741635118857,-0.008522115488253563,-0.004261057744126781],[-0.005060006071150553,-0.01038632825130903,-0.0021305288720633907]]",1067.239900325,1067.241657999,21.875,78252,"[1831, 3727, -3367]","[[24, -21, -13], [29, -15, -18], [32, -15, -16], [39, -19, -8]]"
2.732508,3.067656,body,0.000000,0.000000,0.000000,0.000000,0.000000,0.000000,0.000000,0.000000,0.000000,0.000000,0.000000,0.000000,6.708553,-3.287837,-6.089053,-0.001704,-0.006232,0.010120,bmi088,0.010869225999840637,"[[-0.004261057744126781,-0.01038632825130903,0.0005326322180158477],[-0.002663161090079238,-0.008788431597261486,0.0055926382891664005],[0.0,-0.005858954398174325,0.010652644360316953],[0.0,-0.00346210941710301,0.015712650431467506],[-0.001597896654047543,-0.002663161090079238,0.018109495412538822]]",1067.2507695509998,1067.252271326,21.875,78532,"[1831, 3736, -3391]","[[39, -16, 2], [33, -10, 21], [22, 0, 40], [13, 0, 59], [10, -6, 68]]"
2.742590,3.080039,body,0.000000,0.000000,0.000000,0.000000,0.000000,0.000000,0.000000,0.000000,0.000000,0.000000,0.000000,0.000000,6.697779,-3.273472,-6.060323,-0.003835,-0.001438,0.011718,bmi088,0.012149872000009054,"[[-0.003994741635118857,-0.001864212763055467,0.019174759848570515],[-0.005858954398174325,-0.001597896654047543,0.01731054708551505],[-0.004793689962142629,-0.0007989483270237715,0.014114753777419964],[-0.003728425526110934,-0.0007989483270237715,0.007456851052221868],[-0.0007989483270237715,-0.0021305288720633907,0.0005326322180158477]]",1067.2629194229999,1067.264513138,21.875,78849,"[1823, 3730, -3375]","[[7, -15, 72], [6, -22, 65], [3, -18, 53], [3, -14, 28], [8, -3, 2]]"
2.754496,3.090703,body,0.000000,0.000000,0.000000,0.000000,0.000000,0.000000,0.000000,0.000000,0.000000,0.000000,0.000000,0.000000,6.687005,-3.275268,-6.072893,0.004394,-0.006658,-0.014248,bmi088,0.010638336000283743,"[[0.0005326322180158477,-0.003994741635118857,-0.007190534943213944],[0.003195793308095086,-0.005858954398174325,-0.012783173232380344],[0.005060006071150553,-0.007456851052221868,-0.017576863194522972],[0.008788431597261486,-0.009321063815277334,-0.01944107595757844]]",1067.2735577590001,1067.27500934,21.875,79122,"[1824, 3724, -3382]","[[15, 2, -27], [22, 12, -48], [28, 19, -66], [35, 33, -73]]"
2.766370,3.101602,body,0.000000,0.000000,0.000000,0.000000,0.000000,0.000000,0.000000,0.000000,0.000000,0.000000,0.000000,0.000000,6.681618,-3.275268,-6.056732,0.012117,-0.006991,-0.012783,bmi088,0.010880905999783863,"[[0.011984224905356573,-0.009321063815277334,-0.01944107595757844],[0.014381069886427887,-0.007989483270237714,-0.01651159875849128],[0.012783173232380344,-0.006125270507182248,-0.011451592687340724],[0.009321063815277334,-0.004527373853134706,-0.003728425526110934]]",1067.284438665,1067.2861219195001,21.875,79401,"[1824, 3721, -3373]","[[35, 45, -73], [30, 54, -62], [23, 48, -43], [17, 35, -14]]"
2.776443,3.112773,body,0.000000,0.000000,0.000000,0.000000,0.000000,0.000000,0.000000,0.000000,0.000000,0.000000,0.000000,0.000000,6.708553,-3.271677,-6.081871,0.008149,-0.001971,0.012144,bmi088,0.01123442400012209,"[[0.0055926382891664005,-0.00346210941710301,0.003195793308095086],[0.0055926382891664005,-0.002663161090079238,0.009853696033293183],[0.007723167161229791,-0.0023968449810713144,0.015180018213451659],[0.010918960469324878,-0.0010652644360316954,0.01731054708551505],[0.010918960469324878,-0.00026631610900792384,0.015180018213451659]]",1067.295673089,1067.297112525,21.875,79687,"[1822, 3736, -3387]","[[13, 21, 12], [10, 21, 37], [9, 29, 57], [4, 41, 65], [1, 41, 57]]"
2.786978,3.123242,body,0.000000,0.000000,0.000000,0.000000,0.000000,0.000000,0.000000,0.000000,0.000000,0.000000,0.000000,0.000000,6.694188,-3.277064,-6.056732,0.006192,0.000266,0.001265,bmi088,0.010280416000114201,"[[0.008788431597261486,0.0007989483270237715,0.010120012142301106],[0.006391586616190172,0.0005326322180158477,0.004527373853134706],[0.004261057744126781,0.0005326322180158477,-0.001864212763055467],[0.005326322180158476,-0.0007989483270237715,-0.007723167161229791]]",1067.3059535050002,1067.3073321225,21.875,79955,"[1825, 3728, -3373]","[[-3, 33, 38], [-2, 24, 17], [-2, 16, -7], [3, 20, -29]]"
2.797499,3.134258,body,0.000000,0.000000,0.000000,0.000000,0.000000,0.000000,0.000000,0.000000,0.000000,0.000000,0.000000,0.000000,6.690597,-3.260903,-6.051345,0.009388,-0.003928,-0.007590,bmi088,0.010464951499898234,"[[0.006657902725198096,-0.001864212763055467,-0.010652644360316953],[0.009054747706269411,-0.00346210941710301,-0.009853696033293183],[0.010652644360316953,-0.005060006071150553,-0.006657902725198096],[0.011185276578332801,-0.005326322180158476,-0.003195793308095086]]",1067.3164184565,1067.3181529135,21.875,80237,"[1816, 3726, -3370]","[[7, 25, -40], [13, 34, -37], [19, 40, -25], [20, 42, -12]]"
2.807731,3.143984,body,0.000000,0.000000,0.000000,0.000000,0.000000,0.000000,0.000000,0.000000,0.000000,0.000000,0.000000,0.000000,6.710349,-3.253720,-6.078279,0.010919,-0.002463,0.011119,bmi088,0.009912079999821799,"[[0.012250541014364496,-0.0055926382891664005,0.003195793308095086],[0.010918960469324878,-0.003994741635118857,0.009321063815277334],[0.010652644360316953,-0.001597896654047543,0.014913702104443736],[0.009853696033293183,0.001331580545039619,0.017044230976507126]]",1067.3263305364999,1067.3279987189999,21.875,80486,"[1812, 3737, -3385]","[[21, 46, 12], [15, 41, 35], [6, 40, 56], [-5, 37, 64]]"
2.818360,3.155312,body,0.000000,0.000000,0.000000,0.000000,0.000000,0.000000,0.000000,0.000000,0.000000,0.000000,0.000000,0.000000,6.708553,-3.268085,-6.080075,0.007523,0.004727,0.004860,bmi088,0.011054800500005513,"[[0.008788431597261486,0.00346210941710301,0.014913702104443736],[0.007989483270237714,0.004793689962142629,0.009054747706269411],[0.00692421883420602,0.005060006071150553,0.001331580545039619],[0.006391586616190172,0.0055926382891664005,-0.005858954398174325]]",1067.337385337,1067.3391744365,21.875,80776,"[1820, 3736, -3386]","[[-13, 33, 56], [-18, 30, 34], [-19, 26, 5], [-21, 24, -22]]"
2.829958,3.167227,body,0.000000,0.000000,0.000000,0.000000,0.000000,0.000000,0.000000,0.000000,0.000000,0.000000,0.000000,0.000000,6.670844,-3.260903,-6.056732,0.012197,0.005113,-0.017257,bmi088,0.011744509500204003,"[[0.007456851052221868,0.005326322180158476,-0.011185276578332801],[0.009853696033293183,0.005060006071150553,-0.015712650431467506],[0.012783173232380344,0.004793689962142629,-0.018375811521546746],[0.01464738599543581,0.005060006071150553,-0.01997370817559429],[0.016245282649483356,0.005326322180158476,-0.021038972611625982]]",1067.3491298465,1067.350949699,21.875,81081,"[1816, 3715, -3373]","[[-20, 28, -42], [-19, 37, -59], [-18, 48, -69], [-19, 55, -75], [-20, 61, -79]]"
2.841100,3.177695,body,0.000000,0.000000,0.000000,0.000000,0.000000,0.000000,0.000000,0.000000,0.000000,0.000000,0.000000,0.000000,6.687005,-3.241150,-6.056732,0.014714,0.001931,-0.017643,bmi088,0.010606798000026174,"[[0.016777914867499202,0.003728425526110934,-0.02077265650261806],[0.016245282649483356,0.001864212763055467,-0.019707392066586366],[0.014913702104443736,0.0010652644360316954,-0.01731054708551505],[0.010918960469324878,0.0010652644360316954,-0.012783173232380344]]",1067.3597366445001,1067.3613293510002,21.875,81349,"[1805, 3724, -3373]","[[-14, 63, -78], [-7, 61, -74], [-4, 56, -65], [-4, 41, -48]]"
2.851140,3.188047,body,0.000000,0.000000,0.000000,0.000000,0.000000,0.000000,0.000000,0.000000,0.000000,0.000000,0.000000,0.000000,6.678027,-3.257311,-6.053140,0.006258,0.000799,-0.005859,bmi088,0.01009488749969023,"[[0.008522115488253563,0.001864212763055467,-0.009321063815277334],[0.0055926382891664005,0.001331580545039619,-0.006125270507182248],[0.005858954398174325,0.0007989483270237715,-0.005060006071150553],[0.005060006071150553,-0.0007989483270237715,-0.0029294771990871623]]",1067.3698315319998,1067.37148869,21.875,81614,"[1814, 3719, -3371]","[[-7, 32, -35], [-5, 21, -23], [-3, 22, -19], [3, 19, -11]]"
2.861808,3.198516,body,0.000000,0.000000,0.000000,0.000000,0.000000,0.000000,0.000000,0.000000,0.000000,0.000000,0.000000,0.000000,6.652888,-3.262698,-6.074688,-0.000799,-0.002796,0.004194,bmi088,0.01046388000031584,"[[0.0029294771990871623,-0.001331580545039619,-0.00026631610900792384],[0.0,-0.0021305288720633907,0.00346210941710301],[-0.001597896654047543,-0.00346210941710301,0.006391586616190172],[-0.004527373853134706,-0.004261057744126781,0.007190534943213944]]",1067.3802954120001,1067.3819230640001,21.875,81882,"[1817, 3705, -3383]","[[5, 11, -1], [8, 0, 13], [13, -6, 24], [16, -17, 27]]"
2.871881,3.209766,body,0.000000,0.000000,0.000000,0.000000,0.000000,0.000000,0.000000,0.000000,0.000000,0.000000,0.000000,0.000000,6.681618,-3.244742,-6.047753,-0.008629,-0.004634,0.008895,bmi088,0.010885800999858475,"[[-0.007456851052221868,-0.004261057744126781,0.007989483270237714],[-0.010120012142301106,-0.00346210941710301,0.008522115488253563],[-0.010120012142301106,-0.00346210941710301,0.009587379924285258],[-0.008522115488253563,-0.005060006071150553,0.010120012142301106],[-0.00692421883420602,-0.00692421883420602,0.00825579937924564]]",1067.391181213,1067.3929980255,21.875,82170,"[1807, 3721, -3368]","[[16, -28, 30], [13, -38, 32], [13, -38, 36], [19, -32, 38], [26, -26, 31]]"
2.883253,3.220234,body,0.000000,0.000000,0.000000,0.000000,0.000000,0.000000,0.000000,0.000000,0.000000,0.000000,0.000000,0.000000,6.690597,-3.251924,-6.087258,-0.007124,-0.008589,0.005060,bmi088,0.010605229500015412,"[[-0.0055926382891664005,-0.008522115488253563,0.006125270507182248],[-0.006657902725198096,-0.009054747706269411,0.003195793308095086],[-0.007723167161229791,-0.008522115488253563,0.004261057744126781],[-0.008522115488253563,-0.00825579937924564,0.006657902725198096]]",1067.4017864425,1067.4034214550002,21.875,82438,"[1811, 3726, -3390]","[[32, -21, 23], [34, -25, 12], [32, -29, 16], [31, -32, 25]]"
2.894251,3.231523,body,0.000000,0.000000,0.000000,0.000000,0.000000,0.000000,0.000000,0.000000,0.000000,0.000000,0.000000,0.000000,6.710349,-3.242946,-6.096236,-0.009747,-0.005965,0.013316,bmi088,0.011498739499984367,"[[-0.00825579937924564,-0.007456851052221868,0.009853696033293183],[-0.008788431597261486,-0.007456851052221868,0.01171790879634865],[-0.009853696033293183,-0.006125270507182248,0.013049489341388268],[-0.010652644360316953,-0.004793689962142629,0.014913702104443736],[-0.011185276578332801,-0.003994741635118857,0.017044230976507126]]",1067.413285182,1067.4146103575,21.875,82727,"[1806, 3737, -3395]","[[28, -31, 37], [28, -33, 44], [23, -37, 49], [18, -40, 56], [15, -42, 64]]"
2.904580,3.241797,body,0.000000,0.000000,0.000000,0.000000,0.000000,0.000000,0.000000,0.000000,0.000000,0.000000,0.000000,0.000000,6.697779,-3.250129,-6.054936,-0.010053,-0.000732,0.013183,bmi088,0.009757033500136458,"[[-0.010120012142301106,-0.003195793308095086,0.01731054708551505],[-0.01038632825130903,-0.0021305288720633907,0.01597896654047543],[-0.009587379924285258,0.00026631610900792384,0.011984224905356573],[-0.010120012142301106,0.0021305288720633907,0.007456851052221868]]",1067.4230422155001,1067.4247132775,21.875,82990,"[1810, 3730, -3372]","[[12, -38, 65], [8, -39, 60], [-1, -36, 45], [-8, -38, 28]]"
2.915416,3.253516,body,0.000000,0.000000,0.000000,0.000000,0.000000,0.000000,0.000000,0.000000,0.000000,0.000000,0.000000,0.000000,6.688801,-3.262698,-6.049549,-0.007723,0.003196,-0.005127,bmi088,0.011573990499982756,"[[-0.009054747706269411,0.0029294771990871623,0.002663161090079238],[-0.00825579937924564,0.003728425526110934,-0.0029294771990871623],[-0.007723167161229791,0.00346210941710301,-0.007989483270237714],[-0.005858954398174325,0.002663161090079238,-0.012250541014364496]]",1067.434616206,1067.436125437,21.875,83290,"[1817, 3725, -3369]","[[-11, -34, 10], [-14, -31, -11], [-13, -29, -30], [-10, -22, -46]]"
2.926735,3.265156,body,0.000000,0.000000,0.000000,0.000000,0.000000,0.000000,0.000000,0.000000,0.000000,0.000000,0.000000,0.000000,6.663662,-3.253720,-6.058527,-0.001172,-0.000266,-0.017630,bmi088,0.011418926999795076,"[[-0.003728425526110934,0.0007989483270237715,-0.015712650431467506],[-0.001597896654047543,-0.0007989483270237715,-0.018375811521546746],[-0.00026631610900792384,-0.0007989483270237715,-0.019707392066586366],[-0.0005326322180158477,-0.0005326322180158477,-0.01864212763055467],[0.00026631610900792384,0.0,-0.015712650431467506]]",1067.446035133,1067.4478065674998,21.875,83588,"[1812, 3711, -3374]","[[-3, -14, -59], [3, -6, -69], [3, -1, -74], [2, -2, -70], [0, 1, -59]]"
2.938096,3.276445,body,0.000000,0.000000,0.000000,0.000000,0.000000,0.000000,0.000000,0.000000,0.000000,0.000000,0.000000,0.000000,6.679823,-3.275268,-6.047753,-0.000067,-0.001465,-0.002131,bmi088,0.011163621500145382,"[[0.0010652644360316954,-0.0005326322180158477,-0.01038632825130903],[0.0010652644360316954,-0.0010652644360316954,-0.005060006071150553],[-0.0005326322180158477,-0.001597896654047543,0.0010652644360316954],[-0.001864212763055467,-0.002663161090079238,0.005858954398174325]]",1067.4571987545,1067.458757476,21.875,83877,"[1824, 3720, -3368]","[[2, 4, -39], [4, 4, -19], [6, -2, 4], [10, -7, 22]]"
2.949075,3.287383,body,0.000000,0.000000,0.000000,0.000000,0.000000,0.000000,0.000000,0.000000,0.000000,0.000000,0.000000,0.000000,6.701370,-3.255516,-6.085462,-0.005326,-0.002716,0.011185,bmi088,0.011006574500015631,"[[-0.001864212763055467,-0.003728425526110934,0.01038632825130903],[-0.0023968449810713144,-0.00346210941710301,0.011984224905356573],[-0.004527373853134706,-0.0023968449810713144,0.012250541014364496],[-0.007456851052221868,-0.001597896654047543,0.011451592687340724],[-0.01038632825130903,-0.0023968449810713144,0.009853696033293183]]",1067.468205329,1067.4695628575,21.875,84157,"[1813, 3732, -3389]","[[14, -7, 39], [13, -9, 45], [9, -17, 46], [6, -28, 43], [9, -39, 37]]"
2.959710,3.298242,body,0.000000,0.000000,0.000000,0.000000,0.000000,0.000000,0.000000,0.000000,0.000000,0.000000,0.000000,0.000000,6.685210,-3.260903,-6.069301,-0.010719,-0.004527,0.000599,bmi088,0.010528089999979784,"[[-0.01171790879634865,-0.003994741635118857,0.005858954398174325],[-0.011451592687340724,-0.004261057744126781,0.001597896654047543],[-0.010120012142301106,-0.005060006071150553,-0.001597896654047543],[-0.009587379924285258,-0.004793689962142629,-0.00346210941710301]]",1067.478733419,1067.4802904445,21.875,84435,"[1816, 3723, -3380]","[[15, -44, 22], [16, -43, 6], [19, -38, -6], [18, -36, -13]]"
2.970952,3.309531,body,0.000000,0.000000,0.000000,0.000000,0.000000,0.000000,0.000000,0.000000,0.000000,0.000000,0.000000,0.000000,6.704962,-3.264494,-6.099827,-0.006458,-0.005060,0.000000,bmi088,0.011458785500053636,"[[-0.00825579937924564,-0.005326322180158476,-0.003994741635118857],[-0.00692421883420602,-0.005326322180158476,-0.003195793308095086],[-0.004793689962142629,-0.005326322180158476,0.0010652644360316954],[-0.005858954398174325,-0.004261057744126781,0.006125270507182248]]",1067.4901922045,1067.491726333,21.875,84724,"[1818, 3734, -3397]","[[20, -31, -15], [20, -26, -12], [20, -18, 4], [16, -22, 23]]"
2.982440,3.321289,body,0.000000,0.000000,0.000000,0.000000,0.000000,0.000000,0.000000,0.000000,0.000000,0.000000,0.000000,0.000000,6.678027,-3.280655,-6.085462,-0.005007,-0.001012,0.014061,bmi088,0.011343516499891848,"[[-0.006391586616190172,-0.002663161090079238,0.010652644360316953],[-0.00692421883420602,-0.001597896654047543,0.013049489341388268],[-0.005060006071150553,-0.001597896654047543,0.014913702104443736],[-0.003728425526110934,-0.0005326322180158477,0.01651159875849128],[-0.0029294771990871623,0.001331580545039619,0.015180018213451659]]",1067.501535721,1067.5033535415,21.875,85025,"[1827, 3719, -3389]","[[10, -24, 40], [6, -26, 49], [6, -19, 56], [2, -14, 62], [-5, -11, 57]]"
2.993080,3.331523,body,0.000000,0.000000,0.000000,0.000000,0.000000,0.000000,0.000000,0.000000,0.000000,0.000000,0.000000,0.000000,6.656479,-3.260903,-6.047753,-0.003995,0.002264,0.003129,bmi088,0.010287760499977594,"[[-0.0029294771990871623,0.002663161090079238,0.01171790879634865],[-0.003728425526110934,0.0023968449810713144,0.006125270507182248],[-0.005060006071150553,0.0021305288720633907,0.0],[-0.004261057744126781,0.001864212763055467,-0.005326322180158476]]",1067.5118234815,1067.5134506055,21.875,85287,"[1816, 3707, -3368]","[[-10, -11, 44], [-9, -14, 23], [-8, -19, 0], [-7, -16, -20]]"
3.003918,3.342812,body,0.000000,0.000000,0.000000,0.000000,0.000000,0.000000,0.000000,0.000000,0.000000,0.000000,0.000000,0.000000,6.692392,-3.291429,-6.015432,0.001931,0.001864,-0.014248,bmi088,0.011047168000004604,"[[-0.001331580545039619,0.0021305288720633907,-0.009853696033293183],[0.001597896654047543,0.001864212763055467,-0.013315805450396193],[0.003195793308095086,0.001864212763055467,-0.01651159875849128],[0.004261057744126781,0.001597896654047543,-0.01731054708551505]]",1067.5228706495,1067.524412154,21.875,85576,"[1833, 3727, -3350]","[[-8, -5, -37], [-7, 6, -50], [-7, 12, -62], [-6, 16, -65]]"
3.015056,3.353945,body,0.000000,0.000000,0.000000,0.000000,0.000000,0.000000,0.000000,0.000000,0.000000,0.000000,0.000000,0.000000,6.703166,-3.271677,-6.038775,0.010013,-0.000266,-0.004581,bmi088,0.011068992499986052,"[[0.006657902725198096,0.0007989483270237715,-0.013582121559404116],[0.009587379924285258,0.00026631610900792384,-0.007723167161229791],[0.01171790879634865,-0.0005326322180158477,-0.0021305288720633907],[0.01171790879634865,-0.0007989483270237715,-0.00026631610900792384],[0.01038632825130903,-0.0010652644360316954,0.0007989483270237715]]",1067.533939642,1067.5354548575,21.875,85861,"[1822, 3733, -3363]","[[-3, 25, -51], [-1, 36, -29], [2, 44, -8], [3, 44, -1], [4, 39, 3]]"
3.026408,3.365898,body,0.000000,0.000000,0.000000,0.000000,0.000000,0.000000,0.000000,0.000000,0.000000,0.000000,0.000000,0.000000,6.688801,-3.271677,-6.060323,0.007244,-0.000533,0.002610,bmi088,0.011698699499902432,"[[0.009587379924285258,-0.0010652644360316954,0.0021305288720633907],[0.008788431597261486,-0.0010652644360316954,0.004261057744126781],[0.00825579937924564,-0.0005326322180158477,0.003994741635118857],[0.006125270507182248,-0.00026631610900792384,0.0023968449810713144],[0.00346210941710301,0.00026631610900792384,0.00026631610900792384]]",1067.5456383414999,1067.5474582425,21.875,86167,"[1822, 3725, -3375]","[[4, 36, 8], [4, 33, 16], [2, 31, 15], [1, 23, 9], [-1, 13, 1]]"
3.037465,3.376797,body,0.000000,0.000000,0.000000,0.000000,0.000000,0.000000,0.000000,0.000000,0.000000,0.000000,0.000000,0.000000,6.670844,-3.293224,-6.044162,0.002730,-0.000266,-0.001664,bmi088,0.010970029000191062,"[[0.0010652644360316954,-0.0005326322180158477,0.00026631610900792384],[0.001331580545039619,0.0,-0.0010652644360316954],[0.003195793308095086,0.0,-0.0023968449810713144],[0.005326322180158476,-0.0005326322180158477,-0.00346210941710301]]",1067.5566083705,1067.558005645,21.875,86446,"[1834, 3715, -3366]","[[2, 4, 1], [0, 5, -4], [0, 12, -9], [2, 20, -13]]"
3.048477,3.387695,body,0.000000,0.000000,0.000000,0.000000,0.000000,0.000000,0.000000,0.000000,0.000000,0.000000,0.000000,0.000000,6.687005,-3.266290,-6.101623,0.000732,-0.004061,-0.002064,bmi088,0.010371827499966457,"[[0.004527373853134706,-0.0023968449810713144,-0.004261057744126781],[0.0021305288720633907,-0.004527373853134706,-0.002663161090079238],[-0.0010652644360316954,-0.005060006071150553,-0.001331580545039619],[-0.002663161090079238,-0.004261057744126781,0.0]]",1067.566980198,1067.5688130115,21.875,86725,"[1819, 3724, -3398]","[[9, 17, -16], [17, 8, -10], [19, -4, -5], [16, -10, 0]]"
3.058722,3.398086,body,0.000000,0.000000,0.000000,0.000000,0.000000,0.000000,0.000000,0.000000,0.000000,0.000000,0.000000,0.000000,6.712144,-3.287837,-6.103419,-0.003515,-0.001545,0.003835,bmi088,0.010843511500070235,"[[-0.0029294771990871623,-0.0029294771990871623,0.00026631610900792384],[-0.00346210941710301,-0.001864212763055467,0.001331580545039619],[-0.003728425526110934,-0.001331580545039619,0.003728425526110934],[-0.003994741635118857,-0.0010652644360316954,0.006391586616190172],[-0.00346210941710301,-0.0005326322180158477,0.007456851052221868]]",1067.5778237095,1067.579382271,21.875,86991,"[1831, 3738, -3399]","[[11, -11, 1], [7, -13, 5], [5, -14, 14], [4, -15, 24], [2, -13, 28]]"
3.070776,3.408516,body,0.000000,0.000000,0.000000,0.000000,0.000000,0.000000,0.000000,0.000000,0.000000,0.000000,0.000000,0.000000,6.692392,-3.287837,-6.054936,-0.004061,-0.000067,0.007923,bmi088,0.010559147999856577,"[[-0.00346210941710301,0.0,0.007723167161229791],[-0.003728425526110934,0.00026631610900792384,0.007190534943213944],[-0.005060006071150553,0.0,0.00825579937924564],[-0.003994741635118857,-0.0005326322180158477,0.008522115488253563]]",1067.5883828575,1067.5895936759998,21.875,87258,"[1831, 3727, -3372]","[[0, -13, 29], [-1, -14, 27], [0, -19, 31], [2, -15, 32]]"
3.080844,3.419727,body,0.000000,0.000000,0.000000,0.000000,0.000000,0.000000,0.000000,0.000000,0.000000,0.000000,0.000000,0.000000,6.694188,-3.278859,-6.040571,0.000399,-0.001798,0.002197,bmi088,0.010898345499981588,"[[-0.0023968449810713144,-0.0005326322180158477,0.007723167161229791],[-0.0005326322180158477,-0.0007989483270237715,0.004261057744126781],[0.001597896654047543,-0.001864212763055467,0.00026631610900792384],[0.0029294771990871623,-0.003994741635118857,-0.00346210941710301]]",1067.599281203,1067.600694654,21.875,87545,"[1826, 3728, -3364]","[[2, -9, 29], [3, -2, 16], [7, 6, 1], [15, 11, -13]]"
3.090851,3.430586,body,0.000000,0.000000,0.000000,0.000000,0.000000,0.000000,0.000000,0.000000,0.000000,0.000000,0.000000,0.000000,6.706757,-3.273472,-6.031593,0.004328,-0.007191,-0.009787,bmi088,0.010112505000051897,"[[0.0055926382891664005,-0.005858954398174325,-0.006391586616190172],[0.005326322180158476,-0.006657902725198096,-0.009853696033293183],[0.004261057744126781,-0.007723167161229791,-0.011451592687340724],[0.0021305288720633907,-0.008522115488253563,-0.011451592687340724]]",1067.609393708,1067.611428913,21.875,87823,"[1823, 3735, -3359]","[[22, 21, -24], [25, 20, -37], [29, 16, -43], [32, 8, -43]]"
3.101889,3.441719,body,0.000000,0.000000,0.000000,0.000000,0.000000,0.000000,0.000000,0.000000,0.000000,0.000000,0.000000,0.000000,6.679823,-3.277064,-6.076484,0.002770,-0.005859,-0.000373,bmi088,0.011125987500008705,"[[0.0010652644360316954,-0.007723167161229791,-0.009587379924285258],[0.001331580545039619,-0.006657902725198096,-0.00692421883420602],[0.0021305288720633907,-0.005326322180158476,-0.0021305288720633907],[0.003994741635118857,-0.0055926382891664005,0.005326322180158476],[0.005326322180158476,-0.003994741635118857,0.011451592687340724]]",1067.6205196955,1067.6222555445001,21.875,88108,"[1825, 3720, -3384]","[[29, 4, -36], [25, 5, -26], [20, 8, -8], [21, 15, 20], [15, 20, 43]]"
3.112578,3.452109,body,0.000000,0.000000,0.000000,0.000000,0.000000,0.000000,0.000000,0.000000,0.000000,0.000000,0.000000,0.000000,6.704962,-3.259107,-6.080075,0.001864,-0.002863,0.009721,bmi088,0.010942763499997454,"[[0.005326322180158476,-0.003195793308095086,0.01464738599543581],[0.0029294771990871623,-0.002663161090079238,0.012783173232380344],[0.00026631610900792384,-0.002663161090079238,0.008522115488253563],[-0.0010652644360316954,-0.0029294771990871623,0.0029294771990871623]]",1067.631462459,1067.6326537569998,21.875,88374,"[1815, 3734, -3386]","[[12, 20, 55], [10, 11, 48], [10, 1, 32], [11, -4, 11]]"
3.122968,3.463164,body,0.000000,0.000000,0.000000,0.000000,0.000000,0.000000,0.000000,0.000000,0.000000,0.000000,0.000000,0.000000,6.690597,-3.280655,-6.038775,0.001332,-0.003728,-0.006658,bmi088,0.010468167499993797,"[[-0.00026631610900792384,-0.002663161090079238,-0.003195793308095086],[0.0007989483270237715,-0.00346210941710301,-0.00692421883420602],[0.001864212763055467,-0.003994741635118857,-0.008522115488253563],[0.0029294771990871623,-0.004793689962142629,-0.007989483270237714]]",1067.6419306265,1067.6436526829998,21.875,88657,"[1827, 3726, -3363]","[[10, -1, -12], [13, 3, -26], [15, 7, -32], [18, 11, -30]]"
3.135420,3.475430,body,0.000000,0.000000,0.000000,0.000000,0.000000,0.000000,0.000000,0.000000,0.000000,0.000000,0.000000,0.000000,6.701370,-3.260903,-6.094440,0.002823,-0.006658,0.002663,bmi088,0.012078107499974067,"[[0.004261057744126781,-0.006391586616190172,-0.0055926382891664005],[0.00346210941710301,-0.006657902725198096,-0.001597896654047543],[0.002663161090079238,-0.00692421883420602,0.003195793308095086],[0.0010652644360316954,-0.00692421883420602,0.00692421883420602],[0.002663161090079238,-0.006391586616190172,0.01038632825130903]]",1067.654008734,1067.655539166,21.875,88971,"[1816, 3732, -3394]","[[24, 16, -21], [25, 13, -6], [26, 10, 12], [26, 4, 26], [24, 10, 39]]"
3.145725,3.485664,body,0.000000,0.000000,0.000000,0.000000,0.000000,0.000000,0.000000,0.000000,0.000000,0.000000,0.000000,0.000000,6.728305,-3.266290,-6.110601,0.004394,-0.003595,0.017976,bmi088,0.010180875500054754,"[[0.003994741635118857,-0.0055926382891664005,0.014114753777419964],[0.005858954398174325,-0.003994741635118857,0.018109495412538822],[0.005060006071150553,-0.003195793308095086,0.020506340393610135],[0.002663161090079238,-0.001597896654047543,0.019174759848570515]]",1067.6641896095,1067.665934819,21.875,89233,"[1819, 3747, -3403]","[[21, 15, 53], [15, 22, 68], [12, 19, 77], [6, 10, 72]]"
3.156210,3.496875,body,0.000000,0.000000,0.000000,0.000000,0.000000,0.000000,0.000000,0.000000,0.000000,0.000000,0.000000,0.000000,6.694188,-3.278859,-6.047753,-0.002597,0.001864,0.002996,bmi088,0.011013774500042928,"[[-0.0007989483270237715,0.00026631610900792384,0.014114753777419964],[-0.003195793308095086,0.001597896654047543,0.00692421883420602],[-0.003728425526110934,0.0023968449810713144,-0.001331580545039619],[-0.002663161090079238,0.003195793308095086,-0.007723167161229791]]",1067.675203384,1067.676785179,21.875,89520,"[1826, 3728, -3368]","[[-1, -3, 53], [-6, -12, 26], [-9, -14, -5], [-12, -10, -29]]"
3.166971,3.507617,body,0.000000,0.000000,0.000000,0.000000,0.000000,0.000000,0.000000,0.000000,0.000000,0.000000,0.000000,0.000000,6.663662,-3.259107,-6.035184,0.007563,0.003462,-0.016991,bmi088,0.010844136000059734,"[[0.00026631610900792384,0.004527373853134706,-0.013315805450396193],[0.004527373853134706,0.005060006071150553,-0.016245282649483356],[0.007723167161229791,0.004261057744126781,-0.017843179303530896],[0.011451592687340724,0.0023968449810713144,-0.01864212763055467],[0.01384843766841204,0.0010652644360316954,-0.018908443739562592]]",1067.68604752,1067.6874552115,21.875,89795,"[1815, 3711, -3361]","[[-17, 1, -50], [-19, 17, -61], [-16, 29, -67], [-9, 43, -70], [-4, 52, -71]]"
3.178468,3.519023,body,0.000000,0.000000,0.000000,0.000000,0.000000,0.000000,0.000000,0.000000,0.000000,0.000000,0.000000,0.000000,6.665457,-3.260903,-6.038775,0.014714,-0.001198,-0.015846,bmi088,0.01123810399985814,"[[0.016245282649483356,0.0,-0.018375811521546746],[0.016777914867499202,-0.001331580545039619,-0.01651159875849128],[0.014381069886427887,-0.0021305288720633907,-0.015180018213451659],[0.011451592687340724,-0.001331580545039619,-0.013315805450396193]]",1067.697285624,1067.6988899154999,21.875,90087,"[1816, 3712, -3363]","[[0, 61, -69], [5, 63, -62], [8, 54, -57], [5, 43, -50]]"
3.189236,3.530078,body,0.000000,0.000000,0.000000,0.000000,0.000000,0.000000,0.000000,0.000000,0.000000,0.000000,0.000000,0.000000,6.672640,-3.269881,-6.051345,0.007936,-0.001278,-0.005646,bmi088,0.010791589500058762,"[[0.009587379924285258,-0.001331580545039619,-0.011185276578332801],[0.009054747706269411,-0.0005326322180158477,-0.007989483270237714],[0.00825579937924564,-0.0007989483270237715,-0.005326322180158476],[0.006657902725198096,-0.0007989483270237715,-0.00346210941710301],[0.006125270507182248,-0.0029294771990871623,-0.00026631610900792384]]",1067.7080772135,1067.7095986210002,21.875,90370,"[1821, 3716, -3370]","[[5, 36, -42], [2, 34, -30], [3, 31, -20], [3, 25, -13], [11, 23, -1]]"
3.199693,3.540820,body,0.000000,0.000000,0.000000,0.000000,0.000000,0.000000,0.000000,0.000000,0.000000,0.000000,0.000000,0.000000,6.685210,-3.246537,-6.060323,0.008189,-0.009254,0.006525,bmi088,0.010810197999944648,"[[0.0055926382891664005,-0.006125270507182248,0.0021305288720633907],[0.007190534943213944,-0.008788431597261486,0.005858954398174325],[0.009054747706269411,-0.010652644360316953,0.007989483270237714],[0.010918960469324878,-0.011451592687340724,0.010120012142301106]]",1067.7188874115,1067.720238364,21.875,90645,"[1808, 3723, -3375]","[[23, 21, 8], [33, 27, 22], [40, 34, 30], [43, 41, 38]]"
3.210753,3.551875,body,0.000000,0.000000,0.000000,0.000000,0.000000,0.000000,0.000000,0.000000,0.000000,0.000000,0.000000,0.000000,6.704962,-3.255516,-6.067506,0.008988,-0.012184,0.005526,bmi088,0.010455271499949959,"[[0.010120012142301106,-0.01171790879634865,0.010652644360316953],[0.010120012142301106,-0.011451592687340724,0.007989483270237714],[0.008522115488253563,-0.012516857123372421,0.003728425526110934],[0.007190534943213944,-0.013049489341388268,-0.00026631610900792384]]",1067.729342683,1067.731182776,21.875,90928,"[1813, 3734, -3379]","[[44, 38, 40], [43, 38, 30], [47, 32, 14], [49, 27, -1]]"
3.221759,3.562500,body,0.000000,0.000000,0.000000,0.000000,0.000000,0.000000,0.000000,0.000000,0.000000,0.000000,0.000000,0.000000,6.730101,-3.277064,-6.094440,-0.000639,-0.010599,0.007404,bmi088,0.011125106999998025,"[[0.003728425526110934,-0.013049489341388268,-0.0007989483270237715],[0.0010652644360316954,-0.012516857123372421,0.0010652644360316954],[-0.0023968449810713144,-0.011185276578332801,0.006125270507182248],[-0.0029294771990871623,-0.009054747706269411,0.012250541014364496],[-0.002663161090079238,-0.007190534943213944,0.018375811521546746]]",1067.74046779,1067.7418568085,21.875,91200,"[1825, 3748, -3394]","[[49, 14, -3], [47, 4, 4], [42, -9, 23], [34, -11, 46], [27, -10, 69]]"
3.232336,3.573906,body,0.000000,0.000000,0.000000,0.000000,0.000000,0.000000,0.000000,0.000000,0.000000,0.000000,0.000000,0.000000,6.715736,-3.246537,-6.062119,0.000266,-0.003728,0.019707,bmi088,0.0109670525000638,"[[-0.001331580545039619,-0.006391586616190172,0.021571604829641832],[0.0,-0.0055926382891664005,0.021571604829641832],[0.0007989483270237715,-0.003195793308095086,0.019707392066586366],[0.001597896654047543,0.00026631610900792384,0.01597896654047543]]",1067.7514348425,1067.7529419945,21.875,91492,"[1808, 3740, -3376]","[[24, -5, 81], [21, 0, 81], [12, 3, 74], [-1, 6, 60]]"
3.242976,3.583789,body,0.000000,0.000000,0.000000,0.000000,0.000000,0.000000,0.000000,0.000000,0.000000,0.000000,0.000000,0.000000,6.669049,-3.250129,-6.029797,0.005726,0.003063,0.001065,bmi088,0.010461863500040636,"[[0.002663161090079238,0.0023968449810713144,0.01171790879634865],[0.005060006071150553,0.003728425526110934,0.005858954398174325],[0.007190534943213944,0.003195793308095086,-0.0021305288720633907],[0.007989483270237714,0.0029294771990871623,-0.011185276578332801]]",1067.761896706,1067.7630005125,21.875,91745,"[1810, 3714, -3358]","[[-9, 10, 44], [-14, 19, 22], [-12, 27, -8], [-11, 30, -42]]"
3.253782,3.595742,body,0.000000,0.000000,0.000000,0.000000,0.000000,0.000000,0.000000,0.000000,0.000000,0.000000,0.000000,0.000000,6.687005,-3.268085,-6.042366,0.007404,-0.000479,-0.018962,bmi088,0.011186629999883735,"[[0.00825579937924564,0.0010652644360316954,-0.017576863194522972],[0.007723167161229791,0.00026631610900792384,-0.02077265650261806],[0.006391586616190172,-0.001331580545039619,-0.021837920938649755],[0.006391586616190172,-0.001864212763055467,-0.019707392066586366],[0.00825579937924564,-0.0005326322180158477,-0.014913702104443736]]",1067.773083336,1067.774622585,21.875,92051,"[1820, 3724, -3365]","[[-4, 31, -66], [-1, 29, -78], [5, 24, -82], [7, 24, -74], [2, 31, -56]]"
3.265685,3.606602,body,0.000000,0.000000,0.000000,0.000000,0.000000,0.000000,0.000000,0.000000,0.000000,0.000000,0.000000,0.000000,6.669049,-3.251924,-6.058527,0.007989,0.001398,-0.002264,bmi088,0.01128231450002204,"[[0.01038632825130903,0.0007989483270237715,-0.007456851052221868],[0.009587379924285258,0.0021305288720633907,-0.0023968449810713144],[0.00692421883420602,0.001864212763055467,0.00026631610900792384],[0.005060006071150553,0.0007989483270237715,0.0005326322180158477]]",1067.7843656505,1067.785594454,21.875,92329,"[1811, 3714, -3374]","[[-3, 39, -28], [-8, 36, -9], [-7, 26, 1], [-3, 19, 2]]"
3.276087,3.618008,body,0.000000,0.000000,0.000000,0.000000,0.000000,0.000000,0.000000,0.000000,0.000000,0.000000,0.000000,0.000000,6.690597,-3.241150,-6.045958,0.003595,0.001065,-0.003795,bmi088,0.010963691999904768,"[[0.005326322180158476,0.0007989483270237715,0.00026631610900792384],[0.005326322180158476,0.001331580545039619,-0.001597896654047543],[0.003728425526110934,0.001597896654047543,-0.004793689962142629],[0.0,0.0005326322180158477,-0.009054747706269411]]",1067.7953293424998,1067.7966105645,21.875,92621,"[1805, 3726, -3367]","[[-3, 20, 1], [-5, 20, -6], [-6, 14, -18], [-2, 0, -34]]"
3.286766,3.628281,body,0.000000,0.000000,0.000000,0.000000,0.000000,0.000000,0.000000,0.000000,0.000000,0.000000,0.000000,0.000000,6.694188,-3.275268,-6.080075,-0.002929,-0.007137,-0.009215,bmi088,0.0101377539999703,"[[-0.002663161090079238,-0.0023968449810713144,-0.013582121559404116],[-0.003994741635118857,-0.0055926382891664005,-0.01464738599543581],[-0.003195793308095086,-0.009321063815277334,-0.013582121559404116],[-0.002663161090079238,-0.009853696033293183,-0.006657902725198096],[-0.0021305288720633907,-0.008522115488253563,0.0023968449810713144]]",1067.8054670964998,1067.8070241855,21.875,92884,"[1824, 3728, -3386]","[[9, -10, -51], [21, -15, -55], [35, -12, -51], [37, -10, -25], [32, -8, 9]]"
3.296891,3.638594,body,0.000000,0.000000,0.000000,0.000000,0.000000,0.000000,0.000000,0.000000,0.000000,0.000000,0.000000,0.000000,6.706757,-3.233968,-6.089053,-0.001531,-0.003196,0.022770,bmi088,0.009989907500312256,"[[-0.001864212763055467,-0.005858954398174325,0.013582121559404116],[-0.0010652644360316954,-0.00346210941710301,0.022636869265673525],[-0.0010652644360316954,-0.0021305288720633907,0.027430559227816155],[-0.0021305288720633907,-0.001331580545039619,0.027430559227816155]]",1067.815457004,1067.8171421789998,21.875,93148,"[1801, 3735, -3391]","[[22, -7, 51], [13, -4, 85], [8, -4, 103], [5, -8, 103]]"
3.306978,3.649258,body,0.000000,0.000000,0.000000,0.000000,0.000000,0.000000,0.000000,0.000000,0.000000,0.000000,0.000000,0.000000,6.694188,-3.250129,-6.065710,-0.009321,-0.004594,0.007590,bmi088,0.010496728999896732,"[[-0.005060006071150553,-0.0023968449810713144,0.021305288720633905],[-0.00825579937924564,-0.004261057744126781,0.012250541014364496],[-0.010918960469324878,-0.005858954398174325,0.002663161090079238],[-0.013049489341388268,-0.005858954398174325,-0.005858954398174325]]",1067.825953733,1067.827710303,21.875,93421,"[1810, 3728, -3378]","[[9, -19, 80], [16, -31, 46], [22, -41, 10], [22, -49, -22]]"
3.318142,3.660742,body,0.000000,0.000000,0.000000,0.000000,0.000000,0.000000,0.000000,0.000000,0.000000,0.000000,0.000000,0.000000,6.638523,-3.257311,-6.035184,-0.009388,-0.001465,-0.008655,bmi088,0.011297562499976266,"[[-0.013582121559404116,-0.003994741635118857,-0.01171790879634865],[-0.01171790879634865,-0.001864212763055467,-0.012516857123372421],[-0.007989483270237714,0.0,-0.008788431597261486],[-0.004261057744126781,0.0,-0.001597896654047543]]",1067.8372512955,1067.839057452,21.875,93715,"[1814, 3697, -3361]","[[15, -51, -44], [7, -44, -47], [0, -30, -33], [0, -16, -6]]"
3.328769,3.671367,body,0.000000,0.000000,0.000000,0.000000,0.000000,0.000000,0.000000,0.000000,0.000000,0.000000,0.000000,0.000000,6.678027,-3.248333,-6.054936,0.001172,-0.005486,0.011878,bmi088,0.010885433500106956,"[[-0.00026631610900792384,-0.0005326322180158477,0.006125270507182248],[0.001864212763055467,-0.0029294771990871623,0.012783173232380344],[0.0023968449810713144,-0.0055926382891664005,0.015446334322459582],[0.001331580545039619,-0.008522115488253563,0.014114753777419964],[0.0005326322180158477,-0.009853696033293183,0.010918960469324878]]",1067.848136729,1067.849450896,21.875,93987,"[1809, 3719, -3372]","[[2, -1, 23], [11, 7, 48], [21, 9, 58], [32, 5, 53], [37, 2, 41]]"
3.340087,3.682852,body,0.000000,0.000000,0.000000,0.000000,0.000000,0.000000,0.000000,0.000000,0.000000,0.000000,0.000000,0.000000,6.699575,-3.282450,-6.069301,-0.000932,-0.009587,0.003795,bmi088,0.011072433499975887,"[[-0.00026631610900792384,-0.010918960469324878,0.008522115488253563],[-0.0010652644360316954,-0.01038632825130903,0.005326322180158476],[-0.0010652644360316954,-0.009853696033293183,0.001864212763055467],[-0.001331580545039619,-0.007190534943213944,-0.0005326322180158477]]",1067.8592091625,1067.8607222975,21.875,94281,"[1828, 3731, -3380]","[[41, -1, 32], [39, -4, 20], [37, -4, 7], [27, -5, -2]]"
3.352042,3.694414,body,0.000000,0.000000,0.000000,0.000000,0.000000,0.000000,0.000000,0.000000,0.000000,0.000000,0.000000,0.000000,6.695983,-3.259107,-6.060323,0.000320,-0.000053,0.002823,bmi088,0.011346108499992624,"[[-0.0005326322180158477,-0.004527373853134706,-0.0005326322180158477],[-0.0005326322180158477,-0.001864212763055467,0.0021305288720633907],[0.0007989483270237715,0.0005326322180158477,0.004261057744126781],[0.0007989483270237715,0.0021305288720633907,0.005060006071150553],[0.0010652644360316954,0.00346210941710301,0.003195793308095086]]",1067.870555271,1067.8723750274999,21.875,94577,"[1815, 3729, -3375]","[[17, -2, -2], [7, -2, 8], [-2, 3, 16], [-8, 3, 19], [-13, 4, 12]]"
3.363128,3.706094,body,0.000000,0.000000,0.000000,0.000000,0.000000,0.000000,0.000000,0.000000,0.000000,0.000000,0.000000,0.000000,6.687005,-3.248333,-6.071097,-0.001198,0.001132,-0.008189,bmi088,0.011677306499905171,"[[0.0,0.0029294771990871623,-0.0007989483270237715],[-0.0007989483270237715,0.001864212763055467,-0.005060006071150553],[-0.001597896654047543,0.00026631610900792384,-0.010918960469324878],[-0.0023968449810713144,-0.0005326322180158477,-0.01597896654047543]]",1067.8822325775,1067.8837279680001,21.875,94876,"[1809, 3724, -3381]","[[-11, 0, -3], [-7, -3, -19], [-1, -6, -41], [2, -9, -60]]"
3.374038,3.717227,body,0.000000,0.000000,0.000000,0.000000,0.000000,0.000000,0.000000,0.000000,0.000000,0.000000,0.000000,0.000000,6.703166,-3.277064,-6.060323,-0.003941,0.000479,-0.014168,bmi088,0.011018847000059395,"[[-0.001864212763055467,-0.0007989483270237715,-0.01864212763055467],[-0.003728425526110934,0.0,-0.01944107595757844],[-0.004527373853134706,0.0007989483270237715,-0.016245282649483356],[-0.005326322180158476,0.0010652644360316954,-0.012516857123372421],[-0.004261057744126781,0.001331580545039619,-0.003994741635118857]]",1067.8932514245,1067.8949725045,21.875,95161,"[1825, 3733, -3375]","[[3, -7, -70], [0, -14, -73], [-3, -17, -61], [-4, -20, -47], [-5, -16, -15]]"
3.385952,3.729023,body,0.000000,0.000000,0.000000,0.000000,0.000000,0.000000,0.000000,0.000000,0.000000,0.000000,0.000000,0.000000,6.715736,-3.268085,-6.054936,-0.004261,0.001731,0.012517,bmi088,0.011612471500029642,"[[-0.003728425526110934,0.001597896654047543,0.004527373853134706],[-0.004261057744126781,0.002663161090079238,0.013049489341388268],[-0.004527373853134706,0.001864212763055467,0.016245282649483356],[-0.004527373853134706,0.0007989483270237715,0.016245282649483356]]",1067.904863896,1067.9063995605,21.875,95463,"[1820, 3740, -3372]","[[-6, -14, 17], [-10, -16, 49], [-7, -17, 61], [-3, -17, 61]]"
3.396578,3.739844,body,0.000000,0.000000,0.000000,0.000000,0.000000,0.000000,0.000000,0.000000,0.000000,0.000000,0.000000,0.000000,6.683414,-3.275268,-6.067506,-0.008788,0.002983,-0.000692,bmi088,0.010817718499993134,"[[-0.005326322180158476,0.001331580545039619,0.012516857123372421],[-0.006657902725198096,0.00346210941710301,0.006657902725198096],[-0.009321063815277334,0.004793689962142629,-0.0005326322180158477],[-0.011185276578332801,0.003728425526110934,-0.008788431597261486],[-0.011451592687340724,0.001597896654047543,-0.013315805450396193]]",1067.9156816145,1067.9170553525,21.875,95740,"[1824, 3722, -3379]","[[-5, -20, 47], [-13, -25, 25], [-18, -35, -2], [-14, -42, -33], [-6, -43, -50]]"
3.407259,3.749844,body,0.000000,0.000000,0.000000,0.000000,0.000000,0.000000,0.000000,0.000000,0.000000,0.000000,0.000000,0.000000,6.703166,-3.302203,-6.058527,-0.004927,-0.001731,-0.005926,bmi088,0.010145274500018786,"[[-0.009853696033293183,0.0,-0.013582121559404116],[-0.005858954398174325,-0.001597896654047543,-0.009853696033293183],[-0.0029294771990871623,-0.0023968449810713144,-0.003195793308095086],[-0.0010652644360316954,-0.0029294771990871623,0.0029294771990871623]]",1067.925826889,1067.9272207875001,21.875,95996,"[1839, 3733, -3374]","[[0, -37, -51], [6, -22, -37], [9, -11, -12], [11, -4, 11]]"
3.418143,3.761992,body,0.000000,0.000000,0.000000,0.000000,0.000000,0.000000,0.000000,0.000000,0.000000,0.000000,0.000000,0.000000,6.697779,-3.271677,-6.065710,-0.002264,-0.005393,0.011119,bmi088,0.01152590800006692,"[[-0.0005326322180158477,-0.003728425526110934,0.009321063815277334],[-0.001864212763055467,-0.005326322180158476,0.011984224905356573],[-0.0023968449810713144,-0.00692421883420602,0.012783173232380344],[-0.004261057744126781,-0.0055926382891664005,0.01038632825130903]]",1067.9373527970001,1067.9389627844998,21.875,96307,"[1822, 3730, -3378]","[[14, -2, 35], [20, -7, 45], [26, -9, 48], [21, -16, 39]]"
3.430017,3.774062,body,0.000000,0.000000,0.000000,0.000000,0.000000,0.000000,0.000000,0.000000,0.000000,0.000000,0.000000,0.000000,6.690597,-3.260903,-6.060323,-0.007191,-0.002770,0.002663,bmi088,0.011916772499944273,"[[-0.006125270507182248,-0.004261057744126781,0.007723167161229791],[-0.00825579937924564,-0.0023968449810713144,0.004261057744126781],[-0.00825579937924564,-0.0023968449810713144,0.0021305288720633907],[-0.007190534943213944,-0.0021305288720633907,0.00026631610900792384],[-0.006125270507182248,-0.002663161090079238,-0.0010652644360316954]]",1067.9492695695,1067.9511834099999,21.875,96616,"[1816, 3726, -3375]","[[16, -23, 29], [9, -31, 16], [9, -31, 8], [8, -27, 1], [10, -23, -4]]"
3.441098,3.784922,body,0.000000,0.000000,0.000000,0.000000,0.000000,0.000000,0.000000,0.000000,0.000000,0.000000,0.000000,0.000000,6.674436,-3.275268,-6.053140,-0.002397,-0.000067,-0.001531,bmi088,0.010950267999987773,"[[-0.004527373853134706,-0.0021305288720633907,-0.002663161090079238],[-0.003195793308095086,-0.0005326322180158477,-0.0021305288720633907],[-0.0010652644360316954,0.0007989483270237715,-0.001864212763055467],[-0.0007989483270237715,0.001597896654047543,0.0005326322180158477]]",1067.9602198375,1067.9617006835,21.875,96894,"[1824, 3717, -3371]","[[8, -17, -10], [2, -12, -8], [-3, -4, -7], [-6, -3, 2]]"
3.451661,3.794961,body,0.000000,0.000000,0.000000,0.000000,0.000000,0.000000,0.000000,0.000000,0.000000,0.000000,0.000000,0.000000,6.679823,-3.286042,-6.072893,-0.003529,0.001465,-0.000133,bmi088,0.00994540949977818,"[[-0.0010652644360316954,0.001331580545039619,0.0005326322180158477],[-0.0029294771990871623,0.001597896654047543,0.0010652644360316954],[-0.005060006071150553,0.001331580545039619,-0.00026631610900792384],[-0.005060006071150553,0.001597896654047543,-0.001864212763055467]]",1067.9701652469998,1067.971893592,21.875,97151,"[1830, 3720, -3382]","[[-5, -4, 2], [-6, -11, 4], [-5, -19, -1], [-6, -19, -7]]"
3.462267,3.804805,body,0.000000,0.000000,0.000000,0.000000,0.000000,0.000000,0.000000,0.000000,0.000000,0.000000,0.000000,0.000000,6.695983,-3.280655,-6.067506,-0.001065,0.001012,-0.003196,bmi088,0.01028480050035796,"[[-0.004261057744126781,0.001597896654047543,-0.00346210941710301],[-0.001597896654047543,0.001331580545039619,-0.004527373853134706],[-0.0005326322180158477,0.001331580545039619,-0.004527373853134706],[0.0005326322180158477,0.0005326322180158477,-0.0029294771990871623],[0.0005326322180158477,0.00026631610900792384,-0.0005326322180158477]]",1067.9804500475002,1067.98156251,21.875,97403,"[1827, 3729, -3379]","[[-6, -16, -13], [-5, -6, -17], [-5, -2, -17], [-2, 2, -11], [-1, 2, -2]]"
3.472352,3.816094,body,0.000000,0.000000,0.000000,0.000000,0.000000,0.000000,0.000000,0.000000,0.000000,0.000000,0.000000,0.000000,6.694188,-3.253720,-6.071097,0.000000,-0.002197,0.004794,bmi088,0.0108067899998332,"[[0.0005326322180158477,0.0,0.001864212763055467],[0.00026631610900792384,-0.0005326322180158477,0.004261057744126781],[0.0,-0.0029294771990871623,0.0055926382891664005],[-0.0007989483270237715,-0.005326322180158476,0.007456851052221868]]",1067.9912568375,1067.992601614,21.875,97692,"[1812, 3728, -3381]","[[0, 2, 7], [2, 1, 16], [11, 0, 21], [20, -3, 28]]"
3.482687,3.824922,body,0.000000,0.000000,0.000000,0.000000,0.000000,0.000000,0.000000,0.000000,0.000000,0.000000,0.000000,0.000000,6.704962,-3.273472,-6.083666,-0.001065,-0.004084,0.007723,bmi088,0.009143391999941741,"[[-0.001864212763055467,-0.005858954398174325,0.007989483270237714],[-0.001597896654047543,-0.004261057744126781,0.00825579937924564],[0.00026631610900792384,-0.0021305288720633907,0.00692421883420602]]",1068.0004002295,1068.0014834429999,21.875,97918,"[1823, 3734, -3388]","[[22, -7, 30], [16, -6, 31], [8, 1, 26]]"
3.492722,3.834961,body,0.000000,0.000000,0.000000,0.000000,0.000000,0.000000,0.000000,0.000000,0.000000,0.000000,0.000000,0.000000,6.703166,-3.277064,-6.083666,0.005992,-0.001198,-0.000333,bmi088,0.009964498500039554,"[[0.002663161090079238,-0.001331580545039619,0.004261057744126781],[0.006125270507182248,-0.0007989483270237715,0.0005326322180158477],[0.007456851052221868,-0.0010652644360316954,-0.002663161090079238],[0.007723167161229791,-0.001597896654047543,-0.00346210941710301]]",1068.010364728,1068.011406484,21.875,98175,"[1825, 3733, -3388]","[[5, 10, 16], [3, 23, 2], [4, 28, -10], [6, 29, -13]]"
3.502754,3.845078,body,0.000000,0.000000,0.000000,0.000000,0.000000,0.000000,0.000000,0.000000,0.000000,0.000000,0.000000,0.000000,6.688801,-3.255516,-6.053140,0.005992,0.000666,-0.004261,bmi088,0.01001352449998194,"[[0.006657902725198096,-0.001331580545039619,-0.003994741635118857],[0.005326322180158476,-0.00026631610900792384,-0.003195793308095086],[0.005858954398174325,0.001864212763055467,-0.004793689962142629],[0.006125270507182248,0.0023968449810713144,-0.005060006071150553]]",1068.0203782525,1068.0214231764999,21.875,98434,"[1813, 3725, -3371]","[[5, 25, -15], [1, 20, -12], [-7, 22, -18], [-9, 23, -19]]"
3.512725,3.855313,body,0.000000,0.000000,0.000000,0.000000,0.000000,0.000000,0.000000,0.000000,0.000000,0.000000,0.000000,0.000000,6.685210,-3.248333,-6.065710,0.008522,0.002344,-0.003515,bmi088,0.010111880999829737,"[[0.007723167161229791,0.003195793308095086,-0.004793689962142629],[0.008522115488253563,0.00346210941710301,-0.00346210941710301],[0.009054747706269411,0.002663161090079238,-0.0029294771990871623],[0.008522115488253563,0.001864212763055467,-0.003195793308095086],[0.008788431597261486,0.0005326322180158477,-0.003195793308095086]]",1068.0304901334998,1068.0315687865,21.875,98696,"[1809, 3723, -3378]","[[-12, 29, -18], [-13, 32, -13], [-10, 34, -11], [-7, 32, -12], [-2, 33, -12]]"
3.522762,3.865234,body,0.000000,0.000000,0.000000,0.000000,0.000000,0.000000,0.000000,0.000000,0.000000,0.000000,0.000000,0.000000,6.670844,-3.257311,-6.072893,0.007102,0.002841,-0.007013,bmi088,0.00978621900003418,"[[0.008522115488253563,0.001864212763055467,-0.004793689962142629],[0.007190534943213944,0.0029294771990871623,-0.007190534943213944],[0.0055926382891664005,0.003728425526110934,-0.009054747706269411]]",1068.0402763524999,1068.0413606860002,21.875,98950,"[1814, 3715, -3382]","[[-7, 32, -18], [-11, 27, -27], [-14, 21, -34]]"
3.532719,3.875430,body,0.000000,0.000000,0.000000,0.000000,0.000000,0.000000,0.000000,0.000000,0.000000,0.000000,0.000000,0.000000,6.683414,-3.251924,-6.028001,0.007523,0.002131,-0.007191,bmi088,0.010096984000028897,"[[0.005060006071150553,0.003195793308095086,-0.008522115488253563],[0.005858954398174325,0.0021305288720633907,-0.007723167161229791],[0.00825579937924564,0.0021305288720633907,-0.006657902725198096],[0.010918960469324878,0.0010652644360316954,-0.005858954398174325]]",1068.0503733365,1068.051429877,21.875,99211,"[1811, 3722, -3357]","[[-12, 19, -32], [-8, 22, -29], [-8, 31, -25], [-4, 41, -22]]"
3.542759,3.885898,body,0.000000,0.000000,0.000000,0.000000,0.000000,0.000000,0.000000,0.000000,0.000000,0.000000,0.000000,0.000000,6.685210,-3.268085,-6.033388,0.008735,-0.003888,-0.002131,bmi088,0.010348435000196332,"[[0.011984224905356573,-0.0005326322180158477,-0.004793689962142629],[0.009853696033293183,-0.0023968449810713144,-0.004793689962142629],[0.007723167161229791,-0.003728425526110934,-0.003195793308095086],[0.00692421883420602,-0.0055926382891664005,-0.0005326322180158477],[0.007190534943213944,-0.007190534943213944,0.002663161090079238]]",1068.0607217715,1068.061786616,21.875,99479,"[1820, 3723, -3360]","[[2, 45, -18], [9, 37, -18], [14, 29, -12], [21, 26, -2], [27, 27, 10]]"
3.552757,3.895703,body,0.000000,0.000000,0.000000,0.000000,0.000000,0.000000,0.000000,0.000000,0.000000,0.000000,0.000000,0.000000,6.697779,-3.273472,-6.067506,0.004527,-0.007790,0.006924,bmi088,0.009690967000096862,"[[0.006125270507182248,-0.008522115488253563,0.005326322180158476],[0.005858954398174325,-0.007723167161229791,0.006391586616190172],[0.003728425526110934,-0.007456851052221868,0.007190534943213944],[0.0023968449810713144,-0.007456851052221868,0.008788431597261486]]",1068.0704127385002,1068.0714976,21.875,99730,"[1823, 3730, -3379]","[[32, 23, 20], [29, 22, 24], [28, 14, 27], [28, 9, 33]]"
3.562756,3.905508,body,0.000000,0.000000,0.000000,0.000000,0.000000,0.000000,0.000000,0.000000,0.000000,0.000000,0.000000,0.000000,6.690597,-3.282450,-6.078279,-0.000178,-0.007457,0.011984,bmi088,0.00995915449993845,"[[-0.00026631610900792384,-0.00825579937924564,0.010120012142301106],[-0.00026631610900792384,-0.007723167161229791,0.012250541014364496],[0.0,-0.006391586616190172,0.013582121559404116]]",1068.0803718930001,1068.0811661505,21.875,99981,"[1828, 3726, -3385]","[[31, -1, 38], [29, -1, 46], [24, 0, 51]]"
3.572761,3.916367,body,0.000000,0.000000,0.000000,0.000000,0.000000,0.000000,0.000000,0.000000,0.000000,0.000000,0.000000,0.000000,6.681618,-3.284246,-6.081871,-0.000373,-0.002770,0.011611,bmi088,0.010232733499833557,"[[0.0005326322180158477,-0.005858954398174325,0.015712650431467506],[0.0010652644360316954,-0.004261057744126781,0.01464738599543581],[0.0005326322180158477,-0.0023968449810713144,0.01171790879634865],[-0.0005326322180158477,-0.0007989483270237715,0.009054747706269411],[-0.00346210941710301,-0.0005326322180158477,0.00692421883420602]]",1068.0906046265,1068.0918524869999,21.875,100259,"[1829, 3721, -3387]","[[22, 2, 59], [16, 4, 55], [9, 2, 44], [3, -2, 34], [2, -13, 26]]"
3.582760,3.925820,body,0.000000,0.000000,0.000000,0.000000,0.000000,0.000000,0.000000,0.000000,0.000000,0.000000,0.000000,0.000000,6.701370,-3.262698,-6.071097,-0.001243,0.000710,0.001953,bmi088,0.009632773000248562,"[[-0.003994741635118857,0.0005326322180158477,0.005326322180158476],[-0.0021305288720633907,0.0007989483270237715,0.001864212763055467],[0.0023968449810713144,0.0007989483270237715,-0.001331580545039619]]",1068.1002373995002,1068.1012710109999,21.875,100501,"[1817, 3732, -3381]","[[-2, -15, 20], [-3, -8, 7], [-3, 9, -5]]"
3.592758,3.936094,body,0.000000,0.000000,0.000000,0.000000,0.000000,0.000000,0.000000,0.000000,0.000000,0.000000,0.000000,0.000000,6.706757,-3.255516,-6.056732,0.005260,0.000000,-0.006858,bmi088,0.010169114999825979,"[[0.005326322180158476,0.00026631610900792384,-0.003994741635118857],[0.006391586616190172,0.00026631610900792384,-0.006125270507182248],[0.004793689962142629,-0.00026631610900792384,-0.007723167161229791],[0.004527373853134706,-0.00026631610900792384,-0.009587379924285258]]",1068.1104065145,1068.1114488145,21.875,100764,"[1813, 3735, -3373]","[[-1, 20, -15], [-1, 24, -23], [1, 18, -29], [1, 17, -36]]"
3.602757,3.946172,body,0.000000,0.000000,0.000000,0.000000,0.000000,0.000000,0.000000,0.000000,0.000000,0.000000,0.000000,0.000000,6.679823,-3.253720,-6.056732,0.002463,-0.001265,-0.010320,bmi088,0.009973747000003641,"[[0.003728425526110934,-0.0005326322180158477,-0.012250541014364496],[0.003728425526110934,-0.0007989483270237715,-0.012516857123372421],[0.0021305288720633907,-0.001597896654047543,-0.010120012142301106],[0.00026631610900792384,-0.0021305288720633907,-0.006391586616190172]]",1068.1203802615,1068.121421489,21.875,101022,"[1812, 3720, -3373]","[[2, 14, -46], [3, 14, -47], [6, 8, -38], [8, 1, -24]]"
3.612765,3.956367,body,0.000000,0.000000,0.000000,0.000000,0.000000,0.000000,0.000000,0.000000,0.000000,0.000000,0.000000,0.000000,6.685210,-3.271677,-6.058527,0.000799,-0.005539,-0.000533,bmi088,0.010050725999917631,"[[0.0,-0.0029294771990871623,-0.003195793308095086],[0.0,-0.004261057744126781,-0.001597896654047543],[0.001864212763055467,-0.006391586616190172,0.001331580545039619],[0.001597896654047543,-0.007190534943213944,0.0010652644360316954],[0.0005326322180158477,-0.00692421883420602,-0.00026631610900792384]]",1068.1304309875,1068.1314998485,21.875,101283,"[1822, 3723, -3374]","[[11, 0, -12], [16, 0, -6], [24, 7, 5], [27, 6, 4], [26, 2, -1]]"
3.622764,3.966719,body,0.000000,0.000000,0.000000,0.000000,0.000000,0.000000,0.000000,0.000000,0.000000,0.000000,0.000000,0.000000,6.679823,-3.278859,-6.049549,-0.001531,-0.006392,-0.002197,bmi088,0.01026079899997967,"[[-0.0010652644360316954,-0.006391586616190172,-0.001864212763055467],[-0.0021305288720633907,-0.006391586616190172,-0.0023968449810713144],[-0.001597896654047543,-0.006657902725198096,-0.001864212763055467],[-0.001331580545039619,-0.006125270507182248,-0.002663161090079238]]",1068.1406917865,1068.141742455,21.875,101548,"[1826, 3720, -3369]","[[24, -4, -7], [24, -8, -9], [25, -6, -7], [23, -5, -10]]"
3.632756,3.976484,body,0.000000,0.000000,0.000000,0.000000,0.000000,0.000000,0.000000,0.000000,0.000000,0.000000,0.000000,0.000000,6.694188,-3.237559,-6.065710,-0.002131,-0.006569,-0.004084,bmi088,0.009698936000177127,"[[-0.001597896654047543,-0.006125270507182248,-0.003994741635118857],[-0.0023968449810713144,-0.006391586616190172,-0.004261057744126781],[-0.0023968449810713144,-0.007190534943213944,-0.003994741635118857]]",1068.1503907225,1068.151411837,21.875,101798,"[1803, 3728, -3378]","[[23, -6, -15], [24, -9, -16], [27, -9, -15]]"
3.642756,3.986875,body,0.000000,0.000000,0.000000,0.000000,0.000000,0.000000,0.000000,0.000000,0.000000,0.000000,0.000000,0.000000,6.694188,-3.250129,-6.058527,-0.003196,-0.009960,0.004474,bmi088,0.010201260499798082,"[[-0.0010652644360316954,-0.009054747706269411,-0.0021305288720633907],[-0.0010652644360316954,-0.01038632825130903,0.0007989483270237715],[-0.0021305288720633907,-0.011185276578332801,0.003994741635118857],[-0.004793689962142629,-0.010120012142301106,0.007723167161229791],[-0.00692421883420602,-0.009054747706269411,0.011984224905356573]]",1068.160591983,1068.1616832285,21.875,102064,"[1810, 3728, -3374]","[[34, -4, -8], [39, -4, 3], [42, -8, 15], [38, -18, 29], [34, -26, 45]]"
3.652757,3.996758,body,0.000000,0.000000,0.000000,0.000000,0.000000,0.000000,0.000000,0.000000,0.000000,0.000000,0.000000,0.000000,6.701370,-3.266290,-6.105214,-0.006325,-0.005193,0.016512,bmi088,0.00982247650017598,"[[-0.007723167161229791,-0.007989483270237714,0.015712650431467506],[-0.006391586616190172,-0.006125270507182248,0.017843179303530896],[-0.005060006071150553,-0.004261057744126781,0.01731054708551505],[-0.006125270507182248,-0.0023968449810713144,0.015180018213451659]]",1068.1704144595,1068.1714643434998,21.875,102317,"[1819, 3732, -3400]","[[30, -29, 59], [23, -24, 67], [16, -19, 65], [9, -23, 57]]"
3.662756,4.006914,body,0.000000,0.000000,0.000000,0.000000,0.000000,0.000000,0.000000,0.000000,0.000000,0.000000,0.000000,0.000000,6.708553,-3.251924,-6.065710,-0.008256,-0.002064,0.005193,bmi088,0.01000667599987537,"[[-0.008522115488253563,-0.0023968449810713144,0.011984224905356573],[-0.009853696033293183,-0.0021305288720633907,0.00825579937924564],[-0.00825579937924564,-0.001597896654047543,0.002663161090079238],[-0.006391586616190172,-0.0021305288720633907,-0.0021305288720633907]]",1068.1804211355,1068.1814843805,21.875,102577,"[1811, 3736, -3378]","[[9, -32, 45], [8, -37, 31], [6, -31, 10], [8, -24, -8]]"
3.672734,4.016836,body,0.000000,0.000000,0.000000,0.000000,0.000000,0.000000,0.000000,0.000000,0.000000,0.000000,0.000000,0.000000,6.713940,-3.280655,-6.067506,-0.003662,-0.003995,-0.005593,bmi088,0.010027509500105225,"[[-0.005060006071150553,-0.003195793308095086,-0.006125270507182248],[-0.004527373853134706,-0.004527373853134706,-0.00692421883420602],[-0.00346210941710301,-0.004793689962142629,-0.006125270507182248],[-0.001597896654047543,-0.00346210941710301,-0.003195793308095086]]",1068.190448645,1068.191313161,21.875,102831,"[1827, 3739, -3379]","[[12, -19, -23], [17, -17, -26], [18, -13, -23], [13, -6, -12]]"
3.682758,4.027148,body,0.000000,0.000000,0.000000,0.000000,0.000000,0.000000,0.000000,0.000000,0.000000,0.000000,0.000000,0.000000,6.703166,-3.275268,-6.063914,0.005193,0.000666,0.005060,bmi088,0.009979027500094162,"[[0.0007989483270237715,-0.001864212763055467,0.001331580545039619],[0.004261057744126781,0.00026631610900792384,0.005326322180158476],[0.007190534943213944,0.001597896654047543,0.00692421883420602],[0.008522115488253563,0.002663161090079238,0.006657902725198096]]",1068.2004276725002,1068.201493957,21.875,103095,"[1824, 3733, -3377]","[[7, 3, 5], [-1, 16, 20], [-6, 27, 26], [-10, 32, 25]]"
3.692754,4.037148,body,0.000000,0.000000,0.000000,0.000000,0.000000,0.000000,0.000000,0.000000,0.000000,0.000000,0.000000,0.000000,6.681618,-3.259107,-6.051345,0.006036,0.003196,0.000710,bmi088,0.009952065999868864,"[[0.007456851052221868,0.003195793308095086,0.004527373853134706],[0.006125270507182248,0.003728425526110934,0.0010652644360316954],[0.004527373853134706,0.002663161090079238,-0.00346210941710301]]",1068.2103797385,1068.2113934610002,21.875,103351,"[1815, 3721, -3370]","[[-12, 28, 17], [-14, 23, 4], [-10, 17, -13]]"
3.702758,4.047305,body,0.000000,0.000000,0.000000,0.000000,0.000000,0.000000,0.000000,0.000000,0.000000,0.000000,0.000000,0.000000,6.670844,-3.255516,-6.060323,0.001065,-0.000266,-0.007790,bmi088,0.01001408399997672,"[[0.002663161090079238,0.001864212763055467,-0.007456851052221868],[0.0005326322180158477,-0.00026631610900792384,-0.009054747706269411],[0.0,-0.0010652644360316954,-0.008788431597261486],[0.0010652644360316954,-0.001597896654047543,-0.005858954398174325]]",1068.2203938225,1068.2214311305002,21.875,103611,"[1813, 3715, -3375]","[[-7, 10, -28], [1, 2, -34], [4, 0, -33], [6, 4, -22]]"
3.712722,4.057305,body,0.000000,0.000000,0.000000,0.000000,0.000000,0.000000,0.000000,0.000000,0.000000,0.000000,0.000000,0.000000,6.683414,-3.239355,-6.092645,0.003662,-0.001997,-0.001332,bmi088,0.009927857000093354,"[[0.003728425526110934,-0.001331580545039619,-0.00346210941710301],[0.004527373853134706,-0.001597896654047543,-0.001331580545039619],[0.003994741635118857,-0.0021305288720633907,0.0],[0.0023968449810713144,-0.0029294771990871623,-0.0005326322180158477]]",1068.2303216795,1068.2313527475,21.875,103867,"[1804, 3722, -3393]","[[5, 14, -13], [6, 17, -5], [8, 15, 0], [11, 9, -2]]"
3.722761,4.067695,body,0.000000,0.000000,0.000000,0.000000,0.000000,0.000000,0.000000,0.000000,0.000000,0.000000,0.000000,0.000000,6.713940,-3.289633,-6.081871,0.001065,-0.002770,-0.001225,bmi088,0.010225581999975475,"[[0.001331580545039619,-0.003728425526110934,-0.001331580545039619],[0.001331580545039619,-0.00346210941710301,-0.0029294771990871623],[0.001597896654047543,-0.0029294771990871623,-0.0021305288720633907],[0.001331580545039619,-0.001864212763055467,-0.0010652644360316954],[-0.00026631610900792384,-0.001864212763055467,0.001331580545039619]]",1068.2405472615,1068.241607466,21.875,104133,"[1832, 3739, -3387]","[[14, 5, -5], [13, 5, -11], [11, 6, -8], [7, 5, -4], [7, -1, 5]]"
3.732755,4.077656,body,0.000000,0.000000,0.000000,0.000000,0.000000,0.000000,0.000000,0.000000,0.000000,0.000000,0.000000,0.000000,6.704962,-3.251924,-6.089053,0.000533,-0.002197,0.008322,bmi088,0.009879086999944775,"[[-0.001331580545039619,-0.0021305288720633907,0.004261057744126781],[-0.0007989483270237715,-0.0021305288720633907,0.007723167161229791],[0.001331580545039619,-0.0023968449810713144,0.010120012142301106],[0.0029294771990871623,-0.0021305288720633907,0.011185276578332801]]",1068.2504263485,1068.2514704565,21.875,104388,"[1811, 3734, -3391]","[[8, -5, 16], [8, -3, 29], [9, 5, 38], [8, 11, 42]]"
3.742763,4.087578,body,0.000000,0.000000,0.000000,0.000000,0.000000,0.000000,0.000000,0.000000,0.000000,0.000000,0.000000,0.000000,6.687005,-3.251924,-6.060323,0.003329,-0.001332,0.007191,bmi088,0.010049606499933361,"[[0.00346210941710301,-0.0023968449810713144,0.011451592687340724],[0.003994741635118857,-0.001331580545039619,0.009853696033293183],[0.003728425526110934,-0.0007989483270237715,0.005858954398174325],[0.0021305288720633907,-0.0007989483270237715,0.001597896654047543]]",1068.260475955,1068.261274404,21.875,104642,"[1811, 3724, -3375]","[[9, 13, 43], [5, 15, 37], [3, 14, 22], [3, 8, 6]]"
3.752756,4.097812,body,0.000000,0.000000,0.000000,0.000000,0.000000,0.000000,0.000000,0.000000,0.000000,0.000000,0.000000,0.000000,6.688801,-3.266290,-6.054936,0.000621,-0.001687,-0.003107,bmi088,0.00990678400012257,"[[-0.0005326322180158477,-0.001597896654047543,-0.001331580545039619],[-0.00026631610900792384,-0.001597896654047543,-0.00346210941710301],[0.002663161090079238,-0.001864212763055467,-0.004527373853134706]]",1068.270382739,1068.2714003014999,21.875,104904,"[1819, 3725, -3372]","[[6, -2, -5], [6, -1, -13], [7, 10, -17]]"
3.762756,4.108086,body,0.000000,0.000000,0.000000,0.000000,0.000000,0.000000,0.000000,0.000000,0.000000,0.000000,0.000000,0.000000,6.669049,-3.273472,-6.062119,0.008948,-0.000799,-0.004900,bmi088,0.010117304499999591,"[[0.007190534943213944,-0.0010652644360316954,-0.006657902725198096],[0.008522115488253563,-0.001331580545039619,-0.00692421883420602],[0.010120012142301106,-0.0010652644360316954,-0.006391586616190172],[0.009587379924285258,-0.0005326322180158477,-0.003994741635118857],[0.009321063815277334,0.0,-0.0005326322180158477]]",1068.2805000435,1068.281557464,21.875,105167,"[1823, 3714, -3376]","[[4, 27, -25], [5, 32, -26], [4, 38, -24], [2, 36, -15], [0, 35, -2]]"
3.772757,4.118125,body,0.000000,0.000000,0.000000,0.000000,0.000000,0.000000,0.000000,0.000000,0.000000,0.000000,0.000000,0.000000,6.692392,-3.262698,-6.069301,0.005459,0.001065,0.002863,bmi088,0.010078982499862832,"[[0.007723167161229791,0.00026631610900792384,0.0021305288720633907],[0.005858954398174325,-0.00026631610900792384,0.005060006071150553],[0.004527373853134706,0.0007989483270237715,0.004261057744126781],[0.003728425526110934,0.00346210941710301,0.0]]",1068.290579026,1068.291623246,21.875,105424,"[1817, 3727, -3380]","[[-1, 29, 8], [1, 22, 19], [-3, 17, 16], [-13, 14, 0]]"
3.782759,4.128164,body,0.000000,0.000000,0.000000,0.000000,0.000000,0.000000,0.000000,0.000000,0.000000,0.000000,0.000000,0.000000,6.660070,-3.251924,-6.049549,0.003906,0.005504,-0.007989,bmi088,0.009818795499995758,"[[0.00346210941710301,0.006125270507182248,-0.005060006071150553],[0.003728425526110934,0.005858954398174325,-0.008522115488253563],[0.004527373853134706,0.004527373853134706,-0.01038632825130903]]",1068.3003978215,1068.3014325205,21.875,105681,"[1811, 3709, -3369]","[[-23, 13, -19], [-22, 14, -32], [-17, 17, -39]]"
3.792721,4.138125,body,0.000000,0.000000,0.000000,0.000000,0.000000,0.000000,0.000000,0.000000,0.000000,0.000000,0.000000,0.000000,6.670844,-3.275268,-6.044162,0.006059,0.001864,-0.012850,bmi088,0.009861645000228236,"[[0.005326322180158476,0.003195793308095086,-0.012516857123372421],[0.007190534943213944,0.001864212763055467,-0.01384843766841204],[0.006125270507182248,0.001597896654047543,-0.013049489341388268],[0.0055926382891664005,0.0007989483270237715,-0.011984224905356573]]",1068.3102594665002,1068.3112452195,21.875,105936,"[1824, 3715, -3366]","[[-12, 20, -47], [-7, 27, -52], [-6, 23, -49], [-3, 21, -45]]"
3.802757,4.148047,body,0.000000,0.000000,0.000000,0.000000,0.000000,0.000000,0.000000,0.000000,0.000000,0.000000,0.000000,0.000000,6.679823,-3.251924,-6.049549,-0.000133,-0.001531,-0.003529,bmi088,0.009712214999808566,"[[0.00346210941710301,-0.0005326322180158477,-0.009321063815277334],[0.001597896654047543,-0.0021305288720633907,-0.005858954398174325],[-0.001331580545039619,-0.0023968449810713144,-0.001597896654047543],[-0.004261057744126781,-0.0010652644360316954,0.002663161090079238]]",1068.3199716815,1068.3210772955,21.875,106190,"[1811, 3720, -3369]","[[2, 13, -35], [8, 6, -22], [9, -5, -6], [4, -16, 10]]"
3.812755,4.158789,body,0.000000,0.000000,0.000000,0.000000,0.000000,0.000000,0.000000,0.000000,0.000000,0.000000,0.000000,0.000000,6.676231,-3.257311,-6.053140,-0.007670,0.000213,0.007936,bmi088,0.010579258500229116,"[[-0.0055926382891664005,0.0007989483270237715,0.006125270507182248],[-0.007456851052221868,0.001331580545039619,0.008788431597261486],[-0.007723167161229791,0.0007989483270237715,0.008788431597261486],[-0.008788431597261486,-0.00026631610900792384,0.008522115488253563],[-0.008788431597261486,-0.001597896654047543,0.007456851052221868]]",1068.3305509400002,1068.331721725,21.875,106465,"[1814, 3718, -3371]","[[-3, -21, 23], [-5, -28, 33], [-3, -29, 33], [1, -33, 32], [6, -33, 28]]"
3.822760,4.168828,body,0.000000,0.000000,0.000000,0.000000,0.000000,0.000000,0.000000,0.000000,0.000000,0.000000,0.000000,0.000000,6.695983,-3.266290,-6.056732,-0.009787,0.001265,0.004394,bmi088,0.009988466499862625,"[[-0.009321063815277334,-0.0010652644360316954,0.00692421883420602],[-0.009853696033293183,0.0005326322180158477,0.0055926382891664005],[-0.010120012142301106,0.0023968449810713144,0.003994741635118857],[-0.009853696033293183,0.003195793308095086,0.0010652644360316954]]",1068.3405394065,1068.3416254365002,21.875,106722,"[1819, 3729, -3373]","[[4, -35, 26], [-2, -37, 21], [-9, -38, 15], [-12, -37, 4]]"
3.832758,4.178711,body,0.000000,0.000000,0.000000,0.000000,0.000000,0.000000,0.000000,0.000000,0.000000,0.000000,0.000000,0.000000,6.674436,-3.257311,-6.024410,-0.008345,-0.001953,-0.002219,bmi088,0.00986122900008013,"[[-0.008788431597261486,0.001331580545039619,-0.001597896654047543],[-0.007989483270237714,-0.001331580545039619,-0.003195793308095086],[-0.00825579937924564,-0.005858954398174325,-0.001864212763055467]]",1068.3504006355001,1068.351423991,21.875,106975,"[1814, 3717, -3355]","[[-5, -33, -6], [5, -30, -12], [22, -31, -7]]"
3.842752,4.189063,body,0.000000,0.000000,0.000000,0.000000,0.000000,0.000000,0.000000,0.000000,0.000000,0.000000,0.000000,0.000000,6.719327,-3.269881,-6.065710,-0.009800,-0.007989,0.008043,bmi088,0.010185322999859636,"[[-0.009054747706269411,-0.008788431597261486,0.0007989483270237715],[-0.009853696033293183,-0.010120012142301106,0.004793689962142629],[-0.01038632825130903,-0.00825579937924564,0.007989483270237714],[-0.009853696033293183,-0.006391586616190172,0.01171790879634865],[-0.009853696033293183,-0.006391586616190172,0.014913702104443736]]",1068.3605859585,1068.3617047890002,21.875,107240,"[1821, 3742, -3378]","[[33, -34, 3], [38, -37, 18], [31, -39, 30], [24, -37, 44], [24, -37, 56]]"
3.852713,4.198867,body,0.000000,0.000000,0.000000,0.000000,0.000000,0.000000,0.000000,0.000000,0.000000,0.000000,0.000000,0.000000,6.694188,-3.275268,-6.071097,-0.010209,-0.005326,0.018198,bmi088,0.009742631999870355,"[[-0.009321063815277334,-0.006657902725198096,0.017843179303530896],[-0.01038632825130903,-0.005858954398174325,0.01864212763055467],[-0.010918960469324878,-0.00346210941710301,0.018109495412538822]]",1068.3703285904999,1068.371349705,21.875,107491,"[1824, 3728, -3381]","[[25, -35, 67], [22, -39, 70], [13, -41, 68]]"
3.862757,4.209062,body,0.000000,0.000000,0.000000,0.000000,0.000000,0.000000,0.000000,0.000000,0.000000,0.000000,0.000000,0.000000,6.661866,-3.275268,-6.053140,-0.009121,0.001864,0.008722,bmi088,0.010070374000179072,"[[-0.011185276578332801,-0.0007989483270237715,0.016245282649483356],[-0.009587379924285258,0.001331580545039619,0.011984224905356573],[-0.00825579937924564,0.0029294771990871623,0.006391586616190172],[-0.007456851052221868,0.003994741635118857,0.00026631610900792384]]",1068.3803989645,1068.381447952,21.875,107752,"[1824, 3710, -3371]","[[3, -42, 61], [-5, -36, 45], [-11, -31, 24], [-15, -28, 1]]"
3.872729,4.219297,body,0.000000,0.000000,0.000000,0.000000,0.000000,0.000000,0.000000,0.000000,0.000000,0.000000,0.000000,0.000000,6.665457,-3.262698,-6.033388,-0.004314,0.000692,-0.011398,bmi088,0.01010099900008754,"[[-0.007723167161229791,0.00346210941710301,-0.0055926382891664005],[-0.005858954398174325,0.0021305288720633907,-0.010652644360316953],[-0.003195793308095086,0.00026631610900792384,-0.013582121559404116],[-0.001597896654047543,-0.0005326322180158477,-0.014381069886427887],[-0.003195793308095086,-0.001864212763055467,-0.012783173232380344]]",1068.3904999635001,1068.3915499435,21.875,108014,"[1817, 3712, -3360]","[[-13, -29, -21], [-8, -22, -40], [-1, -12, -51], [2, -6, -54], [7, -12, -48]]"
3.882755,4.229375,body,0.000000,0.000000,0.000000,0.000000,0.000000,0.000000,0.000000,0.000000,0.000000,0.000000,0.000000,0.000000,6.699575,-3.271677,-6.056732,-0.003196,-0.005459,-0.004661,bmi088,0.00992126350001854,"[[-0.003728425526110934,-0.0029294771990871623,-0.010120012142301106],[-0.00346210941710301,-0.005060006071150553,-0.007190534943213944],[-0.002663161090079238,-0.006391586616190172,-0.003195793308095086],[-0.0029294771990871623,-0.007456851052221868,0.001864212763055467]]",1068.4004212270002,1068.4015107605,21.875,108272,"[1822, 3731, -3373]","[[11, -14, -38], [19, -13, -27], [24, -10, -12], [28, -11, 7]]"
3.892757,4.239375,body,0.000000,0.000000,0.000000,0.000000,0.000000,0.000000,0.000000,0.000000,0.000000,0.000000,0.000000,0.000000,6.704962,-3.259107,-6.089053,-0.002486,-0.004794,0.013671,bmi088,0.009961745499822428,"[[-0.003195793308095086,-0.007190534943213944,0.008522115488253563],[-0.002663161090079238,-0.004793689962142629,0.014114753777419964],[-0.001597896654047543,-0.0023968449810713144,0.018375811521546746]]",1068.4103829725,1068.4114137355,21.875,108528,"[1815, 3734, -3391]","[[27, -12, 32], [18, -10, 53], [9, -6, 69]]"
3.902757,4.249961,body,0.000000,0.000000,0.000000,0.000000,0.000000,0.000000,0.000000,0.000000,0.000000,0.000000,0.000000,0.000000,6.722918,-3.257311,-6.096236,-0.002024,0.000746,0.013955,bmi088,0.010250716999962606,"[[-0.0005326322180158477,0.0,0.020506340393610135],[-0.001597896654047543,0.001331580545039619,0.020506340393610135],[-0.0021305288720633907,0.001331580545039619,0.016777914867499202],[-0.00346210941710301,0.0010652644360316954,0.010652644360316953],[-0.0023968449810713144,0.0,0.001331580545039619]]",1068.4206336895,1068.4218752455,21.875,108799,"[1814, 3744, -3395]","[[0, -2, 77], [-5, -6, 77], [-5, -8, 63], [-4, -13, 40], [0, -9, 5]]"
3.912717,4.259609,body,0.000000,0.000000,0.000000,0.000000,0.000000,0.000000,0.000000,0.000000,0.000000,0.000000,0.000000,0.000000,6.687005,-3.282450,-6.040571,-0.000621,0.000089,-0.013582,bmi088,0.009772665000127745,"[[-0.001864212763055467,-0.0005326322180158477,-0.006657902725198096],[-0.0007989483270237715,0.00026631610900792384,-0.01464738599543581],[0.0007989483270237715,0.0005326322180158477,-0.01944107595757844]]",1068.4304063545,1068.431434958,21.875,109046,"[1828, 3724, -3364]","[[2, -7, -25], [-1, -3, -55], [-2, 3, -73]]"
3.922763,4.269609,body,0.000000,0.000000,0.000000,0.000000,0.000000,0.000000,0.000000,0.000000,0.000000,0.000000,0.000000,0.000000,6.652888,-3.264494,-6.065710,0.003728,-0.002463,-0.016711,bmi088,0.009853981499873044,"[[0.002663161090079238,-0.00026631610900792384,-0.02210423704765768],[0.004527373853134706,-0.001864212763055467,-0.020240024284602212],[0.003994741635118857,-0.003728425526110934,-0.015180018213451659],[0.003728425526110934,-0.003994741635118857,-0.009321063815277334]]",1068.440260336,1068.441313852,21.875,109302,"[1818, 3705, -3378]","[[1, 10, -83], [7, 17, -76], [14, 15, -57], [15, 14, -35]]"
3.932755,4.279922,body,0.000000,0.000000,0.000000,0.000000,0.000000,0.000000,0.000000,0.000000,0.000000,0.000000,0.000000,0.000000,6.687005,-3.284246,-6.071097,0.003089,-0.004740,0.004527,bmi088,0.010164361500073937,"[[0.00346210941710301,-0.003994741635118857,-0.004527373853134706],[0.003195793308095086,-0.003728425526110934,-0.00026631610900792384],[0.0021305288720633907,-0.004261057744126781,0.005326322180158476],[0.002663161090079238,-0.005060006071150553,0.010120012142301106],[0.003994741635118857,-0.006657902725198096,0.011984224905356573]]",1068.4504246975,1068.4514206909998,21.875,109566,"[1829, 3724, -3381]","[[15, 13, -17], [14, 12, -1], [16, 8, 20], [19, 10, 38], [25, 15, 45]]"
3.942757,4.289961,body,0.000000,0.000000,0.000000,0.000000,0.000000,0.000000,0.000000,0.000000,0.000000,0.000000,0.000000,0.000000,6.679823,-3.278859,-6.040571,0.005238,-0.006036,0.005948,bmi088,0.00999785899989547,"[[0.005060006071150553,-0.006657902725198096,0.009321063815277334],[0.005326322180158476,-0.006125270507182248,0.005326322180158476],[0.005326322180158476,-0.005326322180158476,0.003195793308095086]]",1068.4604225565,1068.461444231,21.875,109823,"[1826, 3720, -3364]","[[25, 19, 35], [23, 20, 20], [20, 20, 12]]"
3.952757,4.300156,body,0.000000,0.000000,0.000000,0.000000,0.000000,0.000000,0.000000,0.000000,0.000000,0.000000,0.000000,0.000000,6.687005,-3.259107,-6.054936,0.006445,-0.005859,-0.001811,bmi088,0.010050453000076232,"[[0.006125270507182248,-0.005858954398174325,0.0021305288720633907],[0.005858954398174325,-0.006125270507182248,0.001331580545039619],[0.006125270507182248,-0.0055926382891664005,-0.001597896654047543],[0.00692421883420602,-0.0055926382891664005,-0.003994741635118857],[0.007190534943213944,-0.006125270507182248,-0.00692421883420602]]",1068.4704730095,1068.4715331815,21.875,110084,"[1815, 3724, -3372]","[[22, 23, 8], [23, 22, 5], [21, 23, -6], [21, 26, -15], [23, 27, -26]]"
3.962755,4.310117,body,0.000000,0.000000,0.000000,0.000000,0.000000,0.000000,0.000000,0.000000,0.000000,0.000000,0.000000,0.000000,6.694188,-3.260903,-6.063914,0.010741,-0.008788,-0.006125,bmi088,0.009891742000036174,"[[0.009321063815277334,-0.007723167161229791,-0.007190534943213944],[0.01038632825130903,-0.008788431597261486,-0.006657902725198096],[0.012516857123372421,-0.009853696033293183,-0.004527373853134706]]",1068.4803647515,1068.4813901385,21.875,110339,"[1816, 3728, -3377]","[[29, 35, -27], [33, 39, -25], [37, 47, -17]]"
3.972733,4.320469,body,0.000000,0.000000,0.000000,0.000000,0.000000,0.000000,0.000000,0.000000,0.000000,0.000000,0.000000,0.000000,6.695983,-3.244742,-6.069301,0.010333,-0.008043,0.002557,bmi088,0.010198411000146734,"[[0.012516857123372421,-0.009853696033293183,-0.0021305288720633907],[0.011451592687340724,-0.009054747706269411,0.00026631610900792384],[0.009321063815277334,-0.00825579937924564,0.0023968449810713144],[0.008788431597261486,-0.007190534943213944,0.004793689962142629],[0.009587379924285258,-0.005858954398174325,0.007456851052221868]]",1068.4905631625002,1068.4916321515,21.875,110604,"[1807, 3729, -3380]","[[37, 47, -8], [34, 43, 1], [31, 35, 9], [27, 33, 18], [22, 36, 28]]"
3.982756,4.330352,body,0.000000,0.000000,0.000000,0.000000,0.000000,0.000000,0.000000,0.000000,0.000000,0.000000,0.000000,0.000000,6.701370,-3.277064,-6.078279,0.008078,-0.003551,0.008877,bmi088,0.009820123999816133,"[[0.010120012142301106,-0.005326322180158476,0.008788431597261486],[0.00825579937924564,-0.003728425526110934,0.009054747706269411],[0.005858954398174325,-0.001597896654047543,0.008788431597261486]]",1068.5003832865,1068.501412945,21.875,110857,"[1825, 3732, -3385]","[[20, 38, 33], [14, 31, 34], [6, 22, 33]]"
3.992757,4.340547,body,0.000000,0.000000,0.000000,0.000000,0.000000,0.000000,0.000000,0.000000,0.000000,0.000000,0.000000,0.000000,6.685210,-3.273472,-6.031593,0.004794,0.000732,0.001664,bmi088,0.0100299719999839,"[[0.004261057744126781,0.001331580545039619,0.00825579937924564],[0.005326322180158476,0.0023968449810713144,0.005326322180158476],[0.005060006071150553,0.0010652644360316954,-0.0005326322180158477],[0.004527373853134706,-0.001864212763055467,-0.006391586616190172]]",1068.5104132585,1068.5114701185,21.875,111118,"[1823, 3723, -3359]","[[-5, 16, 31], [-9, 20, 20], [-4, 19, -2], [7, 17, -24]]"
4.002758,4.350859,body,0.000000,0.000000,0.000000,0.000000,0.000000,0.000000,0.000000,0.000000,0.000000,0.000000,0.000000,0.000000,6.699575,-3.251924,-6.062119,0.002770,-0.000053,-0.013369,bmi088,0.010163465499999802,"[[0.0021305288720633907,-0.0023968449810713144,-0.011185276578332801],[0.0023968449810713144,-0.001331580545039619,-0.014114753777419964],[0.002663161090079238,0.001331580545039619,-0.015712650431467506],[0.003195793308095086,0.0010652644360316954,-0.014381069886427887],[0.00346210941710301,0.0010652644360316954,-0.011451592687340724]]",1068.520576724,1068.5216521769999,21.875,111382,"[1811, 3731, -3376]","[[9, 8, -42], [5, 9, -53], [-5, 10, -59], [-4, 12, -54], [-4, 13, -43]]"
4.012721,4.360664,body,0.000000,0.000000,0.000000,0.000000,0.000000,0.000000,0.000000,0.000000,0.000000,0.000000,0.000000,0.000000,6.710349,-3.223194,-6.058527,0.005859,0.000976,-0.003906,bmi088,0.009762760500052536,"[[0.004793689962142629,0.0007989483270237715,-0.007190534943213944],[0.006391586616190172,0.001331580545039619,-0.003195793308095086],[0.006391586616190172,0.0007989483270237715,-0.001331580545039619]]",1068.5303394845,1068.5313739445,21.875,111633,"[1795, 3737, -3374]","[[-3, 18, -27], [-5, 24, -12], [-3, 24, -5]]"
4.022755,4.371016,body,0.000000,0.000000,0.000000,0.000000,0.000000,0.000000,0.000000,0.000000,0.000000,0.000000,0.000000,0.000000,6.678027,-3.233968,-6.047753,-0.001225,-0.000000,-0.003888,bmi088,0.010201132000020152,"[[0.004261057744126781,0.0010652644360316954,-0.0021305288720633907],[0.0005326322180158477,0.0010652644360316954,-0.003994741635118857],[-0.0023968449810713144,0.0005326322180158477,-0.004527373853134706],[-0.003994741635118857,-0.0010652644360316954,-0.004793689962142629],[-0.004527373853134706,-0.001597896654047543,-0.003994741635118857]]",1068.5405406165,1068.541613365,21.875,111898,"[1801, 3719, -3368]","[[-4, 16, -8], [-4, 2, -15], [-2, -9, -17], [4, -15, -18], [6, -17, -15]]"
4.032754,4.381758,body,0.000000,0.000000,0.000000,0.000000,0.000000,0.000000,0.000000,0.000000,0.000000,0.000000,0.000000,0.000000,6.699575,-3.275268,-6.051345,-0.002330,-0.000999,-0.002064,bmi088,0.010532105000038428,"[[-0.004527373853134706,-0.0005326322180158477,-0.003728425526110934],[-0.0029294771990871623,-0.00026631610900792384,-0.002663161090079238],[-0.001597896654047543,-0.0010652644360316954,-0.0021305288720633907],[-0.00026631610900792384,-0.0021305288720633907,0.00026631610900792384]]",1068.5510727215,1068.5522228655,21.875,112173,"[1824, 3731, -3370]","[[2, -17, -14], [1, -11, -10], [4, -6, -8], [8, -1, 1]]"
4.042981,4.391328,body,0.000000,0.000000,0.000000,0.000000,0.000000,0.000000,0.000000,0.000000,0.000000,0.000000,0.000000,0.000000,6.694188,-3.257311,-6.056732,0.001798,-0.005326,0.001531,bmi088,0.009578097000030539,"[[0.00026631610900792384,-0.003195793308095086,0.001864212763055467],[0.001597896654047543,-0.004527373853134706,0.003195793308095086],[0.0023968449810713144,-0.006391586616190172,0.0021305288720633907],[0.0029294771990871623,-0.007190534943213944,-0.0010652644360316954]]",1068.5606508185,1068.5617012945,21.875,112418,"[1814, 3728, -3373]","[[12, 1, 7], [17, 6, 12], [24, 9, 8], [27, 11, -4]]"
4.053053,4.401523,body,0.000000,0.000000,0.000000,0.000000,0.000000,0.000000,0.000000,0.000000,0.000000,0.000000,0.000000,0.000000,6.687005,-3.251924,-6.074688,0.000133,-0.008855,-0.006991,bmi088,0.01010664699992958,"[[0.0021305288720633907,-0.007989483270237714,-0.005326322180158476],[0.0010652644360316954,-0.008788431597261486,-0.00825579937924564],[-0.00026631610900792384,-0.009321063815277334,-0.008522115488253563],[-0.0023968449810713144,-0.009321063815277334,-0.005858954398174325]]",1068.5707574655,1068.571806214,21.875,112679,"[1811, 3724, -3383]","[[30, 8, -20], [33, 4, -31], [35, -1, -32], [35, -9, -22]]"
4.063053,4.411680,body,0.000000,0.000000,0.000000,0.000000,0.000000,0.000000,0.000000,0.000000,0.000000,0.000000,0.000000,0.000000,6.694188,-3.246537,-6.069301,-0.006991,-0.008456,0.008389,bmi088,0.009950528999979724,"[[-0.004527373853134706,-0.009054747706269411,-0.001331580545039619],[-0.006657902725198096,-0.009054747706269411,0.005060006071150553],[-0.00825579937924564,-0.008522115488253563,0.01171790879634865],[-0.008522115488253563,-0.007190534943213944,0.018109495412538822]]",1068.5807079945,1068.5818132089998,21.875,112939,"[1808, 3728, -3380]","[[34, -17, -5], [34, -25, 19], [32, -31, 44], [27, -32, 68]]"
4.073055,4.421914,body,0.000000,0.000000,0.000000,0.000000,0.000000,0.000000,0.000000,0.000000,0.000000,0.000000,0.000000,0.000000,6.694188,-3.271677,-6.063914,-0.009521,-0.005260,0.022903,bmi088,0.010189514999865423,"[[-0.008522115488253563,-0.00692421883420602,0.023169501483689375],[-0.008522115488253563,-0.005858954398174325,0.02556634646476069],[-0.009853696033293183,-0.005326322180158476,0.02423476591972107],[-0.011185276578332801,-0.0029294771990871623,0.01864212763055467]]",1068.5908975094999,1068.5919447855,21.875,113201,"[1822, 3728, -3377]","[[26, -32, 87], [22, -32, 96], [20, -37, 91], [11, -42, 70]]"
4.083054,4.431836,body,0.000000,0.000000,0.000000,0.000000,0.000000,0.000000,0.000000,0.000000,0.000000,0.000000,0.000000,0.000000,6.683414,-3.296816,-6.051345,-0.005726,-0.002796,0.003662,bmi088,0.009793802000331198,"[[-0.01038632825130903,-0.001864212763055467,0.012783173232380344],[-0.007456851052221868,-0.001331580545039619,0.006125270507182248],[-0.00346210941710301,-0.003195793308095086,0.0005326322180158477],[-0.001597896654047543,-0.004793689962142629,-0.004793689962142629]]",1068.6006913115002,1068.6017592125,21.875,113455,"[1836, 3722, -3370]","[[7, -39, 48], [5, -28, 23], [12, -13, 2], [18, -6, -18]]"
4.093051,4.442070,body,0.000000,0.000000,0.000000,0.000000,0.000000,0.000000,0.000000,0.000000,0.000000,0.000000,0.000000,0.000000,6.690597,-3.293224,-6.081871,-0.000133,-0.006525,-0.009188,bmi088,0.010141688999738108,"[[-0.0010652644360316954,-0.00692421883420602,-0.007989483270237714],[-0.0007989483270237715,-0.007456851052221868,-0.010120012142301106],[0.0,-0.007723167161229791,-0.010120012142301106],[0.001331580545039619,-0.003994741635118857,-0.008522115488253563]]",1068.6108330005,1068.611874612,21.875,113717,"[1834, 3726, -3387]","[[26, -4, -30], [28, -3, -38], [29, 0, -38], [15, 5, -32]]"
4.103050,4.452070,body,0.000000,0.000000,0.000000,0.000000,0.000000,0.000000,0.000000,0.000000,0.000000,0.000000,0.000000,0.000000,6.721123,-3.260903,-6.078279,0.000599,0.003995,0.004927,bmi088,0.009890750000067783,"[[0.001864212763055467,-0.00026631610900792384,-0.003994741635118857],[0.001864212763055467,0.003994741635118857,0.0023968449810713144],[0.0005326322180158477,0.0055926382891664005,0.008788431597261486],[-0.001864212763055467,0.006657902725198096,0.012516857123372421]]",1068.6207237505,1068.6217700665,21.875,113973,"[1816, 3743, -3385]","[[1, 7, -15], [-15, 7, 9], [-21, 2, 33], [-25, -7, 47]]"
4.113048,4.462070,body,0.000000,0.000000,0.000000,0.000000,0.000000,0.000000,0.000000,0.000000,0.000000,0.000000,0.000000,0.000000,6.701370,-3.268085,-6.058527,-0.002131,0.009188,0.005393,bmi088,0.009928112000125111,"[[-0.00346210941710301,0.007989483270237714,0.011984224905356573],[-0.00346210941710301,0.009321063815277334,0.009321063815277334],[-0.001864212763055467,0.010120012142301106,0.003994741635118857],[0.00026631610900792384,0.009321063815277334,-0.003728425526110934]]",1068.6306518625001,1068.631686706,21.875,114229,"[1820, 3732, -3374]","[[-30, -13, 45], [-35, -13, 35], [-38, -7, 15], [-35, 1, -14]]"
4.123056,4.472305,body,0.000000,0.000000,0.000000,0.000000,0.000000,0.000000,0.000000,0.000000,0.000000,0.000000,0.000000,0.000000,6.663662,-3.277064,-6.051345,0.002131,0.004527,-0.020240,bmi088,0.01011205599979803,"[[0.001331580545039619,0.007723167161229791,-0.013049489341388268],[0.001597896654047543,0.005060006071150553,-0.01997370817559429],[0.001864212763055467,0.00346210941710301,-0.0234358175926973],[0.003728425526110934,0.001864212763055467,-0.024501082028728992]]",1068.6407639185,1068.6418003775,21.875,114491,"[1825, 3711, -3370]","[[-29, 5, -49], [-19, 6, -75], [-13, 7, -88], [-7, 14, -92]]"
4.133047,4.481875,body,0.000000,0.000000,0.000000,0.000000,0.000000,0.000000,0.000000,0.000000,0.000000,0.000000,0.000000,0.000000,6.685210,-3.282450,-6.065710,0.004261,-0.000599,-0.015579,bmi088,0.00990617449997444,"[[0.0055926382891664005,0.001331580545039619,-0.023169501483689375],[0.005858954398174325,-0.0005326322180158477,-0.018375811521546746],[0.003994741635118857,-0.0010652644360316954,-0.013049489341388268],[0.001597896654047543,-0.0021305288720633907,-0.007723167161229791]]",1068.650670093,1068.6513730985,21.875,114736,"[1828, 3723, -3378]","[[-5, 21, -87], [2, 22, -69], [4, 15, -49], [8, 6, -29]]"
4.143052,4.492539,body,0.000000,0.000000,0.000000,0.000000,0.000000,0.000000,0.000000,0.000000,0.000000,0.000000,0.000000,0.000000,6.672640,-3.253720,-6.069301,-0.003063,-0.004261,0.000799,bmi088,0.01009525500012387,"[[-0.001331580545039619,-0.0023968449810713144,-0.004527373853134706],[-0.0023968449810713144,-0.00346210941710301,-0.0010652644360316954],[-0.00346210941710301,-0.004527373853134706,0.002663161090079238],[-0.005060006071150553,-0.006657902725198096,0.006125270507182248]]",1068.660765348,1068.661814688,21.875,115009,"[1812, 3716, -3380]","[[9, -5, -17], [13, -9, -4], [17, -13, 10], [25, -19, 23]]"
4.153050,4.503516,body,0.000000,0.000000,0.000000,0.000000,0.000000,0.000000,0.000000,0.000000,0.000000,0.000000,0.000000,0.000000,6.694188,-3.284246,-6.074688,-0.008322,-0.009920,0.012850,bmi088,0.010812981000071886,"[[-0.00825579937924564,-0.009321063815277334,0.009321063815277334],[-0.009321063815277334,-0.011185276578332801,0.01171790879634865],[-0.00825579937924564,-0.010918960469324878,0.01384843766841204],[-0.007456851052221868,-0.00825579937924564,0.01651159875849128]]",1068.671578329,1068.6726481015,21.875,115290,"[1829, 3728, -3383]","[[35, -31, 35], [42, -35, 44], [41, -31, 52], [31, -28, 62]]"
4.163051,4.512734,body,0.000000,0.000000,0.000000,0.000000,0.000000,0.000000,0.000000,0.000000,0.000000,0.000000,0.000000,0.000000,6.694188,-3.266290,-6.058527,-0.008189,-0.003995,0.016245,bmi088,0.009135918499850959,"[[-0.007989483270237714,-0.0055926382891664005,0.01731054708551505],[-0.009321063815277334,-0.00346210941710301,0.017843179303530896],[-0.00825579937924564,-0.00346210941710301,0.016245282649483356],[-0.007190534943213944,-0.00346210941710301,0.013582121559404116]]",1068.6807142475,1068.6817651555002,21.875,115526,"[1819, 3728, -3374]","[[21, -30, 65], [13, -35, 67], [13, -31, 61], [13, -27, 51]]"
4.173055,4.523008,body,0.000000,0.000000,0.000000,0.000000,0.000000,0.000000,0.000000,0.000000,0.000000,0.000000,0.000000,0.000000,6.678027,-3.262698,-6.065710,-0.006791,-0.002863,0.003728,bmi088,0.010180043000218575,"[[-0.005858954398174325,-0.003994741635118857,0.009587379924285258],[-0.006125270507182248,-0.003994741635118857,0.005060006071150553],[-0.007456851052221868,-0.002663161090079238,0.001597896654047543],[-0.007723167161229791,-0.0007989483270237715,-0.001331580545039619]]",1068.6908942905002,1068.6919408459999,21.875,115789,"[1817, 3719, -3378]","[[15, -22, 36], [15, -23, 19], [10, -28, 6], [3, -29, -5]]"
4.183051,4.532969,body,0.000000,0.000000,0.000000,0.000000,0.000000,0.000000,0.000000,0.000000,0.000000,0.000000,0.000000,0.000000,6.687005,-3.250129,-6.078279,-0.002929,-0.001864,0.002330,bmi088,0.009812042499788731,"[[-0.006125270507182248,0.00026631610900792384,-0.001597896654047543],[-0.002663161090079238,-0.00026631610900792384,-0.00026631610900792384],[-0.001597896654047543,-0.0029294771990871623,0.00346210941710301],[-0.001331580545039619,-0.004527373853134706,0.007723167161229791]]",1068.700706333,1068.7017715460001,21.875,116044,"[1810, 3724, -3385]","[[-1, -23, -6], [1, -10, -1], [11, -6, 13], [17, -5, 29]]"
4.193049,4.542969,body,0.000000,0.000000,0.000000,0.000000,0.000000,0.000000,0.000000,0.000000,0.000000,0.000000,0.000000,0.000000,6.685210,-3.239355,-6.065710,0.002796,-0.002730,0.014514,bmi088,0.00994075250014248,"[[0.0005326322180158477,-0.005060006071150553,0.011984224905356573],[0.002663161090079238,-0.003195793308095086,0.014114753777419964],[0.003728425526110934,-0.001864212763055467,0.016245282649483356],[0.004261057744126781,-0.0007989483270237715,0.015712650431467506]]",1068.7106470855,1068.7116874970002,21.875,116300,"[1804, 3723, -3378]","[[19, 2, 45], [12, 10, 53], [7, 14, 61], [3, 16, 59]]"
4.203051,4.553164,body,0.000000,0.000000,0.000000,0.000000,0.000000,0.000000,0.000000,0.000000,0.000000,0.000000,0.000000,0.000000,6.706757,-3.268085,-6.054936,0.004727,0.000200,0.006724,bmi088,0.010061845499876654,"[[0.003994741635118857,-0.0010652644360316954,0.014913702104443736],[0.004793689962142629,-0.00026631610900792384,0.01038632825130903],[0.004261057744126781,0.0,0.004527373853134706],[0.005858954398174325,0.0021305288720633907,-0.0029294771990871623]]",1068.720708931,1068.7217831355001,21.875,116561,"[1820, 3735, -3372]","[[4, 15, 56], [1, 18, 39], [0, 16, 17], [-8, 22, -11]]"
4.213053,4.563398,body,0.000000,0.000000,0.000000,0.000000,0.000000,0.000000,0.000000,0.000000,0.000000,0.000000,0.000000,0.000000,6.710349,-3.291429,-6.063914,0.006858,0.002730,-0.011252,bmi088,0.010046356499969988,"[[0.006657902725198096,0.002663161090079238,-0.008522115488253563],[0.007190534943213944,0.003195793308095086,-0.01171790879634865],[0.006391586616190172,0.0021305288720633907,-0.012516857123372421],[0.007190534943213944,0.0029294771990871623,-0.012250541014364496]]",1068.7307552875,1068.731860182,21.875,116823,"[1833, 3737, -3377]","[[-10, 25, -32], [-12, 27, -44], [-8, 24, -47], [-11, 27, -46]]"
4.223047,4.573516,body,0.000000,0.000000,0.000000,0.000000,0.000000,0.000000,0.000000,0.000000,0.000000,0.000000,0.000000,0.000000,6.704962,-3.282450,-6.069301,0.011718,0.004194,-0.006724,bmi088,0.010068181999940862,"[[0.008788431597261486,0.0029294771990871623,-0.01171790879634865],[0.011451592687340724,0.004261057744126781,-0.00825579937924564],[0.012783173232380344,0.004527373853134706,-0.004793689962142629],[0.01384843766841204,0.005060006071150553,-0.0021305288720633907]]",1068.7408234695,1068.741878858,21.875,117082,"[1828, 3734, -3380]","[[-11, 33, -44], [-16, 43, -31], [-17, 48, -18], [-19, 52, -8]]"
4.233061,4.583750,body,0.000000,0.000000,0.000000,0.000000,0.000000,0.000000,0.000000,0.000000,0.000000,0.000000,0.000000,0.000000,6.683414,-3.259107,-6.081871,0.011185,0.003396,-0.007191,bmi088,0.010066181499951199,"[[0.01384843766841204,0.004527373853134706,-0.003728425526110934],[0.012250541014364496,0.003195793308095086,-0.005858954398174325],[0.010120012142301106,0.003195793308095086,-0.008522115488253563],[0.008522115488253563,0.002663161090079238,-0.010652644360316953]]",1068.7508896509999,1068.75199997,21.875,117344,"[1815, 3722, -3387]","[[-17, 52, -14], [-12, 46, -22], [-12, 38, -32], [-10, 32, -40]]"
4.243049,4.593633,body,0.000000,0.000000,0.000000,0.000000,0.000000,0.000000,0.000000,0.000000,0.000000,0.000000,0.000000,0.000000,6.695983,-3.273472,-6.071097,0.009254,-0.001664,-0.008123,bmi088,0.009808842999973422,"[[0.00825579937924564,0.001864212763055467,-0.011451592687340724],[0.009321063815277334,-0.0005326322180158477,-0.01038632825130903],[0.010120012142301106,-0.00346210941710301,-0.007190534943213944],[0.009321063815277334,-0.004527373853134706,-0.00346210941710301]]",1068.7606984939998,1068.7617678345,21.875,117597,"[1823, 3729, -3381]","[[-7, 31, -43], [2, 35, -39], [13, 38, -27], [17, 35, -13]]"
4.253051,4.603789,body,0.000000,0.000000,0.000000,0.000000,0.000000,0.000000,0.000000,0.000000,0.000000,0.000000,0.000000,0.000000,6.713940,-3.262698,-6.090849,0.006458,-0.000200,0.006791,bmi088,0.010059173500394536,"[[0.008522115488253563,-0.002663161090079238,0.0010652644360316954],[0.007456851052221868,-0.0005326322180158477,0.005060006071150553],[0.006125270507182248,0.0010652644360316954,0.010120012142301106],[0.003728425526110934,0.001331580545039619,0.010918960469324878]]",1068.7707576675002,1068.7718204795,21.875,117857,"[1817, 3739, -3392]","[[10, 32, 4], [2, 28, 19], [-4, 23, 38], [-5, 14, 41]]"
4.263061,4.613984,body,0.000000,0.000000,0.000000,0.000000,0.000000,0.000000,0.000000,0.000000,0.000000,0.000000,0.000000,0.000000,6.687005,-3.253720,-6.065710,0.001598,-0.001664,0.002463,bmi088,0.01011936799977775,"[[0.001597896654047543,0.0005326322180158477,0.009054747706269411],[0.001331580545039619,-0.0010652644360316954,0.00346210941710301],[0.0021305288720633907,-0.002663161090079238,0.0],[0.001331580545039619,-0.00346210941710301,-0.002663161090079238]]",1068.7808770355,1068.7819151745,21.875,118118,"[1812, 3724, -3378]","[[-2, 6, 34], [4, 5, 13], [10, 8, 0], [13, 5, -10]]"
4.273050,4.624062,body,0.000000,0.000000,0.000000,0.000000,0.000000,0.000000,0.000000,0.000000,0.000000,0.000000,0.000000,0.000000,6.660070,-3.257311,-6.031593,0.000333,-0.001931,-0.003329,bmi088,0.009967585000140389,"[[0.0007989483270237715,-0.003195793308095086,-0.003994741635118857],[-0.00026631610900792384,-0.0021305288720633907,-0.004527373853134706],[0.0,-0.0010652644360316954,-0.0029294771990871623],[0.0007989483270237715,-0.001331580545039619,-0.001864212763055467]]",1068.7908446205001,1068.791892873,21.875,118376,"[1814, 3709, -3359]","[[12, 3, -15], [8, -1, -17], [4, 0, -11], [5, 3, -7]]"
4.283053,4.634023,body,0.000000,0.000000,0.000000,0.000000,0.000000,0.000000,0.000000,0.000000,0.000000,0.000000,0.000000,0.000000,6.636727,-3.259107,-6.049549,-0.000266,-0.003329,-0.002264,bmi088,0.009829531999912433,"[[0.0010652644360316954,-0.0021305288720633907,-0.0010652644360316954],[0.0005326322180158477,-0.0023968449810713144,-0.002663161090079238],[-0.0005326322180158477,-0.003195793308095086,-0.0029294771990871623],[-0.0021305288720633907,-0.0055926382891664005,-0.0023968449810713144]]",1068.8006741525,1068.8017169,21.875,118631,"[1815, 3696, -3369]","[[8, 4, -4], [9, 2, -10], [12, -2, -11], [21, -8, -9]]"
4.293052,4.644375,body,0.000000,0.000000,0.000000,0.000000,0.000000,0.000000,0.000000,0.000000,0.000000,0.000000,0.000000,0.000000,6.683414,-3.264494,-6.065710,-0.001598,-0.009388,0.004461,bmi088,0.010071685999946567,"[[-0.002663161090079238,-0.007723167161229791,0.00026631610900792384],[-0.0023968449810713144,-0.009321063815277334,0.002663161090079238],[-0.0010652644360316954,-0.010120012142301106,0.0055926382891664005],[-0.00026631610900792384,-0.01038632825130903,0.009321063815277334]]",1068.8107458385,1068.811952865,21.875,118896,"[1818, 3722, -3378]","[[29, -10, 1], [35, -9, 10], [38, -4, 21], [39, -1, 35]]"
4.303052,4.654297,body,0.000000,0.000000,0.000000,0.000000,0.000000,0.000000,0.000000,0.000000,0.000000,0.000000,0.000000,0.000000,6.704962,-3.253720,-6.063914,-0.001798,-0.007923,0.017710,bmi088,0.009962241000039285,"[[-0.0005326322180158477,-0.010120012142301106,0.013582121559404116],[-0.001597896654047543,-0.008788431597261486,0.018109495412538822],[-0.0021305288720633907,-0.007456851052221868,0.020240024284602212],[-0.0029294771990871623,-0.005326322180158476,0.018908443739562592]]",1068.8207080795,1068.8217596755,21.875,119150,"[1812, 3734, -3377]","[[38, -2, 51], [33, -6, 68], [28, -8, 76], [20, -11, 71]]"
4.313051,4.664453,body,0.000000,0.000000,0.000000,0.000000,0.000000,0.000000,0.000000,0.000000,0.000000,0.000000,0.000000,0.000000,6.719327,-3.268085,-6.078279,-0.003728,-0.002663,0.004993,bmi088,0.010049332999869875,"[[-0.0029294771990871623,-0.003728425526110934,0.014913702104443736],[-0.003195793308095086,-0.0021305288720633907,0.008788431597261486],[-0.003994741635118857,-0.001864212763055467,0.001331580545039619],[-0.004793689962142629,-0.0029294771990871623,-0.005060006071150553]]",1068.8307574125,1068.8318317135,21.875,119410,"[1820, 3742, -3385]","[[14, -11, 56], [8, -12, 33], [7, -15, 5], [11, -18, -19]]"
4.323053,4.674609,body,0.000000,0.000000,0.000000,0.000000,0.000000,0.000000,0.000000,0.000000,0.000000,0.000000,0.000000,0.000000,6.681618,-3.300407,-6.081871,-0.000466,0.000799,-0.007457,bmi088,0.010061477500130422,"[[-0.005060006071150553,-0.002663161090079238,-0.009587379924285258],[-0.0021305288720633907,-0.0005326322180158477,-0.009587379924285258],[0.001597896654047543,0.0023968449810713144,-0.00692421883420602],[0.003728425526110934,0.003994741635118857,-0.003728425526110934]]",1068.84081889,1068.841870278,21.875,119670,"[1838, 3721, -3387]","[[10, -19, -36], [2, -8, -36], [-9, 6, -26], [-15, 14, -14]]"
4.333058,4.684141,body,0.000000,0.000000,0.000000,0.000000,0.000000,0.000000,0.000000,0.000000,0.000000,0.000000,0.000000,0.000000,6.661866,-3.284246,-6.063914,0.007013,-0.001598,-0.000089,bmi088,0.009409689999984039,"[[0.005060006071150553,0.001597896654047543,-0.0007989483270237715],[0.006125270507182248,-0.0021305288720633907,0.0],[0.009853696033293183,-0.004261057744126781,0.0005326322180158477]]",1068.85022858,1068.851300433,21.875,119914,"[1829, 3710, -3377]","[[-6, 19, -3], [8, 23, 0], [16, 37, 2]]"
4.343053,4.694766,body,0.000000,0.000000,0.000000,0.000000,0.000000,0.000000,0.000000,0.000000,0.000000,0.000000,0.000000,0.000000,6.634931,-3.217807,-6.047753,0.005060,0.000905,-0.019228,bmi088,0.010505512500003533,"[[0.014114753777419964,-0.00026631610900792384,-0.0007989483270237715],[0.01384843766841204,0.0055926382891664005,-0.006657902725198096],[0.009054747706269411,0.007456851052221868,-0.018109495412538822],[-0.0010652644360316954,0.001597896654047543,-0.031158984753927088],[-0.010652644360316953,-0.009853696033293183,-0.03941478413317273]]",1068.8607340925,1068.8617890165,21.875,120186,"[1792, 3695, -3368]","[[1, 53, -3], [-21, 52, -25], [-28, 34, -68], [-6, -4, -117], [37, -40, -148]]"
4.353050,4.704766,body,0.000000,0.000000,0.000000,0.000000,0.000000,0.000000,0.000000,0.000000,0.000000,0.000000,0.000000,0.000000,6.737283,-3.327342,-6.056732,-0.017377,-0.017177,0.000999,bmi088,0.009919870999965497,"[[-0.01864212763055467,-0.01997370817559429,-0.03595267471606972],[-0.021305288720633905,-0.0234358175926973,-0.018375811521546746],[-0.01944107595757844,-0.018109495412538822,0.011451592687340724],[-0.010120012142301106,-0.007190534943213944,0.0468716351853946]]",1068.8706539635,1068.871695063,21.875,120442,"[1853, 3752, -3373]","[[75, -70, -135], [88, -80, -69], [68, -73, 43], [27, -38, 176]]"
4.363055,4.714922,body,0.000000,0.000000,0.000000,0.000000,0.000000,0.000000,0.000000,0.000000,0.000000,0.000000,0.000000,0.000000,6.731897,-3.280655,-6.146514,0.012783,0.014314,0.080960,bmi088,0.010058405499876244,"[[0.001864212763055467,0.003994741635118857,0.07882956826634546],[0.01384843766841204,0.01384843766841204,0.09693906367888427],[0.018908443739562592,0.019707392066586366,0.09028116095368618],[0.01651159875849128,0.019707392066586366,0.05779059565471947]]",1068.8807123689999,1068.8817542685001,21.875,120702,"[1827, 3749, -3423]","[[-15, 7, 296], [-52, 52, 364], [-74, 71, 339], [-74, 62, 217]]"
4.373059,4.725391,body,0.000000,0.000000,0.000000,0.000000,0.000000,0.000000,0.000000,0.000000,0.000000,0.000000,0.000000,0.000000,6.643910,-3.248333,-5.979519,-0.005260,0.000333,-0.064182,bmi088,0.01029459150004186,"[[0.007989483270237714,0.01384843766841204,0.006657902725198096],[-0.001597896654047543,0.003195793308095086,-0.048203215730434214],[-0.010652644360316953,-0.0055926382891664005,-0.09427590258880504],[-0.016777914867499202,-0.010120012142301106,-0.12090751348959743]]",1068.8910069605,1068.8920753245,21.875,120970,"[1809, 3700, -3330]","[[-52, 30, 25], [-12, -6, -181], [21, -40, -354], [38, -63, -454]]"
4.383049,4.735156,body,0.000000,0.000000,0.000000,0.000000,0.000000,0.000000,0.000000,0.000000,0.000000,0.000000,0.000000,0.000000,6.629544,-3.275268,-5.984906,-0.008922,-0.004527,-0.063383,bmi088,0.009692710000081206,"[[-0.018109495412538822,-0.008788431597261486,-0.12117382959860534],[-0.014381069886427887,-0.005060006071150553,-0.09347695426178126],[-0.006125270507182248,-0.002663161090079238,-0.04607268685837083],[0.0029294771990871623,-0.001597896654047543,0.007190534943213944]]",1068.9006996705,1068.9017526419998,21.875,121220,"[1824, 3692, -3333]","[[33, -68, -455], [19, -54, -351], [10, -23, -173], [6, 11, 27]]"
4.393054,4.745898,body,0.000000,0.000000,0.000000,0.000000,0.000000,0.000000,0.000000,0.000000,0.000000,0.000000,0.000000,0.000000,6.685210,-3.221398,-6.074688,0.011784,-0.005193,0.076499,bmi088,0.010542841499955102,"[[0.010918960469324878,-0.002663161090079238,0.05326322180158477],[0.015446334322459582,-0.004261057744126781,0.08202536157444054],[0.013049489341388268,-0.006125270507182248,0.09108010928070995],[0.007723167161229791,-0.007723167161229791,0.07962851659336923]]",1068.911242512,1068.912373119,21.875,121495,"[1794, 3723, -3383]","[[10, 41, 200], [16, 58, 308], [23, 49, 342], [29, 29, 299]]"
4.403048,4.755352,body,0.000000,0.000000,0.000000,0.000000,0.000000,0.000000,0.000000,0.000000,0.000000,0.000000,0.000000,0.000000,6.717531,-3.289633,-6.115988,-0.013582,-0.011052,0.015779,bmi088,0.009443083499945715,"[[-0.001864212763055467,-0.009587379924285258,0.055926382891664],[-0.01038632825130903,-0.011451592687340724,0.026631610900792385],[-0.019174759848570515,-0.011984224905356573,-0.00026631610900792384],[-0.02290318537468145,-0.011185276578332801,-0.019174759848570515]]",1068.9206855955,1068.921729335,21.875,121737,"[1832, 3741, -3406]","[[36, -7, 210], [43, -39, 100], [45, -72, -1], [42, -86, -72]]"
4.413051,4.765273,body,0.000000,0.000000,0.000000,0.000000,0.000000,0.000000,0.000000,0.000000,0.000000,0.000000,0.000000,0.000000,6.719327,-3.275268,-6.087258,-0.006924,-0.008788,-0.010386,bmi088,0.009774985000149172,"[[-0.01997370817559429,-0.01038632825130903,-0.02556634646476069],[-0.01171790879634865,-0.009321063815277334,-0.018908443739562592],[-0.001864212763055467,-0.008788431597261486,-0.0055926382891664005],[0.005858954398174325,-0.006657902725198096,0.008522115488253563]]",1068.9304605805,1068.931516289,21.875,121991,"[1824, 3742, -3390]","[[39, -75, -96], [35, -44, -71], [33, -7, -21], [25, 22, 32]]"
4.423056,4.775430,body,0.000000,0.000000,0.000000,0.000000,0.000000,0.000000,0.000000,0.000000,0.000000,0.000000,0.000000,0.000000,6.701370,-3.221398,-6.053140,0.005526,-0.004128,0.013449,bmi088,0.010085495000112132,"[[0.010652644360316953,-0.0055926382891664005,0.01651159875849128],[0.010120012142301106,-0.004527373853134706,0.018375811521546746],[0.005060006071150553,-0.00346210941710301,0.013582121559404116],[-0.003728425526110934,-0.0029294771990871623,0.005326322180158476]]",1068.9405460755002,1068.9415909190002,21.875,122251,"[1794, 3732, -3371]","[[21, 40, 62], [17, 38, 69], [13, 19, 51], [11, -14, 20]]"
4.433053,4.785664,body,0.000000,0.000000,0.000000,0.000000,0.000000,0.000000,0.000000,0.000000,0.000000,0.000000,0.000000,0.000000,6.724714,-3.303998,-6.087258,-0.009987,-0.004727,-0.005593,bmi088,0.010100646999944729,"[[-0.010918960469324878,-0.003994741635118857,-0.003195793308095086],[-0.013315805450396193,-0.005858954398174325,-0.00825579937924564],[-0.01038632825130903,-0.005858954398174325,-0.008522115488253563],[-0.005326322180158476,-0.003195793308095086,-0.0023968449810713144]]",1068.9506467225,1068.9517024625002,21.875,122513,"[1840, 3745, -3390]","[[15, -41, -12], [22, -50, -31], [22, -39, -32], [12, -20, -9]]"
4.443052,4.795820,body,0.000000,0.000000,0.000000,0.000000,0.000000,0.000000,0.000000,0.000000,0.000000,0.000000,0.000000,0.000000,6.706757,-3.277064,-6.126762,0.002131,0.007923,0.019374,bmi088,0.01004730099975859,"[[-0.00026631610900792384,0.001331580545039619,0.008788431597261486],[0.002663161090079238,0.006391586616190172,0.01944107595757844],[0.003195793308095086,0.01038632825130903,0.02556634646476069],[0.0029294771990871623,0.013582121559404116,0.023702133701705222]]",1068.9606940234999,1068.9617304184999,21.875,122773,"[1825, 3735, -3412]","[[-5, -1, 33], [-24, 10, 73], [-39, 12, 96], [-51, 11, 89]]"
4.453051,4.805937,body,0.000000,0.000000,0.000000,0.000000,0.000000,0.000000,0.000000,0.000000,0.000000,0.000000,0.000000,0.000000,6.672640,-3.268085,-6.051345,-0.001198,0.008389,-0.007457,bmi088,0.010025252000104956,"[[0.001331580545039619,0.013582121559404116,0.014381069886427887],[-0.00026631610900792384,0.011185276578332801,0.0],[-0.002663161090079238,0.006657902725198096,-0.01597896654047543],[-0.003195793308095086,0.0021305288720633907,-0.02822950755483993]]",1068.9707192755,1068.9717464865,21.875,123032,"[1820, 3716, -3370]","[[-51, 5, 54], [-42, -1, 0], [-25, -10, -60], [-8, -12, -106]]"
4.463050,4.816133,body,0.000000,0.000000,0.000000,0.000000,0.000000,0.000000,0.000000,0.000000,0.000000,0.000000,0.000000,0.000000,6.649297,-3.269881,-6.022614,0.002330,-0.000466,-0.036618,bmi088,0.01005210099992837,"[[-0.0023968449810713144,-0.00026631610900792384,-0.03568635860706179],[0.00026631610900792384,-0.001331580545039619,-0.0391484680241648],[0.004261057744126781,-0.0005326322180158477,-0.03834951969714103],[0.007190534943213944,0.00026631610900792384,-0.03328951362599048]]",1068.9807713765,1068.981821452,21.875,123293,"[1821, 3703, -3354]","[[1, -9, -134], [5, 1, -147], [2, 16, -144], [-1, 27, -125]]"
4.473055,4.826289,body,0.000000,0.000000,0.000000,0.000000,0.000000,0.000000,0.000000,0.000000,0.000000,0.000000,0.000000,0.000000,6.658275,-3.259107,-6.051345,0.008655,-0.004461,-0.007257,bmi088,0.010034916000222438,"[[0.008788431597261486,-0.0005326322180158477,-0.023968449810713145],[0.009054747706269411,-0.0029294771990871623,-0.012250541014364496],[0.009587379924285258,-0.005858954398174325,-0.001597896654047543],[0.007190534943213944,-0.008522115488253563,0.008788431597261486]]",1068.9908062925,1068.9918646405,21.875,123553,"[1815, 3708, -3370]","[[2, 33, -90], [11, 34, -46], [22, 36, -6], [32, 27, 33]]"
4.483049,4.836250,body,0.000000,0.000000,0.000000,0.000000,0.000000,0.000000,0.000000,0.000000,0.000000,0.000000,0.000000,0.000000,6.717531,-3.257311,-6.098032,-0.000133,-0.007324,0.023502,bmi088,0.009890509999877395,"[[0.005326322180158476,-0.008788431597261486,0.01731054708551505],[0.0010652644360316954,-0.00825579937924564,0.023169501483689375],[-0.001864212763055467,-0.006657902725198096,0.026631610900792385],[-0.005060006071150553,-0.0055926382891664005,0.02689792700980031]]",1069.0006968025,1069.0017420785,21.875,123808,"[1814, 3741, -3396]","[[33, 20, 65], [31, 4, 87], [25, -7, 100], [21, -19, 101]]"
4.493050,4.846641,body,0.000000,0.000000,0.000000,0.000000,0.000000,0.000000,0.000000,0.000000,0.000000,0.000000,0.000000,0.000000,6.704962,-3.286042,-6.080075,-0.007191,-0.004860,0.016711,bmi088,0.010078966500032038,"[[-0.006391586616190172,-0.005060006071150553,0.02556634646476069],[-0.006391586616190172,-0.004527373853134706,0.020506340393610135],[-0.008522115488253563,-0.004527373853134706,0.01384843766841204],[-0.007456851052221868,-0.005326322180158476,0.00692421883420602]]",1069.010775769,1069.0119535945,21.875,124074,"[1830, 3734, -3386]","[[19, -24, 96], [17, -24, 77], [17, -32, 52], [20, -28, 26]]"
4.503047,4.856484,body,0.000000,0.000000,0.000000,0.000000,0.000000,0.000000,0.000000,0.000000,0.000000,0.000000,0.000000,0.000000,6.706757,-3.259107,-6.060323,-0.002064,-0.002796,-0.001931,bmi088,0.009916655499864646,"[[-0.005060006071150553,-0.0055926382891664005,0.001331580545039619],[-0.0021305288720633907,-0.005060006071150553,-0.001331580545039619],[-0.00026631610900792384,-0.0021305288720633907,-0.003195793308095086],[-0.0007989483270237715,0.001597896654047543,-0.004527373853134706]]",1069.0206924244999,1069.021737524,21.875,124326,"[1815, 3735, -3375]","[[21, -19, 5], [19, -8, -5], [8, -1, -12], [-6, -3, -17]]"
4.513050,4.866719,body,0.000000,0.000000,0.000000,0.000000,0.000000,0.000000,0.000000,0.000000,0.000000,0.000000,0.000000,0.000000,6.704962,-3.251924,-6.083666,0.002730,0.005260,-0.003862,bmi088,0.009980545999951573,"[[0.0005326322180158477,0.005326322180158476,-0.005060006071150553],[0.001864212763055467,0.005858954398174325,-0.004793689962142629],[0.004261057744126781,0.005326322180158476,-0.0029294771990871623],[0.004261057744126781,0.004527373853134706,-0.002663161090079238]]",1069.0306729704998,1069.031789465,21.875,124588,"[1811, 3734, -3388]","[[-20, 2, -19], [-22, 7, -18], [-20, 16, -11], [-17, 16, -10]]"
4.523057,4.876914,body,0.000000,0.000000,0.000000,0.000000,0.000000,0.000000,0.000000,0.000000,0.000000,0.000000,0.000000,0.000000,6.669049,-3.260903,-6.074688,0.002463,0.007324,-0.004261,bmi088,0.010191290999955527,"[[0.002663161090079238,0.005858954398174325,-0.002663161090079238],[0.0007989483270237715,0.007989483270237714,-0.004793689962142629],[0.0021305288720633907,0.00825579937924564,-0.005326322180158476],[0.004261057744126781,0.007190534943213944,-0.004261057744126781]]",1069.0408642614998,1069.0419241455002,21.875,124849,"[1816, 3714, -3383]","[[-22, 10, -10], [-30, 3, -18], [-31, 8, -20], [-27, 16, -16]]"
4.533049,4.886797,body,0.000000,0.000000,0.000000,0.000000,0.000000,0.000000,0.000000,0.000000,0.000000,0.000000,0.000000,0.000000,6.645705,-3.291429,-6.038775,0.007124,0.004461,-0.000333,bmi088,0.009802762000163057,"[[0.00692421883420602,0.005060006071150553,-0.001864212763055467],[0.007456851052221868,0.004261057744126781,0.00026631610900792384],[0.007456851052221868,0.004261057744126781,0.0005326322180158477],[0.006657902725198096,0.004261057744126781,-0.00026631610900792384]]",1069.0506670235,1069.0517062995,21.875,125102,"[1833, 3701, -3363]","[[-19, 26, -7], [-16, 28, 1], [-16, 28, 2], [-16, 25, -1]]"
4.543049,4.896914,body,0.000000,0.000000,0.000000,0.000000,0.000000,0.000000,0.000000,0.000000,0.000000,0.000000,0.000000,0.000000,6.692392,-3.278859,-6.054936,0.005593,0.001664,-0.005260,bmi088,0.01002422800002023,"[[0.005858954398174325,0.003195793308095086,-0.001864212763055467],[0.005326322180158476,0.001864212763055467,-0.003994741635118857],[0.004793689962142629,0.0007989483270237715,-0.006391586616190172],[0.006391586616190172,0.0007989483270237715,-0.008788431597261486]]",1069.0606912515,1069.0617352795,21.875,125361,"[1826, 3727, -3372]","[[-12, 22, -7], [-7, 20, -15], [-3, 18, -24], [-3, 24, -33]]"
4.553052,4.907109,body,0.000000,0.000000,0.000000,0.000000,0.000000,0.000000,0.000000,0.000000,0.000000,0.000000,0.000000,0.000000,6.692392,-3.260903,-6.089053,0.009920,-0.001531,-0.010320,bmi088,0.010047269000097003,"[[0.008522115488253563,0.0010652644360316954,-0.010120012142301106],[0.010918960469324878,-0.0005326322180158477,-0.010652644360316953],[0.010918960469324878,-0.002663161090079238,-0.01038632825130903],[0.009321063815277334,-0.003994741635118857,-0.010120012142301106]]",1069.0707385205,1069.0718111420001,21.875,125622,"[1816, 3727, -3391]","[[-4, 32, -38], [2, 41, -40], [10, 41, -39], [15, 35, -38]]"
4.563051,4.917344,body,0.000000,0.000000,0.000000,0.000000,0.000000,0.000000,0.000000,0.000000,0.000000,0.000000,0.000000,0.000000,6.690597,-3.250129,-6.078279,0.005726,-0.004328,-0.002397,bmi088,0.010125159999915923,"[[0.00692421883420602,-0.004261057744126781,-0.008522115488253563],[0.006125270507182248,-0.005326322180158476,-0.005858954398174325],[0.005060006071150553,-0.004527373853134706,0.0],[0.004793689962142629,-0.003195793308095086,0.004793689962142629]]",1069.0808636805,1069.0819175965,21.875,125884,"[1810, 3726, -3385]","[[16, 26, -32], [20, 23, -22], [17, 19, 0], [12, 18, 18]]"
4.573056,4.927422,body,0.000000,0.000000,0.000000,0.000000,0.000000,0.000000,0.000000,0.000000,0.000000,0.000000,0.000000,0.000000,6.651092,-3.264494,-6.069301,0.003262,0.000200,0.007790,bmi088,0.009959073499885562,"[[0.003728425526110934,-0.0005326322180158477,0.007989483270237714],[0.003728425526110934,-0.00026631610900792384,0.007989483270237714],[0.003195793308095086,0.00026631610900792384,0.00825579937924564],[0.0023968449810713144,0.001331580545039619,0.00692421883420602]]",1069.0908227539999,1069.0918746060001,21.875,126142,"[1818, 3704, -3380]","[[2, 14, 30], [1, 14, 30], [-1, 12, 31], [-5, 9, 26]]"
4.583050,4.937344,body,0.000000,0.000000,0.000000,0.000000,0.000000,0.000000,0.000000,0.000000,0.000000,0.000000,0.000000,0.000000,6.678027,-3.255516,-6.042366,-0.003529,0.002796,0.000732,bmi088,0.009843324500252493,"[[0.00026631610900792384,0.0021305288720633907,0.005858954398174325],[-0.0021305288720633907,0.00346210941710301,0.0023968449810713144],[-0.005326322180158476,0.003195793308095086,-0.0010652644360316954],[-0.00692421883420602,0.0023968449810713144,-0.004261057744126781]]",1069.1006660785001,1069.101704154,21.875,126396,"[1813, 3719, -3365]","[[-8, 1, 22], [-13, -8, 9], [-12, -20, -4], [-9, -26, -16]]"
4.593059,4.947266,body,0.000000,0.000000,0.000000,0.000000,0.000000,0.000000,0.000000,0.000000,0.000000,0.000000,0.000000,0.000000,6.661866,-3.271677,-6.045958,-0.003529,-0.002397,-0.004128,bmi088,0.0098070824997194,"[[-0.00692421883420602,-0.00026631610900792384,-0.004793689962142629],[-0.005326322180158476,-0.0021305288720633907,-0.005326322180158476],[-0.0021305288720633907,-0.00346210941710301,-0.003728425526110934],[0.00026631610900792384,-0.003728425526110934,-0.002663161090079238]]",1069.1104731609998,1069.111525173,21.875,126650,"[1822, 3710, -3367]","[[1, -26, -18], [8, -20, -20], [13, -8, -14], [14, 1, -10]]"
4.603054,4.957578,body,0.000000,0.000000,0.000000,0.000000,0.000000,0.000000,0.000000,0.000000,0.000000,0.000000,0.000000,0.000000,6.669049,-3.280655,-6.081871,-0.000266,-0.002996,0.005326,bmi088,0.010207467500094936,"[[0.00026631610900792384,-0.0029294771990871623,0.001597896654047543],[0.0,-0.0029294771990871623,0.004261057744126781],[-0.0007989483270237715,-0.0029294771990871623,0.007190534943213944],[-0.0005326322180158477,-0.003195793308095086,0.00825579937924564]]",1069.1206806285,1069.1217200800002,21.875,126914,"[1827, 3714, -3387]","[[11, 1, 6], [11, 0, 16], [11, -3, 27], [12, -2, 31]]"
4.613050,4.967773,body,0.000000,0.000000,0.000000,0.000000,0.000000,0.000000,0.000000,0.000000,0.000000,0.000000,0.000000,0.000000,6.672640,-3.275268,-6.069301,-0.003196,-0.002131,0.006724,bmi088,0.010034532000190666,"[[-0.001597896654047543,-0.0023968449810713144,0.008522115488253563],[-0.003195793308095086,-0.0023968449810713144,0.007190534943213944],[-0.003994741635118857,-0.0021305288720633907,0.006125270507182248],[-0.003994741635118857,-0.001597896654047543,0.005060006071150553]]",1069.1307151605001,1069.1317698449998,21.875,127175,"[1824, 3716, -3380]","[[9, -6, 32], [9, -12, 27], [8, -15, 23], [6, -15, 19]]"
4.623056,4.978164,body,0.000000,0.000000,0.000000,0.000000,0.000000,0.000000,0.000000,0.000000,0.000000,0.000000,0.000000,0.000000,6.683414,-3.282450,-6.074688,0.002996,-0.002463,0.000266,bmi088,0.010337392999872463,"[[-0.0010652644360316954,-0.001864212763055467,0.003994741635118857],[0.002663161090079238,-0.001864212763055467,0.001331580545039619],[0.005326322180158476,-0.002663161090079238,-0.0010652644360316954],[0.005060006071150553,-0.00346210941710301,-0.003195793308095086]]",1069.1410525535,1069.1420958775,21.875,127441,"[1828, 3722, -3383]","[[7, -4, 15], [7, 10, 5], [10, 20, -4], [13, 19, -12]]"
4.633052,4.987695,body,0.000000,0.000000,0.000000,0.000000,0.000000,0.000000,0.000000,0.000000,0.000000,0.000000,0.000000,0.000000,6.694188,-3.251924,-6.080075,0.004527,-0.004794,-0.009254,bmi088,0.00941906699995343,"[[0.004261057744126781,-0.005060006071150553,-0.0055926382891664005],[0.004793689962142629,-0.005858954398174325,-0.009054747706269411],[0.005060006071150553,-0.005060006071150553,-0.011185276578332801],[0.003994741635118857,-0.003195793308095086,-0.011185276578332801]]",1069.1504716205,1069.1515134239999,21.875,127685,"[1811, 3728, -3386]","[[19, 16, -21], [22, 18, -34], [19, 19, -42], [12, 15, -42]]"
4.643051,4.998086,body,0.000000,0.000000,0.000000,0.000000,0.000000,0.000000,0.000000,0.000000,0.000000,0.000000,0.000000,0.000000,6.719327,-3.251924,-6.074688,0.001864,-0.000466,-0.002330,bmi088,0.010232668500066211,"[[0.001864212763055467,-0.0021305288720633907,-0.007989483270237714],[0.0007989483270237715,-0.0010652644360316954,-0.004261057744126781],[0.0021305288720633907,0.0,0.0],[0.002663161090079238,0.001331580545039619,0.0029294771990871623]]",1069.160704289,1069.1617566690002,21.875,127951,"[1811, 3742, -3383]","[[8, 7, -30], [4, 3, -16], [0, 8, 0], [-5, 10, 11]]"
4.653048,5.007969,body,0.000000,0.000000,0.000000,0.000000,0.000000,0.000000,0.000000,0.000000,0.000000,0.000000,0.000000,0.000000,6.699575,-3.275268,-6.058527,-0.002663,0.000866,0.003595,bmi088,0.009781433999933142,"[[0.001597896654047543,0.0007989483270237715,0.004793689962142629],[-0.001331580545039619,0.0005326322180158477,0.004527373853134706],[-0.004793689962142629,0.0005326322180158477,0.003195793308095086],[-0.006125270507182248,0.001597896654047543,0.001864212763055467]]",1069.170485723,1069.171551975,21.875,128204,"[1824, 3731, -3374]","[[-3, 6, 18], [-2, -5, 17], [-2, -18, 12], [-6, -23, 7]]"
4.663049,5.018320,body,0.000000,0.000000,0.000000,0.000000,0.000000,0.000000,0.000000,0.000000,0.000000,0.000000,0.000000,0.000000,6.643910,-3.268085,-6.022614,-0.003196,0.001664,-0.003262,bmi088,0.01026612550003847,"[[-0.006125270507182248,0.001864212763055467,-0.00026631610900792384],[-0.004261057744126781,0.0021305288720633907,-0.0021305288720633907],[-0.0021305288720633907,0.001597896654047543,-0.004527373853134706],[-0.00026631610900792384,0.0010652644360316954,-0.006125270507182248]]",1069.1807518485,1069.1817974765,21.875,128469,"[1820, 3700, -3354]","[[-7, -23, -1], [-8, -16, -8], [-6, -8, -17], [-4, -1, -23]]"
4.673053,5.028516,body,0.000000,0.000000,0.000000,0.000000,0.000000,0.000000,0.000000,0.000000,0.000000,0.000000,0.000000,0.000000,6.676231,-3.277064,-6.040571,-0.002064,-0.005193,-0.000333,bmi088,0.010063685999966765,"[[0.00026631610900792384,-0.0007989483270237715,-0.0055926382891664005],[-0.001331580545039619,-0.003728425526110934,-0.00346210941710301],[-0.00346210941710301,-0.007190534943213944,0.001597896654047543],[-0.003728425526110934,-0.009054747706269411,0.006125270507182248]]",1069.1908155345,1069.1918678825,21.875,128730,"[1825, 3718, -3364]","[[3, 1, -21], [14, -5, -13], [27, -13, 6], [34, -14, 23]]"
4.683050,5.038477,body,0.000000,0.000000,0.000000,0.000000,0.000000,0.000000,0.000000,0.000000,0.000000,0.000000,0.000000,0.000000,6.695983,-3.262698,-6.058527,-0.001664,-0.009787,0.014581,bmi088,0.009864876999927219,"[[-0.0023968449810713144,-0.009853696033293183,0.010652644360316953],[-0.001864212763055467,-0.010120012142301106,0.01384843766841204],[-0.0010652644360316954,-0.009587379924285258,0.01597896654047543],[-0.001331580545039619,-0.009587379924285258,0.017843179303530896]]",1069.2006804115,1069.2017247435,21.875,128985,"[1817, 3729, -3374]","[[37, -9, 40], [38, -7, 52], [36, -4, 60], [36, -5, 67]]"
4.693057,5.048633,body,0.000000,0.000000,0.000000,0.000000,0.000000,0.000000,0.000000,0.000000,0.000000,0.000000,0.000000,0.000000,6.697779,-3.278859,-6.053140,-0.004461,-0.007590,0.013382,bmi088,0.010277662500129736,"[[-0.001597896654047543,-0.007989483270237714,0.01731054708551505],[-0.003195793308095086,-0.007989483270237714,0.01597896654047543],[-0.0055926382891664005,-0.007456851052221868,0.011984224905356573],[-0.007456851052221868,-0.00692421883420602,0.00825579937924564]]",1069.210958074,1069.2117747485,21.875,129245,"[1826, 3730, -3371]","[[30, -6, 65], [30, -12, 60], [28, -21, 45], [26, -28, 31]]"
4.703049,5.058828,body,0.000000,0.000000,0.000000,0.000000,0.000000,0.000000,0.000000,0.000000,0.000000,0.000000,0.000000,0.000000,6.683414,-3.264494,-6.071097,-0.002996,-0.004261,0.001065,bmi088,0.009842828500040923,"[[-0.007989483270237714,-0.0055926382891664005,0.004793689962142629],[-0.005326322180158476,-0.004527373853134706,0.0021305288720633907],[-0.0010652644360316954,-0.003728425526110934,-0.0005326322180158477],[0.0023968449810713144,-0.003195793308095086,-0.0021305288720633907]]",1069.2208009025,1069.2218510100001,21.875,129506,"[1818, 3722, -3381]","[[21, -30, 18], [17, -20, 8], [14, -4, -2], [12, 9, -8]]"
4.713050,5.068633,body,0.000000,0.000000,0.000000,0.000000,0.000000,0.000000,0.000000,0.000000,0.000000,0.000000,0.000000,0.000000,6.679823,-3.255516,-6.067506,0.003262,-0.004927,-0.006525,bmi088,0.009684693500048525,"[[0.003994741635118857,-0.0029294771990871623,-0.004261057744126781],[0.00346210941710301,-0.004527373853134706,-0.006391586616190172],[0.003195793308095086,-0.005858954398174325,-0.007456851052221868],[0.0023968449810713144,-0.006391586616190172,-0.007989483270237714]]",1069.230485596,1069.231562569,21.875,129757,"[1813, 3720, -3379]","[[11, 15, -16], [17, 13, -24], [22, 12, -28], [24, 9, -30]]"
4.723057,5.078594,body,0.000000,0.000000,0.000000,0.000000,0.000000,0.000000,0.000000,0.000000,0.000000,0.000000,0.000000,0.000000,6.708553,-3.275268,-6.094440,0.003817,-0.003906,-0.007013,bmi088,0.009892382499856467,"[[0.003728425526110934,-0.005326322180158476,-0.00825579937924564],[0.003728425526110934,-0.003728425526110934,-0.007989483270237714],[0.003994741635118857,-0.002663161090079238,-0.004793689962142629]]",1069.2403779785,1069.2414046615,21.875,130012,"[1824, 3736, -3394]","[[20, 14, -31], [14, 14, -30], [10, 15, -18]]"
4.733049,5.089062,body,0.000000,0.000000,0.000000,0.000000,0.000000,0.000000,0.000000,0.000000,0.000000,0.000000,0.000000,0.000000,6.703166,-3.277064,-6.072893,0.002131,-0.001917,0.004527,bmi088,0.010302335000233143,"[[0.003195793308095086,-0.0021305288720633907,0.0],[0.001864212763055467,-0.002663161090079238,0.004527373853134706],[0.0007989483270237715,-0.0023968449810713144,0.006125270507182248],[0.0007989483270237715,-0.001597896654047543,0.00692421883420602],[0.003994741635118857,-0.0007989483270237715,0.005060006071150553]]",1069.2506803135002,1069.2517466785,21.875,130280,"[1825, 3733, -3382]","[[8, 12, 0], [10, 7, 17], [9, 3, 23], [6, 3, 26], [3, 15, 19]]"
4.743050,5.099180,body,0.000000,0.000000,0.000000,0.000000,0.000000,0.000000,0.000000,0.000000,0.000000,0.000000,0.000000,0.000000,6.678027,-3.257311,-6.035184,0.004461,-0.000732,-0.003329,bmi088,0.010011203999965801,"[[0.006657902725198096,-0.0005326322180158477,0.003195793308095086],[0.006391586616190172,-0.0007989483270237715,-0.0007989483270237715],[0.003195793308095086,-0.0007989483270237715,-0.005326322180158476],[0.001597896654047543,-0.0007989483270237715,-0.01038632825130903]]",1069.2606915175002,1069.2617426010002,21.875,130539,"[1814, 3719, -3361]","[[2, 25, 12], [3, 24, -3], [3, 12, -20], [3, 6, -39]]"
4.753052,5.109453,body,0.000000,0.000000,0.000000,0.000000,0.000000,0.000000,0.000000,0.000000,0.000000,0.000000,0.000000,0.000000,6.667253,-3.275268,-6.036979,0.003862,-0.003595,-0.010519,bmi088,0.010027683499856721,"[[0.002663161090079238,-0.0021305288720633907,-0.01384843766841204],[0.003728425526110934,-0.003195793308095086,-0.013315805450396193],[0.004793689962142629,-0.004527373853134706,-0.01038632825130903],[0.004261057744126781,-0.004527373853134706,-0.004527373853134706]]",1069.270719201,1069.271902899,21.875,130802,"[1824, 3713, -3362]","[[8, 10, -52], [12, 14, -50], [17, 18, -39], [17, 16, -17]]"
4.763051,5.119375,body,0.000000,0.000000,0.000000,0.000000,0.000000,0.000000,0.000000,0.000000,0.000000,0.000000,0.000000,0.000000,6.712144,-3.271677,-6.078279,0.001265,-0.003928,0.008322,bmi088,0.00998893049995786,"[[0.004527373853134706,-0.004793689962142629,0.001331580545039619],[0.001864212763055467,-0.004527373853134706,0.00692421883420602],[0.00026631610900792384,-0.003728425526110934,0.011185276578332801],[-0.001597896654047543,-0.002663161090079238,0.01384843766841204]]",1069.2807081315,1069.281746191,21.875,131056,"[1822, 3738, -3385]","[[18, 17, 5], [17, 7, 26], [14, 1, 42], [10, -6, 52]]"
4.773055,5.129609,body,0.000000,0.000000,0.000000,0.000000,0.000000,0.000000,0.000000,0.000000,0.000000,0.000000,0.000000,0.000000,6.699575,-3.266290,-6.087258,-0.000732,-0.002597,0.010852,bmi088,0.010101589999976568,"[[-0.0005326322180158477,-0.001864212763055467,0.014114753777419964],[0.0,-0.0021305288720633907,0.012516857123372421],[0.0,-0.003195793308095086,0.01038632825130903],[-0.0023968449810713144,-0.003195793308095086,0.006391586616190172]]",1069.2908097215,1069.2918637174998,21.875,131318,"[1819, 3731, -3390]","[[7, -2, 53], [8, 0, 47], [12, 0, 39], [12, -9, 24]]"
4.783050,5.139609,body,0.000000,0.000000,0.000000,0.000000,0.000000,0.000000,0.000000,0.000000,0.000000,0.000000,0.000000,0.000000,6.672640,-3.296816,-6.051345,-0.003129,-0.001465,-0.004927,bmi088,0.009900590000142984,"[[-0.004527373853134706,-0.0023968449810713144,0.001331580545039619],[-0.004261057744126781,-0.0010652644360316954,-0.004527373853134706],[-0.0023968449810713144,-0.0007989483270237715,-0.007989483270237714],[-0.001331580545039619,-0.001597896654047543,-0.008522115488253563]]",1069.3007103115,1069.3017504505,21.875,131574,"[1836, 3716, -3370]","[[9, -17, 5], [4, -16, -17], [3, -9, -30], [6, -5, -32]]"
4.793048,5.149805,body,0.000000,0.000000,0.000000,0.000000,0.000000,0.000000,0.000000,0.000000,0.000000,0.000000,0.000000,0.000000,6.667253,-3.257311,-6.033388,-0.001332,-0.005726,-0.001598,bmi088,0.010071779999861974,"[[-0.001597896654047543,-0.00346210941710301,-0.007723167161229791],[-0.001331580545039619,-0.005858954398174325,-0.004261057744126781],[-0.001331580545039619,-0.00692421883420602,0.0],[-0.0010652644360316954,-0.006657902725198096,0.0055926382891664005]]",1069.3107820915,1069.3118318635,21.875,131835,"[1814, 3713, -3360]","[[13, -6, -29], [22, -5, -16], [26, -5, 0], [25, -4, 21]]"
4.803049,5.159844,body,0.000000,0.000000,0.000000,0.000000,0.000000,0.000000,0.000000,0.000000,0.000000,0.000000,0.000000,0.000000,6.676231,-3.264494,-6.067506,0.001731,-0.005526,0.010852,bmi088,0.009923678999939511,"[[-0.0005326322180158477,-0.005326322180158476,0.009321063815277334],[0.001597896654047543,-0.005060006071150553,0.011185276578332801],[0.0029294771990871623,-0.0055926382891664005,0.01171790879634865],[0.0029294771990871623,-0.006125270507182248,0.011185276578332801]]",1069.3207057705,1069.321760614,21.875,132092,"[1818, 3718, -3379]","[[20, -2, 35], [19, 6, 42], [21, 11, 44], [23, 11, 42]]"
4.813052,5.169922,body,0.000000,0.000000,0.000000,0.000000,0.000000,0.000000,0.000000,0.000000,0.000000,0.000000,0.000000,0.000000,6.694188,-3.278859,-6.062119,-0.003063,-0.005659,0.005060,bmi088,0.00996608000014021,"[[0.0005326322180158477,-0.006657902725198096,0.009853696033293183],[-0.0021305288720633907,-0.006391586616190172,0.006657902725198096],[-0.004527373853134706,-0.005326322180158476,0.003195793308095086],[-0.006125270507182248,-0.004261057744126781,0.0005326322180158477]]",1069.3306718505,1069.331711206,21.875,132350,"[1826, 3728, -3376]","[[25, 2, 37], [24, -8, 25], [20, -17, 12], [16, -23, 2]]"
4.823057,5.179922,body,0.000000,0.000000,0.000000,0.000000,0.000000,0.000000,0.000000,0.000000,0.000000,0.000000,0.000000,0.000000,6.706757,-3.260903,-6.060323,-0.001664,-0.001465,0.003662,bmi088,0.0099069419998159,"[[-0.0055926382891664005,-0.0023968449810713144,-0.0005326322180158477],[-0.00346210941710301,-0.001597896654047543,0.001864212763055467],[0.0,-0.0007989483270237715,0.005060006071150553],[0.0023968449810713144,-0.0010652644360316954,0.00825579937924564]]",1069.3405787924999,1069.341627108,21.875,132606,"[1816, 3735, -3375]","[[9, -21, -2], [6, -13, 7], [3, 0, 19], [4, 9, 31]]"
4.833052,5.190117,body,0.000000,0.000000,0.000000,0.000000,0.000000,0.000000,0.000000,0.000000,0.000000,0.000000,0.000000,0.000000,6.694188,-3.269881,-6.053140,0.008855,0.001531,0.003129,bmi088,0.010083109000333934,"[[0.005326322180158476,-0.0007989483270237715,0.007723167161229791],[0.00825579937924564,0.00026631610900792384,0.005858954398174325],[0.010652644360316953,0.0023968449810713144,0.001597896654047543],[0.011185276578332801,0.004261057744126781,-0.002663161090079238]]",1069.3506619015002,1069.3516995764999,21.875,132867,"[1821, 3728, -3371]","[[3, 20, 29], [-1, 31, 22], [-9, 40, 6], [-16, 42, -10]]"
4.843049,5.200430,body,0.000000,0.000000,0.000000,0.000000,0.000000,0.000000,0.000000,0.000000,0.000000,0.000000,0.000000,0.000000,6.678027,-3.255516,-6.051345,0.006724,0.001931,-0.011318,bmi088,0.010017665999839664,"[[0.008788431597261486,0.004527373853134706,-0.007989483270237714],[0.00692421883420602,0.003195793308095086,-0.010652644360316953],[0.005326322180158476,0.0005326322180158477,-0.012783173232380344],[0.005858954398174325,-0.0005326322180158477,-0.01384843766841204]]",1069.3606795675,1069.36188133,21.875,133131,"[1813, 3719, -3370]","[[-17, 33, -30], [-12, 26, -40], [-2, 20, -48], [2, 22, -52]]"
4.853050,5.210273,body,0.000000,0.000000,0.000000,0.000000,0.000000,0.000000,0.000000,0.000000,0.000000,0.000000,0.000000,0.000000,6.687005,-3.269881,-6.067506,0.004261,0.001931,-0.008056,bmi088,0.009908141999858344,"[[0.0055926382891664005,0.0,-0.013582121559404116],[0.004793689962142629,0.001597896654047543,-0.010652644360316953],[0.003195793308095086,0.002663161090079238,-0.006391586616190172],[0.00346210941710301,0.00346210941710301,-0.001597896654047543]]",1069.3705877095,1069.371623593,21.875,133383,"[1821, 3724, -3379]","[[0, 21, -51], [-6, 18, -40], [-10, 12, -24], [-13, 13, -6]]"
4.863053,5.220547,body,0.000000,0.000000,0.000000,0.000000,0.000000,0.000000,0.000000,0.000000,0.000000,0.000000,0.000000,0.000000,6.670844,-3.266290,-6.035184,0.007523,0.002929,0.000732,bmi088,0.01010938200010969,"[[0.004261057744126781,0.003195793308095086,0.001597896654047543],[0.00692421883420602,0.003195793308095086,0.0023968449810713144],[0.00825579937924564,0.003195793308095086,0.0007989483270237715],[0.010652644360316953,0.0021305288720633907,-0.001864212763055467]]",1069.3806970915,1069.381780369,21.875,133646,"[1819, 3715, -3361]","[[-12, 16, 6], [-12, 26, 9], [-12, 31, 3], [-8, 40, -7]]"
4.873057,5.230742,body,0.000000,0.000000,0.000000,0.000000,0.000000,0.000000,0.000000,0.000000,0.000000,0.000000,0.000000,0.000000,6.703166,-3.269881,-6.031593,0.006192,-0.001332,-0.007856,bmi088,0.010123286999942138,"[[0.009853696033293183,0.0010652644360316954,-0.005060006071150553],[0.007456851052221868,-0.0005326322180158477,-0.00692421883420602],[0.004261057744126781,-0.001864212763055467,-0.009054747706269411],[0.003195793308095086,-0.003994741635118857,-0.01038632825130903]]",1069.3908203785,1069.391887351,21.875,133907,"[1821, 3733, -3359]","[[-4, 37, -19], [2, 28, -26], [7, 16, -34], [15, 12, -39]]"
4.883053,5.240781,body,0.000000,0.000000,0.000000,0.000000,0.000000,0.000000,0.000000,0.000000,0.000000,0.000000,0.000000,0.000000,6.692392,-3.250129,-6.080075,0.004394,-0.005393,-0.006059,bmi088,0.009912557999996352,"[[0.003195793308095086,-0.006125270507182248,-0.010918960469324878],[0.004793689962142629,-0.006391586616190172,-0.009321063815277334],[0.0055926382891664005,-0.005060006071150553,-0.004793689962142629],[0.003994741635118857,-0.003994741635118857,0.0007989483270237715]]",1069.4007329365,1069.401796245,21.875,134164,"[1810, 3727, -3386]","[[23, 12, -41], [24, 18, -35], [19, 21, -18], [15, 15, 3]]"
4.893050,5.250820,body,0.000000,0.000000,0.000000,0.000000,0.000000,0.000000,0.000000,0.000000,0.000000,0.000000,0.000000,0.000000,6.699575,-3.244742,-6.101623,-0.000399,-0.002064,0.008456,bmi088,0.00995075200012252,"[[0.0007989483270237715,-0.0029294771990871623,0.005858954398174325],[-0.0007989483270237715,-0.0029294771990871623,0.009054747706269411],[-0.00026631610900792384,-0.001331580545039619,0.009587379924285258],[-0.001331580545039619,-0.0010652644360316954,0.009321063815277334]]",1069.4106836885,1069.411729524,21.875,134421,"[1807, 3731, -3398]","[[11, 3, 22], [11, -3, 34], [5, -1, 36], [4, -5, 35]]"
4.903048,5.260898,body,0.000000,0.000000,0.000000,0.000000,0.000000,0.000000,0.000000,0.000000,0.000000,0.000000,0.000000,0.000000,6.676231,-3.260903,-6.063914,-0.003928,-0.002131,0.007790,bmi088,0.009965215999955035,"[[-0.002663161090079238,-0.001331580545039619,0.009321063815277334],[-0.004261057744126781,-0.0023968449810713144,0.009321063815277334],[-0.004261057744126781,-0.002663161090079238,0.007723167161229791],[-0.004527373853134706,-0.0021305288720633907,0.004793689962142629]]",1069.4206489045,1069.421689236,21.875,134679,"[1816, 3718, -3377]","[[5, -10, 35], [9, -16, 35], [10, -16, 29], [8, -17, 18]]"
4.913052,5.271016,body,0.000000,0.000000,0.000000,0.000000,0.000000,0.000000,0.000000,0.000000,0.000000,0.000000,0.000000,0.000000,6.694188,-3.275268,-6.054936,-0.005992,-0.004261,-0.000533,bmi088,0.010029650999967998,"[[-0.004793689962142629,-0.0029294771990871623,0.0010652644360316954],[-0.0055926382891664005,-0.003728425526110934,-0.001331580545039619],[-0.00692421883420602,-0.005060006071150553,-0.001864212763055467],[-0.006657902725198096,-0.005326322180158476,0.0]]",1069.4306785555,1069.431723223,21.875,134938,"[1824, 3728, -3372]","[[11, -18, 4], [14, -21, -5], [19, -26, -7], [20, -25, 0]]"
4.923052,5.281328,body,0.000000,0.000000,0.000000,0.000000,0.000000,0.000000,0.000000,0.000000,0.000000,0.000000,0.000000,0.000000,6.687005,-3.293224,-6.063914,-0.000533,-0.004860,0.003662,bmi088,0.010174392999942938,"[[-0.004527373853134706,-0.005060006071150553,0.001864212763055467],[-0.001597896654047543,-0.005060006071150553,0.00346210941710301],[0.001331580545039619,-0.004261057744126781,0.003994741635118857],[0.002663161090079238,-0.005060006071150553,0.005326322180158476]]",1069.4408529485,1069.4419064479998,21.875,135202,"[1834, 3724, -3377]","[[19, -17, 7], [19, -6, 13], [16, 5, 15], [19, 10, 20]]"
4.933049,5.291211,body,0.000000,0.000000,0.000000,0.000000,0.000000,0.000000,0.000000,0.000000,0.000000,0.000000,0.000000,0.000000,6.692392,-3.273472,-6.078279,-0.001731,-0.003928,0.005926,bmi088,0.009816570000111824,"[[0.002663161090079238,-0.003994741635118857,0.006657902725198096],[0.0010652644360316954,-0.00346210941710301,0.007190534943213944],[-0.0029294771990871623,-0.003195793308095086,0.006391586616190172],[-0.007723167161229791,-0.005060006071150553,0.00346210941710301]]",1069.4506695185,1069.451693721,21.875,135455,"[1823, 3727, -3385]","[[15, 10, 25], [13, 4, 27], [12, -11, 24], [19, -29, 13]]"
4.943049,5.301445,body,0.000000,0.000000,0.000000,0.000000,0.000000,0.000000,0.000000,0.000000,0.000000,0.000000,0.000000,0.000000,6.708553,-3.287837,-6.062119,-0.007523,-0.004328,-0.000866,bmi088,0.010081397000021752,"[[-0.010120012142301106,-0.006391586616190172,-0.0005326322180158477],[-0.009321063815277334,-0.006125270507182248,-0.0029294771990871623],[-0.00692421883420602,-0.00346210941710301,-0.001331580545039619],[-0.003728425526110934,-0.001331580545039619,0.001331580545039619]]",1069.4607509155,1069.4618078395001,21.875,135717,"[1831, 3736, -3376]","[[24, -38, -2], [23, -35, -11], [13, -26, -5], [5, -14, 5]]"
4.953059,5.311602,body,0.000000,0.000000,0.000000,0.000000,0.000000,0.000000,0.000000,0.000000,0.000000,0.000000,0.000000,0.000000,6.706757,-3.269881,-6.072893,0.001997,0.000466,0.006525,bmi088,0.010050051999996867,"[[-0.0010652644360316954,-0.00026631610900792384,0.004261057744126781],[0.0023968449810713144,0.0,0.005858954398174325],[0.003195793308095086,0.0007989483270237715,0.007723167161229791],[0.00346210941710301,0.001331580545039619,0.00825579937924564]]",1069.4708009675,1069.471867988,21.875,135977,"[1821, 3735, -3382]","[[1, -4, 16], [0, 9, 22], [-3, 12, 29], [-5, 13, 31]]"
4.963051,5.321680,body,0.000000,0.000000,0.000000,0.000000,0.000000,0.000000,0.000000,0.000000,0.000000,0.000000,0.000000,0.000000,6.678027,-3.271677,-6.065710,0.000799,0.001332,0.001198,bmi088,0.009967632000098092,"[[0.001864212763055467,0.0010652644360316954,0.006391586616190172],[0.0005326322180158477,0.001331580545039619,0.0029294771990871623],[-0.00026631610900792384,0.0010652644360316954,-0.0005326322180158477],[0.0010652644360316954,0.001864212763055467,-0.003994741635118857]]",1069.4807685995002,1069.4818210115,21.875,136235,"[1822, 3719, -3378]","[[-4, 7, 24], [-5, 2, 11], [-4, -1, -2], [-7, 4, -15]]"
4.973057,5.331836,body,0.000000,0.000000,0.000000,0.000000,0.000000,0.000000,0.000000,0.000000,0.000000,0.000000,0.000000,0.000000,6.692392,-3.271677,-6.080075,0.001664,0.000666,-0.006192,bmi088,0.010060883999813086,"[[0.001864212763055467,0.0023968449810713144,-0.006391586616190172],[0.0023968449810713144,0.0021305288720633907,-0.007190534943213944],[0.001331580545039619,0.0005326322180158477,-0.006657902725198096],[0.0010652644360316954,-0.0023968449810713144,-0.004527373853134706]]",1069.4908294835,1069.4918815755,21.875,136495,"[1822, 3727, -3386]","[[-9, 7, -24], [-8, 9, -27], [-2, 5, -25], [9, 4, -17]]"
4.983058,5.341641,body,0.000000,0.000000,0.000000,0.000000,0.000000,0.000000,0.000000,0.000000,0.000000,0.000000,0.000000,0.000000,6.710349,-3.269881,-6.067506,0.001243,-0.003373,-0.000444,bmi088,0.009246225999959279,"[[0.001597896654047543,-0.004261057744126781,-0.002663161090079238],[0.001597896654047543,-0.004261057744126781,0.00026631610900792384],[0.0005326322180158477,-0.001597896654047543,0.0010652644360316954]]",1069.5000757095,1069.5015797245,21.875,136746,"[1821, 3737, -3379]","[[16, 6, -10], [16, 6, 1], [6, 2, 4]]"
4.993051,5.351875,body,0.000000,0.000000,0.000000,0.000000,0.000000,0.000000,0.000000,0.000000,0.000000,0.000000,0.000000,0.000000,6.663662,-3.266290,-6.054936,-0.003569,-0.001864,0.001598,bmi088,0.010573130000011588,"[[-0.001864212763055467,-0.00026631610900792384,0.001864212763055467],[-0.003994741635118857,0.0005326322180158477,0.0010652644360316954],[-0.005326322180158476,-0.001331580545039619,0.001597896654047543],[-0.004793689962142629,-0.003195793308095086,0.001864212763055467],[-0.001864212763055467,-0.005060006071150553,0.001597896654047543]]",1069.5106488395,1069.5117014755,21.875,137008,"[1819, 3711, -3372]","[[1, -7, 7], [-2, -15, 4], [5, -20, 6], [12, -18, 7], [19, -7, 6]]"
5.003053,5.362031,body,0.000000,0.000000,0.000000,0.000000,0.000000,0.000000,0.000000,0.000000,0.000000,0.000000,0.000000,0.000000,6.704962,-3.286042,-6.051345,0.002330,-0.005792,0.000932,bmi088,0.010045667499980482,"[[0.0005326322180158477,-0.006125270507182248,0.0007989483270237715],[0.00346210941710301,-0.0055926382891664005,0.0],[0.0029294771990871623,-0.005858954398174325,0.0007989483270237715],[0.0023968449810713144,-0.0055926382891664005,0.0021305288720633907]]",1069.520694507,1069.521719942,21.875,137268,"[1830, 3734, -3370]","[[23, 2, 3], [21, 13, 0], [22, 11, 3], [21, 9, 8]]"
5.013053,5.372187,body,0.000000,0.000000,0.000000,0.000000,0.000000,0.000000,0.000000,0.000000,0.000000,0.000000,0.000000,0.000000,6.676231,-3.248333,-6.089053,0.003595,-0.005992,0.003995,bmi088,0.009968064500071705,"[[0.001331580545039619,-0.006657902725198096,0.0023968449810713144],[0.0023968449810713144,-0.006125270507182248,0.002663161090079238],[0.004527373853134706,-0.006125270507182248,0.004261057744126781],[0.006125270507182248,-0.005060006071150553,0.006657902725198096]]",1069.5306625715,1069.5317743619999,21.875,137528,"[1809, 3718, -3391]","[[25, 5, 9], [23, 9, 10], [23, 17, 16], [19, 23, 25]]"
5.023053,5.382344,body,0.000000,0.000000,0.000000,0.000000,0.000000,0.000000,0.000000,0.000000,0.000000,0.000000,0.000000,0.000000,6.688801,-3.266290,-6.074688,0.004461,-0.005992,0.005593,bmi088,0.010144647000061013,"[[0.0055926382891664005,-0.004793689962142629,0.00825579937924564],[0.005060006071150553,-0.004527373853134706,0.007190534943213944],[0.004527373853134706,-0.006125270507182248,0.004793689962142629],[0.002663161090079238,-0.008522115488253563,0.0021305288720633907]]",1069.5408072185,1069.5418503985,21.875,137788,"[1819, 3725, -3383]","[[18, 21, 31], [17, 19, 27], [23, 17, 18], [32, 10, 8]]"
5.033049,5.392461,body,0.000000,0.000000,0.000000,0.000000,0.000000,0.000000,0.000000,0.000000,0.000000,0.000000,0.000000,0.000000,6.710349,-3.280655,-6.056732,0.001598,-0.007923,0.007124,bmi088,0.009985393499846396,"[[0.0,-0.009853696033293183,0.001597896654047543],[-0.0005326322180158477,-0.010120012142301106,0.003728425526110934],[0.001597896654047543,-0.007989483270237714,0.00825579937924564],[0.005326322180158476,-0.003728425526110934,0.014913702104443736]]",1069.550792612,1069.551847232,21.875,138047,"[1827, 3737, -3373]","[[37, 0, 6], [38, -2, 14], [30, 6, 31], [14, 20, 56]]"
5.043052,5.402461,body,0.000000,0.000000,0.000000,0.000000,0.000000,0.000000,0.000000,0.000000,0.000000,0.000000,0.000000,0.000000,6.692392,-3.232172,-6.078279,0.009987,0.001398,0.014314,bmi088,0.009893965500168633,"[[0.007456851052221868,0.00026631610900792384,0.019707392066586366],[0.01038632825130903,0.0023968449810713144,0.019707392066586366],[0.011185276578332801,0.001597896654047543,0.01384843766841204],[0.010918960469324878,0.001331580545039619,0.003994741635118857]]",1069.5606865775,1069.561733149,21.875,138303,"[1800, 3727, -3385]","[[-1, 28, 74], [-9, 39, 74], [-6, 42, 52], [-5, 41, 15]]"
5.053053,5.410742,body,0.000000,0.000000,0.000000,0.000000,0.000000,0.000000,0.000000,0.000000,0.000000,0.000000,0.000000,0.000000,6.676231,-3.230377,-6.056732,0.007812,0.001332,-0.015624,bmi088,0.00859864649987685,"[[0.009054747706269411,0.001597896654047543,-0.006657902725198096],[0.007723167161229791,0.001864212763055467,-0.016777914867499202],[0.006657902725198096,0.0005326322180158477,-0.0234358175926973]]",1069.569285224,1069.569922851,21.875,138515,"[1799, 3718, -3373]","[[-6, 34, -25], [-7, 29, -63], [-2, 25, -88]]"
5.063048,5.422734,body,0.000000,0.000000,0.000000,0.000000,0.000000,0.000000,0.000000,0.000000,0.000000,0.000000,0.000000,0.000000,6.667253,-3.289633,-6.065710,0.005273,-0.001704,-0.015127,bmi088,0.011410173000058421,"[[0.006657902725198096,-0.001597896654047543,-0.02689792700980031],[0.0055926382891664005,-0.0029294771990871623,-0.02476739813773692],[0.004793689962142629,-0.0029294771990871623,-0.018375811521546746],[0.004261057744126781,-0.001597896654047543,-0.00825579937924564],[0.005060006071150553,0.0005326322180158477,0.002663161090079238]]",1069.580695397,1069.5817664975,21.875,138822,"[1832, 3713, -3378]","[[6, 25, -101], [11, 21, -93], [11, 18, -69], [6, 16, -31], [-2, 19, 10]]"
5.073057,5.432969,body,0.000000,0.000000,0.000000,0.000000,0.000000,0.000000,0.000000,0.000000,0.000000,0.000000,0.000000,0.000000,6.672640,-3.284246,-6.051345,0.007324,0.002530,0.014381,bmi088,0.010126486499984821,"[[0.006391586616190172,0.001331580545039619,0.011451592687340724],[0.007456851052221868,0.001597896654047543,0.01597896654047543],[0.007723167161229791,0.0029294771990871623,0.017044230976507126],[0.007723167161229791,0.004261057744126781,0.013049489341388268]]",1069.5908218835,1069.5918760079999,21.875,139084,"[1829, 3716, -3370]","[[-5, 24, 43], [-6, 28, 60], [-11, 29, 64], [-16, 29, 49]]"
5.083063,5.442813,body,0.000000,0.000000,0.000000,0.000000,0.000000,0.000000,0.000000,0.000000,0.000000,0.000000,0.000000,0.000000,6.679823,-3.268085,-6.024410,0.005393,0.002330,-0.008589,bmi088,0.009727206999968985,"[[0.00692421883420602,0.004793689962142629,0.006125270507182248],[0.006125270507182248,0.003195793308095086,-0.004793689962142629],[0.004793689962142629,0.001597896654047543,-0.014381069886427887],[0.003728425526110934,-0.00026631610900792384,-0.021305288720633905]]",1069.6005490905,1069.6016075185,21.875,139336,"[1820, 3720, -3355]","[[-18, 26, 23], [-12, 23, -18], [-6, 18, -54], [1, 14, -80]]"
5.093051,5.453008,body,0.000000,0.000000,0.000000,0.000000,0.000000,0.000000,0.000000,0.000000,0.000000,0.000000,0.000000,0.000000,6.688801,-3.260903,-6.035184,0.002996,-0.002663,-0.020040,bmi088,0.010102102000018931,"[[0.0029294771990871623,-0.001331580545039619,-0.023968449810713145],[0.0029294771990871623,-0.001597896654047543,-0.0234358175926973],[0.0029294771990871623,-0.002663161090079238,-0.019707392066586366],[0.003195793308095086,-0.005060006071150553,-0.013049489341388268]]",1069.6106511925,1069.6116944035,21.875,139597,"[1816, 3725, -3361]","[[5, 11, -90], [6, 11, -88], [10, 11, -74], [19, 12, -49]]"
5.103050,5.463164,body,0.000000,0.000000,0.000000,0.000000,0.000000,0.000000,0.000000,0.000000,0.000000,0.000000,0.000000,0.000000,6.704962,-3.257311,-6.076484,0.002463,-0.007723,0.003795,bmi088,0.010042514999895502,"[[0.0023968449810713144,-0.006657902725198096,-0.005060006071150553],[0.003728425526110934,-0.007989483270237714,0.002663161090079238],[0.002663161090079238,-0.007723167161229791,0.007456851052221868],[0.0010652644360316954,-0.008522115488253563,0.010120012142301106]]",1069.6206937074999,1069.6217402470002,21.875,139857,"[1814, 3734, -3384]","[[25, 9, -19], [30, 14, 10], [29, 10, 28], [32, 4, 38]]"
5.113053,5.473164,body,0.000000,0.000000,0.000000,0.000000,0.000000,0.000000,0.000000,0.000000,0.000000,0.000000,0.000000,0.000000,6.724714,-3.257311,-6.056732,-0.005593,-0.007657,0.010653,bmi088,0.00991279800018674,"[[-0.00346210941710301,-0.007723167161229791,0.01038632825130903],[-0.0055926382891664005,-0.00825579937924564,0.010120012142301106],[-0.006657902725198096,-0.007723167161229791,0.010918960469324878],[-0.006657902725198096,-0.00692421883420602,0.011185276578332801]]",1069.6306065055,1069.631632004,21.875,140113,"[1814, 3745, -3373]","[[29, -13, 39], [31, -21, 38], [29, -25, 41], [26, -25, 42]]"
5.123055,5.483594,body,0.000000,0.000000,0.000000,0.000000,0.000000,0.000000,0.000000,0.000000,0.000000,0.000000,0.000000,0.000000,6.679823,-3.271677,-6.063914,-0.006458,-0.004128,0.010919,bmi088,0.010261132500090753,"[[-0.006391586616190172,-0.005060006071150553,0.011185276578332801],[-0.006391586616190172,-0.003728425526110934,0.01038632825130903],[-0.006391586616190172,-0.00346210941710301,0.011185276578332801],[-0.006657902725198096,-0.004261057744126781,0.010918960469324878]]",1069.6408676380001,1069.6419556515,21.875,140380,"[1822, 3720, -3377]","[[19, -24, 42], [14, -24, 39], [13, -24, 42], [16, -25, 41]]"
5.133050,5.493477,body,0.000000,0.000000,0.000000,0.000000,0.000000,0.000000,0.000000,0.000000,0.000000,0.000000,0.000000,0.000000,6.697779,-3.271677,-6.072893,-0.003928,-0.006125,0.008855,bmi088,0.009817258499879244,"[[-0.005858954398174325,-0.006125270507182248,0.010918960469324878],[-0.005060006071150553,-0.006657902725198096,0.009587379924285258],[-0.0029294771990871623,-0.006657902725198096,0.008788431597261486],[-0.001864212763055467,-0.005060006071150553,0.006125270507182248]]",1069.6506848965,1069.6517416765,21.875,140633,"[1822, 3730, -3382]","[[23, -22, 41], [25, -19, 36], [25, -11, 33], [19, -7, 23]]"
5.143048,5.503633,body,0.000000,0.000000,0.000000,0.000000,0.000000,0.000000,0.000000,0.000000,0.000000,0.000000,0.000000,0.000000,6.694188,-3.251924,-6.069301,-0.001065,-0.001798,0.003928,bmi088,0.01001909000001433,"[[-0.0007989483270237715,-0.003994741635118857,0.005060006071150553],[-0.001331580545039619,-0.0021305288720633907,0.004793689962142629],[-0.0010652644360316954,-0.0010652644360316954,0.00346210941710301],[-0.0010652644360316954,0.0,0.0023968449810713144]]",1069.6607039865,1069.661764143,21.875,140893,"[1811, 3728, -3380]","[[15, -3, 19], [8, -5, 18], [4, -4, 13], [0, -4, 9]]"
5.153053,5.513711,body,0.000000,0.000000,0.000000,0.000000,0.000000,0.000000,0.000000,0.000000,0.000000,0.000000,0.000000,0.000000,6.678027,-3.264494,-6.065710,-0.002463,-0.002796,0.001731,bmi088,0.009969249000050695,"[[-0.001597896654047543,0.0,0.0],[-0.002663161090079238,-0.001331580545039619,0.0010652644360316954],[-0.0021305288720633907,-0.003994741635118857,0.001597896654047543],[-0.00346210941710301,-0.005858954398174325,0.004261057744126781]]",1069.6706732355,1069.671724031,21.875,141151,"[1818, 3719, -3378]","[[0, -6, 0], [5, -10, 4], [15, -8, 6], [22, -13, 16]]"
5.163048,5.523555,body,0.000000,0.000000,0.000000,0.000000,0.000000,0.000000,0.000000,0.000000,0.000000,0.000000,0.000000,0.000000,6.685210,-3.286042,-6.058527,-0.003551,-0.001420,0.004616,bmi088,0.00977005549975729,"[[-0.003994741635118857,-0.005060006071150553,0.004261057744126781],[-0.004527373853134706,-0.001597896654047543,0.004793689962142629],[-0.0021305288720633907,0.0023968449810713144,0.004793689962142629]]",1069.6804432909998,1069.681474582,21.875,141403,"[1830, 3723, -3374]","[[19, -15, 16], [6, -17, 18], [-9, -8, 18]]"
5.173052,5.534336,body,0.000000,0.000000,0.000000,0.000000,0.000000,0.000000,0.000000,0.000000,0.000000,0.000000,0.000000,0.000000,6.663662,-3.242946,-6.047753,0.001012,0.003515,-0.002716,bmi088,0.010499718500113886,"[[-0.0005326322180158477,0.003728425526110934,0.004527373853134706],[0.0005326322180158477,0.003195793308095086,0.0023968449810713144],[0.0010652644360316954,0.003195793308095086,-0.0023968449810713144],[0.001331580545039619,0.00346210941710301,-0.00692421883420602],[0.002663161090079238,0.003994741635118857,-0.011185276578332801]]",1069.6909430095,1069.6920641924999,21.875,141679,"[1806, 3711, -3368]","[[-14, -2, 17], [-12, 2, 9], [-12, 4, -9], [-13, 5, -26], [-15, 10, -42]]"
5.183049,5.543984,body,0.000000,0.000000,0.000000,0.000000,0.000000,0.000000,0.000000,0.000000,0.000000,0.000000,0.000000,0.000000,6.656479,-3.271677,-6.053140,0.002996,0.002397,-0.019308,bmi088,0.009706245499955912,"[[0.00346210941710301,0.003728425526110934,-0.01597896654047543],[0.005326322180158476,0.0029294771990871623,-0.01997370817559429],[0.003195793308095086,0.001864212763055467,-0.02210423704765768],[0.0,0.0010652644360316954,-0.019174759848570515]]",1069.700649255,1069.7016902585,21.875,141926,"[1822, 3707, -3371]","[[-14, 13, -60], [-11, 20, -75], [-7, 12, -83], [-4, 0, -72]]"
5.193048,5.554102,body,0.000000,0.000000,0.000000,0.000000,0.000000,0.000000,0.000000,0.000000,0.000000,0.000000,0.000000,0.000000,6.678027,-3.255516,-6.071097,-0.006924,-0.000866,-0.006458,bmi088,0.010002689500197448,"[[-0.004527373853134706,0.001331580545039619,-0.014381069886427887],[-0.00692421883420602,0.0005326322180158477,-0.009321063815277334],[-0.007989483270237714,-0.001331580545039619,-0.003994741635118857],[-0.00825579937924564,-0.003994741635118857,0.001864212763055467]]",1069.7106519445001,1069.711685828,21.875,142185,"[1813, 3719, -3381]","[[-5, -17, -54], [-2, -26, -35], [5, -30, -15], [15, -31, 7]]"
5.203053,5.564258,body,0.000000,0.000000,0.000000,0.000000,0.000000,0.000000,0.000000,0.000000,0.000000,0.000000,0.000000,0.000000,6.676231,-3.273472,-6.074688,-0.003662,-0.005393,0.013382,bmi088,0.01002624299985655,"[[-0.007190534943213944,-0.0055926382891664005,0.009054747706269411],[-0.004793689962142629,-0.005858954398174325,0.012783173232380344],[-0.0023968449810713144,-0.005060006071150553,0.015712650431467506],[-0.00026631610900792384,-0.005060006071150553,0.01597896654047543]]",1069.7206781875,1069.721726775,21.875,142445,"[1823, 3718, -3383]","[[21, -27, 34], [22, -18, 48], [19, -9, 59], [19, -1, 60]]"
5.213051,5.574492,body,0.000000,0.000000,0.000000,0.000000,0.000000,0.000000,0.000000,0.000000,0.000000,0.000000,0.000000,0.000000,6.706757,-3.268085,-6.065710,-0.003728,-0.007856,0.010919,bmi088,0.010048851500187084,"[[-0.0007989483270237715,-0.005858954398174325,0.016777914867499202],[-0.003195793308095086,-0.00692421883420602,0.013315805450396193],[-0.005060006071150553,-0.008788431597261486,0.009054747706269411],[-0.005858954398174325,-0.009853696033293183,0.004527373853134706]]",1069.7307270390002,1069.731872959,21.875,142707,"[1820, 3735, -3378]","[[22, -3, 63], [26, -12, 50], [33, -19, 34], [37, -22, 17]]"
5.223055,5.584648,body,0.000000,0.000000,0.000000,0.000000,0.000000,0.000000,0.000000,0.000000,0.000000,0.000000,0.000000,0.000000,6.703166,-3.268085,-6.078279,-0.005926,-0.004328,0.001598,bmi088,0.010138535499891077,"[[-0.0055926382891664005,-0.00825579937924564,0.0021305288720633907],[-0.005326322180158476,-0.004527373853134706,0.0007989483270237715],[-0.005858954398174325,-0.001597896654047543,0.0007989483270237715],[-0.00692421883420602,-0.0029294771990871623,0.002663161090079238]]",1069.7408655745,1069.7419082585002,21.875,142967,"[1820, 3733, -3385]","[[31, -21, 8], [17, -20, 3], [6, -22, 3], [11, -26, 10]]"
5.233051,5.594570,body,0.000000,0.000000,0.000000,0.000000,0.000000,0.000000,0.000000,0.000000,0.000000,0.000000,0.000000,0.000000,6.672640,-3.278859,-6.063914,-0.002996,-0.003862,0.006325,bmi088,0.009792072999971424,"[[-0.007456851052221868,-0.004261057744126781,0.005326322180158476],[-0.005326322180158476,-0.004527373853134706,0.007456851052221868],[-0.001597896654047543,-0.00346210941710301,0.007190534943213944],[0.0023968449810713144,-0.003195793308095086,0.005326322180158476]]",1069.7506576475,1069.7517083955,21.875,143221,"[1826, 3716, -3377]","[[16, -28, 20], [17, -20, 28], [13, -6, 27], [12, 9, 20]]"
5.243048,5.604727,body,0.000000,0.000000,0.000000,0.000000,0.000000,0.000000,0.000000,0.000000,0.000000,0.000000,0.000000,0.000000,6.690597,-3.289633,-6.042366,0.001198,-0.006258,-0.000466,bmi088,0.010039315500080193,"[[0.003728425526110934,-0.004793689962142629,0.003195793308095086],[0.003195793308095086,-0.005858954398174325,0.00026631610900792384],[0.0005326322180158477,-0.00692421883420602,-0.001597896654047543],[-0.002663161090079238,-0.007456851052221868,-0.003728425526110934]]",1069.760696963,1069.7617541270001,21.875,143481,"[1832, 3726, -3365]","[[18, 14, 12], [22, 12, 1], [26, 2, -6], [28, -10, -14]]"
5.253052,5.614766,body,0.000000,0.000000,0.000000,0.000000,0.000000,0.000000,0.000000,0.000000,0.000000,0.000000,0.000000,0.000000,6.697779,-3.277064,-6.045958,-0.001132,-0.005659,-0.001398,bmi088,0.009959359999811568,"[[-0.00346210941710301,-0.00825579937924564,-0.004793689962142629],[-0.0021305288720633907,-0.007190534943213944,-0.004527373853134706],[-0.00026631610900792384,-0.005326322180158476,-0.0005326322180158477],[0.001331580545039619,-0.001864212763055467,0.004261057744126781]]",1069.770656323,1069.77168259,21.875,143738,"[1825, 3730, -3367]","[[31, -13, -18], [27, -8, -17], [20, -1, -2], [7, 5, 16]]"
5.263049,5.624922,body,0.000000,0.000000,0.000000,0.000000,0.000000,0.000000,0.000000,0.000000,0.000000,0.000000,0.000000,0.000000,6.694188,-3.273472,-6.071097,0.005593,0.002197,0.009388,bmi088,0.010049747500033845,"[[0.00346210941710301,0.0,0.009054747706269411],[0.0055926382891664005,0.001864212763055467,0.010918960469324878],[0.00692421883420602,0.0029294771990871623,0.010652644360316953],[0.006391586616190172,0.003994741635118857,0.00692421883420602]]",1069.7807060705,1069.78174325,21.875,143998,"[1823, 3728, -3381]","[[0, 13, 34], [-7, 21, 41], [-11, 26, 40], [-15, 24, 26]]"
5.273055,5.635234,body,0.000000,0.000000,0.000000,0.000000,0.000000,0.000000,0.000000,0.000000,0.000000,0.000000,0.000000,0.000000,6.681618,-3.257311,-6.049549,0.006458,0.002730,-0.007057,bmi088,0.010176280999985465,"[[0.0055926382891664005,0.005060006071150553,0.001864212763055467],[0.005858954398174325,0.003728425526110934,-0.004261057744126781],[0.00692421883420602,0.001864212763055467,-0.01038632825130903],[0.007456851052221868,0.00026631610900792384,-0.015446334322459582]]",1069.7908823515,1069.7919338675001,21.875,144262,"[1814, 3721, -3369]","[[-19, 21, 7], [-14, 22, -16], [-7, 26, -39], [-1, 28, -58]]"
5.283055,5.645273,body,0.000000,0.000000,0.000000,0.000000,0.000000,0.000000,0.000000,0.000000,0.000000,0.000000,0.000000,0.000000,6.708553,-3.271677,-6.069301,0.005060,0.000599,-0.014980,bmi088,0.009892557000057423,"[[0.005858954398174325,0.00026631610900792384,-0.017576863194522972],[0.004793689962142629,0.0007989483270237715,-0.01731054708551505],[0.005060006071150553,0.0005326322180158477,-0.01464738599543581],[0.004527373853134706,0.0007989483270237715,-0.01038632825130903]]",1069.8007749085,1069.8018436415,21.875,144519,"[1822, 3736, -3380]","[[-1, 22, -66], [-3, 18, -65], [-2, 19, -55], [-3, 17, -39]]"
5.293053,5.655234,body,0.000000,0.000000,0.000000,0.000000,0.000000,0.000000,0.000000,0.000000,0.000000,0.000000,0.000000,0.000000,6.697779,-3.275268,-6.067506,0.002197,0.002597,0.000466,bmi088,0.0099021260000427,"[[0.003994741635118857,0.001331580545039619,-0.006125270507182248],[0.0023968449810713144,0.0021305288720633907,-0.0010652644360316954],[0.001597896654047543,0.003195793308095086,0.002663161090079238],[0.0007989483270237715,0.003728425526110934,0.006391586616190172]]",1069.8106770345,1069.81171799,21.875,144774,"[1824, 3730, -3379]","[[-5, 15, -23], [-8, 9, -4], [-12, 6, 10], [-14, 3, 24]]"
5.303053,5.665430,body,0.000000,0.000000,0.000000,0.000000,0.000000,0.000000,0.000000,0.000000,0.000000,0.000000,0.000000,0.000000,6.695983,-3.251924,-6.071097,0.002131,0.002996,0.008389,bmi088,0.010043155499943168,"[[0.0007989483270237715,0.004527373853134706,0.008522115488253563],[0.0023968449810713144,0.003728425526110934,0.009853696033293183],[0.003195793308095086,0.002663161090079238,0.009054747706269411],[0.0021305288720633907,0.0010652644360316954,0.006125270507182248]]",1069.82072019,1069.8217933225,21.875,145035,"[1811, 3729, -3381]","[[-17, 3, 32], [-14, 9, 37], [-10, 12, 34], [-4, 8, 23]]"
5.313058,5.675781,body,0.000000,0.000000,0.000000,0.000000,0.000000,0.000000,0.000000,0.000000,0.000000,0.000000,0.000000,0.000000,6.679823,-3.262698,-6.045958,0.000067,0.001265,-0.001798,bmi088,0.010261452499889856,"[[0.0007989483270237715,0.0005326322180158477,0.002663161090079238],[-0.0005326322180158477,0.0010652644360316954,0.0],[-0.00026631610900792384,0.0007989483270237715,-0.003195793308095086],[0.00026631610900792384,0.002663161090079238,-0.006657902725198096]]",1069.8309816424999,1069.8320375105,21.875,145300,"[1817, 3720, -3367]","[[-2, 3, 10], [-4, -2, 0], [-3, -1, -12], [-10, 1, -25]]"
5.323057,5.685703,body,0.000000,0.000000,0.000000,0.000000,0.000000,0.000000,0.000000,0.000000,0.000000,0.000000,0.000000,0.000000,6.672640,-3.273472,-6.020819,0.006192,0.001265,-0.013915,bmi088,0.009830250500044713,"[[0.0029294771990871623,0.0029294771990871623,-0.010918960469324878],[0.005858954398174325,0.0029294771990871623,-0.014381069886427887],[0.007723167161229791,0.0007989483270237715,-0.015712650431467506],[0.00825579937924564,-0.001597896654047543,-0.01464738599543581]]",1069.840811893,1069.841843936,21.875,145554,"[1823, 3716, -3353]","[[-11, 11, -41], [-11, 22, -54], [-3, 29, -59], [6, 31, -55]]"
5.333050,5.695625,body,0.000000,0.000000,0.000000,0.000000,0.000000,0.000000,0.000000,0.000000,0.000000,0.000000,0.000000,0.000000,6.690597,-3.257311,-6.049549,0.006192,-0.008389,-0.006125,bmi088,0.009829706500113389,"[[0.00692421883420602,-0.005326322180158476,-0.011984224905356573],[0.006125270507182248,-0.007723167161229791,-0.007723167161229791],[0.005858954398174325,-0.009853696033293183,-0.003994741635118857],[0.005858954398174325,-0.010652644360316953,-0.0007989483270237715]]",1069.8506415995,1069.851680059,21.875,145808,"[1814, 3726, -3369]","[[20, 26, -45], [29, 23, -29], [37, 22, -15], [40, 22, -3]]"
5.343052,5.705273,body,0.000000,0.000000,0.000000,0.000000,0.000000,0.000000,0.000000,0.000000,0.000000,0.000000,0.000000,0.000000,6.697779,-3.255516,-6.078279,0.004261,-0.011540,0.010031,bmi088,0.009453530999962823,"[[0.0055926382891664005,-0.011984224905356573,0.003195793308095086],[0.003728425526110934,-0.011984224905356573,0.009321063815277334],[0.00346210941710301,-0.010652644360316953,0.017576863194522972]]",1069.8600951305,1069.861202777,21.875,146055,"[1813, 3730, -3385]","[[45, 21, 12], [45, 14, 35], [40, 13, 66]]"
5.353050,5.715937,body,0.000000,0.000000,0.000000,0.000000,0.000000,0.000000,0.000000,0.000000,0.000000,0.000000,0.000000,0.000000,6.713940,-3.269881,-6.090849,0.000373,-0.005646,0.021092,bmi088,0.010578457999827151,"[[0.0021305288720633907,-0.008788431597261486,0.02423476591972107],[0.0010652644360316954,-0.00692421883420602,0.02689792700980031],[-0.001597896654047543,-0.005326322180158476,0.02423476591972107],[-0.0010652644360316954,-0.004261057744126781,0.018908443739562592],[0.001331580545039619,-0.0029294771990871623,0.011185276578332801]]",1069.8706735884998,1069.871740193,21.875,146328,"[1821, 3739, -3392]","[[33, 8, 91], [26, 4, 101], [20, -6, 91], [16, -4, 71], [11, 5, 42]]"
5.363049,5.726133,body,0.000000,0.000000,0.000000,0.000000,0.000000,0.000000,0.000000,0.000000,0.000000,0.000000,0.000000,0.000000,6.701370,-3.277064,-6.040571,0.005593,-0.003129,-0.008056,bmi088,0.01010163800015107,"[[0.004261057744126781,-0.003195793308095086,0.0023968449810713144],[0.006125270507182248,-0.00346210941710301,-0.005858954398174325],[0.006391586616190172,-0.003195793308095086,-0.012516857123372421],[0.0055926382891664005,-0.002663161090079238,-0.016245282649483356]]",1069.8807752265,1069.8818313985,21.875,146589,"[1825, 3732, -3364]","[[12, 16, 9], [13, 23, -22], [12, 24, -47], [10, 21, -61]]"
5.373058,5.736250,body,0.000000,0.000000,0.000000,0.000000,0.000000,0.000000,0.000000,0.000000,0.000000,0.000000,0.000000,0.000000,6.687005,-3.268085,-6.071097,0.004927,-0.003063,-0.006858,bmi088,0.010015506000172536,"[[0.005326322180158476,-0.0021305288720633907,-0.01597896654047543],[0.004793689962142629,-0.00346210941710301,-0.010918960469324878],[0.005060006071150553,-0.003728425526110934,-0.00346210941710301],[0.004527373853134706,-0.0029294771990871623,0.0029294771990871623]]",1069.8907907325001,1069.891833352,21.875,146848,"[1820, 3724, -3381]","[[8, 20, -60], [13, 18, -41], [14, 19, -13], [11, 17, 11]]"
5.383050,5.746289,body,0.000000,0.000000,0.000000,0.000000,0.000000,0.000000,0.000000,0.000000,0.000000,0.000000,0.000000,0.000000,6.703166,-3.260903,-6.078279,0.001065,0.000732,0.012384,bmi088,0.009957135999684397,"[[0.004527373853134706,-0.0010652644360316954,0.008522115488253563],[0.0029294771990871623,0.0,0.012516857123372421],[0.00026631610900792384,0.001331580545039619,0.015446334322459582],[-0.00346210941710301,0.002663161090079238,0.013049489341388268]]",1069.9007478684998,1069.9017785035,21.875,147105,"[1816, 3733, -3385]","[[4, 17, 32], [0, 11, 47], [-5, 1, 58], [-10, -13, 49]]"
5.393049,5.756328,body,0.000000,0.000000,0.000000,0.000000,0.000000,0.000000,0.000000,0.000000,0.000000,0.000000,0.000000,0.000000,6.670844,-3.264494,-6.067506,-0.003995,0.003129,-0.001664,bmi088,0.009904622000249219,"[[-0.006125270507182248,0.004527373853134706,0.007190534943213944],[-0.005858954398174325,0.003994741635118857,-0.0007989483270237715],[-0.00346210941710301,0.0029294771990871623,-0.005060006071150553],[-0.0005326322180158477,0.0010652644360316954,-0.007989483270237714]]",1069.9106524905,1069.911699606,21.875,147362,"[1818, 3715, -3379]","[[-17, -23, 27], [-15, -22, -3], [-11, -13, -19], [-4, -2, -30]]"
5.403051,5.766484,body,0.000000,0.000000,0.000000,0.000000,0.000000,0.000000,0.000000,0.000000,0.000000,0.000000,0.000000,0.000000,6.660070,-3.282450,-6.045958,0.001664,-0.000732,-0.010852,bmi088,0.010037538999768003,"[[0.0,0.0007989483270237715,-0.007989483270237714],[0.0007989483270237715,0.0,-0.010120012142301106],[0.0023968449810713144,-0.001331580545039619,-0.011451592687340724],[0.00346210941710301,-0.0023968449810713144,-0.01384843766841204]]",1069.9206900294998,1069.9217525695,21.875,147622,"[1828, 3709, -3367]","[[-3, 0, -30], [0, 3, -38], [5, 9, -43], [9, 13, -52]]"
5.413056,5.776680,body,0.000000,0.000000,0.000000,0.000000,0.000000,0.000000,0.000000,0.000000,0.000000,0.000000,0.000000,0.000000,6.690597,-3.262698,-6.042366,0.002929,-0.004194,-0.012051,bmi088,0.010083173000111856,"[[0.003728425526110934,-0.003195793308095086,-0.01464738599543581],[0.003195793308095086,-0.00346210941710301,-0.014381069886427887],[0.0029294771990871623,-0.004261057744126781,-0.011185276578332801],[0.001864212763055467,-0.005858954398174325,-0.007989483270237714]]",1069.9307732025,1069.9318283665,21.875,147883,"[1817, 3726, -3365]","[[12, 14, -55], [13, 12, -54], [16, 11, -42], [22, 7, -30]]"
5.423056,5.786836,body,0.000000,0.000000,0.000000,0.000000,0.000000,0.000000,0.000000,0.000000,0.000000,0.000000,0.000000,0.000000,6.715736,-3.266290,-6.065710,-0.002530,-0.005526,0.000732,bmi088,0.01005269150005006,"[[0.00026631610900792384,-0.006125270507182248,-0.004527373853134706],[-0.001864212763055467,-0.006125270507182248,-0.0023968449810713144],[-0.00346210941710301,-0.005060006071150553,0.0023968449810713144],[-0.005060006071150553,-0.004793689962142629,0.007456851052221868]]",1069.940825894,1069.9418831705002,21.875,148143,"[1819, 3740, -3378]","[[23, 1, -17], [23, -7, -9], [19, -13, 9], [18, -19, 28]]"
5.433053,5.796797,body,0.000000,0.000000,0.000000,0.000000,0.000000,0.000000,0.000000,0.000000,0.000000,0.000000,0.000000,0.000000,6.688801,-3.282450,-6.062119,-0.006658,-0.004527,0.012983,bmi088,0.009867852499837682,"[[-0.0055926382891664005,-0.005858954398174325,0.012783173232380344],[-0.006391586616190172,-0.005326322180158476,0.014381069886427887],[-0.007190534943213944,-0.004261057744126781,0.013582121559404116],[-0.007456851052221868,-0.002663161090079238,0.011185276578332801]]",1069.9506937464998,1069.95173939,21.875,148398,"[1828, 3725, -3376]","[[22, -21, 48], [20, -24, 54], [16, -27, 51], [10, -28, 42]]"
5.443059,5.806914,body,0.000000,0.000000,0.000000,0.000000,0.000000,0.000000,0.000000,0.000000,0.000000,0.000000,0.000000,0.000000,6.670844,-3.293224,-6.042366,-0.007124,-0.004527,0.001065,bmi088,0.009958336000181589,"[[-0.007723167161229791,-0.0023968449810713144,0.007989483270237714],[-0.007456851052221868,-0.003728425526110934,0.00346210941710301],[-0.00692421883420602,-0.005060006071150553,-0.0021305288720633907],[-0.006391586616190172,-0.00692421883420602,-0.005060006071150553]]",1069.9606520825,1069.961720431,21.875,148657,"[1834, 3715, -3365]","[[9, -29, 30], [14, -28, 13], [19, -26, -8], [26, -24, -19]]"
5.453052,5.817227,body,0.000000,0.000000,0.000000,0.000000,0.000000,0.000000,0.000000,0.000000,0.000000,0.000000,0.000000,0.000000,6.670844,-3.271677,-6.054936,-0.006125,-0.010187,-0.004794,bmi088,0.010113014000125986,"[[-0.005858954398174325,-0.008522115488253563,-0.006657902725198096],[-0.005858954398174325,-0.01038632825130903,-0.006125270507182248],[-0.005858954398174325,-0.011185276578332801,-0.005060006071150553],[-0.00692421883420602,-0.010652644360316953,-0.001331580545039619]]",1069.9707650965001,1069.971875207,21.875,148921,"[1822, 3715, -3372]","[[32, -22, -25], [39, -22, -23], [42, -22, -19], [40, -26, -5]]"
5.463047,5.827148,body,0.000000,0.000000,0.000000,0.000000,0.000000,0.000000,0.000000,0.000000,0.000000,0.000000,0.000000,0.000000,6.704962,-3.271677,-6.085462,-0.009055,-0.013116,0.011318,bmi088,0.009941423499867597,"[[-0.007989483270237714,-0.010918960469324878,0.003195793308095086],[-0.009587379924285258,-0.012783173232380344,0.008522115488253563],[-0.010120012142301106,-0.01464738599543581,0.01384843766841204],[-0.008522115488253563,-0.014114753777419964,0.019707392066586366]]",1069.98070652,1069.9817503395,21.875,149175,"[1822, 3734, -3389]","[[41, -30, 12], [48, -36, 32], [55, -38, 52], [53, -32, 74]]"
5.473059,5.837734,body,0.000000,0.000000,0.000000,0.000000,0.000000,0.000000,0.000000,0.000000,0.000000,0.000000,0.000000,0.000000,6.695983,-3.286042,-6.072893,-0.004128,-0.007124,0.025633,bmi088,0.01022540349981682,"[[-0.005326322180158476,-0.011185276578332801,0.025300030355752765],[-0.00346210941710301,-0.007723167161229791,0.02849582366384785],[-0.00346210941710301,-0.0055926382891664005,0.02689792700980031],[-0.004261057744126781,-0.003994741635118857,0.021837920938649755]]",1069.9909319234998,1069.9922333375,21.875,149446,"[1830, 3729, -3382]","[[42, -20, 95], [29, -13, 107], [21, -13, 101], [15, -16, 82]]"
5.483050,5.847461,body,0.000000,0.000000,0.000000,0.000000,0.000000,0.000000,0.000000,0.000000,0.000000,0.000000,0.000000,0.000000,6.699575,-3.293224,-6.062119,0.000999,-0.001132,0.004194,bmi088,0.009826682000039,"[[-0.0029294771990871623,-0.002663161090079238,0.015180018213451659],[0.0,-0.001597896654047543,0.00825579937924564],[0.0023968449810713144,-0.00026631610900792384,0.00026631610900792384],[0.004527373853134706,0.0,-0.00692421883420602]]",1070.0007586054999,1070.001821738,21.875,149695,"[1834, 3731, -3376]","[[10, -11, 57], [6, 0, 31], [1, 9, 1], [0, 17, -26]]"
5.493052,5.857422,body,0.000000,0.000000,0.000000,0.000000,0.000000,0.000000,0.000000,0.000000,0.000000,0.000000,0.000000,0.000000,6.692392,-3.264494,-6.080075,0.008522,-0.000932,-0.018109,bmi088,0.009896092999952089,"[[0.00692421883420602,0.00026631610900792384,-0.013049489341388268],[0.009054747706269411,-0.00026631610900792384,-0.018109495412538822],[0.009853696033293183,-0.0010652644360316954,-0.02077265650261806],[0.00825579937924564,-0.002663161090079238,-0.020506340393610135]]",1070.0106546984998,1070.0117005504999,21.875,149950,"[1818, 3727, -3386]","[[-1, 26, -49], [1, 34, -68], [4, 37, -78], [10, 31, -77]]"
5.503051,5.867695,body,0.000000,0.000000,0.000000,0.000000,0.000000,0.000000,0.000000,0.000000,0.000000,0.000000,0.000000,0.000000,6.699575,-3.253720,-6.065710,0.003928,-0.001598,-0.009920,bmi088,0.010168969000005745,"[[0.005326322180158476,-0.003195793308095086,-0.017044230976507126],[0.00346210941710301,-0.003195793308095086,-0.013049489341388268],[0.003195793308095086,-0.0010652644360316954,-0.007723167161229791],[0.003728425526110934,0.0010652644360316954,-0.001864212763055467]]",1070.0208236674998,1070.021865423,21.875,150213,"[1812, 3731, -3378]","[[12, 20, -64], [12, 13, -49], [4, 12, -29], [-4, 14, -7]]"
5.513051,5.877656,body,0.000000,0.000000,0.000000,0.000000,0.000000,0.000000,0.000000,0.000000,0.000000,0.000000,0.000000,0.000000,6.679823,-3.260903,-6.067506,0.002863,0.004661,0.008123,bmi088,0.009757111500221072,"[[0.00346210941710301,0.002663161090079238,0.005060006071150553],[0.003195793308095086,0.003728425526110934,0.009321063815277334],[0.002663161090079238,0.005326322180158476,0.01038632825130903],[0.0021305288720633907,0.00692421883420602,0.007723167161229791]]",1070.030580779,1070.0316810170002,21.875,150468,"[1816, 3720, -3379]","[[-10, 13, 19], [-14, 12, 35], [-20, 10, 39], [-26, 8, 29]]"
5.523054,5.887930,body,0.000000,0.000000,0.000000,0.000000,0.000000,0.000000,0.000000,0.000000,0.000000,0.000000,0.000000,0.000000,6.640318,-3.289633,-6.053140,0.000333,0.003196,-0.005260,bmi088,0.010247948499909398,"[[0.0,0.006391586616190172,0.00346210941710301],[-0.0010652644360316954,0.003994741635118857,-0.0023968449810713144],[0.0,0.001331580545039619,-0.00825579937924564],[0.0023968449810713144,0.0010652644360316954,-0.01384843766841204]]",1070.0408287275,1070.0418745305,21.875,150731,"[1832, 3698, -3371]","[[-24, 0, 13], [-15, -4, -9], [-5, 0, -31], [-4, 9, -52]]"
5.533052,5.897891,body,0.000000,0.000000,0.000000,0.000000,0.000000,0.000000,0.000000,0.000000,0.000000,0.000000,0.000000,0.000000,6.643910,-3.271677,-6.069301,0.005859,-0.003129,-0.018509,bmi088,0.009872107999854052,"[[0.003994741635118857,0.00026631610900792384,-0.017843179303530896],[0.0055926382891664005,-0.0010652644360316954,-0.01997370817559429],[0.006657902725198096,-0.004261057744126781,-0.01944107595757844],[0.007190534943213944,-0.007456851052221868,-0.016777914867499202]]",1070.0507008354998,1070.0517369744998,21.875,150986,"[1822, 3700, -3380]","[[-1, 15, -67], [4, 21, -75], [16, 25, -73], [28, 27, -63]]"
5.543056,5.908125,body,0.000000,0.000000,0.000000,0.000000,0.000000,0.000000,0.000000,0.000000,0.000000,0.000000,0.000000,0.000000,6.737283,-3.255516,-6.115988,0.001531,-0.010653,-0.002530,bmi088,0.010111222000205089,"[[0.005326322180158476,-0.009321063815277334,-0.012250541014364496],[0.0021305288720633907,-0.010652644360316953,-0.006391586616190172],[-0.0005326322180158477,-0.010918960469324878,0.0007989483270237715],[-0.0007989483270237715,-0.01171790879634865,0.007723167161229791]]",1070.0608120575,1070.0618589975,21.875,151248,"[1813, 3752, -3406]","[[35, 20, -46], [40, 8, -24], [41, -2, 3], [44, -3, 29]]"
5.553056,5.918438,body,0.000000,0.000000,0.000000,0.000000,0.000000,0.000000,0.000000,0.000000,0.000000,0.000000,0.000000,0.000000,6.728305,-3.266290,-6.119579,-0.000333,-0.009587,0.020440,bmi088,0.010065492499961692,"[[0.00026631610900792384,-0.011451592687340724,0.015180018213451659],[0.0005326322180158477,-0.01038632825130903,0.01944107595757844],[0.00026631610900792384,-0.009321063815277334,0.023169501483689375],[-0.0023968449810713144,-0.007190534943213944,0.023968449810713145]]",1070.07087755,1070.0720244620002,21.875,151512,"[1819, 3747, -3408]","[[43, 1, 57], [39, 2, 73], [35, 1, 87], [27, -9, 90]]"
5.563050,5.928516,body,0.000000,0.000000,0.000000,0.000000,0.000000,0.000000,0.000000,0.000000,0.000000,0.000000,0.000000,0.000000,6.692392,-3.280655,-6.036979,-0.005526,-0.001864,0.017777,bmi088,0.009996641499810721,"[[-0.004793689962142629,-0.005060006071150553,0.024501082028728992],[-0.00692421883420602,-0.0023968449810713144,0.021571604829641832],[-0.005858954398174325,-0.0005326322180158477,0.01597896654047543],[-0.004527373853134706,0.0005326322180158477,0.009054747706269411]]",1070.0808741914998,1070.0820029745,21.875,151770,"[1827, 3727, -3362]","[[19, -18, 92], [9, -26, 81], [2, -22, 60], [-2, -17, 34]]"
5.573046,5.938477,body,0.000000,0.000000,0.000000,0.000000,0.000000,0.000000,0.000000,0.000000,0.000000,0.000000,0.000000,0.000000,6.695983,-3.262698,-6.045958,0.002663,0.000533,-0.005792,bmi088,0.009827114500239986,"[[-0.001864212763055467,0.0007989483270237715,0.001597896654047543],[0.0010652644360316954,0.0010652644360316954,-0.004261057744126781],[0.004527373853134706,0.0005326322180158477,-0.008788431597261486],[0.00692421883420602,-0.00026631610900792384,-0.01171790879634865]]",1070.090701306,1070.091848858,21.875,152025,"[1817, 3729, -3367]","[[-3, -7, 6], [-4, 4, -16], [-2, 17, -33], [1, 26, -44]]"
5.583048,5.948477,body,0.000000,0.000000,0.000000,0.000000,0.000000,0.000000,0.000000,0.000000,0.000000,0.000000,0.000000,0.000000,6.676231,-3.251924,-6.081871,0.008922,-0.002863,-0.011518,bmi088,0.010023250500125869,"[[0.00825579937924564,-0.001864212763055467,-0.01384843766841204],[0.009054747706269411,-0.0029294771990871623,-0.014114753777419964],[0.009321063815277334,-0.002663161090079238,-0.011451592687340724],[0.009054747706269411,-0.003994741635118857,-0.006657902725198096]]",1070.1007245565002,1070.1017741685,21.875,152281,"[1811, 3718, -3387]","[[7, 31, -52], [11, 34, -53], [10, 35, -43], [15, 34, -25]]"
5.593046,5.958594,body,0.000000,0.000000,0.000000,0.000000,0.000000,0.000000,0.000000,0.000000,0.000000,0.000000,0.000000,0.000000,6.674436,-3.271677,-6.072893,0.006924,-0.001531,0.004594,bmi088,0.009990545499931613,"[[0.008522115488253563,-0.00346210941710301,-0.001864212763055467],[0.007190534943213944,-0.0029294771990871623,0.0021305288720633907],[0.006391586616190172,-0.0007989483270237715,0.006391586616190172],[0.0055926382891664005,0.0010652644360316954,0.01171790879634865]]",1070.110715102,1070.111761706,21.875,152540,"[1822, 3717, -3382]","[[13, 32, -7], [11, 27, 8], [3, 24, 24], [-4, 21, 44]]"
5.603053,5.968633,body,0.000000,0.000000,0.000000,0.000000,0.000000,0.000000,0.000000,0.000000,0.000000,0.000000,0.000000,0.000000,6.701370,-3.264494,-6.067506,0.004061,0.003862,0.012983,bmi088,0.00996916849999252,"[[0.004793689962142629,0.0023968449810713144,0.01597896654047543],[0.00346210941710301,0.003994741635118857,0.016245282649483356],[0.00346210941710301,0.004261057744126781,0.012783173232380344],[0.004527373853134706,0.004793689962142629,0.00692421883420602]]",1070.1206842705,1070.1217146815002,21.875,152797,"[1818, 3732, -3379]","[[-9, 18, 60], [-15, 13, 61], [-16, 13, 48], [-18, 17, 26]]"
5.613051,5.978750,body,0.000000,0.000000,0.000000,0.000000,0.000000,0.000000,0.000000,0.000000,0.000000,0.000000,0.000000,0.000000,6.690597,-3.262698,-6.047753,0.007790,0.004594,-0.008056,bmi088,0.00998737700001584,"[[0.0055926382891664005,0.003994741635118857,0.001864212763055467],[0.007456851052221868,0.003994741635118857,-0.004527373853134706],[0.008522115488253563,0.004527373853134706,-0.011185276578332801],[0.009587379924285258,0.005858954398174325,-0.018375811521546746]]",1070.1306716475,1070.131708427,21.875,153056,"[1817, 3726, -3368]","[[-15, 21, 7], [-15, 28, -17], [-17, 32, -42], [-22, 36, -69]]"
5.623047,5.989023,body,0.000000,0.000000,0.000000,0.000000,0.000000,0.000000,0.000000,0.000000,0.000000,0.000000,0.000000,0.000000,6.678027,-3.251924,-6.058527,0.009721,0.004794,-0.023236,bmi088,0.01012522299970442,"[[0.008788431597261486,0.005858954398174325,-0.023169501483689375],[0.009321063815277334,0.005060006071150553,-0.025033714246744842],[0.009853696033293183,0.004527373853134706,-0.023968449810713145],[0.010918960469324878,0.003728425526110934,-0.02077265650261806]]",1070.1407968704998,1070.1418492184998,21.875,153319,"[1811, 3719, -3374]","[[-22, 33, -87], [-19, 35, -94], [-17, 37, -90], [-14, 41, -78]]"
5.633052,5.998984,body,0.000000,0.000000,0.000000,0.000000,0.000000,0.000000,0.000000,0.000000,0.000000,0.000000,0.000000,0.000000,6.687005,-3.242946,-6.056732,0.006192,0.000067,-0.006258,bmi088,0.009884909000220432,"[[0.01038632825130903,0.002663161090079238,-0.015712650431467506],[0.007989483270237714,0.0005326322180158477,-0.009853696033293183],[0.004793689962142629,-0.001331580545039619,-0.003195793308095086],[0.001597896654047543,-0.001597896654047543,0.003728425526110934]]",1070.1506817795,1070.1517242549999,21.875,153574,"[1806, 3724, -3373]","[[-10, 39, -59], [-2, 30, -37], [5, 18, -12], [6, 6, 14]]"
5.643047,6.009258,body,0.000000,0.000000,0.000000,0.000000,0.000000,0.000000,0.000000,0.000000,0.000000,0.000000,0.000000,0.000000,6.688801,-3.264494,-6.060323,-0.003995,0.001798,0.011185,bmi088,0.010154904000046372,"[[-0.0010652644360316954,-0.00026631610900792384,0.010120012142301106],[-0.003728425526110934,0.001864212763055467,0.012783173232380344],[-0.005326322180158476,0.0029294771990871623,0.012516857123372421],[-0.005858954398174325,0.002663161090079238,0.009321063815277334]]",1070.1608366835,1070.161875239,21.875,153837,"[1818, 3725, -3375]","[[1, -4, 38], [-7, -14, 48], [-11, -20, 47], [-10, -22, 35]]"
5.653049,6.019219,body,0.000000,0.000000,0.000000,0.000000,0.000000,0.000000,0.000000,0.000000,0.000000,0.000000,0.000000,0.000000,6.665457,-3.268085,-6.056732,-0.003662,-0.001664,-0.001531,bmi088,0.009834330999865415,"[[-0.005326322180158476,0.0010652644360316954,0.004793689962142629],[-0.004261057744126781,-0.0005326322180158477,-0.00026631610900792384],[-0.0029294771990871623,-0.0029294771990871623,-0.003994741635118857],[-0.0021305288720633907,-0.004261057744126781,-0.006657902725198096]]",1070.1706710145,1070.17171717,21.875,154092,"[1820, 3712, -3373]","[[-4, -20, 18], [2, -16, -1], [11, -11, -15], [16, -8, -25]]"
5.663050,6.029414,body,0.000000,0.000000,0.000000,0.000000,0.000000,0.000000,0.000000,0.000000,0.000000,0.000000,0.000000,0.000000,6.681618,-3.248333,-6.056732,-0.002597,-0.010386,-0.005060,bmi088,0.010049619000255916,"[[-0.0023968449810713144,-0.00692421883420602,-0.007190534943213944],[-0.003195793308095086,-0.009587379924285258,-0.00692421883420602],[-0.003195793308095086,-0.012250541014364496,-0.004793689962142629],[-0.001597896654047543,-0.012783173232380344,-0.001331580545039619]]",1070.1807206335002,1070.1817809665,21.875,154353,"[1809, 3721, -3373]","[[26, -9, -27], [36, -12, -26], [46, -12, -18], [48, -6, -5]]"
5.673048,6.039688,body,0.000000,0.000000,0.000000,0.000000,0.000000,0.000000,0.000000,0.000000,0.000000,0.000000,0.000000,0.000000,6.710349,-3.237559,-6.076484,-0.002330,-0.011385,0.008988,bmi088,0.01018370599967966,"[[-0.00026631610900792384,-0.012783173232380344,0.0029294771990871623],[-0.0005326322180158477,-0.011451592687340724,0.00692421883420602],[-0.003195793308095086,-0.010918960469324878,0.010918960469324878],[-0.005326322180158476,-0.01038632825130903,0.015180018213451659]]",1070.1909043394999,1070.1919658555,21.875,154616,"[1803, 3737, -3384]","[[48, -1, 11], [43, -2, 26], [41, -12, 41], [39, -20, 57]]"
5.683048,6.049570,body,0.000000,0.000000,0.000000,0.000000,0.000000,0.000000,0.000000,0.000000,0.000000,0.000000,0.000000,0.000000,6.726510,-3.266290,-6.060323,-0.005659,-0.007124,0.019974,bmi088,0.00978381600020839,"[[-0.006125270507182248,-0.009321063815277334,0.019174759848570515],[-0.005858954398174325,-0.007989483270237714,0.021571604829641832],[-0.005858954398174325,-0.006125270507182248,0.02077265650261806],[-0.004793689962142629,-0.005060006071150553,0.018375811521546746]]",1070.2006881555,1070.2017415599998,21.875,154869,"[1819, 3746, -3375]","[[35, -23, 72], [30, -22, 81], [23, -22, 78], [19, -18, 69]]"
5.693052,6.059648,body,0.000000,0.000000,0.000000,0.000000,0.000000,0.000000,0.000000,0.000000,0.000000,0.000000,0.000000,0.000000,6.685210,-3.273472,-6.063914,-0.001731,-0.002796,0.006325,bmi088,0.009995169999911013,"[[-0.003728425526110934,-0.004261057744126781,0.014381069886427887],[-0.001864212763055467,-0.002663161090079238,0.009054747706269411],[-0.0007989483270237715,-0.0021305288720633907,0.003728425526110934],[-0.0005326322180158477,-0.0021305288720633907,-0.001864212763055467]]",1070.2106833255,1070.2117200885,21.875,155127,"[1823, 3723, -3377]","[[16, -14, 54], [10, -7, 34], [8, -3, 14], [8, -2, -7]]"
5.703049,6.069805,body,0.000000,0.000000,0.000000,0.000000,0.000000,0.000000,0.000000,0.000000,0.000000,0.000000,0.000000,0.000000,6.701370,-3.268085,-6.071097,0.001931,-0.002197,-0.010320,bmi088,0.010043474999974933,"[[0.0,-0.0029294771990871623,-0.005858954398174325],[0.0007989483270237715,-0.0029294771990871623,-0.009321063815277334],[0.0029294771990871623,-0.0021305288720633907,-0.012783173232380344],[0.003994741635118857,-0.0007989483270237715,-0.013315805450396193]]",1070.2207268005,1070.2217760285,21.875,155387,"[1820, 3732, -3381]","[[11, 0, -22], [11, 3, -35], [8, 11, -48], [3, 15, -50]]"
5.713051,6.079883,body,0.000000,0.000000,0.000000,0.000000,0.000000,0.000000,0.000000,0.000000,0.000000,0.000000,0.000000,0.000000,6.683414,-3.242946,-6.078279,0.003529,-0.000067,-0.006724,bmi088,0.009978129000046465,"[[0.003728425526110934,0.00026631610900792384,-0.012783173232380344],[0.003728425526110934,0.0005326322180158477,-0.008788431597261486],[0.00346210941710301,0.0,-0.005060006071150553],[0.003195793308095086,-0.0010652644360316954,-0.00026631610900792384]]",1070.2307049295,1070.2317406050001,21.875,155645,"[1806, 3722, -3385]","[[-1, 14, -48], [-2, 14, -33], [0, 13, -19], [4, 12, -1]]"
5.723050,6.090117,body,0.000000,0.000000,0.000000,0.000000,0.000000,0.000000,0.000000,0.000000,0.000000,0.000000,0.000000,0.000000,6.694188,-3.287837,-6.054936,-0.000866,0.000266,0.008056,bmi088,0.01012320700010605,"[[0.0010652644360316954,-0.001331580545039619,0.003994741635118857],[-0.0010652644360316954,-0.00026631610900792384,0.007190534943213944],[-0.001864212763055467,0.0010652644360316954,0.009587379924285258],[-0.001597896654047543,0.001597896654047543,0.011451592687340724]]",1070.2408281365,1070.2418606755,21.875,155907,"[1831, 3728, -3372]","[[5, 4, 15], [1, -4, 27], [-4, -7, 36], [-6, -6, 43]]"
5.733052,6.100078,body,0.000000,0.000000,0.000000,0.000000,0.000000,0.000000,0.000000,0.000000,0.000000,0.000000,0.000000,0.000000,6.678027,-3.266290,-6.045958,0.001398,0.002131,0.004194,bmi088,0.009853450999798952,"[[-0.0005326322180158477,0.001597896654047543,0.01171790879634865],[0.0010652644360316954,0.0021305288720633907,0.009054747706269411],[0.001331580545039619,0.002663161090079238,0.0021305288720633907],[0.003728425526110934,0.0021305288720633907,-0.006125270507182248]]",1070.2506815875,1070.2517206075,21.875,156162,"[1819, 3719, -3367]","[[-6, -2, 44], [-8, 4, 34], [-10, 5, 8], [-8, 14, -23]]"
5.743050,6.110234,body,0.000000,0.000000,0.000000,0.000000,0.000000,0.000000,0.000000,0.000000,0.000000,0.000000,0.000000,0.000000,6.688801,-3.271677,-6.049549,0.003862,-0.003063,-0.018376,bmi088,0.010027987000057692,"[[0.004261057744126781,0.00026631610900792384,-0.012783173232380344],[0.0055926382891664005,-0.0021305288720633907,-0.017843179303530896],[0.004261057744126781,-0.003994741635118857,-0.021038972611625982],[0.001331580545039619,-0.006391586616190172,-0.021837920938649755]]",1070.2607095745,1070.2617583705,21.875,156422,"[1822, 3725, -3369]","[[-1, 16, -48], [8, 21, -67], [15, 16, -79], [24, 5, -82]]"
5.753051,6.120391,body,0.000000,0.000000,0.000000,0.000000,0.000000,0.000000,0.000000,0.000000,0.000000,0.000000,0.000000,0.000000,6.687005,-3.266290,-6.078279,-0.003795,-0.006858,-0.002996,bmi088,0.010032163000005312,"[[-0.001597896654047543,-0.008522115488253563,-0.01651159875849128],[-0.003994741635118857,-0.008522115488253563,-0.00825579937924564],[-0.005326322180158476,-0.006657902725198096,0.001864212763055467],[-0.004261057744126781,-0.003728425526110934,0.010918960469324878]]",1070.2707417375,1070.27179935,21.875,156682,"[1819, 3724, -3385]","[[32, -6, -62], [32, -15, -31], [25, -20, 7], [14, -16, 41]]"
5.763051,6.130547,body,0.000000,0.000000,0.000000,0.000000,0.000000,0.000000,0.000000,0.000000,0.000000,0.000000,0.000000,0.000000,6.699575,-3.257311,-6.096236,-0.003396,0.000133,0.021438,bmi088,0.009993489500175201,"[[-0.003195793308095086,-0.0010652644360316954,0.018908443739562592],[-0.0023968449810713144,-0.00026631610900792384,0.0234358175926973],[-0.003728425526110934,0.0007989483270237715,0.023702133701705222],[-0.004261057744126781,0.0010652644360316954,0.019707392066586366]]",1070.2807352270002,1070.2818107755002,21.875,156942,"[1814, 3731, -3395]","[[4, -12, 71], [1, -9, 88], [-3, -14, 89], [-4, -16, 74]]"
5.773049,6.140664,body,0.000000,0.000000,0.000000,0.000000,0.000000,0.000000,0.000000,0.000000,0.000000,0.000000,0.000000,0.000000,6.667253,-3.242946,-6.024410,-0.002131,-0.001265,-0.000200,bmi088,0.010049506499854033,"[[-0.003994741635118857,0.001597896654047543,0.013582121559404116],[-0.003195793308095086,-0.00026631610900792384,0.003994741635118857],[-0.001597896654047543,-0.0021305288720633907,-0.005326322180158476],[0.00026631610900792384,-0.004261057744126781,-0.013049489341388268]]",1070.2907847335,1070.291870779,21.875,157201,"[1806, 3713, -3355]","[[-6, -15, 51], [1, -12, 15], [8, -6, -20], [16, 1, -49]]"
5.783050,6.150859,body,0.000000,0.000000,0.000000,0.000000,0.000000,0.000000,0.000000,0.000000,0.000000,0.000000,0.000000,0.000000,6.647501,-3.260903,-6.019023,0.001265,-0.004794,-0.018576,bmi088,0.009898732000010568,"[[0.0021305288720633907,-0.0055926382891664005,-0.017576863194522972],[0.0021305288720633907,-0.005326322180158476,-0.01997370817559429],[0.001331580545039619,-0.004527373853134706,-0.020240024284602212],[-0.0005326322180158477,-0.003728425526110934,-0.01651159875849128]]",1070.3006834655,1070.301889804,21.875,157462,"[1816, 3702, -3352]","[[21, 8, -66], [20, 8, -75], [17, 5, -76], [14, -2, -62]]"
5.793049,6.160820,body,0.000000,0.000000,0.000000,0.000000,0.000000,0.000000,0.000000,0.000000,0.000000,0.000000,0.000000,0.000000,6.692392,-3.280655,-6.047753,-0.000266,-0.006458,0.003063,bmi088,0.010031362000063382,"[[-0.0010652644360316954,-0.004793689962142629,-0.009587379924285258],[-0.0005326322180158477,-0.006657902725198096,-0.0005326322180158477],[0.0005326322180158477,-0.007456851052221868,0.007989483270237714],[0.0,-0.00692421883420602,0.014381069886427887]]",1070.3107148275,1070.311762887,21.875,157717,"[1827, 3727, -3368]","[[18, -4, -36], [25, -2, -2], [28, 2, 30], [26, 0, 54]]"
5.803051,6.170937,body,0.000000,0.000000,0.000000,0.000000,0.000000,0.000000,0.000000,0.000000,0.000000,0.000000,0.000000,0.000000,6.706757,-3.268085,-6.087258,-0.000266,-0.004661,0.018109,bmi088,0.010013776999812762,"[[0.00026631610900792384,-0.005326322180158476,0.016777914867499202],[0.0,-0.005060006071150553,0.01864212763055467],[0.0,-0.004527373853134706,0.01864212763055467],[-0.001331580545039619,-0.003728425526110934,0.018375811521546746]]",1070.3207286045,1070.321769448,21.875,157976,"[1820, 3735, -3390]","[[20, 1, 63], [19, 0, 70], [17, 0, 70], [14, -5, 69]]"
5.813052,6.181016,body,0.000000,0.000000,0.000000,0.000000,0.000000,0.000000,0.000000,0.000000,0.000000,0.000000,0.000000,0.000000,6.697779,-3.284246,-6.069301,-0.005726,-0.003462,0.005526,bmi088,0.009971215500172548,"[[-0.003728425526110934,-0.003728425526110934,0.014381069886427887],[-0.0055926382891664005,-0.004527373853134706,0.009054747706269411],[-0.007190534943213944,-0.003994741635118857,0.0021305288720633907],[-0.006391586616190172,-0.001597896654047543,-0.00346210941710301]]",1070.33069982,1070.3317426155,21.875,158234,"[1829, 3730, -3380]","[[14, -14, 54], [17, -21, 34], [15, -27, 8], [6, -24, -13]]"
5.823049,6.191211,body,0.000000,0.000000,0.000000,0.000000,0.000000,0.000000,0.000000,0.000000,0.000000,0.000000,0.000000,0.000000,6.692392,-3.269881,-6.072893,-0.002996,-0.000732,-0.004461,bmi088,0.010098084499986726,"[[-0.004527373853134706,-0.00026631610900792384,-0.0055926382891664005],[-0.003728425526110934,-0.00026631610900792384,-0.005326322180158476],[-0.002663161090079238,-0.0010652644360316954,-0.004261057744126781],[-0.0010652644360316954,-0.001331580545039619,-0.002663161090079238]]",1070.3407979045,1070.341844348,21.875,158495,"[1821, 3727, -3382]","[[1, -17, -21], [1, -14, -20], [4, -10, -16], [5, -4, -10]]"
5.833051,6.201250,body,0.000000,0.000000,0.000000,0.000000,0.000000,0.000000,0.000000,0.000000,0.000000,0.000000,0.000000,0.000000,6.704962,-3.271677,-6.054936,0.004061,0.001065,0.000399,bmi088,0.009908940499826713,"[[0.0021305288720633907,-0.001331580545039619,-0.0007989483270237715],[0.004261057744126781,-0.0005326322180158477,0.0005326322180158477],[0.005326322180158476,0.001864212763055467,0.0010652644360316954],[0.004527373853134706,0.004261057744126781,0.0007989483270237715]]",1070.3507068449999,1070.3517510325,21.875,158752,"[1822, 3734, -3372]","[[5, 8, -3], [2, 16, 2], [-7, 20, 4], [-16, 17, 3]]"
5.843050,6.211367,body,0.000000,0.000000,0.000000,0.000000,0.000000,0.000000,0.000000,0.000000,0.000000,0.000000,0.000000,0.000000,6.687005,-3.266290,-6.071097,0.003396,0.006258,-0.001465,bmi088,0.010012801000129912,"[[0.00346210941710301,0.006125270507182248,0.0],[0.00346210941710301,0.00692421883420602,-0.0007989483270237715],[0.003195793308095086,0.00692421883420602,-0.0021305288720633907],[0.00346210941710301,0.005060006071150553,-0.0029294771990871623]]",1070.360719646,1070.3617897549998,21.875,159011,"[1819, 3724, -3381]","[[-23, 13, 0], [-26, 13, -3], [-26, 12, -8], [-19, 13, -11]]"
5.853051,6.221445,body,0.000000,0.000000,0.000000,0.000000,0.000000,0.000000,0.000000,0.000000,0.000000,0.000000,0.000000,0.000000,6.695983,-3.273472,-6.056732,0.000999,-0.001931,-0.003129,bmi088,0.009965439500092543,"[[0.0023968449810713144,0.0010652644360316954,-0.00346210941710301],[0.001331580545039619,-0.002663161090079238,-0.004527373853134706],[-0.00026631610900792384,-0.003994741635118857,-0.003195793308095086],[0.0005326322180158477,-0.0021305288720633907,-0.001331580545039619]]",1070.3706850855,1070.371737689,21.875,159269,"[1823, 3729, -3373]","[[-4, 9, -13], [10, 5, -17], [15, -1, -12], [8, 2, -5]]"
5.863050,6.231562,body,0.000000,0.000000,0.000000,0.000000,0.000000,0.000000,0.000000,0.000000,0.000000,0.000000,0.000000,0.000000,6.667253,-3.268085,-6.087258,0.002463,0.000466,0.002663,bmi088,0.010000511999805894,"[[0.001597896654047543,0.0005326322180158477,0.0023968449810713144],[0.002663161090079238,0.0005326322180158477,0.002663161090079238],[0.0023968449810713144,0.0005326322180158477,0.0023968449810713144],[0.003195793308095086,0.00026631610900792384,0.003195793308095086]]",1070.3806855975,1070.381733353,21.875,159528,"[1820, 3713, -3390]","[[-2, 6, 9], [-2, 10, 10], [-2, 9, 9], [-1, 12, 12]]"
5.873051,6.241758,body,0.000000,0.000000,0.000000,0.000000,0.000000,0.000000,0.000000,0.000000,0.000000,0.000000,0.000000,0.000000,6.674436,-3.280655,-6.058527,0.003196,-0.000399,0.000999,bmi088,0.010102053000082378,"[[0.003728425526110934,0.0005326322180158477,0.004527373853134706],[0.003195793308095086,-0.0005326322180158477,0.003994741635118857],[0.003195793308095086,-0.0010652644360316954,0.0005326322180158477],[0.002663161090079238,-0.0005326322180158477,-0.005060006071150553]]",1070.3907876505,1070.39183443,21.875,159789,"[1827, 3717, -3374]","[[-2, 14, 17], [2, 12, 15], [4, 12, 2], [2, 10, -19]]"
5.883050,6.251836,body,0.000000,0.000000,0.000000,0.000000,0.000000,0.000000,0.000000,0.000000,0.000000,0.000000,0.000000,0.000000,6.694188,-3.255516,-6.049549,0.000266,-0.004328,-0.008855,bmi088,0.009932525500062184,"[[0.001331580545039619,-0.0010652644360316954,-0.009054747706269411],[-0.0005326322180158477,-0.00346210941710301,-0.011451592687340724],[-0.0010652644360316954,-0.0055926382891664005,-0.009321063815277334],[0.001331580545039619,-0.007190534943213944,-0.0055926382891664005]]",1070.400720176,1070.4017793399998,21.875,160047,"[1813, 3728, -3369]","[[4, 5, -34], [13, -2, -43], [21, -4, -35], [27, 5, -21]]"
5.893050,6.261875,body,0.000000,0.000000,0.000000,0.000000,0.000000,0.000000,0.000000,0.000000,0.000000,0.000000,0.000000,0.000000,6.672640,-3.250129,-6.058527,0.005792,-0.004661,0.007523,bmi088,0.009954734499842743,"[[0.004527373853134706,-0.006391586616190172,0.00026631610900792384],[0.006657902725198096,-0.005326322180158476,0.005326322180158476],[0.007190534943213944,-0.003728425526110934,0.010120012142301106],[0.004793689962142629,-0.003195793308095086,0.014381069886427887]]",1070.4106749105,1070.411717578,21.875,160304,"[1810, 3716, -3374]","[[24, 17, 1], [20, 25, 20], [14, 27, 38], [12, 18, 54]]"
5.903050,6.271992,body,0.000000,0.000000,0.000000,0.000000,0.000000,0.000000,0.000000,0.000000,0.000000,0.000000,0.000000,0.000000,6.685210,-3.271677,-6.081871,0.001332,-0.002929,0.014115,bmi088,0.010036258000127418,"[[0.003195793308095086,-0.0029294771990871623,0.017044230976507126],[0.0010652644360316954,-0.002663161090079238,0.01651159875849128],[0.0007989483270237715,-0.002663161090079238,0.013049489341388268],[0.00026631610900792384,-0.00346210941710301,0.009853696033293183]]",1070.4207111685,1070.421759404,21.875,160563,"[1822, 3723, -3387]","[[11, 12, 64], [10, 4, 62], [10, 3, 49], [13, 1, 37]]"
5.913051,6.282148,body,0.000000,0.000000,0.000000,0.000000,0.000000,0.000000,0.000000,0.000000,0.000000,0.000000,0.000000,0.000000,6.683414,-3.248333,-6.072893,0.002197,-0.002730,0.002863,bmi088,0.010009729000103107,"[[0.00026631610900792384,-0.00346210941710301,0.005858954398174325],[0.0010652644360316954,-0.003195793308095086,0.003195793308095086],[0.002663161090079238,-0.0021305288720633907,0.0007989483270237715],[0.004793689962142629,-0.0021305288720633907,0.001597896654047543]]",1070.4307208975001,1070.4317788295,21.875,160823,"[1809, 3722, -3382]","[[13, 1, 22], [12, 4, 12], [8, 10, 3], [8, 18, 6]]"
5.923052,6.292305,body,0.000000,0.000000,0.000000,0.000000,0.000000,0.000000,0.000000,0.000000,0.000000,0.000000,0.000000,0.000000,6.706757,-3.246537,-6.090849,0.004860,-0.002663,0.002597,bmi088,0.01007241899969813,"[[0.005060006071150553,-0.002663161090079238,0.0021305288720633907],[0.005060006071150553,-0.00346210941710301,0.002663161090079238],[0.004527373853134706,-0.0023968449810713144,0.0023968449810713144],[0.004793689962142629,-0.0021305288720633907,0.003195793308095086]]",1070.4407933164998,1070.441840032,21.875,161083,"[1808, 3735, -3392]","[[10, 19, 8], [13, 19, 10], [9, 17, 9], [8, 18, 12]]"
5.933051,6.302344,body,0.000000,0.000000,0.000000,0.000000,0.000000,0.000000,0.000000,0.000000,0.000000,0.000000,0.000000,0.000000,6.706757,-3.289633,-6.099827,0.001531,-0.002397,0.003862,bmi088,0.009931758000220725,"[[0.004261057744126781,-0.001597896654047543,0.003994741635118857],[0.00346210941710301,-0.0021305288720633907,0.003994741635118857],[0.0007989483270237715,-0.002663161090079238,0.004261057744126781],[-0.0023968449810713144,-0.003195793308095086,0.003195793308095086]]",1070.4507250745,1070.4517696940002,21.875,161340,"[1832, 3735, -3397]","[[6, 16, 15], [8, 13, 15], [10, 3, 16], [12, -9, 12]]"
5.943050,6.312578,body,0.000000,0.000000,0.000000,0.000000,0.000000,0.000000,0.000000,0.000000,0.000000,0.000000,0.000000,0.000000,6.676231,-3.271677,-6.081871,-0.001931,-0.002463,0.000067,bmi088,0.010038865999831614,"[[-0.003728425526110934,-0.003994741635118857,0.001864212763055467],[-0.0029294771990871623,-0.003728425526110934,0.00026631610900792384],[-0.0010652644360316954,-0.0021305288720633907,-0.0007989483270237715],[0.0,0.0,-0.0010652644360316954]]",1070.4607639404999,1070.4618504495,21.875,161602,"[1822, 3718, -3387]","[[15, -14, 7], [14, -11, 1], [8, -4, -3], [0, 0, -4]]"
5.953050,6.322539,body,0.000000,0.000000,0.000000,0.000000,0.000000,0.000000,0.000000,0.000000,0.000000,0.000000,0.000000,0.000000,6.676231,-3.271677,-6.047753,0.005326,0.002330,-0.001664,bmi088,0.009937630000194986,"[[0.001864212763055467,0.0010652644360316954,-0.001331580545039619],[0.004261057744126781,0.001331580545039619,-0.0010652644360316954],[0.006657902725198096,0.0023968449810713144,-0.001331580545039619],[0.008522115488253563,0.004527373853134706,-0.0029294771990871623]]",1070.4707015705,1070.4717396775,21.875,161857,"[1822, 3718, -3368]","[[-4, 7, -5], [-5, 16, -4], [-9, 25, -5], [-17, 32, -11]]"
5.963050,6.332656,body,0.000000,0.000000,0.000000,0.000000,0.000000,0.000000,0.000000,0.000000,0.000000,0.000000,0.000000,0.000000,6.669049,-3.266290,-6.044162,0.006525,0.005193,-0.010453,bmi088,0.010014336999802254,"[[0.008522115488253563,0.005326322180158476,-0.005858954398174325],[0.007456851052221868,0.0055926382891664005,-0.008788431597261486],[0.005858954398174325,0.004793689962142629,-0.012250541014364496],[0.004261057744126781,0.005060006071150553,-0.014913702104443736]]",1070.4807159074999,1070.4817542385,21.875,162116,"[1819, 3714, -3366]","[[-20, 32, -22], [-21, 28, -33], [-18, 22, -46], [-19, 16, -56]]"
5.973050,6.343008,body,0.000000,0.000000,0.000000,0.000000,0.000000,0.000000,0.000000,0.000000,0.000000,0.000000,0.000000,0.000000,6.692392,-3.266290,-6.044162,0.007657,0.000466,-0.014314,bmi088,0.010224698000001808,"[[0.005060006071150553,0.00346210941710301,-0.01651159875849128],[0.00692421883420602,0.001597896654047543,-0.016245282649483356],[0.009321063815277334,-0.0007989483270237715,-0.013582121559404116],[0.009321063815277334,-0.0023968449810713144,-0.010918960469324878]]",1070.4909406054999,1070.4919894650002,21.875,162381,"[1819, 3727, -3366]","[[-13, 19, -62], [-6, 26, -61], [3, 35, -51], [9, 35, -41]]"
5.983052,6.352852,body,0.000000,0.000000,0.000000,0.000000,0.000000,0.000000,0.000000,0.000000,0.000000,0.000000,0.000000,0.000000,6.681618,-3.291429,-6.053140,0.006125,-0.005659,-0.000466,bmi088,0.00974789400015652,"[[0.007989483270237714,-0.00346210941710301,-0.007456851052221868],[0.006125270507182248,-0.005060006071150553,-0.003728425526110934],[0.005858954398174325,-0.006657902725198096,0.0021305288720633907],[0.004527373853134706,-0.007456851052221868,0.007190534943213944]]",1070.5006884995,1070.5017269105,21.875,162633,"[1833, 3721, -3371]","[[13, 30, -28], [19, 23, -14], [25, 22, 8], [28, 17, 27]]"
5.993052,6.362969,body,0.000000,0.000000,0.000000,0.000000,0.000000,0.000000,0.000000,0.000000,0.000000,0.000000,0.000000,0.000000,6.704962,-3.277064,-6.044162,-0.000000,-0.006059,0.009721,bmi088,0.009994816000016726,"[[0.00346210941710301,-0.007190534943213944,0.009853696033293183],[0.0005326322180158477,-0.006391586616190172,0.010120012142301106],[-0.0007989483270237715,-0.006125270507182248,0.009853696033293183],[-0.003195793308095086,-0.004527373853134706,0.009054747706269411]]",1070.5106833155,1070.5117318070002,21.875,162892,"[1825, 3734, -3366]","[[27, 13, 37], [24, 2, 38], [23, -3, 37], [17, -12, 34]]"
6.003050,6.373086,body,0.000000,0.000000,0.000000,0.000000,0.000000,0.000000,0.000000,0.000000,0.000000,0.000000,0.000000,0.000000,6.669049,-3.273472,-6.065710,-0.001132,-0.004727,0.004194,bmi088,0.009992832000079943,"[[-0.0029294771990871623,-0.004261057744126781,0.007456851052221868],[-0.0021305288720633907,-0.004261057744126781,0.005326322180158476],[0.0,-0.005326322180158476,0.0029294771990871623],[0.0005326322180158477,-0.005060006071150553,0.0010652644360316954]]",1070.5206761475001,1070.5217253750002,21.875,163151,"[1823, 3714, -3378]","[[16, -11, 28], [16, -8, 20], [20, 0, 11], [19, 2, 4]]"
6.013050,6.383164,body,0.000000,0.000000,0.000000,0.000000,0.000000,0.000000,0.000000,0.000000,0.000000,0.000000,0.000000,0.000000,6.670844,-3.259107,-6.078279,-0.000466,-0.002929,-0.007590,bmi088,0.00998918400000548,"[[-0.0005326322180158477,-0.003728425526110934,-0.003195793308095086],[-0.0007989483270237715,-0.003195793308095086,-0.00692421883420602],[-0.0007989483270237715,-0.0023968449810713144,-0.01038632825130903],[0.00026631610900792384,-0.0023968449810713144,-0.009853696033293183]]",1070.5306653315001,1070.5316951825,21.875,163409,"[1815, 3715, -3385]","[[14, -2, -12], [12, -3, -26], [9, -3, -39], [9, 1, -37]]"
6.023052,6.393438,body,0.000000,0.000000,0.000000,0.000000,0.000000,0.000000,0.000000,0.000000,0.000000,0.000000,0.000000,0.000000,6.687005,-3.273472,-6.089053,0.002929,-0.004661,-0.003196,bmi088,0.010124965999921187,"[[0.0010652644360316954,-0.0023968449810713144,-0.007989483270237714],[0.002663161090079238,-0.003728425526110934,-0.005326322180158476],[0.003728425526110934,-0.0055926382891664005,-0.001597896654047543],[0.004261057744126781,-0.00692421883420602,0.0021305288720633907]]",1070.5407902975,1070.5418611095001,21.875,163672,"[1823, 3724, -3391]","[[9, 4, -30], [14, 10, -20], [21, 14, -6], [26, 16, 8]]"
6.033051,6.403437,body,0.000000,0.000000,0.000000,0.000000,0.000000,0.000000,0.000000,0.000000,0.000000,0.000000,0.000000,0.000000,6.678027,-3.262698,-6.085462,0.004993,-0.005593,0.008988,bmi088,0.00990930800003298,"[[0.0055926382891664005,-0.006391586616190172,0.006391586616190172],[0.006657902725198096,-0.005060006071150553,0.00825579937924564],[0.005326322180158476,-0.004793689962142629,0.01038632825130903],[0.0023968449810713144,-0.006125270507182248,0.010918960469324878]]",1070.5506996055,1070.551751618,21.875,163928,"[1817, 3719, -3389]","[[24, 21, 24], [19, 25, 31], [18, 20, 39], [23, 9, 41]]"
6.043052,6.413516,body,0.000000,0.000000,0.000000,0.000000,0.000000,0.000000,0.000000,0.000000,0.000000,0.000000,0.000000,0.000000,6.685210,-3.282450,-6.067506,0.000599,-0.006724,0.007457,bmi088,0.010008464999827993,"[[-0.00026631610900792384,-0.007456851052221868,0.011185276578332801],[0.00026631610900792384,-0.007723167161229791,0.009853696033293183],[0.0007989483270237715,-0.00692421883420602,0.006391586616190172],[0.001597896654047543,-0.004793689962142629,0.0023968449810713144]]",1070.5607080705,1070.561745378,21.875,164186,"[1828, 3723, -3379]","[[28, -1, 42], [29, 1, 37], [26, 3, 24], [18, 6, 9]]"
6.053050,6.423672,body,0.000000,0.000000,0.000000,0.000000,0.000000,0.000000,0.000000,0.000000,0.000000,0.000000,0.000000,0.000000,6.676231,-3.275268,-6.063914,0.001997,-0.001997,-0.005127,bmi088,0.010021602000051644,"[[0.0010652644360316954,-0.002663161090079238,-0.0029294771990871623],[0.001864212763055467,-0.001597896654047543,-0.005326322180158476],[0.0021305288720633907,-0.001597896654047543,-0.006657902725198096],[0.0029294771990871623,-0.0021305288720633907,-0.0055926382891664005]]",1070.5707296725,1070.5717691555,21.875,164446,"[1824, 3718, -3377]","[[10, 4, -11], [6, 7, -20], [6, 8, -25], [8, 11, -21]]"
6.063052,6.433789,body,0.000000,0.000000,0.000000,0.000000,0.000000,0.000000,0.000000,0.000000,0.000000,0.000000,0.000000,0.000000,6.663662,-3.250129,-6.049549,0.002863,-0.001864,-0.002264,bmi088,0.00998529549997329,"[[0.0029294771990871623,-0.001864212763055467,-0.004261057744126781],[0.003195793308095086,-0.001597896654047543,-0.002663161090079238],[0.002663161090079238,-0.001597896654047543,-0.001331580545039619],[0.002663161090079238,-0.0023968449810713144,-0.0007989483270237715]]",1070.580714968,1070.5817766760001,21.875,164705,"[1810, 3711, -3369]","[[7, 11, -16], [6, 12, -10], [6, 10, -5], [9, 10, -3]]"
6.073050,6.443984,body,0.000000,0.000000,0.000000,0.000000,0.000000,0.000000,0.000000,0.000000,0.000000,0.000000,0.000000,0.000000,6.699575,-3.239355,-6.074688,0.000200,-0.001664,-0.000533,bmi088,0.010083811499953299,"[[0.001597896654047543,-0.0023968449810713144,-0.0010652644360316954],[0.0005326322180158477,-0.001864212763055467,-0.0007989483270237715],[-0.0005326322180158477,-0.0010652644360316954,-0.0005326322180158477],[-0.0007989483270237715,-0.001331580545039619,0.00026631610900792384]]",1070.5907987795,1070.59184852,21.875,164966,"[1804, 3731, -3383]","[[9, 6, -4], [7, 2, -3], [4, -2, -2], [5, -3, 1]]"
6.083050,6.453984,body,0.000000,0.000000,0.000000,0.000000,0.000000,0.000000,0.000000,0.000000,0.000000,0.000000,0.000000,0.000000,6.688801,-3.271677,-6.063914,-0.000133,-0.005659,0.003063,bmi088,0.009905357000207005,"[[-0.00026631610900792384,-0.0029294771990871623,0.0007989483270237715],[-0.0005326322180158477,-0.004793689962142629,0.0023968449810713144],[-0.00026631610900792384,-0.007190534943213944,0.00346210941710301],[0.0005326322180158477,-0.007723167161229791,0.0055926382891664005]]",1070.6007041365,1070.601751908,21.875,165222,"[1822, 3725, -3377]","[[11, -1, 3], [18, -2, 9], [27, -1, 13], [29, 2, 21]]"
6.093051,6.464062,body,0.000000,0.000000,0.000000,0.000000,0.000000,0.000000,0.000000,0.000000,0.000000,0.000000,0.000000,0.000000,6.706757,-3.286042,-6.063914,0.002929,-0.003795,0.005926,bmi088,0.009988832000090042,"[[0.001864212763055467,-0.007190534943213944,0.006657902725198096],[0.0029294771990871623,-0.004261057744126781,0.007456851052221868],[0.00346210941710301,-0.002663161090079238,0.0055926382891664005],[0.00346210941710301,-0.0010652644360316954,0.003994741635118857]]",1070.6106929685002,1070.611732884,21.875,165480,"[1830, 3735, -3377]","[[27, 7, 25], [16, 11, 28], [10, 13, 21], [4, 13, 15]]"
6.103051,6.474219,body,0.000000,0.000000,0.000000,0.000000,0.000000,0.000000,0.000000,0.000000,0.000000,0.000000,0.000000,0.000000,6.683414,-3.273472,-6.076484,0.004261,-0.001265,-0.002397,bmi088,0.010014432999923883,"[[0.004261057744126781,-0.001331580545039619,0.0005326322180158477],[0.004527373853134706,-0.001331580545039619,-0.0007989483270237715],[0.004261057744126781,-0.001331580545039619,-0.003994741635118857],[0.003994741635118857,-0.0010652644360316954,-0.005326322180158476]]",1070.6207074015,1070.6217563730002,21.875,165740,"[1823, 3722, -3384]","[[5, 16, 2], [5, 17, -3], [5, 16, -15], [4, 15, -20]]"
6.113050,6.484453,body,0.000000,0.000000,0.000000,0.000000,0.000000,0.000000,0.000000,0.000000,0.000000,0.000000,0.000000,0.000000,6.695983,-3.260903,-6.069301,-0.002996,0.000000,-0.008056,bmi088,0.01012922199993227,"[[0.0021305288720633907,0.0005326322180158477,-0.008522115488253563],[-0.001864212763055467,0.0005326322180158477,-0.009321063815277334],[-0.0055926382891664005,0.00026631610900792384,-0.009054747706269411],[-0.006657902725198096,-0.001331580545039619,-0.005326322180158476]]",1070.6308366235,1070.6318923155,21.875,166002,"[1816, 3729, -3380]","[[-2, 8, -32], [-2, -7, -35], [-1, -21, -34], [5, -25, -20]]"
6.123050,6.494531,body,0.000000,0.000000,0.000000,0.000000,0.000000,0.000000,0.000000,0.000000,0.000000,0.000000,0.000000,0.000000,6.685210,-3.264494,-6.063914,-0.002530,-0.002064,-0.000399,bmi088,0.009957727000028171,"[[-0.005060006071150553,-0.002663161090079238,-0.0021305288720633907],[-0.0029294771990871623,-0.002663161090079238,0.0],[-0.001331580545039619,-0.001864212763055467,-0.0005326322180158477],[-0.0007989483270237715,-0.0010652644360316954,0.0010652644360316954]]",1070.6407943505,1070.6418359135,21.875,166260,"[1818, 3723, -3377]","[[10, -19, -8], [10, -11, 0], [7, -5, -2], [4, -3, 4]]"
6.133052,6.504531,body,0.000000,0.000000,0.000000,0.000000,0.000000,0.000000,0.000000,0.000000,0.000000,0.000000,0.000000,0.000000,6.701370,-3.268085,-6.067506,-0.000666,-0.001731,0.003129,bmi088,0.009899356000005355,"[[-0.001597896654047543,-0.001864212763055467,0.003195793308095086],[-0.001864212763055467,-0.0021305288720633907,0.004261057744126781],[0.0,-0.001597896654047543,0.003195793308095086],[0.0007989483270237715,-0.001331580545039619,0.001864212763055467]]",1070.6506937065,1070.651742854,21.875,166516,"[1820, 3732, -3379]","[[7, -6, 12], [8, -7, 16], [6, 0, 12], [5, 3, 7]]"
6.143052,6.514648,body,0.000000,0.000000,0.000000,0.000000,0.000000,0.000000,0.000000,0.000000,0.000000,0.000000,0.000000,0.000000,6.681618,-3.282450,-6.045958,0.001997,-0.003329,0.001265,bmi088,0.010002431999964756,"[[0.0010652644360316954,-0.001597896654047543,0.0021305288720633907],[0.001331580545039619,-0.003195793308095086,0.0021305288720633907],[0.0021305288720633907,-0.003728425526110934,0.001864212763055467],[0.00346210941710301,-0.004793689962142629,-0.0010652644360316954]]",1070.6606961385,1070.661740214,21.875,166775,"[1828, 3721, -3367]","[[6, 4, 8], [12, 5, 8], [14, 8, 7], [18, 13, -4]]"
6.153052,6.524727,body,0.000000,0.000000,0.000000,0.000000,0.000000,0.000000,0.000000,0.000000,0.000000,0.000000,0.000000,0.000000,6.676231,-3.257311,-6.051345,-0.001531,-0.007057,-0.004927,bmi088,0.009973056000035285,"[[0.001864212763055467,-0.005060006071150553,-0.004261057744126781],[0.0,-0.006125270507182248,-0.006391586616190172],[-0.00346210941710301,-0.007723167161229791,-0.005326322180158476],[-0.004527373853134706,-0.009321063815277334,-0.003728425526110934]]",1070.6706691945,1070.6717120855,21.875,167033,"[1814, 3718, -3370]","[[19, 7, -16], [23, 0, -24], [29, -13, -20], [35, -17, -14]]"
6.163049,6.534922,body,0.000000,0.000000,0.000000,0.000000,0.000000,0.000000,0.000000,0.000000,0.000000,0.000000,0.000000,0.000000,6.699575,-3.259107,-6.080075,-0.001931,-0.007257,0.002663,bmi088,0.010058098999934373,"[[-0.003994741635118857,-0.009054747706269411,-0.001597896654047543],[-0.001864212763055467,-0.007723167161229791,0.0007989483270237715],[-0.0005326322180158477,-0.006391586616190172,0.004527373853134706],[-0.001331580545039619,-0.005858954398174325,0.00692421883420602]]",1070.6807272935,1070.6817872249999,21.875,167294,"[1815, 3731, -3386]","[[34, -15, -6], [29, -7, 3], [24, -2, 17], [22, -5, 26]]"
6.173053,6.545156,body,0.000000,0.000000,0.000000,0.000000,0.000000,0.000000,0.000000,0.000000,0.000000,0.000000,0.000000,0.000000,6.713940,-3.275268,-6.085462,-0.003728,-0.004527,0.013249,bmi088,0.010119284999973388,"[[-0.002663161090079238,-0.0055926382891664005,0.009853696033293183],[-0.003728425526110934,-0.005060006071150553,0.012250541014364496],[-0.004261057744126781,-0.004261057744126781,0.015180018213451659],[-0.004261057744126781,-0.003195793308095086,0.015712650431467506]]",1070.6908465785,1070.691917871,21.875,167556,"[1824, 3739, -3389]","[[21, -10, 37], [19, -14, 46], [16, -16, 57], [12, -16, 59]]"
6.183048,6.555156,body,0.000000,0.000000,0.000000,0.000000,0.000000,0.000000,0.000000,0.000000,0.000000,0.000000,0.000000,0.000000,6.685210,-3.253720,-6.053140,-0.002197,-0.003995,0.005859,bmi088,0.00989501999993081,"[[-0.003728425526110934,-0.00346210941710301,0.01384843766841204],[-0.0023968449810713144,-0.003994741635118857,0.009054747706269411],[-0.001597896654047543,-0.004527373853134706,0.0029294771990871623],[-0.0010652644360316954,-0.003994741635118857,-0.0023968449810713144]]",1070.7007415985,1070.701799371,21.875,167812,"[1812, 3723, -3371]","[[13, -14, 52], [15, -9, 34], [17, -6, 11], [15, -4, -9]]"
6.193050,6.565273,body,0.000000,0.000000,0.000000,0.000000,0.000000,0.000000,0.000000,0.000000,0.000000,0.000000,0.000000,0.000000,6.679823,-3.278859,-6.053140,0.000533,-0.003329,-0.009188,bmi088,0.010000704500043867,"[[-0.0010652644360316954,-0.004261057744126781,-0.006125270507182248],[0.0,-0.003994741635118857,-0.00825579937924564],[0.0010652644360316954,-0.003195793308095086,-0.011185276578332801],[0.0021305288720633907,-0.001864212763055467,-0.011185276578332801]]",1070.710742303,1070.7117993870002,21.875,168071,"[1826, 3720, -3371]","[[16, -4, -23], [15, 0, -31], [12, 4, -42], [7, 8, -42]]"
6.203047,6.575352,body,0.000000,0.000000,0.000000,0.000000,0.000000,0.000000,0.000000,0.000000,0.000000,0.000000,0.000000,0.000000,6.692392,-3.278859,-6.089053,0.001598,-0.000932,-0.006525,bmi088,0.009979839500147136,"[[0.0021305288720633907,-0.001331580545039619,-0.009321063815277334],[0.001597896654047543,-0.0007989483270237715,-0.006391586616190172],[0.001597896654047543,-0.0005326322180158477,-0.005326322180158476],[0.0010652644360316954,-0.0010652644360316954,-0.005060006071150553]]",1070.7207221425,1070.721789723,21.875,168329,"[1826, 3727, -3391]","[[5, 8, -35], [3, 6, -24], [2, 6, -20], [4, 4, -19]]"
6.213047,6.585430,body,0.000000,0.000000,0.000000,0.000000,0.000000,0.000000,0.000000,0.000000,0.000000,0.000000,0.000000,0.000000,6.695983,-3.284246,-6.071097,0.002796,-0.002796,0.001798,bmi088,0.009957646999737335,"[[0.0010652644360316954,-0.0023968449810713144,-0.0029294771990871623],[0.0021305288720633907,-0.00346210941710301,0.0],[0.003994741635118857,-0.003195793308095086,0.004261057744126781],[0.003994741635118857,-0.0021305288720633907,0.005858954398174325]]",1070.7306797894998,1070.7317213205001,21.875,168587,"[1829, 3729, -3381]","[[9, 4, -11], [13, 8, 0], [12, 15, 16], [8, 15, 22]]"
6.223047,6.595664,body,0.000000,0.000000,0.000000,0.000000,0.000000,0.000000,0.000000,0.000000,0.000000,0.000000,0.000000,0.000000,6.697779,-3.251924,-6.074688,0.002064,0.000866,0.003129,bmi088,0.01012365350015898,"[[0.003195793308095086,0.0,0.006657902725198096],[0.0021305288720633907,0.0005326322180158477,0.005326322180158476],[0.001597896654047543,0.001597896654047543,0.002663161090079238],[0.001331580545039619,0.001331580545039619,-0.0021305288720633907]]",1070.740803443,1070.7418674075,21.875,168849,"[1811, 3730, -3383]","[[0, 12, 25], [-2, 8, 20], [-6, 6, 10], [-5, 5, -8]]"
6.233048,6.605664,body,0.000000,0.000000,0.000000,0.000000,0.000000,0.000000,0.000000,0.000000,0.000000,0.000000,0.000000,0.000000,6.672640,-3.255516,-6.081871,0.001864,0.000200,-0.011784,bmi088,0.009909148499900766,"[[0.0010652644360316954,0.001864212763055467,-0.007723167161229791],[0.001331580545039619,0.0005326322180158477,-0.011185276578332801],[0.001864212763055467,-0.0005326322180158477,-0.01384843766841204],[0.003195793308095086,-0.0010652644360316954,-0.014381069886427887]]",1070.7507125915,1070.751769084,21.875,169105,"[1813, 3716, -3387]","[[-7, 4, -29], [-2, 5, -42], [2, 7, -52], [4, 12, -54]]"
6.243050,6.615742,body,0.000000,0.000000,0.000000,0.000000,0.000000,0.000000,0.000000,0.000000,0.000000,0.000000,0.000000,0.000000,6.672640,-3.282450,-6.092645,0.002597,-0.002730,-0.006791,bmi088,0.009966495000071518,"[[0.003994741635118857,-0.0010652644360316954,-0.013049489341388268],[0.00346210941710301,-0.001597896654047543,-0.008522115488253563],[0.0021305288720633907,-0.003728425526110934,-0.004527373853134706],[0.0007989483270237715,-0.004527373853134706,-0.0010652644360316954]]",1070.7606790865,1070.7617182019999,21.875,169363,"[1828, 3716, -3393]","[[4, 15, -49], [6, 13, -32], [14, 8, -17], [17, 3, -4]]"
6.253050,6.625938,body,0.000000,0.000000,0.000000,0.000000,0.000000,0.000000,0.000000,0.000000,0.000000,0.000000,0.000000,0.000000,6.670844,-3.269881,-6.072893,0.000067,-0.003662,0.005526,bmi088,0.010018721500046013,"[[0.00026631610900792384,-0.005060006071150553,0.0007989483270237715],[0.00026631610900792384,-0.003728425526110934,0.003195793308095086],[0.00026631610900792384,-0.003728425526110934,0.00692421883420602],[-0.0005326322180158477,-0.0021305288720633907,0.011185276578332801]]",1070.770697808,1070.771774333,21.875,169624,"[1821, 3715, -3382]","[[19, 1, 3], [14, 1, 12], [14, 1, 26], [8, -2, 42]]"
6.263050,6.636094,body,0.000000,0.000000,0.000000,0.000000,0.000000,0.000000,0.000000,0.000000,0.000000,0.000000,0.000000,0.000000,6.681618,-3.248333,-6.096236,-0.002064,-0.001531,0.013848,bmi088,0.010084355999879335,"[[-0.0007989483270237715,-0.001331580545039619,0.014913702104443736],[-0.0021305288720633907,-0.0010652644360316954,0.015712650431467506],[-0.002663161090079238,-0.0021305288720633907,0.014381069886427887],[-0.002663161090079238,-0.001597896654047543,0.01038632825130903]]",1070.780782164,1070.781836992,21.875,169884,"[1809, 3721, -3395]","[[5, -3, 56], [4, -8, 59], [8, -10, 54], [6, -10, 39]]"
6.273052,6.646172,body,0.000000,0.000000,0.000000,0.000000,0.000000,0.000000,0.000000,0.000000,0.000000,0.000000,0.000000,0.000000,6.690597,-3.262698,-6.062119,0.000599,-0.001198,0.003928,bmi088,0.010024225500274042,"[[-0.0010652644360316954,-0.00026631610900792384,0.007456851052221868],[0.0007989483270237715,0.0,0.005326322180158476],[0.001331580545039619,-0.001597896654047543,0.003728425526110934],[0.001331580545039619,-0.0029294771990871623,-0.0007989483270237715]]",1070.7908063895002,1070.791857393,21.875,170142,"[1817, 3726, -3376]","[[1, -4, 28], [0, 3, 20], [6, 5, 14], [11, 5, -3]]"
6.283050,6.656211,body,0.000000,0.000000,0.000000,0.000000,0.000000,0.000000,0.000000,0.000000,0.000000,0.000000,0.000000,0.000000,6.681618,-3.259107,-6.062119,0.000333,-0.001598,-0.006658,bmi088,0.009929372999977204,"[[0.0005326322180158477,-0.0029294771990871623,-0.004793689962142629],[0.0010652644360316954,-0.0023968449810713144,-0.007989483270237714],[0.0007989483270237715,-0.0010652644360316954,-0.007989483270237714],[-0.0010652644360316954,0.0,-0.005858954398174325]]",1070.8007357625002,1070.801773726,21.875,170399,"[1815, 3721, -3376]","[[11, 2, -18], [9, 4, -30], [4, 3, -30], [0, -4, -22]]"
6.293050,6.666250,body,0.000000,0.000000,0.000000,0.000000,0.000000,0.000000,0.000000,0.000000,0.000000,0.000000,0.000000,0.000000,6.694188,-3.259107,-6.083666,-0.003262,-0.002463,0.004128,bmi088,0.009926877999987482,"[[-0.003195793308095086,0.00026631610900792384,-0.0021305288720633907],[-0.004261057744126781,-0.0010652644360316954,0.001864212763055467],[-0.00346210941710301,-0.003994741635118857,0.006657902725198096],[-0.0021305288720633907,-0.005060006071150553,0.010120012142301106]]",1070.8106626405001,1070.8117029235,21.875,170656,"[1815, 3728, -3388]","[[-1, -12, -8], [4, -16, 7], [15, -13, 25], [19, -8, 38]]"
6.303050,6.676406,body,0.000000,0.000000,0.000000,0.000000,0.000000,0.000000,0.000000,0.000000,0.000000,0.000000,0.000000,0.000000,6.695983,-3.269881,-6.080075,0.002530,-0.003129,0.012850,bmi088,0.01002646549977726,"[[0.0007989483270237715,-0.004527373853134706,0.012250541014364496],[0.0029294771990871623,-0.002663161090079238,0.013582121559404116],[0.003728425526110934,-0.002663161090079238,0.013315805450396193],[0.002663161090079238,-0.002663161090079238,0.012250541014364496]]",1070.820689106,1070.8217415979998,21.875,170916,"[1821, 3729, -3386]","[[17, 3, 46], [10, 11, 51], [10, 14, 50], [10, 10, 46]]"
6.313052,6.686523,body,0.000000,0.000000,0.000000,0.000000,0.000000,0.000000,0.000000,0.000000,0.000000,0.000000,0.000000,0.000000,6.692392,-3.266290,-6.090849,-0.000599,-0.002197,0.000999,bmi088,0.01000886449992322,"[[0.00026631610900792384,-0.0021305288720633907,0.00825579937924564],[-0.0005326322180158477,-0.001331580545039619,0.003195793308095086],[-0.001331580545039619,-0.0023968449810713144,-0.001864212763055467],[-0.0007989483270237715,-0.0029294771990871623,-0.0055926382891664005]]",1070.8306979704998,1070.831734526,21.875,171175,"[1819, 3727, -3392]","[[8, 1, 31], [5, -2, 12], [9, -5, -7], [11, -3, -21]]"
6.323052,6.696719,body,0.000000,0.000000,0.000000,0.000000,0.000000,0.000000,0.000000,0.000000,0.000000,0.000000,0.000000,0.000000,6.685210,-3.266290,-6.053140,0.003529,-0.000999,-0.012517,bmi088,0.010084324000217748,"[[0.0010652644360316954,-0.0023968449810713144,-0.009321063815277334],[0.003195793308095086,-0.0007989483270237715,-0.012783173232380344],[0.004793689962142629,0.0,-0.014381069886427887],[0.005060006071150553,-0.0007989483270237715,-0.013582121559404116]]",1070.8407822945,1070.841818546,21.875,171436,"[1819, 3723, -3371]","[[9, 4, -35], [3, 12, -48], [0, 18, -54], [3, 19, -51]]"
6.333052,6.706719,body,0.000000,0.000000,0.000000,0.000000,0.000000,0.000000,0.000000,0.000000,0.000000,0.000000,0.000000,0.000000,6.690597,-3.260903,-6.081871,0.006458,-0.003595,-0.006858,bmi088,0.00990113299985751,"[[0.005326322180158476,-0.001864212763055467,-0.010918960469324878],[0.006391586616190172,-0.003728425526110934,-0.008522115488253563],[0.007723167161229791,-0.004261057744126781,-0.005326322180158476],[0.006391586616190172,-0.004527373853134706,-0.002663161090079238]]",1070.8506834275,1070.8517234225,21.875,171692,"[1816, 3726, -3387]","[[7, 20, -41], [14, 24, -32], [16, 29, -20], [17, 24, -10]]"
6.343051,6.716875,body,0.000000,0.000000,0.000000,0.000000,0.000000,0.000000,0.000000,0.000000,0.000000,0.000000,0.000000,0.000000,6.701370,-3.266290,-6.094440,0.001598,-0.002730,0.005060,bmi088,0.010009040500108313,"[[0.00346210941710301,-0.003994741635118857,0.00026631610900792384],[0.001331580545039619,-0.0029294771990871623,0.00346210941710301],[0.00026631610900792384,-0.0023968449810713144,0.00692421883420602],[0.001331580545039619,-0.001597896654047543,0.009587379924285258]]",1070.860692468,1070.8617630085,21.875,171952,"[1819, 3732, -3394]","[[15, 13, 1], [11, 5, 13], [9, 1, 26], [6, 5, 36]]"
6.353050,6.726953,body,0.000000,0.000000,0.000000,0.000000,0.000000,0.000000,0.000000,0.000000,0.000000,0.000000,0.000000,0.000000,6.694188,-3.268085,-6.080075,0.000466,-0.001398,0.004527,bmi088,0.009987392000084583,"[[0.0010652644360316954,-0.001331580545039619,0.009587379924285258],[0.0010652644360316954,-0.0010652644360316954,0.00692421883420602],[-0.00026631610900792384,-0.001864212763055467,0.0029294771990871623],[0.0,-0.001331580545039619,-0.001331580545039619]]",1070.87067986,1070.8717283995002,21.875,172210,"[1820, 3728, -3386]","[[5, 4, 36], [4, 4, 26], [7, -1, 11], [5, 0, -5]]"
6.363051,6.737109,body,0.000000,0.000000,0.000000,0.000000,0.000000,0.000000,0.000000,0.000000,0.000000,0.000000,0.000000,0.000000,6.695983,-3.255516,-6.080075,0.001997,-0.000599,-0.006658,bmi088,0.01005913849985518,"[[0.0010652644360316954,-0.0005326322180158477,-0.004261057744126781],[0.0023968449810713144,0.0005326322180158477,-0.006391586616190172],[0.001864212763055467,-0.0007989483270237715,-0.007989483270237714],[0.002663161090079238,-0.001597896654047543,-0.007989483270237714]]",1070.8807389985,1070.88178213,21.875,172470,"[1813, 3729, -3386]","[[2, 4, -16], [-2, 9, -24], [3, 7, -30], [6, 10, -30]]"
6.373051,6.747305,body,0.000000,0.000000,0.000000,0.000000,0.000000,0.000000,0.000000,0.000000,0.000000,0.000000,0.000000,0.000000,6.669049,-3.268085,-6.045958,0.002730,0.000200,-0.005593,bmi088,0.010072483999920223,"[[0.003994741635118857,-0.0010652644360316954,-0.007989483270237714],[0.004527373853134706,0.0005326322180158477,-0.005858954398174325],[0.0021305288720633907,0.0010652644360316954,-0.0055926382891664005],[0.00026631610900792384,0.00026631610900792384,-0.0029294771990871623]]",1070.8908114824999,1070.891847237,21.875,172731,"[1820, 3714, -3367]","[[4, 15, -30], [-2, 17, -22], [-4, 8, -21], [-1, 1, -11]]"
6.383050,6.757305,body,0.000000,0.000000,0.000000,0.000000,0.000000,0.000000,0.000000,0.000000,0.000000,0.000000,0.000000,0.000000,6.654684,-3.266290,-6.080075,-0.002863,-0.000999,0.004194,bmi088,0.009917293000171412,"[[-0.001331580545039619,-0.0005326322180158477,-0.00026631610900792384],[-0.002663161090079238,-0.0010652644360316954,0.00346210941710301],[-0.004261057744126781,-0.001331580545039619,0.006391586616190172],[-0.003195793308095086,-0.0010652644360316954,0.007190534943213944]]",1070.9007287755,1070.9017610424999,21.875,172987,"[1819, 3706, -3386]","[[2, -5, -1], [4, -10, 13], [5, -16, 24], [4, -12, 27]]"
6.393050,6.767578,body,0.000000,0.000000,0.000000,0.000000,0.000000,0.000000,0.000000,0.000000,0.000000,0.000000,0.000000,0.000000,6.701370,-3.248333,-6.065710,0.002330,-0.001065,0.007457,bmi088,0.009995871999990413,"[[-0.0007989483270237715,-0.0010652644360316954,0.007723167161229791],[0.0021305288720633907,-0.00026631610900792384,0.007723167161229791],[0.00346210941710301,-0.001331580545039619,0.007989483270237714],[0.004527373853134706,-0.001597896654047543,0.006391586616190172]]",1070.9107246475,1070.9118488225,21.875,173250,"[1809, 3732, -3378]","[[4, -3, 29], [1, 8, 29], [5, 13, 30], [6, 17, 24]]"
6.403050,6.777539,body,0.000000,0.000000,0.000000,0.000000,0.000000,0.000000,0.000000,0.000000,0.000000,0.000000,0.000000,0.000000,6.670844,-3.257311,-6.067506,0.001997,-0.002197,-0.003662,bmi088,0.009978464000141685,"[[0.004527373853134706,-0.0021305288720633907,0.001597896654047543],[0.003994741635118857,-0.0021305288720633907,-0.0021305288720633907],[0.0010652644360316954,-0.0021305288720633907,-0.006125270507182248],[-0.001597896654047543,-0.0023968449810713144,-0.007989483270237714]]",1070.9207031115002,1070.9217428825,21.875,173505,"[1814, 3715, -3379]","[[8, 17, 6], [8, 15, -8], [8, 4, -23], [9, -6, -30]]"
6.413051,6.787656,body,0.000000,0.000000,0.000000,0.000000,0.000000,0.000000,0.000000,0.000000,0.000000,0.000000,0.000000,0.000000,6.692392,-3.264494,-6.044162,-0.004394,-0.004594,-0.009987,bmi088,0.010000447999800599,"[[-0.004261057744126781,-0.002663161090079238,-0.011451592687340724],[-0.004793689962142629,-0.004527373853134706,-0.012250541014364496],[-0.004261057744126781,-0.005326322180158476,-0.010918960469324878],[-0.004261057744126781,-0.005858954398174325,-0.005326322180158476]]",1070.9307035595,1070.9317552355,21.875,173764,"[1818, 3727, -3366]","[[10, -16, -43], [17, -18, -46], [20, -16, -41], [22, -16, -20]]"
6.423051,6.797813,body,0.000000,0.000000,0.000000,0.000000,0.000000,0.000000,0.000000,0.000000,0.000000,0.000000,0.000000,0.000000,6.722918,-3.289633,-6.071097,0.002064,-0.002663,0.012717,bmi088,0.010060738999982277,"[[-0.001864212763055467,-0.003994741635118857,0.001597896654047543],[0.0005326322180158477,-0.0023968449810713144,0.01038632825130903],[0.003994741635118857,-0.001597896654047543,0.01731054708551505],[0.0055926382891664005,-0.002663161090079238,0.021571604829641832]]",1070.9407642985,1070.941804486,21.875,174024,"[1832, 3744, -3381]","[[15, -7, 6], [9, 2, 39], [6, 15, 65], [10, 21, 81]]"
6.433050,6.807852,body,0.000000,0.000000,0.000000,0.000000,0.000000,0.000000,0.000000,0.000000,0.000000,0.000000,0.000000,0.000000,6.701370,-3.259107,-6.083666,0.004594,-0.002663,0.012916,bmi088,0.009925549000172396,"[[0.006125270507182248,-0.00346210941710301,0.021571604829641832],[0.005858954398174325,-0.00346210941710301,0.017576863194522972],[0.004527373853134706,-0.0021305288720633907,0.011185276578332801],[0.001864212763055467,-0.001597896654047543,0.001331580545039619]]",1070.9506898475001,1070.9517298755,21.875,174281,"[1815, 3732, -3388]","[[13, 23, 81], [13, 22, 66], [8, 17, 42], [6, 7, 5]]"
6.443050,6.818125,body,0.000000,0.000000,0.000000,0.000000,0.000000,0.000000,0.000000,0.000000,0.000000,0.000000,0.000000,0.000000,6.667253,-3.273472,-6.038775,-0.000333,-0.005260,-0.015779,bmi088,0.010139590999870052,"[[-0.00026631610900792384,-0.0029294771990871623,-0.007989483270237714],[-0.0010652644360316954,-0.004527373853134706,-0.01597896654047543],[-0.0005326322180158477,-0.006125270507182248,-0.01944107595757844],[0.0005326322180158477,-0.007456851052221868,-0.019707392066586366]]",1070.9608294385,1070.9618862185,21.875,174544,"[1823, 3713, -3363]","[[11, -1, -30], [17, -4, -60], [23, -2, -73], [28, 2, -74]]"
6.453050,6.828047,body,0.000000,0.000000,0.000000,0.000000,0.000000,0.000000,0.000000,0.000000,0.000000,0.000000,0.000000,0.000000,6.685210,-3.259107,-6.074688,0.003928,-0.007390,-0.002064,bmi088,0.009849993999978324,"[[0.0023968449810713144,-0.007723167161229791,-0.015180018213451659],[0.00346210941710301,-0.00825579937924564,-0.00692421883420602],[0.004793689962142629,-0.007190534943213944,0.0029294771990871623],[0.005060006071150553,-0.006391586616190172,0.010918960469324878]]",1070.9706794325,1070.9717125475,21.875,174798,"[1815, 3723, -3383]","[[29, 9, -57], [31, 13, -26], [27, 18, 11], [24, 19, 41]]"
6.463052,6.838203,body,0.000000,0.000000,0.000000,0.000000,0.000000,0.000000,0.000000,0.000000,0.000000,0.000000,0.000000,0.000000,6.685210,-3.251924,-6.080075,0.002530,-0.003795,0.015247,bmi088,0.010041362000038134,"[[0.005326322180158476,-0.004793689962142629,0.015446334322459582],[0.003994741635118857,-0.00346210941710301,0.01731054708551505],[0.001331580545039619,-0.003728425526110934,0.016245282649483356],[-0.0005326322180158477,-0.003195793308095086,0.011984224905356573]]",1070.9807207945,1070.981763958,21.875,175058,"[1811, 3723, -3386]","[[18, 20, 58], [13, 15, 65], [14, 5, 61], [12, -2, 45]]"
6.473050,6.848438,body,0.000000,0.000000,0.000000,0.000000,0.000000,0.000000,0.000000,0.000000,0.000000,0.000000,0.000000,0.000000,6.690597,-3.273472,-6.085462,0.000399,0.000333,-0.002397,bmi088,0.010093684999901598,"[[-0.0010652644360316954,-0.0021305288720633907,0.005858954398174325],[-0.0005326322180158477,0.0005326322180158477,-0.001331580545039619],[0.0010652644360316954,0.001864212763055467,-0.0055926382891664005],[0.0021305288720633907,0.0010652644360316954,-0.008522115488253563]]",1070.9908144795,1070.9918816754998,21.875,175320,"[1823, 3726, -3389]","[[8, -4, 22], [-2, -2, -5], [-7, 4, -21], [-4, 8, -32]]"
6.483052,6.858437,body,0.000000,0.000000,0.000000,0.000000,0.000000,0.000000,0.000000,0.000000,0.000000,0.000000,0.000000,0.000000,6.687005,-3.259107,-6.036979,0.003262,-0.001065,-0.013249,bmi088,0.009885371000109444,"[[0.00346210941710301,0.0007989483270237715,-0.011185276578332801],[0.0029294771990871623,-0.0007989483270237715,-0.013315805450396193],[0.0029294771990871623,-0.001597896654047543,-0.015180018213451659],[0.003728425526110934,-0.002663161090079238,-0.013315805450396193]]",1071.0006998505,1071.001761095,21.875,175576,"[1815, 3724, -3362]","[[-3, 13, -42], [3, 11, -50], [6, 11, -57], [10, 14, -50]]"
6.493050,6.868555,body,0.000000,0.000000,0.000000,0.000000,0.000000,0.000000,0.000000,0.000000,0.000000,0.000000,0.000000,0.000000,6.665457,-3.282450,-6.065710,0.008189,-0.002996,-0.007856,bmi088,0.010045730499768979,"[[0.0055926382891664005,-0.003195793308095086,-0.01171790879634865],[0.00825579937924564,-0.002663161090079238,-0.008788431597261486],[0.009587379924285258,-0.0029294771990871623,-0.006657902725198096],[0.009321063815277334,-0.003195793308095086,-0.004261057744126781]]",1071.0107455809998,1071.0117876725,21.875,175835,"[1828, 3712, -3378]","[[12, 21, -44], [10, 31, -33], [11, 36, -25], [12, 35, -16]]"
6.503051,6.878633,body,0.000000,0.000000,0.000000,0.000000,0.000000,0.000000,0.000000,0.000000,0.000000,0.000000,0.000000,0.000000,6.669049,-3.260903,-6.092645,0.003862,-0.003928,0.005060,bmi088,0.00995411050007533,"[[0.00692421883420602,-0.003994741635118857,0.0],[0.004527373853134706,-0.003994741635118857,0.00346210941710301],[0.0029294771990871623,-0.003728425526110934,0.007723167161229791],[0.0010652644360316954,-0.003994741635118857,0.009054747706269411]]",1071.0206996914999,1071.021735671,21.875,176093,"[1816, 3714, -3393]","[[15, 26, 0], [15, 17, 13], [14, 11, 29], [15, 4, 34]]"
6.513051,6.888750,body,0.000000,0.000000,0.000000,0.000000,0.000000,0.000000,0.000000,0.000000,0.000000,0.000000,0.000000,0.000000,6.703166,-3.251924,-6.080075,-0.004328,-0.007191,0.013449,bmi088,0.009986032000142586,"[[-0.001331580545039619,-0.005858954398174325,0.011451592687340724],[-0.003994741635118857,-0.007190534943213944,0.013049489341388268],[-0.005858954398174325,-0.00825579937924564,0.014913702104443736],[-0.006125270507182248,-0.007456851052221868,0.014381069886427887]]",1071.0306857235,1071.031734807,21.875,176352,"[1811, 3733, -3386]","[[22, -5, 43], [27, -15, 49], [31, -22, 56], [28, -23, 54]]"
6.523050,6.898984,body,0.000000,0.000000,0.000000,0.000000,0.000000,0.000000,0.000000,0.000000,0.000000,0.000000,0.000000,0.000000,6.676231,-3.286042,-6.069301,-0.001731,-0.002796,0.009920,bmi088,0.010124582000116789,"[[-0.004527373853134706,-0.006657902725198096,0.01384843766841204],[-0.0029294771990871623,-0.003728425526110934,0.011451592687340724],[-0.0005326322180158477,-0.001331580545039619,0.009587379924285258],[0.0010652644360316954,0.0005326322180158477,0.004793689962142629]]",1071.0408103055001,1071.041862669,21.875,176614,"[1830, 3718, -3380]","[[25, -17, 52], [14, -11, 43], [5, -2, 36], [-2, 4, 18]]"
6.533049,6.908984,body,0.000000,0.000000,0.000000,0.000000,0.000000,0.000000,0.000000,0.000000,0.000000,0.000000,0.000000,0.000000,6.667253,-3.255516,-6.045958,0.004061,-0.003728,-0.009521,bmi088,0.00989452399971924,"[[0.004261057744126781,-0.00026631610900792384,0.0],[0.0055926382891664005,-0.0021305288720633907,-0.007190534943213944],[0.005060006071150553,-0.005060006071150553,-0.013049489341388268],[0.001331580545039619,-0.007456851052221868,-0.017843179303530896]]",1071.0507048294999,1071.0517629370001,21.875,176870,"[1813, 3713, -3367]","[[1, 16, 0], [8, 21, -27], [19, 19, -49], [28, 5, -67]]"
6.543051,6.919141,body,0.000000,0.000000,0.000000,0.000000,0.000000,0.000000,0.000000,0.000000,0.000000,0.000000,0.000000,0.000000,6.694188,-3.260903,-6.080075,-0.000599,-0.006724,-0.008922,bmi088,0.010030273499978648,"[[-0.0010652644360316954,-0.00825579937924564,-0.018109495412538822],[-0.001864212763055467,-0.007723167161229791,-0.014381069886427887],[-0.0005326322180158477,-0.006391586616190172,-0.00692421883420602],[0.0010652644360316954,-0.004527373853134706,0.003728425526110934]]",1071.0607351029998,1071.061786459,21.875,177130,"[1816, 3728, -3386]","[[31, -4, -68], [29, -7, -54], [24, -2, -26], [17, 4, 14]]"
6.553051,6.929180,body,0.000000,0.000000,0.000000,0.000000,0.000000,0.000000,0.000000,0.000000,0.000000,0.000000,0.000000,0.000000,6.712144,-3.271677,-6.081871,0.003595,0.002463,0.022837,bmi088,0.009954046500070035,"[[0.003195793308095086,-0.001597896654047543,0.01384843766841204],[0.003994741635118857,0.001597896654047543,0.023169501483689375],[0.003728425526110934,0.004261057744126781,0.027430559227816155],[0.00346210941710301,0.0055926382891664005,0.02689792700980031]]",1071.0706891495,1071.071740025,21.875,177387,"[1822, 3738, -3387]","[[6, 12, 52], [-6, 15, 87], [-16, 14, 103], [-21, 13, 101]]"
6.563050,6.939297,body,0.000000,0.000000,0.000000,0.000000,0.000000,0.000000,0.000000,0.000000,0.000000,0.000000,0.000000,0.000000,6.681618,-3.262698,-6.072893,0.003862,0.003063,0.005792,bmi088,0.010002544500139265,"[[0.004261057744126781,0.0055926382891664005,0.022370553156665602],[0.005060006071150553,0.004527373853134706,0.012783173232380344],[0.003728425526110934,0.0023968449810713144,0.0007989483270237715],[0.0023968449810713144,-0.00026631610900792384,-0.012783173232380344]]",1071.080691694,1071.0817397380001,21.875,177646,"[1817, 3721, -3382]","[[-21, 16, 84], [-17, 19, 48], [-9, 14, 3], [1, 9, -48]]"
6.573051,6.949531,body,0.000000,0.000000,0.000000,0.000000,0.000000,0.000000,0.000000,0.000000,0.000000,0.000000,0.000000,0.000000,6.674436,-3.277064,-6.045958,0.004527,-0.002796,-0.024767,bmi088,0.01012523749977845,"[[0.0029294771990871623,-0.002663161090079238,-0.021571604829641832],[0.004261057744126781,-0.003728425526110934,-0.02636529479178446],[0.005326322180158476,-0.0029294771990871623,-0.02716424311880823],[0.0055926382891664005,-0.001864212763055467,-0.023968449810713145]]",1071.0908169314998,1071.09187384,21.875,177908,"[1825, 3717, -3367]","[[10, 11, -81], [14, 16, -99], [11, 20, -102], [7, 21, -90]]"
6.583049,6.959727,body,0.000000,0.000000,0.000000,0.000000,0.000000,0.000000,0.000000,0.000000,0.000000,0.000000,0.000000,0.000000,6.665457,-3.277064,-6.063914,0.004993,-0.003462,-0.004594,bmi088,0.010070276000078593,"[[0.005858954398174325,-0.001597896654047543,-0.01731054708551505],[0.006125270507182248,-0.003195793308095086,-0.008522115488253563],[0.005060006071150553,-0.004527373853134706,0.0],[0.0029294771990871623,-0.004527373853134706,0.007456851052221868]]",1071.1008872075,1071.1019278425001,21.875,178169,"[1825, 3712, -3377]","[[6, 22, -65], [12, 23, -32], [17, 19, 0], [17, 11, 28]]"
6.593051,6.969648,body,0.000000,0.000000,0.000000,0.000000,0.000000,0.000000,0.000000,0.000000,0.000000,0.000000,0.000000,0.000000,6.692392,-3.273472,-6.067506,-0.001798,-0.002663,0.015180,bmi088,0.009792311000182963,"[[0.0,-0.003195793308095086,0.013049489341388268],[-0.0021305288720633907,-0.002663161090079238,0.015180018213451659],[-0.0023968449810713144,-0.0023968449810713144,0.017044230976507126],[-0.002663161090079238,-0.0023968449810713144,0.015446334322459582]]",1071.1106795185,1071.111734603,21.875,178423,"[1823, 3727, -3379]","[[12, 0, 49], [10, -8, 57], [9, -9, 64], [9, -10, 58]]"
6.603050,6.979727,body,0.000000,0.000000,0.000000,0.000000,0.000000,0.000000,0.000000,0.000000,0.000000,0.000000,0.000000,0.000000,6.703166,-3.271677,-6.049549,0.000133,0.000666,0.006192,bmi088,0.010013537500071834,"[[-0.001597896654047543,-0.001331580545039619,0.013582121559404116],[-0.0005326322180158477,0.0005326322180158477,0.009321063815277334],[0.0010652644360316954,0.001597896654047543,0.004527373853134706],[0.001597896654047543,0.001864212763055467,-0.002663161090079238]]",1071.1206930560002,1071.1217395475,21.875,178681,"[1822, 3733, -3369]","[[5, -6, 51], [-2, -2, 35], [-6, 4, 17], [-7, 6, -10]]"
6.613052,6.989922,body,0.000000,0.000000,0.000000,0.000000,0.000000,0.000000,0.000000,0.000000,0.000000,0.000000,0.000000,0.000000,6.669049,-3.277064,-6.038775,0.004594,-0.001664,-0.013449,bmi088,0.010050210499912282,"[[0.0029294771990871623,0.0005326322180158477,-0.01038632825130903],[0.004261057744126781,-0.0010652644360316954,-0.015446334322459582],[0.0055926382891664005,-0.002663161090079238,-0.015712650431467506],[0.0055926382891664005,-0.00346210941710301,-0.012250541014364496]]",1071.1307432665,1071.1317994065,21.875,178942,"[1825, 3714, -3363]","[[-2, 11, -39], [4, 16, -58], [10, 21, -59], [13, 21, -46]]"
6.623051,7.000039,body,0.000000,0.000000,0.000000,0.000000,0.000000,0.000000,0.000000,0.000000,0.000000,0.000000,0.000000,0.000000,6.685210,-3.251924,-6.072893,0.005726,-0.003595,0.000266,bmi088,0.010036162000005788,"[[0.005326322180158476,-0.003728425526110934,-0.007190534943213944],[0.005858954398174325,-0.00346210941710301,-0.0010652644360316954],[0.005858954398174325,-0.003728425526110934,0.003195793308095086],[0.005858954398174325,-0.00346210941710301,0.006125270507182248]]",1071.1407794285,1071.141822304,21.875,179201,"[1811, 3723, -3382]","[[14, 20, -27], [13, 22, -4], [14, 22, 12], [13, 22, 23]]"
6.633051,7.010078,body,0.000000,0.000000,0.000000,0.000000,0.000000,0.000000,0.000000,0.000000,0.000000,0.000000,0.000000,0.000000,6.681618,-3.237559,-6.078279,0.000866,-0.002597,0.005726,bmi088,0.009930941999982679,"[[0.004527373853134706,-0.004261057744126781,0.00692421883420602],[0.0021305288720633907,-0.003994741635118857,0.00692421883420602],[-0.00026631610900792384,-0.0023968449810713144,0.005858954398174325],[-0.0029294771990871623,0.00026631610900792384,0.003195793308095086]]",1071.1507103705,1071.151746237,21.875,179458,"[1803, 3721, -3385]","[[16, 17, 26], [15, 8, 26], [9, -1, 22], [-1, -11, 12]]"
6.643050,7.020234,body,0.000000,0.000000,0.000000,0.000000,0.000000,0.000000,0.000000,0.000000,0.000000,0.000000,0.000000,0.000000,6.674436,-3.275268,-6.071097,-0.003928,0.001731,0.000999,bmi088,0.010016033000056268,"[[-0.004261057744126781,0.001597896654047543,0.0010652644360316954],[-0.004527373853134706,0.0010652644360316954,0.0],[-0.003994741635118857,0.001331580545039619,0.0007989483270237715],[-0.0029294771990871623,0.0029294771990871623,0.0021305288720633907]]",1071.1607264035001,1071.161771279,21.875,179718,"[1824, 3717, -3381]","[[-6, -16, 4], [-4, -17, 0], [-5, -15, 3], [-11, -11, 8]]"
6.653049,7.030312,body,0.000000,0.000000,0.000000,0.000000,0.000000,0.000000,0.000000,0.000000,0.000000,0.000000,0.000000,0.000000,6.667253,-3.255516,-6.080075,0.002663,0.003862,0.002996,bmi088,0.009952429999884771,"[[-0.001597896654047543,0.004793689962142629,0.00346210941710301],[0.0005326322180158477,0.005326322180158476,0.004261057744126781],[0.004261057744126781,0.003728425526110934,0.003728425526110934],[0.007456851052221868,0.001597896654047543,0.0005326322180158477]]",1071.1706788335,1071.1717335335,21.875,179976,"[1813, 3713, -3386]","[[-18, -6, 13], [-20, 2, 16], [-14, 16, 14], [-6, 28, 2]]"
6.663050,7.040469,body,0.000000,0.000000,0.000000,0.000000,0.000000,0.000000,0.000000,0.000000,0.000000,0.000000,0.000000,0.000000,6.685210,-3.259107,-6.053140,0.005659,-0.003862,-0.014647,bmi088,0.01006409950014131,"[[0.009321063815277334,-0.0010652644360316954,-0.005326322180158476],[0.00692421883420602,-0.0029294771990871623,-0.012250541014364496],[0.004527373853134706,-0.005060006071150553,-0.01864212763055467],[0.001864212763055467,-0.006391586616190172,-0.022370553156665602]]",1071.1807429330001,1071.181800865,21.875,180236,"[1815, 3723, -3371]","[[4, 35, -20], [11, 26, -46], [19, 17, -70], [24, 7, -84]]"
6.673050,7.050664,body,0.000000,0.000000,0.000000,0.000000,0.000000,0.000000,0.000000,0.000000,0.000000,0.000000,0.000000,0.000000,6.713940,-3.278859,-6.060323,-0.001664,-0.007324,-0.009055,bmi088,0.010089219999827037,"[[0.001331580545039619,-0.007456851052221868,-0.021038972611625982],[-0.0010652644360316954,-0.00825579937924564,-0.014913702104443736],[-0.0023968449810713144,-0.007456851052221868,-0.005326322180158476],[-0.004527373853134706,-0.006125270507182248,0.005060006071150553]]",1071.190832153,1071.1918815889999,21.875,180497,"[1826, 3739, -3375]","[[28, 5, -79], [31, -4, -56], [28, -9, -20], [23, -17, 19]]"
6.683051,7.060664,body,0.000000,0.000000,0.000000,0.000000,0.000000,0.000000,0.000000,0.000000,0.000000,0.000000,0.000000,0.000000,6.713940,-3.280655,-6.067506,-0.003995,-0.000799,0.023036,bmi088,0.009901052500026708,"[[-0.003994741635118857,-0.004261057744126781,0.014913702104443736],[-0.003994741635118857,-0.001331580545039619,0.023702133701705222],[-0.003728425526110934,0.0005326322180158477,0.027430559227816155],[-0.004261057744126781,0.001864212763055467,0.026098978682776535]]",1071.2007332055,1071.2017865130001,21.875,180753,"[1827, 3739, -3379]","[[16, -15, 56], [5, -15, 89], [-2, -14, 103], [-7, -16, 98]]"
6.693049,7.070781,body,0.000000,0.000000,0.000000,0.000000,0.000000,0.000000,0.000000,0.000000,0.000000,0.000000,0.000000,0.000000,6.687005,-3.264494,-6.054936,-0.004794,0.001531,0.004993,bmi088,0.0099774069999512,"[[-0.004793689962142629,0.001864212763055467,0.01944107595757844],[-0.0055926382891664005,0.0021305288720633907,0.01038632825130903],[-0.004793689962142629,0.001597896654047543,0.0005326322180158477],[-0.003994741635118857,0.0005326322180158477,-0.01038632825130903]]",1071.2107106125,1071.211767201,21.875,181012,"[1818, 3724, -3372]","[[-7, -18, 73], [-8, -21, 39], [-6, -18, 2], [-2, -15, -39]]"
6.703050,7.080898,body,0.000000,0.000000,0.000000,0.000000,0.000000,0.000000,0.000000,0.000000,0.000000,0.000000,0.000000,0.000000,6.679823,-3.286042,-6.036979,-0.001531,-0.002131,-0.023236,bmi088,0.010007585000039398,"[[-0.001864212763055467,-0.0010652644360316954,-0.01997370817559429],[-0.001597896654047543,-0.0023968449810713144,-0.02636529479178446],[-0.001597896654047543,-0.0023968449810713144,-0.026098978682776535],[-0.0010652644360316954,-0.002663161090079238,-0.020506340393610135]]",1071.2207181975,1071.2217724174998,21.875,181271,"[1830, 3720, -3362]","[[4, -7, -75], [9, -6, -99], [9, -6, -98], [10, -4, -77]]"
6.713047,7.090937,body,0.000000,0.000000,0.000000,0.000000,0.000000,0.000000,0.000000,0.000000,0.000000,0.000000,0.000000,0.000000,6.704962,-3.259107,-6.047753,0.000932,-0.004194,0.002530,bmi088,0.009969150999950216,"[[0.0007989483270237715,-0.002663161090079238,-0.010918960469324878],[0.002663161090079238,-0.004527373853134706,-0.0005326322180158477],[0.001597896654047543,-0.004793689962142629,0.007723167161229791],[-0.001331580545039619,-0.004793689962142629,0.01384843766841204]]",1071.2306873485,1071.2317330565,21.875,181528,"[1815, 3734, -3368]","[[10, 3, -41], [17, 10, -2], [18, 6, 29], [18, -5, 52]]"
6.723051,7.101289,body,0.000000,0.000000,0.000000,0.000000,0.000000,0.000000,0.000000,0.000000,0.000000,0.000000,0.000000,0.000000,6.706757,-3.262698,-6.080075,-0.007390,-0.004461,0.019241,bmi088,0.010082452000006015,"[[-0.00692421883420602,-0.004527373853134706,0.017576863194522972],[-0.008788431597261486,-0.004793689962142629,0.021571604829641832],[-0.008788431597261486,-0.005060006071150553,0.020506340393610135],[-0.005060006071150553,-0.00346210941710301,0.01731054708551505]]",1071.2407698005,1071.2419715629999,21.875,181793,"[1817, 3735, -3386]","[[17, -26, 66], [18, -33, 81], [19, -33, 77], [13, -19, 65]]"
6.733049,7.111172,body,0.000000,0.000000,0.000000,0.000000,0.000000,0.000000,0.000000,0.000000,0.000000,0.000000,0.000000,0.000000,6.724714,-3.266290,-6.071097,0.000200,-0.001398,0.002397,bmi088,0.009908429000006436,"[[-0.001597896654047543,-0.001331580545039619,0.010652644360316953],[0.00026631610900792384,0.0,0.005060006071150553],[0.001331580545039619,-0.001331580545039619,-0.0005326322180158477],[0.0007989483270237715,-0.0029294771990871623,-0.0055926382891664005]]",1071.2506782295,1071.251729697,21.875,182046,"[1819, 3745, -3381]","[[5, -6, 40], [0, 1, 19], [5, 5, -2], [11, 3, -21]]"
6.743050,7.121328,body,0.000000,0.000000,0.000000,0.000000,0.000000,0.000000,0.000000,0.000000,0.000000,0.000000,0.000000,0.000000,6.679823,-3.275268,-6.054936,0.002330,-0.005593,-0.011718,bmi088,0.01003254600004766,"[[0.0010652644360316954,-0.004527373853134706,-0.009054747706269411],[0.001331580545039619,-0.0055926382891664005,-0.01171790879634865],[0.0029294771990871623,-0.006125270507182248,-0.013049489341388268],[0.003994741635118857,-0.006125270507182248,-0.013049489341388268]]",1071.2607107755,1071.2617620669998,21.875,182306,"[1824, 3720, -3372]","[[17, 4, -34], [21, 5, -44], [23, 11, -49], [23, 15, -49]]"
6.753050,7.131445,body,0.000000,0.000000,0.000000,0.000000,0.000000,0.000000,0.000000,0.000000,0.000000,0.000000,0.000000,0.000000,6.695983,-3.268085,-6.042366,0.001265,-0.001332,-0.008322,bmi088,0.009994975999916278,"[[0.00346210941710301,-0.003994741635118857,-0.013049489341388268],[0.0010652644360316954,-0.0021305288720633907,-0.010918960469324878],[0.00026631610900792384,0.0,-0.007190534943213944],[0.00026631610900792384,0.0007989483270237715,-0.0021305288720633907]]",1071.2707057515,1071.2717640675,21.875,182565,"[1820, 3729, -3365]","[[15, 13, -49], [8, 4, -41], [0, 1, -27], [-3, 1, -8]]"
6.763050,7.141523,body,0.000000,0.000000,0.000000,0.000000,0.000000,0.000000,0.000000,0.000000,0.000000,0.000000,0.000000,0.000000,6.679823,-3.271677,-6.065710,0.000000,0.001132,0.007989,bmi088,0.01001276900024095,"[[0.0010652644360316954,0.0007989483270237715,0.004261057744126781],[0.0010652644360316954,0.0007989483270237715,0.007989483270237714],[0.0,0.001597896654047543,0.010120012142301106],[-0.0021305288720633907,0.001331580545039619,0.009587379924285258]]",1071.2807185205002,1071.2817596995,21.875,182823,"[1822, 3720, -3378]","[[-3, 4, 16], [-3, 4, 30], [-6, 0, 38], [-5, -8, 36]]"
6.773050,7.151758,body,0.000000,0.000000,0.000000,0.000000,0.000000,0.000000,0.000000,0.000000,0.000000,0.000000,0.000000,0.000000,6.661866,-3.269881,-6.054936,-0.002597,-0.001132,0.003862,bmi088,0.010116595999988931,"[[-0.003728425526110934,0.0007989483270237715,0.007989483270237714],[-0.003195793308095086,-0.00026631610900792384,0.005858954398174325],[-0.002663161090079238,-0.001597896654047543,0.0029294771990871623],[-0.0007989483270237715,-0.00346210941710301,-0.001331580545039619]]",1071.2908351165001,1071.2918879600002,21.875,183085,"[1821, 3710, -3372]","[[-3, -14, 30], [1, -12, 22], [6, -10, 11], [13, -3, -5]]"
6.783051,7.161797,body,0.000000,0.000000,0.000000,0.000000,0.000000,0.000000,0.000000,0.000000,0.000000,0.000000,0.000000,0.000000,6.670844,-3.257311,-6.069301,0.000932,-0.007124,-0.007124,bmi088,0.00989425099987784,"[[0.0005326322180158477,-0.005858954398174325,-0.0055926382891664005],[0.001864212763055467,-0.00692421883420602,-0.009321063815277334],[0.0007989483270237715,-0.007723167161229791,-0.00825579937924564],[0.0005326322180158477,-0.007989483270237714,-0.005326322180158476]]",1071.3007293675,1071.301785363,21.875,183342,"[1814, 3715, -3380]","[[22, 2, -21], [26, 7, -35], [29, 3, -31], [30, 2, -20]]"
6.793049,7.171953,body,0.000000,0.000000,0.000000,0.000000,0.000000,0.000000,0.000000,0.000000,0.000000,0.000000,0.000000,0.000000,6.688801,-3.257311,-6.099827,0.001132,-0.010320,0.005926,bmi088,0.01002660799986188,"[[0.0010652644360316954,-0.009321063815277334,0.00026631610900792384],[0.001864212763055467,-0.010652644360316953,0.003728425526110934],[0.0010652644360316954,-0.011185276578332801,0.008522115488253563],[0.0005326322180158477,-0.010120012142301106,0.011185276578332801]]",1071.3107559755,1071.311824212,21.875,183602,"[1814, 3725, -3397]","[[35, 4, 1], [40, 7, 14], [42, 4, 32], [38, 2, 42]]"
6.803051,7.182031,body,0.000000,0.000000,0.000000,0.000000,0.000000,0.000000,0.000000,0.000000,0.000000,0.000000,0.000000,0.000000,6.701370,-3.305794,-6.067506,-0.002197,-0.002863,0.012051,bmi088,0.009983055000247987,"[[-0.0005326322180158477,-0.00692421883420602,0.013315805450396193],[-0.001597896654047543,-0.003728425526110934,0.013315805450396193],[-0.002663161090079238,-0.001331580545039619,0.011984224905356573],[-0.003994741635118857,0.0005326322180158477,0.009587379924285258]]",1071.3207390305001,1071.3217918740002,21.875,183860,"[1841, 3732, -3379]","[[26, -2, 50], [14, -6, 50], [5, -10, 45], [-2, -15, 36]]"
6.813050,7.192070,body,0.000000,0.000000,0.000000,0.000000,0.000000,0.000000,0.000000,0.000000,0.000000,0.000000,0.000000,0.000000,6.676231,-3.269881,-6.056732,-0.002597,0.001531,0.000000,bmi088,0.009956268999758322,"[[-0.005060006071150553,0.001597896654047543,0.00692421883420602],[-0.004793689962142629,0.0029294771990871623,0.001864212763055467],[-0.0021305288720633907,0.001597896654047543,-0.001864212763055467],[0.001597896654047543,0.0,-0.00692421883420602]]",1071.3306952995,1071.331747711,21.875,184117,"[1821, 3718, -3373]","[[-6, -19, 26], [-11, -18, 7], [-6, -8, -7], [0, 6, -26]]"
6.823051,7.202344,body,0.000000,0.000000,0.000000,0.000000,0.000000,0.000000,0.000000,0.000000,0.000000,0.000000,0.000000,0.000000,6.670844,-3.277064,-6.078279,0.003995,-0.003262,-0.010919,bmi088,0.010130565000054048,"[[0.00346210941710301,-0.0023968449810713144,-0.010120012142301106],[0.004261057744126781,-0.00346210941710301,-0.011984224905356573],[0.003994741635118857,-0.004261057744126781,-0.011185276578332801],[0.004261057744126781,-0.0029294771990871623,-0.01038632825130903]]",1071.3408258645,1071.341882836,21.875,184380,"[1825, 3715, -3385]","[[9, 13, -38], [13, 16, -45], [16, 15, -42], [11, 16, -39]]"
6.833049,7.212344,body,0.000000,0.000000,0.000000,0.000000,0.000000,0.000000,0.000000,0.000000,0.000000,0.000000,0.000000,0.000000,6.685210,-3.255516,-6.090849,0.003063,-0.000866,-0.002463,bmi088,0.009880538000061279,"[[0.00346210941710301,-0.001331580545039619,-0.00825579937924564],[0.003195793308095086,0.0,-0.005326322180158476],[0.0029294771990871623,-0.0007989483270237715,0.0],[0.002663161090079238,-0.001331580545039619,0.003728425526110934]]",1071.3507064025,1071.3517649750002,21.875,184636,"[1813, 3723, -3392]","[[5, 13, -31], [0, 12, -20], [3, 11, 0], [5, 10, 14]]"
6.843049,7.222422,body,0.000000,0.000000,0.000000,0.000000,0.000000,0.000000,0.000000,0.000000,0.000000,0.000000,0.000000,0.000000,6.688801,-3.259107,-6.056732,0.001132,-0.000399,0.005393,bmi088,0.010008720000087123,"[[0.002663161090079238,-0.001331580545039619,0.007190534943213944],[0.001864212763055467,-0.00026631610900792384,0.006125270507182248],[0.0007989483270237715,0.00026631610900792384,0.005326322180158476],[-0.0007989483270237715,-0.00026631610900792384,0.0029294771990871623]]",1071.3607151225,1071.3617603174998,21.875,184894,"[1815, 3725, -3373]","[[5, 10, 27], [1, 7, 23], [-1, 3, 20], [1, -3, 11]]"
6.853050,7.232539,body,0.000000,0.000000,0.000000,0.000000,0.000000,0.000000,0.000000,0.000000,0.000000,0.000000,0.000000,0.000000,6.676231,-3.241150,-6.040571,0.002597,-0.001332,-0.000999,bmi088,0.00997650999988764,"[[0.00026631610900792384,0.0,0.0010652644360316954],[0.001864212763055467,-0.00026631610900792384,-0.0005326322180158477],[0.003195793308095086,-0.001331580545039619,-0.0021305288720633907],[0.005060006071150553,-0.003728425526110934,-0.0023968449810713144]]",1071.3706916325,1071.371749484,21.875,185153,"[1805, 3718, -3364]","[[0, 1, 4], [1, 7, -2], [5, 12, -8], [14, 19, -9]]"
6.863050,7.242656,body,0.000000,0.000000,0.000000,0.000000,0.000000,0.000000,0.000000,0.000000,0.000000,0.000000,0.000000,0.000000,6.656479,-3.239355,-6.069301,0.004594,-0.007657,-0.004261,bmi088,0.010013936000177637,"[[0.006125270507182248,-0.005326322180158476,-0.003994741635118857],[0.006391586616190172,-0.007190534943213944,-0.0055926382891664005],[0.003728425526110934,-0.008522115488253563,-0.005060006071150553],[0.0021305288720633907,-0.009587379924285258,-0.0023968449810713144]]",1071.3807055685002,1071.381755068,21.875,185412,"[1804, 3707, -3380]","[[20, 23, -15], [27, 24, -21], [32, 14, -19], [36, 8, -9]]"
6.873050,7.252852,body,0.000000,0.000000,0.000000,0.000000,0.000000,0.000000,0.000000,0.000000,0.000000,0.000000,0.000000,0.000000,6.681618,-3.278859,-6.078279,0.001132,-0.008722,0.004527,bmi088,0.010116227999787952,"[[0.001864212763055467,-0.009853696033293183,0.0005326322180158477],[0.001597896654047543,-0.010120012142301106,0.003994741635118857],[0.0010652644360316954,-0.008788431597261486,0.005858954398174325],[0.0,-0.006125270507182248,0.007723167161229791]]",1071.3908217965,1071.391867104,21.875,185673,"[1826, 3721, -3385]","[[37, 7, 2], [38, 6, 15], [33, 4, 22], [23, 0, 29]]"
6.883049,7.262852,body,0.000000,0.000000,0.000000,0.000000,0.000000,0.000000,0.000000,0.000000,0.000000,0.000000,0.000000,0.000000,6.701370,-3.296816,-6.072893,-0.002064,-0.000999,0.007856,bmi088,0.009858680999968783,"[[-0.0007989483270237715,-0.002663161090079238,0.007723167161229791],[-0.001864212763055467,-0.0007989483270237715,0.008788431597261486],[-0.003195793308095086,0.0,0.007989483270237714],[-0.0023968449810713144,-0.0005326322180158477,0.00692421883420602]]",1071.4006804775,1071.401722969,21.875,185929,"[1836, 3732, -3382]","[[10, -3, 29], [3, -7, 33], [0, -12, 30], [2, -9, 26]]"
6.893052,7.272930,body,0.000000,0.000000,0.000000,0.000000,0.000000,0.000000,0.000000,0.000000,0.000000,0.000000,0.000000,0.000000,6.687005,-3.262698,-6.058527,0.000866,0.000067,0.002330,bmi088,0.010003855999912048,"[[-0.0010652644360316954,-0.0007989483270237715,0.004527373853134706],[0.0007989483270237715,0.0,0.0029294771990871623],[0.001597896654047543,0.0007989483270237715,0.0021305288720633907],[0.0021305288720633907,0.00026631610900792384,-0.00026631610900792384]]",1071.4106843334998,1071.411714024,21.875,186187,"[1817, 3724, -3374]","[[3, -4, 17], [0, 3, 11], [-3, 6, 8], [-1, 8, -1]]"
6.903050,7.283125,body,0.000000,0.000000,0.000000,0.000000,0.000000,0.000000,0.000000,0.000000,0.000000,0.000000,0.000000,0.000000,6.654684,-3.264494,-6.045958,0.004461,-0.001664,-0.007790,bmi088,0.010048625000308675,"[[0.003728425526110934,-0.0007989483270237715,-0.003195793308095086],[0.005326322180158476,-0.001864212763055467,-0.006657902725198096],[0.005060006071150553,-0.001597896654047543,-0.009321063815277334],[0.003728425526110934,-0.0023968449810713144,-0.011984224905356573]]",1071.4207329585001,1071.421772458,21.875,186448,"[1818, 3706, -3367]","[[3, 14, -12], [7, 20, -25], [6, 19, -35], [9, 14, -45]]"
6.913051,7.293320,body,0.000000,0.000000,0.000000,0.000000,0.000000,0.000000,0.000000,0.000000,0.000000,0.000000,0.000000,0.000000,6.690597,-3.284246,-6.053140,0.003396,-0.004727,-0.005792,bmi088,0.010102851999818085,"[[0.0029294771990871623,-0.003728425526110934,-0.012516857123372421],[0.003994741635118857,-0.004793689962142629,-0.01038632825130903],[0.00346210941710301,-0.005060006071150553,-0.003994741635118857],[0.003195793308095086,-0.005326322180158476,0.003728425526110934]]",1071.4308358105,1071.4318830855,21.875,186709,"[1829, 3726, -3371]","[[14, 11, -47], [18, 15, -39], [19, 13, -15], [20, 12, 14]]"
6.923050,7.303398,body,0.000000,0.000000,0.000000,0.000000,0.000000,0.000000,0.000000,0.000000,0.000000,0.000000,0.000000,0.000000,6.690597,-3.264494,-6.110601,0.005193,-0.002463,0.013116,bmi088,0.009970510000130162,"[[0.002663161090079238,-0.005060006071150553,0.009321063815277334],[0.003994741635118857,-0.004261057744126781,0.013582121559404116],[0.006125270507182248,-0.001331580545039619,0.014913702104443736],[0.007989483270237714,0.0007989483270237715,0.01464738599543581]]",1071.4408063205,1071.4418449235,21.875,186967,"[1818, 3726, -3403]","[[19, 10, 35], [16, 15, 51], [5, 23, 56], [-3, 30, 55]]"
6.933050,7.313438,body,0.000000,0.000000,0.000000,0.000000,0.000000,0.000000,0.000000,0.000000,0.000000,0.000000,0.000000,0.000000,6.692392,-3.264494,-6.074688,0.006525,0.003063,0.001065,bmi088,0.009905994999826362,"[[0.008788431597261486,0.0023968449810713144,0.011451592687340724],[0.007989483270237714,0.003994741635118857,0.005326322180158476],[0.005858954398174325,0.003728425526110934,-0.001864212763055467],[0.00346210941710301,0.0021305288720633907,-0.010652644360316953]]",1071.4507123155,1071.4517526625,21.875,187224,"[1818, 3727, -3383]","[[-9, 33, 43], [-15, 30, 20], [-14, 22, -7], [-8, 13, -40]]"
6.943050,7.323555,body,0.000000,0.000000,0.000000,0.000000,0.000000,0.000000,0.000000,0.000000,0.000000,0.000000,0.000000,0.000000,6.667253,-3.269881,-6.053140,0.001065,-0.000266,-0.016312,bmi088,0.010001790999922378,"[[0.0021305288720633907,0.0,-0.016245282649483356],[0.001597896654047543,-0.0005326322180158477,-0.01864212763055467],[0.0005326322180158477,-0.00026631610900792384,-0.01731054708551505],[0.0,-0.00026631610900792384,-0.013049489341388268]]",1071.4607141064998,1071.4617698145,21.875,187483,"[1821, 3713, -3371]","[[0, 8, -61], [2, 6, -70], [1, 2, -65], [1, 0, -49]]"
6.953050,7.333672,body,0.000000,0.000000,0.000000,0.000000,0.000000,0.000000,0.000000,0.000000,0.000000,0.000000,0.000000,0.000000,6.667253,-3.250129,-6.069301,0.004594,-0.000399,-0.000799,bmi088,0.009999792000144225,"[[0.0007989483270237715,-0.0010652644360316954,-0.00692421883420602],[0.003195793308095086,-0.0010652644360316954,-0.0021305288720633907],[0.006391586616190172,0.0,0.001864212763055467],[0.007989483270237714,0.0005326322180158477,0.003994741635118857]]",1071.4707138985,1071.4717625335002,21.875,187742,"[1810, 3713, -3380]","[[4, 3, -26], [4, 12, -8], [0, 24, 7], [-2, 30, 15]]"
6.963051,7.343828,body,0.000000,0.000000,0.000000,0.000000,0.000000,0.000000,0.000000,0.000000,0.000000,0.000000,0.000000,0.000000,6.670844,-3.241150,-6.069301,0.002929,-0.001731,0.004194,bmi088,0.010034976000042661,"[[0.008788431597261486,0.0007989483270237715,0.0055926382891664005],[0.005858954398174325,-0.0010652644360316954,0.004527373853134706],[0.001331580545039619,-0.0023968449810713144,0.003994741635118857],[-0.004261057744126781,-0.004261057744126781,0.002663161090079238]]",1071.4807488745,1071.4818061024998,21.875,188002,"[1805, 3715, -3380]","[[-3, 33, 21], [4, 22, 17], [9, 5, 15], [16, -16, 10]]"
6.973050,7.354023,body,0.000000,0.000000,0.000000,0.000000,0.000000,0.000000,0.000000,0.000000,0.000000,0.000000,0.000000,0.000000,6.701370,-3.260903,-6.076484,-0.006924,-0.001198,0.003462,bmi088,0.010090594999837776,"[[-0.00692421883420602,-0.003728425526110934,0.003728425526110934],[-0.007989483270237714,-0.0021305288720633907,0.00346210941710301],[-0.006657902725198096,0.0,0.003195793308095086],[-0.006125270507182248,0.0010652644360316954,0.00346210941710301]]",1071.4908394694999,1071.491900794,21.875,188263,"[1816, 3732, -3384]","[[14, -26, 14], [8, -30, 13], [0, -25, 12], [-4, -23, 13]]"
6.983051,7.364023,body,0.000000,0.000000,0.000000,0.000000,0.000000,0.000000,0.000000,0.000000,0.000000,0.000000,0.000000,0.000000,6.710349,-3.278859,-6.045958,-0.001664,-0.000866,0.002463,bmi088,0.009880971000256977,"[[-0.00346210941710301,0.0005326322180158477,0.003195793308095086],[-0.0021305288720633907,-0.0007989483270237715,0.004261057744126781],[-0.001331580545039619,-0.001597896654047543,0.0023968449810713144],[0.00026631610900792384,-0.001597896654047543,0.0]]",1071.5007204405001,1071.50178626,21.875,188519,"[1826, 3737, -3367]","[[-2, -13, 12], [3, -8, 16], [6, -5, 9], [6, 1, 0]]"
6.993051,7.374141,body,0.000000,0.000000,0.000000,0.000000,0.000000,0.000000,0.000000,0.000000,0.000000,0.000000,0.000000,0.000000,6.676231,-3.268085,-6.053140,0.002730,-0.006125,-0.007923,bmi088,0.010016207499802476,"[[0.0010652644360316954,-0.0023968449810713144,-0.00346210941710301],[0.003195793308095086,-0.003994741635118857,-0.00692421883420602],[0.00346210941710301,-0.007456851052221868,-0.010120012142301106],[0.003195793308095086,-0.010652644360316953,-0.011185276578332801]]",1071.510736648,1071.5118009799999,21.875,188778,"[1820, 3718, -3371]","[[9, 4, -13], [15, 12, -26], [28, 13, -38], [40, 12, -42]]"
7.003049,7.384219,body,0.000000,0.000000,0.000000,0.000000,0.000000,0.000000,0.000000,0.000000,0.000000,0.000000,0.000000,0.000000,6.690597,-3.269881,-6.089053,-0.004328,-0.009388,-0.000333,bmi088,0.009986478499968143,"[[-0.00026631610900792384,-0.012250541014364496,-0.009054747706269411],[-0.003728425526110934,-0.011451592687340724,-0.004261057744126781],[-0.006657902725198096,-0.008788431597261486,0.0023968449810713144],[-0.006657902725198096,-0.005060006071150553,0.009587379924285258]]",1071.5207231265,1071.521784467,21.875,189036,"[1821, 3726, -3391]","[[46, -1, -34], [43, -14, -16], [33, -25, 9], [19, -25, 36]]"
7.013052,7.394297,body,0.000000,0.000000,0.000000,0.000000,0.000000,0.000000,0.000000,0.000000,0.000000,0.000000,0.000000,0.000000,6.685210,-3.260903,-6.089053,-0.001531,0.000799,0.019042,bmi088,0.00996411000005537,"[[-0.005326322180158476,-0.0010652644360316954,0.016777914867499202],[-0.002663161090079238,0.0010652644360316954,0.021571604829641832],[0.00026631610900792384,0.001864212763055467,0.021305288720633905],[0.001597896654047543,0.001331580545039619,0.01651159875849128]]",1071.5306872365,1071.5317418085,21.875,189294,"[1816, 3723, -3391]","[[4, -20, 63], [-4, -10, 81], [-7, 1, 80], [-5, 6, 62]]"
7.023050,7.404570,body,0.000000,0.000000,0.000000,0.000000,0.000000,0.000000,0.000000,0.000000,0.000000,0.000000,0.000000,0.000000,6.670844,-3.250129,-6.051345,0.000466,-0.000333,-0.007790,bmi088,0.010147733500161848,"[[0.001331580545039619,0.0005326322180158477,0.007456851052221868],[0.0,0.00026631610900792384,-0.002663161090079238],[0.0,-0.0007989483270237715,-0.01384843766841204],[0.0005326322180158477,-0.001331580545039619,-0.02210423704765768]]",1071.54083497,1071.541888198,21.875,189557,"[1810, 3715, -3370]","[[-2, 5, 28], [-1, 0, -10], [3, 0, -52], [5, 2, -83]]"
7.033050,7.414531,body,0.000000,0.000000,0.000000,0.000000,0.000000,0.000000,0.000000,0.000000,0.000000,0.000000,0.000000,0.000000,6.669049,-3.273472,-6.042366,0.001198,-0.004527,-0.019175,bmi088,0.009829976499986515,"[[0.0005326322180158477,-0.00346210941710301,-0.026631610900792385],[0.0005326322180158477,-0.005060006071150553,-0.02423476591972107],[0.001331580545039619,-0.005326322180158476,-0.017576863194522972],[0.0023968449810713144,-0.004261057744126781,-0.00825579937924564]]",1071.5506649465,1071.5517247505,21.875,189812,"[1823, 3714, -3365]","[[13, 2, -100], [19, 2, -91], [20, 5, -66], [16, 9, -31]]"
7.043050,7.424648,body,0.000000,0.000000,0.000000,0.000000,0.000000,0.000000,0.000000,0.000000,0.000000,0.000000,0.000000,0.000000,6.694188,-3.260903,-6.069301,0.000932,-0.001798,0.009920,bmi088,0.010037696499921367,"[[0.001597896654047543,-0.00346210941710301,0.0007989483270237715],[0.0010652644360316954,-0.0023968449810713144,0.008788431597261486],[0.00026631610900792384,-0.001331580545039619,0.013582121559404116],[0.0007989483270237715,0.0,0.01651159875849128]]",1071.560702643,1071.5617491664998,21.875,190071,"[1816, 3728, -3380]","[[13, 6, 3], [9, 4, 33], [5, 1, 51], [0, 3, 62]]"
7.053048,7.434922,body,0.000000,0.000000,0.000000,0.000000,0.000000,0.000000,0.000000,0.000000,0.000000,0.000000,0.000000,0.000000,6.683414,-3.251924,-6.072893,-0.003728,-0.000200,0.011318,bmi088,0.010136708500112945,"[[-0.001864212763055467,0.0,0.01651159875849128],[-0.003728425526110934,0.0005326322180158477,0.015180018213451659],[-0.005060006071150553,0.0,0.009853696033293183],[-0.004261057744126781,-0.001331580545039619,0.003728425526110934]]",1071.5708393515001,1071.5719070765,21.875,190334,"[1811, 3722, -3382]","[[0, -7, 62], [-2, -14, 57], [0, -19, 37], [5, -16, 14]]"
7.063051,7.444883,body,0.000000,0.000000,0.000000,0.000000,0.000000,0.000000,0.000000,0.000000,0.000000,0.000000,0.000000,0.000000,6.667253,-3.262698,-6.065710,-0.005593,-0.002530,-0.007324,bmi088,0.00986471399983202,"[[-0.003994741635118857,-0.0029294771990871623,-0.002663161090079238],[-0.0055926382891664005,-0.0029294771990871623,-0.007456851052221868],[-0.006657902725198096,-0.0023968449810713144,-0.009587379924285258],[-0.006125270507182248,-0.001864212763055467,-0.009587379924285258]]",1071.5807040655,1071.581753613,21.875,190589,"[1817, 3713, -3378]","[[11, -15, -10], [11, -21, -28], [9, -25, -36], [7, -23, -36]]"
7.073050,7.455078,body,0.000000,0.000000,0.000000,0.000000,0.000000,0.000000,0.000000,0.000000,0.000000,0.000000,0.000000,0.000000,6.687005,-3.275268,-6.076484,0.000466,-0.001664,-0.004128,bmi088,0.010094882999965193,"[[-0.00346210941710301,-0.001864212763055467,-0.007190534943213944],[-0.0005326322180158477,-0.001597896654047543,-0.0055926382891664005],[0.0021305288720633907,-0.0010652644360316954,-0.003195793308095086],[0.003728425526110934,-0.0021305288720633907,-0.0005326322180158477]]",1071.5907989485,1071.591859649,21.875,190850,"[1824, 3724, -3384]","[[7, -13, -27], [6, -2, -21], [4, 8, -12], [8, 14, -2]]"
7.083050,7.465078,body,0.000000,0.000000,0.000000,0.000000,0.000000,0.000000,0.000000,0.000000,0.000000,0.000000,0.000000,0.000000,6.695983,-3.269881,-6.078279,0.001265,-0.003928,0.000466,bmi088,0.00989727500018489,"[[0.0023968449810713144,-0.0029294771990871623,0.001331580545039619],[0.0010652644360316954,-0.004527373853134706,0.0010652644360316954],[0.00026631610900792384,-0.004527373853134706,0.0],[0.001331580545039619,-0.003728425526110934,-0.0005326322180158477]]",1071.6006962235,1071.601737339,21.875,191106,"[1821, 3729, -3385]","[[11, 9, 5], [17, 4, 4], [17, 1, 0], [14, 5, -2]]"
7.093050,7.475195,body,0.000000,0.000000,0.000000,0.000000,0.000000,0.000000,0.000000,0.000000,0.000000,0.000000,0.000000,0.000000,6.706757,-3.232172,-6.058527,-0.002663,0.000067,0.003995,bmi088,0.01001364800004012,"[[-0.00026631610900792384,-0.001864212763055467,0.0007989483270237715],[-0.0029294771990871623,-0.00026631610900792384,0.003195793308095086],[-0.003994741635118857,0.0007989483270237715,0.0055926382891664005],[-0.00346210941710301,0.001597896654047543,0.006391586616190172]]",1071.6107098715001,1071.611753563,21.875,191365,"[1800, 3735, -3374]","[[7, -1, 3], [1, -11, 12], [-3, -15, 21], [-6, -13, 24]]"
7.103050,7.485352,body,0.000000,0.000000,0.000000,0.000000,0.000000,0.000000,0.000000,0.000000,0.000000,0.000000,0.000000,0.000000,6.688801,-3.260903,-6.045958,-0.003262,-0.000466,0.003595,bmi088,0.010045120999848223,"[[-0.0023968449810713144,0.001597896654047543,0.006391586616190172],[-0.0029294771990871623,0.0,0.0055926382891664005],[-0.003994741635118857,-0.001331580545039619,0.0029294771990871623],[-0.003728425526110934,-0.0021305288720633907,-0.0005326322180158477]]",1071.6207549925,1071.6218073405,21.875,191625,"[1816, 3725, -3367]","[[-6, -9, 24], [0, -11, 21], [5, -15, 11], [8, -14, -2]]"
7.113050,7.495430,body,0.000000,0.000000,0.000000,0.000000,0.000000,0.000000,0.000000,0.000000,0.000000,0.000000,0.000000,0.000000,6.679823,-3.275268,-6.054936,0.002796,-0.004328,-0.003529,bmi088,0.00994127700005265,"[[-0.001597896654047543,-0.0029294771990871623,-0.003728425526110934],[0.001864212763055467,-0.003994741635118857,-0.00346210941710301],[0.005060006071150553,-0.004793689962142629,-0.003195793308095086],[0.005858954398174325,-0.0055926382891664005,-0.003728425526110934]]",1071.6306962695,1071.6317423609999,21.875,191883,"[1824, 3720, -3372]","[[11, -6, -14], [15, 7, -13], [18, 19, -12], [21, 22, -14]]"
7.123051,7.505586,body,0.000000,0.000000,0.000000,0.000000,0.000000,0.000000,0.000000,0.000000,0.000000,0.000000,0.000000,0.000000,6.678027,-3.293224,-6.058527,0.002863,-0.005992,0.000333,bmi088,0.01006392199997208,"[[0.004261057744126781,-0.0055926382891664005,-0.004527373853134706],[0.0021305288720633907,-0.005858954398174325,-0.002663161090079238],[0.001864212763055467,-0.005858954398174325,0.001864212763055467],[0.003195793308095086,-0.006657902725198096,0.006657902725198096]]",1071.6407601915,1071.641812715,21.875,192143,"[1834, 3719, -3374]","[[21, 16, -17], [22, 8, -10], [22, 7, 7], [25, 12, 25]]"
7.133051,7.515664,body,0.000000,0.000000,0.000000,0.000000,0.000000,0.000000,0.000000,0.000000,0.000000,0.000000,0.000000,0.000000,6.692392,-3.269881,-6.065710,0.000732,-0.003462,0.010586,bmi088,0.009970238000050813,"[[0.004261057744126781,-0.005858954398174325,0.009321063815277334],[0.001864212763055467,-0.004261057744126781,0.010652644360316953],[-0.00026631610900792384,-0.0023968449810713144,0.011185276578332801],[-0.0029294771990871623,-0.001331580545039619,0.011185276578332801]]",1071.6507304295,1071.651776361,21.875,192401,"[1821, 3727, -3378]","[[22, 16, 35], [16, 7, 40], [9, -1, 42], [5, -11, 42]]"
7.143050,7.525781,body,0.000000,0.000000,0.000000,0.000000,0.000000,0.000000,0.000000,0.000000,0.000000,0.000000,0.000000,0.000000,6.695983,-3.275268,-6.060323,-0.001398,0.000533,0.005326,bmi088,0.009970734000035009,"[[-0.0029294771990871623,-0.0007989483270237715,0.009321063815277334],[-0.003195793308095086,0.0007989483270237715,0.007190534943213944],[-0.0007989483270237715,0.0010652644360316954,0.004261057744126781],[0.001331580545039619,0.0010652644360316954,0.0005326322180158477]]",1071.6607011635,1071.661756231,21.875,192660,"[1824, 3729, -3375]","[[3, -11, 35], [-3, -12, 27], [-4, -3, 16], [-4, 5, 2]]"
7.153051,7.535859,body,0.000000,0.000000,0.000000,0.000000,0.000000,0.000000,0.000000,0.000000,0.000000,0.000000,0.000000,0.000000,6.694188,-3.280655,-6.065710,0.006591,-0.000732,-0.004194,bmi088,0.009990958999878785,"[[0.004261057744126781,-0.00026631610900792384,-0.003195793308095086],[0.005858954398174325,-0.0007989483270237715,-0.004793689962142629],[0.00825579937924564,-0.001331580545039619,-0.004261057744126781],[0.007989483270237714,-0.0005326322180158477,-0.004527373853134706]]",1071.6706921225,1071.6717379259999,21.875,192918,"[1827, 3728, -3378]","[[1, 16, -12], [3, 22, -18], [5, 31, -16], [2, 30, -17]]"
7.163051,7.545977,body,0.000000,0.000000,0.000000,0.000000,0.000000,0.000000,0.000000,0.000000,0.000000,0.000000,0.000000,0.000000,6.685210,-3.251924,-6.080075,0.003595,0.001332,-0.007324,bmi088,0.010021552000125666,"[[0.006657902725198096,0.0007989483270237715,-0.006125270507182248],[0.003728425526110934,0.001864212763055467,-0.009054747706269411],[0.0023968449810713144,0.0021305288720633907,-0.008522115488253563],[0.001597896654047543,0.0005326322180158477,-0.0055926382891664005]]",1071.6807136745,1071.6817606939999,21.875,193177,"[1811, 3723, -3386]","[[-3, 25, -23], [-7, 14, -34], [-8, 9, -32], [-2, 6, -21]]"
7.173050,7.556133,body,0.000000,0.000000,0.000000,0.000000,0.000000,0.000000,0.000000,0.000000,0.000000,0.000000,0.000000,0.000000,6.694188,-3.277064,-6.083666,0.000266,-0.002131,0.002330,bmi088,0.010057473999950162,"[[0.001864212763055467,-0.001331580545039619,0.0],[0.001597896654047543,-0.003195793308095086,0.003195793308095086],[-0.00026631610900792384,-0.002663161090079238,0.003728425526110934],[-0.0021305288720633907,-0.001331580545039619,0.0023968449810713144]]",1071.6907711485,1071.6918136555,21.875,193437,"[1825, 3728, -3388]","[[5, 7, 0], [12, 6, 12], [10, -1, 14], [5, -8, 9]]"
7.183049,7.566172,body,0.000000,0.000000,0.000000,0.000000,0.000000,0.000000,0.000000,0.000000,0.000000,0.000000,0.000000,0.000000,6.663662,-3.260903,-6.078279,0.000599,0.000732,-0.002064,bmi088,0.009922843999902398,"[[-0.0023968449810713144,-0.00026631610900792384,0.0007989483270237715],[-0.00026631610900792384,0.0005326322180158477,0.0],[0.001864212763055467,0.0007989483270237715,-0.0021305288720633907],[0.003195793308095086,0.001864212763055467,-0.00692421883420602]]",1071.7006939925,1071.7017360835,21.875,193694,"[1816, 3711, -3385]","[[1, -9, 3], [-2, -1, 0], [-3, 7, -8], [-7, 12, -26]]"
7.193050,7.576406,body,0.000000,0.000000,0.000000,0.000000,0.000000,0.000000,0.000000,0.000000,0.000000,0.000000,0.000000,0.000000,6.676231,-3.259107,-6.065710,0.000999,0.001398,-0.011185,bmi088,0.010004159000118307,"[[0.0029294771990871623,0.001331580545039619,-0.010120012142301106],[0.0021305288720633907,0.001864212763055467,-0.01171790879634865],[0.00026631610900792384,0.001597896654047543,-0.011185276578332801],[-0.001331580545039619,0.0007989483270237715,-0.01171790879634865]]",1071.7106981515,1071.7117833485,21.875,193956,"[1815, 3718, -3378]","[[-5, 11, -38], [-7, 8, -44], [-6, 1, -42], [-3, -5, -44]]"
7.203050,7.586445,body,0.000000,0.000000,0.000000,0.000000,0.000000,0.000000,0.000000,0.000000,0.000000,0.000000,0.000000,0.000000,6.681618,-3.275268,-6.078279,0.001132,-0.006392,-0.003995,bmi088,0.010016319999749612,"[[-0.0010652644360316954,-0.0021305288720633907,-0.009587379924285258],[0.0005326322180158477,-0.0055926382891664005,-0.005326322180158476],[0.0021305288720633907,-0.008522115488253563,-0.001331580545039619],[0.0029294771990871623,-0.009321063815277334,0.00026631610900792384]]",1071.7207144714998,1071.721763171,21.875,194213,"[1824, 3721, -3385]","[[8, -4, -36], [21, 2, -20], [32, 8, -5], [35, 11, 1]]"
7.213046,7.596563,body,0.000000,0.000000,0.000000,0.000000,0.000000,0.000000,0.000000,0.000000,0.000000,0.000000,0.000000,0.000000,6.697779,-3.264494,-6.099827,0.000200,-0.006325,0.006192,bmi088,0.010017040000093402,"[[0.0021305288720633907,-0.008522115488253563,0.0021305288720633907],[0.00026631610900792384,-0.00692421883420602,0.004793689962142629],[-0.0005326322180158477,-0.0055926382891664005,0.007989483270237714],[-0.0010652644360316954,-0.004261057744126781,0.009853696033293183]]",1071.7307315115,1071.7317814915,21.875,194472,"[1818, 3730, -3397]","[[32, 8, 8], [26, 1, 18], [21, -2, 30], [16, -4, 37]]"
7.223046,7.606875,body,0.000000,0.000000,0.000000,0.000000,0.000000,0.000000,0.000000,0.000000,0.000000,0.000000,0.000000,0.000000,6.685210,-3.257311,-6.063914,-0.001198,-0.002929,0.013649,bmi088,0.010211991999995007,"[[-0.0007989483270237715,-0.003994741635118857,0.01171790879634865],[-0.001597896654047543,-0.00346210941710301,0.014114753777419964],[-0.001331580545039619,-0.002663161090079238,0.015180018213451659],[-0.0010652644360316954,-0.001597896654047543,0.013582121559404116]]",1071.7409435035,1071.741984731,21.875,194736,"[1814, 3723, -3377]","[[15, -3, 44], [13, -6, 53], [10, -5, 57], [6, -4, 51]]"
7.233049,7.616758,body,0.000000,0.000000,0.000000,0.000000,0.000000,0.000000,0.000000,0.000000,0.000000,0.000000,0.000000,0.000000,6.690597,-3.277064,-6.044162,0.003262,-0.001931,0.002330,bmi088,0.009768822000069122,"[[0.0007989483270237715,-0.0010652644360316954,0.009587379924285258],[0.0023968449810713144,-0.001864212763055467,0.003994741635118857],[0.004527373853134706,-0.001864212763055467,-0.00026631610900792384],[0.005326322180158476,-0.0029294771990871623,-0.003994741635118857]]",1071.7507123255,1071.751772305,21.875,194989,"[1825, 3726, -3366]","[[4, 3, 36], [7, 9, 15], [7, 17, -1], [11, 20, -15]]"
7.243050,7.627031,body,0.000000,0.000000,0.000000,0.000000,0.000000,0.000000,0.000000,0.000000,0.000000,0.000000,0.000000,0.000000,6.656479,-3.269881,-6.051345,0.004927,-0.005459,-0.006059,bmi088,0.010141492999991897,"[[0.005326322180158476,-0.003994741635118857,-0.005858954398174325],[0.005326322180158476,-0.0055926382891664005,-0.007190534943213944],[0.004793689962142629,-0.006125270507182248,-0.006657902725198096],[0.004261057744126781,-0.006125270507182248,-0.004527373853134706]]",1071.7608538185,1071.7619086304999,21.875,195252,"[1821, 3707, -3370]","[[15, 20, -22], [21, 20, -27], [23, 18, -25], [23, 16, -17]]"
7.253050,7.636992,body,0.000000,0.000000,0.000000,0.000000,0.000000,0.000000,0.000000,0.000000,0.000000,0.000000,0.000000,0.000000,6.683414,-3.244742,-6.072893,0.005659,-0.006125,0.007723,bmi088,0.009841849000167713,"[[0.005060006071150553,-0.005858954398174325,-0.0005326322180158477],[0.006125270507182248,-0.006125270507182248,0.004793689962142629],[0.006391586616190172,-0.005858954398174325,0.010918960469324878],[0.005060006071150553,-0.006657902725198096,0.015712650431467506]]",1071.7706956675001,1071.7717435505,21.875,195507,"[1807, 3722, -3382]","[[22, 19, -2], [23, 23, 18], [22, 24, 41], [25, 19, 59]]"
7.263050,7.647070,body,0.000000,0.000000,0.000000,0.000000,0.000000,0.000000,0.000000,0.000000,0.000000,0.000000,0.000000,0.000000,6.690597,-3.271677,-6.078279,0.001198,-0.005459,0.014914,bmi088,0.010005662999901688,"[[0.0029294771990871623,-0.006391586616190172,0.01864212763055467],[0.0010652644360316954,-0.006125270507182248,0.017576863194522972],[0.0,-0.005326322180158476,0.014114753777419964],[0.0007989483270237715,-0.003994741635118857,0.009321063815277334]]",1071.7807013305,1071.781745454,21.875,195765,"[1822, 3726, -3385]","[[24, 11, 70], [23, 4, 66], [20, 0, 53], [15, 3, 35]]"
7.273050,7.657266,body,0.000000,0.000000,0.000000,0.000000,0.000000,0.000000,0.000000,0.000000,0.000000,0.000000,0.000000,0.000000,6.690597,-3.268085,-6.062119,0.006658,0.001465,-0.001598,bmi088,0.010090147000028082,"[[0.003728425526110934,-0.00026631610900792384,0.004793689962142629],[0.006125270507182248,0.0023968449810713144,0.0005326322180158477],[0.00825579937924564,0.002663161090079238,-0.003994741635118857],[0.008522115488253563,0.0010652644360316954,-0.007723167161229791]]",1071.7907914775,1071.791845137,21.875,196026,"[1820, 3726, -3376]","[[1, 14, 18], [-9, 23, 2], [-10, 31, -15], [-4, 32, -29]]"
7.283050,7.667266,body,0.000000,0.000000,0.000000,0.000000,0.000000,0.000000,0.000000,0.000000,0.000000,0.000000,0.000000,0.000000,6.685210,-3.232172,-6.062119,0.006858,-0.001332,-0.012650,bmi088,0.009874586000023555,"[[0.00825579937924564,-0.0007989483270237715,-0.009853696033293183],[0.007190534943213944,-0.0010652644360316954,-0.011984224905356573],[0.006657902725198096,-0.001597896654047543,-0.013582121559404116],[0.005326322180158476,-0.001864212763055467,-0.015180018213451659]]",1071.8006660635,1071.801705211,21.875,196282,"[1800, 3723, -3376]","[[3, 31, -37], [4, 27, -45], [6, 25, -51], [7, 20, -57]]"
7.293049,7.677383,body,0.000000,0.000000,0.000000,0.000000,0.000000,0.000000,0.000000,0.000000,0.000000,0.000000,0.000000,0.000000,6.674436,-3.246537,-6.071097,0.003129,-0.004128,-0.010919,bmi088,0.01003324899988911,"[[0.004793689962142629,-0.003728425526110934,-0.014913702104443736],[0.003195793308095086,-0.005060006071150553,-0.012783173232380344],[0.0029294771990871623,-0.004527373853134706,-0.01038632825130903],[0.001597896654047543,-0.003195793308095086,-0.0055926382891664005]]",1071.8106993125,1071.8117332755,21.875,196541,"[1808, 3717, -3381]","[[14, 18, -56], [19, 12, -48], [17, 11, -39], [12, 6, -21]]"
7.303050,7.687539,body,0.000000,0.000000,0.000000,0.000000,0.000000,0.000000,0.000000,0.000000,0.000000,0.000000,0.000000,0.000000,6.699575,-3.268085,-6.069301,0.001931,-0.000932,0.008123,bmi088,0.0100110715000028,"[[0.001864212763055467,-0.002663161090079238,-0.00026631610900792384],[0.0021305288720633907,-0.001864212763055467,0.006657902725198096],[0.0023968449810713144,-0.0005326322180158477,0.01171790879634865],[0.001331580545039619,0.001331580545039619,0.014381069886427887]]",1071.820710384,1071.82176094,21.875,196801,"[1820, 3731, -3380]","[[10, 7, -1], [7, 8, 25], [2, 9, 44], [-5, 5, 54]]"
7.313051,7.697617,body,0.000000,0.000000,0.000000,0.000000,0.000000,0.000000,0.000000,0.000000,0.000000,0.000000,0.000000,0.000000,6.660070,-3.257311,-6.058527,0.003462,-0.000067,0.005726,bmi088,0.009990127000037319,"[[0.0010652644360316954,0.0023968449810713144,0.013582121559404116],[0.0023968449810713144,0.001331580545039619,0.009321063815277334],[0.005060006071150553,-0.0010652644360316954,0.003195793308095086],[0.005326322180158476,-0.0029294771990871623,-0.003195793308095086]]",1071.830700511,1071.8317440424998,21.875,197059,"[1814, 3709, -3374]","[[-9, 4, 51], [-5, 9, 35], [4, 19, 12], [11, 20, -12]]"
7.323051,7.707813,body,0.000000,0.000000,0.000000,0.000000,0.000000,0.000000,0.000000,0.000000,0.000000,0.000000,0.000000,0.000000,6.661866,-3.277064,-6.036979,0.002264,-0.004394,-0.010053,bmi088,0.0100804025000798,"[[0.004527373853134706,-0.0029294771990871623,-0.00825579937924564],[0.0023968449810713144,-0.0023968449810713144,-0.011451592687340724],[0.001597896654047543,-0.004793689962142629,-0.011984224905356573],[0.0005326322180158477,-0.007456851052221868,-0.008522115488253563]]",1071.8407809135,1071.8418159805,21.875,197320,"[1825, 3710, -3362]","[[11, 17, -31], [9, 9, -43], [18, 6, -45], [28, 2, -32]]"
7.333050,7.718047,body,0.000000,0.000000,0.000000,0.000000,0.000000,0.000000,0.000000,0.000000,0.000000,0.000000,0.000000,0.000000,6.690597,-3.269881,-6.092645,-0.002330,-0.007923,0.003262,bmi088,0.009968110000045272,"[[-0.00026631610900792384,-0.009054747706269411,-0.00346210941710301],[-0.001864212763055467,-0.007989483270237714,0.0021305288720633907],[-0.002663161090079238,-0.007456851052221868,0.006125270507182248],[-0.004527373853134706,-0.007190534943213944,0.00825579937924564]]",1071.8507490235002,1071.8518581575,21.875,197582,"[1821, 3726, -3393]","[[34, -1, -13], [30, -7, 8], [28, -10, 23], [27, -17, 31]]"
7.343050,7.727930,body,0.000000,0.000000,0.000000,0.000000,0.000000,0.000000,0.000000,0.000000,0.000000,0.000000,0.000000,0.000000,6.692392,-3.259107,-6.092645,-0.006791,-0.007257,0.014048,bmi088,0.009940972999856967,"[[-0.0055926382891664005,-0.007190534943213944,0.01038632825130903],[-0.007456851052221868,-0.007723167161229791,0.012783173232380344],[-0.00692421883420602,-0.007723167161229791,0.016245282649483356],[-0.007190534943213944,-0.006391586616190172,0.016777914867499202]]",1071.8606899965,1071.8617335915,21.875,197835,"[1815, 3727, -3393]","[[27, -21, 39], [29, -28, 48], [29, -26, 61], [24, -27, 63]]"
7.353050,7.738086,body,0.000000,0.000000,0.000000,0.000000,0.000000,0.000000,0.000000,0.000000,0.000000,0.000000,0.000000,0.000000,6.685210,-3.250129,-6.058527,-0.002463,-0.001265,0.009654,bmi088,0.010003471000118225,"[[-0.005326322180158476,-0.004527373853134706,0.014114753777419964],[-0.00346210941710301,-0.001331580545039619,0.01038632825130903],[-0.0005326322180158477,0.00026631610900792384,0.007723167161229791],[-0.0005326322180158477,0.0005326322180158477,0.006391586616190172]]",1071.8706934675001,1071.8717429355,21.875,198095,"[1810, 3723, -3374]","[[17, -20, 53], [5, -13, 39], [-1, -2, 29], [-2, -2, 24]]"
7.363051,7.748164,body,0.000000,0.000000,0.000000,0.000000,0.000000,0.000000,0.000000,0.000000,0.000000,0.000000,0.000000,0.000000,6.681618,-3.266290,-6.083666,-0.001132,0.000200,-0.000799,bmi088,0.009992718999910721,"[[-0.001864212763055467,0.00026631610900792384,0.003994741635118857],[-0.0029294771990871623,0.0,0.0010652644360316954],[-0.001331580545039619,0.0005326322180158477,-0.0023968449810713144],[0.001597896654047543,0.0,-0.005858954398174325]]",1071.8806861865,1071.881724966,21.875,198353,"[1819, 3721, -3388]","[[-1, -7, 15], [0, -11, 4], [-2, -5, -9], [0, 6, -22]]"
7.373051,7.758438,body,0.000000,0.000000,0.000000,0.000000,0.000000,0.000000,0.000000,0.000000,0.000000,0.000000,0.000000,0.000000,6.690597,-3.257311,-6.096236,0.003728,-0.001243,-0.008788,bmi088,0.01016903050003748,"[[0.003728425526110934,-0.00026631610900792384,-0.00825579937924564],[0.004793689962142629,-0.001331580545039619,-0.009587379924285258],[0.002663161090079238,-0.0021305288720633907,-0.008522115488253563]]",1071.890855217,1071.891890652,21.875,198616,"[1814, 3726, -3395]","[[1, 14, -31], [5, 18, -36], [8, 10, -32]]"
7.383050,7.768594,body,0.000000,0.000000,0.000000,0.000000,0.000000,0.000000,0.000000,0.000000,0.000000,0.000000,0.000000,0.000000,6.694188,-3.251924,-6.053140,0.000426,-0.002929,0.002024,bmi088,0.01000255949975326,"[[0.00026631610900792384,-0.0029294771990871623,-0.005858954398174325],[-0.001864212763055467,-0.003195793308095086,-0.001864212763055467],[-0.0005326322180158477,-0.00346210941710301,0.002663161090079238],[0.001597896654047543,-0.00346210941710301,0.006391586616190172],[0.002663161090079238,-0.001597896654047543,0.008788431597261486]]",1071.9008577764998,1071.9019154045,21.875,198876,"[1811, 3728, -3371]","[[11, 1, -22], [12, -7, -7], [13, -2, 10], [13, 6, 24], [6, 10, 33]]"
7.393049,7.778516,body,0.000000,0.000000,0.000000,0.000000,0.000000,0.000000,0.000000,0.000000,0.000000,0.000000,0.000000,0.000000,6.719327,-3.259107,-6.053140,0.001265,0.002796,0.006258,bmi088,0.009847081000316393,"[[0.00346210941710301,0.0010652644360316954,0.009853696033293183],[0.001864212763055467,0.003195793308095086,0.00825579937924564],[0.00026631610900792384,0.003728425526110934,0.0055926382891664005],[-0.0005326322180158477,0.003195793308095086,0.001331580545039619]]",1071.9107048575001,1071.9117455404999,21.875,199130,"[1815, 3742, -3371]","[[-4, 13, 37], [-12, 7, 31], [-14, 1, 21], [-12, -2, 5]]"
7.403050,7.788633,body,0.000000,0.000000,0.000000,0.000000,0.000000,0.000000,0.000000,0.000000,0.000000,0.000000,0.000000,0.000000,6.704962,-3.268085,-6.036979,0.002929,0.000533,-0.005659,bmi088,0.010000718999890523,"[[0.001597896654047543,0.001864212763055467,-0.001597896654047543],[0.003728425526110934,0.0005326322180158477,-0.004793689962142629],[0.004261057744126781,0.0,-0.00692421883420602],[0.0021305288720633907,-0.00026631610900792384,-0.009321063815277334]]",1071.9207055765,1071.92174698,21.875,199389,"[1820, 3734, -3362]","[[-7, 6, -6], [-2, 14, -18], [0, 16, -26], [1, 8, -35]]"
7.413051,7.798750,body,0.000000,0.000000,0.000000,0.000000,0.000000,0.000000,0.000000,0.000000,0.000000,0.000000,0.000000,0.000000,6.672640,-3.284246,-6.040571,0.004061,-0.001931,-0.010653,bmi088,0.010018383999977232,"[[0.001331580545039619,-0.0005326322180158477,-0.011185276578332801],[0.0029294771990871623,-0.001331580545039619,-0.012783173232380344],[0.005326322180158476,-0.0021305288720633907,-0.011185276578332801],[0.006657902725198096,-0.003728425526110934,-0.007456851052221868]]",1071.9307239605,1071.931768644,21.875,199648,"[1829, 3716, -3364]","[[2, 5, -42], [5, 11, -48], [8, 20, -42], [14, 25, -28]]"
7.423051,7.808945,body,0.000000,0.000000,0.000000,0.000000,0.000000,0.000000,0.000000,0.000000,0.000000,0.000000,0.000000,0.000000,6.697779,-3.255516,-6.074688,0.002996,-0.002264,0.001531,bmi088,0.010075602499910019,"[[0.0055926382891664005,-0.003994741635118857,-0.00346210941710301],[0.00346210941710301,-0.00346210941710301,0.00026631610900792384],[0.001864212763055467,-0.001864212763055467,0.00346210941710301],[0.0010652644360316954,0.00026631610900792384,0.005858954398174325]]",1071.940799563,1071.9418494465,21.875,199909,"[1813, 3730, -3383]","[[15, 21, -13], [13, 13, 1], [7, 7, 13], [-1, 4, 22]]"
7.433051,7.818945,body,0.000000,0.000000,0.000000,0.000000,0.000000,0.000000,0.000000,0.000000,0.000000,0.000000,0.000000,0.000000,6.663662,-3.260903,-6.085462,-0.001465,0.000399,0.006059,bmi088,0.009895418500036612,"[[0.0007989483270237715,0.001331580545039619,0.00692421883420602],[-0.00026631610900792384,0.001864212763055467,0.006125270507182248],[-0.0023968449810713144,-0.00026631610900792384,0.006125270507182248],[-0.003994741635118857,-0.001331580545039619,0.005060006071150553]]",1071.9506949815,1071.9517422254999,21.875,200165,"[1816, 3711, -3389]","[[-5, 3, 26], [-7, -1, 23], [1, -9, 23], [5, -15, 19]]"
7.443051,7.829063,body,0.000000,0.000000,0.000000,0.000000,0.000000,0.000000,0.000000,0.000000,0.000000,0.000000,0.000000,0.000000,6.663662,-3.266290,-6.042366,-0.003396,-0.002929,0.001332,bmi088,0.010002399999848421,"[[-0.005326322180158476,-0.001864212763055467,0.003994741635118857],[-0.004527373853134706,-0.001597896654047543,0.0023968449810713144],[-0.0023968449810713144,-0.0029294771990871623,0.0],[-0.001331580545039619,-0.005326322180158476,-0.0010652644360316954]]",1071.9606973814998,1071.961748513,21.875,200424,"[1819, 3711, -3365]","[[7, -20, 15], [6, -17, 9], [11, -9, 0], [20, -5, -4]]"
7.453049,7.839219,body,0.000000,0.000000,0.000000,0.000000,0.000000,0.000000,0.000000,0.000000,0.000000,0.000000,0.000000,0.000000,6.672640,-3.271677,-6.036979,-0.000666,-0.008256,0.001664,bmi088,0.010026752000158012,"[[-0.001597896654047543,-0.006391586616190172,-0.001597896654047543],[-0.001597896654047543,-0.007456851052221868,0.0],[-0.0005326322180158477,-0.008522115488253563,0.003195793308095086],[0.0010652644360316954,-0.010652644360316953,0.005060006071150553]]",1071.9707241335,1071.971768913,21.875,200684,"[1822, 3716, -3362]","[[24, -6, -6], [28, -6, 0], [32, -2, 12], [40, 4, 19]]"
7.463051,7.849297,body,0.000000,0.000000,0.000000,0.000000,0.000000,0.000000,0.000000,0.000000,0.000000,0.000000,0.000000,0.000000,6.679823,-3.255516,-6.080075,0.000799,-0.008655,0.004128,bmi088,0.009972638000135703,"[[0.001331580545039619,-0.011185276578332801,0.0055926382891664005],[0.001331580545039619,-0.010120012142301106,0.003195793308095086],[0.0007989483270237715,-0.007989483270237714,0.002663161090079238],[-0.00026631610900792384,-0.005326322180158476,0.005060006071150553]]",1071.9806967715,1071.9817469275,21.875,200942,"[1813, 3720, -3386]","[[42, 5, 21], [38, 5, 12], [30, 3, 10], [20, -1, 19]]"
7.473050,7.859531,body,0.000000,0.000000,0.000000,0.000000,0.000000,0.000000,0.000000,0.000000,0.000000,0.000000,0.000000,0.000000,6.692392,-3.269881,-6.067506,-0.002197,-0.003995,0.012117,bmi088,0.010129652999921746,"[[-0.0021305288720633907,-0.004527373853134706,0.009054747706269411],[-0.0021305288720633907,-0.003994741635118857,0.012783173232380344],[-0.0023968449810713144,-0.00346210941710301,0.013049489341388268],[-0.0021305288720633907,-0.003994741635118857,0.013582121559404116]]",1071.9908264245,1071.9918725960001,21.875,201204,"[1821, 3727, -3379]","[[17, -8, 34], [15, -8, 48], [13, -9, 49], [15, -8, 51]]"
7.483051,7.869531,body,0.000000,0.000000,0.000000,0.000000,0.000000,0.000000,0.000000,0.000000,0.000000,0.000000,0.000000,0.000000,6.672640,-3.277064,-6.047753,-0.003928,-0.004061,0.007723,bmi088,0.00988226599997688,"[[-0.003195793308095086,-0.004527373853134706,0.012783173232380344],[-0.003195793308095086,-0.005060006071150553,0.01038632825130903],[-0.004527373853134706,-0.004261057744126781,0.005858954398174325],[-0.004793689962142629,-0.0023968449810713144,0.001864212763055467]]",1072.0007086905,1072.001756094,21.875,201460,"[1825, 3716, -3368]","[[17, -12, 48], [19, -12, 39], [16, -17, 22], [9, -18, 7]]"
7.493050,7.879609,body,0.000000,0.000000,0.000000,0.000000,0.000000,0.000000,0.000000,0.000000,0.000000,0.000000,0.000000,0.000000,6.674436,-3.275268,-6.060323,-0.001997,0.001598,-0.006392,bmi088,0.009971469999982219,"[[-0.003994741635118857,-0.00026631610900792384,-0.0021305288720633907],[-0.0021305288720633907,0.0021305288720633907,-0.004793689962142629],[-0.0007989483270237715,0.0023968449810713144,-0.007989483270237714],[-0.0010652644360316954,0.0021305288720633907,-0.010652644360316953]]",1072.0106801605,1072.0117300285,21.875,201718,"[1824, 3717, -3375]","[[1, -15, -8], [-8, -8, -18], [-9, -3, -30], [-8, -4, -40]]"
7.503050,7.889727,body,0.000000,0.000000,0.000000,0.000000,0.000000,0.000000,0.000000,0.000000,0.000000,0.000000,0.000000,0.000000,6.681618,-3.264494,-6.074688,-0.001731,-0.000067,-0.010786,bmi088,0.010020960500014553,"[[-0.0023968449810713144,0.0007989483270237715,-0.012783173232380344],[-0.0021305288720633907,0.00026631610900792384,-0.012783173232380344],[-0.001864212763055467,-0.0007989483270237715,-0.01038632825130903],[-0.0005326322180158477,-0.0005326322180158477,-0.007190534943213944]]",1072.020701121,1072.0217494685,21.875,201977,"[1818, 3721, -3383]","[[-3, -9, -48], [-1, -8, -48], [3, -7, -39], [2, -2, -27]]"
7.513050,7.899844,body,0.000000,0.000000,0.000000,0.000000,0.000000,0.000000,0.000000,0.000000,0.000000,0.000000,0.000000,0.000000,6.676231,-3.260903,-6.056732,-0.001265,-0.000732,0.002064,bmi088,0.009985774499909894,"[[0.0,-0.0005326322180158477,-0.003994741635118857],[-0.0005326322180158477,-0.0005326322180158477,0.0007989483270237715],[-0.001331580545039619,-0.001331580545039619,0.004793689962142629],[-0.003195793308095086,-0.0005326322180158477,0.006657902725198096]]",1072.0306868955,1072.031725275,21.875,202236,"[1816, 3718, -3373]","[[2, 0, -15], [2, -2, 3], [5, -5, 18], [2, -12, 25]]"
7.523049,7.910195,body,0.000000,0.000000,0.000000,0.000000,0.000000,0.000000,0.000000,0.000000,0.000000,0.000000,0.000000,0.000000,6.679823,-3.280655,-6.072893,-0.003063,0.002264,0.004927,bmi088,0.010248618000105125,"[[-0.00346210941710301,0.001331580545039619,0.00692421883420602],[-0.00346210941710301,0.003195793308095086,0.006125270507182248],[-0.002663161090079238,0.0029294771990871623,0.004793689962142629],[-0.002663161090079238,0.001597896654047543,0.001864212763055467]]",1072.0409355135,1072.041983701,21.875,202501,"[1827, 3720, -3382]","[[-5, -13, 26], [-12, -13, 23], [-11, -10, 18], [-6, -10, 7]]"
7.533050,7.920078,body,0.000000,0.000000,0.000000,0.000000,0.000000,0.000000,0.000000,0.000000,0.000000,0.000000,0.000000,0.000000,6.663662,-3.257311,-6.060323,0.000666,-0.001465,-0.005526,bmi088,0.009782901999869864,"[[-0.001864212763055467,-0.0005326322180158477,-0.0007989483270237715],[0.0,-0.0010652644360316954,-0.004261057744126781],[0.001864212763055467,-0.001597896654047543,-0.00692421883420602],[0.002663161090079238,-0.002663161090079238,-0.010120012142301106]]",1072.0507184155,1072.051759675,21.875,202754,"[1814, 3711, -3375]","[[2, -7, -3], [4, 0, -16], [6, 7, -26], [10, 10, -38]]"
7.543050,7.930195,body,0.000000,0.000000,0.000000,0.000000,0.000000,0.000000,0.000000,0.000000,0.000000,0.000000,0.000000,0.000000,6.676231,-3.242946,-6.081871,0.002463,-0.007257,-0.006392,bmi088,0.009980766500120808,"[[0.001864212763055467,-0.005060006071150553,-0.011185276578332801],[0.0010652644360316954,-0.007190534943213944,-0.010120012142301106],[0.002663161090079238,-0.008522115488253563,-0.005060006071150553],[0.004261057744126781,-0.00825579937924564,0.0007989483270237715]]",1072.060699182,1072.061743497,21.875,203013,"[1806, 3718, -3387]","[[19, 7, -42], [27, 4, -38], [32, 10, -19], [31, 16, 3]]"
7.553051,7.940273,body,0.000000,0.000000,0.000000,0.000000,0.000000,0.000000,0.000000,0.000000,0.000000,0.000000,0.000000,0.000000,6.694188,-3.273472,-6.114192,0.001198,-0.005593,0.010986,bmi088,0.00997391850000895,"[[0.005326322180158476,-0.007190534943213944,0.006657902725198096],[0.003195793308095086,-0.0055926382891664005,0.010652644360316953],[-0.0005326322180158477,-0.005060006071150553,0.012783173232380344],[-0.003195793308095086,-0.004527373853134706,0.01384843766841204]]",1072.0706731005,1072.0717192715001,21.875,203271,"[1823, 3728, -3405]","[[27, 20, 25], [21, 12, 40], [19, -2, 48], [17, -12, 52]]"
7.563050,7.950430,body,0.000000,0.000000,0.000000,0.000000,0.000000,0.000000,0.000000,0.000000,0.000000,0.000000,0.000000,0.000000,6.667253,-3.259107,-6.065710,-0.003928,-0.004461,0.010453,bmi088,0.010043121000080646,"[[-0.00346210941710301,-0.004527373853134706,0.012516857123372421],[-0.00346210941710301,-0.004261057744126781,0.011451592687340724],[-0.003728425526110934,-0.004527373853134706,0.009321063815277334],[-0.005060006071150553,-0.004527373853134706,0.008522115488253563]]",1072.0807162215,1072.081772201,21.875,203531,"[1815, 3713, -3378]","[[17, -13, 47], [16, -13, 43], [17, -14, 35], [17, -19, 32]]"
7.573051,7.960703,body,0.000000,0.000000,0.000000,0.000000,0.000000,0.000000,0.000000,0.000000,0.000000,0.000000,0.000000,0.000000,6.685210,-3.277064,-6.035184,-0.003862,-0.002863,0.003329,bmi088,0.010084609999921668,"[[-0.005060006071150553,-0.004261057744126781,0.007723167161229791],[-0.0055926382891664005,-0.003195793308095086,0.0055926382891664005],[-0.003728425526110934,-0.0021305288720633907,0.0021305288720633907],[-0.0010652644360316954,-0.001864212763055467,-0.0021305288720633907]]",1072.0908008315,1072.0919226065,21.875,203794,"[1825, 3723, -3361]","[[16, -19, 29], [12, -21, 21], [8, -14, 8], [7, -4, -8]]"
7.583049,7.970625,body,0.000000,0.000000,0.000000,0.000000,0.000000,0.000000,0.000000,0.000000,0.000000,0.000000,0.000000,0.000000,6.681618,-3.266290,-6.063914,0.004061,-0.003995,-0.004261,bmi088,0.009891819000131363,"[[0.0023968449810713144,-0.002663161090079238,-0.005326322180158476],[0.003728425526110934,-0.003994741635118857,-0.0055926382891664005],[0.004793689962142629,-0.004261057744126781,-0.004261057744126781],[0.005326322180158476,-0.005060006071150553,-0.001864212763055467]]",1072.1006926505002,1072.101729398,21.875,204048,"[1819, 3721, -3377]","[[10, 9, -20], [15, 14, -21], [16, 18, -16], [19, 20, -7]]"
7.593051,7.980703,body,0.000000,0.000000,0.000000,0.000000,0.000000,0.000000,0.000000,0.000000,0.000000,0.000000,0.000000,0.000000,6.710349,-3.260903,-6.105214,0.006258,-0.005526,0.002663,bmi088,0.010009871999955067,"[[0.006391586616190172,-0.0055926382891664005,-0.0007989483270237715],[0.00692421883420602,-0.007190534943213944,0.001597896654047543],[0.006391586616190172,-0.006125270507182248,0.003728425526110934],[0.005326322180158476,-0.003195793308095086,0.006125270507182248]]",1072.1107025225,1072.1117357174999,21.875,204306,"[1816, 3737, -3400]","[[21, 24, -3], [27, 26, 6], [23, 24, 14], [12, 20, 23]]"
7.603050,7.990820,body,0.000000,0.000000,0.000000,0.000000,0.000000,0.000000,0.000000,0.000000,0.000000,0.000000,0.000000,0.000000,6.717531,-3.253720,-6.083666,0.003129,0.001132,0.003862,bmi088,0.009959101500044198,"[[0.003994741635118857,0.0007989483270237715,0.005060006071150553],[0.0029294771990871623,0.0023968449810713144,0.004527373853134706],[0.002663161090079238,0.001331580545039619,0.00346210941710301],[0.0029294771990871623,0.0,0.0023968449810713144]]",1072.1206616240001,1072.121713124,21.875,204565,"[1812, 3741, -3388]","[[-3, 15, 19], [-9, 11, 17], [-5, 10, 13], [0, 11, 9]]"
7.613052,8.000977,body,0.000000,0.000000,0.000000,0.000000,0.000000,0.000000,0.000000,0.000000,0.000000,0.000000,0.000000,0.000000,6.692392,-3.266290,-6.060323,0.004993,0.001132,-0.000666,bmi088,0.010051857499774997,"[[0.004261057744126781,-0.00026631610900792384,0.001864212763055467],[0.005060006071150553,0.0010652644360316954,0.0010652644360316954],[0.0055926382891664005,0.001864212763055467,-0.0007989483270237715],[0.005060006071150553,0.001864212763055467,-0.004793689962142629]]",1072.1307134815,1072.1317542925,21.875,204825,"[1819, 3727, -3375]","[[1, 16, 7], [-4, 19, 4], [-7, 21, -3], [-7, 19, -18]]"
7.623051,8.011172,body,0.000000,0.000000,0.000000,0.000000,0.000000,0.000000,0.000000,0.000000,0.000000,0.000000,0.000000,0.000000,6.681618,-3.293224,-6.054936,0.004061,0.000799,-0.006924,bmi088,0.010083827000244128,"[[0.0029294771990871623,0.001331580545039619,-0.007456851052221868],[0.001864212763055467,0.0007989483270237715,-0.007989483270237714],[0.003728425526110934,0.00026631610900792384,-0.006125270507182248],[0.007723167161229791,0.0007989483270237715,-0.006125270507182248]]",1072.1407973085002,1072.1418439435001,21.875,205086,"[1834, 3721, -3372]","[[-5, 11, -28], [-3, 7, -30], [-1, 14, -23], [-3, 29, -23]]"
7.633052,8.021172,body,0.000000,0.000000,0.000000,0.000000,0.000000,0.000000,0.000000,0.000000,0.000000,0.000000,0.000000,0.000000,6.688801,-3.277064,-6.078279,0.008722,0.002397,-0.005526,bmi088,0.00990647499975239,"[[0.011451592687340724,0.0023968449810713144,-0.005858954398174325],[0.010918960469324878,0.003994741635118857,-0.005858954398174325],[0.008522115488253563,0.002663161090079238,-0.005326322180158476],[0.003994741635118857,0.0005326322180158477,-0.005060006071150553]]",1072.1507037835,1072.1517425944999,21.875,205342,"[1825, 3725, -3385]","[[-9, 43, -22], [-15, 41, -22], [-10, 32, -20], [-2, 15, -19]]"
7.643049,8.031289,body,0.000000,0.000000,0.000000,0.000000,0.000000,0.000000,0.000000,0.000000,0.000000,0.000000,0.000000,0.000000,6.681618,-3.282450,-6.078279,-0.000266,-0.001065,-0.001864,bmi088,0.009992079000085141,"[[0.001864212763055467,-0.0010652644360316954,-0.003994741635118857],[0.00026631610900792384,-0.0010652644360316954,-0.002663161090079238],[-0.0010652644360316954,-0.0010652644360316954,-0.0005326322180158477],[-0.0021305288720633907,-0.0010652644360316954,-0.00026631610900792384]]",1072.1606958625,1072.161737074,21.875,205601,"[1828, 3721, -3385]","[[4, 7, -15], [4, 1, -10], [4, -4, -2], [4, -8, -1]]"
7.653050,8.041406,body,0.000000,0.000000,0.000000,0.000000,0.000000,0.000000,0.000000,0.000000,0.000000,0.000000,0.000000,0.000000,6.669049,-3.259107,-6.076484,-0.001864,-0.003862,0.000666,bmi088,0.01001051200000802,"[[-0.0021305288720633907,-0.001864212763055467,0.001331580545039619],[-0.001597896654047543,-0.0029294771990871623,0.0007989483270237715],[-0.001597896654047543,-0.004261057744126781,0.0010652644360316954],[-0.0021305288720633907,-0.006391586616190172,-0.0005326322180158477]]",1072.1707063745,1072.1717455535,21.875,205860,"[1815, 3714, -3384]","[[7, -8, 5], [11, -6, 3], [16, -6, 4], [24, -8, -2]]"
7.663051,8.051641,body,0.000000,0.000000,0.000000,0.000000,0.000000,0.000000,0.000000,0.000000,0.000000,0.000000,0.000000,0.000000,6.690597,-3.251924,-6.074688,0.001265,-0.006724,-0.001997,bmi088,0.009970253999881606,"[[-0.001597896654047543,-0.00692421883420602,-0.001597896654047543],[0.0005326322180158477,-0.00692421883420602,-0.001864212763055467],[0.002663161090079238,-0.006391586616190172,-0.0023968449810713144],[0.00346210941710301,-0.006657902725198096,-0.0021305288720633907]]",1072.1806766285,1072.181872998,21.875,206122,"[1811, 3726, -3383]","[[26, -6, -6], [26, 2, -7], [24, 10, -9], [25, 13, -8]]"
7.673050,8.061719,body,0.000000,0.000000,0.000000,0.000000,0.000000,0.000000,0.000000,0.000000,0.000000,0.000000,0.000000,0.000000,6.692392,-3.271677,-6.078279,0.000133,-0.005459,0.003529,bmi088,0.010113556000305834,"[[0.0023968449810713144,-0.006125270507182248,-0.00026631610900792384],[0.0010652644360316954,-0.005326322180158476,0.002663161090079238],[-0.0010652644360316954,-0.004793689962142629,0.0055926382891664005],[-0.001864212763055467,-0.0055926382891664005,0.006125270507182248]]",1072.1907901845002,1072.1918307075,21.875,206380,"[1822, 3727, -3385]","[[23, 9, -1], [20, 4, 10], [18, -4, 21], [21, -7, 23]]"
7.683051,8.071719,body,0.000000,0.000000,0.000000,0.000000,0.000000,0.000000,0.000000,0.000000,0.000000,0.000000,0.000000,0.000000,6.694188,-3.275268,-6.096236,-0.000133,-0.004860,0.004860,bmi088,0.009903258999884201,"[[-0.001597896654047543,-0.005858954398174325,0.005060006071150553],[0.0007989483270237715,-0.005060006071150553,0.004261057744126781],[0.0010652644360316954,-0.004527373853134706,0.004793689962142629],[-0.0007989483270237715,-0.003994741635118857,0.005326322180158476]]",1072.2006934435,1072.201744431,21.875,206636,"[1824, 3728, -3395]","[[22, -6, 19], [19, 3, 16], [17, 4, 18], [15, -3, 20]]"
7.693051,8.081836,body,0.000000,0.000000,0.000000,0.000000,0.000000,0.000000,0.000000,0.000000,0.000000,0.000000,0.000000,0.000000,6.676231,-3.264494,-6.042366,-0.001265,-0.003862,0.007657,bmi088,0.00999913500004368,"[[-0.0021305288720633907,-0.004261057744126781,0.00692421883420602],[-0.001864212763055467,-0.004261057744126781,0.006657902725198096],[-0.0007989483270237715,-0.003994741635118857,0.008522115488253563],[-0.00026631610900792384,-0.0029294771990871623,0.008522115488253563]]",1072.2106925785001,1072.211735038,21.875,206895,"[1818, 3718, -3365]","[[16, -8, 26], [16, -7, 25], [15, -3, 32], [11, -1, 32]]"
7.703049,8.091953,body,0.000000,0.000000,0.000000,0.000000,0.000000,0.000000,0.000000,0.000000,0.000000,0.000000,0.000000,0.000000,6.674436,-3.264494,-6.038775,0.001132,-0.002397,0.002863,bmi088,0.009998990999974922,"[[0.00026631610900792384,-0.002663161090079238,0.007989483270237714],[0.0010652644360316954,-0.002663161090079238,0.004261057744126781],[0.001331580545039619,-0.0029294771990871623,0.001331580545039619],[0.001864212763055467,-0.001331580545039619,-0.0021305288720633907]]",1072.2206915695,1072.221734813,21.875,207154,"[1818, 3717, -3363]","[[10, 1, 30], [10, 4, 16], [11, 5, 5], [5, 7, -8]]"
7.713052,8.102109,body,0.000000,0.000000,0.000000,0.000000,0.000000,0.000000,0.000000,0.000000,0.000000,0.000000,0.000000,0.000000,6.690597,-3.273472,-6.067506,0.003462,-0.001664,-0.004061,bmi088,0.010032400999989477,"[[0.0021305288720633907,-0.0007989483270237715,-0.003195793308095086],[0.003195793308095086,-0.001331580545039619,-0.003994741635118857],[0.004261057744126781,-0.0021305288720633907,-0.004261057744126781],[0.004261057744126781,-0.0023968449810713144,-0.004793689962142629]]",1072.2307239705,1072.2317879025,21.875,207414,"[1823, 3726, -3379]","[[3, 8, -12], [5, 12, -15], [8, 16, -16], [9, 16, -18]]"
7.723051,8.112344,body,0.000000,0.000000,0.000000,0.000000,0.000000,0.000000,0.000000,0.000000,0.000000,0.000000,0.000000,0.000000,6.699575,-3.255516,-6.067506,-0.000799,-0.001731,-0.002863,bmi088,0.01008269099975223,"[[0.0021305288720633907,-0.0021305288720633907,-0.005060006071150553],[-0.0010652644360316954,-0.001864212763055467,-0.003994741635118857],[-0.002663161090079238,-0.001597896654047543,-0.0021305288720633907],[-0.001597896654047543,-0.001331580545039619,-0.00026631610900792384]]",1072.2408066614998,1072.2418785455,21.875,207676,"[1813, 3731, -3379]","[[8, 8, -19], [7, -4, -15], [6, -10, -8], [5, -6, -1]]"
7.733050,8.122266,body,0.000000,0.000000,0.000000,0.000000,0.000000,0.000000,0.000000,0.000000,0.000000,0.000000,0.000000,0.000000,6.699575,-3.241150,-6.078279,0.002463,-0.003196,0.002929,bmi088,0.00987474600015048,"[[0.001864212763055467,-0.001597896654047543,0.00026631610900792384],[0.003728425526110934,-0.0029294771990871623,0.0021305288720633907],[0.00346210941710301,-0.003994741635118857,0.00346210941710301],[0.0007989483270237715,-0.004261057744126781,0.005858954398174325]]",1072.2506814075,1072.2517238825,21.875,207930,"[1805, 3731, -3385]","[[6, 7, 1], [11, 14, 8], [15, 13, 13], [16, 3, 22]]"
7.743049,8.132383,body,0.000000,0.000000,0.000000,0.000000,0.000000,0.000000,0.000000,0.000000,0.000000,0.000000,0.000000,0.000000,6.699575,-3.251924,-6.065710,-0.002064,-0.004328,0.002463,bmi088,0.010007294999923033,"[[-0.001331580545039619,-0.003728425526110934,0.005326322180158476],[-0.001864212763055467,-0.003728425526110934,0.003728425526110934],[-0.0023968449810713144,-0.004793689962142629,0.001597896654047543],[-0.002663161090079238,-0.005060006071150553,-0.0007989483270237715]]",1072.2606887025,1072.2617360264999,21.875,208189,"[1811, 3731, -3378]","[[14, -5, 20], [14, -7, 14], [18, -9, 6], [19, -10, -3]]"
7.753051,8.142500,body,0.000000,0.000000,0.000000,0.000000,0.000000,0.000000,0.000000,0.000000,0.000000,0.000000,0.000000,0.000000,6.692392,-3.266290,-6.071097,-0.001798,-0.003862,-0.004860,bmi088,0.010003696000012496,"[[-0.0029294771990871623,-0.005060006071150553,-0.002663161090079238],[-0.001331580545039619,-0.004527373853134706,-0.004793689962142629],[-0.0007989483270237715,-0.00346210941710301,-0.005326322180158476],[-0.0021305288720633907,-0.0023968449810713144,-0.006657902725198096]]",1072.2706923985,1072.2717355455,21.875,208448,"[1819, 3727, -3381]","[[19, -11, -10], [17, -5, -18], [13, -3, -20], [9, -8, -25]]"
7.763050,8.152734,body,0.000000,0.000000,0.000000,0.000000,0.000000,0.000000,0.000000,0.000000,0.000000,0.000000,0.000000,0.000000,6.695983,-3.260903,-6.072893,-0.005726,-0.001664,-0.002131,bmi088,0.010073921999946833,"[[-0.005060006071150553,-0.001597896654047543,-0.005858954398174325],[-0.006125270507182248,-0.001331580545039619,-0.003994741635118857],[-0.006125270507182248,-0.001597896654047543,-0.00026631610900792384],[-0.0055926382891664005,-0.0021305288720633907,0.001597896654047543]]",1072.2807663204999,1072.2818266685,21.875,208710,"[1816, 3729, -3382]","[[6, -19, -22], [5, -23, -15], [6, -23, -1], [8, -21, 6]]"
7.773050,8.162891,body,0.000000,0.000000,0.000000,0.000000,0.000000,0.000000,0.000000,0.000000,0.000000,0.000000,0.000000,0.000000,6.688801,-3.271677,-6.047753,-0.003196,-0.003063,0.004527,bmi088,0.010101298000108727,"[[-0.005060006071150553,-0.0029294771990871623,0.003728425526110934],[-0.003728425526110934,-0.002663161090079238,0.003728425526110934],[-0.002663161090079238,-0.0029294771990871623,0.005326322180158476],[-0.001331580545039619,-0.003728425526110934,0.005326322180158476]]",1072.2908676185,1072.291912302,21.875,208970,"[1822, 3725, -3368]","[[11, -19, 14], [10, -14, 14], [11, -10, 20], [14, -5, 20]]"
7.783051,8.172852,body,0.000000,0.000000,0.000000,0.000000,0.000000,0.000000,0.000000,0.000000,0.000000,0.000000,0.000000,0.000000,6.690597,-3.266290,-6.054936,-0.001398,-0.004993,0.004061,bmi088,0.009844535999945947,"[[-0.00026631610900792384,-0.004793689962142629,0.0055926382891664005],[0.0,-0.004793689962142629,0.003728425526110934],[-0.001597896654047543,-0.005060006071150553,0.003195793308095086],[-0.003728425526110934,-0.005326322180158476,0.003728425526110934]]",1072.3007121545,1072.3017506454999,21.875,209225,"[1819, 3726, -3372]","[[18, -1, 21], [18, 0, 14], [19, -6, 12], [20, -14, 14]]"
7.793050,8.182930,body,0.000000,0.000000,0.000000,0.000000,0.000000,0.000000,0.000000,0.000000,0.000000,0.000000,0.000000,0.000000,6.695983,-3.271677,-6.076484,-0.004194,-0.006258,0.006991,bmi088,0.009966924500076857,"[[-0.003994741635118857,-0.005858954398174325,0.005060006071150553],[-0.004261057744126781,-0.006125270507182248,0.006391586616190172],[-0.003994741635118857,-0.006657902725198096,0.007723167161229791],[-0.004527373853134706,-0.006391586616190172,0.008788431597261486]]",1072.310679079,1072.3117179219998,21.875,209483,"[1822, 3729, -3384]","[[22, -15, 19], [23, -16, 24], [25, -15, 29], [24, -17, 33]]"
7.803052,8.193164,body,0.000000,0.000000,0.000000,0.000000,0.000000,0.000000,0.000000,0.000000,0.000000,0.000000,0.000000,0.000000,6.703166,-3.259107,-6.085462,-0.002064,-0.005726,0.007390,bmi088,0.01008681749999596,"[[-0.0023968449810713144,-0.006391586616190172,0.009853696033293183],[-0.001331580545039619,-0.005326322180158476,0.00825579937924564],[-0.0010652644360316954,-0.005858954398174325,0.006657902725198096],[-0.00346210941710301,-0.005326322180158476,0.004793689962142629]]",1072.3207658965,1072.3218357330002,21.875,209745,"[1815, 3733, -3389]","[[24, -9, 37], [20, -5, 31], [22, -4, 25], [20, -13, 18]]"
7.813053,8.203242,body,0.000000,0.000000,0.000000,0.000000,0.000000,0.000000,0.000000,0.000000,0.000000,0.000000,0.000000,0.000000,6.697779,-3.233968,-6.067506,-0.003728,-0.004927,0.002597,bmi088,0.009976716999972268,"[[-0.005326322180158476,-0.005858954398174325,0.004261057744126781],[-0.005858954398174325,-0.005858954398174325,0.00346210941710301],[-0.003728425526110934,-0.004527373853134706,0.001864212763055467],[0.0,-0.00346210941710301,0.0007989483270237715]]",1072.3307426135,1072.331812402,21.875,210003,"[1801, 3730, -3379]","[[22, -20, 16], [22, -22, 13], [17, -14, 7], [13, 0, 3]]"
7.823050,8.213437,body,0.000000,0.000000,0.000000,0.000000,0.000000,0.000000,0.000000,0.000000,0.000000,0.000000,0.000000,0.000000,6.663662,-3.266290,-6.042366,0.001798,-0.002330,0.000932,bmi088,0.010095794000108071,"[[0.0021305288720633907,-0.003195793308095086,0.0007989483270237715],[0.002663161090079238,-0.00346210941710301,0.001864212763055467],[0.0010652644360316954,-0.0029294771990871623,0.001331580545039619],[0.001331580545039619,0.00026631610900792384,-0.00026631610900792384]]",1072.3408384075,1072.3419002760002,21.875,210264,"[1819, 3711, -3365]","[[12, 8, 3], [13, 10, 7], [11, 4, 5], [-1, 5, -1]]"
7.833048,8.223437,body,0.000000,0.000000,0.000000,0.000000,0.000000,0.000000,0.000000,0.000000,0.000000,0.000000,0.000000,0.000000,6.672640,-3.269881,-6.045958,0.002530,0.003995,-0.003196,bmi088,0.009892346000015095,"[[0.001331580545039619,0.0021305288720633907,-0.0021305288720633907],[0.002663161090079238,0.004527373853134706,-0.00346210941710301],[0.003195793308095086,0.004793689962142629,-0.003994741635118857],[0.0029294771990871623,0.004527373853134706,-0.003195793308095086]]",1072.3507307535,1072.351789821,21.875,210520,"[1821, 3716, -3367]","[[-8, 5, -8], [-17, 10, -13], [-18, 12, -15], [-17, 11, -12]]"
7.843051,8.233516,body,0.000000,0.000000,0.000000,0.000000,0.000000,0.000000,0.000000,0.000000,0.000000,0.000000,0.000000,0.000000,6.701370,-3.266290,-6.076484,0.004661,-0.000200,-0.003063,bmi088,0.0099758369999563,"[[0.0029294771990871623,0.0023968449810713144,-0.00346210941710301],[0.003994741635118857,0.0,-0.003994741635118857],[0.0055926382891664005,-0.0010652644360316954,-0.00346210941710301],[0.006125270507182248,-0.0021305288720633907,-0.001331580545039619]]",1072.3607065905,1072.361756458,21.875,210778,"[1819, 3732, -3384]","[[-9, 11, -13], [0, 15, -15], [4, 21, -13], [8, 23, -5]]"
7.853049,8.243711,body,0.000000,0.000000,0.000000,0.000000,0.000000,0.000000,0.000000,0.000000,0.000000,0.000000,0.000000,0.000000,6.699575,-3.257311,-6.081871,0.002663,-0.005459,0.001132,bmi088,0.010099073999981556,"[[0.005060006071150553,-0.003195793308095086,0.0007989483270237715],[0.0029294771990871623,-0.005326322180158476,0.0010652644360316954],[0.0021305288720633907,-0.006657902725198096,0.0010652644360316954],[0.0005326322180158477,-0.006657902725198096,0.001597896654047543]]",1072.3708056645,1072.3718472599999,21.875,211039,"[1814, 3731, -3387]","[[12, 19, 3], [20, 11, 4], [25, 8, 4], [25, 2, 6]]"
7.863050,8.254414,body,0.000000,0.000000,0.000000,0.000000,0.000000,0.000000,0.000000,0.000000,0.000000,0.000000,0.000000,0.000000,6.699575,-3.262698,-6.089053,0.000000,-0.003262,0.001598,bmi088,0.010509171499961667,"[[0.00026631610900792384,-0.005326322180158476,0.0010652644360316954],[-0.0007989483270237715,-0.003195793308095086,0.0010652644360316954],[-0.0005326322180158477,-0.0023968449810713144,0.0010652644360316954],[0.0010652644360316954,-0.0021305288720633907,0.003195793308095086]]",1072.381314836,1072.3824250900002,21.875,211313,"[1817, 3731, -3391]","[[20, 1, 4], [12, -3, 4], [9, -2, 4], [8, 4, 12]]"
7.873051,8.264023,body,0.000000,0.000000,0.000000,0.000000,0.000000,0.000000,0.000000,0.000000,0.000000,0.000000,0.000000,0.000000,6.670844,-3.271677,-6.049549,0.004328,0.001798,0.002397,bmi088,0.00955959549992258,"[[0.003994741635118857,-0.0010652644360316954,0.003195793308095086],[0.005326322180158476,0.0010652644360316954,0.003728425526110934],[0.005060006071150553,0.003728425526110934,0.0021305288720633907],[0.0029294771990871623,0.00346210941710301,0.0005326322180158477]]",1072.3908744315,1072.3919327475,21.875,211559,"[1822, 3715, -3369]","[[4, 15, 12], [-4, 20, 14], [-14, 19, 8], [-13, 11, 2]]"
7.883050,8.273945,body,0.000000,0.000000,0.000000,0.000000,0.000000,0.000000,0.000000,0.000000,0.000000,0.000000,0.000000,0.000000,6.683414,-3.286042,-6.060323,0.001664,0.002530,-0.007191,bmi088,0.009812662500053193,"[[0.001331580545039619,0.003195793308095086,-0.00346210941710301],[0.0007989483270237715,0.0023968449810713144,-0.006391586616190172],[0.001331580545039619,0.0029294771990871623,-0.009054747706269411],[0.003195793308095086,0.001597896654047543,-0.009853696033293183]]",1072.400687094,1072.4017277130001,21.875,211813,"[1830, 3722, -3375]","[[-12, 5, -13], [-9, 3, -24], [-11, 5, -34], [-6, 12, -37]]"
7.893049,8.284063,body,0.000000,0.000000,0.000000,0.000000,0.000000,0.000000,0.000000,0.000000,0.000000,0.000000,0.000000,0.000000,6.679823,-3.269881,-6.063914,0.006724,-0.000133,-0.010586,bmi088,0.009997582000096372,"[[0.0055926382891664005,0.001331580545039619,-0.01171790879634865],[0.007456851052221868,0.00026631610900792384,-0.011984224905356573],[0.007456851052221868,-0.00026631610900792384,-0.010652644360316953],[0.006391586616190172,-0.001864212763055467,-0.007989483270237714]]",1072.410684676,1072.4117403515002,21.875,212072,"[1821, 3720, -3377]","[[-5, 21, -44], [-1, 28, -45], [1, 28, -40], [7, 24, -30]]"
7.903050,8.294219,body,0.000000,0.000000,0.000000,0.000000,0.000000,0.000000,0.000000,0.000000,0.000000,0.000000,0.000000,0.000000,6.676231,-3.251924,-6.065710,0.006658,-0.004328,0.000000,bmi088,0.010025663500073279,"[[0.005858954398174325,-0.00346210941710301,-0.004793689962142629],[0.007456851052221868,-0.004261057744126781,-0.0021305288720633907],[0.007723167161229791,-0.004527373853134706,0.001597896654047543],[0.0055926382891664005,-0.005060006071150553,0.005326322180158476]]",1072.4207103395001,1072.4217838075,21.875,212332,"[1811, 3718, -3378]","[[13, 22, -18], [16, 28, -8], [17, 29, 6], [19, 21, 20]]"
7.913051,8.304258,body,0.000000,0.000000,0.000000,0.000000,0.000000,0.000000,0.000000,0.000000,0.000000,0.000000,0.000000,0.000000,6.692392,-3.260903,-6.072893,-0.000599,-0.004927,0.013116,bmi088,0.009975196999675973,"[[0.001864212763055467,-0.005060006071150553,0.008522115488253563],[-0.001331580545039619,-0.005060006071150553,0.012516857123372421],[-0.001864212763055467,-0.004527373853134706,0.015180018213451659],[-0.0010652644360316954,-0.005060006071150553,0.016245282649483356]]",1072.4306855364998,1072.4317298835,21.875,212589,"[1816, 3727, -3382]","[[19, 7, 32], [19, -5, 47], [17, -7, 57], [19, -4, 61]]"
7.923051,8.314453,body,0.000000,0.000000,0.000000,0.000000,0.000000,0.000000,0.000000,0.000000,0.000000,0.000000,0.000000,0.000000,6.708553,-3.264494,-6.071097,0.002330,-0.003462,0.008322,bmi088,0.010089489000165486,"[[0.0010652644360316954,-0.003994741635118857,0.014114753777419964],[0.001864212763055467,-0.003994741635118857,0.010918960469324878],[0.0029294771990871623,-0.0029294771990871623,0.006657902725198096],[0.00346210941710301,-0.0029294771990871623,0.001597896654047543]]",1072.4407750255,1072.4418226855,21.875,212850,"[1818, 3736, -3381]","[[15, 4, 53], [15, 7, 41], [11, 11, 25], [11, 13, 6]]"
7.933050,8.324492,body,0.000000,0.000000,0.000000,0.000000,0.000000,0.000000,0.000000,0.000000,0.000000,0.000000,0.000000,0.000000,6.695983,-3.251924,-6.069301,0.000133,0.000333,-0.006325,bmi088,0.009909850999974879,"[[0.003728425526110934,-0.0010652644360316954,-0.0029294771990871623],[0.0021305288720633907,0.0010652644360316954,-0.005858954398174325],[-0.001331580545039619,0.0010652644360316954,-0.007723167161229791],[-0.003994741635118857,0.00026631610900792384,-0.008788431597261486]]",1072.4506848765,1072.4517329035002,21.875,213107,"[1811, 3729, -3380]","[[4, 14, -11], [-4, 8, -22], [-4, -5, -29], [-1, -15, -33]]"
7.943050,8.334609,body,0.000000,0.000000,0.000000,0.000000,0.000000,0.000000,0.000000,0.000000,0.000000,0.000000,0.000000,0.000000,6.674436,-3.253720,-6.038775,-0.004061,-0.001065,-0.002397,bmi088,0.010011358000156179,"[[-0.005326322180158476,-0.0023968449810713144,-0.00692421883420602],[-0.004793689962142629,-0.0021305288720633907,-0.003994741635118857],[-0.003728425526110934,-0.0007989483270237715,-0.0005326322180158477],[-0.0023968449810713144,0.0010652644360316954,0.001864212763055467]]",1072.4606962345001,1072.461739734,21.875,213366,"[1812, 3717, -3363]","[[9, -20, -26], [8, -18, -15], [3, -14, -2], [-4, -9, 7]]"
7.953052,8.344766,body,0.000000,0.000000,0.000000,0.000000,0.000000,0.000000,0.000000,0.000000,0.000000,0.000000,0.000000,0.000000,6.665457,-3.264494,-6.045958,-0.002663,0.000466,0.002796,bmi088,0.01003796799977863,"[[-0.001597896654047543,0.0010652644360316954,0.003195793308095086],[-0.001864212763055467,0.0005326322180158477,0.003195793308095086],[-0.0029294771990871623,0.0,0.0023968449810713144],[-0.004261057744126781,0.00026631610900792384,0.0023968449810713144]]",1072.4707342025,1072.471796406,21.875,213626,"[1818, 3712, -3367]","[[-4, -6, 12], [-2, -7, 12], [0, -11, 9], [-1, -16, 9]]"
7.963052,8.354883,body,0.000000,0.000000,0.000000,0.000000,0.000000,0.000000,0.000000,0.000000,0.000000,0.000000,0.000000,0.000000,6.692392,-3.277064,-6.049549,-0.003329,0.000533,0.001931,bmi088,0.010000717999901099,"[[-0.003728425526110934,0.0,0.00346210941710301],[-0.003728425526110934,0.0007989483270237715,0.003195793308095086],[-0.0029294771990871623,0.0007989483270237715,0.001864212763055467],[-0.0029294771990871623,0.0005326322180158477,-0.0007989483270237715]]",1072.4807349204998,1072.4817943405,21.875,213885,"[1825, 3727, -3369]","[[0, -14, 13], [-3, -14, 12], [-3, -11, 7], [-2, -11, -3]]"
7.973051,8.365000,body,0.000000,0.000000,0.000000,0.000000,0.000000,0.000000,0.000000,0.000000,0.000000,0.000000,0.000000,0.000000,6.678027,-3.259107,-6.067506,0.001065,-0.000200,-0.000399,bmi088,0.010035103500285913,"[[-0.0007989483270237715,-0.0005326322180158477,-0.001331580545039619],[0.001597896654047543,-0.0007989483270237715,-0.0007989483270237715],[0.0023968449810713144,0.0,0.0005326322180158477],[0.0010652644360316954,0.0005326322180158477,0.0]]",1072.490770024,1072.491805507,21.875,214144,"[1815, 3719, -3379]","[[2, -3, -5], [3, 6, -3], [0, 9, 2], [-2, 4, 0]]"
7.983051,8.375078,body,0.000000,0.000000,0.000000,0.000000,0.000000,0.000000,0.000000,0.000000,0.000000,0.000000,0.000000,0.000000,6.683414,-3.264494,-6.067506,-0.004461,-0.005127,-0.002663,bmi088,0.009937419499919997,"[[-0.001864212763055467,-0.00026631610900792384,-0.001331580545039619],[-0.004527373853134706,-0.003195793308095086,-0.0023968449810713144],[-0.0055926382891664005,-0.007190534943213944,-0.00346210941710301],[-0.005858954398174325,-0.009853696033293183,-0.00346210941710301]]",1072.5007074435,1072.501754799,21.875,214402,"[1818, 3722, -3379]","[[1, -7, -5], [12, -17, -9], [27, -21, -13], [37, -22, -13]]"
7.993050,8.385312,body,0.000000,0.000000,0.000000,0.000000,0.000000,0.000000,0.000000,0.000000,0.000000,0.000000,0.000000,0.000000,6.710349,-3.260903,-6.071097,-0.004527,-0.008788,0.003862,bmi088,0.010134083999901122,"[[-0.005060006071150553,-0.01038632825130903,-0.0010652644360316954],[-0.004527373853134706,-0.009321063815277334,0.0021305288720633907],[-0.004527373853134706,-0.00825579937924564,0.0055926382891664005],[-0.003994741635118857,-0.007190534943213944,0.008788431597261486]]",1072.5108415275,1072.511895475,21.875,214664,"[1816, 3737, -3381]","[[39, -19, -4], [35, -17, 8], [31, -17, 21], [27, -15, 33]]"
8.003051,8.395273,body,0.000000,0.000000,0.000000,0.000000,0.000000,0.000000,0.000000,0.000000,0.000000,0.000000,0.000000,0.000000,6.690597,-3.266290,-6.112397,-0.001132,-0.006258,0.014781,bmi088,0.0098635120000381,"[[-0.004261057744126781,-0.006391586616190172,0.013582121559404116],[-0.0021305288720633907,-0.006125270507182248,0.016777914867499202],[-0.00026631610900792384,-0.006391586616190172,0.01651159875849128],[0.0021305288720633907,-0.006125270507182248,0.012250541014364496]]",1072.5207050395,1072.5217376745,21.875,214919,"[1819, 3726, -3404]","[[24, -16, 51], [23, -8, 63], [24, -1, 62], [23, 8, 46]]"
8.013051,8.405391,body,0.000000,0.000000,0.000000,0.000000,0.000000,0.000000,0.000000,0.000000,0.000000,0.000000,0.000000,0.000000,6.674436,-3.266290,-6.096236,-0.001065,-0.002796,0.002863,bmi088,0.009984077500121202,"[[0.0023968449810713144,-0.004527373853134706,0.008788431597261486],[0.0,-0.002663161090079238,0.004793689962142629],[-0.0023968449810713144,-0.0021305288720633907,0.0010652644360316954],[-0.004261057744126781,-0.001864212763055467,-0.003195793308095086]]",1072.530689117,1072.5317357845,21.875,215178,"[1819, 3717, -3395]","[[17, 9, 33], [10, 0, 18], [8, -9, 4], [7, -16, -12]]"
8.023051,8.415586,body,0.000000,0.000000,0.000000,0.000000,0.000000,0.000000,0.000000,0.000000,0.000000,0.000000,0.000000,0.000000,6.678027,-3.286042,-6.067506,-0.000466,-0.000133,-0.006258,bmi088,0.01007430549975652,"[[-0.002663161090079238,-0.001864212763055467,-0.005858954398174325],[-0.0010652644360316954,-0.0007989483270237715,-0.00692421883420602],[0.0005326322180158477,0.0005326322180158477,-0.007190534943213944],[0.001331580545039619,0.001597896654047543,-0.005060006071150553]]",1072.5407634224998,1072.5418326664999,21.875,215439,"[1830, 3719, -3379]","[[7, -10, -22], [3, -4, -26], [-2, 2, -27], [-6, 5, -19]]"
8.033050,8.425625,body,0.000000,0.000000,0.000000,0.000000,0.000000,0.000000,0.000000,0.000000,0.000000,0.000000,0.000000,0.000000,6.695983,-3.253720,-6.047753,-0.001265,0.000999,-0.002197,bmi088,0.009948844000064128,"[[0.001864212763055467,0.001864212763055467,-0.003195793308095086],[0.0,0.001597896654047543,-0.0021305288720633907],[-0.003195793308095086,0.0005326322180158477,-0.001597896654047543],[-0.003728425526110934,0.0,-0.001864212763055467]]",1072.5507122664999,1072.5517646295,21.875,215696,"[1812, 3729, -3368]","[[-7, 7, -12], [-6, 0, -8], [-2, -12, -6], [0, -14, -7]]"
8.043046,8.435742,body,0.000000,0.000000,0.000000,0.000000,0.000000,0.000000,0.000000,0.000000,0.000000,0.000000,0.000000,0.000000,6.672640,-3.268085,-6.069301,0.001664,0.000399,-0.002863,bmi088,0.00999641350017555,"[[-0.001597896654047543,-0.001597896654047543,-0.0007989483270237715],[0.0010652644360316954,-0.0007989483270237715,-0.002663161090079238],[0.0029294771990871623,0.0005326322180158477,-0.00346210941710301],[0.004261057744126781,0.00346210941710301,-0.004527373853134706]]",1072.56070868,1072.561764852,21.875,215955,"[1820, 3716, -3380]","[[6, -6, -3], [3, 4, -10], [-2, 11, -13], [-13, 16, -17]]"
8.053050,8.445898,body,0.000000,0.000000,0.000000,0.000000,0.000000,0.000000,0.000000,0.000000,0.000000,0.000000,0.000000,0.000000,6.692392,-3.277064,-6.080075,0.004527,0.000932,-0.004461,bmi088,0.010050560500076244,"[[0.004527373853134706,0.003728425526110934,-0.004527373853134706],[0.004793689962142629,0.0029294771990871623,-0.004527373853134706],[0.004793689962142629,0.0,-0.004527373853134706],[0.003994741635118857,-0.0029294771990871623,-0.004261057744126781]]",1072.5707592405001,1072.5718123395,21.875,216215,"[1825, 3727, -3386]","[[-14, 17, -17], [-11, 18, -17], [0, 18, -17], [11, 15, -16]]"
8.063050,8.455938,body,0.000000,0.000000,0.000000,0.000000,0.000000,0.000000,0.000000,0.000000,0.000000,0.000000,0.000000,0.000000,6.687005,-3.248333,-6.078279,0.001598,-0.005393,-0.006791,bmi088,0.00993652299985115,"[[0.001864212763055467,-0.005858954398174325,-0.004527373853134706],[0.0,-0.006125270507182248,-0.006391586616190172],[0.001597896654047543,-0.005326322180158476,-0.007989483270237714],[0.0029294771990871623,-0.004261057744126781,-0.00825579937924564]]",1072.5806957635,1072.581747039,21.875,216472,"[1809, 3724, -3385]","[[22, 7, -17], [23, 0, -24], [20, 6, -30], [16, 11, -31]]"
8.073050,8.466133,body,0.000000,0.000000,0.000000,0.000000,0.000000,0.000000,0.000000,0.000000,0.000000,0.000000,0.000000,0.000000,6.683414,-3.248333,-6.098032,0.003862,-0.003396,-0.002264,bmi088,0.010067729000184045,"[[0.004527373853134706,-0.004261057744126781,-0.005858954398174325],[0.003728425526110934,-0.003994741635118857,-0.00346210941710301],[0.003728425526110934,-0.002663161090079238,-0.0007989483270237715],[0.00346210941710301,-0.002663161090079238,0.0010652644360316954]]",1072.5907634925002,1072.5918000155,21.875,216733,"[1809, 3722, -3396]","[[16, 17, -22], [15, 14, -13], [10, 14, -3], [10, 13, 4]]"
8.083050,8.476172,body,0.000000,0.000000,0.000000,0.000000,0.000000,0.000000,0.000000,0.000000,0.000000,0.000000,0.000000,0.000000,6.694188,-3.244742,-6.085462,0.001531,-0.004594,0.003795,bmi088,0.009934906999887971,"[[0.003728425526110934,-0.0029294771990871623,0.0029294771990871623],[0.0029294771990871623,-0.004793689962142629,0.004261057744126781],[0.0007989483270237715,-0.005060006071150553,0.004261057744126781],[-0.001331580545039619,-0.0055926382891664005,0.003728425526110934]]",1072.6006983995,1072.601738379,21.875,216990,"[1807, 3728, -3389]","[[11, 14, 11], [18, 11, 16], [19, 3, 16], [21, -5, 14]]"
8.093051,8.486289,body,0.000000,0.000000,0.000000,0.000000,0.000000,0.000000,0.000000,0.000000,0.000000,0.000000,0.000000,0.000000,6.669049,-3.242946,-6.071097,-0.002597,-0.005859,0.006392,bmi088,0.010002494499985914,"[[-0.00346210941710301,-0.005326322180158476,0.004527373853134706],[-0.0029294771990871623,-0.0055926382891664005,0.005858954398174325],[-0.001864212763055467,-0.006125270507182248,0.007190534943213944],[-0.0021305288720633907,-0.006391586616190172,0.007989483270237714]]",1072.610700894,1072.6117492735,21.875,217249,"[1806, 3714, -3381]","[[20, -13, 17], [21, -11, 22], [23, -7, 27], [24, -8, 30]]"
8.103049,8.496367,body,0.000000,0.000000,0.000000,0.000000,0.000000,0.000000,0.000000,0.000000,0.000000,0.000000,0.000000,0.000000,6.667253,-3.255516,-6.081871,-0.004394,-0.005193,0.005060,bmi088,0.009995006000053763,"[[-0.00346210941710301,-0.005858954398174325,0.007190534943213944],[-0.005060006071150553,-0.004527373853134706,0.005858954398174325],[-0.004793689962142629,-0.004527373853134706,0.003994741635118857],[-0.004261057744126781,-0.005858954398174325,0.003195793308095086]]",1072.6206959,1072.621735767,21.875,217507,"[1813, 3713, -3387]","[[22, -13, 27], [17, -19, 22], [17, -18, 15], [22, -16, 12]]"
8.113050,8.506484,body,0.000000,0.000000,0.000000,0.000000,0.000000,0.000000,0.000000,0.000000,0.000000,0.000000,0.000000,0.000000,6.672640,-3.244742,-6.049549,-0.003262,-0.007590,0.004860,bmi088,0.009998397499884959,"[[-0.004527373853134706,-0.007989483270237714,0.004527373853134706],[-0.004527373853134706,-0.008522115488253563,0.0055926382891664005],[-0.00346210941710301,-0.007456851052221868,0.005060006071150553],[-0.0005326322180158477,-0.006391586616190172,0.004261057744126781]]",1072.6306942975,1072.6317434295,21.875,217766,"[1807, 3716, -3369]","[[30, -17, 17], [32, -17, 21], [28, -13, 19], [24, -2, 16]]"
8.123051,8.516719,body,0.000000,0.000000,0.000000,0.000000,0.000000,0.000000,0.000000,0.000000,0.000000,0.000000,0.000000,0.000000,6.687005,-3.266290,-6.040571,0.002131,-0.003862,0.006325,bmi088,0.010111986999845612,"[[0.001864212763055467,-0.005060006071150553,0.004527373853134706],[0.0029294771990871623,-0.004261057744126781,0.006125270507182248],[0.0021305288720633907,-0.003728425526110934,0.007190534943213944],[0.001597896654047543,-0.0023968449810713144,0.007456851052221868]]",1072.6408062844998,1072.6418560719999,21.875,218028,"[1819, 3724, -3364]","[[19, 7, 17], [16, 11, 23], [14, 8, 27], [9, 6, 28]]"
8.133050,8.526758,body,0.000000,0.000000,0.000000,0.000000,0.000000,0.000000,0.000000,0.000000,0.000000,0.000000,0.000000,0.000000,6.703166,-3.273472,-6.103419,0.002929,-0.001931,0.004328,bmi088,0.009881512999982078,"[[0.001597896654047543,-0.0023968449810713144,0.00692421883420602],[0.0023968449810713144,-0.001864212763055467,0.0055926382891664005],[0.003195793308095086,-0.0021305288720633907,0.003728425526110934],[0.004527373853134706,-0.001331580545039619,0.0010652644360316954]]",1072.6506877974998,1072.6517567380001,21.875,218285,"[1823, 3733, -3399]","[[9, 6, 26], [7, 9, 21], [8, 12, 14], [5, 17, 4]]"
8.143050,8.536836,body,0.000000,0.000000,0.000000,0.000000,0.000000,0.000000,0.000000,0.000000,0.000000,0.000000,0.000000,0.000000,6.719327,-3.259107,-6.072893,0.007523,0.000466,-0.003529,bmi088,0.010027439500163382,"[[0.005858954398174325,-0.0005326322180158477,0.00026631610900792384],[0.007190534943213944,0.0,-0.0010652644360316954],[0.00825579937924564,0.0007989483270237715,-0.004261057744126781],[0.008788431597261486,0.001597896654047543,-0.009054747706269411]]",1072.660715237,1072.661755024,21.875,218543,"[1815, 3742, -3382]","[[2, 22, 1], [0, 27, -4], [-3, 31, -16], [-6, 33, -34]]"
8.153050,8.546914,body,0.000000,0.000000,0.000000,0.000000,0.000000,0.000000,0.000000,0.000000,0.000000,0.000000,0.000000,0.000000,6.640318,-3.262698,-6.065710,0.007457,0.002264,-0.011784,bmi088,0.009969884499923864,"[[0.008788431597261486,0.0023968449810713144,-0.012250541014364496],[0.00825579937924564,0.001864212763055467,-0.012516857123372421],[0.007190534943213944,0.0021305288720633907,-0.01171790879634865],[0.0055926382891664005,0.002663161090079238,-0.010652644360316953]]",1072.6706851215,1072.671727789,21.875,218801,"[1817, 3698, -3378]","[[-9, 33, -46], [-7, 31, -47], [-8, 27, -44], [-10, 21, -40]]"
8.163051,8.557070,body,0.000000,0.000000,0.000000,0.000000,0.000000,0.000000,0.000000,0.000000,0.000000,0.000000,0.000000,0.000000,6.654684,-3.262698,-6.056732,0.004993,0.004394,-0.007390,bmi088,0.010037296000064089,"[[0.003728425526110934,0.003994741635118857,-0.009587379924285258],[0.004261057744126781,0.005060006071150553,-0.008522115488253563],[0.005858954398174325,0.004261057744126781,-0.00692421883420602],[0.006125270507182248,0.004261057744126781,-0.004527373853134706]]",1072.6807224175,1072.6817618045,21.875,219061,"[1817, 3706, -3373]","[[-15, 14, -36], [-19, 16, -32], [-16, 22, -26], [-16, 23, -17]]"
8.173050,8.567227,body,0.000000,0.000000,0.000000,0.000000,0.000000,0.000000,0.000000,0.000000,0.000000,0.000000,0.000000,0.000000,6.667253,-3.259107,-6.063914,0.002064,0.002730,-0.002064,bmi088,0.010047648000181653,"[[0.004261057744126781,0.003728425526110934,-0.0023968449810713144],[0.0010652644360316954,0.003728425526110934,-0.001331580545039619],[0.0010652644360316954,0.002663161090079238,-0.0021305288720633907],[0.001864212763055467,0.0007989483270237715,-0.0023968449810713144]]",1072.6907700655001,1072.6918087165,21.875,219321,"[1815, 3713, -3377]","[[-14, 16, -9], [-14, 4, -5], [-10, 4, -8], [-3, 7, -9]]"
8.183049,8.577461,body,0.000000,0.000000,0.000000,0.000000,0.000000,0.000000,0.000000,0.000000,0.000000,0.000000,0.000000,0.000000,6.678027,-3.235764,-6.072893,0.000200,-0.002929,0.000133,bmi088,0.010110898999755591,"[[0.0021305288720633907,-0.00026631610900792384,-0.0029294771990871623],[0.00026631610900792384,-0.001597896654047543,-0.001331580545039619],[-0.0007989483270237715,-0.003994741635118857,0.0010652644360316954],[-0.0007989483270237715,-0.005858954398174325,0.003728425526110934]]",1072.7008809645,1072.701919791,21.875,219583,"[1802, 3719, -3382]","[[1, 8, -11], [6, 1, -5], [15, -3, 4], [22, -3, 14]]"
8.193050,8.587383,body,0.000000,0.000000,0.000000,0.000000,0.000000,0.000000,0.000000,0.000000,0.000000,0.000000,0.000000,0.000000,6.692392,-3.253720,-6.078279,-0.002996,-0.008522,0.007989,bmi088,0.009811462000016036,"[[0.0,-0.007723167161229791,0.005858954398174325],[-0.001597896654047543,-0.007723167161229791,0.007456851052221868],[-0.004527373853134706,-0.009321063815277334,0.008522115488253563],[-0.005858954398174325,-0.009321063815277334,0.010120012142301106]]",1072.7106924265,1072.7117339415,21.875,219837,"[1812, 3727, -3385]","[[29, 0, 22], [29, -6, 28], [35, -17, 32], [35, -22, 38]]"
8.203051,8.597500,body,0.000000,0.000000,0.000000,0.000000,0.000000,0.000000,0.000000,0.000000,0.000000,0.000000,0.000000,0.000000,6.688801,-3.259107,-6.071097,-0.001798,-0.006525,0.013649,bmi088,0.010029759000190097,"[[-0.004527373853134706,-0.008522115488253563,0.011451592687340724],[-0.001864212763055467,-0.007989483270237714,0.014114753777419964],[0.00026631610900792384,-0.0055926382891664005,0.01464738599543581],[-0.0010652644360316954,-0.003994741635118857,0.014381069886427887]]",1072.7207221855,1072.721762901,21.875,220096,"[1815, 3725, -3381]","[[32, -17, 43], [30, -7, 53], [21, 1, 55], [15, -4, 54]]"
8.213046,8.607578,body,0.000000,0.000000,0.000000,0.000000,0.000000,0.000000,0.000000,0.000000,0.000000,0.000000,0.000000,0.000000,6.672640,-3.259107,-6.056732,-0.001265,-0.002530,0.006724,bmi088,0.00994423599968286,"[[-0.0023968449810713144,-0.001597896654047543,0.01171790879634865],[-0.003728425526110934,-0.001864212763055467,0.009054747706269411],[-0.0007989483270237715,-0.0029294771990871623,0.005326322180158476],[0.001864212763055467,-0.003728425526110934,0.0007989483270237715]]",1072.7306664214998,1072.7317074245,21.875,220354,"[1815, 3716, -3373]","[[6, -9, 44], [7, -14, 34], [11, -3, 20], [14, 7, 3]]"
8.223046,8.617852,body,0.000000,0.000000,0.000000,0.000000,0.000000,0.000000,0.000000,0.000000,0.000000,0.000000,0.000000,0.000000,6.658275,-3.278859,-6.045958,0.001798,-0.002863,-0.007057,bmi088,0.010157716500089009,"[[0.00346210941710301,-0.003994741635118857,-0.003994741635118857],[0.0023968449810713144,-0.003728425526110934,-0.007989483270237714],[0.0010652644360316954,-0.0021305288720633907,-0.008788431597261486],[0.00026631610900792384,-0.001597896654047543,-0.007456851052221868]]",1072.7408241379999,1072.741881158,21.875,220617,"[1826, 3708, -3367]","[[15, 13, -15], [14, 9, -30], [8, 4, -33], [6, 1, -28]]"
8.233048,8.627930,body,0.000000,0.000000,0.000000,0.000000,0.000000,0.000000,0.000000,0.000000,0.000000,0.000000,0.000000,0.000000,6.649297,-3.280655,-6.028001,-0.000466,-0.002264,-0.001465,bmi088,0.009946859500132632,"[[0.00026631610900792384,-0.001331580545039619,-0.004527373853134706],[-0.0005326322180158477,-0.002663161090079238,-0.0021305288720633907],[-0.0007989483270237715,-0.002663161090079238,-0.00026631610900792384],[-0.0007989483270237715,-0.0023968449810713144,0.0010652644360316954]]",1072.7507709975,1072.7518441944999,21.875,220875,"[1827, 3703, -3357]","[[5, 1, -17], [10, -2, -8], [10, -3, -1], [9, -3, 4]]"
8.243052,8.638008,body,0.000000,0.000000,0.000000,0.000000,0.000000,0.000000,0.000000,0.000000,0.000000,0.000000,0.000000,0.000000,6.699575,-3.264494,-6.049549,0.003129,-0.003862,0.003795,bmi088,0.009949067999968975,"[[0.001331580545039619,-0.0023968449810713144,0.002663161090079238],[0.00346210941710301,-0.0029294771990871623,0.003728425526110934],[0.004261057744126781,-0.004261057744126781,0.004527373853134706],[0.00346210941710301,-0.005858954398174325,0.004261057744126781]]",1072.7607200655,1072.7617898545,21.875,221133,"[1818, 3731, -3369]","[[9, 5, 10], [11, 13, 14], [16, 16, 17], [22, 13, 16]]"
8.253050,8.648047,body,0.000000,0.000000,0.000000,0.000000,0.000000,0.000000,0.000000,0.000000,0.000000,0.000000,0.000000,0.000000,6.692392,-3.277064,-6.060323,0.000999,-0.001931,0.000866,bmi088,0.009984189999840964,"[[0.0010652644360316954,-0.006125270507182248,0.003195793308095086],[-0.00026631610900792384,-0.004261057744126781,0.001331580545039619],[0.0005326322180158477,-0.0005326322180158477,0.0],[0.002663161090079238,0.003195793308095086,-0.0010652644360316954]]",1072.7707042554998,1072.7717495465,21.875,221390,"[1825, 3727, -3375]","[[23, 4, 12], [16, -1, 5], [2, 2, 0], [-12, 10, -4]]"
8.263051,8.658203,body,0.000000,0.000000,0.000000,0.000000,0.000000,0.000000,0.000000,0.000000,0.000000,0.000000,0.000000,0.000000,6.676231,-3.278859,-6.087258,0.005859,0.002463,-0.004328,bmi088,0.010002910000139309,"[[0.004261057744126781,0.004527373853134706,-0.0010652644360316954],[0.005060006071150553,0.003728425526110934,-0.003195793308095086],[0.006391586616190172,0.001331580545039619,-0.0055926382891664005],[0.007723167161229791,0.00026631610900792384,-0.007456851052221868]]",1072.7807071655,1072.7817630650002,21.875,221650,"[1826, 3718, -3390]","[[-17, 16, -4], [-14, 19, -12], [-5, 24, -21], [-1, 29, -28]]"
8.273053,8.668359,body,0.000000,0.000000,0.000000,0.000000,0.000000,0.000000,0.000000,0.000000,0.000000,0.000000,0.000000,0.000000,6.685210,-3.250129,-6.098032,0.006858,-0.001398,-0.005926,bmi088,0.010093906000065545,"[[0.00825579937924564,-0.0010652644360316954,-0.007456851052221868],[0.007989483270237714,-0.001331580545039619,-0.005858954398174325],[0.006657902725198096,-0.001864212763055467,-0.005060006071150553],[0.004527373853134706,-0.001331580545039619,-0.005326322180158476]]",1072.7908010715,1072.791845595,21.875,221910,"[1810, 3723, -3396]","[[4, 31, -28], [5, 30, -22], [7, 25, -19], [5, 17, -20]]"
8.283050,8.678398,body,0.000000,0.000000,0.000000,0.000000,0.000000,0.000000,0.000000,0.000000,0.000000,0.000000,0.000000,0.000000,6.703166,-3.250129,-6.085462,0.001398,0.001398,-0.003995,bmi088,0.009921514999859937,"[[0.001864212763055467,-0.0005326322180158477,-0.005858954398174325],[0.0007989483270237715,0.0010652644360316954,-0.005060006071150553],[0.001331580545039619,0.0021305288720633907,-0.003728425526110934],[0.001597896654047543,0.0029294771990871623,-0.001331580545039619]]",1072.8007225865,1072.8017691255,21.875,222167,"[1810, 3733, -3389]","[[2, 7, -22], [-4, 3, -19], [-8, 5, -14], [-11, 6, -5]]"
8.293051,8.688477,body,0.000000,0.000000,0.000000,0.000000,0.000000,0.000000,0.000000,0.000000,0.000000,0.000000,0.000000,0.000000,6.683414,-3.264494,-6.047753,-0.002663,0.005193,0.002264,bmi088,0.009971229000257154,"[[-0.00026631610900792384,0.0029294771990871623,0.0005326322180158477],[-0.0029294771990871623,0.004261057744126781,0.0021305288720633907],[-0.003728425526110934,0.005858954398174325,0.003195793308095086],[-0.003728425526110934,0.007723167161229791,0.003195793308095086]]",1072.8106938155001,1072.8117313779999,21.875,222425,"[1818, 3722, -3368]","[[-11, -1, 2], [-16, -11, 8], [-22, -14, 12], [-29, -14, 12]]"
8.303051,8.698633,body,0.000000,0.000000,0.000000,0.000000,0.000000,0.000000,0.000000,0.000000,0.000000,0.000000,0.000000,0.000000,6.631340,-3.259107,-6.038775,-0.003129,0.004527,-0.005060,bmi088,0.010010749999764812,"[[-0.003195793308095086,0.007723167161229791,0.001597896654047543],[-0.003994741635118857,0.006391586616190172,-0.0029294771990871623],[-0.002663161090079238,0.00346210941710301,-0.007456851052221868],[-0.002663161090079238,0.0005326322180158477,-0.011451592687340724]]",1072.8207045655,1072.8217558095,21.875,222685,"[1815, 3693, -3363]","[[-29, -12, 6], [-24, -15, -11], [-13, -10, -28], [-2, -10, -43]]"
8.313052,8.708711,body,0.000000,0.000000,0.000000,0.000000,0.000000,0.000000,0.000000,0.000000,0.000000,0.000000,0.000000,0.000000,6.652888,-3.280655,-6.045958,-0.002330,-0.005060,-0.010653,bmi088,0.010001006000038615,"[[-0.001864212763055467,-0.0023968449810713144,-0.012516857123372421],[-0.0021305288720633907,-0.005060006071150553,-0.012250541014364496],[-0.0021305288720633907,-0.006125270507182248,-0.01038632825130903],[-0.003195793308095086,-0.006657902725198096,-0.007456851052221868]]",1072.8307055715,1072.8317560790001,21.875,222943,"[1827, 3705, -3367]","[[9, -7, -47], [19, -8, -46], [23, -8, -39], [25, -12, -28]]"
8.323051,8.719062,body,0.000000,0.000000,0.000000,0.000000,0.000000,0.000000,0.000000,0.000000,0.000000,0.000000,0.000000,0.000000,6.678027,-3.280655,-6.089053,-0.006392,-0.006591,0.007590,bmi088,0.01022250350001741,"[[-0.003728425526110934,-0.006657902725198096,-0.002663161090079238],[-0.004527373853134706,-0.006391586616190172,0.004261057744126781],[-0.00692421883420602,-0.006657902725198096,0.010918960469324878],[-0.01038632825130903,-0.006657902725198096,0.017843179303530896]]",1072.840928075,1072.8419798305,21.875,223208,"[1827, 3719, -3391]","[[25, -14, -10], [24, -17, 16], [25, -26, 41], [25, -39, 67]]"
8.333050,8.728984,body,0.000000,0.000000,0.000000,0.000000,0.000000,0.000000,0.000000,0.000000,0.000000,0.000000,0.000000,0.000000,6.712144,-3.264494,-6.089053,-0.008322,-0.005459,0.023170,bmi088,0.009790725500124609,"[[-0.011984224905356573,-0.006657902725198096,0.02290318537468145],[-0.009587379924285258,-0.005858954398174325,0.025033714246744842],[-0.00692421883420602,-0.004793689962142629,0.023968449810713145],[-0.004793689962142629,-0.004527373853134706,0.02077265650261806]]",1072.8507188005,1072.851788429,21.875,223462,"[1818, 3738, -3391]","[[25, -45, 86], [22, -36, 94], [18, -26, 90], [17, -18, 78]]"
8.343049,8.739063,body,0.000000,0.000000,0.000000,0.000000,0.000000,0.000000,0.000000,0.000000,0.000000,0.000000,0.000000,0.000000,6.681618,-3.277064,-6.076484,-0.003396,-0.003728,0.006325,bmi088,0.00998262099983549,"[[-0.004261057744126781,-0.003994741635118857,0.015712650431467506],[-0.004527373853134706,-0.003994741635118857,0.009587379924285258],[-0.00346210941710301,-0.00346210941710301,0.002663161090079238],[-0.001331580545039619,-0.00346210941710301,-0.002663161090079238]]",1072.8607014215,1072.8617557535,21.875,223720,"[1825, 3721, -3384]","[[15, -16, 59], [15, -17, 36], [13, -13, 10], [13, -5, -10]]"
8.353051,8.749180,body,0.000000,0.000000,0.000000,0.000000,0.000000,0.000000,0.000000,0.000000,0.000000,0.000000,0.000000,0.000000,6.661866,-3.286042,-6.076484,-0.000133,-0.000599,-0.010053,bmi088,0.010015599000098518,"[[0.0007989483270237715,-0.001864212763055467,-0.006391586616190172],[0.001331580545039619,-0.0010652644360316954,-0.009321063815277334],[-0.0005326322180158477,-0.00026631610900792384,-0.01171790879634865],[-0.0021305288720633907,0.0007989483270237715,-0.012783173232380344]]",1072.8707170205,1072.871770856,21.875,223979,"[1830, 3710, -3384]","[[7, 3, -24], [4, 5, -35], [1, -2, -44], [-3, -8, -48]]"
8.363050,8.759297,body,0.000000,0.000000,0.000000,0.000000,0.000000,0.000000,0.000000,0.000000,0.000000,0.000000,0.000000,0.000000,6.685210,-3.255516,-6.080075,-0.003262,-0.000799,-0.003662,bmi088,0.010014238999929148,"[[-0.004261057744126781,0.0,-0.011185276578332801],[-0.005326322180158476,-0.00026631610900792384,-0.006657902725198096],[-0.003728425526110934,-0.001597896654047543,-0.0010652644360316954],[0.00026631610900792384,-0.001331580545039619,0.004261057744126781]]",1072.8807312595,1072.8817776065,21.875,224238,"[1813, 3723, -3386]","[[0, -16, -42], [1, -20, -25], [6, -14, -4], [5, 1, 16]]"
8.373050,8.769453,body,0.000000,0.000000,0.000000,0.000000,0.000000,0.000000,0.000000,0.000000,0.000000,0.000000,0.000000,0.000000,6.692392,-3.257311,-6.087258,0.003795,-0.000133,0.010453,bmi088,0.01004315149998547,"[[0.00346210941710301,-0.001331580545039619,0.009054747706269411],[0.003994741635118857,-0.0010652644360316954,0.011451592687340724],[0.004261057744126781,0.0005326322180158477,0.011984224905356573],[0.00346210941710301,0.001331580545039619,0.009321063815277334]]",1072.890774411,1072.891813814,21.875,224498,"[1814, 3727, -3390]","[[5, 13, 34], [4, 15, 43], [-2, 16, 45], [-5, 13, 35]]"
8.383051,8.779492,body,0.000000,0.000000,0.000000,0.000000,0.000000,0.000000,0.000000,0.000000,0.000000,0.000000,0.000000,0.000000,6.692392,-3.282450,-6.080075,0.002663,0.001198,-0.001198,bmi088,0.009926507000045603,"[[0.0029294771990871623,0.0023968449810713144,0.0055926382891664005],[0.0021305288720633907,0.001864212763055467,0.001597896654047543],[0.002663161090079238,0.0007989483270237715,-0.003994741635118857],[0.0029294771990871623,-0.00026631610900792384,-0.007989483270237714]]",1072.900700918,1072.9017500495002,21.875,224755,"[1828, 3727, -3386]","[[-9, 11, 21], [-7, 8, 6], [-3, 10, -15], [1, 11, -30]]"
8.393050,8.789570,body,0.000000,0.000000,0.000000,0.000000,0.000000,0.000000,0.000000,0.000000,0.000000,0.000000,0.000000,0.000000,6.704962,-3.253720,-6.067506,0.003795,-0.002064,-0.013049,bmi088,0.009972380500130384,"[[0.003195793308095086,-0.001864212763055467,-0.011984224905356573],[0.003195793308095086,-0.0023968449810713144,-0.012783173232380344],[0.004793689962142629,-0.0021305288720633907,-0.014114753777419964],[0.003994741635118857,-0.001864212763055467,-0.013315805450396193]]",1072.9106732985001,1072.911716862,21.875,225013,"[1812, 3734, -3379]","[[7, 12, -45], [9, 12, -48], [8, 18, -53], [7, 15, -50]]"
8.403049,8.799727,body,0.000000,0.000000,0.000000,0.000000,0.000000,0.000000,0.000000,0.000000,0.000000,0.000000,0.000000,0.000000,6.688801,-3.255516,-6.072893,-0.000932,-0.004661,-0.011119,bmi088,0.010062688999823877,"[[0.001864212763055467,-0.001864212763055467,-0.01384843766841204],[-0.00026631610900792384,-0.00346210941710301,-0.013315805450396193],[-0.0023968449810713144,-0.005326322180158476,-0.010918960469324878],[-0.0029294771990871623,-0.007989483270237714,-0.006391586616190172]]",1072.9207359875,1072.9217708305,21.875,225273,"[1813, 3725, -3382]","[[7, 7, -52], [13, -1, -50], [20, -9, -41], [30, -11, -24]]"
8.413050,8.809805,body,0.000000,0.000000,0.000000,0.000000,0.000000,0.000000,0.000000,0.000000,0.000000,0.000000,0.000000,0.000000,6.660070,-3.268085,-6.076484,-0.005193,-0.005526,0.007790,bmi088,0.009937515500041627,"[[-0.004527373853134706,-0.00825579937924564,0.00026631610900792384],[-0.005060006071150553,-0.006657902725198096,0.005858954398174325],[-0.0055926382891664005,-0.003994741635118857,0.011185276578332801],[-0.0055926382891664005,-0.003195793308095086,0.01384843766841204]]",1072.930673503,1072.9317206025,21.875,225531,"[1820, 3709, -3384]","[[31, -17, 1], [25, -19, 22], [15, -21, 42], [12, -21, 52]]"
8.423048,8.820039,body,0.000000,0.000000,0.000000,0.000000,0.000000,0.000000,0.000000,0.000000,0.000000,0.000000,0.000000,0.000000,6.697779,-3.259107,-6.051345,-0.005792,-0.004860,0.012051,bmi088,0.010126947499884409,"[[-0.0055926382891664005,-0.00346210941710301,0.014913702104443736],[-0.006125270507182248,-0.004527373853134706,0.01384843766841204],[-0.006657902725198096,-0.0055926382891664005,0.011451592687340724],[-0.004793689962142629,-0.005858954398174325,0.007989483270237714]]",1072.9408004504999,1072.9418496140001,21.875,225793,"[1815, 3730, -3370]","[[13, -21, 56], [17, -23, 52], [21, -25, 43], [22, -18, 30]]"
8.433051,8.830039,body,0.000000,0.000000,0.000000,0.000000,0.000000,0.000000,0.000000,0.000000,0.000000,0.000000,0.000000,0.000000,6.681618,-3.269881,-6.044162,-0.000200,-0.004261,0.000533,bmi088,0.00989759399999457,"[[-0.0023968449810713144,-0.005326322180158476,0.005060006071150553],[0.00026631610900792384,-0.003994741635118857,0.002663161090079238],[0.001331580545039619,-0.003728425526110934,-0.0010652644360316954],[0.0,-0.003994741635118857,-0.004527373853134706]]",1072.9506980444999,1072.9517440075,21.875,226049,"[1821, 3721, -3366]","[[20, -9, 19], [15, 1, 10], [14, 5, -4], [15, 0, -17]]"
8.443049,8.840117,body,0.000000,0.000000,0.000000,0.000000,0.000000,0.000000,0.000000,0.000000,0.000000,0.000000,0.000000,0.000000,6.692392,-3.268085,-6.076484,-0.002929,-0.007124,-0.006258,bmi088,0.009982765000131621,"[[-0.001864212763055467,-0.004793689962142629,-0.007456851052221868],[-0.00346210941710301,-0.006657902725198096,-0.007723167161229791],[-0.003994741635118857,-0.007989483270237714,-0.007190534943213944],[-0.0023968449810713144,-0.009054747706269411,-0.002663161090079238]]",1072.9606808095,1072.9617349334999,21.875,226307,"[1820, 3727, -3384]","[[18, -7, -28], [25, -13, -29], [30, -15, -27], [34, -9, -10]]"
8.453052,8.850195,body,0.000000,0.000000,0.000000,0.000000,0.000000,0.000000,0.000000,0.000000,0.000000,0.000000,0.000000,0.000000,6.690597,-3.271677,-6.103419,0.000266,-0.005326,0.014248,bmi088,0.009970764999934545,"[[-0.0007989483270237715,-0.007456851052221868,0.004527373853134706],[0.0010652644360316954,-0.006125270507182248,0.012516857123372421],[0.0005326322180158477,-0.004261057744126781,0.018109495412538822],[0.00026631610900792384,-0.00346210941710301,0.021837920938649755]]",1072.9706515745,1072.9716914735,21.875,226565,"[1822, 3726, -3399]","[[28, -3, 17], [23, 4, 47], [16, 2, 68], [13, 1, 82]]"
8.463051,8.860547,body,0.000000,0.000000,0.000000,0.000000,0.000000,0.000000,0.000000,0.000000,0.000000,0.000000,0.000000,0.000000,6.692392,-3.277064,-6.089053,-0.000399,-0.001798,0.019108,bmi088,0.010202742500041495,"[[-0.0005326322180158477,-0.003195793308095086,0.025033714246744842],[-0.0005326322180158477,-0.0023968449810713144,0.0234358175926973],[-0.0005326322180158477,-0.001864212763055467,0.018908443739562592],[0.0,0.00026631610900792384,0.009054747706269411]]",1072.980854317,1072.9819053685,21.875,226830,"[1825, 3727, -3391]","[[12, -2, 94], [9, -2, 88], [7, -2, 71], [-1, 0, 34]]"
8.473050,8.870586,body,0.000000,0.000000,0.000000,0.000000,0.000000,0.000000,0.000000,0.000000,0.000000,0.000000,0.000000,0.000000,6.670844,-3.260903,-6.081871,0.004661,0.004927,-0.013848,bmi088,0.00994681149995813,"[[0.002663161090079238,0.0023968449810713144,-0.00026631610900792384],[0.004793689962142629,0.005326322180158476,-0.011185276578332801],[0.005858954398174325,0.005858954398174325,-0.019174759848570515],[0.005326322180158476,0.006125270507182248,-0.02476739813773692]]",1072.9908011285,1072.991861253,21.875,227087,"[1816, 3715, -3387]","[[-9, 10, -1], [-20, 18, -42], [-22, 22, -72], [-23, 20, -93]]"
8.483050,8.880625,body,0.000000,0.000000,0.000000,0.000000,0.000000,0.000000,0.000000,0.000000,0.000000,0.000000,0.000000,0.000000,6.694188,-3.282450,-6.085462,0.004993,0.002397,-0.022038,bmi088,0.009919659000161118,"[[0.004261057744126781,0.004527373853134706,-0.02849582366384785],[0.004261057744126781,0.0029294771990871623,-0.02689792700980031],[0.005060006071150553,0.001331580545039619,-0.021305288720633905],[0.006391586616190172,0.0007989483270237715,-0.011451592687340724]]",1073.0007207875,1073.001771199,21.875,227344,"[1828, 3728, -3389]","[[-17, 16, -107], [-11, 16, -101], [-5, 19, -80], [-3, 24, -43]]"
8.493050,8.890742,body,0.000000,0.000000,0.000000,0.000000,0.000000,0.000000,0.000000,0.000000,0.000000,0.000000,0.000000,0.000000,6.694188,-3.232172,-6.083666,0.007057,0.001997,0.005193,bmi088,0.010005630500018015,"[[0.007723167161229791,0.0007989483270237715,-0.001864212763055467],[0.007989483270237714,0.001331580545039619,0.005326322180158476],[0.007190534943213944,0.0021305288720633907,0.009054747706269411],[0.005326322180158476,0.003728425526110934,0.00825579937924564]]",1073.010726418,1073.0117850860001,21.875,227603,"[1800, 3728, -3388]","[[-3, 29, -7], [-5, 30, 20], [-8, 27, 34], [-14, 20, 31]]"
8.503050,8.900820,body,0.000000,0.000000,0.000000,0.000000,0.000000,0.000000,0.000000,0.000000,0.000000,0.000000,0.000000,0.000000,6.681618,-3.275268,-6.076484,0.002197,0.001864,-0.001531,bmi088,0.009981309499835334,"[[0.004261057744126781,0.004261057744126781,0.005060006071150553],[0.003728425526110934,0.0029294771990871623,0.0007989483270237715],[0.001864212763055467,0.0010652644360316954,-0.003994741635118857],[-0.0010652644360316954,-0.0007989483270237715,-0.007989483270237714]]",1073.0207077275,1073.0217552585,21.875,227861,"[1824, 3721, -3384]","[[-16, 16, 19], [-11, 14, 3], [-4, 7, -15], [3, -4, -30]]"
8.513050,8.910977,body,0.000000,0.000000,0.000000,0.000000,0.000000,0.000000,0.000000,0.000000,0.000000,0.000000,0.000000,0.000000,6.683414,-3.296816,-6.056732,-0.002796,-0.006591,-0.003795,bmi088,0.01001038200001858,"[[-0.0029294771990871623,-0.0023968449810713144,-0.009587379924285258],[-0.00346210941710301,-0.005326322180158476,-0.00692421883420602],[-0.0029294771990871623,-0.008522115488253563,-0.001597896654047543],[-0.001864212763055467,-0.010120012142301106,0.0029294771990871623]]",1073.0307181095,1073.0317771295,21.875,228121,"[1836, 3722, -3373]","[[9, -11, -36], [20, -13, -26], [32, -11, -6], [38, -7, 11]]"
8.523051,8.921133,body,0.000000,0.000000,0.000000,0.000000,0.000000,0.000000,0.000000,0.000000,0.000000,0.000000,0.000000,0.000000,6.692392,-3.246537,-6.056732,0.004128,-0.007457,0.010053,bmi088,0.010086770000043543,"[[0.001331580545039619,-0.009321063815277334,0.007190534943213944],[0.003994741635118857,-0.007989483270237714,0.010652644360316953],[0.005858954398174325,-0.006657902725198096,0.01171790879634865],[0.005326322180158476,-0.005858954398174325,0.010652644360316953]]",1073.0408048795,1073.0418503625,21.875,228381,"[1808, 3727, -3373]","[[35, 5, 27], [30, 15, 40], [25, 22, 44], [22, 20, 40]]"
8.533050,8.931172,body,0.000000,0.000000,0.000000,0.000000,0.000000,0.000000,0.000000,0.000000,0.000000,0.000000,0.000000,0.000000,6.690597,-3.246537,-6.062119,-0.001332,-0.006458,0.003129,bmi088,0.009916409999959797,"[[0.003195793308095086,-0.005858954398174325,0.00692421883420602],[0.0,-0.006125270507182248,0.003728425526110934],[-0.003195793308095086,-0.00692421883420602,0.0010652644360316954],[-0.005326322180158476,-0.00692421883420602,0.0007989483270237715]]",1073.0507212895,1073.0517701495,21.875,228638,"[1808, 3726, -3376]","[[22, 12, 26], [23, 0, 14], [26, -12, 4], [26, -20, 3]]"
8.543050,8.941250,body,0.000000,0.000000,0.000000,0.000000,0.000000,0.000000,0.000000,0.000000,0.000000,0.000000,0.000000,0.000000,6.685210,-3.268085,-6.071097,-0.001864,-0.005792,0.005393,bmi088,0.009946236000132558,"[[-0.005060006071150553,-0.006657902725198096,0.0023968449810713144],[-0.003195793308095086,-0.006657902725198096,0.003994741635118857],[-0.0005326322180158477,-0.005326322180158476,0.006391586616190172],[0.001331580545039619,-0.004527373853134706,0.008788431597261486]]",1073.0606675255,1073.061715105,21.875,228896,"[1820, 3723, -3381]","[[25, -19, 9], [25, -12, 15], [20, -2, 24], [17, 5, 33]]"
8.553050,8.951367,body,0.000000,0.000000,0.000000,0.000000,0.000000,0.000000,0.000000,0.000000,0.000000,0.000000,0.000000,0.000000,6.661866,-3.251924,-6.058527,0.001531,-0.002463,0.007923,bmi088,0.010036783999794352,"[[0.0007989483270237715,-0.0029294771990871623,0.01038632825130903],[0.0010652644360316954,-0.0023968449810713144,0.009321063815277334],[0.0005326322180158477,-0.0023968449810713144,0.007190534943213944],[0.003728425526110934,-0.0021305288720633907,0.004793689962142629]]",1073.0707043095,1073.0717554409998,21.875,229155,"[1811, 3710, -3374]","[[11, 3, 39], [9, 4, 35], [9, 2, 27], [8, 14, 18]]"
8.563052,8.961484,body,0.000000,0.000000,0.000000,0.000000,0.000000,0.000000,0.000000,0.000000,0.000000,0.000000,0.000000,0.000000,6.670844,-3.251924,-6.076484,0.006458,-0.000333,-0.005992,bmi088,0.010001326000292465,"[[0.0055926382891664005,-0.0005326322180158477,0.0005326322180158477],[0.00692421883420602,0.0,-0.004261057744126781],[0.006657902725198096,0.00026631610900792384,-0.009054747706269411],[0.006657902725198096,-0.0010652644360316954,-0.011185276578332801]]",1073.0807056355002,1073.081757119,21.875,229414,"[1811, 3715, -3384]","[[2, 21, 2], [0, 26, -16], [-1, 25, -34], [4, 25, -42]]"
8.573051,8.971719,body,0.000000,0.000000,0.000000,0.000000,0.000000,0.000000,0.000000,0.000000,0.000000,0.000000,0.000000,0.000000,6.692392,-3.248333,-6.067506,0.004594,-0.003728,-0.010786,bmi088,0.010090481999668555,"[[0.006125270507182248,-0.001864212763055467,-0.012783173232380344],[0.004793689962142629,-0.00346210941710301,-0.012516857123372421],[0.003994741635118857,-0.005060006071150553,-0.010918960469324878],[0.00346210941710301,-0.004527373853134706,-0.00692421883420602]]",1073.0907961174998,1073.091856369,21.875,229676,"[1809, 3727, -3379]","[[7, 23, -48], [13, 18, -47], [19, 15, -41], [17, 13, -26]]"
8.583050,8.981719,body,0.000000,0.000000,0.000000,0.000000,0.000000,0.000000,0.000000,0.000000,0.000000,0.000000,0.000000,0.000000,6.676231,-3.278859,-6.065710,0.004328,-0.001864,-0.000533,bmi088,0.009897866000301292,"[[0.003728425526110934,-0.0029294771990871623,-0.004527373853134706],[0.003994741635118857,-0.0010652644360316954,-0.001864212763055467],[0.004527373853134706,-0.001331580545039619,0.0005326322180158477],[0.005060006071150553,-0.0021305288720633907,0.003728425526110934]]",1073.1006939835002,1073.101751403,21.875,229932,"[1826, 3718, -3378]","[[11, 14, -17], [4, 15, -7], [5, 17, 2], [8, 19, 14]]"
8.593051,8.991797,body,0.000000,0.000000,0.000000,0.000000,0.000000,0.000000,0.000000,0.000000,0.000000,0.000000,0.000000,0.000000,6.678027,-3.250129,-6.069301,0.003329,-0.000866,0.002397,bmi088,0.010009613999955036,"[[0.0055926382891664005,-0.002663161090079238,0.003994741635118857],[0.005060006071150553,-0.001331580545039619,0.003195793308095086],[0.0029294771990871623,-0.00026631610900792384,0.001864212763055467],[-0.00026631610900792384,0.0007989483270237715,0.0005326322180158477]]",1073.1107035975,1073.1117434645,21.875,230190,"[1810, 3719, -3380]","[[10, 21, 15], [5, 19, 12], [1, 11, 7], [-3, -1, 2]]"
8.603049,9.002109,body,0.000000,0.000000,0.000000,0.000000,0.000000,0.000000,0.000000,0.000000,0.000000,0.000000,0.000000,0.000000,6.687005,-3.253720,-6.065710,-0.000732,-0.001798,-0.005926,bmi088,0.009993438000037713,"[[-0.001864212763055467,-0.0005326322180158477,-0.0029294771990871623],[-0.001597896654047543,-0.001597896654047543,-0.005326322180158476],[-0.00026631610900792384,-0.0023968449810713144,-0.007456851052221868],[0.0007989483270237715,-0.002663161090079238,-0.007989483270237714]]",1073.1206970355001,1073.1219089575,21.875,230454,"[1812, 3724, -3378]","[[2, -7, -11], [6, -6, -20], [9, -1, -28], [10, 3, -30]]"
8.613051,9.011992,body,0.000000,0.000000,0.000000,0.000000,0.000000,0.000000,0.000000,0.000000,0.000000,0.000000,0.000000,0.000000,6.672640,-3.280655,-6.080075,0.001132,-0.004727,-0.004328,bmi088,0.009970108999823424,"[[0.001331580545039619,-0.003195793308095086,-0.008788431597261486],[0.001597896654047543,-0.004527373853134706,-0.007190534943213944],[0.001331580545039619,-0.0055926382891664005,-0.003195793308095086],[0.00026631610900792384,-0.0055926382891664005,0.001864212763055467]]",1073.1306671445,1073.1317124835,21.875,230707,"[1827, 3716, -3386]","[[12, 5, -33], [17, 6, -27], [21, 5, -12], [21, 1, 7]]"
8.623051,9.022227,body,0.000000,0.000000,0.000000,0.000000,0.000000,0.000000,0.000000,0.000000,0.000000,0.000000,0.000000,0.000000,6.674436,-3.260903,-6.065710,-0.001132,-0.004194,0.008256,bmi088,0.010112402000004295,"[[-0.0007989483270237715,-0.005326322180158476,0.005858954398174325],[-0.001864212763055467,-0.004261057744126781,0.008788431597261486],[-0.001597896654047543,-0.003994741635118857,0.009321063815277334],[-0.00026631610900792384,-0.003195793308095086,0.009054747706269411]]",1073.1407795465,1073.141819846,21.875,230969,"[1816, 3717, -3378]","[[20, -3, 22], [16, -7, 33], [15, -6, 35], [12, -1, 34]]"
8.633051,9.032266,body,0.000000,0.000000,0.000000,0.000000,0.000000,0.000000,0.000000,0.000000,0.000000,0.000000,0.000000,0.000000,6.687005,-3.259107,-6.067506,-0.000067,-0.000866,0.006791,bmi088,0.009941292000121393,"[[0.0010652644360316954,-0.002663161090079238,0.007456851052221868],[0.001331580545039619,-0.0010652644360316954,0.007456851052221868],[-0.00026631610900792384,0.0,0.006657902725198096],[-0.0023968449810713144,0.00026631610900792384,0.0055926382891664005]]",1073.1507208385,1073.1517618895,21.875,231226,"[1815, 3724, -3379]","[[10, 4, 28], [4, 5, 28], [0, -1, 25], [-1, -9, 21]]"
8.643050,9.042383,body,0.000000,0.000000,0.000000,0.000000,0.000000,0.000000,0.000000,0.000000,0.000000,0.000000,0.000000,0.000000,6.706757,-3.266290,-6.058527,-0.003196,-0.002996,0.001798,bmi088,0.009991742000011072,"[[-0.003994741635118857,-0.0010652644360316954,0.0029294771990871623],[-0.003994741635118857,-0.0029294771990871623,0.0021305288720633907],[-0.002663161090079238,-0.003994741635118857,0.0007989483270237715],[-0.0021305288720633907,-0.003994741635118857,0.001331580545039619]]",1073.1607125805,1073.1617624,21.875,231485,"[1819, 3735, -3374]","[[4, -15, 11], [11, -15, 8], [15, -10, 3], [15, -8, 5]]"
8.653051,9.052500,body,0.000000,0.000000,0.000000,0.000000,0.000000,0.000000,0.000000,0.000000,0.000000,0.000000,0.000000,0.000000,6.665457,-3.251924,-6.060323,-0.001997,-0.004128,-0.001465,bmi088,0.01000137400001222,"[[-0.001597896654047543,-0.003728425526110934,-0.0005326322180158477],[-0.002663161090079238,-0.004261057744126781,-0.0010652644360316954],[-0.001864212763055467,-0.004527373853134706,-0.001597896654047543],[-0.001864212763055467,-0.003994741635118857,-0.002663161090079238]]",1073.1707139545001,1073.171768206,21.875,231744,"[1811, 3712, -3375]","[[14, -6, -2], [16, -10, -4], [17, -7, -6], [15, -7, -10]]"
8.663050,9.062617,body,0.000000,0.000000,0.000000,0.000000,0.000000,0.000000,0.000000,0.000000,0.000000,0.000000,0.000000,0.000000,6.685210,-3.250129,-6.092645,0.001931,-0.006458,-0.001997,bmi088,0.010001853999710875,"[[0.0,-0.005060006071150553,-0.0029294771990871623],[0.001864212763055467,-0.005858954398174325,-0.00346210941710301],[0.003195793308095086,-0.007723167161229791,-0.001597896654047543],[0.002663161090079238,-0.007190534943213944,0.0]]",1073.1807158084998,1073.181758988,21.875,232003,"[1810, 3723, -3393]","[[19, 0, -11], [22, 7, -13], [29, 12, -6], [27, 10, 0]]"
8.673052,9.072773,body,0.000000,0.000000,0.000000,0.000000,0.000000,0.000000,0.000000,0.000000,0.000000,0.000000,0.000000,0.000000,6.715736,-3.269881,-6.081871,0.001332,-0.003529,0.003063,bmi088,0.01006883300010486,"[[0.001331580545039619,-0.006125270507182248,0.001864212763055467],[0.00026631610900792384,-0.003728425526110934,0.0029294771990871623],[0.001597896654047543,-0.002663161090079238,0.003728425526110934],[0.0021305288720633907,-0.001597896654047543,0.003728425526110934]]",1073.1907846415,1073.1918259485,21.875,232263,"[1821, 3740, -3387]","[[23, 5, 7], [14, 1, 11], [10, 6, 14], [6, 8, 14]]"
8.683051,9.082852,body,0.000000,0.000000,0.000000,0.000000,0.000000,0.000000,0.000000,0.000000,0.000000,0.000000,0.000000,0.000000,6.674436,-3.250129,-6.081871,0.000932,0.000399,0.002264,bmi088,0.009940411500110713,"[[0.0021305288720633907,-0.00026631610900792384,0.004261057744126781],[0.001331580545039619,0.0005326322180158477,0.00346210941710301],[0.0005326322180158477,0.0007989483270237715,0.0021305288720633907],[-0.00026631610900792384,0.0005326322180158477,-0.0007989483270237715]]",1073.200725053,1073.2017672719999,21.875,232521,"[1810, 3717, -3387]","[[1, 8, 16], [-2, 5, 13], [-3, 2, 8], [-2, -1, -3]]"
8.693050,9.092891,body,0.000000,0.000000,0.000000,0.000000,0.000000,0.000000,0.000000,0.000000,0.000000,0.000000,0.000000,0.000000,6.670844,-3.260903,-6.072893,0.000000,0.000466,-0.006924,bmi088,0.009944187499968393,"[[-0.0007989483270237715,0.0007989483270237715,-0.002663161090079238],[-0.0005326322180158477,0.0007989483270237715,-0.005060006071150553],[0.00026631610900792384,0.0005326322180158477,-0.009321063815277334],[0.0010652644360316954,-0.00026631610900792384,-0.010652644360316953]]",1073.2106692405,1073.2117056035,21.875,232778,"[1816, 3715, -3382]","[[-3, -3, -10], [-3, -2, -19], [-2, 1, -35], [1, 4, -40]]"
8.703050,9.103086,body,0.000000,0.000000,0.000000,0.000000,0.000000,0.000000,0.000000,0.000000,0.000000,0.000000,0.000000,0.000000,6.687005,-3.273472,-6.085462,0.001132,0.000866,-0.006325,bmi088,0.010060337000140862,"[[0.0010652644360316954,-0.00026631610900792384,-0.01038632825130903],[0.001331580545039619,0.0007989483270237715,-0.007723167161229791],[0.001331580545039619,0.001331580545039619,-0.005060006071150553],[0.0007989483270237715,0.001597896654047543,-0.0021305288720633907]]",1073.2207295775002,1073.2217960855,21.875,233039,"[1823, 3724, -3389]","[[1, 4, -39], [-3, 5, -29], [-5, 5, -19], [-6, 3, -8]]"
8.713051,9.113203,body,0.000000,0.000000,0.000000,0.000000,0.000000,0.000000,0.000000,0.000000,0.000000,0.000000,0.000000,0.000000,6.683414,-3.264494,-6.099827,-0.001997,-0.002796,0.007191,bmi088,0.00999086199976773,"[[0.0,-0.0005326322180158477,0.0029294771990871623],[-0.0021305288720633907,-0.0023968449810713144,0.006125270507182248],[-0.0029294771990871623,-0.004261057744126781,0.009321063815277334],[-0.0029294771990871623,-0.003994741635118857,0.01038632825130903]]",1073.2307204395,1073.231780739,21.875,233298,"[1818, 3722, -3397]","[[2, 0, 11], [9, -8, 23], [16, -11, 35], [15, -11, 39]]"
8.723056,9.123359,body,0.000000,0.000000,0.000000,0.000000,0.000000,0.000000,0.000000,0.000000,0.000000,0.000000,0.000000,0.000000,6.683414,-3.273472,-6.054936,-0.005326,-0.001132,0.006125,bmi088,0.010078961000090203,"[[-0.003728425526110934,-0.0023968449810713144,0.008522115488253563],[-0.005326322180158476,-0.001331580545039619,0.007456851052221868],[-0.006657902725198096,-0.00026631610900792384,0.004793689962142629],[-0.0055926382891664005,-0.0005326322180158477,0.003728425526110934]]",1073.2407994005,1073.241847844,21.875,233558,"[1823, 3722, -3372]","[[9, -14, 32], [5, -20, 28], [1, -25, 18], [2, -21, 14]]"
8.733049,9.133437,body,0.000000,0.000000,0.000000,0.000000,0.000000,0.000000,0.000000,0.000000,0.000000,0.000000,0.000000,0.000000,6.663662,-3.273472,-6.063914,-0.001864,-0.002264,-0.002330,bmi088,0.009940076000020781,"[[-0.003728425526110934,-0.0007989483270237715,0.0007989483270237715],[-0.001864212763055467,-0.001597896654047543,-0.001864212763055467],[-0.0010652644360316954,-0.002663161090079238,-0.003728425526110934],[-0.0007989483270237715,-0.003994741635118857,-0.004527373853134706]]",1073.2507394765,1073.251795824,21.875,233816,"[1823, 3711, -3377]","[[3, -14, 3], [6, -7, -7], [10, -4, -14], [15, -3, -17]]"
8.743049,9.143555,body,0.000000,0.000000,0.000000,0.000000,0.000000,0.000000,0.000000,0.000000,0.000000,0.000000,0.000000,0.000000,6.679823,-3.271677,-6.063914,-0.001398,-0.003063,-0.004594,bmi088,0.009993036999958349,"[[-0.0007989483270237715,-0.004261057744126781,-0.005060006071150553],[-0.0007989483270237715,-0.00346210941710301,-0.005858954398174325],[-0.001597896654047543,-0.0021305288720633907,-0.004793689962142629],[-0.0023968449810713144,-0.0023968449810713144,-0.002663161090079238]]",1073.2607325135,1073.261792334,21.875,234075,"[1822, 3720, -3377]","[[16, -3, -19], [13, -3, -22], [8, -6, -18], [9, -9, -10]]"
8.753050,9.153633,body,0.000000,0.000000,0.000000,0.000000,0.000000,0.000000,0.000000,0.000000,0.000000,0.000000,0.000000,0.000000,6.687005,-3.250129,-6.062119,-0.000533,-0.002796,0.001598,bmi088,0.009985598000184837,"[[-0.001864212763055467,-0.0029294771990871623,-0.0005326322180158477],[-0.0005326322180158477,-0.00346210941710301,0.0005326322180158477],[0.00026631610900792384,-0.002663161090079238,0.0023968449810713144],[0.0,-0.0021305288720633907,0.003994741635118857]]",1073.2707181115002,1073.2717584905,21.875,234333,"[1810, 3724, -3376]","[[11, -7, -2], [13, -2, 2], [10, 1, 9], [8, 0, 15]]"
8.763047,9.163750,body,0.000000,0.000000,0.000000,0.000000,0.000000,0.000000,0.000000,0.000000,0.000000,0.000000,0.000000,0.000000,6.690597,-3.255516,-6.071097,-0.003396,-0.002264,0.004661,bmi088,0.009964523999769881,"[[-0.001331580545039619,-0.001597896654047543,0.004527373853134706],[-0.0029294771990871623,-0.001864212763055467,0.005326322180158476],[-0.005060006071150553,-0.0023968449810713144,0.004527373853134706],[-0.004261057744126781,-0.003195793308095086,0.004261057744126781]]",1073.2806826355,1073.2817475115,21.875,234592,"[1813, 3726, -3381]","[[6, -5, 17], [7, -11, 20], [9, -19, 17], [12, -16, 16]]"
8.773052,9.173945,body,0.000000,0.000000,0.000000,0.000000,0.000000,0.000000,0.000000,0.000000,0.000000,0.000000,0.000000,0.000000,6.670844,-3.284246,-6.062119,0.001265,-0.004128,0.003728,bmi088,0.010108866000109629,"[[-0.00346210941710301,-0.003994741635118857,0.003195793308095086],[0.00026631610900792384,-0.003994741635118857,0.004527373853134706],[0.002663161090079238,-0.004261057744126781,0.00346210941710301],[0.0055926382891664005,-0.004261057744126781,0.003728425526110934]]",1073.2907915015,1073.2918440570002,21.875,234853,"[1829, 3715, -3376]","[[15, -13, 12], [15, 1, 17], [16, 10, 13], [16, 21, 14]]"
8.783050,9.183984,body,0.000000,0.000000,0.000000,0.000000,0.000000,0.000000,0.000000,0.000000,0.000000,0.000000,0.000000,0.000000,6.670844,-3.251924,-6.083666,0.004927,-0.007457,0.003529,bmi088,0.009931530000130806,"[[0.006125270507182248,-0.005326322180158476,0.003195793308095086],[0.0055926382891664005,-0.00692421883420602,0.003994741635118857],[0.004261057744126781,-0.008788431597261486,0.003728425526110934],[0.003728425526110934,-0.008788431597261486,0.003195793308095086]]",1073.3007230315002,1073.301765858,21.875,235110,"[1811, 3715, -3388]","[[20, 23, 12], [26, 21, 15], [33, 16, 14], [33, 14, 12]]"
8.793049,9.194258,body,0.000000,0.000000,0.000000,0.000000,0.000000,0.000000,0.000000,0.000000,0.000000,0.000000,0.000000,0.000000,6.722918,-3.287837,-6.112397,-0.000799,-0.005459,0.001798,bmi088,0.010134993999827202,"[[0.001597896654047543,-0.007190534943213944,0.002663161090079238],[-0.00026631610900792384,-0.0055926382891664005,0.001864212763055467],[-0.0021305288720633907,-0.004793689962142629,0.001331580545039619],[-0.0023968449810713144,-0.004261057744126781,0.001331580545039619]]",1073.3108580255,1073.31192007,21.875,235373,"[1831, 3744, -3404]","[[27, 6, 10], [21, -1, 7], [18, -8, 5], [16, -9, 5]]"
8.803052,9.204141,body,0.000000,0.000000,0.000000,0.000000,0.000000,0.000000,0.000000,0.000000,0.000000,0.000000,0.000000,0.000000,6.710349,-3.282450,-6.085462,-0.000533,-0.000266,0.007124,bmi088,0.009828789999801302,"[[-0.0023968449810713144,-0.003728425526110934,0.0023968449810713144],[-0.0005326322180158477,-0.001864212763055467,0.006391586616190172],[0.0005326322180158477,0.0007989483270237715,0.009054747706269411],[0.00026631610900792384,0.003728425526110934,0.010652644360316953]]",1073.3206868154998,1073.321718186,21.875,235626,"[1828, 3737, -3389]","[[14, -9, 9], [7, -2, 24], [-3, 2, 34], [-14, 1, 40]]"
8.813050,9.214297,body,0.000000,0.000000,0.000000,0.000000,0.000000,0.000000,0.000000,0.000000,0.000000,0.000000,0.000000,0.000000,6.703166,-3.257311,-6.038775,0.001065,0.006192,0.001864,bmi088,0.010037886000191065,"[[0.00026631610900792384,0.005326322180158476,0.007989483270237714],[0.0007989483270237715,0.0055926382891664005,0.004261057744126781],[0.001864212763055467,0.006391586616190172,0.00026631610900792384],[0.001331580545039619,0.007456851052221868,-0.005060006071150553]]",1073.3307247015,1073.331769161,21.875,235886,"[1814, 3733, -3363]","[[-20, 1, 30], [-21, 3, 16], [-24, 7, 1], [-28, 5, -19]]"
8.823050,9.224531,body,0.000000,0.000000,0.000000,0.000000,0.000000,0.000000,0.000000,0.000000,0.000000,0.000000,0.000000,0.000000,6.667253,-3.257311,-6.035184,0.003129,0.005659,-0.016445,bmi088,0.010109041999839974,"[[0.001331580545039619,0.007989483270237714,-0.011185276578332801],[0.001864212763055467,0.007456851052221868,-0.01651159875849128],[0.00346210941710301,0.005060006071150553,-0.01944107595757844],[0.005858954398174325,0.0021305288720633907,-0.01864212763055467]]",1073.3408337434998,1073.34187321,21.875,236148,"[1814, 3713, -3361]","[[-30, 5, -42], [-28, 7, -62], [-19, 13, -73], [-8, 22, -70]]"
8.833049,9.234531,body,0.000000,0.000000,0.000000,0.000000,0.000000,0.000000,0.000000,0.000000,0.000000,0.000000,0.000000,0.000000,6.656479,-3.255516,-6.067506,0.007923,-0.000999,-0.010453,bmi088,0.009869095000340167,"[[0.008788431597261486,-0.00026631610900792384,-0.01651159875849128],[0.009853696033293183,-0.001597896654047543,-0.012783173232380344],[0.008522115488253563,-0.0007989483270237715,-0.008522115488253563],[0.004527373853134706,-0.001331580545039619,-0.003994741635118857]]",1073.3507028385002,1073.35175469,21.875,236404,"[1813, 3707, -3379]","[[1, 33, -62], [6, 37, -48], [3, 32, -32], [5, 17, -15]]"
8.843051,9.244648,body,0.000000,0.000000,0.000000,0.000000,0.000000,0.000000,0.000000,0.000000,0.000000,0.000000,0.000000,0.000000,6.678027,-3.277064,-6.058527,-0.000799,-0.002397,0.004194,bmi088,0.010010509999801798,"[[0.001331580545039619,-0.001597896654047543,0.00026631610900792384],[-0.0010652644360316954,-0.002663161090079238,0.003728425526110934],[-0.001597896654047543,-0.002663161090079238,0.0055926382891664005],[-0.001864212763055467,-0.002663161090079238,0.007190534943213944]]",1073.3607133485,1073.3617663515001,21.875,236663,"[1825, 3719, -3374]","[[6, 5, 1], [10, -4, 14], [10, -6, 21], [10, -7, 27]]"
8.853050,9.254688,body,0.000000,0.000000,0.000000,0.000000,0.000000,0.000000,0.000000,0.000000,0.000000,0.000000,0.000000,0.000000,6.703166,-3.264494,-6.047753,-0.000067,-0.004061,0.006724,bmi088,0.009954971000070145,"[[-0.0010652644360316954,-0.0029294771990871623,0.007723167161229791],[-0.0007989483270237715,-0.0029294771990871623,0.007989483270237714],[0.0005326322180158477,-0.004261057744126781,0.006391586616190172],[0.0010652644360316954,-0.006125270507182248,0.004793689962142629]]",1073.3706683195,1073.37171025,21.875,236920,"[1818, 3733, -3368]","[[11, -4, 29], [11, -3, 30], [16, 2, 24], [23, 4, 18]]"
8.863051,9.264844,body,0.000000,0.000000,0.000000,0.000000,0.000000,0.000000,0.000000,0.000000,0.000000,0.000000,0.000000,0.000000,6.672640,-3.273472,-6.065710,0.000399,-0.007324,-0.000333,bmi088,0.010042989999874408,"[[0.0010652644360316954,-0.007190534943213944,0.0023968449810713144],[0.0005326322180158477,-0.007723167161229791,0.0007989483270237715],[0.00026631610900792384,-0.007190534943213944,-0.0021305288720633907],[-0.00026631610900792384,-0.007190534943213944,-0.0023968449810713144]]",1073.3807113095,1073.381759721,21.875,237180,"[1823, 3716, -3378]","[[27, 4, 9], [29, 2, 3], [27, 1, -8], [27, -1, -9]]"
8.873051,9.275039,body,0.000000,0.000000,0.000000,0.000000,0.000000,0.000000,0.000000,0.000000,0.000000,0.000000,0.000000,0.000000,6.703166,-3.244742,-6.098032,-0.000133,-0.005792,0.004927,bmi088,0.01009337699997559,"[[-0.0007989483270237715,-0.006391586616190172,-0.0010652644360316954],[-0.0007989483270237715,-0.005858954398174325,0.002663161090079238],[0.00026631610900792384,-0.0055926382891664005,0.00692421883420602],[0.0007989483270237715,-0.005326322180158476,0.011185276578332801]]",1073.3908046865,1073.39185713,21.875,237441,"[1807, 3733, -3396]","[[24, -3, -4], [22, -3, 10], [21, 1, 26], [20, 3, 42]]"
8.883051,9.285039,body,0.000000,0.000000,0.000000,0.000000,0.000000,0.000000,0.000000,0.000000,0.000000,0.000000,0.000000,0.000000,6.670844,-3.275268,-6.074688,-0.001332,-0.001065,0.012450,bmi088,0.009891048500094257,"[[0.001331580545039619,-0.003728425526110934,0.014381069886427887],[0.00026631610900792384,-0.001864212763055467,0.01464738599543581],[-0.001331580545039619,0.0,0.012783173232380344],[-0.0055926382891664005,0.001331580545039619,0.007989483270237714]]",1073.400695735,1073.4017366580001,21.875,237697,"[1824, 3715, -3383]","[[14, 5, 54], [7, 1, 55], [0, -5, 48], [-5, -21, 30]]"
8.893050,9.295156,body,0.000000,0.000000,0.000000,0.000000,0.000000,0.000000,0.000000,0.000000,0.000000,0.000000,0.000000,0.000000,6.643910,-3.260903,-6.049549,-0.007124,0.003129,-0.002064,bmi088,0.009981963999962318,"[[-0.00825579937924564,0.0021305288720633907,0.0021305288720633907],[-0.009321063815277334,0.003195793308095086,-0.001864212763055467],[-0.006657902725198096,0.00346210941710301,-0.003728425526110934],[-0.004261057744126781,0.003728425526110934,-0.004793689962142629]]",1073.410677699,1073.4117245265,21.875,237956,"[1816, 3700, -3369]","[[-8, -31, 8], [-12, -35, -7], [-13, -25, -14], [-14, -16, -18]]"
8.903050,9.305273,body,0.000000,0.000000,0.000000,0.000000,0.000000,0.000000,0.000000,0.000000,0.000000,0.000000,0.000000,0.000000,6.654684,-3.286042,-6.038775,-0.000133,-0.000000,-0.006059,bmi088,0.010022877499977767,"[[-0.0021305288720633907,0.003195793308095086,-0.00692421883420602],[-0.0010652644360316954,0.0007989483270237715,-0.007190534943213944],[0.0,-0.0010652644360316954,-0.005858954398174325],[0.002663161090079238,-0.0029294771990871623,-0.004261057744126781]]",1073.4207005765,1073.4217366035,21.875,238215,"[1830, 3706, -3363]","[[-12, -8, -26], [-3, -4, -27], [4, 0, -22], [11, 10, -16]]"
8.913050,9.315391,body,0.000000,0.000000,0.000000,0.000000,0.000000,0.000000,0.000000,0.000000,0.000000,0.000000,0.000000,0.000000,6.695983,-3.253720,-6.099827,0.011052,-0.004061,0.000200,bmi088,0.009988956999904985,"[[0.006391586616190172,-0.003195793308095086,-0.001864212763055467],[0.01038632825130903,-0.003195793308095086,0.0],[0.013315805450396193,-0.004261057744126781,0.001331580545039619],[0.014114753777419964,-0.0055926382891664005,0.001331580545039619]]",1073.4306895334998,1073.4317389525,21.875,238474,"[1812, 3729, -3397]","[[12, 24, -7], [12, 39, 0], [16, 50, 5], [21, 53, 5]]"
8.923049,9.325586,body,0.000000,0.000000,0.000000,0.000000,0.000000,0.000000,0.000000,0.000000,0.000000,0.000000,0.000000,0.000000,6.730101,-3.260903,-6.130353,0.009721,-0.008922,0.002730,bmi088,0.010101057000156288,"[[0.013582121559404116,-0.008788431597261486,0.0010652644360316954],[0.01171790879634865,-0.009587379924285258,0.001864212763055467],[0.00825579937924564,-0.009321063815277334,0.003195793308095086],[0.005326322180158476,-0.007989483270237714,0.004793689962142629]]",1073.4407905905,1073.441829673,21.875,238735,"[1816, 3748, -3414]","[[33, 51, 4], [36, 44, 7], [35, 31, 12], [30, 20, 18]]"
8.933051,9.335781,body,0.000000,0.000000,0.000000,0.000000,0.000000,0.000000,0.000000,0.000000,0.000000,0.000000,0.000000,0.000000,6.703166,-3.259107,-6.087258,0.004860,-0.002530,0.011052,bmi088,0.010040701999969315,"[[0.003728425526110934,-0.007190534943213944,0.007723167161229791],[0.004261057744126781,-0.005060006071150553,0.010918960469324878],[0.005326322180158476,-0.0010652644360316954,0.013049489341388268],[0.006125270507182248,0.003195793308095086,0.012516857123372421]]",1073.4508312925,1073.4518776720001,21.875,238996,"[1815, 3733, -3390]","[[27, 14, 29], [19, 16, 41], [4, 20, 49], [-12, 23, 47]]"
8.943050,9.345703,body,0.000000,0.000000,0.000000,0.000000,0.000000,0.000000,0.000000,0.000000,0.000000,0.000000,0.000000,0.000000,6.678027,-3.286042,-6.024410,0.003329,0.006125,-0.001332,bmi088,0.009859239500201511,"[[0.0055926382891664005,0.005326322180158476,0.008522115488253563],[0.004793689962142629,0.006125270507182248,0.0021305288720633907],[0.0021305288720633907,0.006391586616190172,-0.004527373853134706],[0.0007989483270237715,0.006657902725198096,-0.011451592687340724]]",1073.4606905320002,1073.4617221585,21.875,239250,"[1830, 3719, -3355]","[[-20, 21, 32], [-23, 18, 8], [-24, 8, -17], [-25, 3, -43]]"
8.953051,9.355820,body,0.000000,0.000000,0.000000,0.000000,0.000000,0.000000,0.000000,0.000000,0.000000,0.000000,0.000000,0.000000,6.616975,-3.248333,-6.047753,0.000666,0.005992,-0.019308,bmi088,0.009978011999919545,"[[0.0,0.00692421883420602,-0.01651159875849128],[0.0005326322180158477,0.00692421883420602,-0.01944107595757844],[0.0007989483270237715,0.006125270507182248,-0.020506340393610135],[0.001331580545039619,0.003994741635118857,-0.02077265650261806]]",1073.470668544,1073.4717192435,21.875,239509,"[1809, 3685, -3368]","[[-26, 0, -62], [-26, 2, -73], [-23, 3, -77], [-15, 5, -78]]"
8.963051,9.365977,body,0.000000,0.000000,0.000000,0.000000,0.000000,0.000000,0.000000,0.000000,0.000000,0.000000,0.000000,0.000000,6.660070,-3.257311,-6.105214,0.003329,-0.004128,-0.010320,bmi088,0.010044542500054376,"[[0.003195793308095086,0.00026631610900792384,-0.018908443739562592],[0.005060006071150553,-0.003728425526110934,-0.01464738599543581],[0.003994741635118857,-0.006125270507182248,-0.007456851052221868],[0.0010652644360316954,-0.00692421883420602,-0.00026631610900792384]]",1073.4807130865001,1073.4817714505,21.875,239769,"[1814, 3709, -3400]","[[-1, 12, -71], [14, 19, -55], [23, 15, -28], [26, 4, -1]]"
8.973050,9.376172,body,0.000000,0.000000,0.000000,0.000000,0.000000,0.000000,0.000000,0.000000,0.000000,0.000000,0.000000,0.000000,6.694188,-3.273472,-6.110601,-0.001664,-0.005127,0.016445,bmi088,0.010091904999853796,"[[-0.001597896654047543,-0.006657902725198096,0.007456851052221868],[-0.001864212763055467,-0.005858954398174325,0.014381069886427887],[-0.001864212763055467,-0.004527373853134706,0.01997370817559429],[-0.001331580545039619,-0.00346210941710301,0.023968449810713145]]",1073.4908049915,1073.491863211,21.875,240030,"[1823, 3728, -3403]","[[25, -6, 28], [22, -7, 54], [17, -7, 75], [13, -5, 90]]"
8.983051,9.386172,body,0.000000,0.000000,0.000000,0.000000,0.000000,0.000000,0.000000,0.000000,0.000000,0.000000,0.000000,0.000000,6.694188,-3.277064,-6.072893,-0.000599,-0.002730,0.019241,bmi088,0.009912937000081001,"[[-0.001864212763055467,-0.0029294771990871623,0.02423476591972107],[-0.0010652644360316954,-0.0029294771990871623,0.022636869265673525],[-0.0010652644360316954,-0.003195793308095086,0.018109495412538822],[0.001597896654047543,-0.001864212763055467,0.011984224905356573]]",1073.5007179285,1073.5017689000001,21.875,240286,"[1825, 3728, -3382]","[[11, -7, 91], [11, -4, 85], [12, -4, 68], [7, 6, 45]]"
8.993049,9.396250,body,0.000000,0.000000,0.000000,0.000000,0.000000,0.000000,0.000000,0.000000,0.000000,0.000000,0.000000,0.000000,6.695983,-3.248333,-6.058527,0.003995,-0.001065,-0.010586,bmi088,0.009950250999963828,"[[0.0023968449810713144,-0.0005326322180158477,0.0029294771990871623],[0.003728425526110934,0.00026631610900792384,-0.007190534943213944],[0.004527373853134706,-0.001331580545039619,-0.015446334322459582],[0.005326322180158476,-0.002663161090079238,-0.022636869265673525]]",1073.5106681795,1073.5117137905,21.875,240544,"[1809, 3729, -3374]","[[2, 9, 11], [-1, 14, -27], [5, 17, -58], [10, 20, -85]]"
9.003050,9.406406,body,0.000000,0.000000,0.000000,0.000000,0.000000,0.000000,0.000000,0.000000,0.000000,0.000000,0.000000,0.000000,6.688801,-3.264494,-6.072893,0.006658,-0.004194,-0.019374,bmi088,0.010035901999799535,"[[0.005858954398174325,-0.004261057744126781,-0.025033714246744842],[0.006391586616190172,-0.004527373853134706,-0.024501082028728992],[0.006391586616190172,-0.004793689962142629,-0.018109495412538822],[0.007989483270237714,-0.003195793308095086,-0.009853696033293183]]",1073.5207040814998,1073.5217626694998,21.875,240804,"[1818, 3725, -3382]","[[16, 22, -94], [17, 24, -92], [18, 24, -68], [12, 30, -37]]"
9.013050,9.416484,body,0.000000,0.000000,0.000000,0.000000,0.000000,0.000000,0.000000,0.000000,0.000000,0.000000,0.000000,0.000000,6.674436,-3.280655,-6.067506,0.003262,0.001198,0.007257,bmi088,0.009989421000227594,"[[0.00692421883420602,-0.001331580545039619,-0.0010652644360316954],[0.005060006071150553,0.0007989483270237715,0.0055926382891664005],[0.001597896654047543,0.0023968449810713144,0.01038632825130903],[-0.0005326322180158477,0.0029294771990871623,0.014114753777419964]]",1073.5306935025,1073.5317404735001,21.875,241062,"[1827, 3717, -3379]","[[5, 26, -4], [-3, 19, 21], [-9, 6, 39], [-11, -2, 53]]"
9.023050,9.426758,body,0.000000,0.000000,0.000000,0.000000,0.000000,0.000000,0.000000,0.000000,0.000000,0.000000,0.000000,0.000000,6.672640,-3.273472,-6.044162,-0.000200,0.000799,0.009787,bmi088,0.010138738000023295,"[[-0.0010652644360316954,0.0021305288720633907,0.014913702104443736],[-0.00026631610900792384,0.001597896654047543,0.012783173232380344],[-0.0005326322180158477,0.00026631610900792384,0.008522115488253563],[0.0010652644360316954,-0.0007989483270237715,0.0029294771990871623]]",1073.5408322405,1073.5418767639999,21.875,241325,"[1823, 3716, -3366]","[[-8, -4, 56], [-6, -1, 48], [-1, -2, 32], [3, 4, 11]]"
9.033051,9.436719,body,0.000000,0.000000,0.000000,0.000000,0.000000,0.000000,0.000000,0.000000,0.000000,0.000000,0.000000,0.000000,6.656479,-3.244742,-6.040571,0.004594,-0.004194,-0.007124,bmi088,0.009862119499757682,"[[0.002663161090079238,-0.0021305288720633907,-0.00346210941710301],[0.005060006071150553,-0.002663161090079238,-0.00825579937924564],[0.005326322180158476,-0.004527373853134706,-0.009054747706269411],[0.005326322180158476,-0.007456851052221868,-0.007723167161229791]]",1073.5506943599999,1073.551734051,21.875,241580,"[1807, 3707, -3364]","[[8, 10, -13], [10, 19, -31], [17, 20, -34], [28, 20, -29]]"
9.043049,9.446875,body,0.000000,0.000000,0.000000,0.000000,0.000000,0.000000,0.000000,0.000000,0.000000,0.000000,0.000000,0.000000,6.697779,-3.266290,-6.053140,0.005326,-0.010653,0.000399,bmi088,0.009996668500207306,"[[0.006125270507182248,-0.010120012142301106,-0.003994741635118857],[0.006657902725198096,-0.011451592687340724,-0.0010652644360316954],[0.005858954398174325,-0.011185276578332801,0.0023968449810713144],[0.002663161090079238,-0.009853696033293183,0.004261057744126781]]",1073.5606910285,1073.561768225,21.875,241840,"[1819, 3730, -3371]","[[38, 23, -15], [43, 25, -4], [42, 22, 9], [37, 10, 16]]"
9.053050,9.457031,body,0.000000,0.000000,0.000000,0.000000,0.000000,0.000000,0.000000,0.000000,0.000000,0.000000,0.000000,0.000000,6.703166,-3.260903,-6.065710,-0.002530,-0.008456,0.010919,bmi088,0.010043678999863914,"[[0.0,-0.008788431597261486,0.006657902725198096],[-0.0023968449810713144,-0.00825579937924564,0.009587379924285258],[-0.00346210941710301,-0.008522115488253563,0.013049489341388268],[-0.004261057744126781,-0.00825579937924564,0.014381069886427887]]",1073.5707347075,1073.57180656,21.875,242100,"[1816, 3733, -3378]","[[33, 0, 25], [31, -9, 36], [32, -13, 49], [31, -16, 54]]"
9.063050,9.467070,body,0.000000,0.000000,0.000000,0.000000,0.000000,0.000000,0.000000,0.000000,0.000000,0.000000,0.000000,0.000000,6.699575,-3.273472,-6.083666,-0.007723,-0.002463,0.013449,bmi088,0.009981228000015108,"[[-0.005858954398174325,-0.006125270507182248,0.014913702104443736],[-0.00692421883420602,-0.003728425526110934,0.01384843766841204],[-0.009321063815277334,-0.0007989483270237715,0.01384843766841204],[-0.008788431597261486,0.0007989483270237715,0.011185276578332801]]",1073.5807159355,1073.581770587,21.875,242357,"[1823, 3731, -3388]","[[23, -22, 56], [14, -26, 52], [3, -35, 52], [-3, -33, 42]]"
9.073053,9.477383,body,0.000000,0.000000,0.000000,0.000000,0.000000,0.000000,0.000000,0.000000,0.000000,0.000000,0.000000,0.000000,6.679823,-3.266290,-6.053140,-0.003795,0.002064,-0.000333,bmi088,0.010062703499897907,"[[-0.005858954398174325,0.001331580545039619,0.007723167161229791],[-0.00346210941710301,0.001597896654047543,0.0023968449810713144],[-0.0023968449810713144,0.001864212763055467,-0.0029294771990871623],[-0.00346210941710301,0.00346210941710301,-0.008522115488253563]]",1073.5907786389998,1073.5919676160001,21.875,242621,"[1819, 3720, -3371]","[[-5, -22, 29], [-6, -13, 9], [-7, -9, -11], [-13, -13, -32]]"
9.083049,9.487305,body,0.000000,0.000000,0.000000,0.000000,0.000000,0.000000,0.000000,0.000000,0.000000,0.000000,0.000000,0.000000,6.654684,-3.264494,-6.067506,0.003795,0.001598,-0.016578,bmi088,0.009933706500305561,"[[-0.001597896654047543,0.003728425526110934,-0.013049489341388268],[0.001331580545039619,0.001864212763055467,-0.017576863194522972],[0.006391586616190172,0.0010652644360316954,-0.01864212763055467],[0.009054747706269411,-0.00026631610900792384,-0.017044230976507126]]",1073.6007123455001,1073.601774421,21.875,242875,"[1818, 3706, -3379]","[[-14, -6, -49], [-7, 5, -66], [-4, 24, -70], [1, 34, -64]]"
9.093050,9.497461,body,0.000000,0.000000,0.000000,0.000000,0.000000,0.000000,0.000000,0.000000,0.000000,0.000000,0.000000,0.000000,6.679823,-3.273472,-6.065710,0.002597,-0.002463,-0.008722,bmi088,0.010032909999836193,"[[0.008788431597261486,-0.001331580545039619,-0.014114753777419964],[0.004261057744126781,-0.0029294771990871623,-0.011185276578332801],[0.0,-0.00346210941710301,-0.007456851052221868],[-0.002663161090079238,-0.0021305288720633907,-0.0021305288720633907]]",1073.6107452555,1073.6118065475,21.875,243135,"[1823, 3720, -3378]","[[5, 33, -53], [11, 16, -42], [13, 0, -28], [8, -10, -8]]"
9.103050,9.507539,body,0.000000,0.000000,0.000000,0.000000,0.000000,0.000000,0.000000,0.000000,0.000000,0.000000,0.000000,0.000000,6.667253,-3.269881,-6.067506,-0.003529,-0.001332,0.011452,bmi088,0.009970683999881658,"[[-0.00346210941710301,-0.001864212763055467,0.004261057744126781],[-0.00346210941710301,-0.0010652644360316954,0.009587379924285258],[-0.003994741635118857,-0.0010652644360316954,0.014913702104443736],[-0.003195793308095086,-0.001331580545039619,0.017044230976507126]]",1073.6207159394999,1073.621770575,21.875,243393,"[1821, 3713, -3379]","[[7, -13, 16], [4, -13, 36], [4, -15, 56], [5, -12, 64]]"
9.113047,9.517617,body,0.000000,0.000000,0.000000,0.000000,0.000000,0.000000,0.000000,0.000000,0.000000,0.000000,0.000000,0.000000,6.667253,-3.260903,-6.092645,-0.002064,-0.003063,0.010053,bmi088,0.00997953200021584,"[[-0.0021305288720633907,-0.0023968449810713144,0.017044230976507126],[-0.001331580545039619,-0.0029294771990871623,0.013582121559404116],[-0.001331580545039619,-0.00346210941710301,0.00825579937924564],[-0.00346210941710301,-0.00346210941710301,0.001331580545039619]]",1073.6306954715,1073.6317388425,21.875,243651,"[1816, 3713, -3393]","[[9, -8, 64], [11, -5, 51], [13, -5, 31], [13, -13, 5]]"
9.123052,9.528008,body,0.000000,0.000000,0.000000,0.000000,0.000000,0.000000,0.000000,0.000000,0.000000,0.000000,0.000000,0.000000,6.703166,-3.253720,-6.074688,-0.006525,-0.002663,-0.008123,bmi088,0.010276279999970939,"[[-0.005858954398174325,-0.00346210941710301,-0.005060006071150553],[-0.007456851052221868,-0.0029294771990871623,-0.009054747706269411],[-0.007190534943213944,-0.0023968449810713144,-0.010120012142301106],[-0.0055926382891664005,-0.001864212763055467,-0.00825579937924564]]",1073.6409717515,1073.642021475,21.875,243917,"[1812, 3733, -3383]","[[13, -22, -19], [11, -28, -34], [9, -27, -38], [7, -21, -31]]"
9.133049,9.537852,body,0.000000,0.000000,0.000000,0.000000,0.000000,0.000000,0.000000,0.000000,0.000000,0.000000,0.000000,0.000000,6.694188,-3.244742,-6.056732,-0.003262,0.000133,-0.001065,bmi088,0.009732769999800439,"[[-0.004261057744126781,-0.001331580545039619,-0.004793689962142629],[-0.003195793308095086,0.0,-0.0021305288720633907],[-0.0029294771990871623,0.0005326322180158477,0.0005326322180158477],[-0.002663161090079238,0.001331580545039619,0.0021305288720633907]]",1073.6507045214998,1073.651741972,21.875,244169,"[1807, 3728, -3373]","[[5, -16, -18], [0, -12, -8], [-2, -11, 2], [-5, -10, 8]]"
9.143051,9.547969,body,0.000000,0.000000,0.000000,0.000000,0.000000,0.000000,0.000000,0.000000,0.000000,0.000000,0.000000,0.000000,6.663662,-3.259107,-6.051345,-0.005127,0.000200,0.004993,bmi088,0.009996284500175534,"[[-0.003994741635118857,0.0010652644360316954,0.004261057744126781],[-0.005060006071150553,0.0007989483270237715,0.0055926382891664005],[-0.006125270507182248,-0.00026631610900792384,0.005326322180158476],[-0.005326322180158476,-0.0007989483270237715,0.004793689962142629]]",1073.660700806,1073.6617681940002,21.875,244428,"[1815, 3711, -3370]","[[-4, -15, 16], [-3, -19, 21], [1, -23, 20], [3, -20, 18]]"
9.153051,9.558008,body,0.000000,0.000000,0.000000,0.000000,0.000000,0.000000,0.000000,0.000000,0.000000,0.000000,0.000000,0.000000,6.669049,-3.266290,-6.054936,-0.001997,-0.002663,0.000533,bmi088,0.009982348499761429,"[[-0.004261057744126781,-0.001331580545039619,0.0023968449810713144],[-0.0023968449810713144,-0.001597896654047543,0.0007989483270237715],[-0.001331580545039619,-0.002663161090079238,-0.0007989483270237715],[0.0,-0.005060006071150553,-0.00026631610900792384]]",1073.6706831544998,1073.6717165725,21.875,244685,"[1819, 3714, -3372]","[[5, -16, 9], [6, -9, 3], [10, -5, -3], [19, 0, -1]]"
9.163051,9.568164,body,0.000000,0.000000,0.000000,0.000000,0.000000,0.000000,0.000000,0.000000,0.000000,0.000000,0.000000,0.000000,6.683414,-3.277064,-6.087258,0.004128,-0.008056,0.001798,bmi088,0.01000881300024048,"[[0.0021305288720633907,-0.007190534943213944,0.00026631610900792384],[0.0055926382891664005,-0.009054747706269411,0.001331580545039619],[0.005858954398174325,-0.008522115488253563,0.001597896654047543],[0.0029294771990871623,-0.007456851052221868,0.003994741635118857]]",1073.6806919675,1073.6817570035,21.875,244945,"[1825, 3722, -3390]","[[27, 8, 1], [34, 21, 5], [32, 22, 6], [28, 11, 15]]"
9.173050,9.578398,body,0.000000,0.000000,0.000000,0.000000,0.000000,0.000000,0.000000,0.000000,0.000000,0.000000,0.000000,0.000000,6.692392,-3.275268,-6.092645,0.000266,-0.006192,0.008522,bmi088,0.010105552999903011,"[[-0.0005326322180158477,-0.006657902725198096,0.007456851052221868],[-0.001331580545039619,-0.006125270507182248,0.009853696033293183],[0.0005326322180158477,-0.006391586616190172,0.009853696033293183],[0.0023968449810713144,-0.0055926382891664005,0.00692421883420602]]",1073.6907975205,1073.6918539160001,21.875,245207,"[1824, 3727, -3393]","[[25, -2, 28], [23, -5, 37], [24, 2, 37], [21, 9, 26]]"
9.183049,9.588398,body,0.000000,0.000000,0.000000,0.000000,0.000000,0.000000,0.000000,0.000000,0.000000,0.000000,0.000000,0.000000,6.658275,-3.268085,-6.081871,-0.000999,-0.002929,-0.000533,bmi088,0.00993741799993586,"[[0.0021305288720633907,-0.005060006071150553,0.0029294771990871623],[0.0,-0.003728425526110934,-0.0005326322180158477],[-0.0023968449810713144,-0.001597896654047543,-0.0023968449810713144],[-0.003728425526110934,-0.001331580545039619,-0.0021305288720633907]]",1073.7007349384999,1073.701770438,21.875,245463,"[1820, 3708, -3387]","[[19, 8, 11], [14, 0, -2], [6, -9, -9], [5, -14, -8]]"
9.193048,9.598477,body,0.000000,0.000000,0.000000,0.000000,0.000000,0.000000,0.000000,0.000000,0.000000,0.000000,0.000000,0.000000,6.672640,-3.260903,-6.060323,-0.003595,0.000533,-0.003862,bmi088,0.009953355000106967,"[[-0.004527373853134706,-0.0005326322180158477,-0.0021305288720633907],[-0.003994741635118857,-0.0010652644360316954,-0.002663161090079238],[-0.00346210941710301,0.001597896654047543,-0.004261057744126781],[-0.0023968449810713144,0.0021305288720633907,-0.006391586616190172]]",1073.7106882935,1073.7117185765,21.875,245721,"[1816, 3716, -3375]","[[2, -17, -8], [4, -15, -10], [-6, -13, -16], [-8, -9, -24]]"
9.203049,9.608594,body,0.000000,0.000000,0.000000,0.000000,0.000000,0.000000,0.000000,0.000000,0.000000,0.000000,0.000000,0.000000,6.683414,-3.248333,-6.069301,-0.002397,0.003063,-0.008722,bmi088,0.00999996500013367,"[[-0.0029294771990871623,0.0029294771990871623,-0.007456851052221868],[-0.002663161090079238,0.0021305288720633907,-0.008522115488253563],[-0.0023968449810713144,0.003195793308095086,-0.008788431597261486],[-0.001597896654047543,0.003994741635118857,-0.010120012142301106]]",1073.7206882585,1073.7217244775,21.875,245980,"[1809, 3722, -3380]","[[-11, -11, -28], [-8, -10, -32], [-12, -9, -33], [-15, -6, -38]]"
9.213051,9.618711,body,0.000000,0.000000,0.000000,0.000000,0.000000,0.000000,0.000000,0.000000,0.000000,0.000000,0.000000,0.000000,6.678027,-3.264494,-6.060323,0.002730,0.003795,-0.011851,bmi088,0.010013341999865588,"[[-0.00026631610900792384,0.0055926382891664005,-0.011984224905356573],[0.0023968449810713144,0.005060006071150553,-0.012783173232380344],[0.004261057744126781,0.003728425526110934,-0.012783173232380344],[0.004527373853134706,0.0007989483270237715,-0.009853696033293183]]",1073.7307016005,1073.7317400910001,21.875,246239,"[1818, 3719, -3375]","[[-21, -1, -45], [-19, 9, -48], [-14, 16, -48], [-3, 17, -37]]"
9.223051,9.628984,body,0.000000,0.000000,0.000000,0.000000,0.000000,0.000000,0.000000,0.000000,0.000000,0.000000,0.000000,0.000000,6.651092,-3.277064,-6.056732,0.000732,-0.001265,-0.002530,bmi088,0.010102432999929079,"[[0.003728425526110934,-0.0005326322180158477,-0.005858954398174325],[0.0021305288720633907,-0.0010652644360316954,-0.0023968449810713144],[0.0,-0.001597896654047543,-0.0010652644360316954],[-0.0029294771990871623,-0.001864212763055467,-0.0007989483270237715]]",1073.7408040335,1073.741871053,21.875,246502,"[1825, 3704, -3373]","[[2, 14, -22], [4, 8, -9], [6, 0, -4], [7, -11, -3]]"
9.233050,9.638945,body,0.000000,0.000000,0.000000,0.000000,0.000000,0.000000,0.000000,0.000000,0.000000,0.000000,0.000000,0.000000,6.690597,-3.264494,-6.067506,-0.004594,-0.004128,0.002863,bmi088,0.009901753000121971,"[[-0.003994741635118857,-0.0023968449810713144,-0.0005326322180158477],[-0.004793689962142629,-0.0029294771990871623,0.001864212763055467],[-0.004793689962142629,-0.005060006071150553,0.004261057744126781],[-0.004793689962142629,-0.006125270507182248,0.005858954398174325]]",1073.7507057865,1073.7517557815,21.875,246757,"[1818, 3726, -3379]","[[9, -15, -2], [11, -18, 7], [19, -18, 16], [23, -18, 22]]"
9.243050,9.649102,body,0.000000,0.000000,0.000000,0.000000,0.000000,0.000000,0.000000,0.000000,0.000000,0.000000,0.000000,0.000000,6.692392,-3.277064,-6.049549,-0.003928,-0.006658,0.006591,bmi088,0.01002191750012571,"[[-0.005326322180158476,-0.00692421883420602,0.006125270507182248],[-0.004261057744126781,-0.006657902725198096,0.006125270507182248],[-0.003195793308095086,-0.006657902725198096,0.00692421883420602],[-0.0029294771990871623,-0.006391586616190172,0.007190534943213944]]",1073.7607277040001,1073.7617836995,21.875,247017,"[1825, 3727, -3369]","[[26, -20, 23], [25, -16, 23], [25, -12, 26], [24, -11, 27]]"
9.253050,9.659219,body,0.000000,0.000000,0.000000,0.000000,0.000000,0.000000,0.000000,0.000000,0.000000,0.000000,0.000000,0.000000,6.679823,-3.271677,-6.089053,-0.003129,-0.003262,0.008788,bmi088,0.010022061499967094,"[[-0.003728425526110934,-0.004793689962142629,0.007456851052221868],[-0.00346210941710301,-0.00346210941710301,0.007989483270237714],[-0.0021305288720633907,-0.0023968449810713144,0.009587379924285258],[-0.003195793308095086,-0.0023968449810713144,0.010120012142301106]]",1073.7707497655,1073.7718092655,21.875,247276,"[1822, 3720, -3391]","[[18, -14, 28], [13, -13, 30], [9, -8, 36], [9, -12, 38]]"
9.263048,9.669414,body,0.000000,0.000000,0.000000,0.000000,0.000000,0.000000,0.000000,0.000000,0.000000,0.000000,0.000000,0.000000,6.697779,-3.268085,-6.069301,-0.006258,-0.001265,0.002996,bmi088,0.010098273000039626,"[[-0.0055926382891664005,-0.0023968449810713144,0.007989483270237714],[-0.007723167161229791,-0.001864212763055467,0.004527373853134706],[-0.007190534943213944,-0.0010652644360316954,0.001331580545039619],[-0.004527373853134706,0.00026631610900792384,-0.001864212763055467]]",1073.7808480385002,1073.7818878895,21.875,247537,"[1820, 3730, -3380]","[[9, -21, 30], [7, -29, 17], [4, -27, 5], [-1, -17, -7]]"
9.273046,9.679492,body,0.000000,0.000000,0.000000,0.000000,0.000000,0.000000,0.000000,0.000000,0.000000,0.000000,0.000000,0.000000,6.667253,-3.259107,-6.065710,-0.003396,-0.001132,-0.000466,bmi088,0.009930473999702372,"[[-0.003195793308095086,0.0,-0.0021305288720633907],[-0.002663161090079238,-0.0005326322180158477,-0.001331580545039619],[-0.00346210941710301,-0.001864212763055467,0.00026631610900792384],[-0.004261057744126781,-0.0021305288720633907,0.001331580545039619]]",1073.7907785124999,1073.791826316,21.875,247795,"[1815, 3713, -3378]","[[0, -12, -8], [2, -10, -5], [7, -13, 1], [8, -16, 5]]"
9.283047,9.689531,body,0.000000,0.000000,0.000000,0.000000,0.000000,0.000000,0.000000,0.000000,0.000000,0.000000,0.000000,0.000000,6.694188,-3.257311,-6.038775,0.001132,-0.003262,0.005792,bmi088,0.009950571000217678,"[[-0.003994741635118857,-0.002663161090079238,0.0023968449810713144],[-0.0010652644360316954,-0.00346210941710301,0.005060006071150553],[0.003195793308095086,-0.00346210941710301,0.007456851052221868],[0.006391586616190172,-0.00346210941710301,0.00825579937924564]]",1073.8007290835,1073.801777047,21.875,248052,"[1814, 3728, -3363]","[[10, -15, 9], [13, -4, 19], [13, 12, 28], [13, 24, 31]]"
9.293050,9.699609,body,0.000000,0.000000,0.000000,0.000000,0.000000,0.000000,0.000000,0.000000,0.000000,0.000000,0.000000,0.000000,6.679823,-3.269881,-6.067506,0.003662,-0.000866,0.006125,bmi088,0.009979195999903823,"[[0.0055926382891664005,-0.0021305288720633907,0.00825579937924564],[0.003994741635118857,-0.001331580545039619,0.007190534943213944],[0.0023968449810713144,-0.00026631610900792384,0.005326322180158476],[0.002663161090079238,0.00026631610900792384,0.003728425526110934]]",1073.8107082795,1073.811757939,21.875,248310,"[1821, 3720, -3379]","[[8, 21, 31], [5, 15, 27], [1, 9, 20], [-1, 10, 14]]"
9.303050,9.709766,body,0.000000,0.000000,0.000000,0.000000,0.000000,0.000000,0.000000,0.000000,0.000000,0.000000,0.000000,0.000000,6.683414,-3.239355,-6.092645,0.003728,0.001598,-0.003396,bmi088,0.010030030000052648,"[[0.0029294771990871623,0.0010652644360316954,0.0007989483270237715],[0.00346210941710301,0.0021305288720633907,-0.0021305288720633907],[0.004261057744126781,0.0021305288720633907,-0.0055926382891664005],[0.004261057744126781,0.0010652644360316954,-0.006657902725198096]]",1073.8207383095,1073.821781617,21.875,248570,"[1804, 3722, -3393]","[[-4, 11, 3], [-8, 13, -8], [-8, 16, -21], [-4, 16, -25]]"
9.313052,9.719844,body,0.000000,0.000000,0.000000,0.000000,0.000000,0.000000,0.000000,0.000000,0.000000,0.000000,0.000000,0.000000,6.661866,-3.271677,-6.080075,0.005060,-0.002330,-0.009254,bmi088,0.009983068000110507,"[[0.004527373853134706,-0.0005326322180158477,-0.007456851052221868],[0.004793689962142629,-0.001331580545039619,-0.009054747706269411],[0.004793689962142629,-0.003195793308095086,-0.01038632825130903],[0.006125270507182248,-0.004261057744126781,-0.010120012142301106]]",1073.8307213775001,1073.8317688450002,21.875,248828,"[1822, 3710, -3386]","[[2, 17, -28], [5, 18, -34], [12, 18, -39], [16, 23, -38]]"
9.323050,9.730078,body,0.000000,0.000000,0.000000,0.000000,0.000000,0.000000,0.000000,0.000000,0.000000,0.000000,0.000000,0.000000,6.660070,-3.262698,-6.067506,0.007989,-0.001664,-0.005459,bmi088,0.010080720999894766,"[[0.007190534943213944,-0.003994741635118857,-0.007989483270237714],[0.009054747706269411,-0.0023968449810713144,-0.006391586616190172],[0.008788431597261486,-0.0005326322180158477,-0.004793689962142629],[0.00692421883420602,0.00026631610900792384,-0.002663161090079238]]",1073.8408020985,1073.8418597415,21.875,249090,"[1817, 3709, -3379]","[[15, 27, -30], [9, 34, -24], [2, 33, -18], [-1, 26, -10]]"
9.333049,9.740117,body,0.000000,0.000000,0.000000,0.000000,0.000000,0.000000,0.000000,0.000000,0.000000,0.000000,0.000000,0.000000,6.667253,-3.251924,-6.076484,0.003063,-0.000799,-0.001531,bmi088,0.009947513999804869,"[[0.004793689962142629,-0.00026631610900792384,-0.001331580545039619],[0.003195793308095086,-0.0010652644360316954,-0.001597896654047543],[0.0021305288720633907,-0.001331580545039619,-0.001597896654047543],[0.0021305288720633907,-0.0005326322180158477,-0.001597896654047543]]",1073.8507496124998,1073.85179124,21.875,249347,"[1811, 3713, -3384]","[[1, 18, -5], [4, 12, -6], [5, 8, -6], [2, 8, -6]]"
9.343062,9.750195,body,0.000000,0.000000,0.000000,0.000000,0.000000,0.000000,0.000000,0.000000,0.000000,0.000000,0.000000,0.000000,6.670844,-3.269881,-6.078279,0.005459,-0.000533,0.002397,bmi088,0.009958683000149904,"[[0.003728425526110934,0.0,0.00026631610900792384],[0.0055926382891664005,0.00026631610900792384,0.001597896654047543],[0.006657902725198096,-0.0007989483270237715,0.004261057744126781],[0.005858954398174325,-0.001597896654047543,0.00346210941710301]]",1073.8607082955,1073.8617562915001,21.875,249605,"[1821, 3715, -3385]","[[0, 14, 1], [-1, 21, 6], [3, 25, 16], [6, 22, 13]]"
9.353047,9.760273,body,0.000000,0.000000,0.000000,0.000000,0.000000,0.000000,0.000000,0.000000,0.000000,0.000000,0.000000,0.000000,6.685210,-3.269881,-6.087258,0.002863,-0.004727,-0.000399,bmi088,0.00997818850009935,"[[0.004527373853134706,-0.00346210941710301,0.0010652644360316954],[0.002663161090079238,-0.004261057744126781,-0.0010652644360316954],[0.0021305288720633907,-0.005858954398174325,-0.0010652644360316954],[0.0021305288720633907,-0.005326322180158476,-0.0005326322180158477]]",1073.870686484,1073.8717379670002,21.875,249863,"[1821, 3723, -3390]","[[13, 17, 4], [16, 10, -4], [22, 8, -4], [20, 8, -2]]"
9.363047,9.770391,body,0.000000,0.000000,0.000000,0.000000,0.000000,0.000000,0.000000,0.000000,0.000000,0.000000,0.000000,0.000000,6.676231,-3.282450,-6.080075,0.001465,-0.004661,0.000799,bmi088,0.010010733499711932,"[[0.002663161090079238,-0.0055926382891664005,-0.0005326322180158477],[0.0021305288720633907,-0.004261057744126781,-0.001597896654047543],[0.001331580545039619,-0.004261057744126781,0.0010652644360316954],[-0.00026631610900792384,-0.004527373853134706,0.004261057744126781]]",1073.8806972174998,1073.8817450365,21.875,250122,"[1828, 3718, -3386]","[[21, 10, -2], [16, 8, -6], [16, 5, 4], [17, -1, 16]]"
9.373048,9.780586,body,0.000000,0.000000,0.000000,0.000000,0.000000,0.000000,0.000000,0.000000,0.000000,0.000000,0.000000,0.000000,6.669049,-3.282450,-6.054936,-0.000133,-0.001997,0.008855,bmi088,0.010062143000141077,"[[0.0,-0.004527373853134706,0.007723167161229791],[0.0,-0.002663161090079238,0.009587379924285258],[0.0,-0.0007989483270237715,0.009321063815277334],[-0.0005326322180158477,0.0,0.008788431597261486]]",1073.8907593605,1073.8918070999998,21.875,250383,"[1828, 3714, -3372]","[[17, 0, 29], [10, 0, 36], [3, 0, 35], [0, -2, 33]]"
9.383051,9.790625,body,0.000000,0.000000,0.000000,0.000000,0.000000,0.000000,0.000000,0.000000,0.000000,0.000000,0.000000,0.000000,6.685210,-3.277064,-6.063914,0.001997,-0.001198,0.004194,bmi088,0.009935290000157693,"[[0.00026631610900792384,0.00026631610900792384,0.00692421883420602],[0.001597896654047543,-0.00026631610900792384,0.0055926382891664005],[0.002663161090079238,-0.001864212763055467,0.00346210941710301],[0.00346210941710301,-0.0029294771990871623,0.0007989483270237715]]",1073.9006946505,1073.901740758,21.875,250640,"[1825, 3723, -3377]","[[-1, 1, 26], [1, 6, 21], [7, 10, 13], [11, 13, 3]]"
9.393050,9.800703,body,0.000000,0.000000,0.000000,0.000000,0.000000,0.000000,0.000000,0.000000,0.000000,0.000000,0.000000,0.000000,6.672640,-3.233968,-6.035184,0.005060,-0.003795,-0.004128,bmi088,0.009976747999871804,"[[0.003994741635118857,-0.00346210941710301,-0.0023968449810713144],[0.004527373853134706,-0.0029294771990871623,-0.004527373853134706],[0.0055926382891664005,-0.003994741635118857,-0.005326322180158476],[0.006125270507182248,-0.004793689962142629,-0.004261057744126781]]",1073.9106713985,1073.9117189459998,21.875,250898,"[1801, 3716, -3361]","[[13, 15, -9], [11, 17, -17], [15, 21, -20], [18, 23, -16]]"
9.403049,9.810977,body,0.000000,0.000000,0.000000,0.000000,0.000000,0.000000,0.000000,0.000000,0.000000,0.000000,0.000000,0.000000,6.685210,-3.268085,-6.071097,0.005127,-0.006059,-0.000732,bmi088,0.010165731999904892,"[[0.006125270507182248,-0.006125270507182248,-0.003195793308095086],[0.004793689962142629,-0.006391586616190172,-0.0010652644360316954],[0.004527373853134706,-0.006391586616190172,-0.0005326322180158477],[0.005060006071150553,-0.005326322180158476,0.001864212763055467]]",1073.9208371304999,1073.921886022,21.875,251161,"[1820, 3723, -3381]","[[23, 23, -12], [24, 18, -4], [24, 17, -2], [20, 19, 7]]"
9.413051,9.820937,body,0.000000,0.000000,0.000000,0.000000,0.000000,0.000000,0.000000,0.000000,0.000000,0.000000,0.000000,0.000000,6.701370,-3.268085,-6.083666,0.004461,-0.003795,0.005593,bmi088,0.009860486999968998,"[[0.005326322180158476,-0.004527373853134706,0.0021305288720633907],[0.003994741635118857,-0.003728425526110934,0.005326322180158476],[0.004261057744126781,-0.00346210941710301,0.005858954398174325],[0.004261057744126781,-0.00346210941710301,0.009054747706269411]]",1073.9306976174998,1073.9317319645002,21.875,251416,"[1820, 3732, -3388]","[[17, 20, 8], [14, 15, 20], [13, 16, 22], [13, 16, 34]]"
9.423051,9.831172,body,0.000000,0.000000,0.000000,0.000000,0.000000,0.000000,0.000000,0.000000,0.000000,0.000000,0.000000,0.000000,6.708553,-3.273472,-6.081871,0.003262,-0.001398,0.004661,bmi088,0.010086576500270894,"[[0.005060006071150553,-0.003195793308095086,0.00825579937924564],[0.003728425526110934,-0.0021305288720633907,0.00692421883420602],[0.0021305288720633907,-0.0005326322180158477,0.003195793308095086],[0.0021305288720633907,0.00026631610900792384,0.00026631610900792384]]",1073.9407841940001,1073.9418356295,21.875,251678,"[1823, 3736, -3387]","[[12, 19, 31], [8, 14, 26], [2, 8, 12], [-1, 8, 1]]"
9.433050,9.841172,body,0.000000,0.000000,0.000000,0.000000,0.000000,0.000000,0.000000,0.000000,0.000000,0.000000,0.000000,0.000000,6.676231,-3.248333,-6.076484,0.004594,-0.000599,-0.004927,bmi088,0.009906569499889883,"[[0.002663161090079238,0.00026631610900792384,-0.0029294771990871623],[0.004793689962142629,-0.0005326322180158477,-0.005326322180158476],[0.0055926382891664005,-0.0007989483270237715,-0.005858954398174325],[0.005326322180158476,-0.001331580545039619,-0.0055926382891664005]]",1073.9506907635,1073.951735318,21.875,251934,"[1809, 3718, -3384]","[[-1, 10, -11], [2, 18, -20], [3, 21, -22], [5, 20, -21]]"
9.443049,9.851289,body,0.000000,0.000000,0.000000,0.000000,0.000000,0.000000,0.000000,0.000000,0.000000,0.000000,0.000000,0.000000,6.687005,-3.259107,-6.058527,0.004461,-0.002330,-0.006791,bmi088,0.010003757000049518,"[[0.003994741635118857,-0.001597896654047543,-0.006657902725198096],[0.004527373853134706,-0.002663161090079238,-0.007456851052221868],[0.004261057744126781,-0.0023968449810713144,-0.007190534943213944],[0.005060006071150553,-0.002663161090079238,-0.005858954398174325]]",1073.9606945205,1073.9617417314998,21.875,252193,"[1815, 3724, -3374]","[[6, 15, -25], [10, 17, -28], [9, 16, -27], [10, 19, -22]]"
9.453050,9.861406,body,0.000000,0.000000,0.000000,0.000000,0.000000,0.000000,0.000000,0.000000,0.000000,0.000000,0.000000,0.000000,6.681618,-3.271677,-6.083666,0.004461,-0.002530,0.000266,bmi088,0.010008972999912658,"[[0.004793689962142629,-0.002663161090079238,-0.003195793308095086],[0.005060006071150553,-0.0029294771990871623,-0.0007989483270237715],[0.004793689962142629,-0.0029294771990871623,0.001864212763055467],[0.003195793308095086,-0.001597896654047543,0.003195793308095086]]",1073.9707034935,1073.971758321,21.875,252452,"[1822, 3721, -3388]","[[10, 18, -12], [11, 19, -3], [11, 18, 7], [6, 12, 12]]"
9.463050,9.871602,body,0.000000,0.000000,0.000000,0.000000,0.000000,0.000000,0.000000,0.000000,0.000000,0.000000,0.000000,0.000000,6.692392,-3.266290,-6.065710,0.001997,-0.000200,0.003129,bmi088,0.01006827199989857,"[[0.0021305288720633907,0.0,0.004527373853134706],[0.0010652644360316954,0.00026631610900792384,0.004261057744126781],[0.0021305288720633907,0.0,0.003195793308095086],[0.002663161090079238,-0.0010652644360316954,0.0005326322180158477]]",1073.9807717654999,1073.9818444655,21.875,252713,"[1819, 3727, -3378]","[[0, 8, 17], [-1, 4, 16], [0, 8, 12], [4, 10, 2]]"
9.473050,9.881719,body,0.000000,0.000000,0.000000,0.000000,0.000000,0.000000,0.000000,0.000000,0.000000,0.000000,0.000000,0.000000,6.681618,-3.280655,-6.071097,-0.000599,-0.003462,-0.002863,bmi088,0.010017197000252054,"[[0.0029294771990871623,-0.001597896654047543,-0.0010652644360316954],[0.0007989483270237715,-0.002663161090079238,-0.001864212763055467],[-0.0021305288720633907,-0.003994741635118857,-0.00346210941710301],[-0.003994741635118857,-0.0055926382891664005,-0.005060006071150553]]",1073.9907889625001,1073.9918310060002,21.875,252972,"[1827, 3721, -3381]","[[6, 11, -4], [10, 3, -7], [15, -8, -13], [21, -15, -19]]"
9.483050,9.891719,body,0.000000,0.000000,0.000000,0.000000,0.000000,0.000000,0.000000,0.000000,0.000000,0.000000,0.000000,0.000000,6.674436,-3.268085,-6.069301,-0.000466,-0.006658,-0.001198,bmi088,0.009921721999944566,"[[-0.004527373853134706,-0.005858954398174325,-0.005060006071150553],[-0.001864212763055467,-0.006125270507182248,-0.002663161090079238],[0.001597896654047543,-0.007456851052221868,0.0005326322180158477],[0.0029294771990871623,-0.007190534943213944,0.0023968449810713144]]",1074.0007106845,1074.001748295,21.875,253228,"[1820, 3717, -3380]","[[22, -17, -19], [23, -7, -10], [28, 6, 2], [27, 11, 9]]"
9.493049,9.901875,body,0.000000,0.000000,0.000000,0.000000,0.000000,0.000000,0.000000,0.000000,0.000000,0.000000,0.000000,0.000000,6.695983,-3.275268,-6.076484,-0.001065,-0.006791,0.007324,bmi088,0.00998965999997381,"[[0.0021305288720633907,-0.00692421883420602,0.00346210941710301],[-0.00026631610900792384,-0.0055926382891664005,0.004793689962142629],[-0.0021305288720633907,-0.00692421883420602,0.009321063815277334],[-0.003994741635118857,-0.007723167161229791,0.01171790879634865]]",1074.0107003445,1074.0117518925,21.875,253488,"[1824, 3729, -3384]","[[26, 8, 13], [21, -1, 18], [26, -8, 35], [29, -15, 44]]"
9.503049,9.911914,body,0.000000,0.000000,0.000000,0.000000,0.000000,0.000000,0.000000,0.000000,0.000000,0.000000,0.000000,0.000000,6.695983,-3.268085,-6.103419,-0.003329,-0.006458,0.013982,bmi088,0.009954490999916743,"[[-0.004527373853134706,-0.00825579937924564,0.013582121559404116],[-0.003728425526110934,-0.007723167161229791,0.01384843766841204],[-0.002663161090079238,-0.006125270507182248,0.01464738599543581],[-0.0023968449810713144,-0.003728425526110934,0.01384843766841204]]",1074.0206548355,1074.021701087,21.875,253745,"[1820, 3729, -3399]","[[31, -17, 51], [29, -14, 52], [23, -10, 55], [14, -9, 52]]"
9.513052,9.921992,body,0.000000,0.000000,0.000000,0.000000,0.000000,0.000000,0.000000,0.000000,0.000000,0.000000,0.000000,0.000000,6.701370,-3.253720,-6.085462,-0.004927,0.000533,0.004594,bmi088,0.01000489350008138,"[[-0.00346210941710301,-0.0007989483270237715,0.009853696033293183],[-0.004527373853134706,0.0005326322180158477,0.006657902725198096],[-0.0055926382891664005,0.001331580545039619,0.002663161090079238],[-0.006125270507182248,0.0010652644360316954,-0.0007989483270237715]]",1074.030659729,1074.0316968755,21.875,254003,"[1812, 3732, -3389]","[[3, -13, 37], [-2, -17, 25], [-5, -21, 10], [-4, -23, -3]]"
9.523050,9.932344,body,0.000000,0.000000,0.000000,0.000000,0.000000,0.000000,0.000000,0.000000,0.000000,0.000000,0.000000,0.000000,6.695983,-3.271677,-6.053140,-0.003995,0.001265,-0.008389,bmi088,0.010185716500018316,"[[-0.005060006071150553,0.001597896654047543,-0.006391586616190172],[-0.004261057744126781,0.001331580545039619,-0.009587379924285258],[-0.003728425526110934,0.001331580545039619,-0.010120012142301106],[-0.0029294771990871623,0.0007989483270237715,-0.007456851052221868]]",1074.0408454455,1074.041904193,21.875,254268,"[1822, 3729, -3371]","[[-6, -19, -24], [-5, -16, -36], [-5, -14, -38], [-3, -11, -28]]"
9.533049,9.942266,body,0.000000,0.000000,0.000000,0.000000,0.000000,0.000000,0.000000,0.000000,0.000000,0.000000,0.000000,0.000000,6.672640,-3.284246,-6.076484,0.001332,-0.001531,-0.000133,bmi088,0.009838405999971656,"[[-0.0007989483270237715,0.0,-0.003994741635118857],[0.0010652644360316954,-0.001331580545039619,-0.001597896654047543],[0.0021305288720633907,-0.002663161090079238,0.001864212763055467],[0.0029294771990871623,-0.0021305288720633907,0.003195793308095086]]",1074.0506838515,1074.051733591,21.875,254522,"[1829, 3716, -3384]","[[0, -3, -15], [5, 4, -6], [10, 8, 7], [8, 11, 12]]"
9.543050,9.952539,body,0.000000,0.000000,0.000000,0.000000,0.000000,0.000000,0.000000,0.000000,0.000000,0.000000,0.000000,0.000000,6.661866,-3.239355,-6.065710,-0.000266,0.000399,0.004727,bmi088,0.01001713400000881,"[[0.003994741635118857,-0.001597896654047543,0.005326322180158476],[0.001864212763055467,0.00026631610900792384,0.005326322180158476],[-0.001864212763055467,0.0010652644360316954,0.005060006071150553],[-0.005060006071150553,0.001864212763055467,0.003195793308095086]]",1074.0607009855,1074.061898235,21.875,254785,"[1804, 3710, -3378]","[[6, 15, 20], [-1, 7, 20], [-4, -7, 19], [-7, -19, 12]]"
9.553050,9.962461,body,0.000000,0.000000,0.000000,0.000000,0.000000,0.000000,0.000000,0.000000,0.000000,0.000000,0.000000,0.000000,6.667253,-3.239355,-6.063914,-0.004927,0.001198,-0.004860,bmi088,0.00995708300001752,"[[-0.0055926382891664005,0.001597896654047543,0.0],[-0.0055926382891664005,0.001331580545039619,-0.00346210941710301],[-0.004793689962142629,0.0007989483270237715,-0.006391586616190172],[-0.003728425526110934,0.0010652644360316954,-0.009587379924285258]]",1074.0706580685,1074.071696015,21.875,255039,"[1804, 3713, -3377]","[[-6, -21, 0], [-5, -21, -13], [-3, -18, -24], [-4, -14, -36]]"
9.563051,9.972617,body,0.000000,0.000000,0.000000,0.000000,0.000000,0.000000,0.000000,0.000000,0.000000,0.000000,0.000000,0.000000,6.681618,-3.268085,-6.056732,0.000333,-0.001731,-0.011851,bmi088,0.010026621999941199,"[[-0.001864212763055467,0.001331580545039619,-0.011185276578332801],[-0.00026631610900792384,0.00026631610900792384,-0.012250541014364496],[0.0007989483270237715,-0.0023968449810713144,-0.011984224905356573],[0.002663161090079238,-0.006125270507182248,-0.011984224905356573]]",1074.0806846905,1074.0817261575,21.875,255299,"[1820, 3721, -3373]","[[-5, -7, -42], [-1, -1, -46], [9, 3, -45], [23, 10, -45]]"
9.573052,9.982812,body,0.000000,0.000000,0.000000,0.000000,0.000000,0.000000,0.000000,0.000000,0.000000,0.000000,0.000000,0.000000,6.672640,-3.251924,-6.067506,0.004128,-0.008256,-0.005593,bmi088,0.010115313000142123,"[[0.003728425526110934,-0.007456851052221868,-0.011451592687340724],[0.0055926382891664005,-0.00825579937924564,-0.008522115488253563],[0.004793689962142629,-0.008522115488253563,-0.003994741635118857],[0.0023968449810713144,-0.008788431597261486,0.001597896654047543]]",1074.0908000035001,1074.0918380945,21.875,255560,"[1811, 3716, -3379]","[[28, 14, -43], [31, 21, -32], [32, 18, -15], [33, 9, 6]]"
9.583353,9.993203,body,0.000000,0.000000,0.000000,0.000000,0.000000,0.000000,0.000000,0.000000,0.000000,0.000000,0.000000,0.000000,6.681618,-3.264494,-6.092645,-0.001997,-0.005060,0.011585,bmi088,0.010236422999696515,"[[-0.0007989483270237715,-0.007723167161229791,0.007190534943213944],[-0.0029294771990871623,-0.005858954398174325,0.010918960469324878],[-0.002663161090079238,-0.003728425526110934,0.013582121559404116],[-0.001597896654047543,-0.0029294771990871623,0.01464738599543581]]",1074.1010364264998,1074.1020826459999,21.875,255826,"[1818, 3721, -3393]","[[29, -3, 27], [22, -11, 41], [14, -10, 51], [11, -6, 55]]"
9.593425,10.003359,body,0.000000,0.000000,0.000000,0.000000,0.000000,0.000000,0.000000,0.000000,0.000000,0.000000,0.000000,0.000000,6.713940,-3.273472,-6.089053,0.000200,-0.005127,0.013649,bmi088,0.010081520000312594,"[[0.00026631610900792384,-0.003728425526110934,0.015180018213451659],[0.0007989483270237715,-0.0055926382891664005,0.014381069886427887],[0.00026631610900792384,-0.006125270507182248,0.014114753777419964],[-0.0005326322180158477,-0.005060006071150553,0.010918960469324878]]",1074.1111179465001,1074.112158422,21.875,256086,"[1823, 3739, -3391]","[[14, 1, 57], [21, 3, 54], [23, 1, 53], [19, -2, 41]]"
9.603423,10.013477,body,0.000000,0.000000,0.000000,0.000000,0.000000,0.000000,0.000000,0.000000,0.000000,0.000000,0.000000,0.000000,6.661866,-3.268085,-6.083666,-0.000799,0.000266,-0.000533,bmi088,0.00998314899993602,"[[-0.001597896654047543,-0.002663161090079238,0.005858954398174325],[-0.001597896654047543,-0.0005326322180158477,0.0],[-0.0007989483270237715,0.001597896654047543,-0.00346210941710301],[0.0007989483270237715,0.002663161090079238,-0.004527373853134706]]",1074.1211010955,1074.1221460345,21.875,256345,"[1820, 3710, -3388]","[[10, -6, 22], [2, -6, 0], [-6, -3, -13], [-10, 3, -17]]"
9.613638,10.023867,body,0.000000,0.000000,0.000000,0.000000,0.000000,0.000000,0.000000,0.000000,0.000000,0.000000,0.000000,0.000000,6.656479,-3.286042,-6.054936,0.001598,0.000333,-0.004927,bmi088,0.010244390500020017,"[[0.001331580545039619,0.003195793308095086,-0.005858954398174325],[0.0010652644360316954,0.001597896654047543,-0.005858954398174325],[0.001331580545039619,-0.0005326322180158477,-0.005060006071150553],[0.002663161090079238,-0.0029294771990871623,-0.0029294771990871623]]",1074.131345486,1074.132435563,21.875,256611,"[1830, 3707, -3372]","[[-12, 5, -22], [-6, 4, -22], [2, 5, -19], [11, 10, -11]]"
9.623712,10.034063,body,0.000000,0.000000,0.000000,0.000000,0.000000,0.000000,0.000000,0.000000,0.000000,0.000000,0.000000,0.000000,6.695983,-3.271677,-6.062119,0.004328,-0.000067,-0.000932,bmi088,0.010100240999918242,"[[0.00346210941710301,-0.0023968449810713144,-0.001331580545039619],[0.003994741635118857,-0.0010652644360316954,-0.00026631610900792384],[0.003994741635118857,0.001597896654047543,-0.0007989483270237715],[0.005858954398174325,0.001597896654047543,-0.001331580545039619]]",1074.141445727,1074.142507947,21.875,256872,"[1822, 3729, -3376]","[[9, 13, -5], [4, 15, -1], [-6, 15, -3], [-6, 22, -5]]"
9.636065,10.048438,body,0.000000,0.000000,0.000000,0.000000,0.000000,0.000000,0.000000,0.000000,0.000000,0.000000,0.000000,0.000000,6.706757,-3.259107,-6.072893,0.006285,-0.000852,-0.002344,bmi088,0.013749335499824156,"[[0.007456851052221868,0.0007989483270237715,-0.001864212763055467],[0.007989483270237714,-0.0005326322180158477,-0.0023968449810713144],[0.006125270507182248,-0.0007989483270237715,-0.003195793308095086],[0.004793689962142629,-0.001597896654047543,-0.0029294771990871623],[0.005060006071150553,-0.0021305288720633907,-0.001331580545039619]]",1074.1551950624998,1074.1565771035,21.875,257240,"[1815, 3735, -3382]","[[-3, 28, -7], [2, 30, -9], [3, 23, -12], [6, 18, -11], [8, 19, -5]]"
9.648920,10.059258,body,0.000000,0.000000,0.000000,0.000000,0.000000,0.000000,0.000000,0.000000,0.000000,0.000000,0.000000,0.000000,6.688801,-3.275268,-6.060323,0.001971,0.001971,-0.004794,bmi088,0.011137964499994268,"[[0.005060006071150553,-0.0005326322180158477,-0.0010652644360316954],[0.00346210941710301,0.0021305288720633907,-0.00346210941710301],[0.0010652644360316954,0.003195793308095086,-0.006125270507182248],[0.00026631610900792384,0.0029294771990871623,-0.00692421883420602],[0.0,0.0021305288720633907,-0.006391586616190172]]",1074.1663330269998,1074.1674089110002,21.875,257517,"[1824, 3725, -3375]","[[2, 19, -4], [-8, 13, -13], [-12, 4, -23], [-11, 1, -26], [-8, 0, -24]]"
9.658992,10.069336,body,0.000000,0.000000,0.000000,0.000000,0.000000,0.000000,0.000000,0.000000,0.000000,0.000000,0.000000,0.000000,6.667253,-3.255516,-6.049549,0.000133,0.001198,-0.004860,bmi088,0.009961690500176701,"[[-0.00026631610900792384,0.001597896654047543,-0.004793689962142629],[-0.0007989483270237715,0.001331580545039619,-0.004527373853134706],[0.0,0.0010652644360316954,-0.004261057744126781],[0.001597896654047543,0.0007989483270237715,-0.005858954398174325]]",1074.1762947175,1074.17736137,21.875,257775,"[1813, 3713, -3369]","[[-6, -1, -18], [-5, -3, -17], [-4, 0, -16], [-3, 6, -22]]"
9.669265,10.080430,body,0.000000,0.000000,0.000000,0.000000,0.000000,0.000000,0.000000,0.000000,0.000000,0.000000,0.000000,0.000000,6.672640,-3.277064,-6.067506,0.001198,0.002197,-0.005127,bmi088,0.010865952999893125,"[[0.0023968449810713144,0.001331580545039619,-0.006657902725198096],[0.0023968449810713144,0.0023968449810713144,-0.006657902725198096],[0.0010652644360316954,0.0029294771990871623,-0.005326322180158476],[-0.0010652644360316954,0.0021305288720633907,-0.001864212763055467]]",1074.1871606705,1074.1883503195,21.875,258059,"[1825, 3716, -3379]","[[-5, 9, -25], [-9, 9, -25], [-11, 4, -20], [-8, -4, -7]]"
9.679356,10.090117,body,0.000000,0.000000,0.000000,0.000000,0.000000,0.000000,0.000000,0.000000,0.000000,0.000000,0.000000,0.000000,6.678027,-3.280655,-6.063914,-0.001664,0.000599,0.005726,bmi088,0.009714913000152592,"[[-0.0029294771990871623,0.0021305288720633907,0.001331580545039619],[-0.003195793308095086,0.0021305288720633907,0.005060006071150553],[-0.001864212763055467,0.0007989483270237715,0.007723167161229791],[0.001331580545039619,-0.002663161090079238,0.008788431597261486]]",1074.1968755835,1074.1979353555,21.875,258307,"[1827, 3719, -3377]","[[-8, -11, 5], [-8, -12, 19], [-3, -7, 29], [10, 5, 33]]"
9.689427,10.100156,body,0.000000,0.000000,0.000000,0.000000,0.000000,0.000000,0.000000,0.000000,0.000000,0.000000,0.000000,0.000000,6.674436,-3.266290,-6.044162,0.004461,-0.004993,0.004993,bmi088,0.00995567499990102,"[[0.004527373853134706,-0.004793689962142629,0.007456851052221868],[0.0055926382891664005,-0.004793689962142629,0.005060006071150553],[0.004527373853134706,-0.004261057744126781,0.003728425526110934],[0.003195793308095086,-0.006125270507182248,0.003728425526110934]]",1074.2068312585,1074.207884646,21.875,258564,"[1819, 3717, -3366]","[[18, 17, 28], [18, 21, 19], [16, 17, 14], [23, 12, 14]]"
9.700510,10.111250,body,0.000000,0.000000,0.000000,0.000000,0.000000,0.000000,0.000000,0.000000,0.000000,0.000000,0.000000,0.000000,6.667253,-3.235764,-6.096236,-0.000266,-0.008056,0.002064,bmi088,0.01087344150005265,"[[0.001864212763055467,-0.008788431597261486,0.002663161090079238],[0.0005326322180158477,-0.009587379924285258,0.001864212763055467],[-0.001331580545039619,-0.00825579937924564,0.001597896654047543],[-0.0021305288720633907,-0.0055926382891664005,0.0021305288720633907]]",1074.2177047,1074.2188200895,21.875,258848,"[1802, 3713, -3395]","[[33, 7, 10], [36, 2, 7], [31, -5, 6], [21, -8, 8]]"
9.710579,10.121680,body,0.000000,0.000000,0.000000,0.000000,0.000000,0.000000,0.000000,0.000000,0.000000,0.000000,0.000000,0.000000,6.658275,-3.259107,-6.083666,-0.000067,-0.001531,0.005926,bmi088,0.010363659499944333,"[[-0.0007989483270237715,-0.00346210941710301,0.004793689962142629],[0.0005326322180158477,-0.001864212763055467,0.006657902725198096],[0.00026631610900792384,-0.0007989483270237715,0.007190534943213944],[-0.00026631610900792384,0.0,0.005060006071150553]]",1074.2280683595,1074.229154276,21.875,259115,"[1815, 3708, -3388]","[[13, -3, 18], [7, 2, 25], [3, 1, 27], [0, -1, 19]]"
9.720582,10.131602,body,0.000000,0.000000,0.000000,0.000000,0.000000,0.000000,0.000000,0.000000,0.000000,0.000000,0.000000,0.000000,6.654684,-3.289633,-6.053140,0.001465,0.001465,0.000200,bmi088,0.009772771500138333,"[[-0.0007989483270237715,0.0005326322180158477,0.002663161090079238],[0.0,0.0010652644360316954,0.0010652644360316954],[0.0021305288720633907,0.0021305288720633907,-0.0005326322180158477],[0.004527373853134706,0.0021305288720633907,-0.0023968449810713144]]",1074.237841131,1074.2389422004999,21.875,259369,"[1832, 3706, -3371]","[[-2, -3, 10], [-4, 0, 4], [-8, 8, -2], [-8, 17, -9]]"
9.730582,10.142188,body,0.000000,0.000000,0.000000,0.000000,0.000000,0.000000,0.000000,0.000000,0.000000,0.000000,0.000000,0.000000,6.670844,-3.278859,-6.063914,0.006125,0.001704,-0.007244,bmi088,0.010493297500033805,"[[0.006391586616190172,0.002663161090079238,-0.004527373853134706],[0.006391586616190172,0.0029294771990871623,-0.007456851052221868],[0.0055926382891664005,0.002663161090079238,-0.008522115488253563],[0.005858954398174325,0.001331580545039619,-0.008788431597261486],[0.006391586616190172,-0.0010652644360316954,-0.00692421883420602]]",1074.2483344285001,1074.2494249855,21.875,259640,"[1826, 3715, -3377]","[[-10, 24, -17], [-11, 24, -28], [-10, 21, -32], [-5, 22, -33], [4, 24, -26]]"
9.740579,10.152266,body,0.000000,0.000000,0.000000,0.000000,0.000000,0.000000,0.000000,0.000000,0.000000,0.000000,0.000000,0.000000,6.681618,-3.289633,-6.044162,0.005459,-0.003129,-0.006858,bmi088,0.009985003999872788,"[[0.00692421883420602,-0.0021305288720633907,-0.007723167161229791],[0.005858954398174325,-0.0023968449810713144,-0.007456851052221868],[0.005060006071150553,-0.003195793308095086,-0.007456851052221868],[0.003994741635118857,-0.004793689962142629,-0.004793689962142629]]",1074.2583194325,1074.25937354,21.875,259898,"[1832, 3721, -3366]","[[8, 26, -29], [9, 22, -28], [12, 19, -28], [18, 15, -18]]"
9.750649,10.162227,body,0.000000,0.000000,0.000000,0.000000,0.000000,0.000000,0.000000,0.000000,0.000000,0.000000,0.000000,0.000000,6.672640,-3.260903,-6.069301,-0.001598,-0.002530,0.002131,bmi088,0.009816709500000798,"[[0.001864212763055467,-0.004793689962142629,-0.0023968449810713144],[-0.0010652644360316954,-0.003195793308095086,0.0005326322180158477],[-0.003195793308095086,-0.001597896654047543,0.003994741635118857],[-0.003994741635118857,-0.0005326322180158477,0.006391586616190172]]",1074.268136142,1074.269231915,21.875,260153,"[1816, 3716, -3380]","[[18, 7, -9], [12, -4, 2], [6, -12, 15], [2, -15, 24]]"
9.760651,10.172656,body,0.000000,0.000000,0.000000,0.000000,0.000000,0.000000,0.000000,0.000000,0.000000,0.000000,0.000000,0.000000,6.688801,-3.284246,-6.060323,-0.001065,0.000799,0.006591,bmi088,0.010247926999909396,"[[-0.0029294771990871623,-0.00026631610900792384,0.008788431597261486],[-0.001331580545039619,0.0007989483270237715,0.009054747706269411],[0.0,0.001597896654047543,0.005858954398174325],[0.0,0.0010652644360316954,0.002663161090079238]]",1074.278384069,1074.27957055,21.875,260420,"[1829, 3725, -3375]","[[1, -11, 33], [-3, -5, 34], [-6, 0, 22], [-4, 0, 10]]"
9.770652,10.182852,body,0.000000,0.000000,0.000000,0.000000,0.000000,0.000000,0.000000,0.000000,0.000000,0.000000,0.000000,0.000000,6.683414,-3.264494,-6.080075,-0.001132,-0.002264,-0.004527,bmi088,0.010152337999898009,"[[-0.0010652644360316954,-0.0007989483270237715,-0.0005326322180158477],[-0.001331580545039619,-0.001864212763055467,-0.002663161090079238],[-0.001331580545039619,-0.0029294771990871623,-0.006125270507182248],[-0.0007989483270237715,-0.00346210941710301,-0.008788431597261486]]",1074.2885364069998,1074.2896428685,21.875,260681,"[1818, 3722, -3386]","[[3, -4, -2], [7, -5, -10], [11, -5, -23], [13, -3, -33]]"
9.780715,10.194766,body,0.000000,0.000000,0.000000,0.000000,0.000000,0.000000,0.000000,0.000000,0.000000,0.000000,0.000000,0.000000,6.708553,-3.255516,-6.115988,-0.000799,-0.009654,-0.006325,bmi088,0.011851880000222081,"[[-0.0007989483270237715,-0.005858954398174325,-0.009587379924285258],[-0.0005326322180158477,-0.009054747706269411,-0.008522115488253563],[-0.0005326322180158477,-0.01171790879634865,-0.005858954398174325],[-0.001331580545039619,-0.011984224905356573,-0.001331580545039619]]",1074.300388287,1074.30143649,21.875,260986,"[1813, 3736, -3406]","[[22, -3, -36], [34, -2, -32], [44, -2, -22], [45, -5, -5]]"
9.794130,10.209141,body,0.000000,0.000000,0.000000,0.000000,0.000000,0.000000,0.000000,0.000000,0.000000,0.000000,0.000000,0.000000,6.688801,-3.271677,-6.058527,-0.003728,-0.003515,0.012943,bmi088,0.01211677049991522,"[[-0.001864212763055467,-0.01038632825130903,0.003994741635118857],[-0.003195793308095086,-0.00692421883420602,0.009853696033293183],[-0.003728425526110934,-0.0029294771990871623,0.014913702104443736],[-0.004793689962142629,0.0,0.017576863194522972],[-0.005060006071150553,0.002663161090079238,0.018375811521546746]]",1074.3125050575,1074.3146300409999,21.875,261354,"[1822, 3725, -3374]","[[39, -7, 15], [26, -12, 37], [11, -14, 56], [0, -18, 66], [-10, -19, 69]]"
9.806938,10.221367,body,0.000000,0.000000,0.000000,0.000000,0.000000,0.000000,0.000000,0.000000,0.000000,0.000000,0.000000,0.000000,6.654684,-3.244742,-6.006453,-0.004882,0.001376,-0.001420,bmi088,0.014171080000096481,"[[-0.006657902725198096,0.003195793308095086,0.015446334322459582],[-0.007456851052221868,0.003728425526110934,0.011185276578332801],[-0.00825579937924564,0.003195793308095086,0.0029294771990871623],[-0.005858954398174325,0.001597896654047543,-0.006125270507182248],[-0.0029294771990871623,-0.00026631610900792384,-0.013582121559404116],[0.001864212763055467,-0.003195793308095086,-0.018375811521546746]]",1074.3266761375,1074.3277504855,21.875,261667,"[1807, 3706, -3345]","[[-12, -25, 58], [-14, -28, 42], [-12, -31, 11], [-6, -22, -23], [1, -11, -51], [12, 7, -69]]"
9.821902,10.234531,body,0.000000,0.000000,0.000000,0.000000,0.000000,0.000000,0.000000,0.000000,0.000000,0.000000,0.000000,0.000000,6.678027,-3.260903,-6.076484,0.008682,-0.008948,-0.013582,bmi088,0.012964149500021449,"[[0.005858954398174325,-0.0055926382891664005,-0.021305288720633905],[0.009853696033293183,-0.007989483270237714,-0.020506340393610135],[0.011185276578332801,-0.009853696033293183,-0.01651159875849128],[0.009587379924285258,-0.010652644360316953,-0.008522115488253563],[0.00692421883420602,-0.010652644360316953,-0.0010652644360316954]]",1074.339640287,1074.3407588129999,21.875,262004,"[1816, 3719, -3384]","[[21, 22, -80], [30, 37, -77], [37, 42, -62], [40, 36, -32], [40, 26, -4]]"
9.834972,10.249805,body,0.000000,0.000000,0.000000,0.000000,0.000000,0.000000,0.000000,0.000000,0.000000,0.000000,0.000000,0.000000,6.704962,-3.271677,-6.071097,-0.002344,-0.009055,0.018056,bmi088,0.013033192499960933,"[[0.0029294771990871623,-0.009587379924285258,0.006657902725198096],[0.0,-0.009853696033293183,0.014381069886427887],[-0.003195793308095086,-0.009054747706269411,0.01997370817559429],[-0.005326322180158476,-0.008788431597261486,0.023968449810713145],[-0.006125270507182248,-0.007989483270237714,0.025300030355752765]]",1074.3526734795,1074.3558911,21.875,262395,"[1822, 3734, -3381]","[[36, 11, 25], [37, 0, 54], [34, -12, 75], [33, -20, 90], [30, -23, 95]]"
9.846873,10.261523,body,0.000000,0.000000,0.000000,0.000000,0.000000,0.000000,0.000000,0.000000,0.000000,0.000000,0.000000,0.000000,6.690597,-3.271677,-6.063914,-0.001731,-0.000976,0.011230,bmi088,0.013693603999854531,"[[-0.005060006071150553,-0.006657902725198096,0.026098978682776535],[-0.003728425526110934,-0.003994741635118857,0.023702133701705222],[-0.0029294771990871623,-0.0007989483270237715,0.01864212763055467],[-0.0021305288720633907,0.001597896654047543,0.009853696033293183],[0.0005326322180158477,0.002663161090079238,0.00026631610900792384],[0.0029294771990871623,0.001331580545039619,-0.011185276578332801]]",1074.3663670834999,1074.3674471274999,21.875,262695,"[1822, 3726, -3377]","[[25, -19, 98], [15, -14, 89], [3, -11, 70], [-6, -8, 37], [-10, 2, 1], [-5, 11, -42]]"
9.860648,10.274922,body,0.000000,0.000000,0.000000,0.000000,0.000000,0.000000,0.000000,0.000000,0.000000,0.000000,0.000000,0.000000,6.703166,-3.266290,-6.063914,0.002716,-0.003675,-0.024767,bmi088,0.012613303000080123,"[[0.003728425526110934,-0.0005326322180158477,-0.020240024284602212],[0.0023968449810713144,-0.003728425526110934,-0.026631610900792385],[0.001597896654047543,-0.004793689962142629,-0.0290284558818637],[0.0023968449810713144,-0.005060006071150553,-0.02716424311880823],[0.00346210941710301,-0.004261057744126781,-0.02077265650261806]]",1074.3789803865,1074.3807079775,21.875,263038,"[1819, 3733, -3377]","[[2, 14, -76], [14, 9, -100], [18, 6, -109], [19, 9, -102], [16, 13, -78]]"
9.875174,10.290508,body,0.000000,0.000000,0.000000,0.000000,0.000000,0.000000,0.000000,0.000000,0.000000,0.000000,0.000000,0.000000,6.690597,-3.257311,-6.090849,0.000746,-0.002876,0.005699,bmi088,0.013931277999972735,"[[0.003728425526110934,-0.00346210941710301,-0.01171790879634865],[0.0023968449810713144,-0.002663161090079238,-0.0021305288720633907],[0.0010652644360316954,-0.002663161090079238,0.006657902725198096],[-0.0005326322180158477,-0.002663161090079238,0.014913702104443736],[-0.0029294771990871623,-0.0029294771990871623,0.02077265650261806]]",1074.3929116645,1074.3960434895,21.875,263437,"[1814, 3726, -3392]","[[13, 14, -44], [10, 9, -8], [10, 4, 25], [10, -2, 56], [11, -11, 78]]"
9.887044,10.302266,body,0.000000,0.000000,0.000000,0.000000,0.000000,0.000000,0.000000,0.000000,0.000000,0.000000,0.000000,0.000000,6.663662,-3.298611,-6.042366,-0.005459,0.001021,0.006170,bmi088,0.013771942999937892,"[[-0.0055926382891664005,-0.001597896654047543,0.02077265650261806],[-0.007456851052221868,-0.00026631610900792384,0.016777914867499202],[-0.007723167161229791,0.0023968449810713144,0.009587379924285258],[-0.006657902725198096,0.0029294771990871623,0.00346210941710301],[-0.004527373853134706,0.0021305288720633907,-0.003195793308095086],[-0.0007989483270237715,0.0005326322180158477,-0.01038632825130903]]",1074.4066836074999,1074.407775156,21.875,263738,"[1837, 3711, -3365]","[[6, -21, 78], [1, -28, 63], [-9, -29, 36], [-11, -25, 13], [-8, -17, -12], [-2, -3, -39]]"
9.902158,10.315625,body,0.000000,0.000000,0.000000,0.000000,0.000000,0.000000,0.000000,0.000000,0.000000,0.000000,0.000000,0.000000,6.699575,-3.214216,-6.090849,0.004421,-0.009534,-0.019441,bmi088,0.013195807000101922,"[[0.0021305288720633907,-0.002663161090079238,-0.016777914867499202],[0.003994741635118857,-0.006391586616190172,-0.021837920938649755],[0.005326322180158476,-0.010652644360316953,-0.02290318537468145],[0.005858954398174325,-0.01384843766841204,-0.021038972611625982],[0.004793689962142629,-0.014114753777419964,-0.01464738599543581]]",1074.4198794145,1074.420962019,21.875,264080,"[1790, 3731, -3392]","[[10, 8, -63], [24, 15, -82], [40, 20, -86], [52, 22, -79], [53, 18, -55]]"
9.914497,10.331094,body,0.000000,0.000000,0.000000,0.000000,0.000000,0.000000,0.000000,0.000000,0.000000,0.000000,0.000000,0.000000,6.706757,-3.257311,-6.105214,-0.002131,-0.006871,0.012996,bmi088,0.012390893999963737,"[[0.0029294771990871623,-0.012783173232380344,-0.0055926382891664005],[0.0,-0.009321063815277334,0.004527373853134706],[-0.0023968449810713144,-0.007190534943213944,0.01464738599543581],[-0.004793689962142629,-0.003994741635118857,0.023169501483689375],[-0.006391586616190172,-0.0010652644360316954,0.02822950755483993]]",1074.4322703085,1074.4349372665001,21.875,264476,"[1814, 3735, -3400]","[[48, 11, -21], [35, 0, 17], [27, -9, 55], [15, -18, 87], [4, -24, 106]]"
9.930510,10.344492,body,0.000000,0.000000,0.000000,0.000000,0.000000,0.000000,0.000000,0.000000,0.000000,0.000000,0.000000,0.000000,6.681618,-3.266290,-6.033388,-0.002625,-0.000571,0.013164,bmi088,0.016054869000072358,"[[-0.006391586616190172,0.0007989483270237715,0.028762139772855775],[-0.005060006071150553,0.0010652644360316954,0.026631610900792385],[-0.003195793308095086,0.0007989483270237715,0.02210423704765768],[-0.001864212763055467,-0.0005326322180158477,0.015712650431467506],[-0.001331580545039619,-0.001864212763055467,0.007723167161229791],[-0.00026631610900792384,-0.0021305288720633907,0.0],[-0.00026631610900792384,-0.0021305288720633907,-0.008788431597261486]]",1074.4483251775,1074.449488985,21.875,264819,"[1819, 3721, -3360]","[[-3, -24, 108], [-4, -19, 100], [-3, -12, 83], [2, -7, 59], [7, -5, 29], [8, -1, 0], [8, -1, -33]]"
9.942894,10.356797,body,0.000000,0.000000,0.000000,0.000000,0.000000,0.000000,0.000000,0.000000,0.000000,0.000000,0.000000,0.000000,6.683414,-3.260903,-6.058527,0.000479,-0.004474,-0.023010,bmi088,0.012286681999967186,"[[-0.00026631610900792384,-0.0029294771990871623,-0.016777914867499202],[-0.0007989483270237715,-0.004261057744126781,-0.02423476591972107],[0.0,-0.004793689962142629,-0.027963191445832],[0.001597896654047543,-0.005060006071150553,-0.025832662573768612],[0.001864212763055467,-0.005326322180158476,-0.020240024284602212]]",1074.4606118595,1074.4616807994998,21.875,265134,"[1816, 3722, -3374]","[[11, -1, -63], [16, -3, -91], [18, 0, -105], [19, 6, -97], [20, 7, -76]]"
9.955198,10.371914,body,0.000000,0.000000,0.000000,0.000000,0.000000,0.000000,0.000000,0.000000,0.000000,0.000000,0.000000,0.000000,6.704962,-3.246537,-6.099827,0.001398,-0.004927,0.006658,bmi088,0.012259640500133173,"[[0.001864212763055467,-0.005060006071150553,-0.010120012142301106],[0.001597896654047543,-0.005326322180158476,0.0010652644360316954],[0.001597896654047543,-0.0055926382891664005,0.012783173232380344],[0.0005326322180158477,-0.003728425526110934,0.02290318537468145]]",1074.4728715,1074.476662776,21.875,265521,"[1808, 3734, -3397]","[[19, 7, -38], [20, 6, 4], [21, 6, 48], [14, 2, 86]]"
9.971140,10.385469,body,0.000000,0.000000,0.000000,0.000000,0.000000,0.000000,0.000000,0.000000,0.000000,0.000000,0.000000,0.000000,6.695983,-3.278859,-6.053140,-0.003310,0.002663,0.015979,bmi088,0.01605520499992963,"[[-0.0007989483270237715,-0.0005326322180158477,0.02929477199087162],[-0.0023968449810713144,0.0023968449810713144,0.03222424918995878],[-0.002663161090079238,0.00346210941710301,0.03062635253591124],[-0.0029294771990871623,0.004261057744126781,0.022370553156665602],[-0.00346210941710301,0.003728425526110934,0.011185276578332801],[-0.005060006071150553,0.00346210941710301,-0.001597896654047543],[-0.005858954398174325,0.001864212763055467,-0.012250541014364496]]",1074.488926705,1074.49005624,21.875,265868,"[1826, 3729, -3371]","[[2, -3, 110], [-9, -9, 121], [-13, -10, 115], [-16, -11, 84], [-14, -13, 42], [-13, -19, -6], [-7, -22, -46]]"
9.983652,10.398008,body,0.000000,0.000000,0.000000,0.000000,0.000000,0.000000,0.000000,0.000000,0.000000,0.000000,0.000000,0.000000,6.670844,-3.244742,-6.076484,0.001704,-0.001811,-0.027537,bmi088,0.01243825649999053,"[[-0.003994741635118857,0.0010652644360316954,-0.021837920938649755],[-0.0005326322180158477,0.0,-0.027963191445832],[0.00346210941710301,-0.001331580545039619,-0.03142530086293501],[0.005326322180158476,-0.00346210941710301,-0.030360036426903318],[0.004261057744126781,-0.005326322180158476,-0.026098978682776535]]",1074.5013649615,1074.5024438055,21.875,266189,"[1807, 3715, -3384]","[[-4, -15, -82], [0, -2, -105], [5, 13, -118], [13, 20, -114], [20, 16, -98]]"
9.995325,10.412617,body,0.000000,0.000000,0.000000,0.000000,0.000000,0.000000,0.000000,0.000000,0.000000,0.000000,0.000000,0.000000,6.688801,-3.271677,-6.080075,-0.001021,-0.000533,0.003817,bmi088,0.01440486499996041,"[[-0.00026631610900792384,-0.005326322180158476,-0.018908443739562592],[-0.0021305288720633907,-0.00346210941710301,-0.009853696033293183],[-0.002663161090079238,-0.0007989483270237715,-0.0005326322180158477],[0.0,0.0010652644360316954,0.01038632825130903],[0.00026631610900792384,0.0021305288720633907,0.018109495412538822],[-0.001331580545039619,0.003195793308095086,0.023702133701705222]]",1074.5157698265,1074.5168918565,21.875,266563,"[1822, 3725, -3386]","[[20, -1, -71], [13, -8, -37], [3, -10, -2], [-4, 0, 39], [-8, 1, 68], [-12, -5, 89]]"
10.010180,10.424727,body,0.000000,0.000000,0.000000,0.000000,0.000000,0.000000,0.000000,0.000000,0.000000,0.000000,0.000000,0.000000,6.685210,-3.266290,-6.072893,-0.006392,0.005193,0.018775,bmi088,0.012042687499842941,"[[-0.005060006071150553,0.004527373853134706,0.024501082028728992],[-0.007723167161229791,0.0055926382891664005,0.02210423704765768],[-0.007723167161229791,0.0055926382891664005,0.01731054708551505],[-0.005060006071150553,0.005060006071150553,0.011185276578332801]]",1074.5278125139998,1074.5288757735,21.875,266873,"[1819, 3723, -3382]","[[-17, -19, 92], [-21, -29, 83], [-21, -29, 65], [-19, -19, 42]]"
10.023056,10.437891,body,0.000000,0.000000,0.000000,0.000000,0.000000,0.000000,0.000000,0.000000,0.000000,0.000000,0.000000,0.000000,6.651092,-3.239355,-6.040571,0.001465,-0.001021,-0.014026,bmi088,0.012992694500098878,"[[-0.0023968449810713144,0.0029294771990871623,0.003994741635118857],[-0.0007989483270237715,0.0007989483270237715,-0.005326322180158476],[0.0,-0.0010652644360316954,-0.01464738599543581],[0.001597896654047543,-0.0021305288720633907,-0.021305288720633905],[0.003994741635118857,-0.003195793308095086,-0.02423476591972107],[0.006391586616190172,-0.00346210941710301,-0.022636869265673525]]",1074.5408052085,1074.5418909655,21.875,267210,"[1804, 3704, -3364]","[[-11, -9, 15], [-3, -3, -20], [4, 0, -55], [8, 6, -80], [12, 15, -91], [13, 24, -85]]"
10.036736,10.453633,body,0.000000,0.000000,0.000000,0.000000,0.000000,0.000000,0.000000,0.000000,0.000000,0.000000,0.000000,0.000000,6.703166,-3.251924,-6.099827,0.001598,-0.002486,0.005681,bmi088,0.015579522000052748,"[[0.00692421883420602,-0.00346210941710301,-0.018109495412538822],[0.004527373853134706,-0.002663161090079238,-0.010120012142301106],[0.001864212763055467,-0.001864212763055467,0.00026631610900792384],[-0.0007989483270237715,-0.001597896654047543,0.011451592687340724],[-0.0010652644360316954,-0.002663161090079238,0.021837920938649755],[-0.001864212763055467,-0.002663161090079238,0.028762139772855775]]",1074.5563847305,1074.557470407,21.875,267613,"[1811, 3733, -3397]","[[13, 26, -68], [10, 17, -38], [7, 7, 1], [6, -3, 43], [10, -4, 82], [10, -7, 108]]"
10.050645,10.465664,body,0.000000,0.000000,0.000000,0.000000,0.000000,0.000000,0.000000,0.000000,0.000000,0.000000,0.000000,0.000000,6.695983,-3.264494,-6.087258,0.001438,-0.000107,0.023223,bmi088,0.011915498000007574,"[[-0.001597896654047543,-0.0023968449810713144,0.03195793308095086],[0.0,-0.0007989483270237715,0.03142530086293501],[0.0021305288720633907,0.00026631610900792384,0.02689792700980031],[0.00346210941710301,0.001331580545039619,0.018375811521546746],[0.003195793308095086,0.0010652644360316954,0.007456851052221868]]",1074.5683002285,1074.569370241,21.875,267921,"[1818, 3729, -3390]","[[9, -6, 120], [3, 0, 118], [-1, 8, 101], [-5, 13, 69], [-4, 12, 28]]"
10.063775,10.479141,body,0.000000,0.000000,0.000000,0.000000,0.000000,0.000000,0.000000,0.000000,0.000000,0.000000,0.000000,0.000000,6.670844,-3.266290,-6.078279,0.004794,0.001385,-0.015766,bmi088,0.013281731000006403,"[[0.00346210941710301,0.001331580545039619,-0.0023968449810713144],[0.004261057744126781,0.001597896654047543,-0.011185276578332801],[0.004527373853134706,0.0021305288720633907,-0.018109495412538822],[0.005326322180158476,0.0010652644360316954,-0.023169501483689375],[0.006391586616190172,0.0007989483270237715,-0.023968449810713145]]",1074.5815819595,1074.5826897975,21.875,268266,"[1819, 3715, -3385]","[[-5, 13, -9], [-6, 16, -42], [-8, 17, -68], [-4, 20, -87], [-3, 24, -90]]"
10.076668,10.494219,body,0.000000,0.000000,0.000000,0.000000,0.000000,0.000000,0.000000,0.000000,0.000000,0.000000,0.000000,0.000000,6.672640,-3.268085,-6.056732,0.006880,0.006347,-0.011585,bmi088,0.014937415000076726,"[[0.009054747706269411,0.001864212763055467,-0.022636869265673525],[0.008788431597261486,0.00346210941710301,-0.018908443739562592],[0.00825579937924564,0.005326322180158476,-0.015446334322459582],[0.006125270507182248,0.00692421883420602,-0.009054747706269411],[0.004793689962142629,0.009587379924285258,-0.004261057744126781],[0.004261057744126781,0.010918960469324878,0.0007989483270237715]]",1074.5965193745,1074.5976064914998,21.875,268652,"[1820, 3716, -3373]","[[-7, 34, -85], [-13, 33, -71], [-20, 31, -58], [-26, 23, -34], [-36, 18, -16], [-41, 16, 3]]"
10.090765,10.507031,body,0.000000,0.000000,0.000000,0.000000,0.000000,0.000000,0.000000,0.000000,0.000000,0.000000,0.000000,0.000000,6.681618,-3.264494,-6.053140,0.001917,0.005752,0.002557,bmi088,0.012674793999849499,"[[0.0029294771990871623,0.011185276578332801,0.00346210941710301],[0.001864212763055467,0.009054747706269411,0.004527373853134706],[0.0010652644360316954,0.005858954398174325,0.003994741635118857],[0.0021305288720633907,0.0023968449810713144,0.001331580545039619],[0.001597896654047543,0.00026631610900792384,-0.0005326322180158477]]",1074.6091941685,1074.610277685,21.875,268980,"[1818, 3721, -3371]","[[-42, 11, 13], [-34, 7, 17], [-22, 4, 15], [-9, 8, 5], [-1, 6, -2]]"
10.104234,10.519883,body,0.000000,0.000000,0.000000,0.000000,0.000000,0.000000,0.000000,0.000000,0.000000,0.000000,0.000000,0.000000,6.678027,-3.257311,-6.060323,0.002610,-0.001491,-0.004900,bmi088,0.01272772399988753,"[[0.001331580545039619,-0.0005326322180158477,-0.0021305288720633907],[0.001864212763055467,-0.0010652644360316954,-0.00346210941710301],[0.003195793308095086,-0.001331580545039619,-0.006125270507182248],[0.003728425526110934,-0.001864212763055467,-0.006657902725198096],[0.0029294771990871623,-0.002663161090079238,-0.006125270507182248]]",1074.6219218924998,1074.6229891205,21.875,269309,"[1814, 3719, -3375]","[[2, 5, -8], [4, 7, -13], [5, 12, -23], [7, 14, -25], [10, 11, -23]]"
10.116627,10.535391,body,0.000000,0.000000,0.000000,0.000000,0.000000,0.000000,0.000000,0.000000,0.000000,0.000000,0.000000,0.000000,6.687005,-3.280655,-6.072893,0.005060,-0.006525,0.003640,bmi088,0.015214402000310656,"[[0.004261057744126781,-0.004261057744126781,-0.003994741635118857],[0.004527373853134706,-0.005858954398174325,-0.002663161090079238],[0.005858954398174325,-0.007190534943213944,0.0],[0.005326322180158476,-0.007723167161229791,0.004793689962142629],[0.006125270507182248,-0.007456851052221868,0.010120012142301106],[0.004261057744126781,-0.006657902725198096,0.013582121559404116]]",1074.6371362945001,1074.6383237835,21.875,269706,"[1827, 3724, -3382]","[[16, 16, -15], [22, 17, -10], [27, 22, 0], [29, 20, 18], [28, 23, 38], [25, 16, 51]]"
10.133035,10.548984,body,0.000000,0.000000,0.000000,0.000000,0.000000,0.000000,0.000000,0.000000,0.000000,0.000000,0.000000,0.000000,6.683414,-3.264494,-6.067506,0.000222,-0.006125,0.008744,bmi088,0.013555069999938496,"[[0.0007989483270237715,-0.005858954398174325,0.013315805450396193],[-0.001597896654047543,-0.006391586616190172,0.011451592687340724],[-0.001864212763055467,-0.00692421883420602,0.009321063815277334],[0.0005326322180158477,-0.006657902725198096,0.008522115488253563],[0.001597896654047543,-0.005858954398174325,0.006391586616190172],[0.001864212763055467,-0.005060006071150553,0.00346210941710301]]",1074.6506913645,1074.6517676495,21.875,270054,"[1818, 3722, -3379]","[[22, 3, 50], [24, -6, 43], [26, -7, 35], [25, 2, 32], [22, 6, 24], [19, 7, 13]]"
10.145127,10.563359,body,0.000000,0.000000,0.000000,0.000000,0.000000,0.000000,0.000000,0.000000,0.000000,0.000000,0.000000,0.000000,6.685210,-3.264494,-6.078279,0.000799,-0.006991,-0.000932,bmi088,0.012150308999935078,"[[0.0021305288720633907,-0.005858954398174325,0.001331580545039619],[0.0010652644360316954,-0.006125270507182248,-0.0010652644360316954],[0.0,-0.007456851052221868,-0.001597896654047543],[0.0,-0.008522115488253563,-0.0023968449810713144]]",1074.6628416735,1074.665990731,21.875,270422,"[1818, 3723, -3385]","[[22, 8, 5], [23, 4, -4], [28, 0, -6], [32, 0, -9]]"
10.157681,10.576211,body,0.000000,0.000000,0.000000,0.000000,0.000000,0.000000,0.000000,0.000000,0.000000,0.000000,0.000000,0.000000,6.694188,-3.286042,-6.089053,-0.000932,-0.006658,0.003906,bmi088,0.0147342379998463,"[[-0.0005326322180158477,-0.009587379924285258,-0.001331580545039619],[-0.0005326322180158477,-0.008788431597261486,0.0005326322180158477],[-0.0023968449810713144,-0.00825579937924564,0.0023968449810713144],[-0.002663161090079238,-0.006125270507182248,0.0055926382891664005],[-0.0010652644360316954,-0.004793689962142629,0.007190534943213944],[0.001597896654047543,-0.0023968449810713144,0.009054747706269411]]",1074.6775759114998,1074.6786894135,21.875,270751,"[1830, 3728, -3391]","[[36, -2, -5], [33, -2, 2], [31, -9, 9], [23, -10, 21], [18, -4, 27], [9, 6, 34]]"
10.173342,10.589922,body,0.000000,0.000000,0.000000,0.000000,0.000000,0.000000,0.000000,0.000000,0.000000,0.000000,0.000000,0.000000,6.685210,-3.269881,-6.069301,0.003640,-0.002308,0.003862,bmi088,0.013596768000297743,"[[0.00346210941710301,-0.0007989483270237715,0.009321063815277334],[0.0029294771990871623,0.0,0.009321063815277334],[0.001864212763055467,-0.0021305288720633907,0.007723167161229791],[0.0023968449810713144,-0.003994741635118857,0.004793689962142629],[0.004793689962142629,-0.003994741635118857,-0.0007989483270237715],[0.006391586616190172,-0.0029294771990871623,-0.007190534943213944]]",1074.6911726795001,1074.6922662924999,21.875,271102,"[1821, 3723, -3380]","[[3, 13, 35], [0, 11, 35], [8, 7, 29], [15, 9, 18], [15, 18, -3], [11, 24, -27]]"
10.185751,10.604102,body,0.000000,0.000000,0.000000,0.000000,0.000000,0.000000,0.000000,0.000000,0.000000,0.000000,0.000000,0.000000,6.652888,-3.250129,-6.047753,0.003941,-0.002716,-0.011665,bmi088,0.011988173499958066,"[[0.006125270507182248,-0.002663161090079238,-0.012250541014364496],[0.004261057744126781,-0.002663161090079238,-0.014381069886427887],[0.0029294771990871623,-0.002663161090079238,-0.012516857123372421],[0.003195793308095086,-0.0021305288720633907,-0.010652644360316953],[0.003195793308095086,-0.00346210941710301,-0.008522115488253563]]",1074.703160853,1074.7062863575002,21.875,271465,"[1810, 3705, -3368]","[[10, 23, -46], [10, 16, -54], [10, 11, -47], [8, 12, -40], [13, 12, -32]]"
10.200798,10.617695,body,0.000000,0.000000,0.000000,0.000000,0.000000,0.000000,0.000000,0.000000,0.000000,0.000000,0.000000,0.000000,6.681618,-3.233968,-6.085462,0.004128,-0.004483,-0.002708,bmi088,0.015297157499844616,"[[0.0055926382891664005,-0.003728425526110934,-0.00692421883420602],[0.007190534943213944,-0.003994741635118857,-0.004261057744126781],[0.007456851052221868,-0.00346210941710301,-0.002663161090079238],[0.003994741635118857,-0.004261057744126781,-0.001864212763055467],[0.0010652644360316954,-0.005326322180158476,-0.0010652644360316954],[-0.0005326322180158477,-0.006125270507182248,0.0005326322180158477]]",1074.7184580105,1074.719660828,21.875,271813,"[1801, 3721, -3389]","[[14, 21, -26], [15, 27, -16], [13, 28, -10], [16, 15, -7], [20, 4, -4], [23, -2, 2]]"
10.213530,10.630391,body,0.000000,0.000000,0.000000,0.000000,0.000000,0.000000,0.000000,0.000000,0.000000,0.000000,0.000000,0.000000,6.685210,-3.266290,-6.080075,-0.003036,-0.005806,0.001332,bmi088,0.01273489300001529,"[[-0.001864212763055467,-0.006125270507182248,0.001331580545039619],[-0.003195793308095086,-0.006125270507182248,0.001864212763055467],[-0.003728425526110934,-0.0055926382891664005,0.001331580545039619],[-0.003195793308095086,-0.005858954398174325,0.001331580545039619],[-0.003195793308095086,-0.005326322180158476,0.0007989483270237715]]",1074.7311929035,1074.7322692035,21.875,272138,"[1819, 3723, -3386]","[[23, -7, 5], [23, -12, 7], [21, -14, 5], [22, -12, 5], [20, -12, 3]]"
10.226977,10.646445,body,0.000000,0.000000,0.000000,0.000000,0.000000,0.000000,0.000000,0.000000,0.000000,0.000000,0.000000,0.000000,6.652888,-3.246537,-6.054936,-0.003640,-0.004882,0.003329,bmi088,0.01583751599991956,"[[-0.004527373853134706,-0.0055926382891664005,0.0007989483270237715],[-0.005326322180158476,-0.005858954398174325,0.001597896654047543],[-0.004527373853134706,-0.005060006071150553,0.002663161090079238],[-0.002663161090079238,-0.003728425526110934,0.003994741635118857],[-0.001864212763055467,-0.003728425526110934,0.005858954398174325],[-0.0029294771990871623,-0.005326322180158476,0.005060006071150553]]",1074.7470304194999,1074.748169874,21.875,272549,"[1808, 3705, -3372]","[[21, -17, 3], [22, -20, 6], [19, -17, 10], [14, -10, 15], [14, -7, 22], [20, -11, 19]]"
10.241543,10.658750,body,0.000000,0.000000,0.000000,0.000000,0.000000,0.000000,0.000000,0.000000,0.000000,0.000000,0.000000,0.000000,6.690597,-3.273472,-6.056732,-0.004794,-0.006072,0.001119,bmi088,0.012179045000266342,"[[-0.004527373853134706,-0.00692421883420602,0.004527373853134706],[-0.005858954398174325,-0.005858954398174325,0.001864212763055467],[-0.006391586616190172,-0.004527373853134706,0.00026631610900792384],[-0.005060006071150553,-0.0055926382891664005,-0.0005326322180158477],[-0.0021305288720633907,-0.007456851052221868,-0.0005326322180158477]]",1074.7592094645001,1074.7603135260001,21.875,272864,"[1823, 3726, -3373]","[[26, -17, 17], [22, -22, 7], [17, -24, 1], [21, -19, -2], [28, -8, -2]]"
10.253604,10.671680,body,0.000000,0.000000,0.000000,0.000000,0.000000,0.000000,0.000000,0.000000,0.000000,0.000000,0.000000,0.000000,6.699575,-3.262698,-6.090849,-0.000692,-0.006711,0.004687,bmi088,0.012827072499931091,"[[-0.0005326322180158477,-0.008788431597261486,0.0005326322180158477],[-0.001331580545039619,-0.00825579937924564,0.002663161090079238],[-0.001331580545039619,-0.007456851052221868,0.004793689962142629],[-0.0010652644360316954,-0.0055926382891664005,0.007723167161229791],[0.0007989483270237715,-0.00346210941710301,0.007723167161229791]]",1074.772036537,1074.7731160530002,21.875,273195,"[1817, 3731, -3392]","[[33, -2, 2], [31, -5, 10], [28, -5, 18], [21, -4, 29], [13, 3, 29]]"
10.267596,10.687578,body,0.000000,0.000000,0.000000,0.000000,0.000000,0.000000,0.000000,0.000000,0.000000,0.000000,0.000000,0.000000,6.667253,-3.277064,-6.033388,0.002131,-0.001509,0.003063,bmi088,0.016062357000009797,"[[0.0029294771990871623,-0.0010652644360316954,0.006657902725198096],[0.004527373853134706,-0.0010652644360316954,0.005326322180158476],[0.003728425526110934,-0.001331580545039619,0.003195793308095086],[0.001331580545039619,-0.001864212763055467,0.0029294771990871623],[-0.00026631610900792384,-0.001864212763055467,0.00026631610900792384],[0.0005326322180158477,-0.001864212763055467,0.0]]",1074.788098894,1074.7888301560001,21.875,273602,"[1825, 3713, -3360]","[[4, 11, 25], [4, 17, 20], [5, 14, 12], [7, 5, 11], [7, -1, 1], [7, 2, 0]]"
10.281512,10.699102,body,0.000000,0.000000,0.000000,0.000000,0.000000,0.000000,0.000000,0.000000,0.000000,0.000000,0.000000,0.000000,6.665457,-3.275268,-6.029797,0.005167,-0.002024,-0.002823,bmi088,0.011063495499911369,"[[0.001864212763055467,-0.001864212763055467,-0.0007989483270237715],[0.003728425526110934,-0.001864212763055467,-0.001597896654047543],[0.005858954398174325,-0.0021305288720633907,-0.003195793308095086],[0.007190534943213944,-0.0023968449810713144,-0.004527373853134706],[0.007190534943213944,-0.001864212763055467,-0.003994741635118857]]",1074.7991623895,1074.8002267054999,21.875,273897,"[1824, 3712, -3358]","[[7, 7, -3], [7, 14, -6], [8, 22, -12], [9, 27, -17], [7, 27, -15]]"
10.294386,10.715742,body,0.000000,0.000000,0.000000,0.000000,0.000000,0.000000,0.000000,0.000000,0.000000,0.000000,0.000000,0.000000,6.712144,-3.246537,-6.105214,0.004953,-0.004155,-0.001065,bmi088,0.012638120000019626,"[[0.005326322180158476,-0.002663161090079238,-0.0029294771990871623],[0.004261057744126781,-0.0023968449810713144,-0.002663161090079238],[0.004527373853134706,-0.004261057744126781,-0.0010652644360316954],[0.005326322180158476,-0.005060006071150553,0.0],[0.005326322180158476,-0.006391586616190172,0.001331580545039619]]",1074.8118005095,1074.81671284,21.875,274323,"[1808, 3738, -3400]","[[10, 20, -11], [9, 16, -10], [16, 17, -4], [19, 20, 0], [24, 20, 5]]"
10.307821,10.727734,body,0.000000,0.000000,0.000000,0.000000,0.000000,0.000000,0.000000,0.000000,0.000000,0.000000,0.000000,0.000000,6.704962,-3.289633,-6.072893,0.002574,-0.004527,0.006347,bmi088,0.015678693500149166,"[[0.004261057744126781,-0.006125270507182248,0.001597896654047543],[0.0023968449810713144,-0.005060006071150553,0.003994741635118857],[0.0023968449810713144,-0.004527373853134706,0.00692421883420602],[0.003728425526110934,-0.003728425526110934,0.008788431597261486],[0.0023968449810713144,-0.003728425526110934,0.009054747706269411],[0.00026631610900792384,-0.003994741635118857,0.007723167161229791]]",1074.8274792030002,1074.8285505755,21.875,274630,"[1832, 3734, -3382]","[[23, 16, 6], [19, 9, 15], [17, 9, 26], [14, 14, 33], [14, 9, 34], [15, 1, 29]]"
10.323864,10.742070,body,0.000000,0.000000,0.000000,0.000000,0.000000,0.000000,0.000000,0.000000,0.000000,0.000000,0.000000,0.000000,6.688801,-3.275268,-6.036979,-0.000799,0.000311,0.002352,bmi088,0.014175655499911954,"[[-0.001597896654047543,-0.003728425526110934,0.007190534943213944],[-0.0005326322180158477,-0.0029294771990871623,0.004793689962142629],[-0.0010652644360316954,-0.0005326322180158477,0.003195793308095086],[-0.001331580545039619,0.001597896654047543,0.0007989483270237715],[-0.0010652644360316954,0.003728425526110934,-0.0005326322180158477],[0.0007989483270237715,0.003728425526110934,-0.001331580545039619]]",1074.8416548585,1074.8427585365,21.875,274997,"[1824, 3725, -3362]","[[14, -6, 27], [11, -2, 18], [2, -4, 12], [-6, -5, 3], [-14, -4, -2], [-14, 3, -5]]"
10.336145,10.756562,body,0.000000,0.000000,0.000000,0.000000,0.000000,0.000000,0.000000,0.000000,0.000000,0.000000,0.000000,0.000000,6.695983,-3.268085,-6.071097,0.001775,0.002619,-0.007901,bmi088,0.014329837999866868,"[[0.001331580545039619,0.0029294771990871623,-0.002663161090079238],[0.001864212763055467,0.001864212763055467,-0.003728425526110934],[0.001597896654047543,0.0021305288720633907,-0.00692421883420602],[0.001864212763055467,0.002663161090079238,-0.009853696033293183],[0.001864212763055467,0.003195793308095086,-0.012250541014364496],[0.0021305288720633907,0.0029294771990871623,-0.011984224905356573]]",1074.8559846965,1074.8570768695,21.875,275368,"[1820, 3729, -3381]","[[-11, 5, -10], [-7, 7, -14], [-8, 6, -26], [-10, 7, -37], [-12, 7, -46], [-11, 8, -45]]"
10.350502,10.768867,body,0.000000,0.000000,0.000000,0.000000,0.000000,0.000000,0.000000,0.000000,0.000000,0.000000,0.000000,0.000000,6.661866,-3.250129,-6.065710,0.000639,0.001332,-0.004581,bmi088,0.012175141499938036,"[[0.0023968449810713144,0.00346210941710301,-0.009853696033293183],[0.0023968449810713144,0.0029294771990871623,-0.007456851052221868],[0.0010652644360316954,0.001331580545039619,-0.004527373853134706],[-0.00026631610900792384,0.0,-0.0010652644360316954],[-0.0023968449810713144,-0.0010652644360316954,0.0]]",1074.8681598379999,1074.8692434025002,21.875,275683,"[1810, 3710, -3378]","[[-13, 9, -37], [-11, 9, -28], [-5, 4, -17], [0, -1, -4], [4, -9, 0]]"
10.364010,10.782539,body,0.000000,0.000000,0.000000,0.000000,0.000000,0.000000,0.000000,0.000000,0.000000,0.000000,0.000000,0.000000,6.669049,-3.269881,-6.062119,0.000053,-0.003089,0.003569,bmi088,0.013496907500211819,"[[-0.002663161090079238,-0.0007989483270237715,0.0010652644360316954],[-0.0029294771990871623,-0.001331580545039619,0.00026631610900792384],[-0.00026631610900792384,-0.00346210941710301,0.0021305288720633907],[0.0021305288720633907,-0.004793689962142629,0.0055926382891664005],[0.003994741635118857,-0.005060006071150553,0.008788431597261486]]",1074.8816567455,1074.8827527105,21.875,276033,"[1821, 3714, -3376]","[[3, -10, 4], [5, -11, 1], [13, -1, 8], [18, 8, 21], [19, 15, 33]]"
10.376677,10.797617,body,0.000000,0.000000,0.000000,0.000000,0.000000,0.000000,0.000000,0.000000,0.000000,0.000000,0.000000,0.000000,6.672640,-3.244742,-6.072893,-0.001243,-0.003462,0.008877,bmi088,0.014944903499781503,"[[0.00346210941710301,-0.003994741635118857,0.010120012142301106],[0.0005326322180158477,-0.003728425526110934,0.009587379924285258],[-0.001864212763055467,-0.003994741635118857,0.009587379924285258],[-0.00346210941710301,-0.003728425526110934,0.009587379924285258],[-0.003728425526110934,-0.0029294771990871623,0.00825579937924564],[-0.0023968449810713144,-0.0023968449810713144,0.006125270507182248]]",1074.8966016489999,1074.8976868775,21.875,276419,"[1807, 3716, -3382]","[[15, 13, 38], [14, 2, 36], [15, -7, 36], [14, -13, 36], [11, -14, 31], [9, -9, 23]]"
10.391960,10.810820,body,0.000000,0.000000,0.000000,0.000000,0.000000,0.000000,0.000000,0.000000,0.000000,0.000000,0.000000,0.000000,6.697779,-3.280655,-6.099827,-0.001651,-0.004953,0.006232,bmi088,0.013083994499993423,"[[-0.0010652644360316954,-0.003195793308095086,0.005060006071150553],[-0.0005326322180158477,-0.004793689962142629,0.005858954398174325],[-0.0007989483270237715,-0.0055926382891664005,0.006125270507182248],[-0.0023968449810713144,-0.005858954398174325,0.006657902725198096],[-0.00346210941710301,-0.005326322180158476,0.007456851052221868]]",1074.9096856434999,1074.9107462315,21.875,276757,"[1827, 3730, -3397]","[[12, -4, 19], [18, -2, 22], [21, -3, 23], [22, -9, 25], [20, -13, 28]]"
10.403993,10.822930,body,0.000000,0.000000,0.000000,0.000000,0.000000,0.000000,0.000000,0.000000,0.000000,0.000000,0.000000,0.000000,6.690597,-3.275268,-6.065710,-0.003356,-0.000000,0.007883,bmi088,0.011949164000270684,"[[-0.004527373853134706,-0.003728425526110934,0.007989483270237714],[-0.004261057744126781,-0.0021305288720633907,0.007190534943213944],[-0.004527373853134706,-0.00026631610900792384,0.008522115488253563],[-0.0023968449810713144,0.001331580545039619,0.008522115488253563],[-0.0010652644360316954,0.004793689962142629,0.007190534943213944]]",1074.9216348075001,1074.9227072674998,21.875,277067,"[1824, 3726, -3378]","[[14, -17, 30], [8, -16, 27], [1, -17, 32], [-5, -9, 32], [-18, -4, 27]]"
10.416285,10.839023,body,0.000000,0.000000,0.000000,0.000000,0.000000,0.000000,0.000000,0.000000,0.000000,0.000000,0.000000,0.000000,6.672640,-3.298611,-6.060323,0.000932,0.005859,-0.001642,bmi088,0.015765560999852823,"[[0.0,0.005858954398174325,0.003195793308095086],[0.0,0.00692421883420602,0.00026631610900792384],[0.0010652644360316954,0.0055926382891664005,-0.0010652644360316954],[0.002663161090079238,0.005858954398174325,-0.0021305288720633907],[0.001864212763055467,0.0055926382891664005,-0.003728425526110934],[0.0,0.005326322180158476,-0.006391586616190172]]",1074.9374003685,1074.938596594,21.875,277479,"[1837, 3716, -3375]","[[-22, 0, 12], [-26, 0, 1], [-21, 4, -4], [-22, 10, -8], [-21, 7, -14], [-20, 0, -24]]"
10.432539,10.851836,body,0.000000,0.000000,0.000000,0.000000,0.000000,0.000000,0.000000,0.000000,0.000000,0.000000,0.000000,0.000000,6.678027,-3.259107,-6.076484,0.003728,0.004314,-0.010759,bmi088,0.012834544500037737,"[[-0.0007989483270237715,0.005060006071150553,-0.009054747706269411],[0.001597896654047543,0.004261057744126781,-0.009853696033293183],[0.004527373853134706,0.004261057744126781,-0.01038632825130903],[0.00692421883420602,0.004261057744126781,-0.011451592687340724],[0.006391586616190172,0.003728425526110934,-0.013049489341388268]]",1074.950234913,1074.9512975165,21.875,277807,"[1815, 3719, -3384]","[[-19, -3, -34], [-16, 6, -37], [-16, 17, -39], [-16, 26, -43], [-14, 24, -49]]"
10.444601,10.866172,body,0.000000,0.000000,0.000000,0.000000,0.000000,0.000000,0.000000,0.000000,0.000000,0.000000,0.000000,0.000000,6.669049,-3.259107,-6.076484,0.003515,0.001491,-0.007297,bmi088,0.012033231499799513,"[[0.004793689962142629,0.0023968449810713144,-0.012516857123372421],[0.003195793308095086,0.001331580545039619,-0.01038632825130903],[0.0029294771990871623,0.001597896654047543,-0.00692421883420602],[0.003195793308095086,0.001597896654047543,-0.004527373853134706],[0.00346210941710301,0.0005326322180158477,-0.0021305288720633907]]",1074.9622681444998,1074.964414473,21.875,278174,"[1815, 3714, -3384]","[[-9, 18, -47], [-5, 12, -39], [-6, 11, -26], [-6, 12, -17], [-2, 13, -8]]"
10.457620,10.879297,body,0.000000,0.000000,0.000000,0.000000,0.000000,0.000000,0.000000,0.000000,0.000000,0.000000,0.000000,0.000000,6.672640,-3.241150,-6.105214,0.003684,-0.001687,-0.000311,bmi088,0.015135359000169046,"[[0.004261057744126781,-0.001331580545039619,0.0005326322180158477],[0.004793689962142629,-0.0021305288720633907,0.001597896654047543],[0.004793689962142629,-0.0023968449810713144,0.001864212763055467],[0.003728425526110934,-0.001864212763055467,-0.00026631610900792384],[0.002663161090079238,-0.001331580545039619,-0.0023968449810713144],[0.001864212763055467,-0.0010652644360316954,-0.003195793308095086]]",1074.9774035035,1074.9784739155,21.875,278510,"[1805, 3716, -3400]","[[5, 16, 2], [8, 18, 6], [9, 18, 7], [7, 14, -1], [5, 10, -9], [4, 7, -12]]"
10.473075,10.892930,body,0.000000,0.000000,0.000000,0.000000,0.000000,0.000000,0.000000,0.000000,0.000000,0.000000,0.000000,0.000000,6.663662,-3.250129,-6.058527,0.000311,-0.003418,-0.001287,bmi088,0.01345840999988468,"[[0.001864212763055467,-0.001864212763055467,-0.0023968449810713144],[0.0010652644360316954,-0.002663161090079238,-0.001597896654047543],[-0.0005326322180158477,-0.004261057744126781,-0.002663161090079238],[-0.001597896654047543,-0.003994741635118857,-0.0021305288720633907],[-0.00026631610900792384,-0.004261057744126781,-0.001331580545039619],[0.001331580545039619,-0.00346210941710301,0.0023968449810713144]]",1074.9908619134999,1074.9919458939999,21.875,278859,"[1810, 3711, -3374]","[[7, 7, -9], [10, 4, -6], [16, -2, -10], [15, -6, -8], [16, -1, -5], [13, 5, 9]]"
10.486134,10.908242,body,0.000000,0.000000,0.000000,0.000000,0.000000,0.000000,0.000000,0.000000,0.000000,0.000000,0.000000,0.000000,6.679823,-3.255516,-6.069301,-0.003373,-0.005282,0.007989,bmi088,0.015095709500201338,"[[0.00026631610900792384,-0.004261057744126781,0.005858954398174325],[-0.0021305288720633907,-0.004793689962142629,0.009587379924285258],[-0.003994741635118857,-0.006391586616190172,0.009853696033293183],[-0.004261057744126781,-0.006125270507182248,0.007989483270237714],[-0.004793689962142629,-0.005858954398174325,0.007456851052221868],[-0.005326322180158476,-0.004261057744126781,0.007190534943213944]]",1075.005957623,1075.0070871415,21.875,279251,"[1813, 3720, -3380]","[[16, 1, 22], [18, -8, 36], [24, -15, 37], [23, -16, 30], [22, -18, 28], [16, -20, 27]]"
10.500348,10.920039,body,0.000000,0.000000,0.000000,0.000000,0.000000,0.000000,0.000000,0.000000,0.000000,0.000000,0.000000,0.000000,6.674436,-3.268085,-6.076484,-0.004261,-0.004128,0.007790,bmi088,0.012014846499823761,"[[-0.006657902725198096,-0.003728425526110934,0.00825579937924564],[-0.0055926382891664005,-0.003728425526110934,0.00692421883420602],[-0.003728425526110934,-0.004261057744126781,0.007989483270237714],[-0.0010652644360316954,-0.004793689962142629,0.007989483270237714]]",1075.0179724695,1075.0187788865,21.875,279553,"[1820, 3717, -3384]","[[14, -25, 31], [14, -21, 26], [16, -14, 30], [18, -4, 30]]"
10.512205,10.932422,body,0.000000,0.000000,0.000000,0.000000,0.000000,0.000000,0.000000,0.000000,0.000000,0.000000,0.000000,0.000000,6.681618,-3.246537,-6.069301,0.000320,-0.004314,0.004155,bmi088,0.0118895615000838,"[[0.0007989483270237715,-0.004261057744126781,0.007190534943213944],[0.001331580545039619,-0.004261057744126781,0.005060006071150553],[0.0010652644360316954,-0.003994741635118857,0.002663161090079238],[-0.0005326322180158477,-0.004527373853134706,0.0029294771990871623],[-0.0010652644360316954,-0.004527373853134706,0.0029294771990871623]]",1075.029862031,1075.031226935,21.875,279870,"[1808, 3721, -3380]","[[16, 3, 27], [16, 5, 19], [15, 4, 10], [17, -2, 11], [17, -4, 11]]"
10.525651,10.948125,body,0.000000,0.000000,0.000000,0.000000,0.000000,0.000000,0.000000,0.000000,0.000000,0.000000,0.000000,0.000000,6.672640,-3.260903,-6.076484,0.003950,-0.004927,-0.002308,bmi088,0.014539271000103327,"[[0.001331580545039619,-0.004527373853134706,0.0029294771990871623],[0.004527373853134706,-0.005060006071150553,0.0005326322180158477],[0.0055926382891664005,-0.005060006071150553,-0.001864212763055467],[0.005060006071150553,-0.0055926382891664005,-0.00346210941710301],[0.00346210941710301,-0.004527373853134706,-0.005858954398174325],[0.003728425526110934,-0.004793689962142629,-0.006125270507182248]]",1075.044401302,1075.0465720315,21.875,280272,"[1816, 3716, -3384]","[[17, 5, 11], [19, 17, 2], [19, 21, -7], [21, 19, -13], [17, 13, -22], [18, 14, -23]]"
10.537870,10.960313,body,0.000000,0.000000,0.000000,0.000000,0.000000,0.000000,0.000000,0.000000,0.000000,0.000000,0.000000,0.000000,6.688801,-3.259107,-6.067506,0.003196,-0.003888,-0.000959,bmi088,0.013111547499875087,"[[0.003728425526110934,-0.004793689962142629,-0.005326322180158476],[0.003728425526110934,-0.005858954398174325,-0.002663161090079238],[0.002663161090079238,-0.004261057744126781,-0.00026631610900792384],[0.002663161090079238,-0.0029294771990871623,0.0007989483270237715],[0.003195793308095086,-0.001597896654047543,0.002663161090079238]]",1075.0575128495,1075.0585865895,21.875,280584,"[1815, 3725, -3379]","[[18, 14, -20], [22, 14, -10], [16, 10, -1], [11, 10, 3], [6, 12, 10]]"
10.551672,10.972695,body,0.000000,0.000000,0.000000,0.000000,0.000000,0.000000,0.000000,0.000000,0.000000,0.000000,0.000000,0.000000,6.697779,-3.260903,-6.056732,0.001917,-0.004048,-0.001864,bmi088,0.012249816499888766,"[[0.004261057744126781,-0.0023968449810713144,0.001864212763055467],[0.003728425526110934,-0.003195793308095086,0.0010652644360316954],[0.001864212763055467,-0.004527373853134706,-0.001597896654047543],[0.00026631610900792384,-0.005326322180158476,-0.003994741635118857],[-0.0005326322180158477,-0.004793689962142629,-0.006657902725198096]]",1075.0697626659999,1075.0708437025,21.875,280901,"[1816, 3730, -3373]","[[9, 16, 7], [12, 14, 4], [17, 7, -6], [20, 1, -15], [18, -2, -25]]"
10.564473,10.984961,body,0.000000,0.000000,0.000000,0.000000,0.000000,0.000000,0.000000,0.000000,0.000000,0.000000,0.000000,0.000000,6.679823,-3.271677,-6.099827,0.000479,-0.005433,-0.006977,bmi088,0.012217095000096378,"[[-0.0005326322180158477,-0.003994741635118857,-0.009587379924285258],[-0.0007989483270237715,-0.003728425526110934,-0.01038632825130903],[0.0,-0.004793689962142629,-0.009321063815277334],[0.001331580545039619,-0.006657902725198096,-0.005326322180158476],[0.0023968449810713144,-0.007989483270237714,-0.00026631610900792384]]",1075.081979761,1075.0829673535,21.875,281215,"[1822, 3720, -3397]","[[15, -2, -36], [14, -3, -39], [18, 0, -35], [25, 5, -20], [30, 9, -1]]"
10.576974,11.000000,body,0.000000,0.000000,0.000000,0.000000,0.000000,0.000000,0.000000,0.000000,0.000000,0.000000,0.000000,0.000000,6.701370,-3.248333,-6.074688,-0.000666,-0.004483,0.009898,bmi088,0.014774768500046775,"[[0.001331580545039619,-0.007456851052221868,0.005326322180158476],[0.0,-0.006391586616190172,0.008788431597261486],[0.00026631610900792384,-0.005326322180158476,0.010918960469324878],[0.0005326322180158477,-0.004261057744126781,0.011451592687340724],[-0.0010652644360316954,-0.0029294771990871623,0.012250541014364496],[-0.005060006071150553,-0.0005326322180158477,0.010652644360316953]]",1075.0967545295,1075.09784675,21.875,281600,"[1809, 3732, -3383]","[[28, 5, 20], [24, 0, 33], [20, 1, 41], [16, 2, 43], [11, -4, 46], [2, -19, 40]]"
10.592018,11.013047,body,0.000000,0.000000,0.000000,0.000000,0.000000,0.000000,0.000000,0.000000,0.000000,0.000000,0.000000,0.000000,6.701370,-3.291429,-6.060323,-0.005859,0.000746,0.001225,bmi088,0.012927492000017082,"[[-0.007989483270237714,0.0010652644360316954,0.007989483270237714],[-0.007456851052221868,0.0029294771990871623,0.005326322180158476],[-0.005326322180158476,0.001864212763055467,0.0029294771990871623],[-0.003728425526110934,0.0,-0.001597896654047543],[-0.004793689962142629,-0.0021305288720633907,-0.008522115488253563]]",1075.1096820215,1075.1107577614998,21.875,281934,"[1833, 3732, -3375]","[[-4, -30, 30], [-11, -28, 20], [-7, -20, 11], [0, -14, -6], [8, -18, -32]]"
10.603917,11.025039,body,0.000000,0.000000,0.000000,0.000000,0.000000,0.000000,0.000000,0.000000,0.000000,0.000000,0.000000,0.000000,6.667253,-3.248333,-6.056732,-0.000479,-0.004261,-0.011132,bmi088,0.011876024999992296,"[[-0.005326322180158476,-0.003195793308095086,-0.013582121559404116],[-0.004527373853134706,-0.00346210941710301,-0.014913702104443736],[-0.0007989483270237715,-0.004261057744126781,-0.012250541014364496],[0.0029294771990871623,-0.004793689962142629,-0.009321063815277334],[0.005326322180158476,-0.0055926382891664005,-0.0055926382891664005]]",1075.1215580465,1075.1226210660002,21.875,282241,"[1809, 3713, -3373]","[[12, -20, -51], [13, -17, -56], [16, -3, -46], [18, 11, -35], [21, 20, -21]]"
10.616797,11.041250,body,0.000000,0.000000,0.000000,0.000000,0.000000,0.000000,0.000000,0.000000,0.000000,0.000000,0.000000,0.000000,6.710349,-3.259107,-6.090849,0.005326,-0.009410,0.007412,bmi088,0.015979954000158614,"[[0.005326322180158476,-0.007456851052221868,-0.001331580545039619],[0.006391586616190172,-0.008788431597261486,0.0023968449810713144],[0.00692421883420602,-0.01038632825130903,0.006125270507182248],[0.006657902725198096,-0.010918960469324878,0.009054747706269411],[0.004261057744126781,-0.010120012142301106,0.012783173232380344],[0.0023968449810713144,-0.008788431597261486,0.015446334322459582]]",1075.1375380005002,1075.1386390369998,21.875,282656,"[1815, 3737, -3392]","[[28, 20, -5], [33, 24, 9], [39, 26, 23], [41, 25, 34], [38, 16, 48], [33, 9, 58]]"
10.632206,11.053789,body,0.000000,0.000000,0.000000,0.000000,0.000000,0.000000,0.000000,0.000000,0.000000,0.000000,0.000000,0.000000,6.687005,-3.241150,-6.087258,-0.004634,-0.006179,0.011984,bmi088,0.01243435149990546,"[[0.0005326322180158477,-0.006657902725198096,0.01597896654047543],[-0.001864212763055467,-0.006391586616190172,0.014913702104443736],[-0.0055926382891664005,-0.005858954398174325,0.012783173232380344],[-0.008522115488253563,-0.006391586616190172,0.010120012142301106],[-0.007723167161229791,-0.0055926382891664005,0.006125270507182248]]",1075.149972352,1075.151040988,21.875,282977,"[1805, 3724, -3390]","[[25, 2, 60], [24, -7, 56], [22, -21, 48], [24, -32, 38], [21, -29, 23]]"
10.644098,11.065742,body,0.000000,0.000000,0.000000,0.000000,0.000000,0.000000,0.000000,0.000000,0.000000,0.000000,0.000000,0.000000,6.683414,-3.248333,-6.069301,-0.002663,0.000639,-0.005699,bmi088,0.011784885499992015,"[[-0.004261057744126781,-0.003994741635118857,0.0010652644360316954],[-0.0023968449810713144,-0.001597896654047543,-0.003195793308095086],[-0.001864212763055467,0.001331580545039619,-0.007190534943213944],[-0.002663161090079238,0.003195793308095086,-0.009054747706269411],[-0.0021305288720633907,0.004261057744126781,-0.010120012142301106]]",1075.1617572375,1075.1628548025,21.875,283283,"[1809, 3722, -3380]","[[15, -16, 4], [6, -9, -12], [-5, -7, -27], [-12, -10, -34], [-16, -8, -38]]"
10.656733,11.078477,body,0.000000,0.000000,0.000000,0.000000,0.000000,0.000000,0.000000,0.000000,0.000000,0.000000,0.000000,0.000000,6.670844,-3.269881,-6.083666,0.001225,0.000905,-0.002823,bmi088,0.012669145000018034,"[[-0.001331580545039619,0.004261057744126781,-0.009321063815277334],[0.0007989483270237715,0.001597896654047543,-0.00692421883420602],[0.002663161090079238,0.00026631610900792384,-0.003195793308095086],[0.0029294771990871623,-0.0010652644360316954,0.0010652644360316954],[0.0010652644360316954,-0.0005326322180158477,0.004261057744126781]]",1075.1744263825,1075.175475866,21.875,283609,"[1821, 3715, -3388]","[[-16, -5, -35], [-6, 3, -26], [-1, 10, -12], [4, 11, 4], [2, 4, 16]]"
10.667000,11.088867,body,0.000000,0.000000,0.000000,0.000000,0.000000,0.000000,0.000000,0.000000,0.000000,0.000000,0.000000,0.000000,6.687005,-3.268085,-6.094440,-0.000399,-0.001931,0.008322,bmi088,0.010287800000014613,"[[0.0,-0.001331580545039619,0.007190534943213944],[-0.0005326322180158477,-0.001864212763055467,0.008522115488253563],[-0.00026631610900792384,-0.0023968449810713144,0.009321063815277334],[-0.0007989483270237715,-0.0021305288720633907,0.00825579937924564]]",1075.1847141825,1075.1857653134998,21.875,283875,"[1820, 3724, -3394]","[[5, 0, 27], [7, -2, 32], [9, -1, 35], [8, -3, 31]]"
10.677073,11.099805,body,0.000000,0.000000,0.000000,0.000000,0.000000,0.000000,0.000000,0.000000,0.000000,0.000000,0.000000,0.000000,6.690597,-3.266290,-6.069301,0.000999,0.001065,0.005260,bmi088,0.010699896499772876,"[[-0.0005326322180158477,-0.0010652644360316954,0.007989483270237714],[-0.00026631610900792384,0.0005326322180158477,0.007190534943213944],[0.001597896654047543,0.001864212763055467,0.004793689962142629],[0.003195793308095086,0.0029294771990871623,0.0010652644360316954]]",1075.1954140789999,1075.19655627,21.875,284155,"[1819, 3726, -3380]","[[4, -2, 30], [-2, -1, 27], [-7, 6, 18], [-11, 12, 4]]"
10.687344,11.109531,body,0.000000,0.000000,0.000000,0.000000,0.000000,0.000000,0.000000,0.000000,0.000000,0.000000,0.000000,0.000000,6.674436,-3.246537,-6.051345,0.008655,0.005260,-0.006458,bmi088,0.009678238500100633,"[[0.006391586616190172,0.003994741635118857,-0.002663161090079238],[0.008788431597261486,0.005326322180158476,-0.0055926382891664005],[0.010120012142301106,0.006125270507182248,-0.007456851052221868],[0.009321063815277334,0.0055926382891664005,-0.010120012142301106]]",1075.2050923175,1075.2061622649999,21.875,284404,"[1808, 3717, -3370]","[[-15, 24, -10], [-20, 33, -21], [-23, 38, -28], [-21, 35, -38]]"
10.697414,11.119375,body,0.000000,0.000000,0.000000,0.000000,0.000000,0.000000,0.000000,0.000000,0.000000,0.000000,0.000000,0.000000,6.669049,-3.289633,-6.058527,0.001198,0.000200,-0.011585,bmi088,0.010026924999920084,"[[0.00692421883420602,0.003195793308095086,-0.010918960469324878],[0.003195793308095086,0.0007989483270237715,-0.012250541014364496],[-0.001331580545039619,-0.001331580545039619,-0.012516857123372421],[-0.003994741635118857,-0.001864212763055467,-0.010652644360316953]]",1075.2151192425,1075.2159159950002,21.875,284656,"[1832, 3714, -3374]","[[-12, 26, -41], [-3, 12, -46], [5, -5, -47], [7, -15, -40]]"
10.707415,11.129453,body,0.000000,0.000000,0.000000,0.000000,0.000000,0.000000,0.000000,0.000000,0.000000,0.000000,0.000000,0.000000,6.676231,-3.251924,-6.087258,0.002929,-0.000732,0.008655,bmi088,0.009954633500001364,"[[-0.0029294771990871623,-0.001331580545039619,-0.004793689962142629],[0.001597896654047543,-0.0005326322180158477,0.005060006071150553],[0.005060006071150553,-0.00026631610900792384,0.014114753777419964],[0.007989483270237714,-0.0007989483270237715,0.020240024284602212]]",1075.225073876,1075.225882229,21.875,284914,"[1811, 3718, -3390]","[[5, -11, -18], [2, 6, 19], [1, 19, 53], [3, 30, 76]]"
10.718160,11.140469,body,0.000000,0.000000,0.000000,0.000000,0.000000,0.000000,0.000000,0.000000,0.000000,0.000000,0.000000,0.000000,6.633136,-3.244742,-6.081871,0.006285,-0.001438,0.006338,bmi088,0.010744554499979131,"[[0.008788431597261486,-0.0005326322180158477,0.021305288720633905],[0.009054747706269411,0.0005326322180158477,0.017044230976507126],[0.006657902725198096,-0.00026631610900792384,0.007989483270237714],[0.004793689962142629,-0.002663161090079238,-0.002663161090079238],[0.0021305288720633907,-0.004261057744126781,-0.011984224905356573]]",1075.2358184304999,1075.2368037985,21.875,285196,"[1807, 3694, -3387]","[[2, 33, 80], [-2, 34, 64], [1, 25, 30], [10, 18, -10], [16, 8, -45]]"
10.728234,11.150664,body,0.000000,0.000000,0.000000,0.000000,0.000000,0.000000,0.000000,0.000000,0.000000,0.000000,0.000000,0.000000,6.669049,-3.286042,-6.065710,0.001731,-0.006192,-0.013249,bmi088,0.010033853000095405,"[[0.0010652644360316954,-0.004527373853134706,-0.016245282649483356],[0.0010652644360316954,-0.006125270507182248,-0.017576863194522972],[0.001864212763055467,-0.007456851052221868,-0.013315805450396193],[0.0029294771990871623,-0.006657902725198096,-0.005858954398174325]]",1075.2458522835,1075.2468490444999,21.875,285457,"[1830, 3714, -3378]","[[17, 4, -61], [23, 4, -66], [28, 7, -50], [25, 11, -22]]"
10.738231,11.160742,body,0.000000,0.000000,0.000000,0.000000,0.000000,0.000000,0.000000,0.000000,0.000000,0.000000,0.000000,0.000000,6.685210,-3.253720,-6.076484,0.002996,-0.000399,0.016312,bmi088,0.00999701950013332,"[[0.003195793308095086,-0.0023968449810713144,0.00346210941710301],[0.003994741635118857,0.0007989483270237715,0.013315805450396193],[0.003195793308095086,0.001331580545039619,0.021837920938649755],[0.001597896654047543,-0.001331580545039619,0.026631610900792385]]",1075.255849303,1075.256847392,21.875,285715,"[1812, 3723, -3384]","[[9, 12, 13], [-3, 15, 50], [-5, 12, 82], [5, 6, 100]]"
10.748456,11.171016,body,0.000000,0.000000,0.000000,0.000000,0.000000,0.000000,0.000000,0.000000,0.000000,0.000000,0.000000,0.000000,6.694188,-3.251924,-6.108806,-0.000399,-0.001531,0.014647,bmi088,0.010212212499936868,"[[-0.0005326322180158477,-0.0023968449810713144,0.026098978682776535],[-0.0007989483270237715,-0.001864212763055467,0.01944107595757844],[-0.0005326322180158477,-0.0005326322180158477,0.011185276578332801],[0.00026631610900792384,-0.001331580545039619,0.001864212763055467]]",1075.2660615155,1075.2670138265,21.875,285978,"[1811, 3728, -3402]","[[9, -2, 98], [7, -3, 73], [2, -2, 42], [5, 1, 7]]"
10.758528,11.181094,body,0.000000,0.000000,0.000000,0.000000,0.000000,0.000000,0.000000,0.000000,0.000000,0.000000,0.000000,0.000000,6.694188,-3.271677,-6.092645,0.000399,-0.000333,-0.009521,bmi088,0.009853845499947056,"[[0.0010652644360316954,-0.0021305288720633907,-0.0055926382891664005],[0.0010652644360316954,-0.001597896654047543,-0.010918960469324878],[0.0,-0.00026631610900792384,-0.011451592687340724],[-0.0005326322180158477,0.002663161090079238,-0.010120012142301106]]",1075.275915361,1075.2769667325001,21.875,286236,"[1822, 3728, -3393]","[[8, 4, -21], [6, 4, -41], [1, 0, -43], [-10, -2, -38]]"
10.768524,11.191289,body,0.000000,0.000000,0.000000,0.000000,0.000000,0.000000,0.000000,0.000000,0.000000,0.000000,0.000000,0.000000,6.679823,-3.253720,-6.071097,0.005792,0.006125,-0.002996,bmi088,0.0102921510001579,"[[0.0010652644360316954,0.004261057744126781,-0.007190534943213944],[0.003994741635118857,0.006125270507182248,-0.003994741635118857],[0.007456851052221868,0.007190534943213944,-0.001331580545039619],[0.010652644360316953,0.00692421883420602,0.0005326322180158477]]",1075.2862075120001,1075.2870388105,21.875,286497,"[1812, 3720, -3381]","[[-16, 4, -27], [-23, 15, -15], [-27, 28, -5], [-26, 40, 2]]"
10.778529,11.202813,body,0.000000,0.000000,0.000000,0.000000,0.000000,0.000000,0.000000,0.000000,0.000000,0.000000,0.000000,0.000000,6.647501,-3.269881,-6.058527,0.008123,0.002863,-0.007390,bmi088,0.011136968999835517,"[[0.011451592687340724,0.005858954398174325,-0.001597896654047543],[0.009587379924285258,0.00346210941710301,-0.004793689962142629],[0.006657902725198096,0.0023968449810713144,-0.009853696033293183],[0.004793689962142629,-0.00026631610900792384,-0.013315805450396193]]",1075.297344481,1075.2984493905,21.875,286792,"[1821, 3702, -3374]","[[-22, 43, -6], [-13, 36, -18], [-9, 25, -37], [1, 18, -50]]"
10.789493,11.212539,body,0.000000,0.000000,0.000000,0.000000,0.000000,0.000000,0.000000,0.000000,0.000000,0.000000,0.000000,0.000000,6.688801,-3.264494,-6.049549,0.006591,-0.001798,-0.012184,bmi088,0.009644940500038501,"[[0.005060006071150553,-0.0010652644360316954,-0.015180018213451659],[0.005858954398174325,-0.001597896654047543,-0.014381069886427887],[0.007456851052221868,-0.001597896654047543,-0.01171790879634865],[0.007989483270237714,-0.0029294771990871623,-0.007456851052221868]]",1075.3069894215,1075.3080495610002,21.875,287041,"[1818, 3725, -3369]","[[4, 19, -57], [6, 22, -54], [6, 28, -44], [11, 30, -28]]"
10.799561,11.222656,body,0.000000,0.000000,0.000000,0.000000,0.000000,0.000000,0.000000,0.000000,0.000000,0.000000,0.000000,0.000000,6.654684,-3.242946,-6.071097,0.002663,-0.002996,0.000200,bmi088,0.010034171500137745,"[[0.006391586616190172,-0.003728425526110934,-0.003195793308095086],[0.003728425526110934,-0.003994741635118857,-0.00026631610900792384],[0.0007989483270237715,-0.002663161090079238,0.001597896654047543],[-0.00026631610900792384,-0.001597896654047543,0.002663161090079238]]",1075.3170235930002,1075.3180804845001,21.875,287300,"[1806, 3706, -3381]","[[14, 24, -12], [15, 14, -1], [10, 3, 6], [6, -1, 10]]"
10.809564,11.233555,body,0.000000,0.000000,0.000000,0.000000,0.000000,0.000000,0.000000,0.000000,0.000000,0.000000,0.000000,0.000000,6.665457,-3.273472,-6.065710,-0.001664,-0.003995,0.002064,bmi088,0.010688678999940748,"[[-0.0010652644360316954,-0.001864212763055467,0.003195793308095086],[-0.001331580545039619,-0.00346210941710301,0.0029294771990871623],[-0.001864212763055467,-0.005060006071150553,0.001331580545039619],[-0.0023968449810713144,-0.0055926382891664005,0.0007989483270237715]]",1075.327712272,1075.328858783,21.875,287579,"[1823, 3712, -3378]","[[7, -4, 12], [13, -5, 11], [19, -7, 5], [21, -9, 3]]"
10.820641,11.244453,body,0.000000,0.000000,0.000000,0.000000,0.000000,0.000000,0.000000,0.000000,0.000000,0.000000,0.000000,0.000000,6.665457,-3.260903,-6.062119,-0.000746,-0.006392,0.001332,bmi088,0.010831005000000005,"[[-0.001864212763055467,-0.005326322180158476,-0.00026631610900792384],[-0.00026631610900792384,-0.006125270507182248,0.0],[0.0007989483270237715,-0.006391586616190172,0.0],[-0.00026631610900792384,-0.00692421883420602,0.0021305288720633907],[-0.0021305288720633907,-0.007190534943213944,0.004793689962142629]]",1075.338543277,1075.339646506,21.875,287858,"[1816, 3712, -3376]","[[20, -7, -1], [23, -1, 0], [24, 3, 0], [26, -1, 8], [27, -8, 18]]"
10.830908,11.254727,body,0.000000,0.000000,0.000000,0.000000,0.000000,0.000000,0.000000,0.000000,0.000000,0.000000,0.000000,0.000000,6.695983,-3.257311,-6.083666,-0.003995,-0.005926,0.011851,bmi088,0.010179569499996433,"[[-0.0029294771990871623,-0.007989483270237714,0.008788431597261486],[-0.0023968449810713144,-0.00692421883420602,0.011185276578332801],[-0.003994741635118857,-0.005060006071150553,0.013315805450396193],[-0.006657902725198096,-0.003728425526110934,0.014114753777419964]]",1075.3487228465,1075.349787674,21.875,288121,"[1814, 3729, -3388]","[[30, -11, 33], [26, -9, 42], [19, -15, 50], [14, -25, 53]]"
10.840980,11.265508,body,0.000000,0.000000,0.000000,0.000000,0.000000,0.000000,0.000000,0.000000,0.000000,0.000000,0.000000,0.000000,6.701370,-3.277064,-6.098032,-0.005726,-0.003329,0.008522,bmi088,0.010654005499873165,"[[-0.008522115488253563,-0.003195793308095086,0.012516857123372421],[-0.00692421883420602,-0.003195793308095086,0.010120012142301106],[-0.004527373853134706,-0.003195793308095086,0.006657902725198096],[-0.0029294771990871623,-0.003728425526110934,0.004793689962142629]]",1075.359376852,1075.3604714885,21.875,288397,"[1825, 3732, -3396]","[[12, -32, 47], [12, -26, 38], [12, -17, 25], [14, -11, 18]]"
10.852223,11.276211,body,0.000000,0.000000,0.000000,0.000000,0.000000,0.000000,0.000000,0.000000,0.000000,0.000000,0.000000,0.000000,6.688801,-3.262698,-6.092645,-0.001398,-0.001864,-0.003196,bmi088,0.010594674499998291,"[[-0.0023968449810713144,-0.003994741635118857,0.001864212763055467],[-0.0010652644360316954,-0.0029294771990871623,-0.001331580545039619],[-0.001331580545039619,-0.0007989483270237715,-0.005326322180158476],[-0.0007989483270237715,0.00026631610900792384,-0.007989483270237714]]",1075.3699715265,1075.3710340505,21.875,288671,"[1817, 3725, -3393]","[[15, -9, 7], [11, -4, -5], [3, -5, -20], [-1, -3, -30]]"
10.862459,11.286484,body,0.000000,0.000000,0.000000,0.000000,0.000000,0.000000,0.000000,0.000000,0.000000,0.000000,0.000000,0.000000,6.663662,-3.269881,-6.078279,0.002929,0.001265,-0.007523,bmi088,0.010222756000075606,"[[0.0005326322180158477,0.00026631610900792384,-0.008522115488253563],[0.00346210941710301,0.0007989483270237715,-0.00825579937924564],[0.003994741635118857,0.0021305288720633907,-0.007190534943213944],[0.003728425526110934,0.001864212763055467,-0.006125270507182248]]",1075.3801942825,1075.381229397,21.875,288934,"[1821, 3711, -3385]","[[-1, 2, -32], [-3, 13, -31], [-8, 15, -27], [-7, 14, -23]]"
10.872532,11.297539,body,0.000000,0.000000,0.000000,0.000000,0.000000,0.000000,0.000000,0.000000,0.000000,0.000000,0.000000,0.000000,6.667253,-3.269881,-6.067506,0.002929,-0.001278,-0.001598,bmi088,0.01053129649994844,"[[0.003728425526110934,0.0010652644360316954,-0.003195793308095086],[0.004261057744126781,0.00026631610900792384,-0.001331580545039619],[0.004793689962142629,-0.0007989483270237715,0.0],[0.002663161090079238,-0.0023968449810713144,-0.0010652644360316954],[-0.0007989483270237715,-0.004527373853134706,-0.0023968449810713144]]",1075.390725579,1075.3921510135,21.875,289217,"[1821, 3713, -3379]","[[-4, 14, -12], [-1, 16, -5], [3, 18, 0], [9, 10, -4], [17, -3, -9]]"
10.883323,11.307578,body,0.000000,0.000000,0.000000,0.000000,0.000000,0.000000,0.000000,0.000000,0.000000,0.000000,0.000000,0.000000,6.651092,-3.287837,-6.054936,-0.005659,-0.004328,-0.004261,bmi088,0.010323639499802084,"[[-0.004527373853134706,-0.004527373853134706,-0.003994741635118857],[-0.006125270507182248,-0.004261057744126781,-0.004527373853134706],[-0.006125270507182248,-0.004261057744126781,-0.004793689962142629],[-0.005858954398174325,-0.004261057744126781,-0.003728425526110934]]",1075.4010492184998,1075.402086445,21.875,289474,"[1831, 3704, -3372]","[[17, -17, -15], [16, -23, -17], [16, -23, -18], [16, -22, -14]]"
10.893392,11.317773,body,0.000000,0.000000,0.000000,0.000000,0.000000,0.000000,0.000000,0.000000,0.000000,0.000000,0.000000,0.000000,6.651092,-3.266290,-6.069301,-0.004993,-0.004461,0.000000,bmi088,0.00998522600002616,"[[-0.005858954398174325,-0.004527373853134706,-0.002663161090079238],[-0.005326322180158476,-0.004527373853134706,-0.0007989483270237715],[-0.005060006071150553,-0.004261057744126781,0.001331580545039619],[-0.003728425526110934,-0.004527373853134706,0.0021305288720633907]]",1075.4110344444998,1075.412119129,21.875,289735,"[1819, 3704, -3380]","[[17, -22, -10], [17, -20, -3], [16, -19, 5], [17, -14, 8]]"
10.903392,11.327852,body,0.000000,0.000000,0.000000,0.000000,0.000000,0.000000,0.000000,0.000000,0.000000,0.000000,0.000000,0.000000,6.683414,-3.259107,-6.063914,-0.008322,-0.007191,0.000133,bmi088,0.010033644000031927,"[[-0.004793689962142629,-0.004527373853134706,0.0010652644360316954],[-0.00692421883420602,-0.006391586616190172,0.00026631610900792384],[-0.010120012142301106,-0.008522115488253563,-0.0007989483270237715],[-0.011451592687340724,-0.009321063815277334,0.0]]",1075.4210680884999,1075.4221237955,21.875,289993,"[1815, 3722, -3377]","[[17, -18, 4], [24, -26, 1], [32, -38, -3], [35, -43, 0]]"
10.914456,11.339141,body,0.000000,0.000000,0.000000,0.000000,0.000000,0.000000,0.000000,0.000000,0.000000,0.000000,0.000000,0.000000,6.703166,-3.266290,-6.085462,-0.005726,-0.006724,0.004727,bmi088,0.011147241500111704,"[[-0.010120012142301106,-0.007723167161229791,0.00026631610900792384],[-0.006657902725198096,-0.006391586616190172,0.00346210941710301],[-0.003728425526110934,-0.006125270507182248,0.006125270507182248],[-0.0023968449810713144,-0.006657902725198096,0.009054747706269411]]",1075.43221533,1075.4332965419999,21.875,290282,"[1819, 3733, -3389]","[[29, -38, 1], [24, -25, 13], [23, -14, 23], [25, -9, 34]]"
10.924528,11.349297,body,0.000000,0.000000,0.000000,0.000000,0.000000,0.000000,0.000000,0.000000,0.000000,0.000000,0.000000,0.000000,6.695983,-3.260903,-6.081871,-0.001931,-0.003129,0.010852,bmi088,0.010053964500002621,"[[-0.001864212763055467,-0.005060006071150553,0.010652644360316953],[-0.0010652644360316954,-0.003728425526110934,0.012516857123372421],[-0.001597896654047543,-0.0021305288720633907,0.011185276578332801],[-0.003195793308095086,-0.001597896654047543,0.009054747706269411]]",1075.4422692945,1075.443326506,21.875,290542,"[1816, 3729, -3387]","[[19, -7, 40], [14, -4, 47], [8, -6, 42], [6, -12, 34]]"
10.934528,11.360078,body,0.000000,0.000000,0.000000,0.000000,0.000000,0.000000,0.000000,0.000000,0.000000,0.000000,0.000000,0.000000,6.661866,-3.280655,-6.087258,-0.004927,-0.002730,0.002863,bmi088,0.010255557000164117,"[[-0.004261057744126781,-0.001864212763055467,0.006391586616190172],[-0.004527373853134706,-0.001864212763055467,0.003994741635118857],[-0.005326322180158476,-0.003195793308095086,0.0021305288720633907],[-0.0055926382891664005,-0.003994741635118857,-0.0010652644360316954]]",1075.4525248515001,1075.454012849,21.875,290818,"[1827, 3710, -3390]","[[7, -16, 24], [7, -17, 15], [12, -20, 8], [15, -21, -4]]"
10.946070,11.371055,body,0.000000,0.000000,0.000000,0.000000,0.000000,0.000000,0.000000,0.000000,0.000000,0.000000,0.000000,0.000000,6.687005,-3.255516,-6.089053,0.001172,-0.003888,-0.000533,bmi088,0.011288895500001672,"[[-0.004261057744126781,-0.004527373853134706,-0.001864212763055467],[-0.001331580545039619,-0.003994741635118857,-0.00346210941710301],[0.0021305288720633907,-0.003994741635118857,-0.001864212763055467],[0.003994741635118857,-0.003994741635118857,0.00026631610900792384],[0.005326322180158476,-0.0029294771990871623,0.004261057744126781]]",1075.4638137470001,1075.4648694544999,21.875,291099,"[1813, 3724, -3391]","[[17, -16, -7], [15, -5, -13], [15, 8, -7], [15, 15, 1], [11, 20, 16]]"
10.956119,11.381250,body,0.000000,0.000000,0.000000,0.000000,0.000000,0.000000,0.000000,0.000000,0.000000,0.000000,0.000000,0.000000,6.703166,-3.251924,-6.098032,0.007923,-0.001664,0.004394,bmi088,0.010048460500001966,"[[0.00692421883420602,-0.0021305288720633907,0.005858954398174325],[0.007456851052221868,-0.001597896654047543,0.006125270507182248],[0.008788431597261486,-0.001331580545039619,0.003728425526110934],[0.008522115488253563,-0.001597896654047543,0.001864212763055467]]",1075.4738622075001,1075.4749502525,21.875,291360,"[1811, 3733, -3396]","[[8, 26, 22], [6, 28, 23], [5, 33, 14], [6, 32, 7]]"
10.966191,11.391328,body,0.000000,0.000000,0.000000,0.000000,0.000000,0.000000,0.000000,0.000000,0.000000,0.000000,0.000000,0.000000,6.695983,-3.273472,-6.063914,0.007523,-0.001798,-0.003995,bmi088,0.010031947999777913,"[[0.009321063815277334,-0.001864212763055467,-0.0005326322180158477],[0.008788431597261486,-0.002663161090079238,-0.002663161090079238],[0.00692421883420602,-0.001864212763055467,-0.005326322180158476],[0.005060006071150553,-0.0007989483270237715,-0.007456851052221868]]",1075.4838941555,1075.4849279255,21.875,291618,"[1823, 3729, -3377]","[[7, 35, -2], [10, 33, -10], [7, 26, -20], [3, 19, -28]]"
10.976319,11.401680,body,0.000000,0.000000,0.000000,0.000000,0.000000,0.000000,0.000000,0.000000,0.000000,0.000000,0.000000,0.000000,6.656479,-3.275268,-6.065710,0.003995,-0.001531,-0.006591,bmi088,0.010249828500036529,"[[0.002663161090079238,-0.0005326322180158477,-0.00825579937924564],[0.002663161090079238,-0.001331580545039619,-0.007989483270237714],[0.004261057744126781,-0.0023968449810713144,-0.006391586616190172],[0.006391586616190172,-0.001864212763055467,-0.003728425526110934]]",1075.494143984,1075.4951758825,21.875,291883,"[1824, 3707, -3378]","[[2, 10, -31], [5, 10, -30], [9, 16, -24], [7, 24, -14]]"
10.986392,11.411719,body,0.000000,0.000000,0.000000,0.000000,0.000000,0.000000,0.000000,0.000000,0.000000,0.000000,0.000000,0.000000,6.670844,-3.278859,-6.071097,0.006791,0.002397,0.000466,bmi088,0.00992939949992433,"[[0.007723167161229791,0.0005326322180158477,-0.0010652644360316954],[0.007456851052221868,0.002663161090079238,0.0005326322180158477],[0.006657902725198096,0.003994741635118857,0.0010652644360316954],[0.005326322180158476,0.0023968449810713144,0.001331580545039619]]",1075.5040733834999,1075.5051028184998,21.875,292140,"[1826, 3715, -3381]","[[-2, 29, -4], [-10, 28, 2], [-15, 25, 4], [-9, 20, 5]]"
10.996390,11.421875,body,0.000000,0.000000,0.000000,0.000000,0.000000,0.000000,0.000000,0.000000,0.000000,0.000000,0.000000,0.000000,6.685210,-3.291429,-6.056732,0.005792,-0.000599,-0.000732,bmi088,0.009961145000033866,"[[0.005060006071150553,0.00026631610900792384,0.0010652644360316954],[0.0055926382891664005,-0.0007989483270237715,0.0005326322180158477],[0.006391586616190172,-0.001331580545039619,-0.001331580545039619],[0.006125270507182248,-0.0005326322180158477,-0.003195793308095086]]",1075.5140345285,1075.515110205,21.875,292400,"[1833, 3723, -3373]","[[-1, 19, 4], [3, 21, 2], [5, 24, -5], [2, 23, -12]]"
11.006393,11.432109,body,0.000000,0.000000,0.000000,0.000000,0.000000,0.000000,0.000000,0.000000,0.000000,0.000000,0.000000,0.000000,6.694188,-3.255516,-6.065710,0.003396,-0.001332,-0.002330,bmi088,0.010179234499901213,"[[0.0055926382891664005,-0.0007989483270237715,-0.004527373853134706],[0.003728425526110934,-0.00026631610900792384,-0.004261057744126781],[0.001597896654047543,-0.001864212763055467,-0.001597896654047543],[0.002663161090079238,-0.0023968449810713144,0.0010652644360316954]]",1075.5242137629998,1075.5252642055,21.875,292662,"[1813, 3728, -3378]","[[3, 21, -17], [1, 14, -16], [7, 6, -6], [9, 10, 4]]"
11.016367,11.442070,body,0.000000,0.000000,0.000000,0.000000,0.000000,0.000000,0.000000,0.000000,0.000000,0.000000,0.000000,0.000000,6.687005,-3.257311,-6.081871,0.006591,-0.003063,0.001132,bmi088,0.009823682500154973,"[[0.005326322180158476,-0.003728425526110934,0.001331580545039619],[0.00692421883420602,-0.00346210941710301,0.0010652644360316954],[0.00692421883420602,-0.003195793308095086,0.0007989483270237715],[0.007190534943213944,-0.001864212763055467,0.001331580545039619]]",1075.5340374455,1075.5351240505001,21.875,292917,"[1814, 3724, -3387]","[[14, 20, 5], [13, 26, 4], [12, 26, 3], [7, 27, 5]]"
11.026442,11.452422,body,0.000000,0.000000,0.000000,0.000000,0.000000,0.000000,0.000000,0.000000,0.000000,0.000000,0.000000,0.000000,6.708553,-3.253720,-6.085462,0.007124,-0.003063,0.001997,bmi088,0.010252469000079145,"[[0.008522115488253563,-0.0021305288720633907,0.0010652644360316954],[0.008522115488253563,-0.002663161090079238,0.0010652644360316954],[0.00692421883420602,-0.003728425526110934,0.0021305288720633907],[0.004527373853134706,-0.003728425526110934,0.003728425526110934]]",1075.5442899145,1075.5453301655,21.875,293182,"[1812, 3736, -3389]","[[8, 32, 4], [10, 32, 4], [14, 26, 8], [14, 17, 14]]"
11.036439,11.463555,body,0.000000,0.000000,0.000000,0.000000,0.000000,0.000000,0.000000,0.000000,0.000000,0.000000,0.000000,0.000000,6.692392,-3.260903,-6.065710,0.002264,-0.000666,0.006924,bmi088,0.010336072999962198,"[[0.003195793308095086,-0.003728425526110934,0.006657902725198096],[0.0023968449810713144,-0.0021305288720633907,0.007989483270237714],[0.0021305288720633907,0.00026631610900792384,0.007989483270237714],[0.001331580545039619,0.0029294771990871623,0.005060006071150553]]",1075.5546259875,1075.556386603,21.875,293467,"[1816, 3727, -3378]","[[14, 12, 25], [8, 9, 30], [-1, 8, 30], [-11, 5, 19]]"
11.047331,11.473555,body,0.000000,0.000000,0.000000,0.000000,0.000000,0.000000,0.000000,0.000000,0.000000,0.000000,0.000000,0.000000,6.663662,-3.266290,-6.060323,0.003462,0.004594,-0.003529,bmi088,0.01041913149992979,"[[0.0021305288720633907,0.004261057744126781,0.001864212763055467],[0.0029294771990871623,0.0055926382891664005,-0.0021305288720633907],[0.004261057744126781,0.005060006071150553,-0.005326322180158476],[0.004527373853134706,0.00346210941710301,-0.008522115488253563]]",1075.565045119,1075.5662318555,21.875,293723,"[1819, 3711, -3375]","[[-16, 8, 7], [-21, 11, -8], [-19, 16, -20], [-13, 17, -32]]"
11.057402,11.483359,body,0.000000,0.000000,0.000000,0.000000,0.000000,0.000000,0.000000,0.000000,0.000000,0.000000,0.000000,0.000000,6.652888,-3.257311,-6.056732,0.001198,-0.001731,-0.013449,bmi088,0.010063981000257627,"[[0.003728425526110934,0.0007989483270237715,-0.012250541014364496],[0.001597896654047543,-0.0010652644360316954,-0.014913702104443736],[-0.00026631610900792384,-0.0021305288720633907,-0.015180018213451659],[-0.00026631610900792384,-0.004527373853134706,-0.011451592687340724]]",1075.5751091000002,1075.575909005,21.875,293974,"[1814, 3705, -3373]","[[-3, 14, -46], [4, 6, -56], [8, -1, -57], [17, -1, -43]]"
11.067400,11.493594,body,0.000000,0.000000,0.000000,0.000000,0.000000,0.000000,0.000000,0.000000,0.000000,0.000000,0.000000,0.000000,6.669049,-3.235764,-6.098032,0.002574,-0.009410,-0.002042,bmi088,0.009968233499876078,"[[0.001864212763055467,-0.00692421883420602,-0.006391586616190172],[0.00346210941710301,-0.010120012142301106,-0.0021305288720633907],[0.0023968449810713144,-0.011185276578332801,0.0023968449810713144]]",1075.5850773335,1075.5860818865,21.875,294236,"[1802, 3714, -3396]","[[26, 7, -24], [38, 13, -8], [42, 9, 9]]"
11.077706,11.503984,body,0.000000,0.000000,0.000000,0.000000,0.000000,0.000000,0.000000,0.000000,0.000000,0.000000,0.000000,0.000000,6.703166,-3.246537,-6.094440,-0.001811,-0.008096,0.016778,bmi088,0.010430955999936486,"[[0.001331580545039619,-0.011185276578332801,0.006657902725198096],[0.00026631610900792384,-0.010120012142301106,0.013049489341388268],[-0.001331580545039619,-0.00825579937924564,0.018375811521546746],[-0.00346210941710301,-0.006125270507182248,0.021837920938649755],[-0.005858954398174325,-0.004793689962142629,0.023968449810713145]]",1075.5955082895,1075.5963369795,21.875,294502,"[1808, 3733, -3394]","[[42, 5, 25], [38, 1, 49], [31, -5, 69], [23, -13, 82], [18, -22, 90]]"
11.087777,11.514023,body,0.000000,0.000000,0.000000,0.000000,0.000000,0.000000,0.000000,0.000000,0.000000,0.000000,0.000000,0.000000,6.704962,-3.271677,-6.056732,-0.004061,0.001265,0.013049,bmi088,0.009962040999880628,"[[-0.006125270507182248,-0.0029294771990871623,0.021837920938649755],[-0.0055926382891664005,0.0,0.01731054708551505],[-0.003195793308095086,0.003195793308095086,0.009587379924285258],[-0.001331580545039619,0.004793689962142629,0.00346210941710301]]",1075.6054703304999,1075.6062491144999,21.875,294759,"[1822, 3734, -3373]","[[11, -23, 82], [0, -21, 65], [-12, -12, 36], [-18, -5, 13]]"
11.097777,11.524219,body,0.000000,0.000000,0.000000,0.000000,0.000000,0.000000,0.000000,0.000000,0.000000,0.000000,0.000000,0.000000,6.656479,-3.255516,-6.036979,0.000599,0.003529,-0.008256,bmi088,0.01001620300007744,"[[-0.00026631610900792384,0.005060006071150553,-0.0021305288720633907],[-0.0005326322180158477,0.004261057744126781,-0.005858954398174325],[0.0010652644360316954,0.003195793308095086,-0.010652644360316953],[0.0021305288720633907,0.001597896654047543,-0.014381069886427887]]",1075.6154865335,1075.616324792,21.875,295020,"[1813, 3707, -3362]","[[-19, -1, -8], [-16, -2, -22], [-12, 4, -40], [-6, 8, -54]]"
11.107789,11.536836,body,0.000000,0.000000,0.000000,0.000000,0.000000,0.000000,0.000000,0.000000,0.000000,0.000000,0.000000,0.000000,6.672640,-3.262698,-6.074688,0.002876,-0.003515,-0.009907,bmi088,0.0121909004999452,"[[0.003728425526110934,0.0,-0.017044230976507126],[0.002663161090079238,-0.0021305288720633907,-0.01651159875849128],[0.002663161090079238,-0.003994741635118857,-0.012250541014364496],[0.0021305288720633907,-0.006125270507182248,-0.0055926382891664005],[0.003195793308095086,-0.005326322180158476,0.001864212763055467]]",1075.627677434,1075.6287827755,21.875,295343,"[1817, 3716, -3383]","[[0, 14, -64], [8, 10, -62], [15, 10, -46], [23, 8, -21], [20, 12, 7]]"
11.120488,11.547617,body,0.000000,0.000000,0.000000,0.000000,0.000000,0.000000,0.000000,0.000000,0.000000,0.000000,0.000000,0.000000,6.722918,-3.255516,-6.083666,0.001864,-0.002610,0.017151,bmi088,0.010693671000126415,"[[0.002663161090079238,-0.004261057744126781,0.008522115488253563],[0.0029294771990871623,-0.003195793308095086,0.014114753777419964],[0.001864212763055467,-0.002663161090079238,0.018908443739562592],[0.001597896654047543,-0.001864212763055467,0.021837920938649755],[0.00026631610900792384,-0.0010652644360316954,0.022370553156665602]]",1075.638371105,1075.6394816145,21.875,295619,"[1813, 3744, -3388]","[[16, 10, 32], [12, 11, 53], [10, 7, 71], [7, 6, 82], [4, 1, 84]]"
11.130611,11.557578,body,0.000000,0.000000,0.000000,0.000000,0.000000,0.000000,0.000000,0.000000,0.000000,0.000000,0.000000,0.000000,6.690597,-3.273472,-6.042366,0.000000,0.000932,0.005459,bmi088,0.00988504599990847,"[[-0.0007989483270237715,-0.0005326322180158477,0.017843179303530896],[-0.0010652644360316954,0.0005326322180158477,0.01038632825130903],[0.0,0.001331580545039619,0.0010652644360316954],[0.001864212763055467,0.0023968449810713144,-0.007456851052221868]]",1075.648256151,1075.6493630125,21.875,295874,"[1823, 3726, -3365]","[[2, -3, 67], [-2, -4, 39], [-5, 0, 4], [-9, 7, -28]]"
11.141600,11.568945,body,0.000000,0.000000,0.000000,0.000000,0.000000,0.000000,0.000000,0.000000,0.000000,0.000000,0.000000,0.000000,6.651092,-3.259107,-6.045958,0.003795,0.002929,-0.022970,bmi088,0.011114520500086655,"[[0.0029294771990871623,0.002663161090079238,-0.014114753777419964],[0.0029294771990871623,0.0029294771990871623,-0.021305288720633905],[0.004261057744126781,0.003195793308095086,-0.027430559227816155],[0.005060006071150553,0.0029294771990871623,-0.0290284558818637]]",1075.6593706715,1075.6605922575,21.875,296165,"[1815, 3704, -3367]","[[-10, 11, -53], [-11, 11, -80], [-12, 16, -103], [-11, 19, -109]]"
11.151668,11.578906,body,0.000000,0.000000,0.000000,0.000000,0.000000,0.000000,0.000000,0.000000,0.000000,0.000000,0.000000,0.000000,6.656479,-3.286042,-6.090849,0.005659,-0.002264,-0.015646,bmi088,0.009997834000159855,"[[0.0055926382891664005,0.001864212763055467,-0.025832662573768612],[0.005060006071150553,-0.0005326322180158477,-0.018375811521546746],[0.0055926382891664005,-0.003994741635118857,-0.012250541014364496],[0.006391586616190172,-0.006391586616190172,-0.006125270507182248]]",1075.6693685055002,1075.6704341815,21.875,296420,"[1830, 3707, -3392]","[[-7, 21, -97], [2, 19, -69], [15, 21, -46], [24, 24, -23]]"
11.161817,11.589219,body,0.000000,0.000000,0.000000,0.000000,0.000000,0.000000,0.000000,0.000000,0.000000,0.000000,0.000000,0.000000,6.704962,-3.289633,-6.083666,0.000533,-0.004527,0.008123,bmi088,0.010190050499659264,"[[0.005060006071150553,-0.00692421883420602,0.0],[0.0021305288720633907,-0.005060006071150553,0.0055926382891664005],[-0.001331580545039619,-0.003195793308095086,0.011451592687340724],[-0.003728425526110934,-0.0029294771990871623,0.015446334322459582]]",1075.6795585559998,1075.6806286155,21.875,296684,"[1832, 3734, -3388]","[[26, 19, 0], [19, 8, 21], [12, -5, 43], [11, -14, 58]]"
11.172259,11.599414,body,0.000000,0.000000,0.000000,0.000000,0.000000,0.000000,0.000000,0.000000,0.000000,0.000000,0.000000,0.000000,6.687005,-3.257311,-6.089053,-0.001664,-0.001864,0.018642,bmi088,0.01021445100013807,"[[-0.004527373853134706,-0.002663161090079238,0.020506340393610135],[-0.003728425526110934,-0.0021305288720633907,0.02077265650261806],[-0.0005326322180158477,-0.0010652644360316954,0.018908443739562592],[0.0021305288720633907,-0.001597896654047543,0.014381069886427887]]",1075.689773007,1075.6907092699998,21.875,296945,"[1814, 3724, -3391]","[[10, -17, 77], [8, -14, 78], [4, -2, 71], [6, 8, 54]]"
11.182329,11.610000,body,0.000000,0.000000,0.000000,0.000000,0.000000,0.000000,0.000000,0.000000,0.000000,0.000000,0.000000,0.000000,6.665457,-3.251924,-6.072893,-0.001198,-0.003662,-0.000333,bmi088,0.010283270500167419,"[[0.0021305288720633907,-0.00346210941710301,0.008788431597261486],[-0.0005326322180158477,-0.004527373853134706,0.001864212763055467],[-0.00346210941710301,-0.003728425526110934,-0.004261057744126781],[-0.0029294771990871623,-0.0029294771990871623,-0.007723167161229791]]",1075.7000562775002,1075.7011811554999,21.875,297216,"[1811, 3712, -3382]","[[13, 8, 33], [17, -2, 7], [14, -13, -16], [11, -11, -29]]"
11.192331,11.620352,body,0.000000,0.000000,0.000000,0.000000,0.000000,0.000000,0.000000,0.000000,0.000000,0.000000,0.000000,0.000000,6.674436,-3.260903,-6.085462,-0.001798,-0.003262,-0.008855,bmi088,0.010111022999808483,"[[-0.00346210941710301,-0.00346210941710301,-0.009853696033293183],[-0.0023968449810713144,-0.003994741635118857,-0.01038632825130903],[-0.0021305288720633907,-0.003195793308095086,-0.009321063815277334],[0.0007989483270237715,-0.0023968449810713144,-0.005858954398174325]]",1075.7101673005,1075.7113665175,21.875,297481,"[1816, 3717, -3389]","[[13, -13, -37], [15, -9, -39], [12, -8, -35], [9, 3, -22]]"
11.202301,11.630469,body,0.000000,0.000000,0.000000,0.000000,0.000000,0.000000,0.000000,0.000000,0.000000,0.000000,0.000000,0.000000,6.687005,-3.275268,-6.085462,-0.000266,-0.005393,0.006059,bmi088,0.01025984500006416,"[[0.001331580545039619,-0.00346210941710301,-0.0010652644360316954],[0.0005326322180158477,-0.005858954398174325,0.003728425526110934],[-0.0010652644360316954,-0.006657902725198096,0.008788431597261486],[-0.001864212763055467,-0.0055926382891664005,0.012783173232380344]]",1075.7204271455,1075.7214680045,21.875,297740,"[1824, 3724, -3389]","[[13, 5, -4], [22, 2, 14], [25, -4, 33], [21, -7, 48]]"
11.213000,11.640937,body,0.000000,0.000000,0.000000,0.000000,0.000000,0.000000,0.000000,0.000000,0.000000,0.000000,0.000000,0.000000,6.672640,-3.277064,-6.087258,-0.002237,-0.001332,0.013209,bmi088,0.010294598499967833,"[[-0.003195793308095086,-0.004261057744126781,0.01597896654047543],[-0.003728425526110934,-0.002663161090079238,0.017044230976507126],[-0.00346210941710301,-0.0007989483270237715,0.015712650431467506],[-0.0010652644360316954,0.00026631610900792384,0.011451592687340724],[0.00026631610900792384,0.0007989483270237715,0.005858954398174325]]",1075.730721744,1075.7317769395,21.875,298008,"[1825, 3716, -3390]","[[16, -12, 60], [10, -14, 64], [3, -13, 59], [-1, -4, 43], [-3, 1, 22]]"
11.223072,11.651211,body,0.000000,0.000000,0.000000,0.000000,0.000000,0.000000,0.000000,0.000000,0.000000,0.000000,0.000000,0.000000,6.660070,-3.268085,-6.031593,0.001598,-0.000799,-0.007124,bmi088,0.010187250499939182,"[[0.001864212763055467,0.0005326322180158477,-0.0007989483270237715],[0.001864212763055467,-0.00026631610900792384,-0.0055926382891664005],[0.001331580545039619,-0.001331580545039619,-0.009321063815277334],[0.001331580545039619,-0.0021305288720633907,-0.012783173232380344]]",1075.7409089945,1075.74196603,21.875,298271,"[1820, 3709, -3359]","[[-2, 7, -3], [1, 7, -21], [5, 5, -35], [8, 5, -48]]"
11.233070,11.661250,body,0.000000,0.000000,0.000000,0.000000,0.000000,0.000000,0.000000,0.000000,0.000000,0.000000,0.000000,0.000000,6.672640,-3.259107,-6.036979,0.004860,-0.002463,-0.015579,bmi088,0.009869397000102254,"[[0.003195793308095086,-0.002663161090079238,-0.016245282649483356],[0.005858954398174325,-0.0021305288720633907,-0.017843179303530896],[0.006391586616190172,-0.0021305288720633907,-0.01597896654047543],[0.003994741635118857,-0.0029294771990871623,-0.012250541014364496]]",1075.7507783915,1075.7518581,21.875,298528,"[1815, 3716, -3362]","[[10, 12, -61], [8, 22, -67], [8, 24, -60], [11, 15, -46]]"
11.244133,11.672500,body,0.000000,0.000000,0.000000,0.000000,0.000000,0.000000,0.000000,0.000000,0.000000,0.000000,0.000000,0.000000,6.665457,-3.248333,-6.099827,-0.002597,-0.004527,0.003329,bmi088,0.011082982999823798,"[[-0.0005326322180158477,-0.003994741635118857,-0.006391586616190172],[-0.003195793308095086,-0.004793689962142629,0.00026631610900792384],[-0.003195793308095086,-0.004527373853134706,0.007190534943213944],[-0.00346210941710301,-0.004793689962142629,0.012250541014364496]]",1075.7618613744999,1075.762990877,21.875,298816,"[1809, 3712, -3397]","[[15, -2, -24], [18, -12, 1], [17, -12, 27], [18, -13, 46]]"
11.254202,11.682500,body,0.000000,0.000000,0.000000,0.000000,0.000000,0.000000,0.000000,0.000000,0.000000,0.000000,0.000000,0.000000,6.679823,-3.275268,-6.101623,-0.003329,-0.005859,0.011918,bmi088,0.010017994999998336,"[[-0.003728425526110934,-0.0055926382891664005,0.013582121559404116],[-0.004527373853134706,-0.005858954398174325,0.012250541014364496],[-0.00346210941710301,-0.006125270507182248,0.01038632825130903],[-0.001597896654047543,-0.005858954398174325,0.011451592687340724]]",1075.7718793694999,1075.7729185644998,21.875,299072,"[1824, 3720, -3398]","[[21, -14, 51], [22, -17, 46], [23, -13, 39], [22, -6, 43]]"
11.264670,11.693125,body,0.000000,0.000000,0.000000,0.000000,0.000000,0.000000,0.000000,0.000000,0.000000,0.000000,0.000000,0.000000,6.681618,-3.262698,-6.096236,-0.000399,-0.004128,0.006791,bmi088,0.010498271000187742,"[[0.0,-0.006125270507182248,0.011451592687340724],[0.00026631610900792384,-0.005060006071150553,0.009853696033293183],[-0.0007989483270237715,-0.003728425526110934,0.005060006071150553],[-0.0010652644360316954,-0.001597896654047543,0.0007989483270237715]]",1075.7823776405,1075.783432628,21.875,299344,"[1817, 3721, -3395]","[[23, 0, 43], [19, 1, 37], [14, -3, 19], [6, -4, 3]]"
11.275313,11.704063,body,0.000000,0.000000,0.000000,0.000000,0.000000,0.000000,0.000000,0.000000,0.000000,0.000000,0.000000,0.000000,6.663662,-3.273472,-6.089053,0.000107,-0.000533,-0.006072,bmi088,0.01079167500006406,"[[-0.00026631610900792384,-0.00026631610900792384,-0.0021305288720633907],[0.0005326322180158477,0.00026631610900792384,-0.005060006071150553],[0.00026631610900792384,-0.0007989483270237715,-0.006391586616190172],[0.00026631610900792384,-0.0007989483270237715,-0.00825579937924564],[-0.00026631610900792384,-0.0010652644360316954,-0.008522115488253563]]",1075.7931693155,1075.7942506085,21.875,299624,"[1823, 3711, -3391]","[[1, -1, -8], [-1, 2, -19], [3, 1, -24], [3, 1, -31], [4, -1, -32]]"
11.285382,11.714258,body,0.000000,0.000000,0.000000,0.000000,0.000000,0.000000,0.000000,0.000000,0.000000,0.000000,0.000000,0.000000,6.687005,-3.282450,-6.074688,-0.002397,-0.001332,-0.002330,bmi088,0.010049820999938675,"[[-0.0005326322180158477,-0.0005326322180158477,-0.007456851052221868],[-0.0021305288720633907,-0.001331580545039619,-0.004527373853134706],[-0.0029294771990871623,-0.001864212763055467,-0.0007989483270237715],[-0.003994741635118857,-0.001597896654047543,0.00346210941710301]]",1075.8032191365,1075.804308189,21.875,299885,"[1828, 3724, -3383]","[[2, -2, -28], [5, -8, -17], [7, -11, -3], [6, -15, 13]]"
11.295383,11.724297,body,0.000000,0.000000,0.000000,0.000000,0.000000,0.000000,0.000000,0.000000,0.000000,0.000000,0.000000,0.000000,6.688801,-3.244742,-6.072893,0.000200,-0.001997,0.007590,bmi088,0.009937960000115709,"[[-0.0029294771990871623,-0.0023968449810713144,0.00692421883420602],[-0.001331580545039619,-0.0023968449810713144,0.009054747706269411],[0.001864212763055467,-0.0021305288720633907,0.00825579937924564],[0.003195793308095086,-0.0010652644360316954,0.006125270507182248]]",1075.8131570965002,1075.8142414445,21.875,300142,"[1807, 3725, -3382]","[[9, -11, 26], [9, -5, 34], [8, 7, 31], [4, 12, 23]]"
11.305648,11.734570,body,0.000000,0.000000,0.000000,0.000000,0.000000,0.000000,0.000000,0.000000,0.000000,0.000000,0.000000,0.000000,6.679823,-3.255516,-6.078279,0.001864,-0.000799,-0.001598,bmi088,0.01022368350004399,"[[0.003195793308095086,0.0,0.003728425526110934],[0.0010652644360316954,0.0,0.0007989483270237715],[0.0010652644360316954,-0.0010652644360316954,-0.003195793308095086],[0.0021305288720633907,-0.0021305288720633907,-0.007723167161229791]]",1075.8233807800002,1075.8244252865002,21.875,300405,"[1813, 3720, -3385]","[[0, 12, 14], [0, 4, 3], [4, 4, -12], [8, 8, -29]]"
11.315718,11.744766,body,0.000000,0.000000,0.000000,0.000000,0.000000,0.000000,0.000000,0.000000,0.000000,0.000000,0.000000,0.000000,6.676231,-3.264494,-6.072893,0.007523,-0.004661,-0.008788,bmi088,0.010037467999836736,"[[0.004793689962142629,-0.00346210941710301,-0.01038632825130903],[0.00692421883420602,-0.003994741635118857,-0.01038632825130903],[0.009054747706269411,-0.005326322180158476,-0.00825579937924564],[0.009321063815277334,-0.005858954398174325,-0.006125270507182248]]",1075.833418248,1075.8344734749999,21.875,300666,"[1818, 3718, -3382]","[[13, 18, -39], [15, 26, -39], [20, 34, -31], [22, 35, -23]]"
11.327257,11.757969,body,0.000000,0.000000,0.000000,0.000000,0.000000,0.000000,0.000000,0.000000,0.000000,0.000000,0.000000,0.000000,6.708553,-3.268085,-6.072893,0.001704,-0.004421,-0.000266,bmi088,0.012891920999891227,"[[0.007456851052221868,-0.005858954398174325,-0.004527373853134706],[0.003728425526110934,-0.006125270507182248,-0.0023968449810713144],[0.0005326322180158477,-0.005326322180158476,-0.00026631610900792384],[-0.001331580545039619,-0.003994741635118857,0.0023968449810713144],[-0.001864212763055467,-0.0007989483270237715,0.00346210941710301]]",1075.846310169,1075.8475588125,21.875,301004,"[1820, 3736, -3382]","[[22, 28, -17], [23, 14, -9], [20, 2, -1], [15, -5, 9], [3, -7, 13]]"
11.341448,11.770898,body,0.000000,0.000000,0.000000,0.000000,0.000000,0.000000,0.000000,0.000000,0.000000,0.000000,0.000000,0.000000,6.692392,-3.275268,-6.060323,0.000373,0.000320,0.007244,bmi088,0.012921938500085162,"[[-0.0010652644360316954,0.0005326322180158477,0.004527373853134706],[0.00026631610900792384,0.0005326322180158477,0.006657902725198096],[0.0010652644360316954,-0.0007989483270237715,0.007723167161229791],[0.0010652644360316954,-0.00026631610900792384,0.009054747706269411],[0.0005326322180158477,0.001597896654047543,0.00825579937924564]]",1075.8592321075,1075.8603331125,21.875,301335,"[1824, 3727, -3375]","[[-2, -4, 17], [-2, 1, 25], [3, 4, 29], [1, 4, 34], [-6, 2, 31]]"
11.351449,11.780898,body,0.000000,0.000000,0.000000,0.000000,0.000000,0.000000,0.000000,0.000000,0.000000,0.000000,0.000000,0.000000,6.669049,-3.269881,-6.040571,0.000466,0.000732,0.003662,bmi088,0.009926871999823561,"[[0.0,0.003195793308095086,0.007456851052221868],[0.0,0.003195793308095086,0.005326322180158476],[0.0005326322180158477,-0.00026631610900792384,0.002663161090079238],[0.001331580545039619,-0.003195793308095086,-0.0007989483270237715]]",1075.8691589794998,1075.8702141105,21.875,301591,"[1821, 3714, -3364]","[[-12, 0, 28], [-12, 0, 20], [1, 2, 10], [12, 5, -3]]"
11.361698,11.791328,body,0.000000,0.000000,0.000000,0.000000,0.000000,0.000000,0.000000,0.000000,0.000000,0.000000,0.000000,0.000000,6.670844,-3.250129,-6.072893,0.002330,-0.005326,-0.001931,bmi088,0.010292902000173854,"[[0.001864212763055467,-0.005326322180158476,-0.002663161090079238],[0.001864212763055467,-0.005060006071150553,-0.00346210941710301],[0.002663161090079238,-0.005060006071150553,-0.001864212763055467],[0.0029294771990871623,-0.005858954398174325,0.00026631610900792384]]",1075.8794518815,1075.8805365345002,21.875,301858,"[1810, 3715, -3382]","[[20, 7, -10], [19, 7, -13], [19, 10, -7], [22, 11, 1]]"
11.371809,11.801758,body,0.000000,0.000000,0.000000,0.000000,0.000000,0.000000,0.000000,0.000000,0.000000,0.000000,0.000000,0.000000,6.703166,-3.260903,-6.101623,0.002597,-0.006192,0.004794,bmi088,0.010304439499805085,"[[0.0029294771990871623,-0.006125270507182248,0.0023968449810713144],[0.0023968449810713144,-0.006391586616190172,0.004527373853134706],[0.002663161090079238,-0.006391586616190172,0.005858954398174325],[0.0023968449810713144,-0.005858954398174325,0.006391586616190172]]",1075.8897563209998,1075.890847918,21.875,302125,"[1816, 3733, -3398]","[[23, 11, 9], [24, 9, 17], [24, 10, 22], [22, 9, 24]]"
11.381978,11.811563,body,0.000000,0.000000,0.000000,0.000000,0.000000,0.000000,0.000000,0.000000,0.000000,0.000000,0.000000,0.000000,6.687005,-3.269881,-6.085462,-0.000533,-0.004128,0.009188,bmi088,0.009696446000134529,"[[0.001597896654047543,-0.006125270507182248,0.007723167161229791],[-0.0007989483270237715,-0.005060006071150553,0.009321063815277334],[-0.001597896654047543,-0.00346210941710301,0.010918960469324878],[-0.001331580545039619,-0.001864212763055467,0.008788431597261486]]",1075.899452767,1075.900522411,21.875,302376,"[1821, 3724, -3389]","[[23, 6, 29], [19, -3, 35], [13, -6, 41], [7, -5, 33]]"
11.392049,11.821992,body,0.000000,0.000000,0.000000,0.000000,0.000000,0.000000,0.000000,0.000000,0.000000,0.000000,0.000000,0.000000,6.652888,-3.296816,-6.051345,0.001997,0.000333,-0.002330,bmi088,0.010332663999861325,"[[0.0010652644360316954,-0.0010652644360316954,0.004527373853134706],[0.0023968449810713144,-0.0007989483270237715,0.0],[0.003195793308095086,0.0007989483270237715,-0.005060006071150553],[0.001331580545039619,0.0023968449810713144,-0.008788431597261486]]",1075.9097854309998,1075.9108463544999,21.875,302643,"[1836, 3705, -3370]","[[4, 4, 17], [3, 9, 0], [-3, 12, -19], [-9, 5, -33]]"
11.403271,11.833320,body,0.000000,0.000000,0.000000,0.000000,0.000000,0.000000,0.000000,0.000000,0.000000,0.000000,0.000000,0.000000,6.663662,-3.257311,-6.071097,-0.000266,0.000639,-0.012037,bmi088,0.011157786000239867,"[[-0.0010652644360316954,0.00346210941710301,-0.011984224905356573],[-0.003195793308095086,0.0023968449810713144,-0.012516857123372421],[-0.001864212763055467,0.0010652644360316954,-0.013315805450396193],[0.0005326322180158477,-0.001331580545039619,-0.011984224905356573],[0.004261057744126781,-0.0023968449810713144,-0.01038632825130903]]",1075.920943217,1075.922057967,21.875,302933,"[1814, 3711, -3381]","[[-13, -4, -45], [-9, -12, -47], [-4, -7, -50], [5, 2, -45], [9, 16, -39]]"
11.413767,11.843945,body,0.000000,0.000000,0.000000,0.000000,0.000000,0.000000,0.000000,0.000000,0.000000,0.000000,0.000000,0.000000,6.687005,-3.262698,-6.078279,0.003196,-0.005992,-0.001332,bmi088,0.010533568499795365,"[[0.005060006071150553,-0.004793689962142629,-0.00692421883420602],[0.004527373853134706,-0.0055926382891664005,-0.00346210941710301],[0.002663161090079238,-0.00692421883420602,0.0005326322180158477],[0.0005326322180158477,-0.006657902725198096,0.004527373853134706]]",1075.9314767854999,1075.9325507175,21.875,303205,"[1817, 3724, -3385]","[[18, 19, -26], [21, 17, -13], [26, 10, 2], [25, 2, 17]]"
11.423840,11.854336,body,0.000000,0.000000,0.000000,0.000000,0.000000,0.000000,0.000000,0.000000,0.000000,0.000000,0.000000,0.000000,6.704962,-3.259107,-6.067506,-0.002730,-0.007191,0.010253,bmi088,0.010269942000149967,"[[-0.0010652644360316954,-0.006657902725198096,0.007723167161229791],[-0.0023968449810713144,-0.00692421883420602,0.009587379924285258],[-0.003728425526110934,-0.007456851052221868,0.010918960469324878],[-0.003728425526110934,-0.007723167161229791,0.012783173232380344]]",1075.9417467275,1075.942838468,21.875,303471,"[1815, 3734, -3379]","[[25, -4, 29], [26, -9, 36], [28, -14, 41], [29, -14, 48]]"
11.433841,11.864961,body,0.000000,0.000000,0.000000,0.000000,0.000000,0.000000,0.000000,0.000000,0.000000,0.000000,0.000000,0.000000,6.674436,-3.286042,-6.072893,-0.003396,-0.003196,0.012517,bmi088,0.010481341499826158,"[[-0.004527373853134706,-0.005326322180158476,0.014913702104443736],[-0.004527373853134706,-0.003728425526110934,0.014913702104443736],[-0.00346210941710301,-0.001864212763055467,0.012250541014364496],[-0.0010652644360316954,-0.001864212763055467,0.007989483270237714]]",1075.9522280689998,1075.9533479875,21.875,303743,"[1830, 3717, -3382]","[[20, -17, 56], [14, -17, 56], [7, -13, 46], [7, -4, 30]]"
11.443880,11.874375,body,0.000000,0.000000,0.000000,0.000000,0.000000,0.000000,0.000000,0.000000,0.000000,0.000000,0.000000,0.000000,6.669049,-3.246537,-6.065710,0.000466,0.000466,-0.001664,bmi088,0.009390769500214446,"[[0.0005326322180158477,0.0,0.003994741635118857],[0.0,0.0007989483270237715,0.0005326322180158477],[0.0,0.0010652644360316954,-0.003994741635118857],[0.001331580545039619,0.0,-0.007190534943213944]]",1075.9616188385,1075.9626827705001,21.875,303984,"[1808, 3714, -3378]","[[0, 2, 15], [-3, 0, 2], [-4, 0, -15], [0, 5, -27]]"
11.453954,11.884609,body,0.000000,0.000000,0.000000,0.000000,0.000000,0.000000,0.000000,0.000000,0.000000,0.000000,0.000000,0.000000,6.715736,-3.255516,-6.085462,0.001798,-0.002397,-0.010320,bmi088,0.010083374000032563,"[[0.002663161090079238,-0.0010652644360316954,-0.010652644360316953],[0.0023968449810713144,-0.001331580545039619,-0.011984224905356573],[0.0007989483270237715,-0.002663161090079238,-0.011185276578332801],[0.001331580545039619,-0.004527373853134706,-0.007456851052221868]]",1075.9717022125,1075.9727722085,21.875,304246,"[1813, 3740, -3389]","[[4, 10, -40], [5, 9, -45], [10, 3, -42], [17, 5, -28]]"
11.463952,11.895352,body,0.000000,0.000000,0.000000,0.000000,0.000000,0.000000,0.000000,0.000000,0.000000,0.000000,0.000000,0.000000,6.683414,-3.296816,-6.090849,0.002397,-0.003728,0.001065,bmi088,0.009927687499839521,"[[0.0023968449810713144,-0.006125270507182248,-0.003994741635118857],[0.0029294771990871623,-0.005060006071150553,-0.00026631610900792384],[0.0023968449810713144,-0.0029294771990871623,0.002663161090079238],[0.001864212763055467,-0.0007989483270237715,0.005858954398174325]]",1075.9816299,1075.9834055249999,21.875,304521,"[1836, 3722, -3392]","[[23, 9, -15], [19, 11, -1], [11, 9, 10], [3, 7, 22]]"
11.474394,11.905469,body,0.000000,0.000000,0.000000,0.000000,0.000000,0.000000,0.000000,0.000000,0.000000,0.000000,0.000000,0.000000,6.676231,-3.251924,-6.060323,0.002197,0.000266,0.008655,bmi088,0.010617284500085589,"[[0.002663161090079238,0.0005326322180158477,0.00692421883420602],[0.00346210941710301,0.00026631610900792384,0.009321063815277334],[0.0023968449810713144,0.0,0.009853696033293183],[0.00026631610900792384,0.00026631610900792384,0.008522115488253563]]",1075.9922471845,1075.9934249285,21.875,304780,"[1811, 3718, -3375]","[[-2, 10, 26], [-1, 13, 35], [0, 9, 37], [-1, 1, 32]]"
11.484466,11.915469,body,0.000000,0.000000,0.000000,0.000000,0.000000,0.000000,0.000000,0.000000,0.000000,0.000000,0.000000,0.000000,6.654684,-3.260903,-6.049549,0.002197,0.001798,-0.004527,bmi088,0.00997314500000357,"[[-0.0010652644360316954,0.0010652644360316954,0.002663161090079238],[0.00026631610900792384,0.0021305288720633907,-0.003195793308095086],[0.00346210941710301,0.0021305288720633907,-0.007456851052221868],[0.006125270507182248,0.001864212763055467,-0.010120012142301106]]",1076.0022203295,1076.00330831,21.875,305036,"[1816, 3706, -3369]","[[-4, -4, 10], [-8, 1, -12], [-8, 13, -28], [-7, 23, -38]]"
11.494467,11.925508,body,0.000000,0.000000,0.000000,0.000000,0.000000,0.000000,0.000000,0.000000,0.000000,0.000000,0.000000,0.000000,6.656479,-3.269881,-6.071097,0.007590,0.000666,-0.014248,bmi088,0.009972953499982395,"[[0.00692421883420602,0.0021305288720633907,-0.013049489341388268],[0.007190534943213944,0.001331580545039619,-0.014913702104443736],[0.007989483270237714,0.0005326322180158477,-0.014913702104443736],[0.00825579937924564,-0.001331580545039619,-0.014114753777419964]]",1076.012193283,1076.013239694,21.875,305293,"[1821, 3707, -3381]","[[-8, 26, -49], [-5, 27, -56], [-2, 30, -56], [5, 31, -53]]"
11.505231,11.936367,body,0.000000,0.000000,0.000000,0.000000,0.000000,0.000000,0.000000,0.000000,0.000000,0.000000,0.000000,0.000000,6.683414,-3.253720,-6.105214,0.003995,-0.006192,-0.007523,bmi088,0.010695047000126578,"[[0.007190534943213944,-0.00346210941710301,-0.012516857123372421],[0.005060006071150553,-0.0055926382891664005,-0.009853696033293183],[0.002663161090079238,-0.007456851052221868,-0.0055926382891664005],[0.0010652644360316954,-0.00825579937924564,-0.0021305288720633907]]",1076.0228883300001,1076.0239766625,21.875,305571,"[1812, 3722, -3400]","[[13, 27, -47], [21, 19, -37], [28, 10, -21], [31, 4, -8]]"
11.515301,11.946563,body,0.000000,0.000000,0.000000,0.000000,0.000000,0.000000,0.000000,0.000000,0.000000,0.000000,0.000000,0.000000,6.695983,-3.251924,-6.080075,-0.002264,-0.007257,0.012583,bmi088,0.010062189499876695,"[[-0.0005326322180158477,-0.008522115488253563,0.002663161090079238],[-0.001597896654047543,-0.007989483270237714,0.009054747706269411],[-0.00346210941710301,-0.007190534943213944,0.016777914867499202],[-0.00346210941710301,-0.005326322180158476,0.021837920938649755]]",1076.0329505195,1076.034050132,21.875,305832,"[1811, 3729, -3386]","[[32, -2, 10], [30, -6, 34], [27, -13, 63], [20, -13, 82]]"
11.525303,11.956836,body,0.000000,0.000000,0.000000,0.000000,0.000000,0.000000,0.000000,0.000000,0.000000,0.000000,0.000000,0.000000,6.687005,-3.259107,-6.099827,0.001731,-0.002064,0.023236,bmi088,0.010167089000105989,"[[-0.003195793308095086,-0.003728425526110934,0.025300030355752765],[-0.00026631610900792384,-0.001864212763055467,0.02556634646476069],[0.003994741635118857,-0.0010652644360316954,0.023968449810713145],[0.006391586616190172,-0.001597896654047543,0.018109495412538822]]",1076.0431176085,1076.04422823,21.875,306095,"[1815, 3724, -3397]","[[14, -12, 95], [7, -1, 96], [4, 15, 90], [6, 24, 68]]"
11.536213,11.967734,body,0.000000,0.000000,0.000000,0.000000,0.000000,0.000000,0.000000,0.000000,0.000000,0.000000,0.000000,0.000000,6.713940,-3.228581,-6.087258,0.001971,-0.003995,-0.004953,bmi088,0.010808587999918018,"[[0.005326322180158476,-0.0021305288720633907,0.012516857123372421],[0.0021305288720633907,-0.003728425526110934,0.003994741635118857],[0.0007989483270237715,-0.004261057744126781,-0.005858954398174325],[0.0007989483270237715,-0.005326322180158476,-0.015446334322459582],[0.0007989483270237715,-0.004527373853134706,-0.01997370817559429]]",1076.0539261965,1076.0550051205,21.875,306374,"[1798, 3739, -3390]","[[8, 20, 47], [14, 8, 15], [16, 3, -22], [20, 3, -58], [17, 3, -75]]"
11.546286,11.977813,body,0.000000,0.000000,0.000000,0.000000,0.000000,0.000000,0.000000,0.000000,0.000000,0.000000,0.000000,0.000000,6.678027,-3.251924,-6.069301,0.001864,-0.003728,-0.012583,bmi088,0.01000849100000778,"[[0.001597896654047543,-0.003994741635118857,-0.019174759848570515],[0.002663161090079238,-0.003994741635118857,-0.01597896654047543],[0.002663161090079238,-0.003994741635118857,-0.010652644360316953],[0.0005326322180158477,-0.0029294771990871623,-0.004527373853134706]]",1076.0639346875,1076.0649724095001,21.875,306632,"[1811, 3719, -3380]","[[15, 6, -72], [15, 10, -60], [15, 10, -40], [11, 2, -17]]"
11.556284,11.987969,body,0.000000,0.000000,0.000000,0.000000,0.000000,0.000000,0.000000,0.000000,0.000000,0.000000,0.000000,0.000000,6.678027,-3.291429,-6.080075,-0.003529,-0.002796,0.008322,bmi088,0.010029115000179445,"[[-0.001331580545039619,-0.0023968449810713144,0.0023968449810713144],[-0.0023968449810713144,-0.0029294771990871623,0.007723167161229791],[-0.003994741635118857,-0.003195793308095086,0.011185276578332801],[-0.006391586616190172,-0.002663161090079238,0.011984224905356573]]",1076.0739638025002,1076.0750099735,21.875,306892,"[1833, 3719, -3386]","[[9, -5, 9], [11, -9, 29], [12, -15, 42], [10, -24, 45]]"
11.566987,11.998867,body,0.000000,0.000000,0.000000,0.000000,0.000000,0.000000,0.000000,0.000000,0.000000,0.000000,0.000000,0.000000,6.674436,-3.266290,-6.083666,-0.003862,-0.000533,0.007590,bmi088,0.010782794999613543,"[[-0.008522115488253563,-0.001331580545039619,0.011185276578332801],[-0.006391586616190172,-0.0005326322180158477,0.009587379924285258],[-0.0023968449810713144,0.0,0.007190534943213944],[0.001864212763055467,-0.00026631610900792384,0.0023968449810713144]]",1076.0847465974998,1076.0857893765,21.875,307171,"[1819, 3717, -3388]","[[5, -32, 42], [2, -24, 36], [0, -9, 27], [1, 7, 9]]"
11.577059,12.008984,body,0.000000,0.000000,0.000000,0.000000,0.000000,0.000000,0.000000,0.000000,0.000000,0.000000,0.000000,0.000000,6.676231,-3.233968,-6.076484,0.005326,-0.000732,-0.009521,bmi088,0.01002929150035925,"[[0.003728425526110934,-0.00026631610900792384,-0.0029294771990871623],[0.004527373853134706,0.0,-0.008522115488253563],[0.006391586616190172,-0.0007989483270237715,-0.011984224905356573],[0.006657902725198096,-0.001864212763055467,-0.01464738599543581]]",1076.0947758890002,1076.095798603,21.875,307430,"[1801, 3718, -3384]","[[1, 14, -11], [0, 17, -32], [3, 24, -45], [7, 25, -55]]"
11.587060,12.019180,body,0.000000,0.000000,0.000000,0.000000,0.000000,0.000000,0.000000,0.000000,0.000000,0.000000,0.000000,0.000000,6.669049,-3.260903,-6.083666,0.003396,-0.003595,-0.013316,bmi088,0.010041404499816053,"[[0.005858954398174325,-0.003195793308095086,-0.016245282649483356],[0.003195793308095086,-0.00346210941710301,-0.01597896654047543],[0.0023968449810713144,-0.00346210941710301,-0.013315805450396193],[0.0021305288720633907,-0.004261057744126781,-0.007723167161229791]]",1076.1048172935,1076.1058713205,21.875,307691,"[1816, 3714, -3388]","[[12, 22, -61], [13, 12, -60], [13, 9, -50], [16, 8, -29]]"
11.597059,12.029961,body,0.000000,0.000000,0.000000,0.000000,0.000000,0.000000,0.000000,0.000000,0.000000,0.000000,0.000000,0.000000,6.687005,-3.269881,-6.089053,-0.000732,-0.004594,0.008922,bmi088,0.010595187000035367,"[[0.0021305288720633907,-0.004261057744126781,-0.0005326322180158477],[0.0005326322180158477,-0.004793689962142629,0.006391586616190172],[-0.001864212763055467,-0.004527373853134706,0.012250541014364496],[-0.003728425526110934,-0.004793689962142629,0.017576863194522972]]",1076.1154124805,1076.1165075015,21.875,307967,"[1821, 3724, -3391]","[[16, 8, -2], [18, 2, 24], [17, -7, 46], [18, -14, 66]]"
11.607499,12.039531,body,0.000000,0.000000,0.000000,0.000000,0.000000,0.000000,0.000000,0.000000,0.000000,0.000000,0.000000,0.000000,6.690597,-3.278859,-6.099827,-0.002397,-0.006724,0.016844,bmi088,0.009777681000059602,"[[-0.0029294771990871623,-0.005858954398174325,0.019707392066586366],[-0.0023968449810713144,-0.00692421883420602,0.01944107595757844],[-0.001864212763055467,-0.007190534943213944,0.016245282649483356],[-0.0023968449810713144,-0.00692421883420602,0.011984224905356573]]",1076.1251901615,1076.125984114,21.875,308212,"[1826, 3726, -3397]","[[22, -11, 74], [26, -9, 73], [27, -7, 61], [26, -9, 45]]"
11.617568,12.049883,body,0.000000,0.000000,0.000000,0.000000,0.000000,0.000000,0.000000,0.000000,0.000000,0.000000,0.000000,0.000000,6.670844,-3.273472,-6.069301,-0.001398,-0.006791,0.004128,bmi088,0.010033243999941988,"[[-0.0021305288720633907,-0.00692421883420602,0.00825579937924564],[-0.001331580545039619,-0.007456851052221868,0.0055926382891664005],[-0.0010652644360316954,-0.00692421883420602,0.0029294771990871623],[-0.0010652644360316954,-0.005858954398174325,-0.00026631610900792384]]",1076.1352234055,1076.1362606325001,21.875,308477,"[1823, 3715, -3380]","[[26, -8, 31], [28, -5, 21], [26, -4, 11], [22, -4, -1]]"
11.627568,12.059922,body,0.000000,0.000000,0.000000,0.000000,0.000000,0.000000,0.000000,0.000000,0.000000,0.000000,0.000000,0.000000,6.694188,-3.284246,-6.099827,-0.002463,-0.004128,-0.003329,bmi088,0.010131424000064726,"[[-0.001864212763055467,-0.004527373853134706,-0.0021305288720633907],[-0.0021305288720633907,-0.003994741635118857,-0.00346210941710301],[-0.0029294771990871623,-0.003994741635118857,-0.00346210941710301],[-0.0029294771990871623,-0.003994741635118857,-0.004261057744126781]]",1076.1453548295,1076.1461595025,21.875,308734,"[1829, 3728, -3397]","[[17, -7, -8], [15, -8, -13], [15, -11, -13], [15, -11, -16]]"
11.637570,12.069922,body,0.000000,0.000000,0.000000,0.000000,0.000000,0.000000,0.000000,0.000000,0.000000,0.000000,0.000000,0.000000,6.661866,-3.266290,-6.074688,-0.003662,-0.000333,-0.001332,bmi088,0.009884901999839713,"[[-0.002663161090079238,-0.00346210941710301,-0.003195793308095086],[-0.00346210941710301,-0.001331580545039619,-0.001864212763055467],[-0.003994741635118857,0.0007989483270237715,-0.0007989483270237715],[-0.004527373853134706,0.002663161090079238,0.0005326322180158477]]",1076.1552397315,1076.15603642,21.875,308990,"[1819, 3710, -3383]","[[13, -10, -12], [5, -13, -7], [-3, -15, -3], [-10, -17, 2]]"
11.647567,12.079961,body,0.000000,0.000000,0.000000,0.000000,0.000000,0.000000,0.000000,0.000000,0.000000,0.000000,0.000000,0.000000,6.647501,-3.251924,-6.053140,-0.000599,0.001798,0.001864,bmi088,0.009950712000090789,"[[-0.003195793308095086,0.003195793308095086,0.0023968449810713144],[-0.0007989483270237715,0.0023968449810713144,0.00346210941710301],[0.0007989483270237715,0.001331580545039619,0.0021305288720633907],[0.0007989483270237715,0.00026631610900792384,-0.0005326322180158477]]",1076.1651904435,1076.1659830045,21.875,309247,"[1811, 3702, -3371]","[[-12, -12, 9], [-9, -3, 13], [-5, 3, 8], [-1, 3, -2]]"
11.657569,12.090273,body,0.000000,0.000000,0.000000,0.000000,0.000000,0.000000,0.000000,0.000000,0.000000,0.000000,0.000000,0.000000,6.683414,-3.259107,-6.074688,-0.000599,-0.003529,-0.005459,bmi088,0.01002705199994125,"[[0.0,-0.0010652644360316954,-0.002663161090079238],[-0.00026631610900792384,-0.00346210941710301,-0.005326322180158476],[-0.0007989483270237715,-0.005060006071150553,-0.006657902725198096],[-0.001331580545039619,-0.004527373853134706,-0.007190534943213944]]",1076.1752174955,1076.176084011,21.875,309511,"[1815, 3722, -3383]","[[4, 0, -10], [13, -1, -20], [19, -3, -25], [17, -5, -27]]"
11.668485,12.101523,body,0.000000,0.000000,0.000000,0.000000,0.000000,0.000000,0.000000,0.000000,0.000000,0.000000,0.000000,0.000000,6.688801,-3.266290,-6.083666,0.002876,0.001651,-0.003888,bmi088,0.010912784000083775,"[[-0.001331580545039619,-0.0023968449810713144,-0.006125270507182248],[0.0005326322180158477,0.0005326322180158477,-0.004793689962142629],[0.00346210941710301,0.0029294771990871623,-0.003728425526110934],[0.0055926382891664005,0.003728425526110934,-0.0029294771990871623],[0.006125270507182248,0.00346210941710301,-0.001864212763055467]]",1076.1861302795,1076.1872537655,21.875,309799,"[1819, 3725, -3388]","[[9, -5, -23], [-2, 2, -18], [-11, 13, -14], [-14, 21, -11], [-13, 23, -7]]"
11.678558,12.111484,body,0.000000,0.000000,0.000000,0.000000,0.000000,0.000000,0.000000,0.000000,0.000000,0.000000,0.000000,0.000000,6.679823,-3.241150,-6.074688,0.004261,0.001198,-0.002330,bmi088,0.009952504499779025,"[[0.005858954398174325,0.002663161090079238,-0.0010652644360316954],[0.004527373853134706,0.0021305288720633907,-0.001597896654047543],[0.003728425526110934,0.0005326322180158477,-0.002663161090079238],[0.0029294771990871623,-0.0005326322180158477,-0.003994741635118857]]",1076.1960827839998,1076.1971553399999,21.875,310054,"[1805, 3720, -3383]","[[-10, 22, -4], [-8, 17, -6], [-2, 14, -10], [2, 11, -15]]"
11.688558,12.121523,body,0.000000,0.000000,0.000000,0.000000,0.000000,0.000000,0.000000,0.000000,0.000000,0.000000,0.000000,0.000000,6.661866,-3.264494,-6.074688,0.003529,-0.004128,-0.003928,bmi088,0.00987858150028842,"[[0.002663161090079238,-0.001597896654047543,-0.004261057744126781],[0.00346210941710301,-0.003195793308095086,-0.003994741635118857],[0.00346210941710301,-0.005060006071150553,-0.003994741635118857],[0.004527373853134706,-0.006657902725198096,-0.00346210941710301]]",1076.2059613655001,1076.2070633305002,21.875,310311,"[1818, 3710, -3383]","[[6, 10, -16], [12, 13, -15], [19, 13, -15], [25, 17, -13]]"
11.698652,12.131719,body,0.000000,0.000000,0.000000,0.000000,0.000000,0.000000,0.000000,0.000000,0.000000,0.000000,0.000000,0.000000,6.687005,-3.257311,-6.105214,0.002530,-0.008855,0.003196,bmi088,0.010157072999845695,"[[0.004261057744126781,-0.007989483270237714,-0.001864212763055467],[0.003994741635118857,-0.009054747706269411,0.001331580545039619],[0.0021305288720633907,-0.009321063815277334,0.005060006071150553],[-0.00026631610900792384,-0.009054747706269411,0.00825579937924564]]",1076.2161184385,1076.2171838105,21.875,310572,"[1814, 3724, -3400]","[[30, 16, -7], [34, 15, 5], [35, 8, 19], [34, -1, 31]]"
11.708728,12.141836,body,0.000000,0.000000,0.000000,0.000000,0.000000,0.000000,0.000000,0.000000,0.000000,0.000000,0.000000,0.000000,6.688801,-3.239355,-6.087258,-0.002530,-0.003129,0.011052,bmi088,0.010009530500155961,"[[-0.0023968449810713144,-0.007190534943213944,0.011185276578332801],[-0.003728425526110934,-0.004793689962142629,0.013049489341388268],[-0.0029294771990871623,-0.001597896654047543,0.01171790879634865],[-0.0010652644360316954,0.0010652644360316954,0.00825579937924564]]",1076.2261279690001,1076.227193133,21.875,310831,"[1804, 3725, -3390]","[[27, -9, 42], [18, -14, 49], [6, -11, 44], [-4, -4, 31]]"
11.718727,12.152461,body,0.000000,0.000000,0.000000,0.000000,0.000000,0.000000,0.000000,0.000000,0.000000,0.000000,0.000000,0.000000,6.676231,-3.266290,-6.058527,0.000000,0.003595,0.000732,bmi088,0.010398587499821588,"[[0.0,0.0029294771990871623,0.004793689962142629],[0.0,0.003728425526110934,0.0021305288720633907],[-0.0005326322180158477,0.003994741635118857,-0.0005326322180158477],[0.0005326322180158477,0.003728425526110934,-0.00346210941710301]]",1076.2365265565,1076.2376905400001,21.875,311103,"[1819, 3718, -3374]","[[-11, 0, 18], [-14, 0, 8], [-15, -2, -2], [-14, 2, -13]]"
11.729547,12.163086,body,0.000000,0.000000,0.000000,0.000000,0.000000,0.000000,0.000000,0.000000,0.000000,0.000000,0.000000,0.000000,6.660070,-3.278859,-6.033388,0.002530,0.001598,-0.010253,bmi088,0.010581730500234698,"[[0.0005326322180158477,0.0029294771990871623,-0.00825579937924564],[0.001331580545039619,0.0021305288720633907,-0.010918960469324878],[0.0029294771990871623,0.0010652644360316954,-0.012250541014364496],[0.005326322180158476,0.00026631610900792384,-0.009587379924285258]]",1076.2471082870002,1076.2481913870001,21.875,311375,"[1826, 3709, -3360]","[[-11, 2, -31], [-8, 5, -41], [-4, 11, -46], [-1, 20, -36]]"
11.739617,12.173125,body,0.000000,0.000000,0.000000,0.000000,0.000000,0.000000,0.000000,0.000000,0.000000,0.000000,0.000000,0.000000,6.688801,-3.264494,-6.069301,0.008988,-0.002264,-0.002597,bmi088,0.009935191499835128,"[[0.006391586616190172,-0.0007989483270237715,-0.006391586616190172],[0.007989483270237714,-0.001864212763055467,-0.003728425526110934],[0.010120012142301106,-0.0029294771990871623,-0.001597896654047543],[0.011451592687340724,-0.00346210941710301,0.001331580545039619]]",1076.2570434785,1076.2581116345,21.875,311632,"[1818, 3725, -3380]","[[3, 24, -24], [7, 30, -14], [11, 38, -6], [13, 43, 5]]"
11.749617,12.183242,body,0.000000,0.000000,0.000000,0.000000,0.000000,0.000000,0.000000,0.000000,0.000000,0.000000,0.000000,0.000000,6.687005,-3.251924,-6.101623,0.008988,-0.001997,0.004261,bmi088,0.010029948000010336,"[[0.011451592687340724,-0.003195793308095086,0.004527373853134706],[0.009853696033293183,-0.0023968449810713144,0.006125270507182248],[0.007989483270237714,-0.001597896654047543,0.004261057744126781],[0.006657902725198096,-0.0007989483270237715,0.0021305288720633907]]",1076.2670734265,1076.2681245734998,21.875,311891,"[1811, 3724, -3398]","[[12, 43, 17], [9, 37, 23], [6, 30, 16], [3, 25, 8]]"
11.759906,12.194102,body,0.000000,0.000000,0.000000,0.000000,0.000000,0.000000,0.000000,0.000000,0.000000,0.000000,0.000000,0.000000,6.670844,-3.248333,-6.078279,0.003662,-0.000732,-0.001198,bmi088,0.0107520569999906,"[[0.005858954398174325,-0.0007989483270237715,0.0],[0.004793689962142629,-0.001597896654047543,-0.0005326322180158477],[0.0029294771990871623,-0.0007989483270237715,-0.001597896654047543],[0.0010652644360316954,0.00026631610900792384,-0.002663161090079238]]",1076.2778254835,1076.278882791,21.875,312169,"[1809, 3715, -3385]","[[3, 22, 0], [6, 18, -2], [3, 11, -6], [-1, 4, -10]]"
11.770432,12.204453,body,0.000000,0.000000,0.000000,0.000000,0.000000,0.000000,0.000000,0.000000,0.000000,0.000000,0.000000,0.000000,6.670844,-3.239355,-6.071097,0.004927,-0.001332,-0.007457,bmi088,0.010213122500090321,"[[0.001597896654047543,0.0007989483270237715,-0.003994741635118857],[0.003728425526110934,-0.00026631610900792384,-0.006391586616190172],[0.006391586616190172,-0.0021305288720633907,-0.008788431597261486],[0.007989483270237714,-0.003728425526110934,-0.010652644360316953]]",1076.288038606,1076.289119834,21.875,312434,"[1804, 3715, -3381]","[[-3, 6, -15], [1, 14, -24], [8, 24, -33], [14, 30, -40]]"
11.782218,12.216523,body,0.000000,0.000000,0.000000,0.000000,0.000000,0.000000,0.000000,0.000000,0.000000,0.000000,0.000000,0.000000,6.676231,-3.266290,-6.081871,0.001172,-0.003888,-0.002876,bmi088,0.01192909649989815,"[[0.007190534943213944,-0.004261057744126781,-0.009321063815277334],[0.005326322180158476,-0.004261057744126781,-0.005858954398174325],[0.001597896654047543,-0.003728425526110934,-0.001864212763055467],[-0.002663161090079238,-0.003994741635118857,0.0005326322180158477],[-0.0055926382891664005,-0.003195793308095086,0.0021305288720633907]]",1076.2999677025,1076.30103757,21.875,312743,"[1819, 3718, -3387]","[[16, 27, -35], [16, 20, -22], [14, 6, -7], [15, -10, 2], [12, -21, 8]]"
11.792290,12.227422,body,0.000000,0.000000,0.000000,0.000000,0.000000,0.000000,0.000000,0.000000,0.000000,0.000000,0.000000,0.000000,6.690597,-3.268085,-6.078279,-0.001931,-0.000866,0.004993,bmi088,0.010043787000086013,"[[-0.005060006071150553,-0.0023968449810713144,0.0029294771990871623],[-0.0023968449810713144,-0.0010652644360316954,0.003728425526110934],[0.0,-0.00026631610900792384,0.0055926382891664005],[-0.00026631610900792384,0.00026631610900792384,0.007723167161229791]]",1076.3100114895,1076.311830284,21.875,313022,"[1820, 3726, -3385]","[[9, -19, 11], [4, -9, 14], [1, 0, 21], [-1, -1, 29]]"
11.802924,12.237383,body,0.000000,0.000000,0.000000,0.000000,0.000000,0.000000,0.000000,0.000000,0.000000,0.000000,0.000000,0.000000,6.681618,-3.268085,-6.069301,-0.003129,0.000799,0.006724,bmi088,0.010646643499967468,"[[-0.0023968449810713144,0.0007989483270237715,0.00825579937924564],[-0.003195793308095086,0.0005326322180158477,0.007723167161229791],[-0.00346210941710301,0.001331580545039619,0.006657902725198096],[-0.00346210941710301,0.0005326322180158477,0.004261057744126781]]",1076.320658133,1076.3216961435,21.875,313277,"[1820, 3721, -3380]","[[-3, -9, 31], [-2, -12, 29], [-5, -13, 25], [-2, -13, 16]]"
11.813082,12.247617,body,0.000000,0.000000,0.000000,0.000000,0.000000,0.000000,0.000000,0.000000,0.000000,0.000000,0.000000,0.000000,6.658275,-3.273472,-6.036979,-0.000053,-0.001438,-0.003409,bmi088,0.010101197500034687,"[[-0.002663161090079238,0.00026631610900792384,0.0],[-0.0010652644360316954,-0.00026631610900792384,-0.003195793308095086],[0.0007989483270237715,-0.0007989483270237715,-0.004793689962142629],[0.0010652644360316954,-0.0021305288720633907,-0.004793689962142629],[0.001597896654047543,-0.004261057744126781,-0.004261057744126781]]",1076.3307593305,1076.3318330225,21.875,313539,"[1823, 3708, -3362]","[[-1, -10, 0], [1, -4, -12], [3, 3, -18], [8, 4, -18], [16, 6, -16]]"
11.823154,12.258008,body,0.000000,0.000000,0.000000,0.000000,0.000000,0.000000,0.000000,0.000000,0.000000,0.000000,0.000000,0.000000,6.683414,-3.246537,-6.083666,0.002597,-0.005593,0.000666,bmi088,0.010252995999735504,"[[0.0021305288720633907,-0.006125270507182248,-0.003195793308095086],[0.003195793308095086,-0.006657902725198096,-0.0010652644360316954],[0.0029294771990871623,-0.005858954398174325,0.001864212763055467],[0.0021305288720633907,-0.003728425526110934,0.005060006071150553]]",1076.3410123264998,1076.3420680015001,21.875,313805,"[1808, 3722, -3388]","[[23, 8, -12], [25, 12, -4], [22, 11, 7], [14, 8, 19]]"
11.833779,12.268594,body,0.000000,0.000000,0.000000,0.000000,0.000000,0.000000,0.000000,0.000000,0.000000,0.000000,0.000000,0.000000,6.683414,-3.271677,-6.103419,-0.000333,-0.002397,0.007790,bmi088,0.010511486000268633,"[[0.0005326322180158477,-0.00346210941710301,0.007723167161229791],[-0.00026631610900792384,-0.002663161090079238,0.008522115488253563],[-0.0010652644360316954,-0.0023968449810713144,0.00825579937924564],[-0.0005326322180158477,-0.0010652644360316954,0.006657902725198096]]",1076.3515238125,1076.3525772634998,21.875,314076,"[1822, 3722, -3399]","[[13, 2, 29], [10, -1, 32], [9, -4, 31], [4, -2, 25]]"
11.843849,12.278867,body,0.000000,0.000000,0.000000,0.000000,0.000000,0.000000,0.000000,0.000000,0.000000,0.000000,0.000000,0.000000,6.678027,-3.250129,-6.072893,0.000000,-0.000866,0.001265,bmi088,0.010093821500049671,"[[-0.0005326322180158477,-0.0010652644360316954,0.0055926382891664005],[-0.00026631610900792384,-0.0010652644360316954,0.0029294771990871623],[0.0,-0.0007989483270237715,-0.00026631610900792384],[0.0007989483270237715,-0.0005326322180158477,-0.003195793308095086]]",1076.3616176340001,1076.3627079505,21.875,314339,"[1810, 3719, -3382]","[[4, -2, 21], [4, -1, 11], [3, 0, -1], [2, 3, -12]]"
11.853850,12.288867,body,0.000000,0.000000,0.000000,0.000000,0.000000,0.000000,0.000000,0.000000,0.000000,0.000000,0.000000,0.000000,6.669049,-3.228581,-6.056732,0.001997,-0.000866,-0.007324,bmi088,0.009937894499671529,"[[0.0021305288720633907,0.0,-0.005060006071150553],[0.0010652644360316954,-0.0005326322180158477,-0.006391586616190172],[0.001864212763055467,-0.0007989483270237715,-0.008788431597261486],[0.0029294771990871623,-0.0021305288720633907,-0.009054747706269411]]",1076.3715555284998,1076.3726035715,21.875,314595,"[1798, 3714, -3373]","[[0, 8, -19], [2, 4, -24], [3, 7, -33], [8, 11, -34]]"
11.865254,12.303203,body,0.000000,0.000000,0.000000,0.000000,0.000000,0.000000,0.000000,0.000000,0.000000,0.000000,0.000000,0.000000,6.683414,-3.224990,-6.092645,0.003662,-0.002663,-0.000533,bmi088,0.011365377500169416,"[[0.005060006071150553,-0.0029294771990871623,-0.006391586616190172],[0.004793689962142629,-0.003195793308095086,-0.0021305288720633907],[0.0029294771990871623,-0.002663161090079238,0.0021305288720633907],[0.001864212763055467,-0.001864212763055467,0.004261057744126781]]",1076.382920906,1076.38678684,21.875,314962,"[1796, 3722, -3393]","[[11, 19, -24], [12, 18, -8], [10, 11, 8], [7, 7, 16]]"
11.877729,12.312930,body,0.000000,0.000000,0.000000,0.000000,0.000000,0.000000,0.000000,0.000000,0.000000,0.000000,0.000000,0.000000,6.710349,-3.248333,-6.085462,-0.002823,-0.003089,0.010493,bmi088,0.012650182000015775,"[[0.0007989483270237715,-0.0021305288720633907,0.006391586616190172],[-0.001331580545039619,-0.0021305288720633907,0.009054747706269411],[-0.003728425526110934,-0.003195793308095086,0.01171790879634865],[-0.0055926382891664005,-0.003994741635118857,0.013049489341388268],[-0.004261057744126781,-0.003994741635118857,0.012250541014364496]]",1076.395571088,1076.3964174745001,21.875,315211,"[1809, 3737, -3389]","[[8, 3, 24], [8, -5, 34], [12, -14, 44], [15, -21, 49], [15, -16, 46]]"
11.887800,12.322930,body,0.000000,0.000000,0.000000,0.000000,0.000000,0.000000,0.000000,0.000000,0.000000,0.000000,0.000000,0.000000,6.652888,-3.253720,-6.054936,-0.000599,-0.000067,0.001598,bmi088,0.00988509199987675,"[[-0.001864212763055467,-0.002663161090079238,0.009321063815277334],[0.0005326322180158477,-0.00026631610900792384,0.004261057744126781],[0.00026631610900792384,0.0010652644360316954,-0.001597896654047543],[-0.001331580545039619,0.001597896654047543,-0.0055926382891664005]]",1076.4054561799999,1076.406274214,21.875,315467,"[1812, 3705, -3372]","[[10, -7, 35], [1, 2, 16], [-4, 1, -6], [-6, -5, -21]]"
11.897751,12.333008,body,0.000000,0.000000,0.000000,0.000000,0.000000,0.000000,0.000000,0.000000,0.000000,0.000000,0.000000,0.000000,6.676231,-3.262698,-6.054936,0.001598,0.000932,-0.011918,bmi088,0.009993481500259804,"[[-0.001597896654047543,0.001864212763055467,-0.008522115488253563],[0.0,0.001864212763055467,-0.01171790879634865],[0.002663161090079238,0.0010652644360316954,-0.013315805450396193],[0.005326322180158476,-0.0010652644360316954,-0.014114753777419964]]",1076.4154496615001,1076.4162482860002,21.875,315725,"[1817, 3718, -3372]","[[-7, -6, -32], [-7, 0, -44], [-4, 10, -50], [4, 20, -53]]"
11.907822,12.343125,body,0.000000,0.000000,0.000000,0.000000,0.000000,0.000000,0.000000,0.000000,0.000000,0.000000,0.000000,0.000000,6.669049,-3.239355,-6.092645,0.004328,-0.001132,-0.010986,bmi088,0.01002484249988811,"[[0.006391586616190172,-0.0021305288720633907,-0.013582121559404116],[0.006125270507182248,-0.001597896654047543,-0.013049489341388268],[0.003728425526110934,-0.00026631610900792384,-0.01038632825130903],[0.0010652644360316954,-0.0005326322180158477,-0.00692421883420602]]",1076.425474504,1076.4262788085,21.875,315984,"[1804, 3714, -3393]","[[8, 24, -51], [6, 23, -49], [1, 14, -39], [2, 4, -26]]"
11.917821,12.352656,body,0.000000,0.000000,0.000000,0.000000,0.000000,0.000000,0.000000,0.000000,0.000000,0.000000,0.000000,0.000000,6.660070,-3.237559,-6.072893,-0.003728,-0.002197,-0.000533,bmi088,0.009360798999978215,"[[-0.001597896654047543,-0.001331580545039619,-0.003728425526110934],[-0.003728425526110934,-0.001864212763055467,-0.0021305288720633907],[-0.004793689962142629,-0.0023968449810713144,0.0005326322180158477],[-0.004793689962142629,-0.003195793308095086,0.003195793308095086]]",1076.434835303,1076.4356959625002,21.875,316228,"[1803, 3709, -3382]","[[5, -6, -14], [7, -14, -8], [9, -18, 2], [12, -18, 12]]"
11.927837,12.362734,body,0.000000,0.000000,0.000000,0.000000,0.000000,0.000000,0.000000,0.000000,0.000000,0.000000,0.000000,0.000000,6.649297,-3.273472,-6.051345,-0.003063,-0.003196,0.002131,bmi088,0.010131935000117664,"[[-0.003994741635118857,-0.00346210941710301,0.004527373853134706],[-0.002663161090079238,-0.00346210941710301,0.003195793308095086],[-0.0023968449810713144,-0.002663161090079238,0.0010652644360316954],[-0.003195793308095086,-0.003195793308095086,-0.00026631610900792384]]",1076.4449672380001,1076.4456714745002,21.875,316486,"[1823, 3703, -3370]","[[13, -15, 17], [13, -10, 12], [10, -9, 4], [12, -12, -1]]"
11.937906,12.372969,body,0.000000,0.000000,0.000000,0.000000,0.000000,0.000000,0.000000,0.000000,0.000000,0.000000,0.000000,0.000000,6.654684,-3.260903,-6.056732,-0.002530,-0.005193,-0.000266,bmi088,0.00994784699992124,"[[-0.003728425526110934,-0.003728425526110934,-0.001331580545039619],[-0.00346210941710301,-0.005060006071150553,-0.001597896654047543],[-0.002663161090079238,-0.005858954398174325,-0.00026631610900792384],[-0.00026631610900792384,-0.006125270507182248,0.0021305288720633907]]",1076.454915085,1076.4557757925,21.875,316748,"[1816, 3706, -3373]","[[14, -14, -5], [19, -13, -6], [22, -10, -1], [23, -1, 8]]"
11.947908,12.382773,body,0.000000,0.000000,0.000000,0.000000,0.000000,0.000000,0.000000,0.000000,0.000000,0.000000,0.000000,0.000000,6.679823,-3.244742,-6.110601,0.000266,-0.007324,0.005393,bmi088,0.00983469049992891,"[[0.001331580545039619,-0.006391586616190172,0.004261057744126781],[0.0007989483270237715,-0.00692421883420602,0.005326322180158476],[-0.00026631610900792384,-0.007989483270237714,0.0055926382891664005],[-0.0007989483270237715,-0.007989483270237714,0.006391586616190172]]",1076.4647497755,1076.4655082704999,21.875,316999,"[1807, 3720, -3403]","[[24, 5, 16], [26, 3, 20], [30, -1, 21], [30, -3, 24]]"
11.957911,12.395234,body,0.000000,0.000000,0.000000,0.000000,0.000000,0.000000,0.000000,0.000000,0.000000,0.000000,0.000000,0.000000,6.744466,-3.255516,-6.083666,-0.001971,-0.002344,0.010120,bmi088,0.011179449999872304,"[[0.0005326322180158477,-0.005858954398174325,0.007190534943213944],[0.0010652644360316954,-0.00346210941710301,0.009321063815277334],[0.0,-0.001331580545039619,0.01038632825130903],[-0.003994741635118857,-0.00026631610900792384,0.011984224905356573],[-0.007456851052221868,-0.0007989483270237715,0.01171790879634865]]",1076.4759292254998,1076.477815926,21.875,317318,"[1813, 3756, -3388]","[[22, 2, 27], [13, 4, 35], [5, 0, 39], [1, -15, 45], [3, -28, 44]]"
11.969650,12.405664,body,0.000000,0.000000,0.000000,0.000000,0.000000,0.000000,0.000000,0.000000,0.000000,0.000000,0.000000,0.000000,6.699575,-3.260903,-6.062119,-0.002597,-0.000999,0.008123,bmi088,0.011048275500115778,"[[-0.007989483270237714,-0.0021305288720633907,0.010918960469324878],[-0.003994741635118857,-0.002663161090079238,0.009853696033293183],[-0.0007989483270237715,-0.0007989483270237715,0.007190534943213944],[0.0023968449810713144,0.001597896654047543,0.004527373853134706]]",1076.486977501,1076.488132381,21.875,317585,"[1816, 3731, -3376]","[[8, -30, 41], [10, -15, 37], [3, -3, 27], [-6, 9, 17]]"
11.979721,12.416016,body,0.000000,0.000000,0.000000,0.000000,0.000000,0.000000,0.000000,0.000000,0.000000,0.000000,0.000000,0.000000,6.661866,-3.271677,-6.045958,0.003063,0.002863,-0.008788,bmi088,0.01032986350014653,"[[0.0029294771990871623,0.002663161090079238,-0.0005326322180158477],[0.0029294771990871623,0.0029294771990871623,-0.006391586616190172],[0.00346210941710301,0.0029294771990871623,-0.011984224905356573],[0.0029294771990871623,0.0029294771990871623,-0.016245282649483356]]",1076.4973073645,1076.4983803685,21.875,317850,"[1822, 3710, -3367]","[[-10, 11, -2], [-11, 11, -24], [-11, 13, -45], [-11, 11, -61]]"
11.989723,12.426914,body,0.000000,0.000000,0.000000,0.000000,0.000000,0.000000,0.000000,0.000000,0.000000,0.000000,0.000000,0.000000,6.669049,-3.271677,-6.049549,0.006125,0.002463,-0.017777,bmi088,0.010742167499984134,"[[0.00346210941710301,0.0021305288720633907,-0.018375811521546746],[0.004793689962142629,0.0023968449810713144,-0.018375811521546746],[0.007989483270237714,0.0023968449810713144,-0.018375811521546746],[0.00825579937924564,0.0029294771990871623,-0.01597896654047543]]",1076.508049532,1076.509158761,21.875,318129,"[1822, 3714, -3369]","[[-8, 13, -69], [-9, 18, -69], [-9, 30, -69], [-11, 31, -60]]"
12.000278,12.436914,body,0.000000,0.000000,0.000000,0.000000,0.000000,0.000000,0.000000,0.000000,0.000000,0.000000,0.000000,0.000000,6.685210,-3.255516,-6.078279,0.009454,0.001065,-0.008722,bmi088,0.00992829450001409,"[[0.008522115488253563,0.0029294771990871623,-0.014381069886427887],[0.008788431597261486,0.0021305288720633907,-0.01038632825130903],[0.01038632825130903,0.0005326322180158477,-0.00692421883420602],[0.010120012142301106,-0.001331580545039619,-0.003195793308095086]]",1076.5179778265,1076.5190366535,21.875,318385,"[1813, 3723, -3385]","[[-11, 32, -54], [-8, 33, -39], [-2, 39, -26], [5, 38, -12]]"
12.010353,12.447109,body,0.000000,0.000000,0.000000,0.000000,0.000000,0.000000,0.000000,0.000000,0.000000,0.000000,0.000000,0.000000,6.672640,-3.273472,-6.072893,0.004261,-0.001398,-0.000666,bmi088,0.010085804499794904,"[[0.00825579937924564,-0.001597896654047543,-0.0007989483270237715],[0.0055926382891664005,-0.0010652644360316954,0.0005326322180158477],[0.002663161090079238,-0.0005326322180158477,-0.00026631610900792384],[0.0005326322180158477,-0.0023968449810713144,-0.0021305288720633907]]",1076.528063631,1076.5291184425,21.875,318646,"[1823, 3716, -3382]","[[6, 31, -3], [4, 21, 2], [2, 10, -1], [9, 2, -8]]"
12.020504,12.458242,body,0.000000,0.000000,0.000000,0.000000,0.000000,0.000000,0.000000,0.000000,0.000000,0.000000,0.000000,0.000000,6.667253,-3.269881,-6.063914,-0.001491,-0.007244,0.000426,bmi088,0.010253956000042308,"[[-0.001331580545039619,-0.005326322180158476,-0.0029294771990871623],[-0.001597896654047543,-0.007190534943213944,-0.0021305288720633907],[-0.001331580545039619,-0.007989483270237714,0.0005326322180158477],[-0.0010652644360316954,-0.007723167161229791,0.0023968449810713144],[-0.0021305288720633907,-0.007989483270237714,0.004261057744126781]]",1076.538317587,1076.5401135485,21.875,318931,"[1821, 3713, -3377]","[[20, -5, -11], [27, -6, -8], [30, -5, 2], [29, -4, 9], [30, -8, 16]]"
12.031380,12.468438,body,0.000000,0.000000,0.000000,0.000000,0.000000,0.000000,0.000000,0.000000,0.000000,0.000000,0.000000,0.000000,6.704962,-3.264494,-6.085462,-0.007257,-0.005260,0.008123,bmi088,0.010765704500045103,"[[-0.004527373853134706,-0.00692421883420602,0.004527373853134706],[-0.007190534943213944,-0.006125270507182248,0.007190534943213944],[-0.008522115488253563,-0.005060006071150553,0.009587379924285258],[-0.008788431597261486,-0.0029294771990871623,0.011185276578332801]]",1076.5490832915,1076.55021689,21.875,319192,"[1818, 3734, -3389]","[[26, -17, 17], [23, -27, 27], [19, -32, 36], [11, -33, 42]]"
12.041450,12.478555,body,0.000000,0.000000,0.000000,0.000000,0.000000,0.000000,0.000000,0.000000,0.000000,0.000000,0.000000,0.000000,6.692392,-3.257311,-6.103419,-0.005260,-0.003196,0.009721,bmi088,0.010122238499889136,"[[-0.007456851052221868,-0.001597896654047543,0.010918960469324878],[-0.006657902725198096,-0.0010652644360316954,0.010652644360316953],[-0.004261057744126781,-0.003994741635118857,0.009321063815277334],[-0.002663161090079238,-0.006125270507182248,0.007989483270237714]]",1076.5592055299999,1076.5602505165,21.875,319451,"[1814, 3727, -3399]","[[6, -28, 41], [4, -25, 40], [15, -16, 35], [23, -10, 30]]"
12.051451,12.488359,body,0.000000,0.000000,0.000000,0.000000,0.000000,0.000000,0.000000,0.000000,0.000000,0.000000,0.000000,0.000000,6.703166,-3.280655,-6.089053,-0.004194,-0.005260,0.004794,bmi088,0.009692780500245135,"[[-0.0021305288720633907,-0.00692421883420602,0.005858954398174325],[-0.003728425526110934,-0.006125270507182248,0.0055926382891664005],[-0.004793689962142629,-0.004793689962142629,0.004527373853134706],[-0.006125270507182248,-0.003195793308095086,0.003195793308095086]]",1076.5688983105001,1076.5699434095,21.875,319702,"[1827, 3733, -3391]","[[26, -8, 22], [23, -14, 21], [18, -18, 17], [12, -23, 12]]"
12.062186,12.499492,body,0.000000,0.000000,0.000000,0.000000,0.000000,0.000000,0.000000,0.000000,0.000000,0.000000,0.000000,0.000000,6.683414,-3.280655,-6.103419,-0.001065,-0.000732,0.002131,bmi088,0.011000994499909211,"[[-0.004261057744126781,-0.001597896654047543,0.001331580545039619],[-0.0021305288720633907,-0.0005326322180158477,0.001331580545039619],[0.0005326322180158477,-0.0005326322180158477,0.0021305288720633907],[0.001597896654047543,-0.00026631610900792384,0.003728425526110934]]",1076.579899305,1076.5809509805,21.875,319987,"[1827, 3722, -3399]","[[6, -16, 5], [2, -8, 5], [2, 2, 8], [1, 6, 14]]"
12.072256,12.509766,body,0.000000,0.000000,0.000000,0.000000,0.000000,0.000000,0.000000,0.000000,0.000000,0.000000,0.000000,0.000000,6.681618,-3.262698,-6.087258,0.002064,0.000333,0.001531,bmi088,0.010122254500174677,"[[0.002663161090079238,0.0,0.004527373853134706],[0.0023968449810713144,0.00026631610900792384,0.003195793308095086],[0.0021305288720633907,0.0005326322180158477,0.001331580545039619],[0.0010652644360316954,0.0005326322180158477,-0.0029294771990871623]]",1076.5900215595002,1076.591092659,21.875,320250,"[1817, 3721, -3390]","[[0, 10, 17], [-1, 9, 12], [-2, 8, 5], [-2, 4, -11]]"
12.082261,12.520078,body,0.000000,0.000000,0.000000,0.000000,0.000000,0.000000,0.000000,0.000000,0.000000,0.000000,0.000000,0.000000,6.667253,-3.255516,-6.054936,0.002863,0.002131,-0.008456,bmi088,0.010224417999779689,"[[0.001597896654047543,0.001331580545039619,-0.0055926382891664005],[0.0023968449810713144,0.0021305288720633907,-0.008788431597261486],[0.003728425526110934,0.0029294771990871623,-0.009853696033293183],[0.003728425526110934,0.0021305288720633907,-0.009587379924285258]]",1076.6002459775,1076.6013002129998,21.875,320514,"[1813, 3713, -3372]","[[-5, 6, -21], [-8, 9, -33], [-11, 14, -37], [-8, 14, -36]]"
12.093038,12.530430,body,0.000000,0.000000,0.000000,0.000000,0.000000,0.000000,0.000000,0.000000,0.000000,0.000000,0.000000,0.000000,6.658275,-3.262698,-6.071097,0.005726,0.000866,-0.009654,bmi088,0.010233939000045211,"[[0.004261057744126781,0.0007989483270237715,-0.008788431597261486],[0.005060006071150553,0.00026631610900792384,-0.009054747706269411],[0.00692421883420602,0.0007989483270237715,-0.010120012142301106],[0.006657902725198096,0.001597896654047543,-0.010652644360316953]]",1076.6104799165,1076.611529976,21.875,320779,"[1817, 3708, -3381]","[[-3, 16, -33], [-1, 19, -34], [-3, 26, -38], [-6, 25, -40]]"
12.103106,12.540938,body,0.000000,0.000000,0.000000,0.000000,0.000000,0.000000,0.000000,0.000000,0.000000,0.000000,0.000000,0.000000,6.681618,-3.266290,-6.081871,0.001758,-0.001119,-0.006605,bmi088,0.010413050499892051,"[[0.006391586616190172,0.0021305288720633907,-0.009587379924285258],[0.004793689962142629,0.001331580545039619,-0.008788431597261486],[0.0029294771990871623,-0.0007989483270237715,-0.007456851052221868],[-0.001331580545039619,-0.00346210941710301,-0.005326322180158476],[-0.003994741635118857,-0.004793689962142629,-0.001864212763055467]]",1076.620892967,1076.6219447545,21.875,321048,"[1819, 3721, -3387]","[[-8, 24, -36], [-5, 18, -33], [3, 11, -28], [13, -5, -20], [18, -15, -7]]"
12.113064,12.550898,body,0.000000,0.000000,0.000000,0.000000,0.000000,0.000000,0.000000,0.000000,0.000000,0.000000,0.000000,0.000000,6.681618,-3.250129,-6.103419,-0.004061,-0.004661,0.005926,bmi088,0.00987341250015561,"[[-0.005858954398174325,-0.005326322180158476,0.001331580545039619],[-0.005060006071150553,-0.005326322180158476,0.004793689962142629],[-0.003728425526110934,-0.004527373853134706,0.007190534943213944],[-0.001597896654047543,-0.00346210941710301,0.01038632825130903]]",1076.6307663795,1076.6318063735,21.875,321303,"[1810, 3721, -3399]","[[20, -22, 5], [20, -19, 18], [17, -14, 27], [13, -6, 39]]"
12.123703,12.561836,body,0.000000,0.000000,0.000000,0.000000,0.000000,0.000000,0.000000,0.000000,0.000000,0.000000,0.000000,0.000000,6.678027,-3.259107,-6.101623,-0.000866,-0.001198,0.011052,bmi088,0.010747240000000602,"[[-0.0010652644360316954,-0.001864212763055467,0.01171790879634865],[-0.0010652644360316954,-0.0007989483270237715,0.01171790879634865],[-0.0007989483270237715,-0.0007989483270237715,0.010918960469324878],[-0.0005326322180158477,-0.001331580545039619,0.009853696033293183]]",1076.6415136195,1076.6425856155001,21.875,321583,"[1815, 3719, -3398]","[[7, -4, 44], [3, -4, 44], [3, -3, 41], [5, -2, 37]]"
12.133773,12.572031,body,0.000000,0.000000,0.000000,0.000000,0.000000,0.000000,0.000000,0.000000,0.000000,0.000000,0.000000,0.000000,6.649297,-3.253720,-6.071097,-0.002397,-0.003063,0.003462,bmi088,0.01011921400004212,"[[-0.001331580545039619,-0.002663161090079238,0.009054747706269411],[-0.0029294771990871623,-0.003195793308095086,0.0055926382891664005],[-0.003728425526110934,-0.00346210941710301,0.001597896654047543],[-0.001597896654047543,-0.0029294771990871623,-0.0023968449810713144]]",1076.6516328335001,1076.652700701,21.875,321844,"[1812, 3703, -3381]","[[10, -5, 34], [12, -11, 21], [13, -14, 6], [11, -6, -9]]"
12.143776,12.581680,body,0.000000,0.000000,0.000000,0.000000,0.000000,0.000000,0.000000,0.000000,0.000000,0.000000,0.000000,0.000000,6.679823,-3.237559,-6.085462,-0.000266,-0.004328,-0.003329,bmi088,0.00956624749983348,"[[-0.0005326322180158477,-0.002663161090079238,-0.005060006071150553],[-0.00026631610900792384,-0.003195793308095086,-0.0055926382891664005],[-0.0010652644360316954,-0.004793689962142629,-0.003994741635118857],[0.0007989483270237715,-0.006657902725198096,0.001331580545039619]]",1076.661199081,1076.6622483395,21.875,322091,"[1803, 3720, -3389]","[[10, -2, -19], [12, -1, -21], [18, -4, -15], [25, 3, 5]]"
12.153773,12.592109,body,0.000000,0.000000,0.000000,0.000000,0.000000,0.000000,0.000000,0.000000,0.000000,0.000000,0.000000,0.000000,6.683414,-3.253720,-6.096236,0.000932,-0.007657,0.007657,bmi088,0.010531759000059537,"[[0.001331580545039619,-0.00825579937924564,0.0055926382891664005],[0.002663161090079238,-0.008522115488253563,0.008522115488253563],[0.0005326322180158477,-0.007723167161229791,0.00825579937924564],[-0.0007989483270237715,-0.006125270507182248,0.00825579937924564]]",1076.67173084,1076.6725250485001,21.875,322358,"[1812, 3722, -3395]","[[31, 5, 21], [32, 10, 32], [29, 2, 31], [23, -3, 31]]"
12.163774,12.602227,body,0.000000,0.000000,0.000000,0.000000,0.000000,0.000000,0.000000,0.000000,0.000000,0.000000,0.000000,0.000000,6.674436,-3.255516,-6.105214,-0.002530,-0.001598,0.006458,bmi088,0.00973505449996992,"[[-0.0029294771990871623,-0.003728425526110934,0.00825579937924564],[-0.00346210941710301,-0.001597896654047543,0.007989483270237714],[-0.002663161090079238,-0.0005326322180158477,0.006125270507182248],[-0.0010652644360316954,-0.0005326322180158477,0.00346210941710301]]",1076.6814658945,1076.6825503549999,21.875,322617,"[1813, 3717, -3400]","[[14, -11, 31], [6, -13, 30], [2, -10, 23], [2, -4, 13]]"
12.173773,12.612422,body,0.000000,0.000000,0.000000,0.000000,0.000000,0.000000,0.000000,0.000000,0.000000,0.000000,0.000000,0.000000,6.670844,-3.260903,-6.083666,0.006125,-0.000266,-0.003862,bmi088,0.010104622000199015,"[[0.001331580545039619,-0.00026631610900792384,0.00026631610900792384],[0.004527373853134706,0.0,-0.0029294771990871623],[0.00825579937924564,-0.00026631610900792384,-0.005060006071150553],[0.01038632825130903,-0.0005326322180158477,-0.007723167161229791]]",1076.6915705165002,1076.6926302235,21.875,322878,"[1816, 3715, -3388]","[[1, 5, 1], [0, 17, -11], [1, 31, -19], [2, 39, -29]]"
12.183774,12.622500,body,0.000000,0.000000,0.000000,0.000000,0.000000,0.000000,0.000000,0.000000,0.000000,0.000000,0.000000,0.000000,6.663662,-3.244742,-6.062119,0.009654,-0.002064,-0.012384,bmi088,0.009972695999749703,"[[0.011185276578332801,-0.0007989483270237715,-0.010652644360316953],[0.011185276578332801,-0.001597896654047543,-0.013049489341388268],[0.009054747706269411,-0.0029294771990871623,-0.013315805450396193],[0.007190534943213944,-0.0029294771990871623,-0.012516857123372421]]",1076.7015432125,1076.7026289205,21.875,323136,"[1807, 3711, -3376]","[[3, 42, -40], [6, 42, -49], [11, 34, -50], [11, 27, -47]]"
12.193921,12.632656,body,0.000000,0.000000,0.000000,0.000000,0.000000,0.000000,0.000000,0.000000,0.000000,0.000000,0.000000,0.000000,6.670844,-3.257311,-6.072893,0.002996,-0.003795,-0.005459,bmi088,0.010046091000049273,"[[0.003994741635118857,-0.003195793308095086,-0.010652644360316953],[0.00346210941710301,-0.0023968449810713144,-0.007989483270237714],[0.0029294771990871623,-0.004261057744126781,-0.004261057744126781],[0.001597896654047543,-0.005326322180158476,0.0010652644360316954]]",1076.7115893035,1076.712652211,21.875,323396,"[1814, 3715, -3382]","[[12, 15, -40], [9, 13, -30], [16, 11, -16], [20, 6, 4]]"
12.203990,12.642891,body,0.000000,0.000000,0.000000,0.000000,0.000000,0.000000,0.000000,0.000000,0.000000,0.000000,0.000000,0.000000,6.704962,-3.259107,-6.062119,-0.002264,-0.004794,0.010120,bmi088,0.010090924999985873,"[[-0.00026631610900792384,-0.0055926382891664005,0.0055926382891664005],[-0.0029294771990871623,-0.004261057744126781,0.009587379924285258],[-0.0029294771990871623,-0.003994741635118857,0.01171790879634865],[-0.0029294771990871623,-0.005326322180158476,0.013582121559404116]]",1076.7216802285,1076.722763473,21.875,323658,"[1815, 3734, -3376]","[[21, -1, 21], [16, -11, 36], [15, -11, 44], [20, -11, 51]]"
12.213990,12.653086,body,0.000000,0.000000,0.000000,0.000000,0.000000,0.000000,0.000000,0.000000,0.000000,0.000000,0.000000,0.000000,6.699575,-3.289633,-6.069301,-0.006858,-0.004128,0.009587,bmi088,0.010060828000177935,"[[-0.003195793308095086,-0.006125270507182248,0.013315805450396193],[-0.006125270507182248,-0.005326322180158476,0.011451592687340724],[-0.008788431597261486,-0.003195793308095086,0.008522115488253563],[-0.009321063815277334,-0.001864212763055467,0.005060006071150553]]",1076.7317410565001,1076.7328433100001,21.875,323919,"[1832, 3731, -3380]","[[23, -12, 50], [20, -23, 43], [12, -33, 32], [7, -35, 19]]"
12.224568,12.663906,body,0.000000,0.000000,0.000000,0.000000,0.000000,0.000000,0.000000,0.000000,0.000000,0.000000,0.000000,0.000000,6.679823,-3.280655,-6.063914,-0.004128,-0.005260,-0.000866,bmi088,0.010761720499885996,"[[-0.00692421883420602,-0.002663161090079238,0.0021305288720633907],[-0.003728425526110934,-0.004527373853134706,-0.0005326322180158477],[-0.002663161090079238,-0.006391586616190172,-0.0023968449810713144],[-0.003195793308095086,-0.007456851052221868,-0.002663161090079238]]",1076.742502777,1076.7435632525,21.875,324196,"[1827, 3720, -3377]","[[10, -26, 8], [17, -14, -2], [24, -10, -9], [28, -12, -10]]"
12.234638,12.673555,body,0.000000,0.000000,0.000000,0.000000,0.000000,0.000000,0.000000,0.000000,0.000000,0.000000,0.000000,0.000000,6.697779,-3.255516,-6.089053,-0.002663,-0.006192,-0.001531,bmi088,0.009591416499915795,"[[-0.003728425526110934,-0.007723167161229791,-0.0023968449810713144],[-0.002663161090079238,-0.00692421883420602,-0.0021305288720633907],[-0.0021305288720633907,-0.005858954398174325,-0.0007989483270237715],[-0.0021305288720633907,-0.004261057744126781,-0.0007989483270237715]]",1076.7520941935,1076.7531266995002,21.875,324443,"[1813, 3730, -3391]","[[29, -14, -9], [26, -10, -8], [22, -8, -3], [16, -8, -3]]"
12.244638,12.683867,body,0.000000,0.000000,0.000000,0.000000,0.000000,0.000000,0.000000,0.000000,0.000000,0.000000,0.000000,0.000000,6.683414,-3.248333,-6.094440,0.000133,-0.003462,-0.000599,bmi088,0.010197057500135998,"[[-0.0007989483270237715,-0.004261057744126781,0.0],[0.0007989483270237715,-0.00346210941710301,-0.001331580545039619],[0.001331580545039619,-0.003195793308095086,-0.0010652644360316954],[-0.0007989483270237715,-0.0029294771990871623,0.0]]",1076.762291251,1076.7633236455,21.875,324707,"[1809, 3722, -3394]","[[16, -3, 0], [13, 3, -5], [12, 5, -4], [11, -3, 0]]"
12.254637,12.694180,body,0.000000,0.000000,0.000000,0.000000,0.000000,0.000000,0.000000,0.000000,0.000000,0.000000,0.000000,0.000000,6.661866,-3.262698,-6.060323,-0.000133,-0.001997,0.000732,bmi088,0.010146622999855026,"[[-0.0021305288720633907,-0.0023968449810713144,0.0010652644360316954],[-0.0021305288720633907,-0.002663161090079238,0.001331580545039619],[0.0005326322180158477,-0.001597896654047543,0.0010652644360316954],[0.003195793308095086,-0.001331580545039619,-0.0005326322180158477]]",1076.772437874,1076.773509758,21.875,324971,"[1817, 3710, -3375]","[[9, -8, 4], [10, -8, 5], [6, 2, 4], [5, 12, -2]]"
12.264635,12.704141,body,0.000000,0.000000,0.000000,0.000000,0.000000,0.000000,0.000000,0.000000,0.000000,0.000000,0.000000,0.000000,6.674436,-3.280655,-6.040571,0.003262,-0.003595,-0.002796,bmi088,0.009848483500036309,"[[0.003728425526110934,-0.001597896654047543,-0.001864212763055467],[0.003195793308095086,-0.00346210941710301,-0.002663161090079238],[0.0023968449810713144,-0.004527373853134706,-0.002663161090079238],[0.003728425526110934,-0.004793689962142629,-0.003994741635118857]]",1076.7822863575,1076.7833572015,21.875,325226,"[1827, 3717, -3364]","[[6, 14, -7], [13, 12, -10], [17, 9, -10], [18, 14, -15]]"
12.274637,12.714414,body,0.000000,0.000000,0.000000,0.000000,0.000000,0.000000,0.000000,0.000000,0.000000,0.000000,0.000000,0.000000,6.678027,-3.255516,-6.062119,0.006658,-0.004794,-0.005726,bmi088,0.010175904499874378,"[[0.006391586616190172,-0.004793689962142629,-0.005060006071150553],[0.007190534943213944,-0.005060006071150553,-0.006125270507182248],[0.00692421883420602,-0.0055926382891664005,-0.0055926382891664005],[0.006125270507182248,-0.003728425526110934,-0.006125270507182248]]",1076.7924622619998,1076.793509729,21.875,325489,"[1813, 3719, -3376]","[[18, 24, -19], [19, 27, -23], [21, 26, -21], [14, 23, -23]]"
12.284641,12.724219,body,0.000000,0.000000,0.000000,0.000000,0.000000,0.000000,0.000000,0.000000,0.000000,0.000000,0.000000,0.000000,6.670844,-3.266290,-6.094440,0.003462,-0.001065,-0.000799,bmi088,0.009946231000185435,"[[0.006657902725198096,-0.0023968449810713144,-0.004261057744126781],[0.0055926382891664005,-0.00026631610900792384,-0.00346210941710301],[0.002663161090079238,-0.0007989483270237715,0.0005326322180158477],[-0.0010652644360316954,-0.0007989483270237715,0.003994741635118857]]",1076.802408493,1076.8032135025,21.875,325740,"[1819, 3715, -3394]","[[9, 25, -16], [1, 21, -13], [3, 10, 2], [3, -4, 15]]"
12.294638,12.734258,body,0.000000,0.000000,0.000000,0.000000,0.000000,0.000000,0.000000,0.000000,0.000000,0.000000,0.000000,0.000000,6.683414,-3.250129,-6.132149,-0.002530,-0.001531,0.007590,bmi088,0.009693756999922698,"[[-0.002663161090079238,-0.0010652644360316954,0.007723167161229791],[-0.0023968449810713144,-0.001331580545039619,0.00825579937924564],[-0.0023968449810713144,-0.001864212763055467,0.00825579937924564],[-0.002663161090079238,-0.001864212763055467,0.006125270507182248]]",1076.81210225,1076.8131445324998,21.875,325997,"[1810, 3722, -3415]","[[4, -10, 29], [5, -9, 31], [7, -9, 31], [7, -10, 23]]"
12.304640,12.744570,body,0.000000,0.000000,0.000000,0.000000,0.000000,0.000000,0.000000,0.000000,0.000000,0.000000,0.000000,0.000000,6.683414,-3.286042,-6.098032,-0.004927,-0.001465,0.001531,bmi088,0.010200801500104717,"[[-0.003994741635118857,-0.001331580545039619,0.003994741635118857],[-0.004261057744126781,-0.0005326322180158477,0.0010652644360316954],[-0.005326322180158476,-0.0010652644360316954,0.0005326322180158477],[-0.006125270507182248,-0.0029294771990871623,0.0005326322180158477]]",1076.8223030515,1076.82334311,21.875,326261,"[1830, 3722, -3396]","[[5, -15, 15], [2, -16, 4], [4, -20, 2], [11, -23, 2]]"
12.314638,12.754883,body,0.000000,0.000000,0.000000,0.000000,0.000000,0.000000,0.000000,0.000000,0.000000,0.000000,0.000000,0.000000,6.703166,-3.271677,-6.071097,-0.003995,-0.003928,-0.001465,bmi088,0.010149599999977,"[[-0.007190534943213944,-0.004261057744126781,-0.001331580545039619],[-0.005858954398174325,-0.005060006071150553,-0.0021305288720633907],[-0.003195793308095086,-0.003728425526110934,-0.002663161090079238],[0.00026631610900792384,-0.002663161090079238,0.00026631610900792384]]",1076.8324526515,1076.8335182625,21.875,326525,"[1822, 3733, -3381]","[[16, -27, -5], [19, -22, -8], [14, -12, -10], [10, 1, 1]]"
12.326503,12.768945,body,0.000000,0.000000,0.000000,0.000000,0.000000,0.000000,0.000000,0.000000,0.000000,0.000000,0.000000,0.000000,6.663662,-3.275268,-6.076484,0.000266,-0.000666,0.000799,bmi088,0.013933049999877767,"[[0.001331580545039619,-0.0023968449810713144,0.0010652644360316954],[0.0007989483270237715,-0.0010652644360316954,0.0005326322180158477],[-0.0010652644360316954,-0.0010652644360316954,0.00026631610900792384],[-0.0007989483270237715,0.00026631610900792384,0.0005326322180158477],[0.0,-0.00026631610900792384,0.001331580545039619],[0.001331580545039619,0.0005326322180158477,0.0010652644360316954]]",1076.8463857015,1076.8474880985,21.875,326885,"[1824, 3711, -3384]","[[9, 5, 4], [4, 3, 2], [4, -4, 1], [-1, -3, 2], [1, 0, 5], [-2, 5, 4]]"
12.340887,12.781289,body,0.000000,0.000000,0.000000,0.000000,0.000000,0.000000,0.000000,0.000000,0.000000,0.000000,0.000000,0.000000,6.676231,-3.253720,-6.056732,0.001545,-0.000905,-0.004155,bmi088,0.012212483500206872,"[[0.0021305288720633907,0.00026631610900792384,0.0],[0.002663161090079238,-0.00026631610900792384,-0.001597896654047543],[0.0029294771990871623,-0.0010652644360316954,-0.004261057744126781],[0.001331580545039619,-0.001331580545039619,-0.006125270507182248],[-0.001331580545039619,-0.0021305288720633907,-0.008788431597261486]]",1076.8585981850001,1076.8596780375,21.875,327201,"[1812, 3718, -3373]","[[-1, 8, 0], [1, 10, -6], [4, 11, -16], [5, 5, -23], [8, -5, -33]]"
12.354182,12.794922,body,0.000000,0.000000,0.000000,0.000000,0.000000,0.000000,0.000000,0.000000,0.000000,0.000000,0.000000,0.000000,6.679823,-3.253720,-6.063914,-0.000160,-0.001065,-0.009321,bmi088,0.013332242499927816,"[[-0.002663161090079238,-0.0023968449810713144,-0.010652644360316953],[-0.001864212763055467,-0.0021305288720633907,-0.011451592687340724],[0.0,-0.0010652644360316954,-0.01038632825130903],[0.001597896654047543,0.0,-0.008522115488253563],[0.0021305288720633907,0.00026631610900792384,-0.0055926382891664005]]",1076.8719304275,1076.8731426690001,21.875,327550,"[1812, 3720, -3377]","[[9, -10, -40], [8, -7, -43], [4, 0, -39], [0, 6, -32], [-1, 8, -21]]"
12.364251,12.805039,body,0.000000,0.000000,0.000000,0.000000,0.000000,0.000000,0.000000,0.000000,0.000000,0.000000,0.000000,0.000000,6.654684,-3.271677,-6.056732,0.003662,-0.000466,0.000266,bmi088,0.010135358500065195,"[[0.003994741635118857,0.0,-0.002663161090079238],[0.003728425526110934,-0.0005326322180158477,0.0005326322180158477],[0.00346210941710301,-0.0007989483270237715,0.001331580545039619],[0.00346210941710301,-0.0005326322180158477,0.001864212763055467]]",1076.882065786,1076.883163895,21.875,327809,"[1822, 3706, -3373]","[[0, 15, -10], [2, 14, 2], [3, 13, 5], [2, 13, 7]]"
12.374253,12.815195,body,0.000000,0.000000,0.000000,0.000000,0.000000,0.000000,0.000000,0.000000,0.000000,0.000000,0.000000,0.000000,6.681618,-3.260903,-6.078279,0.002597,-0.004594,0.001132,bmi088,0.01003154649993121,"[[0.003195793308095086,-0.001864212763055467,0.0007989483270237715],[0.003728425526110934,-0.003994741635118857,0.0005326322180158477],[0.0023968449810713144,-0.006657902725198096,0.0007989483270237715],[0.0010652644360316954,-0.005858954398174325,0.0023968449810713144]]",1076.8920973325,1076.89321021,21.875,328069,"[1816, 3721, -3385]","[[7, 12, 3], [15, 14, 2], [25, 9, 3], [22, 4, 9]]"
12.384261,12.825039,body,0.000000,0.000000,0.000000,0.000000,0.000000,0.000000,0.000000,0.000000,0.000000,0.000000,0.000000,0.000000,6.676231,-3.273472,-6.081871,-0.001465,-0.001531,0.001132,bmi088,0.009969016500008365,"[[-0.001597896654047543,-0.004527373853134706,0.002663161090079238],[-0.003195793308095086,-0.001331580545039619,0.001864212763055467],[-0.001864212763055467,-0.00026631610900792384,0.00026631610900792384],[0.0007989483270237715,0.0,-0.00026631610900792384]]",1076.902066349,1076.902914239,21.875,328321,"[1823, 3718, -3387]","[[17, -6, 10], [5, -12, 7], [1, -7, 1], [0, 3, -1]]"
12.394251,12.835234,body,0.000000,0.000000,0.000000,0.000000,0.000000,0.000000,0.000000,0.000000,0.000000,0.000000,0.000000,0.000000,6.692392,-3.255516,-6.076484,0.004328,-0.003862,0.003129,bmi088,0.009904309499916053,"[[0.002663161090079238,-0.001597896654047543,0.0010652644360316954],[0.003195793308095086,-0.00346210941710301,0.00346210941710301],[0.004793689962142629,-0.005060006071150553,0.004527373853134706],[0.006657902725198096,-0.005326322180158476,0.00346210941710301]]",1076.9119706585,1076.913020605,21.875,328582,"[1813, 3727, -3384]","[[6, 10, 4], [13, 12, 13], [19, 18, 17], [20, 25, 13]]"
12.404254,12.845508,body,0.000000,0.000000,0.000000,0.000000,0.000000,0.000000,0.000000,0.000000,0.000000,0.000000,0.000000,0.000000,6.681618,-3.242946,-6.069301,0.001997,-0.001798,0.003928,bmi088,0.010076219999973546,"[[0.006391586616190172,-0.004261057744126781,0.001597896654047543],[0.00346210941710301,-0.003195793308095086,0.0023968449810713144],[-0.00026631610900792384,-0.0005326322180158477,0.004793689962142629],[-0.001597896654047543,0.0007989483270237715,0.00692421883420602]]",1076.9220468785,1076.923163596,21.875,328845,"[1806, 3721, -3380]","[[16, 24, 6], [12, 13, 9], [2, -1, 18], [-3, -6, 26]]"
12.414252,12.856016,body,0.000000,0.000000,0.000000,0.000000,0.000000,0.000000,0.000000,0.000000,0.000000,0.000000,0.000000,0.000000,6.697779,-3.275268,-6.049549,-0.002796,-0.000533,0.006525,bmi088,0.010429947000147877,"[[-0.003195793308095086,0.001597896654047543,0.007723167161229791],[-0.003195793308095086,-0.00026631610900792384,0.007190534943213944],[-0.003728425526110934,-0.001331580545039619,0.006125270507182248],[-0.0010652644360316954,-0.0021305288720633907,0.005060006071150553]]",1076.9324768255,1076.9335519415,21.875,329114,"[1824, 3730, -3369]","[[-6, -12, 29], [1, -12, 27], [5, -14, 23], [8, -4, 19]]"
12.424253,12.865742,body,0.000000,0.000000,0.000000,0.000000,0.000000,0.000000,0.000000,0.000000,0.000000,0.000000,0.000000,0.000000,6.665457,-3.259107,-6.040571,0.001398,-0.001132,-0.001731,bmi088,0.009599256999990757,"[[0.001597896654047543,-0.001864212763055467,0.003728425526110934],[0.003195793308095086,-0.0010652644360316954,0.0010652644360316954],[0.001864212763055467,-0.0005326322180158477,-0.003728425526110934],[-0.0010652644360316954,-0.0010652644360316954,-0.007989483270237714]]",1076.9420760825,1076.9431944960002,21.875,329363,"[1815, 3712, -3364]","[[7, 6, 14], [4, 12, 4], [2, 7, -14], [4, -4, -30]]"
12.434252,12.875586,body,0.000000,0.000000,0.000000,0.000000,0.000000,0.000000,0.000000,0.000000,0.000000,0.000000,0.000000,0.000000,6.679823,-3.264494,-6.051345,-0.002730,-0.004128,-0.008123,bmi088,0.009390639999992345,"[[-0.00346210941710301,-0.002663161090079238,-0.009054747706269411],[-0.004261057744126781,-0.004527373853134706,-0.00825579937924564],[-0.002663161090079238,-0.005060006071150553,-0.007456851052221868],[-0.0005326322180158477,-0.004261057744126781,-0.007723167161229791]]",1076.9514667225,1076.95291851,21.875,329615,"[1818, 3720, -3370]","[[10, -13, -34], [17, -16, -31], [19, -10, -28], [16, -2, -29]]"
12.444254,12.886523,body,0.000000,0.000000,0.000000,0.000000,0.000000,0.000000,0.000000,0.000000,0.000000,0.000000,0.000000,0.000000,6.681618,-3.246537,-6.069301,0.003662,-0.003662,-0.000999,bmi088,0.01052790299991102,"[[0.001597896654047543,-0.003994741635118857,-0.0055926382891664005],[0.0029294771990871623,-0.00346210941710301,-0.003195793308095086],[0.004527373853134706,-0.003994741635118857,0.0005326322180158477],[0.0055926382891664005,-0.003195793308095086,0.004261057744126781]]",1076.9619946255,1076.963726793,21.875,329895,"[1808, 3721, -3380]","[[15, 6, -21], [13, 11, -12], [15, 17, 2], [12, 21, 16]]"
12.454253,12.895898,body,0.000000,0.000000,0.000000,0.000000,0.000000,0.000000,0.000000,0.000000,0.000000,0.000000,0.000000,0.000000,6.681618,-3.271677,-6.085462,0.003995,-0.003995,0.004328,bmi088,0.00992288649990769,"[[0.005858954398174325,-0.003994741635118857,0.006391586616190172],[0.004261057744126781,-0.004527373853134706,0.006391586616190172],[0.00346210941710301,-0.004527373853134706,0.0029294771990871623],[0.0023968449810713144,-0.0029294771990871623,0.001597896654047543]]",1076.971917512,1076.9730031885001,21.875,330135,"[1822, 3721, -3389]","[[15, 22, 24], [17, 16, 24], [17, 13, 11], [11, 9, 6]]"
12.464251,12.906016,body,0.000000,0.000000,0.000000,0.000000,0.000000,0.000000,0.000000,0.000000,0.000000,0.000000,0.000000,0.000000,6.687005,-3.260903,-6.090849,0.000999,-0.001398,-0.000999,bmi088,0.010031018500058053,"[[0.001331580545039619,-0.001331580545039619,0.00026631610900792384],[0.0010652644360316954,-0.0005326322180158477,0.0005326322180158477],[0.0010652644360316954,-0.0010652644360316954,-0.0010652644360316954],[0.0005326322180158477,-0.002663161090079238,-0.003728425526110934]]",1076.9819485305,1076.9830257905,21.875,330394,"[1816, 3724, -3392]","[[5, 5, 1], [2, 4, 2], [4, 4, -4], [10, 2, -14]]"
12.474251,12.916367,body,0.000000,0.000000,0.000000,0.000000,0.000000,0.000000,0.000000,0.000000,0.000000,0.000000,0.000000,0.000000,6.678027,-3.255516,-6.056732,-0.000732,-0.004128,-0.002530,bmi088,0.010199633499951233,"[[-0.00026631610900792384,-0.003728425526110934,-0.005326322180158476],[-0.001331580545039619,-0.004793689962142629,-0.003994741635118857],[-0.0007989483270237715,-0.004527373853134706,-0.001597896654047543],[-0.0005326322180158477,-0.00346210941710301,0.0007989483270237715]]",1076.992148164,1076.9932311365,21.875,330659,"[1813, 3719, -3373]","[[14, -1, -20], [18, -5, -15], [17, -3, -6], [13, -2, 3]]"
12.484301,12.925859,body,0.000000,0.000000,0.000000,0.000000,0.000000,0.000000,0.000000,0.000000,0.000000,0.000000,0.000000,0.000000,6.660070,-3.262698,-6.092645,0.001265,-0.002064,0.002663,bmi088,0.009421585500149376,"[[-0.00026631610900792384,-0.0021305288720633907,0.001331580545039619],[0.0005326322180158477,-0.001331580545039619,0.001597896654047543],[0.001864212763055467,-0.0021305288720633907,0.003195793308095086],[0.0029294771990871623,-0.002663161090079238,0.004527373853134706]]",1077.0015697495,1077.0026519385,21.875,330902,"[1817, 3709, -3393]","[[8, -1, 5], [5, 2, 6], [8, 7, 12], [10, 11, 17]]"
12.494253,12.936289,body,0.000000,0.000000,0.000000,0.000000,0.000000,0.000000,0.000000,0.000000,0.000000,0.000000,0.000000,0.000000,6.694188,-3.269881,-6.101623,0.000799,0.000666,0.005926,bmi088,0.010337494999930641,"[[0.0023968449810713144,-0.001331580545039619,0.005858954398174325],[0.001331580545039619,0.0010652644360316954,0.005858954398174325],[0.00026631610900792384,0.0021305288720633907,0.006391586616190172],[-0.0007989483270237715,0.0007989483270237715,0.0055926382891664005]]",1077.0119072445,1077.0129676884999,21.875,331169,"[1821, 3728, -3398]","[[5, 9, 22], [-4, 5, 22], [-8, 1, 24], [-3, -3, 21]]"
12.504252,12.946602,body,0.000000,0.000000,0.000000,0.000000,0.000000,0.000000,0.000000,0.000000,0.000000,0.000000,0.000000,0.000000,6.676231,-3.278859,-6.108806,0.001931,-0.000999,-0.002663,bmi088,0.010109022000051482,"[[0.0,-0.0005326322180158477,0.00346210941710301],[0.0010652644360316954,-0.001864212763055467,-0.001331580545039619],[0.00346210941710301,-0.0010652644360316954,-0.005060006071150553],[0.003195793308095086,-0.0005326322180158477,-0.007723167161229791]]",1077.0220162665,1077.0231556095,21.875,331433,"[1826, 3718, -3402]","[[2, 0, 13], [7, 4, -5], [4, 13, -19], [2, 12, -29]]"
12.514254,12.957344,body,0.000000,0.000000,0.000000,0.000000,0.000000,0.000000,0.000000,0.000000,0.000000,0.000000,0.000000,0.000000,6.663662,-3.259107,-6.078279,0.002996,-0.000866,-0.005459,bmi088,0.010693493999951897,"[[0.003195793308095086,0.0,-0.007190534943213944],[0.001864212763055467,-0.00026631610900792384,-0.006657902725198096],[0.00346210941710301,-0.0010652644360316954,-0.004527373853134706],[0.00346210941710301,-0.0021305288720633907,-0.00346210941710301]]",1077.0327097605,1077.0337924445,21.875,331708,"[1815, 3711, -3385]","[[0, 12, -27], [1, 7, -25], [4, 13, -17], [8, 13, -13]]"
12.524252,12.966719,body,0.000000,0.000000,0.000000,0.000000,0.000000,0.000000,0.000000,0.000000,0.000000,0.000000,0.000000,0.000000,6.669049,-3.271677,-6.063914,0.004794,-0.002264,-0.002863,bmi088,0.009308957000030205,"[[0.004261057744126781,-0.003195793308095086,-0.0023968449810713144],[0.004527373853134706,-0.0023968449810713144,-0.0029294771990871623],[0.005858954398174325,-0.001597896654047543,-0.003195793308095086],[0.004527373853134706,-0.001864212763055467,-0.0029294771990871623]]",1077.0420187175,1077.0430520875002,21.875,331948,"[1822, 3714, -3377]","[[12, 16, -9], [9, 17, -11], [6, 22, -12], [7, 17, -11]]"
12.534251,12.976797,body,0.000000,0.000000,0.000000,0.000000,0.000000,0.000000,0.000000,0.000000,0.000000,0.000000,0.000000,0.000000,6.672640,-3.242946,-6.058527,0.000666,-0.005726,0.001332,bmi088,0.009974392000003718,"[[0.001597896654047543,-0.004527373853134706,-0.0010652644360316954],[-0.0007989483270237715,-0.006125270507182248,0.0007989483270237715],[-0.00026631610900792384,-0.006657902725198096,0.0023968449810713144],[0.0021305288720633907,-0.0055926382891664005,0.003195793308095086]]",1077.0519931095,1077.0530348165,21.875,332206,"[1806, 3716, -3374]","[[17, 6, -4], [23, -3, 3], [25, -1, 9], [21, 8, 12]]"
12.544251,12.986953,body,0.000000,0.000000,0.000000,0.000000,0.000000,0.000000,0.000000,0.000000,0.000000,0.000000,0.000000,0.000000,6.679823,-3.271677,-6.069301,-0.000599,-0.003396,0.002397,bmi088,0.009955384000022605,"[[0.0029294771990871623,-0.003994741635118857,0.00346210941710301],[0.0010652644360316954,-0.003195793308095086,0.003195793308095086],[-0.001864212763055467,-0.0029294771990871623,0.0023968449810713144],[-0.004527373853134706,-0.00346210941710301,0.0005326322180158477]]",1077.0619484935,1077.0631007485,21.875,332466,"[1822, 3720, -3380]","[[15, 11, 13], [12, 4, 12], [11, -7, 9], [13, -17, 2]]"
12.554252,12.996992,body,0.000000,0.000000,0.000000,0.000000,0.000000,0.000000,0.000000,0.000000,0.000000,0.000000,0.000000,0.000000,6.679823,-3.264494,-6.094440,-0.002131,-0.005326,0.001398,bmi088,0.010034635000010894,"[[-0.005858954398174325,-0.003994741635118857,0.00026631610900792384],[-0.004261057744126781,-0.004793689962142629,0.0],[-0.001331580545039619,-0.005858954398174325,0.0021305288720633907],[0.0029294771990871623,-0.006657902725198096,0.003195793308095086]]",1077.0719831285,1077.0730197144999,21.875,332723,"[1818, 3720, -3394]","[[15, -22, 1], [18, -16, 0], [22, -5, 8], [25, 11, 12]]"
12.564252,13.007070,body,0.000000,0.000000,0.000000,0.000000,0.000000,0.000000,0.000000,0.000000,0.000000,0.000000,0.000000,0.000000,6.660070,-3.259107,-6.090849,0.004128,-0.006258,0.007124,bmi088,0.00992301350015623,"[[0.004527373853134706,-0.006657902725198096,0.005858954398174325],[0.005858954398174325,-0.005858954398174325,0.00692421883420602],[0.004261057744126781,-0.0055926382891664005,0.00825579937924564],[0.001864212763055467,-0.00692421883420602,0.007456851052221868]]",1077.0819061420002,1077.0829576894998,21.875,332981,"[1815, 3709, -3392]","[[25, 17, 22], [22, 22, 26], [21, 16, 31], [26, 7, 28]]"
12.574252,13.017344,body,0.000000,0.000000,0.000000,0.000000,0.000000,0.000000,0.000000,0.000000,0.000000,0.000000,0.000000,0.000000,6.692392,-3.264494,-6.110601,-0.002996,-0.004328,0.004727,bmi088,0.010167424499741173,"[[-0.001331580545039619,-0.006125270507182248,0.006125270507182248],[-0.003195793308095086,-0.005326322180158476,0.004793689962142629],[-0.003994741635118857,-0.0029294771990871623,0.004527373853134706],[-0.00346210941710301,-0.0029294771990871623,0.00346210941710301]]",1077.0920735665,1077.0931270335,21.875,333244,"[1818, 3727, -3403]","[[23, -5, 23], [20, -12, 18], [11, -15, 17], [11, -13, 13]]"
12.584218,13.026797,body,0.000000,0.000000,0.000000,0.000000,0.000000,0.000000,0.000000,0.000000,0.000000,0.000000,0.000000,0.000000,6.695983,-3.260903,-6.065710,-0.001398,-0.000999,0.000399,bmi088,0.00937255950020699,"[[-0.0029294771990871623,-0.0023968449810713144,0.0023968449810713144],[-0.001864212763055467,-0.0021305288720633907,0.0007989483270237715],[-0.001331580545039619,-0.00026631610900792384,0.00026631610900792384],[0.0005326322180158477,0.0007989483270237715,-0.001864212763055467]]",1077.1014461260002,1077.1025071135,21.875,333486,"[1816, 3729, -3378]","[[9, -11, 9], [8, -7, 3], [1, -5, 1], [-3, 2, -7]]"
12.594284,13.037422,body,0.000000,0.000000,0.000000,0.000000,0.000000,0.000000,0.000000,0.000000,0.000000,0.000000,0.000000,0.000000,6.701370,-3.257311,-6.031593,0.004794,0.001997,-0.006458,bmi088,0.010517966499719478,"[[0.0023968449810713144,0.001597896654047543,-0.003728425526110934],[0.004261057744126781,0.0021305288720633907,-0.0055926382891664005],[0.006125270507182248,0.0023968449810713144,-0.00692421883420602],[0.006391586616190172,0.001864212763055467,-0.009587379924285258]]",1077.1119640924999,1077.1130073195,21.875,333758,"[1814, 3732, -3359]","[[-6, 9, -14], [-8, 16, -21], [-9, 23, -26], [-7, 24, -36]]"
12.604287,13.047617,body,0.000000,0.000000,0.000000,0.000000,0.000000,0.000000,0.000000,0.000000,0.000000,0.000000,0.000000,0.000000,6.654684,-3.259107,-6.065710,0.002996,-0.002131,-0.012184,bmi088,0.01007566099997348,"[[0.00692421883420602,0.0,-0.011984224905356573],[0.003195793308095086,-0.001597896654047543,-0.013049489341388268],[0.001331580545039619,-0.003195793308095086,-0.013049489341388268],[0.0005326322180158477,-0.003728425526110934,-0.010652644360316953]]",1077.1220397534998,1077.1230876999998,21.875,334019,"[1815, 3706, -3378]","[[0, 26, -45], [6, 12, -49], [12, 5, -49], [14, 2, -40]]"
12.614399,13.057969,body,0.000000,0.000000,0.000000,0.000000,0.000000,0.000000,0.000000,0.000000,0.000000,0.000000,0.000000,0.000000,6.654684,-3.275268,-6.072893,0.004061,-0.002996,-0.000133,bmi088,0.010164224000163813,"[[0.003728425526110934,-0.003728425526110934,-0.00692421883420602],[0.005060006071150553,-0.003195793308095086,-0.001331580545039619],[0.005060006071150553,-0.002663161090079238,0.002663161090079238],[0.0023968449810713144,-0.0023968449810713144,0.005060006071150553]]",1077.1322039775,1077.13329775,21.875,334284,"[1824, 3706, -3382]","[[14, 14, -26], [12, 19, -5], [10, 19, 10], [9, 9, 19]]"
12.624472,13.068125,body,0.000000,0.000000,0.000000,0.000000,0.000000,0.000000,0.000000,0.000000,0.000000,0.000000,0.000000,0.000000,6.681618,-3.260903,-6.071097,0.000799,-0.005326,0.004794,bmi088,0.010064539999802946,"[[0.0,-0.003195793308095086,0.004793689962142629],[-0.0005326322180158477,-0.004527373853134706,0.003994741635118857],[0.001331580545039619,-0.006657902725198096,0.004527373853134706],[0.0023968449810713144,-0.00692421883420602,0.005858954398174325]]",1077.1422685174998,1077.1433445615,21.875,334544,"[1816, 3721, -3381]","[[12, 0, 18], [17, -2, 15], [25, 5, 17], [26, 9, 22]]"
12.634473,13.077422,body,0.000000,0.000000,0.000000,0.000000,0.000000,0.000000,0.000000,0.000000,0.000000,0.000000,0.000000,0.000000,6.685210,-3.271677,-6.051345,-0.001798,-0.006525,0.002131,bmi088,0.009160198500012484,"[[0.001331580545039619,-0.00692421883420602,0.0055926382891664005],[-0.001597896654047543,-0.005858954398174325,0.0029294771990871623],[-0.0029294771990871623,-0.006391586616190172,0.0010652644360316954],[-0.003994741635118857,-0.00692421883420602,-0.0010652644360316954]]",1077.1514287159998,1077.1525393860002,21.875,334782,"[1822, 3723, -3370]","[[26, 5, 21], [22, -6, 11], [24, -11, 4], [26, -15, -4]]"
12.644483,13.089102,body,0.000000,0.000000,0.000000,0.000000,0.000000,0.000000,0.000000,0.000000,0.000000,0.000000,0.000000,0.000000,6.687005,-3.246537,-6.062119,-0.002264,-0.006458,-0.000333,bmi088,0.010797066000122868,"[[-0.004527373853134706,-0.007190534943213944,-0.001331580545039619],[-0.00346210941710301,-0.00692421883420602,-0.001864212763055467],[-0.0010652644360316954,-0.0055926382891664005,0.0],[0.0,-0.006125270507182248,0.001864212763055467]]",1077.162225782,1077.1640265115,21.875,335081,"[1808, 3724, -3376]","[[27, -17, -5], [26, -13, -7], [21, -4, 0], [23, 0, 7]]"
12.654472,13.098320,body,0.000000,0.000000,0.000000,0.000000,0.000000,0.000000,0.000000,0.000000,0.000000,0.000000,0.000000,0.000000,6.683414,-3.241150,-6.110601,-0.001132,-0.006059,0.007923,bmi088,0.009928790499998286,"[[0.0,-0.00692421883420602,0.005060006071150553],[-0.0010652644360316954,-0.007456851052221868,0.007190534943213944],[-0.0010652644360316954,-0.005858954398174325,0.009587379924285258],[-0.0023968449810713144,-0.003994741635118857,0.009853696033293183]]",1077.1721545725,1077.1732204885,21.875,335317,"[1805, 3722, -3403]","[[26, 0, 19], [28, -4, 27], [22, -4, 36], [15, -9, 37]]"
12.664471,13.108242,body,0.000000,0.000000,0.000000,0.000000,0.000000,0.000000,0.000000,0.000000,0.000000,0.000000,0.000000,0.000000,6.690597,-3.262698,-6.083666,-0.002463,-0.002463,0.009987,bmi088,0.009757391499988444,"[[-0.003195793308095086,-0.0029294771990871623,0.010652644360316953],[-0.003728425526110934,-0.003195793308095086,0.010120012142301106],[-0.001864212763055467,-0.0021305288720633907,0.010652644360316953],[-0.0010652644360316954,-0.001597896654047543,0.008522115488253563]]",1077.181911964,1077.18303065,21.875,335571,"[1817, 3726, -3388]","[[11, -12, 40], [12, -14, 38], [8, -7, 40], [6, -4, 32]]"
12.674471,13.118672,body,0.000000,0.000000,0.000000,0.000000,0.000000,0.000000,0.000000,0.000000,0.000000,0.000000,0.000000,0.000000,6.692392,-3.264494,-6.078279,-0.002264,-0.000932,0.000866,bmi088,0.010362040000018169,"[[-0.0007989483270237715,-0.001331580545039619,0.006125270507182248],[-0.0023968449810713144,-0.001597896654047543,0.001864212763055467],[-0.003195793308095086,-0.0007989483270237715,-0.0005326322180158477],[-0.002663161090079238,0.0,-0.003994741635118857]]",1077.192274004,1077.1933424640001,21.875,335838,"[1818, 3727, -3385]","[[5, -3, 23], [6, -9, 7], [3, -12, -2], [0, -10, -15]]"
12.684471,13.128555,body,0.000000,0.000000,0.000000,0.000000,0.000000,0.000000,0.000000,0.000000,0.000000,0.000000,0.000000,0.000000,6.676231,-3.269881,-6.063914,0.000799,-0.001731,-0.009454,bmi088,0.009726046499963559,"[[-0.001331580545039619,-0.00026631610900792384,-0.00692421883420602],[0.00026631610900792384,-0.001331580545039619,-0.009853696033293183],[0.001864212763055467,-0.0023968449810713144,-0.010918960469324878],[0.0023968449810713144,-0.0029294771990871623,-0.010120012142301106]]",1077.2020000505,1077.20311872,21.875,336091,"[1821, 3718, -3377]","[[1, -5, -26], [5, 1, -37], [9, 7, -41], [11, 9, -38]]"
12.694470,13.138906,body,0.000000,0.000000,0.000000,0.000000,0.000000,0.000000,0.000000,0.000000,0.000000,0.000000,0.000000,0.000000,6.665457,-3.277064,-6.074688,0.002796,-0.003662,-0.002397,bmi088,0.010309254000276269,"[[0.003195793308095086,-0.003195793308095086,-0.007456851052221868],[0.003195793308095086,-0.003728425526110934,-0.00346210941710301],[0.00346210941710301,-0.003994741635118857,0.00026631610900792384],[0.001331580545039619,-0.003728425526110934,0.0010652644360316954]]",1077.2123093045002,1077.2133554910001,21.875,336356,"[1825, 3712, -3383]","[[12, 12, -28], [14, 12, -13], [15, 13, 1], [14, 5, 4]]"
12.704472,13.148828,body,0.000000,0.000000,0.000000,0.000000,0.000000,0.000000,0.000000,0.000000,0.000000,0.000000,0.000000,0.000000,6.656479,-3.266290,-6.087258,-0.002530,-0.002663,0.001465,bmi088,0.009805904999666382,"[[-0.0005326322180158477,-0.003728425526110934,0.0010652644360316954],[-0.0021305288720633907,-0.0029294771990871623,0.0007989483270237715],[-0.00346210941710301,-0.002663161090079238,0.001864212763055467],[-0.003994741635118857,-0.001331580545039619,0.0021305288720633907]]",1077.2221152094999,1077.223196774,21.875,336610,"[1819, 3707, -3390]","[[14, -2, 4], [11, -8, 3], [10, -13, 7], [5, -15, 8]]"
12.715324,13.159766,body,0.000000,0.000000,0.000000,0.000000,0.000000,0.000000,0.000000,0.000000,0.000000,0.000000,0.000000,0.000000,6.676231,-3.266290,-6.056732,-0.003995,0.000266,-0.000333,bmi088,0.01075984850012901,"[[-0.003728425526110934,0.00026631610900792384,0.001331580545039619],[-0.00346210941710301,0.0007989483270237715,0.00026631610900792384],[-0.004261057744126781,0.0007989483270237715,-0.0010652644360316954],[-0.004527373853134706,-0.0007989483270237715,-0.001864212763055467]]",1077.232875058,1077.233997808,21.875,336890,"[1819, 3718, -3373]","[[-1, -14, 5], [-3, -13, 1], [-3, -16, -4], [3, -17, -7]]"
12.725392,13.170117,body,0.000000,0.000000,0.000000,0.000000,0.000000,0.000000,0.000000,0.000000,0.000000,0.000000,0.000000,0.000000,6.663662,-3.255516,-6.087258,-0.003196,-0.002796,-0.002197,bmi088,0.010283685000104015,"[[-0.003994741635118857,-0.0021305288720633907,-0.001864212763055467],[-0.0029294771990871623,-0.00346210941710301,-0.0021305288720633907],[-0.0023968449810713144,-0.003195793308095086,-0.0021305288720633907],[-0.00346210941710301,-0.0023968449810713144,-0.002663161090079238]]",1077.243158743,1077.2442384675,21.875,337155,"[1813, 3711, -3390]","[[8, -15, -7], [13, -11, -8], [12, -9, -8], [9, -13, -10]]"
12.735394,13.180195,body,0.000000,0.000000,0.000000,0.000000,0.000000,0.000000,0.000000,0.000000,0.000000,0.000000,0.000000,0.000000,6.679823,-3.257311,-6.072893,-0.003396,-0.004794,0.003129,bmi088,0.009933830499903706,"[[-0.003728425526110934,-0.001331580545039619,-0.0007989483270237715],[-0.003728425526110934,-0.00346210941710301,0.001864212763055467],[-0.002663161090079238,-0.005858954398174325,0.005060006071150553],[-0.00346210941710301,-0.008522115488253563,0.006391586616190172]]",1077.2530925735,1077.254181242,21.875,337413,"[1814, 3720, -3382]","[[5, -14, -3], [13, -14, 7], [22, -10, 19], [32, -13, 24]]"
12.745739,13.190625,body,0.000000,0.000000,0.000000,0.000000,0.000000,0.000000,0.000000,0.000000,0.000000,0.000000,0.000000,0.000000,6.712144,-3.241150,-6.076484,-0.004474,-0.006498,0.009055,bmi088,0.010343639499978963,"[[-0.005060006071150553,-0.008522115488253563,0.007456851052221868],[-0.006657902725198096,-0.009054747706269411,0.008522115488253563],[-0.005326322180158476,-0.00692421883420602,0.009587379924285258],[-0.003728425526110934,-0.005060006071150553,0.009853696033293183],[-0.001597896654047543,-0.0029294771990871623,0.009853696033293183]]",1077.263436213,1077.2645171694999,21.875,337680,"[1805, 3738, -3384]","[[32, -19, 28], [34, -25, 32], [26, -20, 36], [19, -14, 37], [11, -6, 37]]"
12.755808,13.201914,body,0.000000,0.000000,0.000000,0.000000,0.000000,0.000000,0.000000,0.000000,0.000000,0.000000,0.000000,0.000000,6.704962,-3.268085,-6.060323,-0.003063,-0.005459,0.006924,bmi088,0.01065157200014255,"[[-0.001597896654047543,-0.003195793308095086,0.009321063815277334],[-0.0023968449810713144,-0.005060006071150553,0.007456851052221868],[-0.00346210941710301,-0.006657902725198096,0.006125270507182248],[-0.004793689962142629,-0.00692421883420602,0.004793689962142629]]",1077.2740877850001,1077.275697595,21.875,337969,"[1820, 3734, -3375]","[[12, -6, 35], [19, -9, 28], [25, -13, 23], [26, -18, 18]]"
12.767087,13.212148,body,0.000000,0.000000,0.000000,0.000000,0.000000,0.000000,0.000000,0.000000,0.000000,0.000000,0.000000,0.000000,6.667253,-3.264494,-6.056732,-0.001931,-0.002996,0.001265,bmi088,0.010705701499773568,"[[-0.004527373853134706,-0.005858954398174325,0.003728425526110934],[-0.00346210941710301,-0.004261057744126781,0.0021305288720633907],[-0.0007989483270237715,-0.0021305288720633907,0.0005326322180158477],[0.0010652644360316954,0.00026631610900792384,-0.001331580545039619]]",1077.2847934865,1077.2858261845,21.875,338231,"[1818, 3713, -3373]","[[22, -17, 14], [16, -13, 8], [8, -3, 2], [-1, 4, -5]]"
12.777702,13.223047,body,0.000000,0.000000,0.000000,0.000000,0.000000,0.000000,0.000000,0.000000,0.000000,0.000000,0.000000,0.000000,6.665457,-3.264494,-6.076484,0.004461,0.000866,-0.002996,bmi088,0.010723606000283326,"[[0.003195793308095086,0.0023968449810713144,-0.0023968449810713144],[0.00346210941710301,0.0010652644360316954,-0.0023968449810713144],[0.004527373853134706,0.0005326322180158477,-0.0029294771990871623],[0.006657902725198096,-0.0005326322180158477,-0.004261057744126781]]",1077.2955170925002,1077.2965934565,21.875,338510,"[1818, 3712, -3384]","[[-9, 12, -9], [-4, 13, -9], [-2, 17, -11], [2, 25, -16]]"
12.787771,13.233008,body,0.000000,0.000000,0.000000,0.000000,0.000000,0.000000,0.000000,0.000000,0.000000,0.000000,0.000000,0.000000,6.670844,-3.266290,-6.062119,0.005526,0.002264,-0.004328,bmi088,0.010098011999616574,"[[0.00825579937924564,0.001597896654047543,-0.0055926382891664005],[0.007723167161229791,0.002663161090079238,-0.004793689962142629],[0.004527373853134706,0.0029294771990871623,-0.004527373853134706],[0.001597896654047543,0.001864212763055467,-0.0023968449810713144]]",1077.3056151044998,1077.3064393785,21.875,338765,"[1819, 3715, -3376]","[[-6, 31, -21], [-10, 29, -18], [-11, 17, -17], [-7, 6, -9]]"
12.797772,13.242969,body,0.000000,0.000000,0.000000,0.000000,0.000000,0.000000,0.000000,0.000000,0.000000,0.000000,0.000000,0.000000,6.687005,-3.259107,-6.080075,-0.001332,-0.000399,0.000399,bmi088,0.009820209000281466,"[[-0.0007989483270237715,0.0005326322180158477,-0.0007989483270237715],[-0.001864212763055467,0.0,0.0010652644360316954],[-0.0023968449810713144,-0.0007989483270237715,0.0010652644360316954],[-0.00026631610900792384,-0.001331580545039619,0.00026631610900792384]]",1077.3154353135,1077.3162638755,21.875,339020,"[1815, 3724, -3386]","[[-2, -3, -3], [0, -7, 4], [3, -9, 4], [5, -1, 1]]"
12.807784,13.253320,body,0.000000,0.000000,0.000000,0.000000,0.000000,0.000000,0.000000,0.000000,0.000000,0.000000,0.000000,0.000000,6.670844,-3.262698,-6.076484,0.003262,-0.002663,0.000866,bmi088,0.01004253749988493,"[[0.0007989483270237715,-0.001864212763055467,-0.0007989483270237715],[0.002663161090079238,-0.0021305288720633907,0.0005326322180158477],[0.004261057744126781,-0.003195793308095086,0.001864212763055467],[0.005326322180158476,-0.00346210941710301,0.001864212763055467]]",1077.325477851,1077.326526406,21.875,339285,"[1817, 3715, -3384]","[[7, 3, -3], [8, 10, 2], [12, 16, 7], [13, 20, 7]]"
12.818076,13.263789,body,0.000000,0.000000,0.000000,0.000000,0.000000,0.000000,0.000000,0.000000,0.000000,0.000000,0.000000,0.000000,6.672640,-3.257311,-6.076484,0.002503,-0.002557,-0.001864,bmi088,0.010284468000008928,"[[0.005858954398174325,-0.003994741635118857,-0.0005326322180158477],[0.00346210941710301,-0.00346210941710301,-0.0029294771990871623],[0.001597896654047543,-0.00346210941710301,-0.002663161090079238],[0.00026631610900792384,-0.001597896654047543,-0.001864212763055467],[0.001331580545039619,-0.00026631610900792384,-0.001331580545039619]]",1077.335762319,1077.336871132,21.875,339553,"[1814, 3716, -3384]","[[15, 22, -2], [13, 13, -11], [13, 6, -10], [6, 1, -7], [1, 5, -5]]"
12.828205,13.273828,body,0.000000,0.000000,0.000000,0.000000,0.000000,0.000000,0.000000,0.000000,0.000000,0.000000,0.000000,0.000000,6.712144,-3.275268,-6.099827,0.004705,-0.001332,0.000976,bmi088,0.010048106000112966,"[[0.003728425526110934,-0.00026631610900792384,-0.001331580545039619],[0.005060006071150553,-0.001597896654047543,0.00026631610900792384],[0.005326322180158476,-0.0021305288720633907,0.003994741635118857]]",1077.345810425,1077.3467950895001,21.875,339810,"[1824, 3738, -3397]","[[1, 14, -5], [6, 19, 1], [8, 20, 15]]"
12.838276,13.283945,body,0.000000,0.000000,0.000000,0.000000,0.000000,0.000000,0.000000,0.000000,0.000000,0.000000,0.000000,0.000000,6.699575,-3.269881,-6.072893,0.003995,-0.001065,0.006059,bmi088,0.009998344499990708,"[[0.004527373853134706,-0.001864212763055467,0.007190534943213944],[0.004527373853134706,-0.0010652644360316954,0.007456851052221868],[0.004261057744126781,-0.0010652644360316954,0.0055926382891664005],[0.002663161090079238,-0.00026631610900792384,0.003994741635118857]]",1077.3558087695,1077.35680017,21.875,340069,"[1821, 3731, -3382]","[[7, 17, 27], [4, 17, 28], [4, 16, 21], [1, 10, 15]]"
12.848275,13.294023,body,0.000000,0.000000,0.000000,0.000000,0.000000,0.000000,0.000000,0.000000,0.000000,0.000000,0.000000,0.000000,6.681618,-3.280655,-6.028001,0.000373,0.002450,-0.001172,bmi088,0.010117772999819863,"[[0.00026631610900792384,0.00026631610900792384,0.001864212763055467],[-0.0010652644360316954,0.001864212763055467,0.0010652644360316954],[-0.0007989483270237715,0.003195793308095086,-0.001864212763055467],[0.0007989483270237715,0.004261057744126781,-0.003195793308095086],[0.002663161090079238,0.002663161090079238,-0.003728425526110934]]",1077.3659265425,1077.366803858,21.875,340327,"[1827, 3721, -3357]","[[-1, 1, 7], [-7, -4, 4], [-12, -3, -7], [-16, 3, -12], [-10, 10, -14]]"
12.858278,13.304102,body,0.000000,0.000000,0.000000,0.000000,0.000000,0.000000,0.000000,0.000000,0.000000,0.000000,0.000000,0.000000,6.656479,-3.251924,-6.051345,0.003817,0.001332,-0.004439,bmi088,0.009885891500061916,"[[0.003728425526110934,0.001331580545039619,-0.004261057744126781],[0.004261057744126781,0.001331580545039619,-0.004261057744126781],[0.00346210941710301,0.001331580545039619,-0.004793689962142629]]",1077.375812434,1077.3767569845,21.875,340585,"[1811, 3707, -3370]","[[-5, 14, -16], [-5, 16, -16], [-5, 13, -18]]"
12.868218,13.314492,body,0.000000,0.000000,0.000000,0.000000,0.000000,0.000000,0.000000,0.000000,0.000000,0.000000,0.000000,0.000000,6.669049,-3.255516,-6.069301,0.004368,0.000107,-0.002610,bmi088,0.01007525899990469,"[[0.0021305288720633907,0.0005326322180158477,-0.003728425526110934],[0.001597896654047543,-0.001597896654047543,-0.003728425526110934],[0.0029294771990871623,-0.0010652644360316954,-0.00346210941710301],[0.006391586616190172,0.0005326322180158477,-0.001864212763055467],[0.008788431597261486,0.0021305288720633907,-0.00026631610900792384]]",1077.3858876929999,1077.3870028105,21.875,340851,"[1813, 3714, -3380]","[[-2, 8, -14], [6, 6, -14], [4, 11, -13], [-2, 24, -7], [-8, 33, -1]]"
12.879135,13.325352,body,0.000000,0.000000,0.000000,0.000000,0.000000,0.000000,0.000000,0.000000,0.000000,0.000000,0.000000,0.000000,6.661866,-3.266290,-6.081871,0.004261,-0.001531,-0.001864,bmi088,0.010760887500055105,"[[0.009054747706269411,0.0021305288720633907,-0.00026631610900792384],[0.006125270507182248,-0.0005326322180158477,-0.001597896654047543],[0.0023968449810713144,-0.003195793308095086,-0.002663161090079238],[-0.0005326322180158477,-0.004527373853134706,-0.0029294771990871623]]",1077.3966485805,1077.3977450090001,21.875,341129,"[1819, 3710, -3387]","[[-8, 34, -1], [2, 23, -6], [12, 9, -10], [17, -2, -11]]"
12.889205,13.335430,body,0.000000,0.000000,0.000000,0.000000,0.000000,0.000000,0.000000,0.000000,0.000000,0.000000,0.000000,0.000000,6.685210,-3.260903,-6.101623,0.000133,-0.006724,0.000200,bmi088,0.010009032499965542,"[[-0.0010652644360316954,-0.004793689962142629,-0.0029294771990871623],[-0.00026631610900792384,-0.005858954398174325,-0.0010652644360316954],[0.0005326322180158477,-0.007456851052221868,0.0010652644360316954],[0.001331580545039619,-0.008788431597261486,0.003728425526110934]]",1077.4066576129999,1077.4077240084998,21.875,341387,"[1816, 3723, -3398]","[[18, -4, -11], [22, -1, -4], [28, 2, 4], [33, 5, 14]]"
12.899206,13.345547,body,0.000000,0.000000,0.000000,0.000000,0.000000,0.000000,0.000000,0.000000,0.000000,0.000000,0.000000,0.000000,6.701370,-3.251924,-6.103419,0.001398,-0.007657,0.005060,bmi088,0.009995639500175457,"[[0.0023968449810713144,-0.00825579937924564,0.004261057744126781],[0.0023968449810713144,-0.007456851052221868,0.003994741635118857],[0.001331580545039619,-0.007190534943213944,0.004793689962142629],[-0.0005326322180158477,-0.007723167161229791,0.007190534943213944]]",1077.4166532525,1077.4177151200001,21.875,341646,"[1811, 3732, -3399]","[[31, 9, 16], [28, 9, 15], [27, 5, 18], [29, -2, 27]]"
12.909203,13.355664,body,0.000000,0.000000,0.000000,0.000000,0.000000,0.000000,0.000000,0.000000,0.000000,0.000000,0.000000,0.000000,6.701370,-3.259107,-6.080075,0.000399,-0.005326,0.012450,bmi088,0.009994440499895063,"[[-0.0007989483270237715,-0.007723167161229791,0.010918960469324878],[-0.00026631610900792384,-0.006125270507182248,0.012783173232380344],[0.001331580545039619,-0.004527373853134706,0.013582121559404116],[0.001331580545039619,-0.0029294771990871623,0.012516857123372421]]",1077.426647693,1077.4277432575,21.875,341905,"[1815, 3732, -3386]","[[29, -3, 41], [23, -1, 48], [17, 5, 51], [11, 5, 47]]"
12.919208,13.365859,body,0.000000,0.000000,0.000000,0.000000,0.000000,0.000000,0.000000,0.000000,0.000000,0.000000,0.000000,0.000000,6.679823,-3.244742,-6.054936,0.000200,-0.000333,0.003329,bmi088,0.010036105499921177,"[[0.0005326322180158477,-0.001597896654047543,0.009587379924285258],[-0.0005326322180158477,-0.00026631610900792384,0.0055926382891664005],[0.0,0.0005326322180158477,0.0010652644360316954],[0.0007989483270237715,0.0,-0.0029294771990871623]]",1077.4366837984999,1077.4378183889999,21.875,342166,"[1807, 3720, -3372]","[[6, 2, 36], [1, -2, 21], [-2, 0, 4], [0, 3, -11]]"
12.929282,13.376250,body,0.000000,0.000000,0.000000,0.000000,0.000000,0.000000,0.000000,0.000000,0.000000,0.000000,0.000000,0.000000,6.645705,-3.289633,-6.053140,0.002730,0.000266,-0.005393,bmi088,0.010318165000171575,"[[0.001331580545039619,0.00026631610900792384,-0.004527373853134706],[0.001864212763055467,-0.00026631610900792384,-0.005326322180158476],[0.003195793308095086,0.0005326322180158477,-0.005326322180158476],[0.004527373853134706,0.0005326322180158477,-0.006391586616190172]]",1077.4470019635,1077.448089,21.875,342432,"[1832, 3701, -3371]","[[-1, 5, -17], [1, 7, -20], [-2, 12, -20], [-2, 17, -24]]"
12.939294,13.386758,body,0.000000,0.000000,0.000000,0.000000,0.000000,0.000000,0.000000,0.000000,0.000000,0.000000,0.000000,0.000000,6.643910,-3.260903,-6.076484,0.004261,-0.002064,-0.004527,bmi088,0.010378455999898506,"[[0.003994741635118857,0.0,-0.006125270507182248],[0.003728425526110934,-0.0007989483270237715,-0.005326322180158476],[0.004527373853134706,-0.0029294771990871623,-0.004261057744126781],[0.004793689962142629,-0.004527373853134706,-0.0023968449810713144]]",1077.4573804195,1077.4584587670001,21.875,342701,"[1816, 3700, -3384]","[[0, 15, -23], [3, 14, -20], [11, 17, -16], [17, 18, -9]]"
12.949509,13.396445,body,0.000000,0.000000,0.000000,0.000000,0.000000,0.000000,0.000000,0.000000,0.000000,0.000000,0.000000,0.000000,6.652888,-3.255516,-6.080075,0.003262,-0.004727,0.003063,bmi088,0.009605368000165981,"[[0.0055926382891664005,-0.00692421883420602,0.0],[0.003994741635118857,-0.005858954398174325,0.0023968449810713144],[0.0029294771990871623,-0.004527373853134706,0.004527373853134706],[0.0005326322180158477,-0.001597896654047543,0.005326322180158476]]",1077.4669857875,1077.4680700555,21.875,342949,"[1813, 3705, -3386]","[[26, 21, 0], [22, 15, 9], [17, 11, 17], [6, 2, 20]]"
12.959576,13.406680,body,0.000000,0.000000,0.000000,0.000000,0.000000,0.000000,0.000000,0.000000,0.000000,0.000000,0.000000,0.000000,6.687005,-3.257311,-6.074688,-0.000200,-0.001198,0.004794,bmi088,0.010046985499911898,"[[-0.001864212763055467,-0.0005326322180158477,0.006391586616190172],[-0.001597896654047543,-0.00026631610900792384,0.0055926382891664005],[0.00026631610900792384,-0.001331580545039619,0.004793689962142629],[0.0023968449810713144,-0.002663161090079238,0.0023968449810713144]]",1077.477032773,1077.4781684519999,21.875,343211,"[1814, 3724, -3383]","[[2, -7, 24], [1, -6, 21], [5, 1, 18], [10, 9, 9]]"
12.969642,13.417617,body,0.000000,0.000000,0.000000,0.000000,0.000000,0.000000,0.000000,0.000000,0.000000,0.000000,0.000000,0.000000,6.672640,-3.257311,-6.051345,0.000466,-0.004661,-0.006125,bmi088,0.010853643499785903,"[[0.001331580545039619,-0.00346210941710301,-0.001597896654047543],[-0.00026631610900792384,-0.004527373853134706,-0.005326322180158476],[-0.0005326322180158477,-0.004793689962142629,-0.00825579937924564],[0.001331580545039619,-0.005858954398174325,-0.009321063815277334]]",1077.4878864164998,1077.4890211345,21.875,343491,"[1814, 3716, -3370]","[[13, 5, -6], [17, -1, -20], [18, -2, -31], [22, 5, -35]]"
12.980060,13.427617,body,0.000000,0.000000,0.000000,0.000000,0.000000,0.000000,0.000000,0.000000,0.000000,0.000000,0.000000,0.000000,6.678027,-3.277064,-6.071097,0.001997,-0.006392,-0.006591,bmi088,0.009995288000027358,"[[0.002663161090079238,-0.005858954398174325,-0.009054747706269411],[0.002663161090079238,-0.006391586616190172,-0.00825579937924564],[0.001597896654047543,-0.006125270507182248,-0.005858954398174325],[0.0010652644360316954,-0.007190534943213944,-0.003195793308095086]]",1077.4978817044998,1077.4989208345,21.875,343747,"[1825, 3719, -3381]","[[22, 10, -34], [24, 10, -31], [23, 6, -22], [27, 4, -12]]"
12.990111,13.437773,body,0.000000,0.000000,0.000000,0.000000,0.000000,0.000000,0.000000,0.000000,0.000000,0.000000,0.000000,0.000000,6.690597,-3.253720,-6.098032,-0.000732,-0.007590,0.006658,bmi088,0.009970182999950339,"[[0.0007989483270237715,-0.007723167161229791,0.00026631610900792384],[0.00026631610900792384,-0.008788431597261486,0.003994741635118857],[-0.001597896654047543,-0.007456851052221868,0.009321063815277334],[-0.0023968449810713144,-0.006391586616190172,0.013049489341388268]]",1077.5078518874998,1077.5089304275,21.875,344007,"[1812, 3726, -3396]","[[29, 3, 1], [33, 1, 15], [28, -6, 35], [24, -9, 49]]"
13.000184,13.448047,body,0.000000,0.000000,0.000000,0.000000,0.000000,0.000000,0.000000,0.000000,0.000000,0.000000,0.000000,0.000000,6.669049,-3.257311,-6.081871,-0.002530,-0.003196,0.015247,bmi088,0.010076123500311951,"[[-0.0023968449810713144,-0.005060006071150553,0.015446334322459582],[-0.0023968449810713144,-0.003994741635118857,0.015712650431467506],[-0.0029294771990871623,-0.0029294771990871623,0.01597896654047543],[-0.0023968449810713144,-0.0007989483270237715,0.01384843766841204]]",1077.517928011,1077.5191185869999,21.875,344270,"[1814, 3714, -3387]","[[19, -9, 58], [15, -9, 59], [11, -11, 60], [3, -9, 52]]"
13.010186,13.458047,body,0.000000,0.000000,0.000000,0.000000,0.000000,0.000000,0.000000,0.000000,0.000000,0.000000,0.000000,0.000000,6.647501,-3.268085,-6.065710,-0.002064,-0.002264,0.003928,bmi088,0.009987174999878334,"[[-0.0007989483270237715,0.00026631610900792384,0.009853696033293183],[-0.0010652644360316954,-0.0005326322180158477,0.0055926382891664005],[-0.0029294771990871623,-0.003728425526110934,0.001864212763055467],[-0.00346210941710301,-0.005060006071150553,-0.001597896654047543]]",1077.527915186,1077.5289816935,21.875,344526,"[1820, 3702, -3378]","[[-1, -3, 37], [2, -4, 21], [14, -11, 7], [19, -13, -6]]"
13.020469,13.468750,body,0.000000,0.000000,0.000000,0.000000,0.000000,0.000000,0.000000,0.000000,0.000000,0.000000,0.000000,0.000000,6.669049,-3.278859,-6.062119,0.004527,-0.002077,-0.004634,bmi088,0.010376071500104445,"[[0.0,-0.004793689962142629,-0.003728425526110934],[0.004261057744126781,-0.002663161090079238,-0.0055926382891664005],[0.006657902725198096,-0.0007989483270237715,-0.004527373853134706],[0.006657902725198096,-0.0005326322180158477,-0.004793689962142629],[0.005060006071150553,-0.001597896654047543,-0.004527373853134706]]",1077.5382912575,1077.5394845545,21.875,344800,"[1826, 3714, -3376]","[[18, 0, -14], [10, 16, -21], [3, 25, -17], [2, 25, -18], [6, 19, -17]]"
13.030772,13.478867,body,0.000000,0.000000,0.000000,0.000000,0.000000,0.000000,0.000000,0.000000,0.000000,0.000000,0.000000,0.000000,6.688801,-3.277064,-6.083666,-0.000666,-0.001531,-0.000999,bmi088,0.010270131499964918,"[[0.001597896654047543,-0.003195793308095086,-0.003728425526110934],[-0.001864212763055467,-0.0023968449810713144,-0.0021305288720633907],[-0.0023968449810713144,-0.0007989483270237715,0.0010652644360316954],[0.0,0.00026631610900792384,0.0007989483270237715]]",1077.548561389,1077.5496046955,21.875,345059,"[1825, 3725, -3388]","[[12, 6, -14], [9, -7, -8], [3, -9, 4], [-1, 0, 3]]"
13.040753,13.488945,body,0.000000,0.000000,0.000000,0.000000,0.000000,0.000000,0.000000,0.000000,0.000000,0.000000,0.000000,0.000000,6.669049,-3.262698,-6.074688,0.002264,0.000000,0.001332,bmi088,0.009912628499932907,"[[0.001597896654047543,0.0005326322180158477,0.001331580545039619],[0.0021305288720633907,-0.0005326322180158477,0.001597896654047543],[0.002663161090079238,0.0,0.001331580545039619],[0.002663161090079238,0.0,0.0010652644360316954]]",1077.5584740175,1077.5595513735002,21.875,345317,"[1817, 3714, -3383]","[[-2, 6, 5], [2, 8, 6], [0, 10, 5], [0, 10, 4]]"
13.050823,13.499180,body,0.000000,0.000000,0.000000,0.000000,0.000000,0.000000,0.000000,0.000000,0.000000,0.000000,0.000000,0.000000,6.663662,-3.271677,-6.060323,0.000866,0.000266,-0.005926,bmi088,0.010140350000028775,"[[0.001331580545039619,0.001597896654047543,-0.001864212763055467],[0.0007989483270237715,0.0007989483270237715,-0.003728425526110934],[0.0005326322180158477,0.00026631610900792384,-0.007723167161229791],[0.0007989483270237715,-0.001597896654047543,-0.01038632825130903]]",1077.5686143675,1077.5696698025,21.875,345579,"[1822, 3711, -3375]","[[-6, 5, -7], [-3, 3, -14], [-1, 2, -29], [6, 3, -39]]"
13.063077,13.511445,body,0.000000,0.000000,0.000000,0.000000,0.000000,0.000000,0.000000,0.000000,0.000000,0.000000,0.000000,0.000000,6.687005,-3.266290,-6.085462,0.001332,-0.003728,-0.007031,bmi088,0.012143375500045295,"[[0.0007989483270237715,-0.0023968449810713144,-0.011185276578332801],[0.001331580545039619,-0.003994741635118857,-0.01038632825130903],[0.0021305288720633907,-0.004261057744126781,-0.007456851052221868],[0.001597896654047543,-0.004261057744126781,-0.005060006071150553],[0.0007989483270237715,-0.003728425526110934,-0.0010652644360316954]]",1077.580757743,1077.581809178,21.875,345893,"[1819, 3724, -3389]","[[9, 3, -42], [15, 5, -39], [16, 8, -28], [16, 6, -19], [14, 3, -4]]"
13.073707,13.522383,body,0.000000,0.000000,0.000000,0.000000,0.000000,0.000000,0.000000,0.000000,0.000000,0.000000,0.000000,0.000000,6.699575,-3.259107,-6.099827,-0.003928,-0.006059,0.010053,bmi088,0.01081727349992434,"[[-0.001864212763055467,-0.005060006071150553,0.003195793308095086],[-0.003728425526110934,-0.006391586616190172,0.00825579937924564],[-0.005326322180158476,-0.007190534943213944,0.013315805450396193],[-0.004793689962142629,-0.0055926382891664005,0.015446334322459582]]",1077.5915750165,1077.5926320674998,21.875,346173,"[1815, 3731, -3397]","[[19, -7, 12], [24, -14, 31], [27, -20, 50], [21, -18, 58]]"
13.083776,13.532188,body,0.000000,0.000000,0.000000,0.000000,0.000000,0.000000,0.000000,0.000000,0.000000,0.000000,0.000000,0.000000,6.683414,-3.259107,-6.074688,-0.006525,-0.002264,0.011984,bmi088,0.009874307000018234,"[[-0.0055926382891664005,-0.003994741635118857,0.015446334322459582],[-0.006657902725198096,-0.002663161090079238,0.01384843766841204],[-0.007190534943213944,-0.001864212763055467,0.011451592687340724],[-0.006657902725198096,-0.0005326322180158477,0.007190534943213944]]",1077.6014493235,1077.6023036305,21.875,346424,"[1815, 3722, -3383]","[[15, -21, 58], [10, -25, 52], [7, -27, 43], [2, -25, 27]]"
13.093777,13.542461,body,0.000000,0.000000,0.000000,0.000000,0.000000,0.000000,0.000000,0.000000,0.000000,0.000000,0.000000,0.000000,6.678027,-3.255516,-6.067506,-0.002730,-0.000266,-0.000732,bmi088,0.009990792000053261,"[[-0.003994741635118857,0.0005326322180158477,0.002663161090079238],[-0.0021305288720633907,0.0005326322180158477,-0.00026631610900792384],[-0.001597896654047543,-0.00026631610900792384,-0.001864212763055467],[-0.003195793308095086,-0.001864212763055467,-0.00346210941710301]]",1077.6114401155,1077.612485998,21.875,346687,"[1813, 3719, -3379]","[[-2, -15, 10], [-2, -8, -1], [1, -6, -7], [7, -12, -13]]"
13.103990,13.552812,body,0.000000,0.000000,0.000000,0.000000,0.000000,0.000000,0.000000,0.000000,0.000000,0.000000,0.000000,0.000000,6.672640,-3.241150,-6.065710,0.000732,-0.003329,-0.003196,bmi088,0.010241554000003816,"[[-0.002663161090079238,-0.0029294771990871623,-0.004527373853134706],[-0.00026631610900792384,-0.003195793308095086,-0.004261057744126781],[0.002663161090079238,-0.003195793308095086,-0.0029294771990871623],[0.003195793308095086,-0.003994741635118857,-0.0010652644360316954]]",1077.6216816695,1077.622748657,21.875,346952,"[1805, 3716, -3378]","[[11, -10, -17], [12, -1, -16], [12, 10, -11], [15, 12, -4]]"
13.114261,13.563281,body,0.000000,0.000000,0.000000,0.000000,0.000000,0.000000,0.000000,0.000000,0.000000,0.000000,0.000000,0.000000,6.678027,-3.269881,-6.067506,0.003129,-0.004194,-0.000732,bmi088,0.010286547999839968,"[[0.0029294771990871623,-0.004261057744126781,-0.0005326322180158477],[0.003195793308095086,-0.005060006071150553,-0.0010652644360316954],[0.0029294771990871623,-0.004527373853134706,-0.0010652644360316954],[0.00346210941710301,-0.0029294771990871623,-0.00026631610900792384]]",1077.6319682175,1077.633079895,21.875,347220,"[1821, 3719, -3379]","[[16, 11, -2], [19, 12, -4], [17, 11, -4], [11, 13, -1]]"
13.124336,13.573555,body,0.000000,0.000000,0.000000,0.000000,0.000000,0.000000,0.000000,0.000000,0.000000,0.000000,0.000000,0.000000,6.663662,-3.284246,-6.067506,0.004194,-0.001465,-0.000133,bmi088,0.010156478499993682,"[[0.00346210941710301,-0.001331580545039619,0.00026631610900792384],[0.004527373853134706,-0.0007989483270237715,-0.00026631610900792384],[0.004793689962142629,-0.001597896654047543,-0.0005326322180158477],[0.003994741635118857,-0.0021305288720633907,0.0]]",1077.6421246959999,1077.6432349010001,21.875,347483,"[1829, 3711, -3379]","[[5, 13, 1], [3, 17, -1], [6, 18, -2], [8, 15, 0]]"
13.134335,13.583945,body,0.000000,0.000000,0.000000,0.000000,0.000000,0.000000,0.000000,0.000000,0.000000,0.000000,0.000000,0.000000,6.678027,-3.260903,-6.060323,0.003063,-0.003928,-0.000799,bmi088,0.010523021499921015,"[[0.00346210941710301,-0.0029294771990871623,0.0007989483270237715],[0.003728425526110934,-0.003728425526110934,0.0007989483270237715],[0.003195793308095086,-0.004527373853134706,-0.0007989483270237715],[0.001864212763055467,-0.004527373853134706,-0.003994741635118857]]",1077.6526477174998,1077.6535106484998,21.875,347749,"[1816, 3719, -3375]","[[11, 13, 3], [14, 14, 3], [17, 12, -3], [17, 7, -15]]"
13.144403,13.593594,body,0.000000,0.000000,0.000000,0.000000,0.000000,0.000000,0.000000,0.000000,0.000000,0.000000,0.000000,0.000000,6.679823,-3.266290,-6.081871,-0.000799,-0.002131,-0.005792,bmi088,0.009376046500165103,"[[-0.0007989483270237715,-0.003728425526110934,-0.007456851052221868],[-0.001864212763055467,-0.0023968449810713144,-0.008522115488253563],[-0.0007989483270237715,-0.001331580545039619,-0.005326322180158476],[0.00026631610900792384,-0.0010652644360316954,-0.001864212763055467]]",1077.662023764,1077.6630628305002,21.875,347996,"[1819, 3720, -3387]","[[14, -3, -28], [9, -7, -32], [5, -3, -20], [4, 1, -7]]"
13.154475,13.603906,body,0.000000,0.000000,0.000000,0.000000,0.000000,0.000000,0.000000,0.000000,0.000000,0.000000,0.000000,0.000000,6.697779,-3.264494,-6.092645,-0.000466,-0.001997,0.005859,bmi088,0.010132381499943222,"[[0.0007989483270237715,-0.001597896654047543,0.001864212763055467],[-0.00026631610900792384,-0.0021305288720633907,0.004527373853134706],[-0.0007989483270237715,-0.0029294771990871623,0.007190534943213944],[-0.001597896654047543,-0.001331580545039619,0.009853696033293183]]",1077.6721561455,1077.673218029,21.875,348260,"[1818, 3730, -3393]","[[6, 3, 7], [8, -1, 17], [11, -3, 27], [5, -6, 37]]"
13.164438,13.614883,body,0.000000,0.000000,0.000000,0.000000,0.000000,0.000000,0.000000,0.000000,0.000000,0.000000,0.000000,0.000000,6.663662,-3.250129,-6.065710,-0.002397,0.002863,0.007989,bmi088,0.010218929500069862,"[[-0.0023968449810713144,0.0005326322180158477,0.010652644360316953],[-0.0029294771990871623,0.0029294771990871623,0.009853696033293183],[-0.0023968449810713144,0.003728425526110934,0.006657902725198096],[-0.001864212763055467,0.004261057744126781,0.004793689962142629]]",1077.682375075,1077.6841017054999,21.875,348541,"[1810, 3711, -3378]","[[-2, -9, 40], [-11, -11, 37], [-14, -9, 25], [-16, -7, 18]]"
13.174727,13.624531,body,0.000000,0.000000,0.000000,0.000000,0.000000,0.000000,0.000000,0.000000,0.000000,0.000000,0.000000,0.000000,6.656479,-3.253720,-6.072893,0.000399,0.002929,-0.001931,bmi088,0.010200960500014844,"[[-0.001597896654047543,0.003728425526110934,0.002663161090079238],[0.0,0.00346210941710301,0.00026631610900792384],[0.001597896654047543,0.0021305288720633907,-0.003728425526110934],[0.001597896654047543,0.0023968449810713144,-0.00692421883420602]]",1077.6925760355,1077.6936399985,21.875,348788,"[1812, 3707, -3382]","[[-14, -6, 10], [-13, 0, 1], [-8, 6, -14], [-9, 6, -26]]"
13.184797,13.634297,body,0.000000,0.000000,0.000000,0.000000,0.000000,0.000000,0.000000,0.000000,0.000000,0.000000,0.000000,0.000000,6.676231,-3.264494,-6.069301,-0.002197,0.000067,-0.006591,bmi088,0.009616296499871169,"[[0.0010652644360316954,0.0007989483270237715,-0.00825579937924564],[-0.0010652644360316954,0.0007989483270237715,-0.007723167161229791],[-0.003728425526110934,-0.0005326322180158477,-0.006391586616190172],[-0.005060006071150553,-0.0007989483270237715,-0.003994741635118857]]",1077.7021923319999,1077.7033074655,21.875,349038,"[1818, 3718, -3380]","[[-3, 4, -31], [-3, -4, -29], [2, -14, -24], [3, -19, -15]]"
13.194799,13.644648,body,0.000000,0.000000,0.000000,0.000000,0.000000,0.000000,0.000000,0.000000,0.000000,0.000000,0.000000,0.000000,6.676231,-3.260903,-6.078279,-0.001265,-0.002730,0.000866,bmi088,0.010266338500059646,"[[-0.004793689962142629,-0.0010652644360316954,-0.001331580545039619],[-0.001331580545039619,-0.001597896654047543,0.0005326322180158477],[0.00026631610900792384,-0.00346210941710301,0.001597896654047543],[0.0007989483270237715,-0.004793689962142629,0.002663161090079238]]",1077.7124586705,1077.7135263145,21.875,349303,"[1816, 3718, -3385]","[[4, -18, -5], [6, -5, 2], [13, 1, 6], [18, 3, 10]]"
13.204800,13.654805,body,0.000000,0.000000,0.000000,0.000000,0.000000,0.000000,0.000000,0.000000,0.000000,0.000000,0.000000,0.000000,6.685210,-3.287837,-6.035184,-0.001065,-0.004394,0.005260,bmi088,0.010039578000032634,"[[0.00026631610900792384,-0.005858954398174325,0.005326322180158476],[-0.0007989483270237715,-0.005326322180158476,0.006391586616190172],[-0.001331580545039619,-0.004261057744126781,0.006125270507182248],[-0.0023968449810713144,-0.0021305288720633907,0.003195793308095086]]",1077.7224982485,1077.7235735245,21.875,349563,"[1831, 3723, -3361]","[[22, 1, 20], [20, -3, 24], [16, -5, 23], [8, -9, 12]]"
13.214797,13.664922,body,0.000000,0.000000,0.000000,0.000000,0.000000,0.000000,0.000000,0.000000,0.000000,0.000000,0.000000,0.000000,6.669049,-3.259107,-6.031593,0.000266,-0.000133,-0.004461,bmi088,0.010015961000135576,"[[-0.0023968449810713144,0.0,-0.0007989483270237715],[-0.0010652644360316954,0.0005326322180158477,-0.003994741635118857],[0.001331580545039619,0.0,-0.006125270507182248],[0.003195793308095086,-0.0010652644360316954,-0.00692421883420602]]",1077.7325142095,1077.7335874695,21.875,349822,"[1815, 3714, -3359]","[[0, -9, -3], [-2, -4, -15], [0, 5, -23], [4, 12, -26]]"
13.224795,13.675000,body,0.000000,0.000000,0.000000,0.000000,0.000000,0.000000,0.000000,0.000000,0.000000,0.000000,0.000000,0.000000,6.667253,-3.244742,-6.108806,0.000067,-0.003196,-0.004394,bmi088,0.010009608000018488,"[[0.0029294771990871623,-0.0023968449810713144,-0.006391586616190172],[0.0005326322180158477,-0.002663161090079238,-0.006125270507182248],[-0.0010652644360316954,-0.003195793308095086,-0.003994741635118857],[-0.0021305288720633907,-0.004527373853134706,-0.0010652644360316954]]",1077.7425238175001,1077.743587461,21.875,350080,"[1807, 3713, -3402]","[[9, 11, -24], [10, 2, -23], [12, -4, -15], [17, -8, -4]]"
13.234798,13.685313,body,0.000000,0.000000,0.000000,0.000000,0.000000,0.000000,0.000000,0.000000,0.000000,0.000000,0.000000,0.000000,6.694188,-3.255516,-6.105214,-0.002996,-0.006392,0.006325,bmi088,0.010143918500034488,"[[-0.0021305288720633907,-0.005858954398174325,0.0021305288720633907],[-0.002663161090079238,-0.00692421883420602,0.005326322180158476],[-0.003195793308095086,-0.006657902725198096,0.007723167161229791],[-0.003994741635118857,-0.006125270507182248,0.010120012142301106]]",1077.7526677360001,1077.753772997,21.875,350344,"[1813, 3728, -3400]","[[22, -8, 8], [26, -10, 20], [25, -12, 29], [23, -15, 38]]"
13.244795,13.695234,body,0.000000,0.000000,0.000000,0.000000,0.000000,0.000000,0.000000,0.000000,0.000000,0.000000,0.000000,0.000000,6.663662,-3.291429,-6.080075,-0.003129,-0.003196,0.014314,bmi088,0.00979315199992925,"[[-0.003994741635118857,-0.005060006071150553,0.012250541014364496],[-0.003994741635118857,-0.003728425526110934,0.014381069886427887],[-0.003195793308095086,-0.0023968449810713144,0.015712650431467506],[-0.001331580545039619,-0.001597896654047543,0.014913702104443736]]",1077.762460888,1077.7635489485,21.875,350598,"[1833, 3711, -3386]","[[19, -15, 46], [14, -15, 54], [9, -12, 59], [6, -5, 56]]"
13.254799,13.705312,body,0.000000,0.000000,0.000000,0.000000,0.000000,0.000000,0.000000,0.000000,0.000000,0.000000,0.000000,0.000000,6.685210,-3.293224,-6.090849,0.001531,-0.001931,0.006059,bmi088,0.009995559499884621,"[[0.0,-0.001864212763055467,0.010918960469324878],[0.0021305288720633907,-0.001597896654047543,0.007190534943213944],[0.0023968449810713144,-0.0021305288720633907,0.004527373853134706],[0.001597896654047543,-0.0021305288720633907,0.001597896654047543]]",1077.7724564475,1077.7735211155,21.875,350856,"[1834, 3723, -3392]","[[7, 0, 41], [6, 8, 27], [8, 9, 17], [8, 6, 6]]"
13.265509,13.716289,body,0.000000,0.000000,0.000000,0.000000,0.000000,0.000000,0.000000,0.000000,0.000000,0.000000,0.000000,0.000000,6.695983,-3.262698,-6.065710,0.003622,-0.001545,-0.003089,bmi088,0.01081380150003497,"[[0.001331580545039619,-0.0029294771990871623,-0.0010652644360316954],[0.0010652644360316954,-0.001597896654047543,-0.002663161090079238],[0.0029294771990871623,-0.001597896654047543,-0.003195793308095086],[0.0055926382891664005,-0.0010652644360316954,-0.003728425526110934],[0.007190534943213944,-0.0005326322180158477,-0.004793689962142629]]",1077.783270249,1077.7844013674999,21.875,351137,"[1817, 3729, -3378]","[[11, 5, -4], [6, 4, -10], [6, 11, -12], [4, 21, -14], [2, 27, -18]]"
13.275581,13.726445,body,0.000000,0.000000,0.000000,0.000000,0.000000,0.000000,0.000000,0.000000,0.000000,0.000000,0.000000,0.000000,6.692392,-3.284246,-6.080075,0.003795,-0.000533,-0.005992,bmi088,0.010108636500035573,"[[0.00692421883420602,0.0010652644360316954,-0.006657902725198096],[0.003994741635118857,0.0005326322180158477,-0.007190534943213944],[0.0023968449810713144,-0.001331580545039619,-0.006125270507182248],[0.001864212763055467,-0.0023968449810713144,-0.003994741635118857]]",1077.7933788855,1077.7944766424998,21.875,351397,"[1829, 3727, -3386]","[[-4, 26, -25], [-2, 15, -27], [5, 9, -23], [9, 7, -15]]"
13.285583,13.736250,body,0.000000,0.000000,0.000000,0.000000,0.000000,0.000000,0.000000,0.000000,0.000000,0.000000,0.000000,0.000000,6.649297,-3.275268,-6.067506,0.002752,-0.000621,-0.003728,bmi088,0.009701580500177442,"[[0.0021305288720633907,-0.001864212763055467,-0.002663161090079238],[0.0029294771990871623,-0.0005326322180158477,-0.003728425526110934],[0.003195793308095086,0.0005326322180158477,-0.004793689962142629]]",1077.8030804660002,1077.804142061,21.875,351648,"[1824, 3703, -3379]","[[7, 8, -10], [2, 11, -14], [-2, 12, -18]]"
13.295582,13.746562,body,0.000000,0.000000,0.000000,0.000000,0.000000,0.000000,0.000000,0.000000,0.000000,0.000000,0.000000,0.000000,6.658275,-3.255516,-6.044162,0.001917,-0.000586,-0.005326,bmi088,0.010149277499749587,"[[0.0029294771990871623,0.0005326322180158477,-0.004793689962142629],[0.002663161090079238,0.0005326322180158477,-0.005060006071150553],[0.001864212763055467,-0.0005326322180158477,-0.004793689962142629],[0.001597896654047543,-0.0007989483270237715,-0.005858954398174325],[0.0005326322180158477,-0.002663161090079238,-0.006125270507182248]]",1077.8132297435,1077.8143394535,21.875,351912,"[1813, 3708, -3366]","[[-2, 11, -18], [-2, 10, -19], [2, 7, -18], [3, 6, -22], [10, 2, -23]]"
13.306016,13.757188,body,0.000000,0.000000,0.000000,0.000000,0.000000,0.000000,0.000000,0.000000,0.000000,0.000000,0.000000,0.000000,6.670844,-3.242946,-6.065710,-0.002463,-0.009587,-0.003329,bmi088,0.0105785119999382,"[[-0.0005326322180158477,-0.005326322180158476,-0.006391586616190172],[-0.0023968449810713144,-0.008788431597261486,-0.0055926382891664005],[-0.003195793308095086,-0.011185276578332801,-0.0023968449810713144],[-0.003728425526110934,-0.013049489341388268,0.0010652644360316954]]",1077.8238082555,1077.8248534825,21.875,352184,"[1806, 3715, -3378]","[[20, -2, -24], [33, -9, -21], [42, -12, -9], [49, -14, 4]]"
13.316244,13.767422,body,0.000000,0.000000,0.000000,0.000000,0.000000,0.000000,0.000000,0.000000,0.000000,0.000000,0.000000,0.000000,6.685210,-3.253720,-6.069301,-0.001198,-0.010320,0.010120,bmi088,0.010136446000160504,"[[-0.0021305288720633907,-0.013049489341388268,0.004793689962142629],[-0.0007989483270237715,-0.01171790879634865,0.00825579937924564],[-0.00026631610900792384,-0.009321063815277334,0.01171790879634865],[-0.001597896654047543,-0.007190534943213944,0.015712650431467506]]",1077.8339447015,1077.8349952244998,21.875,352446,"[1812, 3723, -3380]","[[49, -8, 18], [44, -3, 31], [35, -1, 44], [27, -6, 59]]"
13.326321,13.777734,body,0.000000,0.000000,0.000000,0.000000,0.000000,0.000000,0.000000,0.000000,0.000000,0.000000,0.000000,0.000000,6.687005,-3.260903,-6.087258,-0.004727,-0.004993,0.015247,bmi088,0.010215328999947815,"[[-0.0023968449810713144,-0.005858954398174325,0.017576863194522972],[-0.003195793308095086,-0.004793689962142629,0.01731054708551505],[-0.005060006071150553,-0.004527373853134706,0.014381069886427887],[-0.00825579937924564,-0.004793689962142629,0.01171790879634865]]",1077.8441600305,1077.8451860404998,21.875,352710,"[1816, 3724, -3390]","[[22, -9, 66], [18, -12, 65], [17, -19, 54], [18, -31, 44]]"
13.337088,13.788672,body,0.000000,0.000000,0.000000,0.000000,0.000000,0.000000,0.000000,0.000000,0.000000,0.000000,0.000000,0.000000,6.679823,-3.264494,-6.065710,-0.007657,-0.004261,0.005659,bmi088,0.010736486000041623,"[[-0.01038632825130903,-0.004793689962142629,0.008522115488253563],[-0.010120012142301106,-0.004793689962142629,0.006657902725198096],[-0.007456851052221868,-0.004261057744126781,0.005060006071150553],[-0.002663161090079238,-0.003195793308095086,0.0023968449810713144]]",1077.8548965165,1077.8559477915,21.875,352990,"[1818, 3720, -3378]","[[18, -39, 32], [18, -38, 25], [16, -28, 19], [12, -10, 9]]"
13.347159,13.798789,body,0.000000,0.000000,0.000000,0.000000,0.000000,0.000000,0.000000,0.000000,0.000000,0.000000,0.000000,0.000000,6.687005,-3.278859,-6.087258,0.003928,-0.002264,-0.003063,bmi088,0.010019961000125477,"[[0.0021305288720633907,-0.0021305288720633907,0.0005326322180158477],[0.004793689962142629,-0.001597896654047543,-0.0021305288720633907],[0.005326322180158476,-0.0023968449810713144,-0.004261057744126781],[0.00346210941710301,-0.0029294771990871623,-0.006391586616190172]]",1077.8649164775002,1077.8659833689999,21.875,353249,"[1826, 3724, -3390]","[[8, 8, 2], [6, 18, -8], [9, 20, -16], [11, 13, -24]]"
13.357186,13.808945,body,0.000000,0.000000,0.000000,0.000000,0.000000,0.000000,0.000000,0.000000,0.000000,0.000000,0.000000,0.000000,6.669049,-3.250129,-6.087258,-0.000200,-0.003662,-0.003329,bmi088,0.010045833999811293,"[[0.001864212763055467,-0.00346210941710301,-0.006391586616190172],[-0.0005326322180158477,-0.003728425526110934,-0.004793689962142629],[-0.001331580545039619,-0.003994741635118857,-0.0021305288720633907],[-0.0007989483270237715,-0.00346210941710301,0.0]]",1077.8749623115,1077.8760095705,21.875,353509,"[1810, 3714, -3390]","[[13, 7, -24], [14, -2, -18], [15, -5, -8], [13, -3, 0]]"
13.371264,13.823828,body,0.000000,0.000000,0.000000,0.000000,0.000000,0.000000,0.000000,0.000000,0.000000,0.000000,0.000000,0.000000,6.683414,-3.248333,-6.051345,0.004882,-0.001909,-0.000044,bmi088,0.014649845999883837,"[[0.0010652644360316954,-0.003195793308095086,0.001331580545039619],[0.003728425526110934,-0.002663161090079238,0.001864212763055467],[0.005060006071150553,-0.0029294771990871623,0.0007989483270237715],[0.006391586616190172,-0.001864212763055467,0.0],[0.006391586616190172,-0.0007989483270237715,-0.001597896654047543],[0.006657902725198096,0.0,-0.002663161090079238]]",1077.8896121574999,1077.8907593724998,21.875,353890,"[1809, 3722, -3370]","[[12, 4, 5], [10, 14, 7], [11, 19, 3], [7, 24, 0], [3, 24, -6], [0, 25, -10]]"
13.382167,13.834258,body,0.000000,0.000000,0.000000,0.000000,0.000000,0.000000,0.000000,0.000000,0.000000,0.000000,0.000000,0.000000,6.649297,-3.253720,-6.065710,0.003928,-0.000067,-0.008988,bmi088,0.01041752950004593,"[[0.005326322180158476,-0.00026631610900792384,-0.005060006071150553],[0.003728425526110934,0.0,-0.007989483270237714],[0.003195793308095086,0.0005326322180158477,-0.010652644360316953],[0.00346210941710301,-0.0005326322180158477,-0.012250541014364496]]",1077.900029687,1077.9010845614998,21.875,354157,"[1812, 3703, -3378]","[[1, 20, -19], [0, 14, -30], [-2, 12, -40], [2, 13, -46]]"
13.392235,13.844141,body,0.000000,0.000000,0.000000,0.000000,0.000000,0.000000,0.000000,0.000000,0.000000,0.000000,0.000000,0.000000,6.665457,-3.259107,-6.067506,0.003795,-0.004993,-0.007390,bmi088,0.009689323000202421,"[[0.003728425526110934,-0.0029294771990871623,-0.010918960469324878],[0.003195793308095086,-0.005060006071150553,-0.008788431597261486],[0.003994741635118857,-0.0055926382891664005,-0.006391586616190172],[0.004261057744126781,-0.006391586616190172,-0.00346210941710301]]",1077.9097190100001,1077.910853537,21.875,354410,"[1815, 3712, -3379]","[[11, 14, -41], [19, 12, -33], [21, 15, -24], [24, 16, -13]]"
13.402562,13.854805,body,0.000000,0.000000,0.000000,0.000000,0.000000,0.000000,0.000000,0.000000,0.000000,0.000000,0.000000,0.000000,6.669049,-3.282450,-6.078279,0.002796,-0.004993,0.004128,bmi088,0.010594096999739122,"[[0.003728425526110934,-0.006391586616190172,0.0005326322180158477],[0.002663161090079238,-0.005858954398174325,0.00346210941710301],[0.001597896654047543,-0.003994741635118857,0.005060006071150553],[0.003195793308095086,-0.003728425526110934,0.007456851052221868]]",1077.9203131069999,1077.921395423,21.875,354683,"[1828, 3714, -3385]","[[24, 14, 2], [22, 10, 13], [15, 6, 19], [14, 12, 28]]"
13.412959,13.865234,body,0.000000,0.000000,0.000000,0.000000,0.000000,0.000000,0.000000,0.000000,0.000000,0.000000,0.000000,0.000000,6.676231,-3.248333,-6.083666,0.000932,-0.002929,0.008988,bmi088,0.010341750000179672,"[[0.003195793308095086,-0.0023968449810713144,0.010120012142301106],[0.003195793308095086,-0.003195793308095086,0.01038632825130903],[0.0,-0.0029294771990871623,0.008788431597261486],[-0.002663161090079238,-0.003195793308095086,0.006657902725198096]]",1077.930654857,1077.9317234764999,21.875,354950,"[1809, 3718, -3388]","[[9, 12, 38], [12, 12, 39], [11, 0, 33], [12, -10, 25]]"
13.423031,13.875547,body,0.000000,0.000000,0.000000,0.000000,0.000000,0.000000,0.000000,0.000000,0.000000,0.000000,0.000000,0.000000,6.674436,-3.251924,-6.074688,-0.000053,-0.001811,0.000266,bmi088,0.010221265499922083,"[[-0.00346210941710301,-0.001597896654047543,0.005858954398174325],[-0.0007989483270237715,-0.0007989483270237715,0.00346210941710301],[0.001597896654047543,-0.0010652644360316954,0.00026631610900792384],[0.0021305288720633907,-0.0023968449810713144,-0.003195793308095086],[0.00026631610900792384,-0.003195793308095086,-0.005060006071150553]]",1077.9408761225,1077.94194703,21.875,355214,"[1811, 3717, -3383]","[[6, -13, 22], [3, -3, 13], [4, 6, 1], [9, 8, -12], [12, 1, -19]]"
13.434025,13.886641,body,0.000000,0.000000,0.000000,0.000000,0.000000,0.000000,0.000000,0.000000,0.000000,0.000000,0.000000,0.000000,6.654684,-3.250129,-6.078279,-0.000799,-0.003529,-0.004128,bmi088,0.010901885000066613,"[[-0.0010652644360316954,-0.003994741635118857,-0.005858954398174325],[-0.0007989483270237715,-0.003728425526110934,-0.005326322180158476],[-0.0007989483270237715,-0.003728425526110934,-0.003994741635118857],[-0.0005326322180158477,-0.002663161090079238,-0.001331580545039619]]",1077.9517780075,1077.9528722754999,21.875,355498,"[1810, 3706, -3385]","[[15, -4, -22], [14, -3, -20], [14, -3, -15], [10, -2, -5]]"
13.444095,13.896797,body,0.000000,0.000000,0.000000,0.000000,0.000000,0.000000,0.000000,0.000000,0.000000,0.000000,0.000000,0.000000,6.683414,-3.266290,-6.081871,-0.000732,-0.003795,0.003196,bmi088,0.009983414999851448,"[[-0.001331580545039619,-0.002663161090079238,0.001331580545039619],[-0.001331580545039619,-0.00346210941710301,0.003728425526110934],[-0.001331580545039619,-0.004261057744126781,0.003728425526110934],[0.0010652644360316954,-0.004793689962142629,0.003994741635118857]]",1077.9617614224999,1077.9629461109998,21.875,355758,"[1819, 3722, -3387]","[[10, -5, 5], [13, -5, 14], [16, -5, 14], [18, 4, 15]]"
13.454096,13.906875,body,0.000000,0.000000,0.000000,0.000000,0.000000,0.000000,0.000000,0.000000,0.000000,0.000000,0.000000,0.000000,6.670844,-3.251924,-6.065710,0.001465,-0.003862,0.005193,bmi088,0.01003913000022294,"[[0.002663161090079238,-0.004793689962142629,0.00346210941710301],[0.0021305288720633907,-0.004793689962142629,0.005326322180158476],[0.0005326322180158477,-0.00346210941710301,0.005858954398174325],[0.0005326322180158477,-0.0023968449810713144,0.006125270507182248]]",1077.9718005525,1077.972878468,21.875,356016,"[1811, 3715, -3378]","[[18, 10, 13], [18, 8, 20], [13, 2, 22], [9, 2, 23]]"
13.464750,13.917695,body,0.000000,0.000000,0.000000,0.000000,0.000000,0.000000,0.000000,0.000000,0.000000,0.000000,0.000000,0.000000,6.669049,-3.262698,-6.049549,0.001132,-0.002730,-0.000666,bmi088,0.010665923499800556,"[[0.0007989483270237715,-0.002663161090079238,0.003994741635118857],[0.0007989483270237715,-0.0029294771990871623,0.0007989483270237715],[0.0005326322180158477,-0.0029294771990871623,-0.002663161090079238],[0.0023968449810713144,-0.0023968449810713144,-0.004793689962142629]]",1077.982466476,1077.983572377,21.875,356293,"[1817, 3714, -3369]","[[10, 3, 15], [11, 3, 3], [11, 2, -10], [9, 9, -18]]"
13.474823,13.927891,body,0.000000,0.000000,0.000000,0.000000,0.000000,0.000000,0.000000,0.000000,0.000000,0.000000,0.000000,0.000000,6.670844,-3.244742,-6.053140,0.001864,-0.001931,-0.006059,bmi088,0.010154221999982838,"[[0.0029294771990871623,-0.0029294771990871623,-0.006657902725198096],[0.002663161090079238,-0.0023968449810713144,-0.00692421883420602],[0.001331580545039619,-0.001864212763055467,-0.006391586616190172],[0.0005326322180158477,-0.0005326322180158477,-0.004261057744126781]]",1077.9926206979999,1077.9936798935,21.875,356554,"[1807, 3715, -3371]","[[11, 11, -25], [9, 10, -26], [7, 5, -24], [2, 2, -16]]"
13.484821,13.937930,body,0.000000,0.000000,0.000000,0.000000,0.000000,0.000000,0.000000,0.000000,0.000000,0.000000,0.000000,0.000000,6.642114,-3.262698,-6.081871,0.001798,-0.002996,-0.001265,bmi088,0.009869203000107518,"[[0.0007989483270237715,-0.001331580545039619,-0.003728425526110934],[0.001331580545039619,-0.0023968449810713144,-0.002663161090079238],[0.0023968449810713144,-0.003728425526110934,-0.0007989483270237715],[0.002663161090079238,-0.004527373853134706,0.0021305288720633907]]",1078.002489901,1078.0036070024998,21.875,356811,"[1817, 3699, -3387]","[[5, 3, -14], [9, 5, -10], [14, 9, -3], [17, 10, 8]]"
13.494824,13.948164,body,0.000000,0.000000,0.000000,0.000000,0.000000,0.000000,0.000000,0.000000,0.000000,0.000000,0.000000,0.000000,6.683414,-3.268085,-6.081871,0.000133,-0.001664,0.004194,bmi088,0.010184111499938808,"[[0.0010652644360316954,-0.003195793308095086,0.003195793308095086],[-0.00026631610900792384,-0.001597896654047543,0.003195793308095086],[-0.0007989483270237715,-0.0005326322180158477,0.004261057744126781],[0.0005326322180158477,-0.001331580545039619,0.006125270507182248]]",1078.0126740125,1078.0137515285,21.875,357073,"[1820, 3722, -3387]","[[12, 4, 12], [6, -1, 12], [2, -3, 16], [5, 2, 23]]"
13.504819,13.958086,body,0.000000,0.000000,0.000000,0.000000,0.000000,0.000000,0.000000,0.000000,0.000000,0.000000,0.000000,0.000000,6.670844,-3.277064,-6.076484,0.000599,0.001598,0.005060,bmi088,0.009791744000040126,"[[0.001331580545039619,-0.0007989483270237715,0.00825579937924564],[0.0010652644360316954,0.0005326322180158477,0.006391586616190172],[0.00026631610900792384,0.0029294771990871623,0.003994741635118857],[-0.00026631610900792384,0.003728425526110934,0.001597896654047543]]",1078.0224657565,1078.0235419445,21.875,357327,"[1825, 3715, -3384]","[[3, 5, 31], [-2, 4, 24], [-11, 1, 15], [-14, -1, 6]]"
13.514822,13.968164,body,0.000000,0.000000,0.000000,0.000000,0.000000,0.000000,0.000000,0.000000,0.000000,0.000000,0.000000,0.000000,6.667253,-3.289633,-6.085462,0.000200,0.002996,-0.004194,bmi088,0.010013384500098255,"[[-0.0005326322180158477,0.003994741635118857,-0.00026631610900792384],[0.0,0.003728425526110934,-0.0021305288720633907],[0.00026631610900792384,0.0029294771990871623,-0.005858954398174325],[0.0010652644360316954,0.001331580545039619,-0.008522115488253563]]",1078.032479141,1078.0335388805001,21.875,357585,"[1832, 3713, -3389]","[[-15, -2, -1], [-14, 0, -8], [-11, 1, -22], [-5, 4, -32]]"
13.524823,13.978594,body,0.000000,0.000000,0.000000,0.000000,0.000000,0.000000,0.000000,0.000000,0.000000,0.000000,0.000000,0.000000,6.685210,-3.262698,-6.080075,0.002131,-0.000732,-0.006591,bmi088,0.010151469999755136,"[[0.001864212763055467,-0.0005326322180158477,-0.008522115488253563],[0.002663161090079238,-0.001331580545039619,-0.007723167161229791],[0.0021305288720633907,-0.0007989483270237715,-0.005858954398174325],[0.001864212763055467,-0.00026631610900792384,-0.004261057744126781]]",1078.0426306109998,1078.0438520055,21.875,357852,"[1817, 3723, -3386]","[[2, 7, -32], [5, 10, -29], [3, 8, -22], [1, 7, -16]]"
13.534823,13.988516,body,0.000000,0.000000,0.000000,0.000000,0.000000,0.000000,0.000000,0.000000,0.000000,0.000000,0.000000,0.000000,6.679823,-3.264494,-6.078279,-0.000533,-0.001265,0.002796,bmi088,0.009946054500233004,"[[0.0021305288720633907,0.0,-0.0007989483270237715],[0.001597896654047543,-0.0007989483270237715,0.0021305288720633907],[-0.001331580545039619,-0.001597896654047543,0.003994741635118857],[-0.004527373853134706,-0.002663161090079238,0.005858954398174325]]",1078.0525766655,1078.0536840225,21.875,358106,"[1818, 3720, -3385]","[[0, 8, -3], [3, 6, 8], [6, -5, 15], [10, -17, 22]]"
13.544819,13.998555,body,0.000000,0.000000,0.000000,0.000000,0.000000,0.000000,0.000000,0.000000,0.000000,0.000000,0.000000,0.000000,6.670844,-3.257311,-6.076484,-0.003728,-0.002996,0.004794,bmi088,0.009915428499880363,"[[-0.0055926382891664005,-0.002663161090079238,0.007190534943213944],[-0.003728425526110934,-0.0029294771990871623,0.006391586616190172],[-0.002663161090079238,-0.0029294771990871623,0.003994741635118857],[-0.0029294771990871623,-0.00346210941710301,0.001597896654047543]]",1078.062492094,1078.0635769384999,21.875,358363,"[1814, 3715, -3384]","[[10, -21, 27], [11, -14, 24], [11, -10, 15], [13, -11, 6]]"
13.554825,14.008359,body,0.000000,0.000000,0.000000,0.000000,0.000000,0.000000,0.000000,0.000000,0.000000,0.000000,0.000000,0.000000,6.683414,-3.248333,-6.069301,-0.003728,-0.003529,-0.002530,bmi088,0.009736989500197524,"[[-0.00346210941710301,-0.003195793308095086,-0.00026631610900792384],[-0.003195793308095086,-0.00346210941710301,-0.001597896654047543],[-0.003195793308095086,-0.003195793308095086,-0.003994741635118857],[-0.005060006071150553,-0.004261057744126781,-0.004261057744126781]]",1078.0722290835001,1078.0732644539999,21.875,358614,"[1809, 3722, -3380]","[[12, -13, -1], [13, -12, -6], [12, -12, -15], [16, -19, -16]]"
13.564822,14.018945,body,0.000000,0.000000,0.000000,0.000000,0.000000,0.000000,0.000000,0.000000,0.000000,0.000000,0.000000,0.000000,6.676231,-3.260903,-6.063914,-0.004394,-0.002796,0.000999,bmi088,0.010408088999838583,"[[-0.005060006071150553,-0.003728425526110934,-0.0023968449810713144],[-0.004793689962142629,-0.002663161090079238,-0.00026631610900792384],[-0.003728425526110934,-0.0021305288720633907,0.0023968449810713144],[-0.003994741635118857,-0.002663161090079238,0.004261057744126781]]",1078.0826371725,1078.083759106,21.875,358885,"[1816, 3718, -3377]","[[14, -19, -9], [10, -18, -1], [8, -14, 9], [10, -15, 16]]"
13.574822,14.028945,body,0.000000,0.000000,0.000000,0.000000,0.000000,0.000000,0.000000,0.000000,0.000000,0.000000,0.000000,0.000000,6.688801,-3.271677,-6.089053,-0.006525,-0.001398,0.007790,bmi088,0.009943990000010672,"[[-0.006125270507182248,-0.003195793308095086,0.007190534943213944],[-0.006125270507182248,-0.0021305288720633907,0.008522115488253563],[-0.007190534943213944,-0.00026631610900792384,0.00825579937924564],[-0.006657902725198096,0.0,0.007190534943213944]]",1078.0925811625,1078.0936516695,21.875,359141,"[1822, 3725, -3391]","[[12, -23, 27], [8, -23, 32], [1, -27, 31], [0, -25, 27]]"
13.584824,14.039102,body,0.000000,0.000000,0.000000,0.000000,0.000000,0.000000,0.000000,0.000000,0.000000,0.000000,0.000000,0.000000,6.670844,-3.266290,-6.033388,-0.005060,-0.003862,0.005060,bmi088,0.00989344350000465,"[[-0.00692421883420602,-0.0021305288720633907,0.006657902725198096],[-0.006391586616190172,-0.003994741635118857,0.006125270507182248],[-0.004527373853134706,-0.005326322180158476,0.005060006071150553],[-0.0023968449810713144,-0.003994741635118857,0.0023968449810713144]]",1078.102474606,1078.1037053605,21.875,359401,"[1819, 3715, -3360]","[[8, -26, 25], [15, -24, 23], [20, -17, 19], [15, -9, 9]]"
13.594825,14.049219,body,0.000000,0.000000,0.000000,0.000000,0.000000,0.000000,0.000000,0.000000,0.000000,0.000000,0.000000,0.000000,6.667253,-3.244742,-6.074688,0.003129,-0.000999,0.000200,bmi088,0.010189983999907781,"[[0.0,-0.002663161090079238,0.0007989483270237715],[0.002663161090079238,-0.0005326322180158477,-0.00026631610900792384],[0.005060006071150553,-0.00026631610900792384,0.0],[0.004793689962142629,-0.0005326322180158477,0.00026631610900792384]]",1078.11266459,1078.1137294655,21.875,359660,"[1807, 3713, -3383]","[[10, 0, 3], [2, 10, -1], [1, 19, 0], [2, 18, 1]]"
13.604820,14.059219,body,0.000000,0.000000,0.000000,0.000000,0.000000,0.000000,0.000000,0.000000,0.000000,0.000000,0.000000,0.000000,6.678027,-3.271677,-6.081871,0.002730,-0.001798,0.000932,bmi088,0.009825521500260948,"[[0.003728425526110934,-0.001597896654047543,0.0007989483270237715],[0.0021305288720633907,-0.001864212763055467,0.0007989483270237715],[0.001864212763055467,-0.0021305288720633907,0.001331580545039619],[0.003195793308095086,-0.001597896654047543,0.0007989483270237715]]",1078.1224901115002,1078.1235676915,21.875,359916,"[1822, 3719, -3387]","[[6, 14, 3], [7, 8, 3], [8, 7, 5], [6, 12, 3]]"
13.614821,14.069375,body,0.000000,0.000000,0.000000,0.000000,0.000000,0.000000,0.000000,0.000000,0.000000,0.000000,0.000000,0.000000,6.676231,-3.275268,-6.080075,0.004461,0.000799,-0.002197,bmi088,0.010076106999804324,"[[0.003728425526110934,-0.0010652644360316954,-0.0007989483270237715],[0.005326322180158476,0.0,-0.002663161090079238],[0.005060006071150553,0.001331580545039619,-0.003195793308095086],[0.003728425526110934,0.0029294771990871623,-0.0021305288720633907]]",1078.1325662185,1078.1336308535,21.875,360176,"[1824, 3718, -3386]","[[4, 14, -3], [0, 20, -10], [-5, 19, -12], [-11, 14, -8]]"
13.624821,14.080391,body,0.000000,0.000000,0.000000,0.000000,0.000000,0.000000,0.000000,0.000000,0.000000,0.000000,0.000000,0.000000,6.660070,-3.269881,-6.062119,0.003356,0.002290,-0.005806,bmi088,0.010434809500111442,"[[0.00346210941710301,0.00346210941710301,-0.001864212763055467],[0.002663161090079238,0.00346210941710301,-0.0029294771990871623],[0.003195793308095086,0.0023968449810713144,-0.005858954398174325],[0.003195793308095086,0.001331580545039619,-0.00825579937924564],[0.004261057744126781,0.0007989483270237715,-0.010120012142301106]]",1078.143001028,1078.1445199539999,21.875,360458,"[1821, 3709, -3376]","[[-13, 13, -7], [-13, 10, -11], [-9, 12, -22], [-5, 12, -31], [-3, 16, -38]]"
13.634823,14.089453,body,0.000000,0.000000,0.000000,0.000000,0.000000,0.000000,0.000000,0.000000,0.000000,0.000000,0.000000,0.000000,6.656479,-3.266290,-6.051345,0.004172,-0.000089,-0.011097,bmi088,0.009689499499927479,"[[0.004527373853134706,0.00026631610900792384,-0.01171790879634865],[0.004527373853134706,0.0005326322180158477,-0.01171790879634865],[0.00346210941710301,-0.0010652644360316954,-0.009853696033293183]]",1078.1526905275,1078.153498081,21.875,360690,"[1819, 3707, -3370]","[[-1, 17, -44], [-2, 17, -44], [4, 13, -37]]"
13.644819,14.099648,body,0.000000,0.000000,0.000000,0.000000,0.000000,0.000000,0.000000,0.000000,0.000000,0.000000,0.000000,0.000000,6.667253,-3.268085,-6.074688,0.001598,-0.003129,-0.004661,bmi088,0.009796848500172928,"[[0.0023968449810713144,-0.0023968449810713144,-0.006657902725198096],[0.002663161090079238,-0.003994741635118857,-0.004261057744126781],[0.001331580545039619,-0.00346210941710301,-0.004261057744126781],[0.0,-0.002663161090079238,-0.00346210941710301]]",1078.1624873760002,1078.163554283,21.875,360951,"[1820, 3713, -3383]","[[9, 9, -25], [15, 10, -16], [13, 5, -16], [10, 0, -13]]"
13.654824,14.109766,body,0.000000,0.000000,0.000000,0.000000,0.000000,0.000000,0.000000,0.000000,0.000000,0.000000,0.000000,0.000000,6.701370,-3.259107,-6.076484,-0.000866,-0.004927,0.002397,bmi088,0.010019880499839928,"[[-0.001864212763055467,-0.00346210941710301,-0.001864212763055467],[-0.001597896654047543,-0.005060006071150553,0.001864212763055467],[-0.0005326322180158477,-0.005858954398174325,0.003994741635118857],[0.0005326322180158477,-0.005326322180158476,0.0055926382891664005]]",1078.1725072565,1078.1735742760002,21.875,361210,"[1815, 3732, -3384]","[[13, -7, -7], [19, -6, 7], [22, -2, 15], [20, 2, 21]]"
13.664818,14.119961,body,0.000000,0.000000,0.000000,0.000000,0.000000,0.000000,0.000000,0.000000,0.000000,0.000000,0.000000,0.000000,6.687005,-3.248333,-6.103419,0.000599,-0.006059,0.009587,bmi088,0.010081931499826169,"[[0.001864212763055467,-0.005060006071150553,0.00692421883420602],[0.001331580545039619,-0.005326322180158476,0.008788431597261486],[0.00026631610900792384,-0.006657902725198096,0.010652644360316953],[-0.0010652644360316954,-0.007190534943213944,0.011984224905356573]]",1078.1825891879998,1078.1836563675001,21.875,361471,"[1809, 3724, -3399]","[[19, 7, 26], [20, 5, 33], [25, 1, 40], [27, -4, 45]]"
13.674821,14.130156,body,0.000000,0.000000,0.000000,0.000000,0.000000,0.000000,0.000000,0.000000,0.000000,0.000000,0.000000,0.000000,6.683414,-3.275268,-6.065710,-0.000266,-0.006791,0.007191,bmi088,0.010081179500048165,"[[-0.0010652644360316954,-0.007723167161229791,0.011185276578332801],[-0.0005326322180158477,-0.007456851052221868,0.008788431597261486],[0.00026631610900792384,-0.006125270507182248,0.0055926382891664005],[0.00026631610900792384,-0.005858954398174325,0.003195793308095086]]",1078.1926703674999,1078.193729099,21.875,361732,"[1824, 3722, -3378]","[[29, -4, 42], [28, -2, 33], [23, 1, 21], [22, 1, 12]]"
13.684821,14.140156,body,0.000000,0.000000,0.000000,0.000000,0.000000,0.000000,0.000000,0.000000,0.000000,0.000000,0.000000,0.000000,6.678027,-3.251924,-6.067506,-0.000932,-0.005926,-0.002131,bmi088,0.009839602000056402,"[[-0.0007989483270237715,-0.005858954398174325,0.00026631610900792384],[-0.0021305288720633907,-0.006657902725198096,-0.0021305288720633907],[-0.001331580545039619,-0.006125270507182248,-0.003728425526110934],[0.0005326322180158477,-0.005060006071150553,-0.0029294771990871623]]",1078.2025099695,1078.2036123025,21.875,361988,"[1811, 3719, -3379]","[[22, -3, 1], [25, -8, -8], [23, -5, -14], [19, 2, -11]]"
13.694822,14.150313,body,0.000000,0.000000,0.000000,0.000000,0.000000,0.000000,0.000000,0.000000,0.000000,0.000000,0.000000,0.000000,6.679823,-3.250129,-6.117784,0.001198,-0.001198,0.002397,bmi088,0.010077450999915527,"[[0.001864212763055467,-0.003195793308095086,-0.001331580545039619],[0.001864212763055467,-0.001864212763055467,0.001331580545039619],[0.00026631610900792384,-0.0005326322180158477,0.003728425526110934],[0.0007989483270237715,0.0007989483270237715,0.005858954398174325]]",1078.2125874204999,1078.2136565199999,21.875,362248,"[1810, 3720, -3407]","[[12, 7, -5], [7, 7, 5], [2, 1, 14], [-3, 3, 22]]"
13.704819,14.160352,body,0.000000,0.000000,0.000000,0.000000,0.000000,0.000000,0.000000,0.000000,0.000000,0.000000,0.000000,0.000000,6.687005,-3.268085,-6.107010,0.004261,-0.000666,0.001465,bmi088,0.009921813000119073,"[[0.001864212763055467,0.0,0.006391586616190172],[0.003994741635118857,-0.0005326322180158477,0.00346210941710301],[0.005858954398174325,-0.0010652644360316954,-0.00026631610900792384],[0.005326322180158476,-0.0010652644360316954,-0.003728425526110934]]",1078.2225092335,1078.22359667,21.875,362505,"[1820, 3724, -3401]","[[0, 7, 24], [2, 15, 13], [4, 22, -1], [4, 20, -14]]"
13.714824,14.172695,body,0.000000,0.000000,0.000000,0.000000,0.000000,0.000000,0.000000,0.000000,0.000000,0.000000,0.000000,0.000000,6.661866,-3.278859,-6.076484,0.004461,-0.000866,-0.004194,bmi088,0.01005317849990206,"[[0.004793689962142629,-0.0007989483270237715,-0.004261057744126781],[0.003994741635118857,-0.0007989483270237715,-0.00346210941710301],[0.004527373853134706,-0.0005326322180158477,-0.00346210941710301],[0.004527373853134706,-0.001331580545039619,-0.0055926382891664005]]",1078.2325624119999,1078.234723076,21.875,362821,"[1826, 3710, -3384]","[[3, 18, -16], [3, 15, -13], [2, 17, -13], [5, 17, -21]]"
13.727108,14.183086,body,0.000000,0.000000,0.000000,0.000000,0.000000,0.000000,0.000000,0.000000,0.000000,0.000000,0.000000,0.000000,6.661866,-3.242946,-6.090849,0.004953,-0.002290,-0.008575,bmi088,0.012484685500112391,"[[0.004793689962142629,-0.0010652644360316954,-0.010120012142301106],[0.004527373853134706,-0.0007989483270237715,-0.012250541014364496],[0.005060006071150553,-0.001331580545039619,-0.01171790879634865],[0.005326322180158476,-0.003195793308095086,-0.007190534943213944],[0.005060006071150553,-0.005060006071150553,-0.001597896654047543]]",1078.2450470975,1078.2461015085,21.875,363087,"[1806, 3710, -3392]","[[4, 18, -38], [3, 17, -46], [5, 19, -44], [12, 20, -27], [19, 19, -6]]"
13.737299,14.192930,body,0.000000,0.000000,0.000000,0.000000,0.000000,0.000000,0.000000,0.000000,0.000000,0.000000,0.000000,0.000000,6.708553,-3.232172,-6.096236,0.001931,-0.005127,0.006258,bmi088,0.00999074399987876,"[[0.003728425526110934,-0.004793689962142629,0.00346210941710301],[0.001864212763055467,-0.004261057744126781,0.006657902725198096],[0.001331580545039619,-0.004527373853134706,0.007723167161229791],[0.0007989483270237715,-0.00692421883420602,0.007190534943213944]]",1078.2550378414999,1078.2558399700001,21.875,363339,"[1800, 3736, -3395]","[[18, 14, 13], [16, 7, 25], [17, 5, 29], [26, 3, 27]]"
13.747371,14.203359,body,0.000000,0.000000,0.000000,0.000000,0.000000,0.000000,0.000000,0.000000,0.000000,0.000000,0.000000,0.000000,6.708553,-3.257311,-6.085462,0.000732,-0.005326,0.000466,bmi088,0.010012040500214425,"[[0.001597896654047543,-0.007989483270237714,0.005060006071150553],[0.0010652644360316954,-0.006657902725198096,0.001331580545039619],[0.0007989483270237715,-0.004527373853134706,-0.001597896654047543],[-0.0005326322180158477,-0.0021305288720633907,-0.0029294771990871623]]",1078.265049882,1078.266131286,21.875,363606,"[1814, 3736, -3389]","[[30, 6, 19], [25, 4, 5], [17, 3, -6], [8, -2, -11]]"
13.757372,14.214375,body,0.000000,0.000000,0.000000,0.000000,0.000000,0.000000,0.000000,0.000000,0.000000,0.000000,0.000000,0.000000,6.676231,-3.273472,-6.049549,-0.000905,0.000107,-0.002929,bmi088,0.010886060000075304,"[[-0.0010652644360316954,-0.0007989483270237715,-0.003195793308095086],[-0.001864212763055467,0.0005326322180158477,-0.00346210941710301],[-0.001331580545039619,0.0007989483270237715,-0.003994741635118857],[-0.0010652644360316954,0.0005326322180158477,-0.002663161090079238],[0.0007989483270237715,-0.0005326322180158477,-0.001331580545039619]]",1078.2759359420002,1078.2770279385,21.875,363888,"[1823, 3718, -3369]","[[3, -4, -12], [-2, -7, -13], [-3, -5, -15], [-2, -4, -10], [2, 3, -5]]"
13.768911,14.224922,body,0.000000,0.000000,0.000000,0.000000,0.000000,0.000000,0.000000,0.000000,0.000000,0.000000,0.000000,0.000000,6.665457,-3.277064,-6.044162,0.002197,-0.003995,-0.001398,bmi088,0.01047540299987304,"[[0.0007989483270237715,-0.0023968449810713144,-0.0007989483270237715],[0.001331580545039619,-0.003994741635118857,-0.001597896654047543],[0.0023968449810713144,-0.005060006071150553,-0.001864212763055467],[0.004261057744126781,-0.004527373853134706,-0.001331580545039619]]",1078.286411345,1078.287434155,21.875,364158,"[1825, 3712, -3366]","[[9, 3, -3], [15, 5, -6], [19, 9, -7], [17, 16, -5]]"
13.778983,14.235117,body,0.000000,0.000000,0.000000,0.000000,0.000000,0.000000,0.000000,0.000000,0.000000,0.000000,0.000000,0.000000,6.694188,-3.278859,-6.049549,0.002197,-0.002996,0.000399,bmi088,0.01011729199990441,"[[0.003994741635118857,-0.004793689962142629,0.0],[0.0023968449810713144,-0.00346210941710301,0.0005326322180158477],[0.0010652644360316954,-0.0021305288720633907,0.0005326322180158477],[0.001331580545039619,-0.001597896654047543,0.0005326322180158477]]",1078.296528637,1078.2975630785,21.875,364419,"[1826, 3728, -3369]","[[18, 15, 0], [13, 9, 2], [8, 4, 2], [6, 5, 2]]"
13.788985,14.245430,body,0.000000,0.000000,0.000000,0.000000,0.000000,0.000000,0.000000,0.000000,0.000000,0.000000,0.000000,0.000000,6.694188,-3.271677,-6.081871,0.002996,-0.004461,0.004328,bmi088,0.009466113000144105,"[[0.001864212763055467,-0.0021305288720633907,0.0021305288720633907],[0.002663161090079238,-0.003728425526110934,0.004527373853134706],[0.00346210941710301,-0.005326322180158476,0.005326322180158476],[0.003994741635118857,-0.006657902725198096,0.005326322180158476]]",1078.30599475,1078.307731557,21.875,364683,"[1822, 3728, -3387]","[[8, 7, 8], [14, 10, 17], [20, 13, 20], [25, 15, 20]]"
13.798984,14.254922,body,0.000000,0.000000,0.000000,0.000000,0.000000,0.000000,0.000000,0.000000,0.000000,0.000000,0.000000,0.000000,6.681618,-3.239355,-6.089053,0.003529,-0.006325,0.003728,bmi088,0.010042073000022356,"[[0.00346210941710301,-0.007723167161229791,0.004793689962142629],[0.003195793308095086,-0.007723167161229791,0.003994741635118857],[0.003195793308095086,-0.005858954398174325,0.003994741635118857],[0.004261057744126781,-0.003994741635118857,0.0021305288720633907]]",1078.316036823,1078.3171364519999,21.875,364926,"[1804, 3721, -3391]","[[29, 13, 18], [29, 12, 15], [22, 12, 15], [15, 16, 8]]"
13.808982,14.264414,body,0.000000,0.000000,0.000000,0.000000,0.000000,0.000000,0.000000,0.000000,0.000000,0.000000,0.000000,0.000000,6.663662,-3.259107,-6.076484,0.004527,-0.003640,-0.001687,bmi088,0.009492065999893384,"[[0.004527373853134706,-0.003195793308095086,0.00026631610900792384],[0.004261057744126781,-0.003728425526110934,-0.001864212763055467],[0.004793689962142629,-0.003994741635118857,-0.00346210941710301]]",1078.325528889,1078.326508145,21.875,365169,"[1815, 3711, -3384]","[[12, 17, 1], [14, 16, -7], [15, 18, -13]]"
13.818983,14.274609,body,0.000000,0.000000,0.000000,0.000000,0.000000,0.000000,0.000000,0.000000,0.000000,0.000000,0.000000,0.000000,6.679823,-3.266290,-6.092645,0.003196,-0.001704,-0.002610,bmi088,0.010205999500158214,"[[0.004793689962142629,-0.002663161090079238,-0.002663161090079238],[0.004261057744126781,-0.0021305288720633907,-0.003994741635118857],[0.0023968449810713144,-0.001331580545039619,-0.0029294771990871623],[0.0021305288720633907,-0.001331580545039619,-0.002663161090079238],[0.0023968449810713144,-0.0010652644360316954,-0.0007989483270237715]]",1078.3357348885002,1078.3365957075,21.875,365430,"[1819, 3720, -3393]","[[10, 18, -10], [8, 16, -15], [5, 9, -11], [5, 8, -10], [4, 9, -3]]"
13.828983,14.284961,body,0.000000,0.000000,0.000000,0.000000,0.000000,0.000000,0.000000,0.000000,0.000000,0.000000,0.000000,0.000000,6.681618,-3.253720,-6.098032,0.001864,-0.001997,0.000067,bmi088,0.010248544999740261,"[[0.003195793308095086,-0.0023968449810713144,0.0010652644360316954],[0.0029294771990871623,-0.00346210941710301,0.001597896654047543],[0.001597896654047543,-0.0021305288720633907,-0.00026631610900792384],[-0.00026631610900792384,0.0,-0.0021305288720633907]]",1078.3459834335,1078.346853341,21.875,365695,"[1812, 3721, -3396]","[[9, 12, 4], [13, 11, 6], [8, 6, -1], [0, -1, -8]]"
13.838985,14.294727,body,0.000000,0.000000,0.000000,0.000000,0.000000,0.000000,0.000000,0.000000,0.000000,0.000000,0.000000,0.000000,6.679823,-3.264494,-6.078279,-0.004061,0.000732,-0.001864,bmi088,0.009747069000013653,"[[-0.001864212763055467,0.001864212763055467,-0.00346210941710301],[-0.003195793308095086,0.001331580545039619,-0.001597896654047543],[-0.004527373853134706,0.00026631610900792384,-0.001331580545039619],[-0.006657902725198096,-0.0005326322180158477,-0.0010652644360316954]]",1078.3557305025,1078.3565332075,21.875,365945,"[1818, 3720, -3385]","[[-7, -7, -13], [-5, -12, -6], [-1, -17, -5], [2, -25, -4]]"
13.848981,14.304844,body,0.000000,0.000000,0.000000,0.000000,0.000000,0.000000,0.000000,0.000000,0.000000,0.000000,0.000000,0.000000,6.661866,-3.268085,-6.045958,-0.005770,-0.001598,-0.000089,bmi088,0.009947653000153878,"[[-0.007190534943213944,-0.0005326322180158477,-0.0005326322180158477],[-0.006391586616190172,-0.001331580545039619,0.0],[-0.003728425526110934,-0.0029294771990871623,0.00026631610900792384]]",1078.3656781555,1078.3665057889998,21.875,366204,"[1820, 3710, -3367]","[[2, -27, -2], [5, -24, 0], [11, -14, 1]]"
13.858983,14.315039,body,0.000000,0.000000,0.000000,0.000000,0.000000,0.000000,0.000000,0.000000,0.000000,0.000000,0.000000,0.000000,6.685210,-3.268085,-6.069301,0.000160,-0.003888,0.001065,bmi088,0.01005738549997659,"[[-0.001864212763055467,-0.003728425526110934,0.0],[-0.0005326322180158477,-0.004261057744126781,0.0005326322180158477],[0.00026631610900792384,-0.004261057744126781,0.001597896654047543],[0.0010652644360316954,-0.003994741635118857,0.0021305288720633907],[0.001864212763055467,-0.003195793308095086,0.0010652644360316954]]",1078.375735541,1078.3765942,21.875,366465,"[1820, 3723, -3380]","[[14, -7, 0], [16, -2, 2], [16, 1, 6], [15, 4, 8], [12, 7, 4]]"
13.868979,14.325117,body,0.000000,0.000000,0.000000,0.000000,0.000000,0.000000,0.000000,0.000000,0.000000,0.000000,0.000000,0.000000,6.699575,-3.253720,-6.078279,0.000599,-0.003196,0.000599,bmi088,0.00995472499994321,"[[0.001864212763055467,-0.0029294771990871623,0.0],[0.0005326322180158477,-0.0029294771990871623,-0.00026631610900792384],[0.0,-0.003728425526110934,0.0005326322180158477],[0.0,-0.003195793308095086,0.0021305288720633907]]",1078.385690266,1078.3865660135,21.875,366723,"[1812, 3731, -3385]","[[11, 7, 0], [11, 2, -1], [14, 0, 2], [12, 0, 8]]"
13.878988,14.336328,body,0.000000,0.000000,0.000000,0.000000,0.000000,0.000000,0.000000,0.000000,0.000000,0.000000,0.000000,0.000000,6.685210,-3.246537,-6.056732,-0.002064,-0.003928,0.005792,bmi088,0.01094860549983423,"[[-0.00026631610900792384,-0.003994741635118857,0.003728425526110934],[-0.001597896654047543,-0.004261057744126781,0.0055926382891664005],[-0.0029294771990871623,-0.004261057744126781,0.007456851052221868],[-0.00346210941710301,-0.003195793308095086,0.006391586616190172]]",1078.3966388714998,1078.3976833615,21.875,367010,"[1808, 3723, -3373]","[[15, -1, 14], [16, -6, 21], [16, -11, 28], [12, -13, 24]]"
13.888981,14.345664,body,0.000000,0.000000,0.000000,0.000000,0.000000,0.000000,0.000000,0.000000,0.000000,0.000000,0.000000,0.000000,6.656479,-3.275268,-6.065710,-0.003396,-0.002996,-0.000866,bmi088,0.00921461500024634,"[[-0.00346210941710301,-0.0023968449810713144,0.004261057744126781],[-0.00346210941710301,-0.0023968449810713144,0.0],[-0.003728425526110934,-0.0029294771990871623,-0.002663161090079238],[-0.0029294771990871623,-0.004261057744126781,-0.005060006071150553]]",1078.4058534865,1078.406867736,21.875,367249,"[1824, 3707, -3378]","[[9, -13, 16], [9, -13, 0], [11, -14, -10], [16, -11, -19]]"
13.898985,14.355391,body,0.000000,0.000000,0.000000,0.000000,0.000000,0.000000,0.000000,0.000000,0.000000,0.000000,0.000000,0.000000,6.669049,-3.262698,-6.074688,-0.000932,-0.002863,-0.005260,bmi088,0.009867041500001505,"[[-0.001331580545039619,-0.004261057744126781,-0.00692421883420602],[-0.00026631610900792384,-0.00346210941710301,-0.007723167161229791],[-0.00026631610900792384,-0.0023968449810713144,-0.005326322180158476],[-0.001864212763055467,-0.001331580545039619,-0.0010652644360316954]]",1078.415720528,1078.4165222405,21.875,367498,"[1817, 3714, -3383]","[[16, -5, -26], [13, -1, -29], [9, -1, -20], [5, -7, -4]]"
13.908980,14.365195,body,0.000000,0.000000,0.000000,0.000000,0.000000,0.000000,0.000000,0.000000,0.000000,0.000000,0.000000,0.000000,6.676231,-3.230377,-6.072893,-0.002219,0.000533,0.005504,bmi088,0.009810910999931366,"[[-0.0023968449810713144,-0.0005326322180158477,0.004261057744126781],[-0.002663161090079238,0.0007989483270237715,0.005326322180158476],[-0.001597896654047543,0.001331580545039619,0.00692421883420602]]",1078.425531439,1078.4262151789999,21.875,367749,"[1799, 3718, -3382]","[[2, -9, 16], [-3, -10, 20], [-5, -6, 26]]"
13.918984,14.375742,body,0.000000,0.000000,0.000000,0.000000,0.000000,0.000000,0.000000,0.000000,0.000000,0.000000,0.000000,0.000000,6.683414,-3.255516,-6.072893,-0.000852,-0.000746,0.001651,bmi088,0.010211168000068938,"[[-0.0005326322180158477,0.0010652644360316954,0.005326322180158476],[0.0021305288720633907,0.0,0.004527373853134706],[0.0007989483270237715,-0.0007989483270237715,0.001331580545039619],[-0.001597896654047543,-0.001597896654047543,-0.0005326322180158477],[-0.005060006071150553,-0.0023968449810713144,-0.0023968449810713144]]",1078.435742607,1078.4366470280002,21.875,368019,"[1813, 3722, -3382]","[[-4, -2, 20], [0, 8, 17], [3, 3, 5], [6, -6, -2], [9, -19, -9]]"
13.928985,14.386445,body,0.000000,0.000000,0.000000,0.000000,0.000000,0.000000,0.000000,0.000000,0.000000,0.000000,0.000000,0.000000,6.681618,-3.250129,-6.085462,-0.002597,-0.004061,0.001465,bmi088,0.0103454770001008,"[[-0.005326322180158476,-0.003728425526110934,-0.001331580545039619],[-0.004261057744126781,-0.003994741635118857,0.0],[-0.001597896654047543,-0.004527373853134706,0.0023968449810713144],[0.0007989483270237715,-0.003994741635118857,0.004793689962142629]]",1078.4460880840002,1078.4472320344998,21.875,368293,"[1810, 3721, -3389]","[[14, -20, -5], [15, -16, 0], [17, -6, 9], [15, 3, 18]]"
13.938983,14.395898,body,0.000000,0.000000,0.000000,0.000000,0.000000,0.000000,0.000000,0.000000,0.000000,0.000000,0.000000,0.000000,6.679823,-3.248333,-6.105214,0.001997,-0.002463,0.007124,bmi088,0.009636327999942296,"[[0.003195793308095086,-0.0029294771990871623,0.007190534943213944],[0.0029294771990871623,-0.0021305288720633907,0.008522115488253563],[0.001864212763055467,-0.001864212763055467,0.007456851052221868],[0.0,-0.0029294771990871623,0.005326322180158476]]",1078.455724412,1078.456575855,21.875,368535,"[1809, 3720, -3400]","[[11, 12, 27], [8, 11, 32], [7, 7, 28], [11, 0, 20]]"
13.948983,14.405977,body,0.000000,0.000000,0.000000,0.000000,0.000000,0.000000,0.000000,0.000000,0.000000,0.000000,0.000000,0.000000,6.660070,-3.266290,-6.089053,0.001687,-0.004439,0.000533,bmi088,0.009963333999849056,"[[0.00026631610900792384,-0.003728425526110934,0.003195793308095086],[0.001864212763055467,-0.005326322180158476,0.00026631610900792384],[0.0029294771990871623,-0.004261057744126781,-0.001864212763055467]]",1078.465687746,1078.466508211,21.875,368793,"[1819, 3709, -3391]","[[14, 1, 12], [20, 7, 1], [16, 11, -7]]"
13.958985,14.416172,body,0.000000,0.000000,0.000000,0.000000,0.000000,0.000000,0.000000,0.000000,0.000000,0.000000,0.000000,0.000000,6.672640,-3.262698,-6.063914,-0.001664,0.000732,-0.006258,bmi088,0.00991416300007586,"[[0.001331580545039619,-0.002663161090079238,-0.005326322180158476],[-0.001864212763055467,0.0005326322180158477,-0.006657902725198096],[-0.003195793308095086,0.0021305288720633907,-0.007456851052221868],[-0.0029294771990871623,0.0029294771990871623,-0.0055926382891664005]]",1078.475601909,1078.476627151,21.875,369054,"[1817, 3716, -3377]","[[10, 5, -20], [-2, -7, -25], [-8, -12, -28], [-11, -11, -21]]"
13.968984,14.426211,body,0.000000,0.000000,0.000000,0.000000,0.000000,0.000000,0.000000,0.000000,0.000000,0.000000,0.000000,0.000000,6.679823,-3.251924,-6.060323,0.000399,-0.000399,-0.002131,bmi088,0.01007389799997327,"[[-0.0010652644360316954,0.001597896654047543,-0.003994741635118857],[-0.00026631610900792384,0.0,-0.0021305288720633907],[0.0010652644360316954,-0.001331580545039619,-0.001597896654047543],[0.001864212763055467,-0.001864212763055467,-0.0007989483270237715]]",1078.485675807,1078.486529106,21.875,369311,"[1811, 3720, -3375]","[[-6, -4, -15], [0, -1, -8], [5, 4, -6], [7, 7, -3]]"
13.978983,14.436953,body,0.000000,0.000000,0.000000,0.000000,0.000000,0.000000,0.000000,0.000000,0.000000,0.000000,0.000000,0.000000,6.651092,-3.277064,-6.090849,-0.000107,0.000107,-0.004953,bmi088,0.010394487000212393,"[[0.001331580545039619,-0.0023968449810713144,-0.0021305288720633907],[0.001331580545039619,-0.0007989483270237715,-0.003195793308095086],[-0.00026631610900792384,0.00026631610900792384,-0.006391586616190172],[-0.001331580545039619,0.001597896654047543,-0.00692421883420602],[-0.001597896654047543,0.001864212763055467,-0.006125270507182248]]",1078.4960702940002,1078.4971805315,21.875,369586,"[1825, 3704, -3392]","[[9, 5, -8], [3, 5, -12], [-1, -1, -24], [-6, -5, -26], [-7, -6, -23]]"
13.988984,14.446484,body,0.000000,0.000000,0.000000,0.000000,0.000000,0.000000,0.000000,0.000000,0.000000,0.000000,0.000000,0.000000,6.678027,-3.303998,-6.071097,0.002042,0.000089,0.000000,bmi088,0.009523731999706797,"[[0.00026631610900792384,0.001597896654047543,-0.0023968449810713144],[0.002663161090079238,0.0005326322180158477,0.0],[0.003195793308095086,-0.001864212763055467,0.0023968449810713144]]",1078.505594026,1078.5065960504999,21.875,369830,"[1840, 3719, -3381]","[[-6, 1, -9], [-2, 10, 0], [7, 12, 9]]"
13.998985,14.456563,body,0.000000,0.000000,0.000000,0.000000,0.000000,0.000000,0.000000,0.000000,0.000000,0.000000,0.000000,0.000000,6.681618,-3.278859,-6.081871,0.000333,-0.004661,0.003662,bmi088,0.009993895000206976,"[[0.0023968449810713144,-0.00346210941710301,0.00346210941710301],[0.0005326322180158477,-0.004261057744126781,0.003195793308095086],[-0.0007989483270237715,-0.005060006071150553,0.004261057744126781],[-0.0007989483270237715,-0.005858954398174325,0.003728425526110934]]",1078.5155879210001,1078.5165632725,21.875,370088,"[1826, 3721, -3387]","[[13, 9, 13], [16, 2, 12], [19, -3, 16], [22, -3, 14]]"
14.009005,14.467969,body,0.000000,0.000000,0.000000,0.000000,0.000000,0.000000,0.000000,0.000000,0.000000,0.000000,0.000000,0.000000,6.685210,-3.228581,-6.080075,-0.001917,-0.001971,0.004794,bmi088,0.011118740499796331,"[[-0.001864212763055467,-0.0055926382891664005,0.004793689962142629],[-0.0021305288720633907,-0.003195793308095086,0.004793689962142629],[-0.003195793308095086,-0.0007989483270237715,0.005060006071150553],[-0.001597896654047543,0.00026631610900792384,0.0055926382891664005],[-0.0007989483270237715,-0.0005326322180158477,0.003728425526110934]]",1078.5267066615,1078.527858548,21.875,370380,"[1798, 3723, -3386]","[[21, -7, 18], [12, -8, 18], [3, -12, 19], [-1, -6, 21], [2, -3, 14]]"
14.019564,14.477813,body,0.000000,0.000000,0.000000,0.000000,0.000000,0.000000,0.000000,0.000000,0.000000,0.000000,0.000000,0.000000,6.687005,-3.286042,-6.067506,0.001997,-0.001198,0.000932,bmi088,0.0100562009999976,"[[0.0,-0.001331580545039619,0.002663161090079238],[0.001331580545039619,-0.001597896654047543,0.001331580545039619],[0.003195793308095086,-0.001331580545039619,0.0],[0.00346210941710301,-0.0005326322180158477,-0.00026631610900792384]]",1078.5367628625,1078.537535166,21.875,370632,"[1830, 3724, -3379]","[[5, 0, 10], [6, 5, 5], [5, 12, 0], [2, 13, -1]]"
14.029637,14.488867,body,0.000000,0.000000,0.000000,0.000000,0.000000,0.000000,0.000000,0.000000,0.000000,0.000000,0.000000,0.000000,6.658275,-3.268085,-6.065710,0.000866,0.002197,-0.002197,bmi088,0.01073152500021024,"[[0.0021305288720633907,0.0005326322180158477,-0.0010652644360316954],[0.0007989483270237715,0.0023968449810713144,-0.001597896654047543],[0.0005326322180158477,0.00346210941710301,-0.0023968449810713144],[0.0,0.0023968449810713144,-0.003728425526110934]]",1078.5474943875001,1078.5485434060001,21.875,370915,"[1820, 3708, -3378]","[[-2, 8, -4], [-9, 3, -6], [-13, 2, -9], [-9, 0, -14]]"
14.039636,14.498164,body,0.000000,0.000000,0.000000,0.000000,0.000000,0.000000,0.000000,0.000000,0.000000,0.000000,0.000000,0.000000,6.660070,-3.257311,-6.065710,0.001598,0.002463,-0.008256,bmi088,0.009111538999832192,"[[-0.00026631610900792384,0.002663161090079238,-0.006125270507182248],[0.001331580545039619,0.0029294771990871623,-0.00825579937924564],[0.0029294771990871623,0.003195793308095086,-0.009587379924285258],[0.0023968449810713144,0.0010652644360316954,-0.009054747706269411]]",1078.5566059265,1078.5577205475001,21.875,371153,"[1814, 3709, -3378]","[[-10, -1, -23], [-11, 5, -31], [-12, 11, -36], [-4, 9, -34]]"
14.049636,14.508320,body,0.000000,0.000000,0.000000,0.000000,0.000000,0.000000,0.000000,0.000000,0.000000,0.000000,0.000000,0.000000,6.660070,-3.268085,-6.060323,0.000599,-0.000533,-0.005859,bmi088,0.010837160499931997,"[[0.0005326322180158477,-0.00026631610900792384,-0.008522115488253563],[-0.00026631610900792384,-0.0007989483270237715,-0.007456851052221868],[0.00026631610900792384,0.0,-0.005326322180158476],[0.001864212763055467,-0.0010652644360316954,-0.0021305288720633907]]",1078.567443087,1078.567880753,21.875,371413,"[1820, 3709, -3375]","[[1, 2, -32], [3, -1, -28], [0, 1, -20], [4, 7, -8]]"
14.059637,14.518320,body,0.000000,0.000000,0.000000,0.000000,0.000000,0.000000,0.000000,0.000000,0.000000,0.000000,0.000000,0.000000,6.699575,-3.257311,-6.078279,0.002996,-0.002530,0.006991,bmi088,0.009154196500048783,"[[0.00346210941710301,-0.0021305288720633907,0.0021305288720633907],[0.003994741635118857,-0.002663161090079238,0.007190534943213944],[0.00346210941710301,-0.002663161090079238,0.009054747706269411],[0.0010652644360316954,-0.002663161090079238,0.009587379924285258]]",1078.5765972835,1078.5776641114999,21.875,371669,"[1814, 3731, -3385]","[[8, 13, 8], [10, 15, 27], [10, 13, 34], [10, 4, 36]]"
14.069638,14.528867,body,0.000000,0.000000,0.000000,0.000000,0.000000,0.000000,0.000000,0.000000,0.000000,0.000000,0.000000,0.000000,6.690597,-3.251924,-6.069301,-0.002264,-0.003595,0.004727,bmi088,0.010330709000072602,"[[-0.0021305288720633907,-0.00346210941710301,0.00692421883420602],[-0.00346210941710301,-0.003195793308095086,0.005060006071150553],[-0.003195793308095086,-0.003994741635118857,0.003994741635118857],[-0.00026631610900792384,-0.003728425526110934,0.0029294771990871623]]",1078.5869279925,1078.5880869195,21.875,371939,"[1811, 3726, -3380]","[[13, -8, 26], [12, -13, 19], [15, -12, 15], [14, -1, 11]]"
14.079637,14.538711,body,0.000000,0.000000,0.000000,0.000000,0.000000,0.000000,0.000000,0.000000,0.000000,0.000000,0.000000,0.000000,6.687005,-3.226785,-6.074688,0.005792,-0.006525,0.001864,bmi088,0.009764141499999823,"[[0.002663161090079238,-0.0055926382891664005,0.002663161090079238],[0.0055926382891664005,-0.006657902725198096,0.001864212763055467],[0.00692421883420602,-0.007456851052221868,0.0021305288720633907],[0.007989483270237714,-0.006391586616190172,0.0007989483270237715]]",1078.596692134,1078.597822836,21.875,372191,"[1797, 3724, -3383]","[[21, 10, 10], [25, 21, 7], [28, 26, 8], [24, 30, 3]]"
14.092070,14.551875,body,0.000000,0.000000,0.000000,0.000000,0.000000,0.000000,0.000000,0.000000,0.000000,0.000000,0.000000,0.000000,6.692392,-3.264494,-6.065710,0.003622,-0.003782,-0.001225,bmi088,0.01305750699998498,"[[0.00692421883420602,-0.005326322180158476,-0.001597896654047543],[0.0055926382891664005,-0.004261057744126781,-0.002663161090079238],[0.002663161090079238,-0.00346210941710301,-0.0021305288720633907],[0.001597896654047543,-0.002663161090079238,-0.0010652644360316954],[0.001331580545039619,-0.003195793308095086,0.001331580545039619]]",1078.609749641,1078.6108578785,21.875,372528,"[1818, 3727, -3378]","[[20, 26, -6], [16, 21, -10], [13, 10, -8], [10, 6, -4], [12, 5, 5]]"
14.102143,14.562227,body,0.000000,0.000000,0.000000,0.000000,0.000000,0.000000,0.000000,0.000000,0.000000,0.000000,0.000000,0.000000,6.654684,-3.278859,-6.069301,-0.000399,-0.001997,0.004128,bmi088,0.010053049499902045,"[[0.0005326322180158477,-0.0029294771990871623,0.003728425526110934],[-0.00026631610900792384,-0.0023968449810713144,0.004793689962142629],[-0.0005326322180158477,-0.001597896654047543,0.003994741635118857],[-0.001331580545039619,-0.0010652644360316954,0.003994741635118857]]",1078.6198026905,1078.6211040234998,21.875,372793,"[1826, 3706, -3380]","[[11, 2, 14], [9, -1, 18], [6, -2, 15], [4, -5, 15]]"
14.112364,14.572344,body,0.000000,0.000000,0.000000,0.000000,0.000000,0.000000,0.000000,0.000000,0.000000,0.000000,0.000000,0.000000,6.645705,-3.277064,-6.044162,0.000399,0.000999,0.004993,bmi088,0.010257697000270127,"[[-0.0023968449810713144,-0.00026631610900792384,0.006125270507182248],[-0.001597896654047543,0.0005326322180158477,0.006391586616190172],[0.001331580545039619,0.001597896654047543,0.0055926382891664005],[0.004261057744126781,0.0021305288720633907,0.001864212763055467]]",1078.6300603875002,1078.6311059824998,21.875,373052,"[1825, 3701, -3366]","[[1, -9, 23], [-2, -6, 24], [-6, 5, 21], [-8, 16, 7]]"
14.122441,14.582813,body,0.000000,0.000000,0.000000,0.000000,0.000000,0.000000,0.000000,0.000000,0.000000,0.000000,0.000000,0.000000,6.665457,-3.264494,-6.058527,0.004661,0.001664,-0.006525,bmi088,0.010202383499745338,"[[0.003994741635118857,0.002663161090079238,-0.0005326322180158477],[0.003728425526110934,0.0021305288720633907,-0.004793689962142629],[0.004793689962142629,0.001331580545039619,-0.008788431597261486],[0.006125270507182248,0.0005326322180158477,-0.011984224905356573]]",1078.640262771,1078.6414055855,21.875,373320,"[1818, 3712, -3374]","[[-10, 15, -2], [-8, 14, -18], [-5, 18, -33], [-2, 23, -45]]"
14.132438,14.592695,body,0.000000,0.000000,0.000000,0.000000,0.000000,0.000000,0.000000,0.000000,0.000000,0.000000,0.000000,0.000000,6.660070,-3.255516,-6.062119,0.004394,-0.000799,-0.010719,bmi088,0.009895411000115928,"[[0.007190534943213944,0.0005326322180158477,-0.012516857123372421],[0.005858954398174325,0.0005326322180158477,-0.011451592687340724],[0.003195793308095086,-0.0007989483270237715,-0.01038632825130903],[0.001331580545039619,-0.00346210941710301,-0.008522115488253563]]",1078.650158182,1078.651243234,21.875,373573,"[1813, 3709, -3376]","[[-2, 27, -47], [-2, 22, -43], [3, 12, -39], [13, 5, -32]]"
14.142438,14.602852,body,0.000000,0.000000,0.000000,0.000000,0.000000,0.000000,0.000000,0.000000,0.000000,0.000000,0.000000,0.000000,6.667253,-3.232172,-6.087258,-0.001198,-0.005593,-0.001332,bmi088,0.010066329499977655,"[[-0.0005326322180158477,-0.005060006071150553,-0.0055926382891664005],[-0.0010652644360316954,-0.005858954398174325,-0.0021305288720633907],[-0.0021305288720633907,-0.0055926382891664005,0.0],[-0.0010652644360316954,-0.005858954398174325,0.0023968449810713144]]",1078.6602245115,1078.6612672415,21.875,373833,"[1800, 3713, -3390]","[[19, -2, -21], [22, -4, -8], [21, -8, 0], [22, -4, 9]]"
14.152440,14.612617,body,0.000000,0.000000,0.000000,0.000000,0.000000,0.000000,0.000000,0.000000,0.000000,0.000000,0.000000,0.000000,6.670844,-3.244742,-6.074688,0.000932,-0.005393,0.005393,bmi088,0.00968159400008517,"[[-0.0010652644360316954,-0.005858954398174325,0.003195793308095086],[0.00026631610900792384,-0.005858954398174325,0.004793689962142629],[0.0010652644360316954,-0.0055926382891664005,0.006125270507182248],[0.00346210941710301,-0.004261057744126781,0.007456851052221868]]",1078.6699061055,1078.6709445155,21.875,374083,"[1807, 3715, -3383]","[[22, -4, 12], [22, 1, 18], [21, 4, 23], [16, 13, 28]]"
14.162439,14.623008,body,0.000000,0.000000,0.000000,0.000000,0.000000,0.000000,0.000000,0.000000,0.000000,0.000000,0.000000,0.000000,6.670844,-3.259107,-6.040571,0.000067,-0.001598,0.003728,bmi088,0.010231312499854539,"[[0.0029294771990871623,-0.0021305288720633907,0.007456851052221868],[0.001331580545039619,-0.0005326322180158477,0.005060006071150553],[-0.0010652644360316954,-0.0007989483270237715,0.0023968449810713144],[-0.0029294771990871623,-0.0029294771990871623,0.0]]",1078.680137418,1078.681196741,21.875,374349,"[1815, 3715, -3364]","[[8, 11, 28], [2, 5, 19], [3, -4, 9], [11, -11, 0]]"
14.172437,14.633242,body,0.000000,0.000000,0.000000,0.000000,0.000000,0.000000,0.000000,0.000000,0.000000,0.000000,0.000000,0.000000,6.652888,-3.262698,-6.058527,-0.003795,-0.005792,-0.000999,bmi088,0.010052568999981304,"[[-0.00346210941710301,-0.004793689962142629,-0.0007989483270237715],[-0.004527373853134706,-0.006391586616190172,-0.001864212763055467],[-0.003994741635118857,-0.006125270507182248,-0.001597896654047543],[-0.003195793308095086,-0.005858954398174325,0.00026631610900792384]]",1078.690189987,1078.6913043205,21.875,374611,"[1817, 3705, -3374]","[[18, -13, -3], [24, -17, -7], [23, -15, -6], [22, -12, 1]]"
14.182439,14.643164,body,0.000000,0.000000,0.000000,0.000000,0.000000,0.000000,0.000000,0.000000,0.000000,0.000000,0.000000,0.000000,6.652888,-3.262698,-6.051345,-0.000999,-0.005127,0.007923,bmi088,0.009796751000067161,"[[-0.001597896654047543,-0.004793689962142629,0.003195793308095086],[-0.001331580545039619,-0.004793689962142629,0.006391586616190172],[0.0,-0.004793689962142629,0.009321063815277334],[-0.0010652644360316954,-0.006125270507182248,0.012783173232380344]]",1078.699986738,1078.701124224,21.875,374865,"[1817, 3705, -3370]","[[18, -6, 12], [18, -5, 24], [18, 0, 35], [23, -4, 48]]"
14.192437,14.653438,body,0.000000,0.000000,0.000000,0.000000,0.000000,0.000000,0.000000,0.000000,0.000000,0.000000,0.000000,0.000000,6.685210,-3.250129,-6.080075,-0.005859,-0.005659,0.014248,bmi088,0.010177325999848108,"[[-0.00346210941710301,-0.006391586616190172,0.014381069886427887],[-0.006657902725198096,-0.005858954398174325,0.014114753777419964],[-0.007190534943213944,-0.0055926382891664005,0.014114753777419964],[-0.006125270507182248,-0.004793689962142629,0.014381069886427887]]",1078.7101640639999,1078.71128507,21.875,375128,"[1810, 3723, -3386]","[[24, -13, 54], [22, -25, 53], [21, -27, 53], [18, -23, 54]]"
14.202439,14.663516,body,0.000000,0.000000,0.000000,0.000000,0.000000,0.000000,0.000000,0.000000,0.000000,0.000000,0.000000,0.000000,6.692392,-3.277064,-6.078279,-0.000666,-0.002397,0.007057,bmi088,0.009998902999996062,"[[-0.002663161090079238,-0.004527373853134706,0.012783173232380344],[-0.0010652644360316954,-0.0023968449810713144,0.009321063815277334],[0.0005326322180158477,-0.001331580545039619,0.005060006071150553],[0.0005326322180158477,-0.001331580545039619,0.0010652644360316954]]",1078.7201629669999,1078.7212348990001,21.875,375386,"[1825, 3727, -3385]","[[17, -10, 48], [9, -4, 35], [5, 2, 19], [5, 2, 4]]"
14.212443,14.673711,body,0.000000,0.000000,0.000000,0.000000,0.000000,0.000000,0.000000,0.000000,0.000000,0.000000,0.000000,0.000000,6.679823,-3.273472,-6.065710,0.003063,-0.002730,-0.006591,bmi088,0.010035464500106173,"[[0.0029294771990871623,-0.002663161090079238,-0.003195793308095086],[0.003728425526110934,-0.003195793308095086,-0.006125270507182248],[0.003728425526110934,-0.002663161090079238,-0.007989483270237714],[0.001864212763055467,-0.0023968449810713144,-0.009054747706269411]]",1078.7301984315,1078.7313226695,21.875,375647,"[1823, 3720, -3378]","[[10, 11, -12], [12, 14, -23], [10, 14, -30], [9, 7, -34]]"
14.222517,14.684102,body,0.000000,0.000000,0.000000,0.000000,0.000000,0.000000,0.000000,0.000000,0.000000,0.000000,0.000000,0.000000,6.654684,-3.282450,-6.074688,-0.000333,-0.001132,-0.007057,bmi088,0.010293811000110509,"[[0.0010652644360316954,-0.0023968449810713144,-0.009853696033293183],[0.0,-0.0023968449810713144,-0.008788431597261486],[-0.0010652644360316954,-0.0005326322180158477,-0.006391586616190172],[-0.001331580545039619,0.0007989483270237715,-0.003195793308095086]]",1078.7404922425,1078.741609968,21.875,375913,"[1828, 3706, -3383]","[[9, 4, -37], [9, 0, -33], [2, -4, -24], [-3, -5, -12]]"
14.232518,14.693906,body,0.000000,0.000000,0.000000,0.000000,0.000000,0.000000,0.000000,0.000000,0.000000,0.000000,0.000000,0.000000,6.706757,-3.266290,-6.074688,-0.000067,-0.000266,0.002730,bmi088,0.009741084499864883,"[[-0.0007989483270237715,0.0010652644360316954,-0.0010652644360316954],[0.00026631610900792384,0.0,0.0021305288720633907],[0.0005326322180158477,-0.0007989483270237715,0.003728425526110934],[-0.00026631610900792384,-0.001331580545039619,0.006125270507182248]]",1078.750233327,1078.7513228110001,21.875,376164,"[1819, 3735, -3383]","[[-4, -3, -4], [0, 1, 8], [3, 2, 14], [5, -1, 23]]"
14.242515,14.704063,body,0.000000,0.000000,0.000000,0.000000,0.000000,0.000000,0.000000,0.000000,0.000000,0.000000,0.000000,0.000000,6.683414,-3.250129,-6.078279,0.001931,-0.001265,0.003129,bmi088,0.010058361000119476,"[[0.0,-0.001597896654047543,0.005858954398174325],[0.0010652644360316954,-0.001597896654047543,0.004793689962142629],[0.0029294771990871623,-0.001331580545039619,0.0023968449810713144],[0.003728425526110934,-0.0005326322180158477,-0.0005326322180158477]]",1078.760291688,1078.761362372,21.875,376424,"[1810, 3722, -3385]","[[6, 0, 22], [6, 4, 18], [5, 11, 9], [2, 14, -2]]"
14.252517,14.713672,body,0.000000,0.000000,0.000000,0.000000,0.000000,0.000000,0.000000,0.000000,0.000000,0.000000,0.000000,0.000000,6.676231,-3.280655,-6.053140,0.003728,0.000466,-0.005459,bmi088,0.009493570999893564,"[[0.00346210941710301,0.0007989483270237715,-0.003994741635118857],[0.004261057744126781,0.001331580545039619,-0.006657902725198096],[0.003728425526110934,0.0007989483270237715,-0.006657902725198096],[0.00346210941710301,-0.0010652644360316954,-0.004527373853134706]]",1078.769785259,1078.7708820235,21.875,376670,"[1827, 3718, -3371]","[[-3, 13, -15], [-5, 16, -25], [-3, 14, -25], [4, 13, -17]]"
14.262516,14.724180,body,0.000000,0.000000,0.000000,0.000000,0.000000,0.000000,0.000000,0.000000,0.000000,0.000000,0.000000,0.000000,6.672640,-3.259107,-6.054936,0.003662,-0.005326,0.002463,bmi088,0.010436184500122181,"[[0.002663161090079238,-0.00346210941710301,-0.0007989483270237715],[0.003195793308095086,-0.004793689962142629,0.001864212763055467],[0.003994741635118857,-0.006391586616190172,0.003994741635118857],[0.004793689962142629,-0.006657902725198096,0.004793689962142629]]",1078.7802214435,1078.7812682545,21.875,376939,"[1815, 3716, -3372]","[[13, 10, -3], [18, 12, 7], [24, 15, 15], [25, 18, 18]]"
14.272515,14.734375,body,0.000000,0.000000,0.000000,0.000000,0.000000,0.000000,0.000000,0.000000,0.000000,0.000000,0.000000,0.000000,6.679823,-3.257311,-6.078279,0.003595,-0.004594,0.008722,bmi088,0.010037848499905522,"[[0.004261057744126781,-0.007190534943213944,0.006125270507182248],[0.003728425526110934,-0.005060006071150553,0.007989483270237714],[0.003195793308095086,-0.003728425526110934,0.009853696033293183],[0.003195793308095086,-0.0023968449810713144,0.010918960469324878]]",1078.790259292,1078.7913334,21.875,377200,"[1814, 3720, -3385]","[[27, 16, 23], [19, 14, 30], [14, 12, 37], [9, 12, 41]]"
14.282517,14.744453,body,0.000000,0.000000,0.000000,0.000000,0.000000,0.000000,0.000000,0.000000,0.000000,0.000000,0.000000,0.000000,6.663662,-3.255516,-6.069301,0.002330,-0.001598,0.005859,bmi088,0.009933284500220907,"[[0.00346210941710301,-0.0021305288720633907,0.010120012142301106],[0.002663161090079238,-0.001597896654047543,0.00692421883420602],[0.0021305288720633907,-0.001331580545039619,0.004261057744126781],[0.0010652644360316954,-0.001331580545039619,0.0021305288720633907]]",1078.8001925765002,1078.801290461,21.875,377458,"[1813, 3711, -3380]","[[8, 13, 38], [6, 10, 26], [5, 8, 16], [5, 4, 8]]"
14.292517,14.754688,body,0.000000,0.000000,0.000000,0.000000,0.000000,0.000000,0.000000,0.000000,0.000000,0.000000,0.000000,0.000000,6.660070,-3.262698,-6.062119,0.002796,-0.000999,-0.000067,bmi088,0.010160252999867225,"[[0.0010652644360316954,-0.0007989483270237715,0.001331580545039619],[0.0023968449810713144,-0.0005326322180158477,0.0007989483270237715],[0.003195793308095086,-0.0005326322180158477,-0.00026631610900792384],[0.004527373853134706,-0.0021305288720633907,-0.0021305288720633907]]",1078.8103528295,1078.8114352095,21.875,377720,"[1817, 3709, -3376]","[[3, 4, 5], [2, 9, 3], [2, 12, -1], [8, 17, -8]]"
14.302519,14.764648,body,0.000000,0.000000,0.000000,0.000000,0.000000,0.000000,0.000000,0.000000,0.000000,0.000000,0.000000,0.000000,6.674436,-3.278859,-6.076484,0.005926,-0.002397,-0.007191,bmi088,0.009880289999955494,"[[0.004793689962142629,-0.002663161090079238,-0.0055926382891664005],[0.006125270507182248,-0.003195793308095086,-0.007456851052221868],[0.006391586616190172,-0.001597896654047543,-0.008522115488253563],[0.006391586616190172,-0.0021305288720633907,-0.007190534943213944]]",1078.8202331195,1078.8212983315002,21.875,377975,"[1826, 3717, -3384]","[[10, 18, -21], [12, 23, -28], [6, 24, -32], [8, 24, -27]]"
14.313177,14.775547,body,0.000000,0.000000,0.000000,0.000000,0.000000,0.000000,0.000000,0.000000,0.000000,0.000000,0.000000,0.000000,6.674436,-3.264494,-6.045958,0.006179,-0.000852,-0.002131,bmi088,0.010630673000150637,"[[0.005326322180158476,-0.001597896654047543,-0.006657902725198096],[0.0055926382891664005,-0.0010652644360316954,-0.005326322180158476],[0.006391586616190172,0.0,-0.004261057744126781],[0.007190534943213944,-0.0005326322180158477,0.0005326322180158477],[0.006391586616190172,-0.0010652644360316954,0.005060006071150553]]",1078.8308637925002,1078.8320261919998,21.875,378254,"[1818, 3717, -3367]","[[6, 20, -25], [4, 21, -20], [0, 24, -16], [2, 27, 2], [4, 24, 19]]"
14.323249,14.785664,body,0.000000,0.000000,0.000000,0.000000,0.000000,0.000000,0.000000,0.000000,0.000000,0.000000,0.000000,0.000000,6.665457,-3.241150,-6.074688,0.004594,-0.002197,0.005859,bmi088,0.01017905399976371,"[[0.005326322180158476,-0.001864212763055467,0.007723167161229791],[0.003994741635118857,-0.001597896654047543,0.006657902725198096],[0.003994741635118857,-0.0023968449810713144,0.005060006071150553],[0.005060006071150553,-0.0029294771990871623,0.003994741635118857]]",1078.8410428465,1078.8420841215,21.875,378513,"[1805, 3712, -3383]","[[7, 20, 29], [6, 15, 25], [9, 15, 19], [11, 19, 15]]"
14.333247,14.795664,body,0.000000,0.000000,0.000000,0.000000,0.000000,0.000000,0.000000,0.000000,0.000000,0.000000,0.000000,0.000000,6.687005,-3.233968,-6.072893,0.003262,-0.001997,0.001465,bmi088,0.009877746500023932,"[[0.006391586616190172,-0.0029294771990871623,0.003728425526110934],[0.005060006071150553,-0.0021305288720633907,0.0029294771990871623],[0.0021305288720633907,-0.001597896654047543,0.0010652644360316954],[-0.0005326322180158477,-0.001331580545039619,-0.001864212763055467]]",1078.850920593,1078.8519578675,21.875,378769,"[1801, 3724, -3382]","[[11, 24, 14], [8, 19, 11], [6, 8, 4], [5, -2, -7]]"
14.343248,14.806719,body,0.000000,0.000000,0.000000,0.000000,0.000000,0.000000,0.000000,0.000000,0.000000,0.000000,0.000000,0.000000,6.665457,-3.257311,-6.071097,0.004128,-0.001398,-0.000599,bmi088,0.010336260500025674,"[[-0.00026631610900792384,-0.001331580545039619,-0.002663161090079238],[0.0023968449810713144,-0.001597896654047543,-0.0021305288720633907],[0.006391586616190172,-0.001331580545039619,0.00026631610900792384],[0.007989483270237714,-0.001331580545039619,0.0021305288720633907]]",1078.8612568535,1078.862897624,21.875,379052,"[1814, 3712, -3381]","[[5, -1, -10], [6, 9, -8], [5, 24, 1], [5, 30, 8]]"
14.353253,14.815469,body,0.000000,0.000000,0.000000,0.000000,0.000000,0.000000,0.000000,0.000000,0.000000,0.000000,0.000000,0.000000,6.681618,-3.239355,-6.087258,0.003329,-0.002131,0.002330,bmi088,0.00948326600018845,"[[0.006125270507182248,-0.0010652644360316954,0.00346210941710301],[0.002663161090079238,-0.001864212763055467,0.0029294771990871623],[0.001864212763055467,-0.0029294771990871623,0.001597896654047543],[0.002663161090079238,-0.002663161090079238,0.001331580545039619]]",1078.8707401195002,1078.8715503285,21.875,379276,"[1804, 3721, -3390]","[[4, 23, 13], [7, 10, 11], [11, 7, 6], [10, 10, 5]]"
14.363251,14.826406,body,0.000000,0.000000,0.000000,0.000000,0.000000,0.000000,0.000000,0.000000,0.000000,0.000000,0.000000,0.000000,6.656479,-3.230377,-6.085462,0.003063,-0.003196,0.000200,bmi088,0.010484314499763059,"[[0.003195793308095086,-0.0021305288720633907,0.001597896654047543],[0.003195793308095086,-0.002663161090079238,0.0010652644360316954],[0.0029294771990871623,-0.00346210941710301,-0.0005326322180158477],[0.0029294771990871623,-0.004527373853134706,-0.001331580545039619]]",1078.881224434,1078.882360001,21.875,379556,"[1799, 3707, -3389]","[[8, 12, 6], [10, 12, 4], [13, 11, -2], [17, 11, -5]]"
14.373250,14.836406,body,0.000000,0.000000,0.000000,0.000000,0.000000,0.000000,0.000000,0.000000,0.000000,0.000000,0.000000,0.000000,6.661866,-3.269881,-6.094440,-0.000200,-0.002064,-0.001398,bmi088,0.009878818000061074,"[[0.001331580545039619,-0.003994741635118857,-0.0010652644360316954],[0.00026631610900792384,-0.003195793308095086,-0.0010652644360316954],[-0.001331580545039619,-0.001597896654047543,-0.001864212763055467],[-0.0010652644360316954,0.0005326322180158477,-0.001597896654047543]]",1078.891103252,1078.892236995,21.875,379812,"[1821, 3710, -3394]","[[15, 5, -4], [12, 1, -4], [6, -5, -7], [-2, -4, -6]]"
