t,imu_t,w1_pos,w1_vel,w1_cur,w2_pos,w2_vel,w2_cur,w3_pos,w3_vel,w3_cur,w4_pos,w4_vel,w4_cur,ax,ay,az,gx,gy,gz
0.004160,978.490041,6.074564,0.000000,-0.002680,-0.882039,0.000000,-0.002680,8.852603,0.000000,-0.004020,-0.141126,0.000000,-0.006700,-0.081423,-0.613125,9.715432,0.031959,-0.064980,-0.031959
0.053029,978.499649,6.074564,0.000000,-0.002680,-0.882039,0.000000,-0.002680,8.852603,0.000000,-0.004020,-0.141126,0.000000,-0.006700,-0.071809,-0.637061,9.740545,0.030892,-0.062851,-0.030892
0.060397,978.509037,6.074564,0.000000,-0.002680,-0.882039,0.000000,-0.002680,8.852603,0.000000,-0.004020,-0.141126,0.000000,-0.006700,-0.064648,-0.623916,9.752513,0.036219,-0.062851,-0.031959
0.070044,978.518448,6.074564,0.000000,-0.002680,-0.882039,0.000000,-0.002680,8.852603,0.000000,-0.004020,-0.141126,0.000000,-0.006700,-0.067100,-0.622739,9.758498,0.031959,-0.063916,-0.031959
0.080221,978.528205,6.076098,0.000000,-0.002680,-0.882039,0.000000,-0.002680,8.852603,0.000000,-0.004020,-0.141126,0.000000,-0.006700,-0.064648,-0.631077,9.724947,0.024501,-0.064980,-0.034088
0.090251,978.537652,6.074564,0.000000,-0.002680,-0.882039,0.000000,-0.002680,8.852603,0.000000,-0.004020,-0.141126,0.000000,-0.006700,-0.069455,-0.622739,9.720140,0.028761,-0.063916,-0.035154
0.100653,978.547041,6.074564,0.000000,-0.002680,-0.882039,0.000000,-0.002680,8.852603,0.000000,-0.004020,-0.141126,0.000000,-0.006700,-0.089860,-0.613125,9.721416,0.034088,-0.064980,-0.036219
0.110039,978.556819,6.074564,0.000000,-0.002680,-0.882039,0.000000,-0.002680,8.852603,0.000000,-0.004020,-0.141126,0.000000,-0.006700,-0.091037,-0.616755,9.723770,0.030892,-0.064980,-0.037284
0.120229,978.566452,6.074564,0.000000,-0.002680,-0.882039,0.000000,-0.002680,8.852603,0.000000,-0.004020,-0.141126,0.000000,-0.006700,-0.099375,-0.614302,9.729754,0.031959,-0.063916,-0.036219
0.130441,978.575874,6.074564,0.000000,-0.002680,-0.882039,0.000000,-0.002680,8.852603,0.000000,-0.004020,-0.141126,0.000000,-0.006700,-0.107812,-0.580752,9.729754,0.034088,-0.063916,-0.036219
0.140097,978.585622,6.074564,0.000000,-0.002680,-0.882039,0.000000,-0.002680,8.852603,0.000000,-0.004020,-0.141126,0.000000,-0.006700,-0.113796,-0.591543,9.710625,0.027697,-0.063916,-0.035154
0.150142,978.595131,6.074564,0.000000,-0.002680,-0.882039,0.000000,-0.002680,8.852603,0.000000,-0.004020,-0.141126,0.000000,-0.006700,-0.108989,-0.577220,9.693850,0.026632,-0.061785,-0.033023
0.160186,978.614106,6.074564,0.000000,-0.002680,-0.882039,0.000000,-0.002680,8.852603,0.000000,-0.004020,-0.141126,0.000000,-0.006700,-0.092214,-0.550832,9.740545,0.037284,-0.063916,-0.031959
0.170235,978.623549,6.074564,0.000000,-0.002680,-0.882039,0.000000,-0.002680,8.852603,0.000000,-0.004020,-0.141126,0.000000,-0.006700,-0.088584,-0.562800,9.746529,0.030892,-0.063916,-0.031959
0.180250,978.633295,6.074564,0.000000,-0.002680,-0.882039,0.000000,-0.002680,8.852603,0.000000,-0.004020,-0.141126,0.000000,-0.006700,-0.075439,-0.552009,9.753691,0.024501,-0.062851,-0.031959
0.190425,978.642712,6.074564,0.000000,-0.002680,-0.882039,0.000000,-0.002680,8.854137,0.000000,-0.004020,-0.141126,0.000000,-0.006700,-0.085053,-0.568784,9.734561,0.027697,-0.063916,-0.034088
0.200107,978.652200,6.074564,0.000000,-0.002680,-0.882039,0.000000,-0.002680,8.852603,0.000000,-0.004020,-0.141126,0.000000,-0.006700,-0.073085,-0.559268,9.733384,0.027697,-0.063916,-0.036219
0.210079,978.661910,6.074564,0.000000,-0.002680,-0.882039,0.000000,-0.002680,8.852603,0.000000,-0.004020,-0.141126,0.000000,-0.006700,-0.083777,-0.603511,9.710625,0.023436,-0.063916,-0.036219
0.220054,978.671296,6.074564,0.000000,-0.002680,-0.882039,0.000000,-0.002680,8.852603,0.000000,-0.004020,-0.141126,0.000000,-0.006700,-0.097021,-0.608318,9.706995,0.026632,-0.063916,-0.036219
0.230029,978.680947,6.074564,0.000000,-0.002680,-0.882039,0.000000,-0.002680,8.852603,0.000000,-0.004020,-0.141126,0.000000,-0.006700,-0.092214,-0.620286,9.718963,0.028761,-0.064980,-0.036219
0.240069,978.690554,6.074564,0.000000,-0.002680,-0.882039,0.000000,-0.002680,8.852603,0.000000,-0.004020,-0.141126,0.000000,-0.006700,-0.103005,-0.622739,9.704641,0.027697,-0.064980,-0.035154
0.250155,978.699968,6.074564,0.000000,-0.002680,-0.882039,0.000000,-0.002680,8.852603,0.000000,-0.004020,-0.141126,0.000000,-0.006700,-0.097021,-0.626270,9.701011,0.027697,-0.063916,-0.035154
0.260241,978.709542,6.074564,0.000000,-0.002680,-0.882039,0.000000,-0.002680,8.852603,0.000000,-0.004020,-0.141126,0.000000,-0.006700,-0.104182,-0.625093,9.723770,0.034088,-0.062851,-0.034088
0.270315,978.719248,6.074564,0.000000,-0.002680,-0.882039,0.000000,-0.002680,8.852603,0.000000,-0.004020,-0.141126,0.000000,-0.006700,-0.091037,-0.615479,9.732207,0.037284,-0.062851,-0.031959
0.280517,978.728497,6.074564,0.000000,-0.002680,-0.882039,0.000000,-0.002680,8.852603,0.000000,-0.004020,-0.141126,0.000000,-0.006700,-0.073085,-0.608318,9.736916,0.030892,-0.062851,-0.031959
0.290039,978.738343,6.074564,0.000000,-0.002680,-0.882039,0.000000,-0.002680,8.852603,0.000000,-0.004020,-0.141126,0.000000,-0.006700,-0.081423,-0.607141,9.748884,0.029828,-0.063916,-0.033023
0.300072,978.747834,6.074564,0.000000,-0.002680,-0.882039,0.000000,-0.002680,8.852603,0.000000,-0.004020,-0.141126,0.000000,-0.006700,-0.073085,-0.580752,9.738191,0.033023,-0.063916,-0.031959
0.310175,978.757285,6.076098,0.000000,-0.002680,-0.882039,0.000000,-0.002680,8.854137,0.000000,-0.004020,-0.141126,0.000000,-0.006700,-0.086230,-0.595173,9.728577,0.025566,-0.061785,-0.035154
0.320375,978.766910,6.074564,0.000000,-0.002680,-0.882039,0.000000,-0.002680,8.854137,0.000000,-0.004020,-0.141126,0.000000,-0.006700,-0.088584,-0.608318,9.699834,0.021305,-0.062851,-0.036219
0.330064,978.776547,6.074564,0.000000,-0.002680,-0.882039,0.000000,-0.002680,8.854137,0.000000,-0.004020,-0.141126,0.000000,-0.006700,-0.085053,-0.595173,9.691495,0.027697,-0.064980,-0.037284
0.340071,978.786061,6.074564,0.000000,-0.002680,-0.882039,0.000000,-0.002680,8.852603,0.000000,-0.004020,-0.141126,0.000000,-0.006700,-0.107812,-0.609495,9.714156,0.029828,-0.063916,-0.037284
0.350261,978.795505,6.074564,0.000000,-0.002680,-0.882039,0.000000,-0.002680,8.852603,0.000000,-0.004020,-0.141126,0.000000,-0.006700,-0.095844,-0.599980,9.734561,0.031959,-0.062851,-0.036219
0.360515,978.814796,6.074564,0.000000,-0.002680,-0.882039,0.000000,-0.002680,8.852603,0.000000,-0.004020,-0.141126,0.000000,-0.006700,-0.099375,-0.580752,9.717786,0.030892,-0.063916,-0.035154
0.370025,978.824041,6.074564,0.000000,-0.002680,-0.882039,0.000000,-0.002680,8.852603,0.000000,-0.004020,-0.141126,0.000000,-0.006700,-0.092214,-0.548477,9.727400,0.034088,-0.063916,-0.033023
0.380194,978.833882,6.074564,0.000000,-0.002680,-0.882039,0.000000,-0.002680,8.852603,0.000000,-0.004020,-0.141126,0.000000,-0.006700,-0.114973,-0.536509,9.711802,0.033023,-0.063916,-0.033023
0.390299,978.843102,6.074564,0.000000,-0.002680,-0.882039,0.000000,-0.002680,8.852603,0.000000,-0.004020,-0.141126,0.000000,-0.006700,-0.113796,-0.526895,9.715432,0.033023,-0.062851,-0.033023
0.400471,978.852950,6.076098,0.000000,-0.002680,-0.882039,0.000000,-0.002680,8.852603,0.000000,-0.004020,-0.141126,0.000000,-0.006700,-0.099375,-0.500604,9.724947,0.034088,-0.062851,-0.033023
0.410466,978.862321,6.076098,0.000000,-0.002680,-0.882039,0.000000,-0.002680,8.852603,0.000000,-0.004020,-0.141126,0.000000,-0.006700,-0.098198,-0.541316,9.754868,0.027697,-0.062851,-0.034088
0.420523,978.871794,6.074564,0.000000,-0.002680,-0.882039,0.000000,-0.002680,8.852603,0.000000,-0.004020,-0.141126,0.000000,-0.006700,-0.082600,-0.568784,9.780080,0.027697,-0.063916,-0.035154
0.430081,978.881468,6.074564,0.000000,-0.002680,-0.882039,0.000000,-0.002680,8.852603,0.000000,-0.004020,-0.141126,0.000000,-0.006700,-0.073085,-0.610771,9.771643,0.021305,-0.063916,-0.035154
0.440509,978.891156,6.074564,0.000000,-0.002680,-0.882039,0.000000,-0.002680,8.852603,0.000000,-0.004020,-0.141126,0.000000,-0.006700,-0.080246,-0.674241,9.709448,0.008522,-0.064980,-0.037284
0.450115,978.900372,6.074564,0.000000,-0.002680,-0.882039,0.000000,-0.002680,8.854137,0.000000,-0.004020,-0.141126,0.000000,-0.006700,-0.062294,-0.702985,9.657945,0.011718,-0.063916,-0.038350
0.460479,978.910156,6.074564,0.000000,-0.002680,-0.882039,0.000000,-0.002680,8.852603,0.000000,-0.004020,-0.141126,0.000000,-0.006700,-0.079069,-0.698178,9.654315,0.024501,-0.062851,-0.036219
0.470229,978.919687,6.074564,0.000000,-0.002680,-0.882039,0.000000,-0.002680,8.852603,0.000000,-0.004020,-0.141126,0.000000,-0.006700,-0.087407,-0.692194,9.678252,0.033023,-0.062851,-0.035154
0.480555,978.929057,6.074564,0.000000,-0.002680,-0.882039,0.000000,-0.002680,8.852603,0.000000,-0.004020,-0.141126,0.000000,-0.006700,-0.101828,-0.672966,9.736916,0.041546,-0.063916,-0.034088
0.490318,978.938630,6.074564,0.000000,-0.002680,-0.882039,0.000000,-0.002680,8.852603,0.000000,-0.004020,-0.141126,0.000000,-0.006700,-0.094568,-0.638239,9.794402,0.046871,-0.064980,-0.031959
0.500067,978.948268,6.074564,0.000000,-0.002680,-0.882039,0.000000,-0.002680,8.854137,0.000000,-0.004020,-0.141126,0.000000,-0.006700,-0.091037,-0.590366,9.795677,0.041546,-0.063916,-0.031959
0.510448,978.957809,6.074564,0.000000,-0.002680,-0.882039,0.000000,-0.002680,8.852603,0.000000,-0.004020,-0.141126,0.000000,-0.006700,-0.097021,-0.580752,9.747707,0.023436,-0.062851,-0.030892
0.520334,978.967396,6.074564,0.000000,-0.002680,-0.882039,0.000000,-0.002680,8.852603,0.000000,-0.004020,-0.141126,0.000000,-0.006700,-0.108989,-0.544847,9.696204,0.024501,-0.063916,-0.033023
0.530341,978.976947,6.074564,0.000000,-0.002680,-0.883573,0.000000,-0.002680,8.852603,0.000000,-0.004020,-0.141126,0.000000,-0.006700,-0.104182,-0.510120,9.691495,0.035154,-0.062851,-0.031959
0.540325,978.986396,6.074564,0.000000,-0.002680,-0.883573,0.000000,-0.002680,8.852603,0.000000,-0.004020,-0.141126,0.000000,-0.006700,-0.104182,-0.487361,9.739368,0.039415,-0.062851,-0.034088
0.550219,978.995934,6.074564,0.000000,-0.002680,-0.882039,0.000000,-0.002680,8.852603,0.000000,-0.004020,-0.141126,0.000000,-0.006700,-0.095844,-0.511297,9.789595,0.030892,-0.063916,-0.034088
0.560437,979.005511,6.074564,0.000000,-0.002680,-0.882039,0.000000,-0.002680,8.852603,0.000000,-0.004020,-0.141126,0.000000,-0.006700,-0.076616,-0.568784,9.764482,0.019174,-0.063916,-0.036219
0.570072,979.024570,6.074564,0.000000,-0.002680,-0.883573,0.000000,-0.002680,8.852603,0.000000,-0.004020,-0.141126,0.000000,-0.006700,-0.069455,-0.702985,9.738191,0.013849,-0.063916,-0.036219
0.580295,979.034398,6.074564,0.000000,-0.002680,-0.883573,0.000000,-0.002680,8.852603,0.000000,-0.004020,-0.141126,0.000000,-0.006700,-0.059841,-0.760373,9.666284,0.009587,-0.063916,-0.037284
0.590156,979.043895,6.074564,0.000000,-0.002680,-0.883573,0.000000,-0.002680,8.852603,0.000000,-0.004020,-0.141126,0.000000,-0.006700,-0.064648,-0.743696,9.648331,0.020241,-0.062851,-0.036219
0.600432,979.053446,6.074564,0.000000,-0.002680,-0.883573,0.000000,-0.002680,8.852603,0.000000,-0.004020,-0.141126,0.000000,-0.006700,-0.085053,-0.718484,9.632733,0.038350,-0.064980,-0.036219
0.610348,979.062946,6.074564,0.000000,-0.002680,-0.883573,0.000000,-0.002680,8.852603,0.000000,-0.004020,-0.141126,0.000000,-0.006700,-0.068278,-0.731630,9.684236,0.035154,-0.062851,-0.035154
0.620465,979.072419,6.074564,0.000000,-0.002680,-0.883573,0.000000,-0.002680,8.854137,0.000000,-0.004020,-0.141126,0.000000,-0.006700,-0.104182,-0.610771,9.704641,0.055393,-0.062851,-0.031959
0.630168,979.081852,6.074564,0.000000,-0.002680,-0.883573,0.000000,-0.002680,8.852603,0.000000,-0.004020,-0.141126,0.000000,-0.006700,-0.074262,-0.546025,9.811177,0.061785,-0.062851,-0.031959
0.640555,979.091516,6.074564,0.000000,-0.002680,-0.883573,0.000000,-0.002680,8.852603,0.000000,-0.004020,-0.141126,0.000000,-0.006700,-0.080246,-0.405938,9.724947,0.057524,-0.062851,-0.030892
0.650530,979.101016,6.074564,0.000000,-0.002680,-0.883573,0.000000,-0.002680,8.852603,0.000000,-0.004020,-0.141126,0.000000,-0.006700,-0.061116,-0.505313,9.741722,0.011718,-0.061785,-0.031959
0.660314,979.110615,6.076098,0.000000,-0.002680,-0.883573,0.000000,-0.002680,8.852603,0.000000,-0.004020,-0.141126,0.000000,-0.006700,-0.074262,-0.514927,9.841098,0.031959,-0.060720,-0.028761
0.670599,979.120158,6.074564,0.000000,-0.002680,-0.883573,0.000000,-0.002680,8.852603,0.000000,-0.004020,-0.141126,0.000000,-0.006700,-0.038357,-0.334129,9.939296,0.089483,-0.057524,-0.024501
0.680525,979.129853,6.074564,0.000000,-0.002680,-0.883573,0.000000,-0.002680,8.852603,0.000000,-0.004020,-0.141126,0.000000,-0.006700,-0.098198,-0.410745,9.871116,0.015978,-0.060720,-0.030892
0.690109,979.139154,6.074564,0.000000,-0.002680,-0.883573,0.000000,-0.002680,8.852603,0.000000,-0.004020,-0.141126,0.000000,-0.006700,-0.057487,-0.643046,9.671090,-0.068176,-0.066047,-0.036219
0.700437,979.148796,6.076098,0.000000,-0.002680,-0.883573,0.000000,-0.002680,8.854137,0.000000,-0.004020,-0.141126,0.000000,-0.006700,-0.070632,-0.577220,9.510599,-0.003196,-0.067111,-0.036219
0.710394,979.158281,6.074564,0.000000,-0.002680,-0.883573,0.000000,-0.002680,8.852603,0.000000,-0.004020,-0.141126,0.000000,-0.006700,-0.117328,-0.617932,9.648331,0.044742,-0.062851,-0.030892
0.720142,979.167918,6.074564,0.000000,-0.002680,-0.883573,0.000000,-0.002680,8.854137,0.000000,-0.004020,-0.141126,0.000000,-0.006700,-0.147248,-0.583205,9.623218,0.040479,-0.064980,-0.033023
0.730242,979.177389,6.074564,0.000000,-0.002680,-0.883573,0.000000,-0.002680,8.852603,0.000000,-0.004020,-0.141126,0.000000,-0.006700,-0.147248,-0.872992,9.805193,-0.008522,-0.062851,-0.035154
0.741057,979.186881,6.074564,0.000000,-0.002680,-0.883573,0.000000,-0.002680,8.852603,0.000000,-0.004020,-0.141126,0.000000,-0.006700,-0.158039,-0.700532,9.857873,0.075634,-0.062851,-0.030892
0.751019,979.196551,6.076098,0.000000,-0.002680,-0.883573,0.000000,-0.002680,8.852603,0.000000,-0.004020,-0.141126,0.000000,-0.006700,-0.167653,-0.557993,9.849534,0.076698,-0.061785,-0.030892
0.760367,979.206196,6.074564,0.000000,-0.002680,-0.883573,0.000000,-0.002680,8.854137,0.000000,-0.004020,-0.141126,0.000000,-0.006700,-0.156862,-0.728098,9.718963,-0.024501,-0.064980,-0.035154
0.770505,979.225246,6.074564,0.000000,-0.002680,-0.885107,0.000000,-0.002680,8.852603,0.000000,-0.004020,-0.141126,0.000000,-0.006700,-0.103005,-0.568784,9.671090,0.061785,-0.064980,-0.029828
0.780249,979.234636,6.074564,0.000000,-0.002680,-0.883573,0.000000,-0.002680,8.852603,0.000000,-0.004020,-0.141126,0.000000,-0.006700,-0.044341,-0.550832,9.699834,0.043675,-0.066047,-0.030892
0.790047,979.244500,6.074564,0.000000,-0.002680,-0.885107,0.000000,-0.002680,8.852603,0.000000,-0.004020,-0.141126,0.000000,-0.006700,-0.023936,-0.659821,9.733384,0.008522,-0.064980,-0.033023
0.800510,979.254091,6.074564,0.000000,-0.002680,-0.883573,0.000000,-0.002680,8.854137,0.000000,-0.004020,-0.141126,0.000000,-0.006700,-0.027566,-0.639514,9.793225,0.040479,-0.062851,-0.035154
0.810040,979.263508,6.074564,0.000000,-0.002680,-0.883573,0.000000,-0.002680,8.854137,0.000000,-0.004020,-0.141126,0.000000,-0.006700,-0.051503,-0.549654,9.723770,0.054329,-0.061785,-0.036219
0.820081,979.272831,6.074564,0.000000,-0.002680,-0.883573,0.000000,-0.002680,8.852603,0.000000,-0.004020,-0.141126,0.000000,-0.006700,-0.097021,-0.730453,9.711802,-0.010653,-0.063916,-0.042610
0.830435,979.282508,6.074564,0.000000,-0.002680,-0.885107,0.000000,-0.002680,8.852603,0.000000,-0.004020,-0.141126,0.000000,-0.006700,-0.120957,-0.708969,9.721416,0.023436,-0.062851,-0.043675
0.840449,979.292264,6.074564,0.000000,-0.002680,-0.883573,0.000000,-0.002680,8.852603,0.000000,-0.004020,-0.141126,0.000000,-0.006700,-0.144894,-0.508943,9.789595,0.084156,-0.061785,-0.040479
0.850078,979.301682,6.074564,0.000000,-0.002680,-0.882039,0.000000,-0.002680,8.852603,0.000000,-0.004020,-0.141126,0.000000,-0.006700,-0.142539,-0.580752,9.774095,0.020241,-0.064980,-0.041546
0.860389,979.311128,6.074564,0.000000,-0.002680,-0.882039,0.000000,-0.002680,8.852603,0.000000,-0.004020,-0.141126,0.000000,-0.006700,-0.129296,-0.637061,9.711802,-0.008522,-0.064980,-0.041546
0.870404,979.320602,6.074564,0.000000,-0.002680,-0.882039,0.000000,-0.002680,8.852603,0.000000,-0.004020,-0.141126,0.000000,-0.006700,-0.106537,-0.544847,9.766934,0.047937,-0.063916,-0.031959
0.880447,979.330228,6.074564,0.000000,-0.002680,-0.882039,0.000000,-0.002680,8.852603,0.000000,-0.004020,-0.141126,0.000000,-0.006700,-0.088584,-0.396422,9.701011,0.058589,-0.064980,-0.029828
0.890462,979.340053,6.074564,0.000000,-0.002680,-0.882039,0.000000,-0.002680,8.852603,0.000000,-0.004020,-0.141126,0.000000,-0.006700,-0.058664,-0.537686,9.669913,-0.011718,-0.064980,-0.030892
0.900161,979.349285,6.074564,0.000000,-0.002680,-0.882039,0.000000,-0.002680,8.852603,0.000000,-0.004020,-0.141126,0.000000,-0.006700,-0.011968,-0.490990,9.592022,0.011718,-0.063916,-0.029828
0.910480,979.359020,6.074564,0.000000,-0.002680,-0.882039,0.000000,-0.002680,8.852603,0.000000,-0.004020,-0.141126,0.000000,-0.006700,-0.004807,-0.409568,9.659122,0.062851,-0.061785,-0.026632
0.920530,979.368467,6.074564,0.000000,-0.002680,-0.883573,0.000000,-0.002680,8.852603,0.000000,-0.004020,-0.141126,0.000000,-0.006700,-0.022759,-0.379647,9.613604,0.044742,-0.062851,-0.027697
0.930053,979.377859,6.074564,0.000000,-0.002680,-0.882039,0.000000,-0.002680,8.852603,0.000000,-0.004020,-0.141126,0.000000,-0.006700,-0.025114,-0.576043,9.746529,0.002131,-0.063916,-0.031959
0.940136,979.387594,6.074564,0.000000,-0.002680,-0.885107,0.000000,-0.002680,8.852603,0.000000,-0.004020,-0.139592,0.000000,-0.006700,-0.052680,-0.520911,9.901037,0.062851,-0.062851,-0.027697
0.950301,979.397021,6.074564,0.000000,-0.002680,-0.885107,0.000000,-0.002680,8.852603,0.000000,-0.004020,-0.141126,0.000000,-0.008040,-0.105359,-0.428697,9.897407,0.069242,-0.061785,-0.030892
0.960540,979.406665,6.074564,0.000000,-0.002680,-0.883573,-0.023981,-0.002680,8.854137,0.000000,-0.004020,-0.141126,0.000000,-0.006700,-0.153330,-0.756842,9.879455,-0.038350,-0.063916,-0.036219
0.970430,979.416390,6.074564,0.000000,-0.002680,-0.885107,-0.023981,-0.002680,8.854137,0.000000,-0.004020,-0.141126,0.000000,-0.006700,-0.170007,-0.683757,9.644702,-0.011718,-0.066047,-0.036219
0.980742,979.435394,6.074564,0.000000,-0.002680,-0.885107,-0.023981,-0.002680,8.852603,0.000000,-0.004020,-0.141126,0.000000,-0.006700,-0.177267,-0.766455,9.533358,-0.001065,-0.066047,-0.037284
0.990241,979.444905,6.074564,0.000000,-0.002680,-0.885107,-0.023981,-0.002680,8.854137,0.000000,-0.004020,-0.141126,0.000000,-0.006700,-0.172460,-0.797553,9.556117,0.020241,-0.064980,-0.036219
1.000455,979.454285,6.074564,0.000000,-0.002680,-0.883573,-0.023981,-0.002680,8.852603,0.000000,-0.004020,-0.141126,0.000000,-0.006700,-0.128119,-0.769987,9.777627,0.067111,-0.060720,-0.029828
1.010249,979.464073,6.074564,0.000000,-0.002680,-0.883573,0.000000,-0.002680,8.854137,0.000000,-0.004020,-0.141126,0.000000,-0.006700,-0.106537,-0.601157,9.896230,0.102266,-0.057524,-0.027697
1.020260,979.473538,6.074564,0.000000,-0.002680,-0.885107,0.000000,-0.002680,8.852603,0.000000,-0.004020,-0.141126,0.000000,-0.006700,-0.087407,-0.674241,9.954894,0.036219,-0.059655,-0.029828
1.030671,979.482986,6.076098,0.000000,-0.002680,-0.883573,0.000000,-0.002680,8.854137,0.000000,-0.004020,-0.141126,0.000000,-0.006700,-0.046696,-0.607141,9.866309,0.021305,-0.063916,-0.031959
1.040092,979.492793,6.074564,0.000000,-0.002680,-0.885107,0.000000,-0.002680,8.854137,0.000000,-0.004020,-0.141126,0.000000,-0.006700,-0.034727,-0.557993,9.782434,0.024501,-0.062851,-0.033023
1.050260,979.502389,6.074564,0.000000,-0.002680,-0.885107,0.000000,-0.002680,8.852603,0.000000,-0.004020,-0.141126,0.000000,-0.006700,-0.033550,-0.593996,9.679429,0.004260,-0.062851,-0.036219
1.060357,979.511701,6.074564,0.000000,-0.002680,-0.885107,0.000000,-0.002680,8.852603,0.000000,-0.004020,-0.141126,0.000000,-0.006700,-0.022759,-0.639514,9.575247,0.000000,-0.063916,-0.038350
1.070436,979.521329,6.076098,0.000000,-0.002680,-0.885107,0.000000,-0.002680,8.852603,0.000000,-0.004020,-0.141126,0.000000,-0.006700,-0.013145,-0.657466,9.551310,0.020241,-0.066047,-0.041546
1.080458,979.530792,6.074564,0.000000,-0.002680,-0.883573,0.000000,-0.002680,8.852603,0.000000,-0.004020,-0.141126,0.000000,-0.006700,-0.040712,-0.724469,9.642347,0.034088,-0.064980,-0.041546
1.090495,979.540514,6.074564,0.000000,-0.002680,-0.885107,0.000000,-0.002680,8.854137,0.000000,-0.004020,-0.141126,0.000000,-0.006700,-0.077793,-0.712500,9.762127,0.059655,-0.061785,-0.040479
1.100057,979.550111,6.074564,0.000000,-0.002680,-0.885107,0.000000,-0.002680,8.852603,0.000000,-0.004020,-0.141126,0.000000,-0.006700,-0.103005,-0.677773,9.892600,0.068176,-0.061785,-0.039415
1.110171,979.559634,6.074564,0.000000,-0.002680,-0.883573,0.000000,-0.002680,8.852603,0.000000,-0.004020,-0.141126,0.000000,-0.006700,-0.134103,-0.641868,9.898584,0.049002,-0.061785,-0.038350
1.120428,979.568989,6.074564,0.000000,-0.002680,-0.882039,0.000000,-0.002680,8.852603,0.000000,-0.004020,-0.141126,0.000000,-0.006700,-0.144894,-0.573591,9.783611,0.024501,-0.062851,-0.038350
1.130166,979.578467,6.074564,0.000000,-0.002680,-0.882039,0.000000,-0.002680,8.852603,0.000000,-0.004020,-0.141126,0.000000,-0.006700,-0.164023,-0.513750,9.656670,0.015978,-0.063916,-0.036219
1.140255,979.587945,6.074564,0.000000,-0.002680,-0.883573,0.023981,-0.002680,8.852603,0.000000,-0.004020,-0.141126,0.000000,-0.006700,-0.143716,-0.407115,9.630379,0.035154,-0.063916,-0.033023
1.150440,979.597650,6.074564,0.000000,-0.002680,-0.882039,0.023981,-0.002680,8.852603,0.000000,-0.004020,-0.141126,0.000000,-0.006700,-0.136555,-0.320885,9.655492,0.046871,-0.063916,-0.030892
1.160243,979.607211,6.074564,0.000000,-0.002680,-0.882039,0.023981,-0.002680,8.852603,0.000000,-0.004020,-0.141126,0.000000,-0.006700,-0.077793,-0.334129,9.801661,0.043675,-0.063916,-0.030892
1.170320,979.616870,6.074564,0.000000,-0.002680,-0.883573,0.023981,-0.002680,8.852603,0.000000,-0.004020,-0.141126,0.000000,-0.006700,-0.058664,-0.196396,9.728577,0.051133,-0.061785,-0.029828
1.180110,979.626296,6.074564,0.000000,-0.002680,-0.883573,0.000000,-0.002680,8.852603,0.000000,-0.004020,-0.141126,0.000000,-0.006700,-0.037082,-0.370033,9.811177,0.011718,-0.060720,-0.031959
1.190157,979.635698,6.074564,0.000000,-0.002680,-0.885107,0.000000,-0.002680,8.852603,0.000000,-0.004020,-0.141126,0.000000,-0.006700,-0.052680,-0.376017,9.717786,0.019174,-0.058589,-0.030892
1.200302,979.645622,6.074564,0.000000,-0.002680,-0.883573,0.000000,-0.002680,8.852603,0.000000,-0.004020,-0.141126,0.000000,-0.006700,-0.052680,-0.517281,9.826775,0.021305,-0.058589,-0.029828
1.210387,979.664602,6.074564,0.000000,-0.002680,-0.885107,0.000000,-0.002680,8.852603,0.000000,-0.004020,-0.141126,0.000000,-0.006700,-0.070632,-0.595173,9.753691,0.011718,-0.064980,-0.033023
1.220418,979.674021,6.074564,0.000000,-0.002680,-0.885107,-0.023981,-0.002680,8.854137,0.000000,-0.004020,-0.141126,0.000000,-0.006700,-0.124587,-0.719662,9.596829,-0.021305,-0.069242,-0.035154
1.230459,979.683723,6.076098,0.000000,-0.002680,-0.885107,-0.023981,-0.002680,8.852603,0.000000,-0.004020,-0.141126,0.000000,-0.006700,-0.110166,-0.914881,9.697479,-0.009587,-0.068176,-0.034088
1.240489,979.693320,6.074564,0.000000,-0.002680,-0.885107,-0.023981,-0.002680,8.854137,0.000000,-0.004020,-0.141126,0.000000,-0.006700,-0.128119,-0.838265,9.780080,0.059655,-0.064980,-0.031959
1.250253,979.702850,6.074564,0.000000,-0.002680,-0.885107,-0.023981,-0.002680,8.854137,0.000000,-0.004020,-0.141126,0.000000,-0.006700,-0.107812,-0.923317,9.935764,0.042610,-0.066047,-0.033023
1.260299,979.712416,6.074564,0.000000,-0.002680,-0.885107,0.000000,-0.002680,8.854137,0.000000,-0.004020,-0.141126,0.000000,-0.006700,-0.077793,-0.989142,9.763304,-0.010653,-0.069242,-0.038350
1.270512,979.721780,6.074564,0.000000,-0.002680,-0.885107,0.000000,-0.002680,8.854137,0.000000,-0.004020,-0.141126,0.000000,-0.006700,-0.031098,-1.019063,9.626749,-0.024501,-0.076698,-0.041546
1.280161,979.731569,6.074564,0.000000,-0.002680,-0.885107,0.000000,-0.002680,8.852603,0.000000,-0.004020,-0.141126,0.000000,-0.006700,-0.035905,-0.932833,9.533358,0.022370,-0.073503,-0.039415
1.290133,979.741055,6.074564,0.000000,-0.002680,-0.885107,0.000000,-0.002680,8.852603,0.000000,-0.004020,-0.141126,0.000000,-0.006700,-0.027566,-0.834635,9.502260,0.040479,-0.072438,-0.037284
1.300333,979.750285,6.074564,0.000000,-0.002680,-0.885107,0.000000,-0.002680,8.854137,0.000000,-0.004020,-0.141126,0.000000,-0.006700,-0.049050,-0.890944,9.621942,0.040479,-0.064980,-0.034088
1.310156,979.760182,6.074564,0.000000,-0.002680,-0.885107,0.000000,-0.002680,8.852603,0.000000,-0.004020,-0.141126,0.000000,-0.006700,-0.057487,-0.724469,9.775273,0.089483,-0.061785,-0.030892
1.320296,979.769741,6.074564,0.000000,-0.002680,-0.885107,0.000000,-0.002680,8.852603,0.000000,-0.004020,-0.141126,0.000000,-0.006700,-0.043066,-0.324515,9.529826,0.108657,-0.053264,-0.031959
1.330098,979.779321,6.076098,0.000000,-0.002680,-0.883573,0.000000,-0.002680,8.852603,0.000000,-0.004020,-0.141126,0.000000,-0.006700,-0.252706,-0.707693,10.001589,0.017045,-0.059655,-0.039415
1.340361,979.788687,6.076098,0.000000,-0.002680,-0.883573,0.000000,-0.002680,8.852603,0.000000,-0.004020,-0.141126,0.000000,-0.006700,-0.113796,-0.083777,9.788418,0.142745,-0.044742,-0.031959
1.350394,979.798397,6.074564,0.000000,-0.002680,-0.883573,0.000000,-0.002680,8.852603,0.000000,-0.004020,-0.141126,0.000000,-0.006700,-0.181976,-0.264674,10.358477,0.116113,-0.039415,-0.030892
1.360282,979.807781,6.074564,0.000000,-0.002680,-0.883573,0.000000,-0.002680,8.852603,0.000000,-0.004020,-0.141126,0.000000,-0.006700,-0.123312,-0.027566,9.890246,0.057524,-0.045806,-0.028761
1.370319,979.817267,6.074564,0.000000,-0.002680,-0.883573,0.023981,-0.002680,8.852603,0.000000,-0.004020,-0.141126,0.000000,-0.006700,-0.123312,-0.039534,9.748884,-0.040479,-0.067111,-0.025566
1.380190,979.826882,6.074564,0.000000,-0.002680,-0.883573,0.023981,-0.002680,8.852603,0.000000,-0.004020,-0.141126,0.000000,-0.006700,-0.131748,-0.119780,9.507067,-0.046871,-0.068176,-0.042610
1.390293,979.836320,6.074564,0.000000,-0.002680,-0.883573,0.023981,-0.002680,8.852603,0.000000,-0.004020,-0.141126,0.000000,-0.006700,-0.113796,-0.238285,9.316655,-0.041546,-0.074569,-0.035154
1.400561,979.845910,6.074564,0.000000,-0.002680,-0.883573,0.000000,-0.002680,8.852603,0.000000,-0.004020,-0.141126,0.000000,-0.006700,-0.074262,-0.482554,9.308219,-0.054329,-0.080961,-0.036219
1.410306,979.855699,6.074564,0.000000,-0.002680,-0.885107,0.000000,-0.002680,8.852603,0.000000,-0.004020,-0.141126,0.000000,-0.006700,-0.069455,-0.747228,9.711802,0.024501,-0.067111,-0.031959
1.420592,979.874554,6.074564,0.000000,-0.002680,-0.885107,0.000000,-0.002680,8.852603,0.000000,-0.004020,-0.141126,0.000000,-0.006700,-0.062294,-0.808344,10.111756,0.070307,-0.040479,-0.029828
1.430299,979.884231,6.074564,0.000000,-0.002680,-0.885107,0.000000,-0.002680,8.852603,0.000000,-0.004020,-0.141126,0.000000,-0.006700,-0.015598,-0.724469,9.845905,0.022370,-0.060720,-0.035154
1.440487,979.893830,6.074564,0.000000,-0.002680,-0.885107,-0.023981,-0.002680,8.854137,0.000000,-0.004020,-0.141126,0.000000,-0.006700,-0.068278,-0.913703,9.740545,-0.035154,-0.074569,-0.034088
1.450254,979.903251,6.074564,0.000000,-0.002680,-0.885107,-0.023981,-0.002680,8.852603,0.000000,-0.004020,-0.141126,0.000000,-0.006700,-0.099375,-0.820312,9.550133,-0.018110,-0.091612,-0.036219
1.460264,979.912953,6.074564,0.000000,-0.002680,-0.885107,-0.023981,-0.002680,8.852603,0.000000,-0.004020,-0.141126,0.000000,-0.006700,-0.141264,-0.967560,9.553763,-0.024501,-0.087352,-0.036219
1.470311,979.922374,6.074564,0.000000,-0.002680,-0.885107,-0.023981,-0.002680,8.854137,0.000000,-0.004020,-0.141126,0.000000,-0.006700,-0.161669,-0.948431,9.722593,0.028761,-0.080961,-0.037284
1.480332,979.931801,6.074564,0.000000,-0.002680,-0.885107,0.000000,-0.002680,8.852603,0.000000,-0.004020,-0.141126,0.000000,-0.006700,-0.153330,-0.718484,9.730931,0.086286,-0.067111,-0.036219
1.490469,979.941597,6.074564,0.000000,-0.002680,-0.885107,0.000000,-0.002680,8.854137,0.000000,-0.004020,-0.141126,0.000000,-0.006700,-0.170007,-0.843071,9.866309,0.040479,-0.063916,-0.042610
1.500258,979.951043,6.074564,0.000000,-0.002680,-0.886641,0.000000,-0.002680,8.852603,0.000000,-0.004020,-0.141126,0.000000,-0.006700,-0.147248,-0.726921,9.780080,0.034088,-0.059655,-0.044742
1.510540,979.960672,6.074564,0.000000,-0.002680,-0.885107,0.000000,-0.002680,8.852603,0.000000,-0.004020,-0.141126,0.000000,-0.006700,-0.099375,-0.645498,9.760950,0.052198,-0.052198,-0.042610
1.520083,979.970043,6.074564,0.000000,-0.002680,-0.885107,0.000000,-0.002680,8.852603,0.000000,-0.004020,-0.141126,0.000000,-0.006700,-0.044341,-0.647852,9.742900,0.039415,-0.050068,-0.039415
1.530315,979.979654,6.074564,0.000000,-0.002680,-0.883573,0.000000,-0.002680,8.852603,0.000000,-0.004020,-0.141126,0.000000,-0.006700,-0.010791,-0.570059,9.815984,0.058589,-0.044742,-0.031959
1.540477,979.989287,6.074564,0.000000,-0.002680,-0.883573,0.000000,-0.002680,8.852603,0.000000,-0.004020,-0.141126,0.000000,-0.006700,0.016775,-0.473038,9.921344,0.080961,-0.045806,-0.026632
1.550133,979.998717,6.074564,0.000000,-0.002680,-0.883573,0.000000,-0.002680,8.852603,0.000000,-0.004020,-0.141126,0.000000,-0.006700,0.055132,-0.427520,9.960878,0.054329,-0.052198,-0.025566
1.560334,980.008267,6.074564,0.000000,-0.002680,-0.883573,0.000000,-0.002680,8.852603,0.000000,-0.004020,-0.141126,0.000000,-0.006700,0.076616,-0.360419,9.820791,0.007456,-0.063916,-0.028761
1.570477,980.017972,6.074564,0.000000,-0.002680,-0.883573,0.000000,-0.002680,8.852603,0.000000,-0.004020,-0.141126,0.000000,-0.006700,0.050325,-0.414374,9.696204,-0.021305,-0.068176,-0.031959
1.580276,980.027556,6.076098,0.000000,-0.002680,-0.883573,0.000000,-0.002680,8.854137,0.000000,-0.004020,-0.141126,0.000000,-0.006700,-0.020405,-0.377194,9.541795,0.011718,-0.063916,-0.033023
1.590272,980.037131,6.074564,0.000000,-0.002680,-0.883573,0.000000,-0.002680,8.852603,0.000000,-0.004020,-0.141126,0.000000,-0.006700,-0.087407,-0.456263,9.334607,0.000000,-0.067111,-0.035154
1.600474,980.046698,6.074564,0.000000,-0.002680,-0.883573,0.000000,-0.002680,8.852603,0.000000,-0.004020,-0.141126,0.000000,-0.006700,-0.144894,-0.706516,9.660299,-0.009587,-0.079894,-0.041546
1.610526,980.065468,6.074564,0.000000,-0.002680,-0.883573,0.000000,-0.002680,8.852603,0.000000,-0.004020,-0.141126,0.000000,-0.006700,-0.219155,-0.520911,10.001589,0.083090,-0.067111,-0.038350
1.620014,980.075276,6.074564,0.000000,-0.002680,-0.883573,0.000000,-0.002680,8.852603,0.000000,-0.004020,-0.141126,0.000000,-0.006700,-0.221510,-0.682580,9.817161,-0.023436,-0.068176,-0.042610
1.630093,980.084883,6.074564,0.000000,-0.002680,-0.883573,0.000000,-0.002680,8.852603,0.000000,-0.004020,-0.141126,0.000000,-0.006700,-0.233478,-0.631077,9.660299,-0.009587,-0.068176,-0.039415
1.640152,980.094160,6.074564,0.000000,-0.002680,-0.883573,0.000000,-0.002680,8.852603,0.000000,-0.004020,-0.141126,0.000000,-0.006700,-0.222785,-0.514927,9.568085,0.028761,-0.071373,-0.031959
1.650204,980.103954,6.074564,0.000000,-0.002680,-0.883573,0.000000,-0.002680,8.852603,0.000000,-0.004020,-0.141126,0.000000,-0.006700,-0.152055,-0.571236,9.519035,0.006391,-0.068176,-0.029828
1.660389,980.113268,6.076098,0.000000,-0.002680,-0.882039,0.000000,-0.002680,8.852603,0.000000,-0.004020,-0.141126,0.000000,-0.006700,-0.064648,-0.670612,9.689043,0.019174,-0.069242,-0.027697
1.670399,980.122893,6.074564,0.000000,-0.002680,-0.883573,0.000000,-0.002680,8.852603,0.000000,-0.004020,-0.141126,0.000000,-0.006700,0.033550,-0.473038,9.812354,0.089483,-0.060720,-0.024501
1.680535,980.132623,6.074564,0.000000,-0.002680,-0.883573,0.000000,-0.002680,8.852603,0.000000,-0.004020,-0.141126,0.000000,-0.006700,0.039534,-0.507766,9.914182,0.068176,-0.047937,-0.026632
1.690102,980.142040,6.074564,0.000000,-0.002680,-0.885107,0.000000,-0.002680,8.852603,0.000000,-0.004020,-0.141126,0.000000,-0.006700,0.014323,-0.608318,9.907021,0.020241,-0.045806,-0.029828
1.700230,980.151736,6.074564,0.000000,-0.002680,-0.885107,0.000000,-0.002680,8.852603,0.000000,-0.004020,-0.141126,0.000000,-0.006700,-0.013145,-0.611948,9.902214,0.039415,-0.052198,-0.030892
1.710605,980.160990,6.074564,0.000000,-0.002680,-0.885107,0.000000,-0.002680,8.852603,0.000000,-0.004020,-0.141126,0.000000,-0.006700,-0.022759,-0.623916,9.831582,0.026632,-0.060720,-0.036219
1.720368,980.170566,6.074564,0.000000,-0.002680,-0.885107,0.000000,-0.002680,8.852603,0.000000,-0.004020,-0.141126,0.000000,-0.006700,-0.202380,-0.790392,9.661477,-0.045806,-0.072438,-0.043675
1.730314,980.180076,6.074564,0.000000,-0.002680,-0.885107,0.000000,-0.002680,8.852603,0.000000,-0.004020,-0.141126,0.000000,-0.006700,-0.192767,-1.071743,10.126176,0.002131,-0.071373,-0.040479
1.740168,980.189608,6.074564,0.000000,-0.002680,-0.885107,0.000000,-0.002680,8.852603,0.000000,-0.004020,-0.141126,0.000000,-0.006700,-0.270658,-0.319708,9.535811,0.126767,-0.059655,-0.039415
1.750666,980.199509,6.074564,0.000000,-0.002680,-0.883573,0.000000,-0.002680,8.852603,0.000000,-0.004020,-0.141126,0.000000,-0.006700,-0.267028,-1.126875,9.956071,-0.079894,-0.070307,-0.045806
1.760173,980.208745,6.074564,0.000000,-0.002680,-0.885107,0.000000,-0.002680,8.852603,0.000000,-0.004020,-0.141126,0.000000,-0.006700,-0.164023,-0.657466,9.342946,0.007456,-0.076698,-0.044742
1.773570,980.228087,6.074564,0.000000,-0.002680,-0.883573,0.000000,-0.002680,8.852603,0.000000,-0.004020,-0.141126,0.000000,-0.006700,-0.083777,-0.695725,9.740545,0.045806,-0.072438,-0.031959
1.787037,980.237396,6.074564,0.000000,-0.002680,-0.882039,0.000000,-0.002680,8.852603,0.000000,-0.004020,-0.141126,0.000000,-0.006700,-0.026389,-0.452633,9.701011,0.080961,-0.063916,-0.027697
1.792125,980.247055,6.074564,0.000000,-0.002680,-0.883573,0.000000,-0.002680,8.852603,0.000000,-0.004020,-0.141126,0.000000,-0.006700,0.025114,-0.640691,9.940571,0.027697,-0.059655,-0.026632
1.802138,980.256505,6.074564,0.000000,-0.002680,-0.882039,0.000000,-0.002680,8.852603,0.000000,-0.004020,-0.141126,0.000000,-0.006700,0.063471,-0.140087,9.686688,0.112918,-0.054329,-0.025566
1.812168,980.266113,6.074564,0.000000,-0.002680,-0.883573,0.000000,-0.002680,8.852603,0.000000,-0.004020,-0.141126,0.000000,-0.006700,0.052680,-0.380824,9.703463,0.001065,-0.059655,-0.031959
1.822236,980.275852,6.074564,0.000000,-0.002680,-0.882039,0.000000,-0.002680,8.852603,0.000000,-0.004020,-0.141126,0.000000,-0.006700,0.022759,-0.415552,9.540519,-0.028761,-0.064980,-0.036219
1.832341,980.285319,6.074564,0.000000,-0.002680,-0.883573,0.000000,-0.002680,8.852603,0.000000,-0.004020,-0.141126,0.000000,-0.006700,-0.028743,-0.403583,9.711802,0.056460,-0.059655,-0.037284
1.842177,980.294926,6.074564,0.000000,-0.002680,-0.883573,0.000000,-0.002680,8.852603,0.000000,-0.004020,-0.141126,0.000000,-0.006700,-0.091037,-0.377194,9.848357,0.079894,-0.056460,-0.036219
1.852290,980.304389,6.074564,0.000000,-0.002680,-0.882039,0.000000,-0.002680,8.852603,0.000000,-0.004020,-0.141126,0.000000,-0.006700,-0.149701,-0.433504,9.833936,0.037284,-0.054329,-0.039415
1.868776,980.323591,6.074564,0.000000,-0.002680,-0.883573,0.000000,-0.002680,8.852603,0.000000,-0.004020,-0.141126,0.000000,-0.006700,-0.240737,-0.576043,9.873471,0.036219,-0.059655,-0.036219
1.877170,980.332883,6.074564,0.000000,-0.002680,-0.883573,0.000000,-0.002680,8.852603,0.000000,-0.004020,-0.141126,0.000000,-0.006700,-0.273012,-0.695725,9.794402,0.003196,-0.060720,-0.034088
1.887516,980.342742,6.074564,0.000000,-0.002680,-0.883573,0.000000,-0.002680,8.852603,0.000000,-0.004020,-0.141126,0.000000,-0.006700,-0.229946,-0.865831,9.724947,-0.030892,-0.066047,-0.033023
1.897405,980.352038,6.074564,0.000000,-0.002680,-0.883573,0.000000,-0.002680,8.852603,0.000000,-0.004020,-0.141126,0.000000,-0.006700,-0.179621,-0.730453,9.611249,0.025566,-0.067111,-0.029828
1.907633,980.361662,6.074564,0.000000,-0.002680,-0.883573,0.000000,-0.002680,8.852603,0.000000,-0.004020,-0.141126,0.000000,-0.006700,-0.093391,-0.714953,9.602813,0.034088,-0.068176,-0.029828
1.917412,980.371196,6.074564,0.000000,-0.002680,-0.883573,0.000000,-0.002680,8.852603,0.000000,-0.004020,-0.141126,0.000000,-0.006700,-0.047873,-0.819135,9.666284,0.007456,-0.072438,-0.033023
1.927633,980.380822,6.074564,0.000000,-0.002680,-0.885107,0.000000,-0.002680,8.852603,0.000000,-0.004020,-0.141126,0.000000,-0.006700,0.004807,-0.771164,9.763304,0.042610,-0.067111,-0.033023
1.937704,980.390196,6.074564,0.000000,-0.002680,-0.885107,-0.023981,-0.002680,8.852603,0.000000,-0.004020,-0.141126,0.000000,-0.006700,0.045518,-0.614302,9.889069,0.092679,-0.060720,-0.031959
1.947595,980.400015,6.076098,0.000000,-0.002680,-0.883573,-0.023981,-0.002680,8.852603,0.000000,-0.004020,-0.141126,0.000000,-0.006700,0.063471,-0.528072,9.839920,0.057524,-0.061785,-0.035154
1.957323,980.409430,6.074564,0.000000,-0.002680,-0.883573,0.000000,-0.002680,8.852603,0.000000,-0.004020,-0.141126,0.000000,-0.006700,0.062294,-0.633530,9.705818,-0.014914,-0.064980,-0.039415
1.967259,980.419035,6.074564,0.000000,-0.002680,-0.883573,0.000000,-0.002680,8.854137,0.000000,-0.004020,-0.141126,0.000000,-0.006700,0.027566,-0.611948,9.709448,0.017045,-0.063916,-0.037284
1.977623,980.428387,6.074564,0.000000,-0.002680,-0.883573,0.000000,-0.002680,8.852603,0.000000,-0.004020,-0.141126,0.000000,-0.008040,-0.046696,-0.403583,9.702188,0.075634,-0.062851,-0.034088
1.987509,980.437890,6.074564,0.000000,-0.002680,-0.882039,0.000000,-0.002680,8.852603,0.000000,-0.004020,-0.141126,0.000000,-0.008040,-0.108989,-0.482554,9.696204,0.012783,-0.063916,-0.037284
1.997243,980.447492,6.074564,0.000000,-0.002680,-0.883573,0.000000,-0.002680,8.852603,0.000000,-0.004020,-0.141126,0.000000,-0.008040,-0.143716,-0.622739,9.718963,-0.009587,-0.063916,-0.038350
2.007562,980.457154,6.074564,0.000000,-0.002680,-0.883573,0.000000,-0.002680,8.852603,0.000000,-0.004020,-0.141126,0.000000,-0.006700,-0.174814,-0.476570,9.741722,0.064980,-0.061785,-0.035154
2.017343,980.466622,6.074564,0.000000,-0.002680,-0.882039,0.000000,-0.002680,8.852603,0.000000,-0.004020,-0.141126,0.000000,-0.006700,-0.213171,-0.546025,9.869841,0.046871,-0.055393,-0.034088
2.027699,980.476108,6.074564,0.000000,-0.002680,-0.883573,0.000000,-0.002680,8.852603,0.000000,-0.004020,-0.141126,0.000000,-0.006700,-0.220333,-0.560445,9.843550,0.029828,-0.054329,-0.034088
2.037569,980.485944,6.074564,0.000000,-0.002680,-0.883573,0.000000,-0.002680,8.852603,0.000000,-0.004020,-0.141126,0.000000,-0.006700,-0.175991,-0.519734,9.790871,0.037284,-0.059655,-0.033023
2.047347,980.495227,6.074564,0.000000,-0.002680,-0.883573,0.000000,-0.002680,8.852603,0.000000,-0.004020,-0.141126,0.000000,-0.006700,-0.137732,-0.611948,9.675897,-0.001065,-0.062851,-0.034088
2.057572,980.504793,6.074564,0.000000,-0.002680,-0.883573,0.000000,-0.002680,8.852603,0.000000,-0.004020,-0.141126,0.000000,-0.006700,-0.089860,-0.711323,9.680704,-0.003196,-0.062851,-0.033023
2.067793,980.514449,6.074564,0.000000,-0.002680,-0.883573,0.000000,-0.002680,8.852603,0.000000,-0.004020,-0.141126,0.000000,-0.006700,-0.049050,-0.623916,9.721416,0.055393,-0.061785,-0.027697
2.077313,980.524058,6.074564,0.000000,-0.002680,-0.883573,0.000000,-0.002680,8.852603,0.000000,-0.004020,-0.141126,0.000000,-0.006700,-0.005984,-0.628723,9.814807,0.055393,-0.063916,-0.028761
2.087421,980.533735,6.074564,0.000000,-0.002680,-0.883573,0.000000,-0.002680,8.852603,0.000000,-0.004020,-0.141126,0.000000,-0.006700,0.004807,-0.675419,9.747707,0.013849,-0.069242,-0.034088
2.097586,980.552498,6.074564,0.000000,-0.002680,-0.883573,0.000000,-0.002680,8.852603,0.000000,-0.004020,-0.141126,0.000000,-0.006700,-0.016775,-0.634707,9.756143,0.050068,-0.066047,-0.036219
2.107590,980.562245,6.074564,0.000000,-0.002680,-0.883573,0.000000,-0.002680,8.852603,0.000000,-0.004020,-0.141126,0.000000,-0.006700,-0.058664,-0.583205,9.729754,0.047937,-0.063916,-0.037284
2.117446,980.571823,6.074564,0.000000,-0.002680,-0.883573,0.000000,-0.002680,8.852603,0.000000,-0.004020,-0.141126,0.000000,-0.006700,-0.092214,-0.670612,9.712979,0.011718,-0.066047,-0.038350
2.127779,980.581177,6.074564,0.000000,-0.002680,-0.883573,0.000000,-0.002680,8.852603,0.000000,-0.004020,-0.141126,0.000000,-0.006700,-0.128119,-0.611948,9.704641,0.027697,-0.067111,-0.038350
2.137343,980.590716,6.074564,0.000000,-0.002680,-0.883573,0.000000,-0.002680,8.852603,0.000000,-0.004020,-0.141126,0.000000,-0.006700,-0.147248,-0.540041,9.703463,0.046871,-0.063916,-0.035154
2.147370,980.600403,6.074564,0.000000,-0.002680,-0.883573,0.000000,-0.002680,8.852603,0.000000,-0.004020,-0.141126,0.000000,-0.006700,-0.181976,-0.602334,9.754868,0.023436,-0.062851,-0.035154
2.157269,980.610073,6.074564,0.000000,-0.002680,-0.883573,0.000000,-0.002680,8.852603,0.000000,-0.004020,-0.141126,0.000000,-0.006700,-0.192767,-0.562800,9.771643,0.035154,-0.060720,-0.034088
2.167789,980.619695,6.076098,0.000000,-0.002680,-0.882039,0.000000,-0.002680,8.852603,0.000000,-0.004020,-0.141126,0.000000,-0.006700,-0.159314,-0.506588,9.794402,0.042610,-0.059655,-0.033023
2.177516,980.629196,6.074564,0.000000,-0.002680,-0.882039,0.000000,-0.002680,8.852603,0.000000,-0.004020,-0.141126,0.000000,-0.006700,-0.146071,-0.525718,9.769289,0.024501,-0.060720,-0.033023
2.187335,980.638454,6.074564,0.000000,-0.002680,-0.882039,0.000000,-0.002680,8.852603,0.000000,-0.004020,-0.141126,0.000000,-0.006700,-0.108989,-0.573591,9.782434,0.017045,-0.059655,-0.034088
2.197681,980.648232,6.074564,0.000000,-0.002680,-0.882039,0.000000,-0.002680,8.852603,0.000000,-0.004020,-0.141126,0.000000,-0.006700,-0.081423,-0.553284,9.789595,0.036219,-0.058589,-0.034088
2.207670,980.657681,6.074564,0.000000,-0.002680,-0.883573,0.000000,-0.002680,8.852603,0.000000,-0.004020,-0.141126,0.000000,-0.006700,-0.044341,-0.538863,9.745352,0.033023,-0.060720,-0.035154
2.217404,980.667245,6.074564,0.000000,-0.002680,-0.883573,0.000000,-0.002680,8.852603,0.000000,-0.004020,-0.141126,0.000000,-0.008040,-0.029921,-0.629900,9.674720,-0.002131,-0.066047,-0.038350
2.227707,980.676967,6.076098,0.000000,-0.002680,-0.883573,0.000000,-0.002680,8.852603,0.000000,-0.004020,-0.141126,0.000000,-0.008040,-0.016775,-0.674241,9.726223,0.020241,-0.066047,-0.037284
2.237522,980.686209,6.074564,0.000000,-0.002680,-0.882039,0.000000,-0.002680,8.852603,0.000000,-0.004020,-0.141126,0.000000,-0.008040,-0.031098,-0.513750,9.684236,0.070307,-0.063916,-0.034088
2.247701,980.695965,6.074564,0.000000,-0.002680,-0.883573,0.000000,-0.002680,8.852603,0.000000,-0.004020,-0.141126,0.000000,-0.008040,-0.053857,-0.620286,9.766934,0.029828,-0.066047,-0.034088
2.257753,980.705294,6.076098,0.000000,-0.002680,-0.883573,0.000000,-0.002680,8.852603,0.000000,-0.004020,-0.141126,0.000000,-0.008040,-0.070632,-0.552009,9.709448,0.026632,-0.066047,-0.034088
2.267618,980.715197,6.074564,0.000000,-0.002680,-0.883573,0.000000,-0.002680,8.852603,0.000000,-0.004020,-0.141126,0.000000,-0.008040,-0.097021,-0.528072,9.805193,0.049002,-0.064980,-0.029828
2.277389,980.724536,6.074564,0.000000,-0.002680,-0.883573,0.000000,-0.002680,8.854137,0.000000,-0.004020,-0.141126,0.000000,-0.008040,-0.130571,-0.469409,9.830405,0.054329,-0.063916,-0.027697
2.287546,980.734197,6.074564,0.000000,-0.002680,-0.883573,0.000000,-0.002680,8.852603,0.000000,-0.004020,-0.141126,0.000000,-0.008040,-0.117328,-0.576043,9.819614,0.011718,-0.063916,-0.028761
2.297219,980.743851,6.074564,0.000000,-0.002680,-0.885107,0.000000,-0.002680,8.852603,0.000000,-0.004020,-0.141126,0.000000,-0.008040,-0.125764,-0.707693,9.726223,-0.020241,-0.066047,-0.033023
2.307597,980.753042,6.074564,0.000000,-0.002680,-0.885107,0.000000,-0.002680,8.852603,0.000000,-0.004020,-0.141126,0.000000,-0.008040,-0.094568,-0.754389,9.662752,0.004260,-0.063916,-0.036219
2.317666,980.772106,6.074564,0.000000,-0.002680,-0.885107,0.000000,-0.002680,8.852603,0.000000,-0.004020,-0.141126,0.000000,-0.008040,-0.091037,-0.831103,9.654315,0.024501,-0.063916,-0.041546
2.327412,980.781725,6.074564,0.000000,-0.002680,-0.883573,0.000000,-0.002680,8.852603,0.000000,-0.004020,-0.141126,0.000000,-0.008040,-0.094568,-0.863378,9.620765,0.021305,-0.063916,-0.044742
2.337275,980.791305,6.074564,0.000000,-0.002680,-0.882039,0.000000,-0.002680,8.852603,0.000000,-0.004020,-0.141126,0.000000,-0.008040,-0.085053,-0.858571,9.752513,0.045806,-0.061785,-0.042610
2.347539,980.800820,6.074564,0.000000,-0.002680,-0.883573,0.000000,-0.002680,8.852603,0.000000,-0.004020,-0.141126,0.000000,-0.008040,-0.104182,-0.596350,9.851889,0.103330,-0.061785,-0.037284
2.357371,980.810572,6.074564,0.000000,-0.002680,-0.883573,0.000000,-0.002680,8.852603,0.000000,-0.004020,-0.141126,0.000000,-0.008040,-0.132926,-0.446649,9.935764,0.078830,-0.060720,-0.034088
2.367369,980.819984,6.074564,0.000000,-0.002680,-0.882039,0.000000,-0.002680,8.852603,0.000000,-0.004020,-0.141126,0.000000,-0.008040,-0.125764,-0.314901,9.874648,0.041546,-0.062851,-0.033023
2.377723,980.829757,6.074564,0.000000,-0.002680,-0.882039,0.023981,-0.002680,8.852603,0.000000,-0.004020,-0.141126,0.000000,-0.008040,-0.105359,-0.209542,9.799209,0.030892,-0.061785,-0.028761
2.387475,980.839318,6.074564,0.000000,-0.002680,-0.882039,0.023981,-0.002680,8.852603,0.000000,-0.004020,-0.141126,0.000000,-0.006700,-0.099375,-0.091037,9.702188,0.039415,-0.062851,-0.026632
2.397393,980.848659,6.074564,0.000000,-0.002680,-0.883573,0.023981,-0.002680,8.852603,0.000000,-0.004020,-0.141126,0.000000,-0.006700,-0.095844,-0.185605,9.628025,0.000000,-0.061785,-0.028761
2.407518,980.858070,6.074564,0.000000,-0.002680,-0.883573,0.023981,-0.002680,8.852603,0.000000,-0.004020,-0.141126,0.000000,-0.006700,-0.062294,-0.364049,9.690220,-0.006391,-0.064980,-0.033023
2.417268,980.867722,6.074564,0.000000,-0.002680,-0.883573,0.000000,-0.002680,8.852603,0.000000,-0.004020,-0.141126,0.000000,-0.006700,-0.034727,-0.423890,9.812354,0.035154,-0.063916,-0.036219
2.427564,980.877518,6.074564,0.000000,-0.002680,-0.883573,0.000000,-0.002680,8.854137,0.000000,-0.004020,-0.141126,0.000000,-0.006700,-0.019130,-0.526895,9.885439,0.030892,-0.063916,-0.041546
2.437560,980.886794,6.074564,0.000000,-0.002680,-0.883573,0.000000,-0.002680,8.852603,0.000000,-0.004020,-0.141126,0.000000,-0.006700,-0.015598,-0.774794,9.841098,-0.026632,-0.063916,-0.044742
2.447723,980.896610,6.074564,0.000000,-0.002680,-0.885107,0.000000,-0.002680,8.854137,0.000000,-0.004020,-0.141126,0.000000,-0.006700,-0.020405,-0.908896,9.777627,-0.018110,-0.064980,-0.042610
2.457578,980.905930,6.074564,0.000000,-0.002680,-0.885107,-0.023981,-0.002680,8.852603,0.000000,-0.004020,-0.141126,0.000000,-0.006700,-0.023936,-0.914881,9.659122,0.009587,-0.066047,-0.038350
2.467231,980.915710,6.074564,0.000000,-0.002680,-0.885107,-0.023981,-0.002680,8.852603,0.000000,-0.004020,-0.141126,0.000000,-0.006700,-0.058664,-1.046629,9.623218,-0.010653,-0.070307,-0.035154
2.477462,980.925228,6.074564,0.000000,-0.002680,-0.885107,-0.023981,-0.002680,8.852603,0.000000,-0.004020,-0.141126,0.000000,-0.006700,-0.040712,-0.987965,9.590845,0.009587,-0.074569,-0.028761
2.487337,980.934688,6.074564,0.000000,-0.002680,-0.883573,-0.023981,-0.002680,8.852603,0.000000,-0.004020,-0.141126,0.000000,-0.006700,-0.074262,-0.896928,9.598006,0.042610,-0.075634,-0.025566
2.497675,980.944247,6.074564,0.000000,-0.002680,-0.885107,-0.023981,-0.002680,8.852603,0.000000,-0.004020,-0.141126,0.000000,-0.006700,-0.091037,-0.884960,9.692672,0.041546,-0.070307,-0.025566
2.507393,980.953909,6.074564,0.000000,-0.002680,-0.883573,0.000000,-0.002680,8.854137,0.000000,-0.004020,-0.141126,0.000000,-0.006700,-0.122134,-0.728098,9.765659,0.077765,-0.062851,-0.026632
2.517362,980.963371,6.074564,0.000000,-0.002680,-0.882039,0.000000,-0.002680,8.852603,0.000000,-0.004020,-0.141126,0.000000,-0.006700,-0.141264,-0.561623,9.913005,0.099070,-0.059655,-0.028761
2.527646,980.982320,6.074564,0.000000,-0.002680,-0.882039,0.000000,-0.002680,8.852603,0.000000,-0.004020,-0.141126,0.000000,-0.006700,-0.152055,-0.550832,9.875825,0.001065,-0.063916,-0.042610
2.537529,980.991916,6.074564,0.000000,-0.002680,-0.882039,0.023981,-0.002680,8.852603,0.000000,-0.004020,-0.141126,0.000000,-0.006700,-0.204735,-0.379647,9.812354,0.042610,-0.060720,-0.042610
2.547249,981.001337,6.074564,0.000000,-0.002680,-0.882039,0.023981,-0.002680,8.852603,0.000000,-0.004020,-0.141126,0.000000,-0.006700,-0.149701,-0.207187,9.771643,0.069242,-0.054329,-0.039415
2.557548,981.010853,6.074564,0.000000,-0.002680,-0.883573,0.023981,-0.002680,8.852603,0.000000,-0.004020,-0.141126,0.000000,-0.006700,-0.150878,-0.306563,9.666284,-0.003196,-0.062851,-0.041546
2.567469,981.020602,6.074564,0.000000,-0.002680,-0.882039,0.023981,-0.002680,8.852603,0.000000,-0.004020,-0.141126,0.000000,-0.006700,-0.110166,-0.567607,9.679429,-0.035154,-0.062851,-0.040479
2.577416,981.029990,6.074564,0.000000,-0.002680,-0.882039,0.023981,-0.002680,8.852603,0.000000,-0.004020,-0.141126,0.000000,-0.006700,-0.050325,-0.409568,9.663929,0.047937,-0.059655,-0.030892
2.587701,981.039706,6.074564,0.000000,-0.002680,-0.882039,0.000000,-0.002680,8.852603,0.000000,-0.004020,-0.141126,0.000000,-0.006700,-0.009614,-0.537686,9.813630,0.044742,-0.053264,-0.027697
2.597406,981.049114,6.074564,0.000000,-0.002680,-0.882039,0.000000,-0.002680,8.852603,0.000000,-0.004020,-0.141126,0.000000,-0.006700,0.014323,-0.635884,9.770466,0.007456,-0.058589,-0.027697
2.607299,981.058949,6.074564,0.000000,-0.002680,-0.882039,0.000000,-0.002680,8.852603,0.000000,-0.004020,-0.141126,0.000000,-0.006700,0.022759,-0.643046,9.762127,0.018110,-0.063916,-0.029828
2.617279,981.068321,6.074564,0.000000,-0.002680,-0.882039,0.000000,-0.002680,8.852603,0.000000,-0.004020,-0.141126,0.000000,-0.006700,-0.002354,-0.616755,9.660299,0.028761,-0.063916,-0.028761
2.627612,981.078039,6.074564,0.000000,-0.002680,-0.882039,0.000000,-0.002680,8.852603,0.000000,-0.004020,-0.141126,0.000000,-0.006700,-0.038357,-0.711323,9.628025,0.005327,-0.067111,-0.034088
2.637596,981.087274,6.074564,0.000000,-0.002680,-0.882039,0.000000,-0.002680,8.852603,0.000000,-0.004020,-0.141126,0.000000,-0.006700,-0.095844,-0.713677,9.662752,0.029828,-0.070307,-0.038350
2.647429,981.097022,6.074564,0.000000,-0.002680,-0.882039,0.000000,-0.002680,8.852603,0.000000,-0.004020,-0.141126,0.000000,-0.006700,-0.138910,-0.632254,9.736916,0.063916,-0.070307,-0.039415
2.657700,981.106611,6.074564,0.000000,-0.002680,-0.882039,0.000000,-0.002680,8.852603,0.000000,-0.004020,-0.141126,0.000000,-0.006700,-0.162846,-0.627448,9.747707,0.039415,-0.071373,-0.042610
2.667643,981.116208,6.074564,0.000000,-0.002680,-0.882039,0.000000,-0.002680,8.852603,0.000000,-0.004020,-0.141126,0.000000,-0.006700,-0.192767,-0.650207,9.763304,0.018110,-0.072438,-0.043675
2.677362,981.125797,6.074564,0.000000,-0.002680,-0.882039,0.000000,-0.002680,8.852603,0.000000,-0.004020,-0.141126,0.000000,-0.006700,-0.196396,-0.622739,9.796855,0.040479,-0.064980,-0.040479
2.687747,981.135083,6.074564,0.000000,-0.002680,-0.882039,0.000000,-0.002680,8.852603,0.000000,-0.004020,-0.141126,0.000000,-0.006700,-0.181976,-0.540041,9.848357,0.055393,-0.061785,-0.034088
2.697656,981.144796,6.076098,0.000000,-0.002680,-0.882039,0.000000,-0.002680,8.852603,0.000000,-0.004020,-0.141126,0.000000,-0.006700,-0.138910,-0.537686,9.804016,0.025566,-0.060720,-0.030892
2.707358,981.154097,6.074564,0.000000,-0.002680,-0.882039,0.000000,-0.002680,8.852603,0.000000,-0.004020,-0.141126,0.000000,-0.006700,-0.073085,-0.598802,9.781257,0.001065,-0.062851,-0.029828
2.717789,981.163747,6.074564,0.000000,-0.002680,-0.882039,0.000000,-0.002680,8.852603,0.000000,-0.004020,-0.141126,0.000000,-0.006700,-0.013145,-0.553284,9.730931,0.018110,-0.062851,-0.025566
2.727320,981.173286,6.074564,0.000000,-0.002680,-0.882039,0.000000,-0.002680,8.852603,0.000000,-0.004020,-0.141126,0.000000,-0.006700,0.007161,-0.615479,9.751336,0.021305,-0.057524,-0.027697
2.737353,981.182797,6.074564,0.000000,-0.002680,-0.882039,0.000000,-0.002680,8.852603,0.000000,-0.004020,-0.141126,0.000000,-0.006700,0.022759,-0.666982,9.790871,0.023436,-0.058589,-0.030892
2.747318,981.192604,6.074564,0.000000,-0.002680,-0.882039,0.000000,-0.002680,8.852603,0.000000,-0.004020,-0.141126,0.000000,-0.006700,0.025114,-0.690918,9.796855,0.030892,-0.059655,-0.035154
2.757539,981.211623,6.076098,0.000000,-0.002680,-0.882039,0.000000,-0.002680,8.854137,0.000000,-0.004020,-0.141126,0.000000,-0.006700,-0.040712,-0.809521,9.729754,0.009587,-0.063916,-0.041546
2.767512,981.220973,6.076098,0.000000,-0.002680,-0.882039,0.000000,-0.002680,8.852603,0.000000,-0.004020,-0.141126,0.000000,-0.006700,-0.105359,-0.766455,9.698657,0.030892,-0.064980,-0.041546
2.777235,981.230720,6.074564,0.000000,-0.002680,-0.882039,0.000000,-0.002680,8.852603,0.000000,-0.004020,-0.141126,0.000000,-0.006700,-0.149701,-0.717307,9.708172,0.050068,-0.064980,-0.039415
2.787364,981.240240,6.074564,0.000000,-0.002680,-0.882039,0.000000,-0.002680,8.852603,0.000000,-0.004020,-0.141126,0.000000,-0.006700,-0.183251,-0.666982,9.693850,0.041546,-0.066047,-0.037284
2.797824,981.249657,6.074564,0.000000,-0.002680,-0.882039,0.000000,-0.002680,8.852603,0.000000,-0.004020,-0.141126,0.000000,-0.006700,-0.186782,-0.576043,9.659122,0.039415,-0.068176,-0.033023
2.807385,981.259357,6.074564,0.000000,-0.002680,-0.882039,0.000000,-0.002680,8.852603,0.000000,-0.004020,-0.141126,0.000000,-0.006700,-0.178444,-0.502959,9.675897,0.042610,-0.070307,-0.031959
2.817426,981.268992,6.074564,0.000000,-0.002680,-0.882039,0.000000,-0.002680,8.852603,0.000000,-0.004020,-0.141126,0.000000,-0.006700,-0.154508,-0.407115,9.714156,0.051133,-0.064980,-0.027697
2.827350,981.278256,6.074564,0.000000,-0.002680,-0.882039,0.000000,-0.002680,8.852603,0.000000,-0.004020,-0.141126,0.000000,-0.006700,-0.130571,-0.348451,9.793225,0.056460,-0.061785,-0.026632
2.837672,981.287974,6.074564,0.000000,-0.002680,-0.882039,0.000000,-0.002680,8.852603,0.000000,-0.004020,-0.141126,0.000000,-0.006700,-0.081423,-0.283803,9.814807,0.046871,-0.061785,-0.028761
2.847675,981.297342,6.074564,0.000000,-0.002680,-0.882039,0.000000,-0.002680,8.852603,0.000000,-0.004020,-0.141126,0.000000,-0.006700,-0.044341,-0.294594,9.793225,0.023436,-0.061785,-0.033023
2.857604,981.307231,6.074564,0.000000,-0.002680,-0.882039,0.000000,-0.002680,8.852603,0.000000,-0.004020,-0.141126,0.000000,-0.006700,-0.025114,-0.378372,9.752513,0.003196,-0.061785,-0.037284
2.867398,981.316745,6.074564,0.000000,-0.002680,-0.882039,0.000000,-0.002680,8.852603,0.000000,-0.004020,-0.141126,0.000000,-0.006700,-0.005984,-0.467054,9.745352,0.006391,-0.058589,-0.037284
2.877694,981.325993,6.074564,0.000000,-0.002680,-0.882039,0.000000,-0.002680,8.852603,0.000000,-0.004020,-0.141126,0.000000,-0.006700,-0.026389,-0.559268,9.766934,0.017045,-0.055393,-0.036219
2.887336,981.335750,6.074564,0.000000,-0.002680,-0.882039,0.000000,-0.002680,8.852603,0.000000,-0.004020,-0.141126,0.000000,-0.006700,-0.034727,-0.640691,9.790871,0.020241,-0.058589,-0.036219
2.897589,981.345427,6.074564,0.000000,-0.002680,-0.882039,0.000000,-0.002680,8.852603,0.000000,-0.004020,-0.141126,0.000000,-0.006700,-0.041889,-0.753212,9.753691,0.005327,-0.062851,-0.037284
2.907597,981.355043,6.074564,0.000000,-0.002680,-0.882039,0.000000,-0.002680,8.852603,0.000000,-0.004020,-0.141126,0.000000,-0.006700,-0.077793,-0.890944,9.733384,-0.004260,-0.063916,-0.035154
2.917493,981.364475,6.074564,0.000000,-0.002680,-0.882039,0.000000,-0.002680,8.854137,0.000000,-0.004020,-0.141126,0.000000,-0.006700,-0.101828,-0.902912,9.740545,0.029828,-0.064980,-0.031959
2.927676,981.373801,6.074564,0.000000,-0.002680,-0.883573,0.000000,-0.002680,8.852603,0.000000,-0.004020,-0.141126,0.000000,-0.008040,-0.124587,-0.878976,9.742900,0.046871,-0.062851,-0.029828
2.937434,981.383341,6.074564,0.000000,-0.002680,-0.882039,0.000000,-0.002680,8.852603,0.000000,-0.004020,-0.141126,0.000000,-0.008040,-0.132926,-0.904090,9.736916,0.027697,-0.066047,-0.030892
2.947345,981.392886,6.074564,0.000000,-0.002680,-0.882039,0.000000,-0.002680,8.852603,0.000000,-0.004020,-0.141126,0.000000,-0.008040,-0.130571,-0.839442,9.728577,0.031959,-0.069242,-0.031959
2.957614,981.412205,6.074564,0.000000,-0.002680,-0.882039,0.000000,-0.002680,8.852603,0.000000,-0.004020,-0.141126,0.000000,-0.008040,-0.106537,-0.626270,9.718963,0.044742,-0.070307,-0.034088
2.967362,981.421856,6.074564,0.000000,-0.002680,-0.882039,0.000000,-0.002680,8.852603,0.000000,-0.004020,-0.141126,0.000000,-0.008040,-0.082600,-0.572414,9.710625,0.035154,-0.070307,-0.038350
2.977369,981.431397,6.076098,0.000000,-0.002680,-0.882039,0.000000,-0.002680,8.852603,0.000000,-0.004020,-0.141126,0.000000,-0.008040,-0.075439,-0.520911,9.736916,0.040479,-0.064980,-0.037284
2.988634,981.440853,6.074564,0.000000,-0.002680,-0.882039,0.000000,-0.002680,8.852603,0.000000,-0.004020,-0.141126,0.000000,-0.008040,-0.058664,-0.391615,9.782434,0.055393,-0.062851,-0.037284
2.997243,981.450421,6.074564,0.000000,-0.002680,-0.882039,0.000000,-0.002680,8.854137,0.000000,-0.004020,-0.141126,0.000000,-0.008040,-0.044341,-0.322160,9.772918,0.044742,-0.060720,-0.036219
3.007593,981.460078,6.074564,0.000000,-0.002680,-0.882039,0.000000,-0.002680,8.852603,0.000000,-0.004020,-0.141126,0.000000,-0.008040,-0.037082,-0.358065,9.729754,0.014914,-0.058589,-0.037284
3.017478,981.469298,6.074564,0.000000,-0.002680,-0.882039,0.000000,-0.002680,8.852603,0.000000,-0.004020,-0.141126,0.000000,-0.008040,-0.056309,-0.352081,9.689043,0.018110,-0.055393,-0.035154
3.027298,981.478874,6.076098,0.000000,-0.002680,-0.882039,0.000000,-0.002680,8.852603,0.000000,-0.004020,-0.141126,0.000000,-0.008040,-0.067100,-0.385631,9.740545,0.034088,-0.051133,-0.030892
3.037235,981.488598,6.074564,0.000000,-0.002680,-0.882039,0.000000,-0.002680,8.852603,0.000000,-0.004020,-0.141126,0.000000,-0.008040,-0.092214,-0.402406,9.748884,0.043675,-0.049002,-0.028761
3.047971,981.497894,6.074564,0.000000,-0.002680,-0.882039,0.000000,-0.002680,8.852603,0.000000,-0.004020,-0.141126,0.000000,-0.008040,-0.105359,-0.482554,9.784886,0.028761,-0.055393,-0.028761
3.057608,981.507562,6.074564,0.000000,-0.002680,-0.882039,0.000000,-0.002680,8.852603,0.000000,-0.004020,-0.141126,0.000000,-0.008040,-0.124587,-0.585559,9.720140,0.002131,-0.064980,-0.033023
3.067347,981.517316,6.074564,0.000000,-0.002680,-0.882039,0.000000,-0.002680,8.852603,0.000000,-0.004020,-0.141126,0.000000,-0.008040,-0.124587,-0.728098,9.711802,0.000000,-0.064980,-0.037284
3.077629,981.526688,6.074564,0.000000,-0.002680,-0.882039,0.000000,-0.002680,8.852603,0.000000,-0.004020,-0.141126,0.000000,-0.008040,-0.136555,-0.743696,9.726223,0.031959,-0.064980,-0.036219
3.087443,981.536300,6.074564,0.000000,-0.002680,-0.882039,0.000000,-0.002680,8.852603,0.000000,-0.004020,-0.141126,0.000000,-0.008040,-0.146071,-0.774794,9.747707,0.034088,-0.066047,-0.037284
3.097668,981.546014,6.076098,0.000000,-0.002680,-0.882039,0.000000,-0.002680,8.852603,0.000000,-0.004020,-0.141126,0.000000,-0.008040,-0.125764,-0.805892,9.736916,0.023436,-0.071373,-0.037284
3.107365,981.555439,6.074564,0.000000,-0.002680,-0.882039,0.000000,-0.002680,8.852603,0.000000,-0.004020,-0.141126,0.000000,-0.008040,-0.092214,-0.802360,9.708172,0.018110,-0.076698,-0.037284
3.117445,981.564802,6.074564,0.000000,-0.002680,-0.882039,0.000000,-0.002680,8.854137,0.000000,-0.004020,-0.141126,0.000000,-0.008040,-0.076616,-0.801183,9.690220,0.011718,-0.076698,-0.035154
3.127652,981.574397,6.074564,0.000000,-0.002680,-0.882039,0.000000,-0.002680,8.852603,0.000000,-0.004020,-0.141126,0.000000,-0.008040,-0.045518,-0.768810,9.710625,0.028761,-0.073503,-0.033023
3.137542,981.584061,6.074564,0.000000,-0.002680,-0.882039,0.000000,-0.002680,8.852603,0.000000,-0.004020,-0.141126,0.000000,-0.008040,-0.038357,-0.675419,9.752513,0.053264,-0.067111,-0.029828
3.147279,981.593722,6.074564,0.000000,-0.002680,-0.882039,0.000000,-0.002680,8.852603,0.000000,-0.004020,-0.141126,0.000000,-0.008040,-0.019130,-0.567607,9.786064,0.053264,-0.062851,-0.029828
3.157521,981.612628,6.074564,0.000000,-0.002680,-0.882039,0.000000,-0.002680,8.852603,0.000000,-0.004020,-0.141126,0.000000,-0.008040,-0.032373,-0.523265,9.762127,0.023436,-0.061785,-0.034088
3.167454,981.622271,6.074564,0.000000,-0.002680,-0.882039,0.000000,-0.002680,8.852603,0.000000,-0.004020,-0.141126,0.000000,-0.008040,-0.061116,-0.475393,9.751336,0.039415,-0.056460,-0.034088
3.177707,981.631936,6.074564,0.000000,-0.002680,-0.882039,0.000000,-0.002680,8.852603,0.000000,-0.004020,-0.141126,0.000000,-0.008040,-0.091037,-0.468231,9.774095,0.039415,-0.054329,-0.036219
3.187478,981.641504,6.074564,0.000000,-0.002680,-0.882039,0.000000,-0.002680,8.852603,0.000000,-0.004020,-0.141126,0.000000,-0.008040,-0.111344,-0.483829,9.747707,0.026632,-0.055393,-0.038350
3.197343,981.650910,6.074564,0.000000,-0.002680,-0.882039,0.000000,-0.002680,8.852603,0.000000,-0.004020,-0.141126,0.000000,-0.008040,-0.136555,-0.530525,9.735738,0.019174,-0.056460,-0.038350
3.207807,981.660348,6.074564,0.000000,-0.002680,-0.882039,0.000000,-0.002680,8.852603,0.000000,-0.004020,-0.141126,0.000000,-0.008040,-0.149701,-0.562800,9.746529,0.024501,-0.058589,-0.036219
3.217539,981.669801,6.074564,0.000000,-0.002680,-0.882039,0.000000,-0.002680,8.852603,0.000000,-0.004020,-0.141126,0.000000,-0.008040,-0.152055,-0.566429,9.732207,0.027697,-0.060720,-0.034088
3.227336,981.679527,6.074564,0.000000,-0.002680,-0.882039,0.000000,-0.002680,8.852603,0.000000,-0.004020,-0.141126,0.000000,-0.008040,-0.134103,-0.627448,9.724947,0.018110,-0.064980,-0.034088
3.237290,981.689269,6.074564,0.000000,-0.002680,-0.882039,0.000000,-0.002680,8.854137,0.000000,-0.004020,-0.141126,0.000000,-0.008040,-0.118505,-0.637061,9.695027,0.025566,-0.063916,-0.031959
3.247637,981.698801,6.074564,0.000000,-0.002680,-0.880505,0.000000,-0.002680,8.854137,0.000000,-0.004020,-0.141126,0.000000,-0.008040,-0.081423,-0.619109,9.721416,0.038350,-0.062851,-0.030892
3.257431,981.707994,6.074564,0.000000,-0.002680,-0.882039,0.000000,-0.002680,8.852603,0.000000,-0.004020,-0.141126,0.000000,-0.008040,-0.067100,-0.615479,9.732207,0.039415,-0.063916,-0.030892
3.267640,981.717823,6.074564,0.000000,-0.002680,-0.882039,0.000000,-0.002680,8.852603,0.000000,-0.004020,-0.141126,0.000000,-0.008040,-0.053857,-0.614302,9.745352,0.035154,-0.067111,-0.031959
3.277332,981.727116,6.074564,0.000000,-0.002680,-0.882039,0.000000,-0.002680,8.852603,0.000000,-0.004020,-0.141126,0.000000,-0.008040,-0.041889,-0.582027,9.747707,0.036219,-0.069242,-0.035154
3.287545,981.736955,6.074564,0.000000,-0.002680,-0.882039,0.000000,-0.002680,8.852603,0.000000,-0.004020,-0.141126,0.000000,-0.008040,-0.033550,-0.582027,9.739368,0.029828,-0.070307,-0.038350
3.297379,981.746374,6.074564,0.000000,-0.002680,-0.880505,0.000000,-0.002680,8.852603,0.000000,-0.004020,-0.141126,0.000000,-0.008040,-0.043066,-0.605964,9.727400,0.020241,-0.071373,-0.038350
3.307635,981.755783,6.074564,0.000000,-0.002680,-0.880505,0.000000,-0.002680,8.852603,0.000000,-0.004020,-0.141126,0.000000,-0.008040,-0.064648,-0.617932,9.780080,0.025566,-0.066047,-0.037284
3.319164,981.765668,6.074564,0.000000,-0.002680,-0.882039,0.000000,-0.002680,8.852603,0.000000,-0.004020,-0.141126,0.000000,-0.008040,-0.091037,-0.564075,9.764482,0.041546,-0.062851,-0.036219
3.327249,981.775084,6.074564,0.000000,-0.002680,-0.880505,0.000000,-0.002680,8.852603,0.000000,-0.004020,-0.141126,0.000000,-0.008040,-0.091037,-0.584382,9.782434,0.023436,-0.063916,-0.035154
3.337509,981.784700,6.074564,0.000000,-0.002680,-0.882039,0.000000,-0.002680,8.852603,0.000000,-0.004020,-0.141126,0.000000,-0.008040,-0.104182,-0.638239,9.756143,0.006391,-0.062851,-0.036219
3.347296,981.794238,6.074564,0.000000,-0.002680,-0.882039,0.000000,-0.002680,8.852603,0.000000,-0.004020,-0.141126,0.000000,-0.008040,-0.101828,-0.646675,9.748884,0.022370,-0.060720,-0.034088
3.357574,981.803781,6.074564,0.000000,-0.002680,-0.882039,0.000000,-0.002680,8.852603,0.000000,-0.004020,-0.141126,0.000000,-0.008040,-0.118505,-0.641868,9.745352,0.031959,-0.057524,-0.031959
3.367342,981.813249,6.074564,0.000000,-0.002680,-0.882039,0.000000,-0.002680,8.852603,0.000000,-0.004020,-0.141126,0.000000,-0.008040,-0.106537,-0.681403,9.764482,0.026632,-0.057524,-0.031959
3.377939,981.832182,6.074564,0.000000,-0.002680,-0.882039,0.000000,-0.002680,8.852603,0.000000,-0.004020,-0.141126,0.000000,-0.008040,-0.071809,-0.655014,9.735738,0.028761,-0.061785,-0.035154
3.387353,981.842041,6.076098,0.000000,-0.002680,-0.882039,0.000000,-0.002680,8.852603,0.000000,-0.004020,-0.141126,0.000000,-0.008040,-0.068278,-0.663450,9.724947,0.025566,-0.063916,-0.036219
3.397664,981.851373,6.074564,0.000000,-0.002680,-0.882039,0.000000,-0.002680,8.852603,0.000000,-0.004020,-0.141126,0.000000,-0.008040,-0.073085,-0.656191,9.712979,0.034088,-0.064980,-0.036219
3.407609,981.860915,6.074564,0.000000,-0.002680,-0.882039,0.000000,-0.002680,8.852603,0.000000,-0.004020,-0.141126,0.000000,-0.008040,-0.064648,-0.605964,9.734561,0.044742,-0.064980,-0.035154
3.417360,981.870516,6.074564,0.000000,-0.002680,-0.882039,0.000000,-0.002680,8.852603,0.000000,-0.004020,-0.141126,0.000000,-0.008040,-0.062294,-0.577220,9.714156,0.040479,-0.066047,-0.035154
3.427432,981.880204,6.076098,0.000000,-0.002680,-0.882039,0.000000,-0.002680,8.852603,0.000000,-0.004020,-0.141126,0.000000,-0.008040,-0.068278,-0.555638,9.723770,0.034088,-0.068176,-0.034088
3.437314,981.889692,6.074564,0.000000,-0.002680,-0.882039,0.000000,-0.002680,8.852603,0.000000,-0.004020,-0.141126,0.000000,-0.008040,-0.074262,-0.529348,9.736916,0.041546,-0.066047,-0.031959
3.447900,981.899211,6.074564,0.000000,-0.002680,-0.882039,0.000000,-0.002680,8.852603,0.000000,-0.004020,-0.141126,0.000000,-0.008040,-0.079069,-0.471861,9.747707,0.045806,-0.063916,-0.031959
3.457335,981.908901,6.074564,0.000000,-0.002680,-0.882039,0.000000,-0.002680,8.852603,0.000000,-0.004020,-0.141126,0.000000,-0.008040,-0.099375,-0.468231,9.765659,0.033023,-0.063916,-0.030892
3.467666,981.918086,6.074564,0.000000,-0.002680,-0.882039,0.000000,-0.002680,8.852603,0.000000,-0.004020,-0.141126,0.000000,-0.008040,-0.111344,-0.474215,9.752513,0.024501,-0.063916,-0.031959
3.477571,981.927700,6.074564,0.000000,-0.002680,-0.882039,0.000000,-0.002680,8.852603,0.000000,-0.004020,-0.141126,0.000000,-0.008040,-0.100553,-0.487361,9.763304,0.025566,-0.063916,-0.033023
3.487286,981.937349,6.074564,0.000000,-0.002680,-0.882039,0.000000,-0.002680,8.852603,0.000000,-0.004020,-0.141126,0.000000,-0.008040,-0.099375,-0.519734,9.762127,0.018110,-0.061785,-0.034088
3.497585,981.946800,6.074564,0.000000,-0.002680,-0.882039,0.000000,-0.002680,8.852603,0.000000,-0.004020,-0.141126,0.000000,-0.008040,-0.100553,-0.574768,9.762127,0.013849,-0.061785,-0.035154
3.507377,981.956447,6.074564,0.000000,-0.002680,-0.882039,0.000000,-0.002680,8.852603,0.000000,-0.004020,-0.141126,0.000000,-0.008040,-0.088584,-0.628723,9.757320,0.017045,-0.062851,-0.035154
3.517725,981.965842,6.074564,0.000000,-0.002680,-0.882039,0.000000,-0.002680,8.852603,0.000000,-0.004020,-0.141126,0.000000,-0.008040,-0.086230,-0.668257,9.759675,0.015978,-0.062851,-0.036219
3.527447,981.975632,6.074564,0.000000,-0.002680,-0.882039,0.000000,-0.002680,8.852603,0.000000,-0.004020,-0.141126,0.000000,-0.008040,-0.069455,-0.718484,9.746529,0.017045,-0.061785,-0.036219
3.537247,981.985248,6.074564,0.000000,-0.002680,-0.882039,0.000000,-0.002680,8.852603,0.000000,-0.004020,-0.141126,0.000000,-0.008040,-0.059841,-0.750857,9.741722,0.022370,-0.062851,-0.034088
3.547603,981.994518,6.074564,0.000000,-0.002680,-0.882039,0.000000,-0.002680,8.852603,0.000000,-0.004020,-0.141126,0.000000,-0.008040,-0.062294,-0.760373,9.739368,0.030892,-0.063916,-0.033023
3.557313,982.004247,6.074564,0.000000,-0.002680,-0.882039,0.000000,-0.002680,8.852603,0.000000,-0.004020,-0.141126,0.000000,-0.008040,-0.055132,-0.742421,9.741722,0.037284,-0.063916,-0.033023
3.567647,982.013874,6.074564,0.000000,-0.002680,-0.882039,0.000000,-0.002680,8.852603,0.000000,-0.004020,-0.141126,0.000000,-0.008040,-0.057487,-0.732905,9.739368,0.035154,-0.064980,-0.033023
3.577266,982.023372,6.074564,0.000000,-0.002680,-0.882039,0.000000,-0.002680,8.852603,0.000000,-0.004020,-0.141126,0.000000,-0.008040,-0.065825,-0.692194,9.747707,0.041546,-0.063916,-0.031959
3.587450,982.032670,6.074564,0.000000,-0.002680,-0.882039,0.000000,-0.002680,8.852603,0.000000,-0.004020,-0.141126,0.000000,-0.008040,-0.070632,-0.633530,9.754868,0.046871,-0.064980,-0.034088
3.597824,982.051797,6.076098,0.000000,-0.002680,-0.882039,0.000000,-0.002680,8.852603,0.000000,-0.004020,-0.141126,0.000000,-0.008040,-0.098198,-0.564075,9.751336,0.033023,-0.064980,-0.036219
3.607529,982.061509,6.074564,0.000000,-0.002680,-0.882039,0.000000,-0.002680,8.852603,0.000000,-0.004020,-0.141126,0.000000,-0.008040,-0.100553,-0.516104,9.762127,0.036219,-0.062851,-0.036219
3.617351,982.071077,6.074564,0.000000,-0.002680,-0.882039,0.000000,-0.002680,8.852603,0.000000,-0.004020,-0.141126,0.000000,-0.008040,-0.107812,-0.471861,9.754868,0.038350,-0.062851,-0.036219
3.627740,982.080796,6.074564,0.000000,-0.002680,-0.882039,0.000000,-0.002680,8.852603,0.000000,-0.004020,-0.141126,0.000000,-0.008040,-0.117328,-0.487361,9.744175,0.022370,-0.063916,-0.035154
3.637611,982.090353,6.074564,0.000000,-0.002680,-0.882039,0.000000,-0.002680,8.852603,0.000000,-0.004020,-0.141126,0.000000,-0.008040,-0.099375,-0.501781,9.739368,0.017045,-0.062851,-0.036219
3.648309,982.099546,6.074564,0.000000,-0.002680,-0.880505,0.000000,-0.002680,8.852603,0.000000,-0.004020,-0.141126,0.000000,-0.008040,-0.099375,-0.493345,9.763304,0.026632,-0.061785,-0.035154
3.657652,982.109450,6.074564,0.000000,-0.002680,-0.882039,0.000000,-0.002680,8.852603,0.000000,-0.004020,-0.141126,0.000000,-0.006700,-0.080246,-0.495797,9.747707,0.028761,-0.060720,-0.031959
3.667567,982.118652,6.074564,0.000000,-0.002680,-0.882039,0.000000,-0.002680,8.852603,0.000000,-0.004020,-0.141126,0.000000,-0.008040,-0.085053,-0.557993,9.738191,0.012783,-0.063916,-0.031959
3.677205,982.128204,6.074564,0.000000,-0.002680,-0.882039,0.000000,-0.002680,8.852603,0.000000,-0.004020,-0.141126,0.000000,-0.008040,-0.077793,-0.609495,9.740545,0.015978,-0.061785,-0.033023
3.687514,982.138024,6.074564,0.000000,-0.002680,-0.880505,0.000000,-0.002680,8.852603,0.000000,-0.004020,-0.141126,0.000000,-0.008040,-0.069455,-0.613125,9.750159,0.030892,-0.062851,-0.033023
3.697338,982.147266,6.074564,0.000000,-0.002680,-0.882039,0.000000,-0.002680,8.854137,0.000000,-0.004020,-0.141126,0.000000,-0.008040,-0.055132,-0.647852,9.735738,0.026632,-0.062851,-0.034088
3.707625,982.157054,6.074564,0.000000,-0.002680,-0.880505,0.000000,-0.002680,8.852603,0.000000,-0.004020,-0.141126,0.000000,-0.008040,-0.067100,-0.694548,9.738191,0.019174,-0.062851,-0.033023
3.717249,982.166665,6.074564,0.000000,-0.002680,-0.882039,0.000000,-0.002680,8.852603,0.000000,-0.004020,-0.141126,0.000000,-0.008040,-0.083777,-0.704162,9.733384,0.035154,-0.063916,-0.035154
3.727510,982.176198,6.074564,0.000000,-0.002680,-0.882039,0.000000,-0.002680,8.852603,0.000000,-0.004020,-0.141126,0.000000,-0.008040,-0.080246,-0.680225,9.741722,0.040479,-0.063916,-0.036219
3.737631,982.185670,6.074564,0.000000,-0.002680,-0.882039,0.000000,-0.002680,8.852603,0.000000,-0.004020,-0.141126,0.000000,-0.008040,-0.100553,-0.693371,9.741722,0.029828,-0.064980,-0.036219
3.747273,982.195248,6.074564,0.000000,-0.002680,-0.882039,0.000000,-0.002680,8.852603,0.000000,-0.004020,-0.141126,0.000000,-0.008040,-0.097021,-0.692194,9.741722,0.030892,-0.066047,-0.035154
3.757563,982.204602,6.074564,0.000000,-0.002680,-0.882039,0.000000,-0.002680,8.852603,0.000000,-0.004020,-0.141126,0.000000,-0.008040,-0.092214,-0.641868,9.739368,0.041546,-0.063916,-0.033023
3.767377,982.214372,6.074564,0.000000,-0.002680,-0.882039,0.000000,-0.002680,8.852603,0.000000,-0.004020,-0.141126,0.000000,-0.008040,-0.099375,-0.622739,9.753691,0.036219,-0.063916,-0.031959
3.777622,982.224007,6.074564,0.000000,-0.002680,-0.880505,0.000000,-0.002680,8.852603,0.000000,-0.004020,-0.141126,0.000000,-0.008040,-0.085053,-0.603511,9.757320,0.029828,-0.062851,-0.031959
3.787637,982.233288,6.074564,0.000000,-0.002680,-0.882039,0.000000,-0.002680,8.852603,0.000000,-0.004020,-0.141126,0.000000,-0.008040,-0.077793,-0.560445,9.778902,0.033023,-0.063916,-0.033023
3.797713,982.242990,6.074564,0.000000,-0.002680,-0.882039,0.000000,-0.002680,8.852603,0.000000,-0.004020,-0.141126,0.000000,-0.008040,-0.085053,-0.547300,9.768111,0.028761,-0.062851,-0.033023
3.807545,982.261886,6.074564,0.000000,-0.002680,-0.882039,0.000000,-0.002680,8.852603,0.000000,-0.004020,-0.141126,0.000000,-0.008040,-0.071809,-0.562800,9.769289,0.024501,-0.061785,-0.034088
3.817435,982.271715,6.074564,0.000000,-0.002680,-0.882039,0.000000,-0.002680,8.852603,0.000000,-0.004020,-0.141126,0.000000,-0.008040,-0.071809,-0.540041,9.760950,0.030892,-0.061785,-0.035154
3.827591,982.281205,6.074564,0.000000,-0.002680,-0.880505,0.000000,-0.002680,8.852603,0.000000,-0.004020,-0.141126,0.000000,-0.008040,-0.075439,-0.574768,9.758498,0.024501,-0.062851,-0.035154
3.837263,982.290516,6.074564,0.000000,-0.002680,-0.880505,0.000000,-0.002680,8.852603,0.000000,-0.004020,-0.141126,0.000000,-0.008040,-0.077793,-0.597527,9.728577,0.019174,-0.062851,-0.035154
3.847338,982.300134,6.074564,0.000000,-0.002680,-0.882039,0.000000,-0.002680,8.852603,0.000000,-0.004020,-0.141126,0.000000,-0.008040,-0.095844,-0.580752,9.715432,0.030892,-0.063916,-0.034088
3.857385,982.309697,6.074564,0.000000,-0.002680,-0.882039,0.000000,-0.002680,8.852603,0.000000,-0.004020,-0.141126,0.000000,-0.008040,-0.097021,-0.596350,9.727400,0.033023,-0.063916,-0.034088
3.867427,982.319230,6.074564,0.000000,-0.002680,-0.880505,0.000000,-0.002680,8.852603,0.000000,-0.004020,-0.141126,0.000000,-0.008040,-0.112521,-0.609495,9.742900,0.030892,-0.062851,-0.034088
3.877481,982.328801,6.074564,0.000000,-0.002680,-0.882039,0.000000,-0.002680,8.852603,0.000000,-0.004020,-0.141126,0.000000,-0.008040,-0.095844,-0.607141,9.740545,0.035154,-0.062851,-0.033023
3.887763,982.338522,6.074564,0.000000,-0.002680,-0.880505,0.000000,-0.002680,8.852603,0.000000,-0.004020,-0.141126,0.000000,-0.008040,-0.098198,-0.597527,9.756143,0.036219,-0.063916,-0.033023
3.897586,982.347950,6.074564,0.000000,-0.002680,-0.880505,0.000000,-0.002680,8.852603,0.000000,-0.004020,-0.141126,0.000000,-0.008040,-0.088584,-0.596350,9.757320,0.034088,-0.064980,-0.034088
3.907345,982.357704,6.074564,0.000000,-0.002680,-0.882039,0.000000,-0.002680,8.852603,0.000000,-0.004020,-0.141126,0.000000,-0.008040,-0.092214,-0.608318,9.759675,0.030892,-0.064980,-0.034088
3.917666,982.367012,6.074564,0.000000,-0.002680,-0.880505,0.000000,-0.002680,8.854137,0.000000,-0.004020,-0.141126,0.000000,-0.008040,-0.081423,-0.593996,9.751336,0.031959,-0.063916,-0.034088
3.927540,982.376640,6.074564,0.000000,-0.002680,-0.882039,0.000000,-0.002680,8.852603,0.000000,-0.004020,-0.141126,0.000000,-0.008040,-0.091037,-0.595173,9.751336,0.029828,-0.063916,-0.035154
3.937598,982.386066,6.074564,0.000000,-0.002680,-0.882039,0.000000,-0.002680,8.852603,0.000000,-0.004020,-0.141126,0.000000,-0.008040,-0.077793,-0.613125,9.758498,0.024501,-0.062851,-0.035154
3.947627,982.395873,6.074564,0.000000,-0.002680,-0.882039,0.000000,-0.002680,8.852603,0.000000,-0.004020,-0.141126,0.000000,-0.008040,-0.085053,-0.621464,9.756143,0.022370,-0.063916,-0.036219
3.957683,982.405247,6.074564,0.000000,-0.002680,-0.882039,0.000000,-0.002680,8.854137,0.000000,-0.004020,-0.141126,0.000000,-0.008040,-0.076616,-0.614302,9.752513,0.025566,-0.061785,-0.036219
3.967288,982.414836,6.074564,0.000000,-0.002680,-0.882039,0.000000,-0.002680,8.852603,0.000000,-0.004020,-0.141126,0.000000,-0.008040,-0.079069,-0.628723,9.757320,0.022370,-0.061785,-0.035154
3.978352,982.424596,6.074564,0.000000,-0.002680,-0.882039,0.000000,-0.002680,8.852603,0.000000,-0.004020,-0.141126,0.000000,-0.008040,-0.073085,-0.637061,9.758498,0.023436,-0.062851,-0.034088
3.987449,982.433854,6.074564,0.000000,-0.002680,-0.882039,0.000000,-0.002680,8.852603,0.000000,-0.004020,-0.141126,0.000000,-0.008040,-0.086230,-0.632254,9.751336,0.027697,-0.060720,-0.033023
3.998572,982.453143,6.074564,0.000000,-0.002680,-0.882039,0.000000,-0.002680,8.852603,0.000000,-0.004020,-0.141126,0.000000,-0.008040,-0.083777,-0.625093,9.745352,0.028761,-0.063916,-0.033023
4.007499,982.462689,6.074564,0.000000,-0.002680,-0.882039,0.000000,-0.002680,8.852603,0.000000,-0.004020,-0.141126,0.000000,-0.008040,-0.088584,-0.622739,9.739368,0.030892,-0.063916,-0.035154
4.017209,982.472299,6.074564,0.000000,-0.002680,-0.882039,0.000000,-0.002680,8.852603,0.000000,-0.004020,-0.141126,0.000000,-0.008040,-0.105359,-0.602334,9.734561,0.036219,-0.063916,-0.035154
4.027304,982.481809,6.074564,0.000000,-0.002680,-0.880505,0.000000,-0.002680,8.852603,0.000000,-0.004020,-0.141126,0.000000,-0.008040,-0.095844,-0.593996,9.739368,0.036219,-0.063916,-0.034088
4.037629,982.491134,6.074564,0.000000,-0.002680,-0.882039,0.000000,-0.002680,8.852603,0.000000,-0.004020,-0.141126,0.000000,-0.008040,-0.093391,-0.582027,9.735738,0.035154,-0.063916,-0.034088
4.047600,982.500834,6.074564,0.000000,-0.002680,-0.882039,0.000000,-0.002680,8.852603,0.000000,-0.004020,-0.141126,0.000000,-0.008040,-0.097021,-0.568784,9.745352,0.038350,-0.062851,-0.034088
4.057683,982.510423,6.074564,0.000000,-0.002680,-0.880505,0.000000,-0.002680,8.852603,0.000000,-0.004020,-0.141126,0.000000,-0.008040,-0.093391,-0.546025,9.745352,0.035154,-0.063916,-0.034088
4.067346,982.520023,6.074564,0.000000,-0.002680,-0.882039,0.000000,-0.002680,8.854137,0.000000,-0.004020,-0.141126,0.000000,-0.008040,-0.080246,-0.542493,9.740545,0.029828,-0.063916,-0.034088
4.077693,982.529469,6.074564,0.000000,-0.002680,-0.882039,0.000000,-0.002680,8.852603,0.000000,-0.004020,-0.141126,0.000000,-0.008040,-0.087407,-0.537686,9.751336,0.028761,-0.063916,-0.034088
4.087764,982.539182,6.074564,0.000000,-0.002680,-0.880505,0.000000,-0.002680,8.852603,0.000000,-0.004020,-0.141126,0.000000,-0.008040,-0.073085,-0.535332,9.750159,0.029828,-0.063916,-0.034088
4.097544,982.548713,6.074564,0.000000,-0.002680,-0.880505,0.000000,-0.002680,8.852603,0.000000,-0.004020,-0.141126,0.000000,-0.008040,-0.070632,-0.547300,9.753691,0.026632,-0.063916,-0.031959
4.107455,982.558157,6.074564,0.000000,-0.002680,-0.882039,0.000000,-0.002680,8.852603,0.000000,-0.004020,-0.141126,0.000000,-0.008040,-0.077793,-0.573591,9.750159,0.024501,-0.063916,-0.033023
4.117719,982.567470,6.074564,0.000000,-0.002680,-0.880505,0.000000,-0.002680,8.852603,0.000000,-0.004020,-0.141126,0.000000,-0.008040,-0.079069,-0.583205,9.746529,0.022370,-0.062851,-0.034088
4.127369,982.577075,6.074564,0.000000,-0.002680,-0.880505,0.000000,-0.002680,8.852603,0.000000,-0.004020,-0.141126,0.000000,-0.008040,-0.080246,-0.619109,9.744175,0.022370,-0.063916,-0.034088
4.137625,982.586800,6.074564,0.000000,-0.002680,-0.880505,0.000000,-0.002680,8.852603,0.000000,-0.004020,-0.141126,0.000000,-0.008040,-0.089860,-0.638239,9.734561,0.022370,-0.062851,-0.035154
4.147392,982.596372,6.074564,0.000000,-0.002680,-0.882039,0.000000,-0.002680,8.852603,0.000000,-0.004020,-0.141126,0.000000,-0.008040,-0.087407,-0.658643,9.747707,0.024501,-0.063916,-0.036219
4.157490,982.605946,6.074564,0.000000,-0.002680,-0.882039,0.000000,-0.002680,8.852603,0.000000,-0.004020,-0.141126,0.000000,-0.008040,-0.091037,-0.681403,9.733384,0.026632,-0.063916,-0.036219
4.167398,982.615441,6.074564,0.000000,-0.002680,-0.882039,0.000000,-0.002680,8.852603,0.000000,-0.004020,-0.141126,0.000000,-0.008040,-0.092214,-0.686210,9.720140,0.030892,-0.063916,-0.035154
4.177373,982.624992,6.074564,0.000000,-0.002680,-0.882039,0.000000,-0.002680,8.852603,0.000000,-0.004020,-0.141126,0.000000,-0.008040,-0.101828,-0.684934,9.721416,0.030892,-0.061785,-0.035154
4.187780,982.634596,6.074564,0.000000,-0.002680,-0.882039,0.000000,-0.002680,8.854137,0.000000,-0.004020,-0.139592,0.000000,-0.008040,-0.086230,-0.659821,9.742900,0.034088,-0.063916,-0.034088
4.197613,982.644041,6.074564,0.000000,-0.002680,-0.882039,0.000000,-0.002680,8.852603,0.000000,-0.004020,-0.141126,0.000000,-0.008040,-0.074262,-0.631077,9.721416,0.037284,-0.063916,-0.034088
4.207444,982.653653,6.074564,0.000000,-0.002680,-0.882039,0.000000,-0.002680,8.854137,0.000000,-0.004020,-0.141126,0.000000,-0.008040,-0.083777,-0.619109,9.739368,0.037284,-0.062851,-0.033023
4.217338,982.672569,6.074564,0.000000,-0.002680,-0.882039,0.000000,-0.002680,8.852603,0.000000,-0.004020,-0.141126,0.000000,-0.008040,-0.079069,-0.562800,9.730931,0.034088,-0.062851,-0.033023
4.227276,982.682390,6.074564,0.000000,-0.002680,-0.882039,0.000000,-0.002680,8.852603,0.000000,-0.004020,-0.141126,0.000000,-0.008040,-0.076616,-0.536509,9.733384,0.031959,-0.064980,-0.034088
4.237414,982.691610,6.074564,0.000000,-0.002680,-0.882039,0.000000,-0.002680,8.852603,0.000000,-0.004020,-0.141126,0.000000,-0.008040,-0.080246,-0.535332,9.742900,0.031959,-0.064980,-0.034088
4.247346,982.701156,6.074564,0.000000,-0.002680,-0.880505,0.000000,-0.002680,8.852603,0.000000,-0.004020,-0.141126,0.000000,-0.008040,-0.081423,-0.535332,9.736916,0.028761,-0.063916,-0.035154
4.257364,982.710967,6.074564,0.000000,-0.002680,-0.880505,0.000000,-0.002680,8.852603,0.000000,-0.004020,-0.141126,0.000000,-0.008040,-0.089860,-0.552009,9.735738,0.025566,-0.064980,-0.035154
4.267714,982.720535,6.074564,0.000000,-0.002680,-0.880505,0.000000,-0.002680,8.852603,0.000000,-0.004020,-0.141126,0.000000,-0.008040,-0.091037,-0.535332,9.729754,0.024501,-0.062851,-0.035154
4.277490,982.729968,6.074564,0.000000,-0.002680,-0.882039,0.000000,-0.002680,8.852603,0.000000,-0.004020,-0.141126,0.000000,-0.008040,-0.094568,-0.571236,9.728577,0.024501,-0.062851,-0.034088
4.287438,982.739688,6.074564,0.000000,-0.002680,-0.882039,0.000000,-0.002680,8.852603,0.000000,-0.004020,-0.141126,0.000000,-0.008040,-0.098198,-0.585559,9.721416,0.023436,-0.062851,-0.033023
4.297600,982.749208,6.074564,0.000000,-0.002680,-0.880505,0.000000,-0.002680,8.852603,0.000000,-0.004020,-0.141126,0.000000,-0.008040,-0.091037,-0.605964,9.722593,0.024501,-0.062851,-0.034088
4.307738,982.758569,6.074564,0.000000,-0.002680,-0.882039,0.000000,-0.002680,8.852603,0.000000,-0.004020,-0.141126,0.000000,-0.008040,-0.093391,-0.615479,9.712979,0.027697,-0.063916,-0.031959
4.317536,982.768321,6.074564,0.000000,-0.002680,-0.882039,0.000000,-0.002680,8.854137,0.000000,-0.004020,-0.141126,0.000000,-0.008040,-0.079069,-0.635884,9.729754,0.028761,-0.062851,-0.033023
4.327358,982.777882,6.076098,0.000000,-0.002680,-0.882039,0.000000,-0.002680,8.852603,0.000000,-0.004020,-0.141126,0.000000,-0.008040,-0.082600,-0.639514,9.712979,0.029828,-0.063916,-0.034088
4.337696,982.787237,6.074564,0.000000,-0.002680,-0.882039,0.000000,-0.002680,8.852603,0.000000,-0.004020,-0.141126,0.000000,-0.008040,-0.083777,-0.649030,9.730931,0.029828,-0.062851,-0.034088
4.347410,982.796809,6.076098,0.000000,-0.002680,-0.882039,0.000000,-0.002680,8.852603,0.000000,-0.004020,-0.141126,0.000000,-0.008040,-0.083777,-0.644223,9.721416,0.035154,-0.063916,-0.033023
4.357745,982.806539,6.074564,0.000000,-0.002680,-0.882039,0.000000,-0.002680,8.852603,0.000000,-0.004020,-0.141126,0.000000,-0.008040,-0.079069,-0.641868,9.728577,0.034088,-0.063916,-0.033023
4.367547,982.816122,6.076098,0.000000,-0.002680,-0.880505,0.000000,-0.002680,8.852603,0.000000,-0.004020,-0.141126,0.000000,-0.008040,-0.086230,-0.640691,9.738191,0.031959,-0.063916,-0.034088
4.377224,982.825602,6.074564,0.000000,-0.002680,-0.882039,0.000000,-0.002680,8.852603,0.000000,-0.004020,-0.141126,0.000000,-0.008040,-0.082600,-0.617932,9.739368,0.034088,-0.062851,-0.035154
4.387542,982.834852,6.074564,0.000000,-0.002680,-0.882039,0.000000,-0.002680,8.852603,0.000000,-0.004020,-0.141126,0.000000,-0.008040,-0.079069,-0.604787,9.721416,0.031959,-0.063916,-0.034088
4.397370,982.844759,6.074564,0.000000,-0.002680,-0.880505,0.000000,-0.002680,8.852603,0.000000,-0.004020,-0.141126,0.000000,-0.006700,-0.075439,-0.595173,9.732207,0.030892,-0.063916,-0.034088
4.407615,982.853990,6.074564,0.000000,-0.002680,-0.880505,0.000000,-0.002680,8.852603,0.000000,-0.004020,-0.141126,0.000000,-0.006700,-0.093391,-0.590366,9.746529,0.028761,-0.063916,-0.035154
4.417305,982.863693,6.074564,0.000000,-0.002680,-0.882039,0.000000,-0.002680,8.852603,0.000000,-0.004020,-0.141126,0.000000,-0.006700,-0.095844,-0.588011,9.740545,0.027697,-0.063916,-0.035154
4.427548,982.882905,6.074564,0.000000,-0.002680,-0.882039,0.000000,-0.002680,8.852603,0.000000,-0.004020,-0.141126,0.000000,-0.006700,-0.092214,-0.570059,9.721416,0.026632,-0.063916,-0.033023
4.437634,982.892333,6.074564,0.000000,-0.002680,-0.882039,0.000000,-0.002680,8.852603,0.000000,-0.004020,-0.141126,0.000000,-0.006700,-0.100553,-0.576043,9.722593,0.026632,-0.063916,-0.033023
4.447403,982.901687,6.074564,0.000000,-0.002680,-0.882039,0.000000,-0.002680,8.852603,0.000000,-0.004020,-0.141126,0.000000,-0.006700,-0.083777,-0.586736,9.732207,0.027697,-0.062851,-0.034088
4.457802,982.911538,6.074564,0.000000,-0.002680,-0.880505,0.000000,-0.002680,8.852603,0.000000,-0.004020,-0.141126,0.000000,-0.006700,-0.087407,-0.586736,9.729754,0.027697,-0.062851,-0.035154
4.467552,982.921041,6.074564,0.000000,-0.002680,-0.880505,0.000000,-0.002680,8.852603,0.000000,-0.004020,-0.141126,0.000000,-0.006700,-0.091037,-0.599980,9.698657,0.030892,-0.063916,-0.034088
4.477399,982.930453,6.074564,0.000000,-0.002680,-0.880505,0.000000,-0.002680,8.852603,0.000000,-0.004020,-0.141126,0.000000,-0.006700,-0.092214,-0.591543,9.721416,0.031959,-0.063916,-0.034088
4.487687,982.940075,6.074564,0.000000,-0.002680,-0.882039,0.000000,-0.002680,8.852603,0.000000,-0.004020,-0.141126,0.000000,-0.006700,-0.086230,-0.607141,9.720140,0.029828,-0.062851,-0.034088
4.497958,982.949570,6.074564,0.000000,-0.002680,-0.880505,0.000000,-0.002680,8.852603,0.000000,-0.004020,-0.141126,0.000000,-0.006700,-0.092214,-0.608318,9.709448,0.033023,-0.063916,-0.035154
4.507324,982.959179,6.074564,0.000000,-0.002680,-0.880505,0.000000,-0.002680,8.852603,0.000000,-0.004020,-0.141126,0.000000,-0.006700,-0.089860,-0.591543,9.720140,0.031959,-0.063916,-0.035154
4.517595,982.968802,6.074564,0.000000,-0.002680,-0.882039,0.000000,-0.002680,8.852603,0.000000,-0.004020,-0.141126,0.000000,-0.006700,-0.086230,-0.597527,9.721416,0.030892,-0.062851,-0.034088
4.527346,982.978119,6.074564,0.000000,-0.002680,-0.882039,0.000000,-0.002680,8.852603,0.000000,-0.004020,-0.141126,0.000000,-0.006700,-0.083777,-0.596350,9.714156,0.029828,-0.063916,-0.034088
4.537283,982.987946,6.074564,0.000000,-0.002680,-0.882039,0.000000,-0.002680,8.852603,0.000000,-0.004020,-0.141126,0.000000,-0.006700,-0.080246,-0.611948,9.729754,0.029828,-0.062851,-0.034088
4.547625,982.997447,6.074564,0.000000,-0.002680,-0.880505,0.000000,-0.002680,8.852603,0.000000,-0.004020,-0.141126,0.000000,-0.006700,-0.086230,-0.602334,9.717786,0.028761,-0.062851,-0.035154
4.557357,983.007111,6.074564,0.000000,-0.002680,-0.880505,0.000000,-0.002680,8.852603,0.000000,-0.004020,-0.141126,0.000000,-0.006700,-0.082600,-0.601157,9.735738,0.025566,-0.063916,-0.035154
4.567623,983.016541,6.074564,0.000000,-0.002680,-0.882039,0.000000,-0.002680,8.854137,0.000000,-0.004020,-0.141126,0.000000,-0.006700,-0.091037,-0.614302,9.726223,0.025566,-0.064980,-0.034088
4.577633,983.025967,6.074564,0.000000,-0.002680,-0.882039,0.000000,-0.002680,8.852603,0.000000,-0.004020,-0.141126,0.000000,-0.006700,-0.097021,-0.627448,9.740545,0.026632,-0.063916,-0.034088
4.587607,983.035509,6.074564,0.000000,-0.002680,-0.882039,0.000000,-0.002680,8.852603,0.000000,-0.004020,-0.141126,0.000000,-0.006700,-0.082600,-0.622739,9.729754,0.027697,-0.062851,-0.034088
4.597256,983.045072,6.074564,0.000000,-0.002680,-0.882039,0.000000,-0.002680,8.852603,0.000000,-0.004020,-0.141126,0.000000,-0.006700,-0.087407,-0.631077,9.738191,0.026632,-0.063916,-0.035154
4.607574,983.054569,6.074564,0.000000,-0.002680,-0.880505,0.000000,-0.002680,8.852603,0.000000,-0.004020,-0.141126,0.000000,-0.006700,-0.081423,-0.611948,9.723770,0.028761,-0.062851,-0.034088
4.617409,983.064351,6.074564,0.000000,-0.002680,-0.882039,0.000000,-0.002680,8.852603,0.000000,-0.004020,-0.141126,0.000000,-0.008040,-0.081423,-0.623916,9.740545,0.029828,-0.061785,-0.034088
4.627514,983.073591,6.074564,0.000000,-0.002680,-0.880505,0.000000,-0.002680,8.852603,0.000000,-0.004020,-0.141126,0.000000,-0.008040,-0.085053,-0.615479,9.733384,0.031959,-0.063916,-0.034088
4.637739,983.083351,6.074564,0.000000,-0.002680,-0.882039,0.000000,-0.002680,8.852603,0.000000,-0.004020,-0.141126,0.000000,-0.008040,-0.074262,-0.599980,9.738191,0.033023,-0.063916,-0.034088
4.647264,983.092758,6.074564,0.000000,-0.002680,-0.882039,0.000000,-0.002680,8.852603,0.000000,-0.004020,-0.141126,0.000000,-0.008040,-0.079069,-0.592720,9.718963,0.034088,-0.063916,-0.035154
4.657668,983.111882,6.074564,0.000000,-0.002680,-0.880505,0.000000,-0.002680,8.852603,0.000000,-0.004020,-0.141126,0.000000,-0.008040,-0.076616,-0.571236,9.733384,0.034088,-0.063916,-0.035154
4.667540,983.121349,6.074564,0.000000,-0.002680,-0.882039,0.000000,-0.002680,8.852603,0.000000,-0.004020,-0.141126,0.000000,-0.008040,-0.082600,-0.584382,9.747707,0.031959,-0.063916,-0.033023
4.677282,983.131198,6.074564,0.000000,-0.002680,-0.880505,0.000000,-0.002680,8.852603,0.000000,-0.004020,-0.141126,0.000000,-0.008040,-0.089860,-0.571236,9.728577,0.031959,-0.063916,-0.034088
4.687623,983.140516,6.074564,0.000000,-0.002680,-0.880505,0.000000,-0.002680,8.852603,0.000000,-0.004020,-0.141126,0.000000,-0.008040,-0.085053,-0.580752,9.753691,0.029828,-0.063916,-0.034088
4.697993,983.150247,6.074564,0.000000,-0.002680,-0.880505,0.000000,-0.002680,8.852603,0.000000,-0.004020,-0.141126,0.000000,-0.008040,-0.094568,-0.579575,9.745352,0.026632,-0.063916,-0.033023
4.707249,983.159794,6.074564,0.000000,-0.002680,-0.882039,0.000000,-0.002680,8.852603,0.000000,-0.004020,-0.141126,0.000000,-0.008040,-0.089860,-0.566429,9.726223,0.027697,-0.063916,-0.034088
4.717486,983.169118,6.074564,0.000000,-0.002680,-0.882039,0.000000,-0.002680,8.852603,0.000000,-0.004020,-0.141126,0.000000,-0.008040,-0.086230,-0.596350,9.741722,0.026632,-0.062851,-0.034088
4.727311,983.178793,6.074564,0.000000,-0.002680,-0.880505,0.000000,-0.002680,8.852603,0.000000,-0.004020,-0.141126,0.000000,-0.008040,-0.083777,-0.591543,9.745352,0.026632,-0.062851,-0.034088
4.737665,983.188416,6.074564,0.000000,-0.002680,-0.882039,0.000000,-0.002680,8.852603,0.000000,-0.004020,-0.141126,0.000000,-0.008040,-0.071809,-0.599980,9.739368,0.025566,-0.063916,-0.034088
4.747752,983.197796,6.074564,0.000000,-0.002680,-0.882039,0.000000,-0.002680,8.852603,0.000000,-0.004020,-0.141126,0.000000,-0.008040,-0.074262,-0.621464,9.742900,0.026632,-0.062851,-0.033023
4.757480,983.207494,6.074564,0.000000,-0.002680,-0.882039,0.000000,-0.002680,8.852603,0.000000,-0.004020,-0.141126,0.000000,-0.008040,-0.080246,-0.634707,9.745352,0.029828,-0.063916,-0.034088
4.767338,983.217200,6.074564,0.000000,-0.002680,-0.882039,0.000000,-0.002680,8.852603,0.000000,-0.004020,-0.141126,0.000000,-0.008040,-0.087407,-0.638239,9.722593,0.028761,-0.063916,-0.033023
4.777582,983.226614,6.074564,0.000000,-0.002680,-0.880505,0.000000,-0.002680,8.852603,0.000000,-0.004020,-0.141126,0.000000,-0.008040,-0.077793,-0.640691,9.741722,0.029828,-0.064980,-0.034088
4.787449,983.236237,6.074564,0.000000,-0.002680,-0.880505,0.000000,-0.002680,8.852603,0.000000,-0.004020,-0.141126,0.000000,-0.008040,-0.087407,-0.643046,9.724947,0.033023,-0.063916,-0.034088
4.797593,983.245494,6.074564,0.000000,-0.002680,-0.882039,0.000000,-0.002680,8.852603,0.000000,-0.004020,-0.141126,0.000000,-0.008040,-0.083777,-0.647852,9.746529,0.031959,-0.063916,-0.033023
4.807493,983.255200,6.074564,0.000000,-0.002680,-0.882039,0.000000,-0.002680,8.852603,0.000000,-0.004020,-0.141126,0.000000,-0.008040,-0.082600,-0.628723,9.742900,0.034088,-0.063916,-0.034088
4.817672,983.264640,6.074564,0.000000,-0.002680,-0.880505,0.000000,-0.002680,8.852603,0.000000,-0.004020,-0.141126,0.000000,-0.008040,-0.089860,-0.609495,9.721416,0.035154,-0.063916,-0.033023
4.827731,983.274155,6.074564,0.000000,-0.002680,-0.882039,0.000000,-0.002680,8.852603,0.000000,-0.004020,-0.141126,0.000000,-0.008040,-0.082600,-0.603511,9.734561,0.031959,-0.064980,-0.033023
4.837513,983.283852,6.074564,0.000000,-0.002680,-0.880505,0.000000,-0.002680,8.852603,0.000000,-0.004020,-0.141126,0.000000,-0.008040,-0.086230,-0.585559,9.739368,0.031959,-0.063916,-0.034088
4.847396,983.293530,6.074564,0.000000,-0.002680,-0.882039,0.000000,-0.002680,8.852603,0.000000,-0.004020,-0.141126,0.000000,-0.008040,-0.086230,-0.571236,9.734561,0.031959,-0.063916,-0.035154
4.857798,983.312340,6.074564,0.000000,-0.002680,-0.882039,0.000000,-0.002680,8.852603,0.000000,-0.004020,-0.141126,0.000000,-0.008040,-0.092214,-0.559268,9.736916,0.028761,-0.063916,-0.033023
4.867647,983.322142,6.074564,0.000000,-0.002680,-0.882039,0.000000,-0.002680,8.852603,0.000000,-0.004020,-0.141126,0.000000,-0.008040,-0.086230,-0.560445,9.733384,0.027697,-0.063916,-0.034088
4.877429,983.331467,6.074564,0.000000,-0.002680,-0.880505,0.000000,-0.002680,8.852603,0.000000,-0.004020,-0.141126,0.000000,-0.008040,-0.075439,-0.570059,9.733384,0.026632,-0.062851,-0.033023
4.887346,983.341196,6.074564,0.000000,-0.002680,-0.882039,0.000000,-0.002680,8.852603,0.000000,-0.004020,-0.141126,0.000000,-0.008040,-0.079069,-0.582027,9.740545,0.027697,-0.063916,-0.033023
4.898285,983.350616,6.074564,0.000000,-0.002680,-0.880505,0.000000,-0.002680,8.852603,0.000000,-0.004020,-0.141126,0.000000,-0.008040,-0.080246,-0.578398,9.716609,0.025566,-0.063916,-0.034088
4.907455,983.360323,6.074564,0.000000,-0.002680,-0.882039,0.000000,-0.002680,8.852603,0.000000,-0.004020,-0.141126,0.000000,-0.008040,-0.082600,-0.597527,9.727400,0.027697,-0.063916,-0.035154
4.917219,983.369631,6.074564,0.000000,-0.002680,-0.880505,0.000000,-0.002680,8.852603,0.000000,-0.004020,-0.141126,0.000000,-0.008040,-0.092214,-0.615479,9.726223,0.027697,-0.062851,-0.035154
4.927600,983.379505,6.074564,0.000000,-0.002680,-0.882039,0.000000,-0.002680,8.852603,0.000000,-0.004020,-0.141126,0.000000,-0.008040,-0.088584,-0.614302,9.735738,0.028761,-0.063916,-0.034088
4.937595,983.388811,6.074564,0.000000,-0.002680,-0.882039,0.000000,-0.002680,8.854137,0.000000,-0.004020,-0.141126,0.000000,-0.008040,-0.081423,-0.632254,9.740545,0.029828,-0.063916,-0.033023
4.947256,983.398536,6.074564,0.000000,-0.002680,-0.882039,0.000000,-0.002680,8.852603,0.000000,-0.004020,-0.141126,0.000000,-0.008040,-0.081423,-0.628723,9.735738,0.029828,-0.063916,-0.033023
4.957716,983.408198,6.074564,0.000000,-0.002680,-0.882039,0.000000,-0.002680,8.854137,0.000000,-0.004020,-0.141126,0.000000,-0.008040,-0.093391,-0.631077,9.738191,0.031959,-0.063916,-0.033023
4.967415,983.417695,6.074564,0.000000,-0.002680,-0.882039,0.000000,-0.002680,8.852603,0.000000,-0.004020,-0.141126,0.000000,-0.008040,-0.086230,-0.625093,9.740545,0.031959,-0.063916,-0.033023
4.977732,983.427208,6.074564,0.000000,-0.002680,-0.882039,0.000000,-0.002680,8.852603,0.000000,-0.004020,-0.141126,0.000000,-0.008040,-0.086230,-0.619109,9.744175,0.030892,-0.064980,-0.034088
4.987612,983.436792,6.074564,0.000000,-0.002680,-0.880505,0.000000,-0.002680,8.852603,0.000000,-0.004020,-0.141126,0.000000,-0.008040,-0.073085,-0.619109,9.739368,0.031959,-0.063916,-0.034088
4.997337,983.446087,6.074564,0.000000,-0.002680,-0.882039,0.000000,-0.002680,8.852603,0.000000,-0.004020,-0.141126,0.000000,-0.008040,-0.082600,-0.608318,9.746529,0.030892,-0.063916,-0.034088
5.007571,983.455793,6.076098,0.000000,-0.002680,-0.882039,0.000000,-0.002680,8.852603,0.000000,-0.004020,-0.141126,0.000000,-0.008040,-0.086230,-0.603511,9.748884,0.028761,-0.063916,-0.034088
5.017370,983.465528,6.074564,0.000000,-0.002680,-0.880505,0.000000,-0.002680,8.852603,0.000000,-0.004020,-0.141126,0.000000,-0.008040,-0.086230,-0.596350,9.748884,0.029828,-0.063916,-0.034088
5.027320,983.474713,6.074564,0.000000,-0.002680,-0.882039,0.000000,-0.002680,8.852603,0.000000,-0.004020,-0.141126,0.000000,-0.008040,-0.095844,-0.593996,9.738191,0.028761,-0.063916,-0.034088
5.037359,983.484493,6.074564,0.000000,-0.002680,-0.882039,0.000000,-0.002680,8.852603,0.000000,-0.004020,-0.141126,0.000000,-0.008040,-0.082600,-0.590366,9.732207,0.027697,-0.062851,-0.034088
5.047722,983.493891,6.074564,0.000000,-0.002680,-0.882039,0.000000,-0.002680,8.852603,0.000000,-0.004020,-0.141126,0.000000,-0.008040,-0.086230,-0.592720,9.738191,0.029828,-0.063916,-0.034088
5.057620,983.503590,6.074564,0.000000,-0.002680,-0.880505,0.000000,-0.002680,8.852603,0.000000,-0.004020,-0.141126,0.000000,-0.008040,-0.086230,-0.598802,9.747707,0.027697,-0.063916,-0.033023
5.067505,983.513245,6.074564,0.000000,-0.002680,-0.882039,0.000000,-0.002680,8.852603,0.000000,-0.004020,-0.141126,0.000000,-0.008040,-0.082600,-0.580752,9.723770,0.030892,-0.063916,-0.034088
5.077263,983.532015,6.074564,0.000000,-0.002680,-0.880505,0.000000,-0.002680,8.852603,0.000000,-0.004020,-0.141126,0.000000,-0.008040,-0.081423,-0.592720,9.742900,0.030892,-0.064980,-0.035154
5.087607,983.541850,6.074564,0.000000,-0.002680,-0.882039,0.000000,-0.002680,8.854137,0.000000,-0.004020,-0.141126,0.000000,-0.008040,-0.086230,-0.595173,9.733384,0.030892,-0.063916,-0.035154
5.097865,983.551152,6.074564,0.000000,-0.002680,-0.880505,0.000000,-0.002680,8.852603,0.000000,-0.004020,-0.141126,0.000000,-0.008040,-0.093391,-0.603511,9.736916,0.029828,-0.063916,-0.036219
5.107689,983.560757,6.074564,0.000000,-0.002680,-0.880505,0.000000,-0.002680,8.852603,0.000000,-0.004020,-0.141126,0.000000,-0.008040,-0.087407,-0.595173,9.745352,0.029828,-0.063916,-0.034088
5.117473,983.570390,6.074564,0.000000,-0.002680,-0.882039,0.000000,-0.002680,8.852603,0.000000,-0.004020,-0.141126,0.000000,-0.008040,-0.089860,-0.601157,9.730931,0.030892,-0.063916,-0.035154
5.127376,983.579986,6.074564,0.000000,-0.002680,-0.882039,0.000000,-0.002680,8.852603,0.000000,-0.004020,-0.141126,0.000000,-0.008040,-0.091037,-0.605964,9.742900,0.030892,-0.062851,-0.035154
5.137761,983.589499,6.074564,0.000000,-0.002680,-0.882039,0.000000,-0.002680,8.852603,0.000000,-0.004020,-0.141126,0.000000,-0.008040,-0.086230,-0.595173,9.739368,0.031959,-0.062851,-0.035154
5.147560,983.599133,6.074564,0.000000,-0.002680,-0.882039,0.000000,-0.002680,8.852603,0.000000,-0.004020,-0.141126,0.000000,-0.008040,-0.076616,-0.613125,9.746529,0.028761,-0.062851,-0.034088
5.157618,983.608525,6.074564,0.000000,-0.002680,-0.882039,0.000000,-0.002680,8.852603,0.000000,-0.004020,-0.141126,0.000000,-0.008040,-0.077793,-0.615479,9.746529,0.026632,-0.061785,-0.034088
5.167436,983.618196,6.074564,0.000000,-0.002680,-0.880505,0.000000,-0.002680,8.852603,0.000000,-0.004020,-0.141126,0.000000,-0.008040,-0.085053,-0.604787,9.760950,0.029828,-0.061785,-0.034088
5.177758,983.627532,6.074564,0.000000,-0.002680,-0.880505,0.000000,-0.002680,8.852603,0.000000,-0.004020,-0.141126,0.000000,-0.008040,-0.081423,-0.615479,9.750159,0.027697,-0.062851,-0.034088
5.187523,983.637226,6.074564,0.000000,-0.002680,-0.880505,0.000000,-0.002680,8.852603,0.000000,-0.004020,-0.141126,0.000000,-0.006700,-0.081423,-0.621464,9.753691,0.027697,-0.063916,-0.035154
5.197370,983.646801,6.074564,0.000000,-0.002680,-0.880505,0.000000,-0.002680,8.852603,0.000000,-0.004020,-0.141126,0.000000,-0.006700,-0.094568,-0.602334,9.738191,0.027697,-0.064980,-0.035154
5.207586,983.656250,6.074564,0.000000,-0.002680,-0.882039,0.000000,-0.002680,8.852603,0.000000,-0.004020,-0.141126,0.000000,-0.006700,-0.091037,-0.614302,9.746529,0.028761,-0.062851,-0.035154
5.217320,983.665984,6.074564,0.000000,-0.002680,-0.880505,0.000000,-0.002680,8.852603,0.000000,-0.004020,-0.141126,0.000000,-0.006700,-0.081423,-0.609495,9.744175,0.029828,-0.063916,-0.034088
5.227606,983.675283,6.074564,0.000000,-0.002680,-0.880505,0.000000,-0.002680,8.852603,0.000000,-0.004020,-0.141126,0.000000,-0.006700,-0.091037,-0.623916,9.752513,0.027697,-0.063916,-0.034088
5.237248,983.684882,6.074564,0.000000,-0.002680,-0.882039,0.000000,-0.002680,8.852603,0.000000,-0.004020,-0.141126,0.000000,-0.006700,-0.086230,-0.614302,9.732207,0.031959,-0.064980,-0.034088
5.247590,983.694602,6.074564,0.000000,-0.002680,-0.880505,0.000000,-0.002680,8.852603,0.000000,-0.004020,-0.141126,0.000000,-0.006700,-0.094568,-0.602334,9.735738,0.033023,-0.064980,-0.034088
5.257403,983.704043,6.074564,0.000000,-0.002680,-0.882039,0.000000,-0.002680,8.852603,0.000000,-0.004020,-0.141126,0.000000,-0.006700,-0.083777,-0.607141,9.723770,0.030892,-0.062851,-0.034088
5.267439,983.713602,6.074564,0.000000,-0.002680,-0.882039,0.000000,-0.002680,8.852603,0.000000,-0.004020,-0.141126,0.000000,-0.006700,-0.087407,-0.591543,9.739368,0.031959,-0.063916,-0.035154
5.277759,983.723340,6.074564,0.000000,-0.002680,-0.882039,0.000000,-0.002680,8.852603,0.000000,-0.004020,-0.141126,0.000000,-0.006700,-0.079069,-0.586736,9.747707,0.034088,-0.062851,-0.033023
5.287551,983.742114,6.074564,0.000000,-0.002680,-0.882039,0.000000,-0.002680,8.852603,0.000000,-0.004020,-0.141126,0.000000,-0.006700,-0.087407,-0.577220,9.740545,0.029828,-0.062851,-0.034088
5.297411,983.751919,6.076098,0.000000,-0.002680,-0.882039,0.000000,-0.002680,8.852603,0.000000,-0.004020,-0.141126,0.000000,-0.006700,-0.081423,-0.577220,9.759675,0.029828,-0.063916,-0.035154
5.307650,983.761504,6.074564,0.000000,-0.002680,-0.882039,0.000000,-0.002680,8.852603,0.000000,-0.004020,-0.141126,0.000000,-0.006700,-0.087407,-0.580752,9.759675,0.028761,-0.061785,-0.035154
5.317286,983.771109,6.074564,0.000000,-0.002680,-0.880505,0.000000,-0.002680,8.852603,0.000000,-0.004020,-0.141126,0.000000,-0.006700,-0.079069,-0.592720,9.742900,0.028761,-0.061785,-0.035154
5.327481,983.780305,6.074564,0.000000,-0.002680,-0.880505,0.000000,-0.002680,8.852603,0.000000,-0.004020,-0.141126,0.000000,-0.006700,-0.079069,-0.593996,9.741722,0.026632,-0.063916,-0.035154
5.337358,983.789922,6.074564,0.000000,-0.002680,-0.882039,0.000000,-0.002680,8.852603,0.000000,-0.004020,-0.141126,0.000000,-0.006700,-0.082600,-0.591543,9.753691,0.027697,-0.063916,-0.034088
5.347314,983.799389,6.074564,0.000000,-0.002680,-0.882039,0.000000,-0.002680,8.852603,0.000000,-0.004020,-0.141126,0.000000,-0.006700,-0.091037,-0.617932,9.757320,0.026632,-0.062851,-0.034088
5.359563,983.808919,6.074564,0.000000,-0.002680,-0.880505,0.000000,-0.002680,8.852603,0.000000,-0.004020,-0.141126,0.000000,-0.006700,-0.088584,-0.613125,9.742900,0.028761,-0.062851,-0.036219
5.367511,983.818779,6.074564,0.000000,-0.002680,-0.882039,0.000000,-0.002680,8.852603,0.000000,-0.004020,-0.141126,0.000000,-0.006700,-0.083777,-0.621464,9.744175,0.029828,-0.063916,-0.033023
5.377755,983.828344,6.074564,0.000000,-0.002680,-0.882039,0.000000,-0.002680,8.852603,0.000000,-0.004020,-0.141126,0.000000,-0.006700,-0.085053,-0.621464,9.742900,0.028761,-0.063916,-0.033023
5.387790,983.837881,6.074564,0.000000,-0.002680,-0.882039,0.000000,-0.002680,8.852603,0.000000,-0.004020,-0.141126,0.000000,-0.006700,-0.086230,-0.609495,9.739368,0.029828,-0.063916,-0.034088
5.397571,983.847227,6.074564,0.000000,-0.002680,-0.882039,0.000000,-0.002680,8.852603,0.000000,-0.004020,-0.141126,0.000000,-0.006700,-0.082600,-0.617932,9.747707,0.029828,-0.062851,-0.034088
5.407959,983.856667,6.074564,0.000000,-0.002680,-0.882039,0.000000,-0.002680,8.852603,0.000000,-0.004020,-0.141126,0.000000,-0.006700,-0.091037,-0.621464,9.738191,0.029828,-0.063916,-0.035154
5.417794,983.866436,6.074564,0.000000,-0.002680,-0.880505,0.000000,-0.002680,8.852603,0.000000,-0.004020,-0.141126,0.000000,-0.006700,-0.087407,-0.605964,9.730931,0.031959,-0.062851,-0.035154
5.427782,983.875779,6.076098,0.000000,-0.002680,-0.882039,0.000000,-0.002680,8.852603,0.000000,-0.004020,-0.141126,0.000000,-0.006700,-0.086230,-0.629900,9.752513,0.029828,-0.062851,-0.034088
5.438133,983.885669,6.074564,0.000000,-0.002680,-0.880505,0.000000,-0.002680,8.852603,0.000000,-0.004020,-0.141126,0.000000,-0.006700,-0.081423,-0.601157,9.747707,0.030892,-0.063916,-0.033023
5.447773,983.894948,6.074564,0.000000,-0.002680,-0.880505,0.000000,-0.002680,8.852603,0.000000,-0.004020,-0.141126,0.000000,-0.006700,-0.077793,-0.595173,9.750159,0.030892,-0.062851,-0.035154
5.458295,983.904638,6.074564,0.000000,-0.002680,-0.882039,0.000000,-0.002680,8.852603,0.000000,-0.004020,-0.141126,0.000000,-0.006700,-0.094568,-0.589189,9.746529,0.030892,-0.062851,-0.034088
5.467778,983.914319,6.074564,0.000000,-0.002680,-0.882039,0.000000,-0.002680,8.852603,0.000000,-0.004020,-0.141126,0.000000,-0.006700,-0.080246,-0.583205,9.750159,0.029828,-0.063916,-0.034088
5.477695,983.923778,6.074564,0.000000,-0.002680,-0.882039,0.000000,-0.002680,8.852603,0.000000,-0.004020,-0.139592,0.000000,-0.006700,-0.086230,-0.584382,9.736916,0.028761,-0.062851,-0.034088
5.487779,983.933415,6.074564,0.000000,-0.002680,-0.880505,0.000000,-0.002680,8.852603,0.000000,-0.004020,-0.141126,0.000000,-0.008040,-0.082600,-0.582027,9.740545,0.028761,-0.062851,-0.033023
5.497615,983.952177,6.074564,0.000000,-0.002680,-0.882039,0.000000,-0.002680,8.852603,0.000000,-0.004020,-0.141126,0.000000,-0.008040,-0.079069,-0.583205,9.746529,0.027697,-0.063916,-0.034088
5.507949,983.961942,6.074564,0.000000,-0.002680,-0.882039,0.000000,-0.002680,8.852603,0.000000,-0.004020,-0.141126,0.000000,-0.008040,-0.083777,-0.593996,9.750159,0.028761,-0.064980,-0.033023
5.517837,983.971282,6.074564,0.000000,-0.002680,-0.882039,0.000000,-0.002680,8.852603,0.000000,-0.004020,-0.141126,0.000000,-0.008040,-0.086230,-0.603511,9.750159,0.027697,-0.063916,-0.033023
5.527635,983.980964,6.074564,0.000000,-0.002680,-0.880505,0.000000,-0.002680,8.852603,0.000000,-0.004020,-0.141126,0.000000,-0.008040,-0.088584,-0.621464,9.754868,0.027697,-0.063916,-0.034088
5.538035,983.990518,6.074564,0.000000,-0.002680,-0.882039,0.000000,-0.002680,8.852603,0.000000,-0.004020,-0.141126,0.000000,-0.008040,-0.087407,-0.601157,9.740545,0.028761,-0.062851,-0.034088
5.547649,984.000023,6.074564,0.000000,-0.002680,-0.880505,0.000000,-0.002680,8.852603,0.000000,-0.004020,-0.141126,0.000000,-0.008040,-0.087407,-0.611948,9.748884,0.028761,-0.063916,-0.034088
5.557964,984.009850,6.074564,0.000000,-0.002680,-0.880505,0.000000,-0.002680,8.852603,0.000000,-0.004020,-0.141126,0.000000,-0.008040,-0.076616,-0.623916,9.748884,0.029828,-0.063916,-0.034088
5.567839,984.019264,6.074564,0.000000,-0.002680,-0.882039,0.000000,-0.002680,8.852603,0.000000,-0.004020,-0.141126,0.000000,-0.008040,-0.085053,-0.620286,9.747707,0.030892,-0.064980,-0.035154
5.577748,984.028648,6.074564,0.000000,-0.002680,-0.882039,0.000000,-0.002680,8.852603,0.000000,-0.004020,-0.141126,0.000000,-0.008040,-0.085053,-0.620286,9.764482,0.029828,-0.063916,-0.034088
5.587632,984.038454,6.074564,0.000000,-0.002680,-0.882039,0.000000,-0.002680,8.852603,0.000000,-0.004020,-0.141126,0.000000,-0.008040,-0.079069,-0.617932,9.753691,0.029828,-0.063916,-0.034088
5.597936,984.047916,6.074564,0.000000,-0.002680,-0.880505,0.000000,-0.002680,8.852603,0.000000,-0.004020,-0.141126,0.000000,-0.008040,-0.079069,-0.610771,9.744175,0.030892,-0.063916,-0.035154
5.607834,984.057388,6.074564,0.000000,-0.002680,-0.882039,0.000000,-0.002680,8.852603,0.000000,-0.004020,-0.141126,0.000000,-0.008040,-0.079069,-0.620286,9.757320,0.028761,-0.063916,-0.034088
5.617629,984.067014,6.074564,0.000000,-0.002680,-0.882039,0.000000,-0.002680,8.852603,0.000000,-0.004020,-0.141126,0.000000,-0.008040,-0.083777,-0.608318,9.744175,0.029828,-0.063916,-0.034088
5.627706,984.076590,6.074564,0.000000,-0.002680,-0.880505,0.000000,-0.002680,8.852603,0.000000,-0.004020,-0.141126,0.000000,-0.008040,-0.081423,-0.599980,9.741722,0.028761,-0.063916,-0.035154
5.637900,984.085867,6.074564,0.000000,-0.002680,-0.882039,0.000000,-0.002680,8.852603,0.000000,-0.004020,-0.141126,0.000000,-0.008040,-0.100553,-0.595173,9.751336,0.028761,-0.062851,-0.035154
5.647593,984.095738,6.074564,0.000000,-0.002680,-0.880505,0.000000,-0.002680,8.852603,0.000000,-0.004020,-0.141126,0.000000,-0.008040,-0.091037,-0.597527,9.745352,0.029828,-0.063916,-0.035154
5.657978,984.105004,6.074564,0.000000,-0.002680,-0.882039,0.000000,-0.002680,8.852603,0.000000,-0.004020,-0.141126,0.000000,-0.008040,-0.085053,-0.598802,9.736916,0.028761,-0.062851,-0.035154
5.667980,984.114775,6.074564,0.000000,-0.002680,-0.882039,0.000000,-0.002680,8.852603,0.000000,-0.004020,-0.141126,0.000000,-0.008040,-0.085053,-0.589189,9.744175,0.029828,-0.062851,-0.034088
5.677886,984.124283,6.074564,0.000000,-0.002680,-0.880505,0.000000,-0.002680,8.852603,0.000000,-0.004020,-0.141126,0.000000,-0.008040,-0.079069,-0.588011,9.739368,0.028761,-0.062851,-0.035154
5.687898,984.133789,6.074564,0.000000,-0.002680,-0.880505,0.000000,-0.002680,8.852603,0.000000,-0.004020,-0.141126,0.000000,-0.008040,-0.081423,-0.604787,9.740545,0.029828,-0.062851,-0.034088
5.697724,984.143260,6.074564,0.000000,-0.002680,-0.880505,0.000000,-0.002680,8.852603,0.000000,-0.004020,-0.141126,0.000000,-0.008040,-0.086230,-0.590366,9.741722,0.030892,-0.063916,-0.035154
5.708024,984.162497,6.074564,0.000000,-0.002680,-0.880505,0.000000,-0.002680,8.852603,0.000000,-0.004020,-0.141126,0.000000,-0.008040,-0.075439,-0.601157,9.734561,0.029828,-0.062851,-0.034088
5.717999,984.171981,6.074564,0.000000,-0.002680,-0.882039,0.000000,-0.002680,8.852603,0.000000,-0.004020,-0.141126,0.000000,-0.008040,-0.092214,-0.592720,9.746529,0.030892,-0.062851,-0.035154
5.727757,984.181645,6.074564,0.000000,-0.002680,-0.880505,0.000000,-0.002680,8.852603,0.000000,-0.004020,-0.141126,0.000000,-0.008040,-0.089860,-0.599980,9.739368,0.029828,-0.063916,-0.036219
5.737643,984.191288,6.074564,0.000000,-0.002680,-0.882039,0.000000,-0.002680,8.852603,0.000000,-0.004020,-0.141126,0.000000,-0.008040,-0.088584,-0.599980,9.735738,0.030892,-0.064980,-0.034088
5.747772,984.200659,6.074564,0.000000,-0.002680,-0.882039,0.000000,-0.002680,8.854137,0.000000,-0.004020,-0.141126,0.000000,-0.008040,-0.076616,-0.599980,9.732207,0.030892,-0.062851,-0.034088
5.757831,984.210000,6.074564,0.000000,-0.002680,-0.882039,0.000000,-0.002680,8.852603,0.000000,-0.004020,-0.141126,0.000000,-0.008040,-0.079069,-0.599980,9.742900,0.029828,-0.062851,-0.034088
5.767676,984.219561,6.074564,0.000000,-0.002680,-0.882039,0.000000,-0.002680,8.852603,0.000000,-0.004020,-0.141126,0.000000,-0.008040,-0.083777,-0.602334,9.729754,0.029828,-0.062851,-0.034088
5.778022,984.229280,6.074564,0.000000,-0.002680,-0.880505,0.000000,-0.002680,8.852603,0.000000,-0.004020,-0.141126,0.000000,-0.008040,-0.079069,-0.609495,9.732207,0.027697,-0.062851,-0.035154
5.787959,984.238683,6.074564,0.000000,-0.002680,-0.882039,0.000000,-0.002680,8.852603,0.000000,-0.004020,-0.141126,0.000000,-0.008040,-0.080246,-0.610771,9.738191,0.027697,-0.064980,-0.034088
5.797693,984.248341,6.074564,0.000000,-0.002680,-0.882039,0.000000,-0.002680,8.852603,0.000000,-0.004020,-0.141126,0.000000,-0.008040,-0.089860,-0.608318,9.721416,0.028761,-0.064980,-0.034088
5.807613,984.257943,6.074564,0.000000,-0.002680,-0.882039,0.000000,-0.002680,8.852603,0.000000,-0.004020,-0.141126,0.000000,-0.008040,-0.086230,-0.615479,9.739368,0.027697,-0.062851,-0.035154
5.817890,984.267489,6.074564,0.000000,-0.002680,-0.882039,0.000000,-0.002680,8.852603,0.000000,-0.004020,-0.141126,0.000000,-0.008040,-0.081423,-0.598802,9.736916,0.028761,-0.063916,-0.034088
5.827600,984.277193,6.074564,0.000000,-0.002680,-0.882039,0.000000,-0.002680,8.852603,0.000000,-0.004020,-0.141126,0.000000,-0.008040,-0.087407,-0.604787,9.745352,0.029828,-0.062851,-0.031959
5.837894,984.286708,6.074564,0.000000,-0.002680,-0.882039,0.000000,-0.002680,8.852603,0.000000,-0.004020,-0.141126,0.000000,-0.008040,-0.087407,-0.595173,9.744175,0.029828,-0.062851,-0.034088
5.847733,984.296016,6.074564,0.000000,-0.002680,-0.880505,0.000000,-0.002680,8.854137,0.000000,-0.004020,-0.141126,0.000000,-0.008040,-0.089860,-0.607141,9.733384,0.029828,-0.062851,-0.033023
5.857585,984.305559,6.074564,0.000000,-0.002680,-0.882039,0.000000,-0.002680,8.852603,0.000000,-0.004020,-0.141126,0.000000,-0.008040,-0.088584,-0.615479,9.745352,0.028761,-0.061785,-0.035154
5.867792,984.315342,6.074564,0.000000,-0.002680,-0.882039,0.000000,-0.002680,8.852603,0.000000,-0.004020,-0.141126,0.000000,-0.008040,-0.087407,-0.596350,9.747707,0.030892,-0.063916,-0.035154
5.878126,984.324773,6.074564,0.000000,-0.002680,-0.882039,0.000000,-0.002680,8.854137,0.000000,-0.004020,-0.141126,0.000000,-0.008040,-0.088584,-0.597527,9.729754,0.029828,-0.063916,-0.035154
5.887905,984.334409,6.074564,0.000000,-0.002680,-0.882039,0.000000,-0.002680,8.852603,0.000000,-0.004020,-0.141126,0.000000,-0.008040,-0.088584,-0.592720,9.738191,0.029828,-0.062851,-0.033023
5.897862,984.343773,6.074564,0.000000,-0.002680,-0.880505,0.000000,-0.002680,8.852603,0.000000,-0.004020,-0.141126,0.000000,-0.008040,-0.086230,-0.578398,9.747707,0.030892,-0.063916,-0.034088
5.907782,984.353322,6.074564,0.000000,-0.002680,-0.882039,0.000000,-0.002680,8.852603,0.000000,-0.004020,-0.141126,0.000000,-0.008040,-0.091037,-0.586736,9.756143,0.029828,-0.063916,-0.034088
5.917843,984.363036,6.074564,0.000000,-0.002680,-0.882039,0.000000,-0.002680,8.852603,0.000000,-0.004020,-0.141126,0.000000,-0.008040,-0.095844,-0.592720,9.752513,0.029828,-0.062851,-0.034088
5.927950,984.382192,6.074564,0.000000,-0.002680,-0.882039,0.000000,-0.002680,8.852603,0.000000,-0.004020,-0.141126,0.000000,-0.008040,-0.083777,-0.593996,9.745352,0.028761,-0.062851,-0.035154
5.938065,984.391679,6.074564,0.000000,-0.002680,-0.880505,0.000000,-0.002680,8.852603,0.000000,-0.004020,-0.141126,0.000000,-0.008040,-0.087407,-0.591543,9.758498,0.028761,-0.064980,-0.034088
5.948013,984.401068,6.076098,0.000000,-0.002680,-0.882039,0.000000,-0.002680,8.852603,0.000000,-0.004020,-0.141126,0.000000,-0.008040,-0.081423,-0.598802,9.748884,0.027697,-0.064980,-0.035154
5.957825,984.410773,6.074564,0.000000,-0.002680,-0.882039,0.000000,-0.002680,8.852603,0.000000,-0.004020,-0.141126,0.000000,-0.008040,-0.085053,-0.617932,9.757320,0.028761,-0.063916,-0.035154
5.967951,984.420334,6.074564,0.000000,-0.002680,-0.882039,0.000000,-0.002680,8.852603,0.000000,-0.004020,-0.141126,0.000000,-0.008040,-0.082600,-0.598802,9.753691,0.028761,-0.063916,-0.035154
5.977961,984.429979,6.074564,0.000000,-0.002680,-0.880505,0.000000,-0.002680,8.854137,0.000000,-0.004020,-0.141126,0.000000,-0.008040,-0.081423,-0.610771,9.754868,0.028761,-0.062851,-0.034088
5.987602,984.439526,6.074564,0.000000,-0.002680,-0.880505,0.000000,-0.002680,8.852603,0.000000,-0.004020,-0.141126,0.000000,-0.008040,-0.088584,-0.617932,9.754868,0.030892,-0.062851,-0.033023
5.997645,984.448845,6.074564,0.000000,-0.002680,-0.880505,0.000000,-0.002680,8.852603,0.000000,-0.004020,-0.141126,0.000000,-0.008040,-0.085053,-0.611948,9.758498,0.030892,-0.063916,-0.034088
6.007701,984.458656,6.074564,0.000000,-0.002680,-0.880505,0.000000,-0.002680,8.852603,0.000000,-0.004020,-0.141126,0.000000,-0.008040,-0.079069,-0.616755,9.754868,0.028761,-0.062851,-0.034088
6.017950,984.468171,6.074564,0.000000,-0.002680,-0.882039,0.000000,-0.002680,8.854137,0.000000,-0.004020,-0.141126,0.000000,-0.008040,-0.094568,-0.611948,9.746529,0.030892,-0.064980,-0.033023
6.027769,984.477561,6.074564,0.000000,-0.002680,-0.882039,0.000000,-0.002680,8.852603,0.000000,-0.004020,-0.141126,0.000000,-0.008040,-0.085053,-0.617932,9.748884,0.029828,-0.063916,-0.034088
6.037535,984.487085,6.074564,0.000000,-0.002680,-0.880505,0.000000,-0.002680,8.852603,0.000000,-0.004020,-0.141126,0.000000,-0.008040,-0.094568,-0.604787,9.730931,0.031959,-0.063916,-0.033023
6.047542,984.496730,6.074564,0.000000,-0.002680,-0.880505,0.000000,-0.002680,8.852603,0.000000,-0.004020,-0.141126,0.000000,-0.008040,-0.085053,-0.603511,9.742900,0.030892,-0.063916,-0.035154
6.057836,984.506125,6.074564,0.000000,-0.002680,-0.880505,0.000000,-0.002680,8.852603,0.000000,-0.004020,-0.141126,0.000000,-0.008040,-0.074262,-0.597527,9.751336,0.029828,-0.063916,-0.035154
6.067669,984.515699,6.074564,0.000000,-0.002680,-0.880505,0.000000,-0.002680,8.852603,0.000000,-0.004020,-0.141126,0.000000,-0.008040,-0.087407,-0.591543,9.744175,0.031959,-0.064980,-0.035154
6.077983,984.525147,6.074564,0.000000,-0.002680,-0.880505,0.000000,-0.002680,8.852603,0.000000,-0.004020,-0.141126,0.000000,-0.008040,-0.085053,-0.597527,9.744175,0.028761,-0.062851,-0.033023
6.087781,984.534911,6.074564,0.000000,-0.002680,-0.880505,0.000000,-0.002680,8.852603,0.000000,-0.004020,-0.141126,0.000000,-0.008040,-0.089860,-0.591543,9.739368,0.027697,-0.063916,-0.034088
6.097942,984.544383,6.074564,0.000000,-0.002680,-0.882039,0.000000,-0.002680,8.852603,0.000000,-0.004020,-0.141126,0.000000,-0.008040,-0.088584,-0.584382,9.747707,0.028761,-0.062851,-0.034088
6.107725,984.553844,6.074564,0.000000,-0.002680,-0.882039,0.000000,-0.002680,8.852603,0.000000,-0.004020,-0.141126,0.000000,-0.008040,-0.081423,-0.591543,9.738191,0.029828,-0.062851,-0.034088
6.118142,984.563675,6.074564,0.000000,-0.002680,-0.880505,0.000000,-0.002680,8.852603,0.000000,-0.004020,-0.141126,0.000000,-0.008040,-0.086230,-0.595173,9.740545,0.028761,-0.063916,-0.034088
6.127885,984.582556,6.074564,0.000000,-0.002680,-0.880505,0.000000,-0.002680,8.852603,0.000000,-0.004020,-0.141126,0.000000,-0.008040,-0.082600,-0.598802,9.729754,0.028761,-0.062851,-0.034088
6.137793,984.592091,6.074564,0.000000,-0.002680,-0.882039,0.000000,-0.002680,8.852603,0.000000,-0.004020,-0.141126,0.000000,-0.008040,-0.099375,-0.596350,9.740545,0.028761,-0.063916,-0.035154
6.148124,984.601786,6.074564,0.000000,-0.002680,-0.880505,0.000000,-0.002680,8.852603,0.000000,-0.004020,-0.141126,0.000000,-0.008040,-0.088584,-0.610771,9.724947,0.030892,-0.063916,-0.034088
6.157683,984.611383,6.074564,0.000000,-0.002680,-0.880505,0.000000,-0.002680,8.852603,0.000000,-0.004020,-0.141126,0.000000,-0.008040,-0.082600,-0.598802,9.746529,0.030892,-0.062851,-0.035154
6.168084,984.620785,6.074564,0.000000,-0.002680,-0.880505,0.000000,-0.002680,8.852603,0.000000,-0.004020,-0.141126,0.000000,-0.008040,-0.089860,-0.621464,9.751336,0.030892,-0.063916,-0.034088
6.177873,984.630526,6.074564,0.000000,-0.002680,-0.882039,0.000000,-0.002680,8.852603,0.000000,-0.004020,-0.141126,0.000000,-0.008040,-0.087407,-0.611948,9.757320,0.030892,-0.063916,-0.035154
6.187557,984.639768,6.074564,0.000000,-0.002680,-0.882039,0.000000,-0.002680,8.854137,0.000000,-0.004020,-0.141126,0.000000,-0.008040,-0.085053,-0.614302,9.744175,0.029828,-0.063916,-0.034088
6.197963,984.649428,6.074564,0.000000,-0.002680,-0.882039,0.000000,-0.002680,8.852603,0.000000,-0.004020,-0.141126,0.000000,-0.008040,-0.083777,-0.609495,9.744175,0.029828,-0.063916,-0.034088
6.207924,984.658840,6.076098,0.000000,-0.002680,-0.880505,0.000000,-0.002680,8.852603,0.000000,-0.004020,-0.141126,0.000000,-0.008040,-0.083777,-0.608318,9.744175,0.030892,-0.063916,-0.035154
6.217899,984.668498,6.074564,0.000000,-0.002680,-0.882039,0.000000,-0.002680,8.852603,0.000000,-0.004020,-0.141126,0.000000,-0.008040,-0.085053,-0.620286,9.750159,0.029828,-0.063916,-0.035154
6.227917,984.678295,6.074564,0.000000,-0.002680,-0.882039,0.000000,-0.002680,8.852603,0.000000,-0.004020,-0.141126,0.000000,-0.008040,-0.089860,-0.610771,9.748884,0.028761,-0.063916,-0.034088
6.237670,984.687601,6.074564,0.000000,-0.002680,-0.880505,0.000000,-0.002680,8.852603,0.000000,-0.004020,-0.141126,0.000000,-0.008040,-0.085053,-0.601157,9.751336,0.028761,-0.062851,-0.034088
6.247741,984.697293,6.074564,0.000000,-0.002680,-0.882039,0.000000,-0.002680,8.852603,0.000000,-0.004020,-0.141126,0.000000,-0.008040,-0.074262,-0.598802,9.744175,0.028761,-0.062851,-0.031959
6.257682,984.706863,6.074564,0.000000,-0.002680,-0.882039,0.000000,-0.002680,8.852603,0.000000,-0.004020,-0.141126,0.000000,-0.008040,-0.083777,-0.613125,9.754868,0.027697,-0.063916,-0.034088
6.267973,984.716431,6.074564,0.000000,-0.002680,-0.882039,0.000000,-0.002680,8.852603,0.000000,-0.004020,-0.141126,0.000000,-0.008040,-0.089860,-0.608318,9.729754,0.029828,-0.062851,-0.036219
6.278034,984.725843,6.074564,0.000000,-0.002680,-0.882039,0.000000,-0.002680,8.852603,0.000000,-0.004020,-0.141126,0.000000,-0.008040,-0.082600,-0.595173,9.734561,0.029828,-0.063916,-0.035154
6.287612,984.735526,6.074564,0.000000,-0.002680,-0.880505,0.000000,-0.002680,8.852603,0.000000,-0.004020,-0.141126,0.000000,-0.008040,-0.098198,-0.604787,9.734561,0.027697,-0.062851,-0.035154
6.297868,984.744786,6.074564,0.000000,0.036180,-0.882039,0.000000,-0.048240,8.852603,0.000000,0.041540,-0.141126,0.000000,-0.060300,-0.083777,-0.601157,9.728577,0.029828,-0.063916,-0.035154
6.307645,984.754408,6.074564,0.000000,0.032160,-0.883573,0.000000,-0.042880,8.855671,0.000000,0.041540,-0.141126,0.000000,-0.056280,-0.097021,-0.588011,9.752513,0.029828,-0.062851,-0.034088
6.317939,984.764237,6.077632,0.000000,0.033500,-0.888175,-0.023981,-0.041540,8.858739,0.023981,0.042880,-0.142660,0.000000,-0.075040,-0.094568,-0.607141,9.746529,0.028761,-0.062851,-0.034088
6.327660,984.782977,6.083768,0.023981,0.034840,-0.894311,-0.071942,-0.045560,8.864875,0.071942,0.048240,-0.147262,0.000000,-0.087100,-0.047873,-0.276642,9.812354,0.079894,-0.059655,-0.035154
6.338049,984.792920,6.092972,0.095923,0.037520,-0.903515,-0.143885,-0.049580,8.872545,0.143885,0.053600,-0.154932,-0.071942,-0.085760,-0.138910,0.035905,9.865132,0.099070,-0.057524,-0.037284
6.347838,984.802144,6.102176,0.191847,0.036180,-0.911185,-0.239808,-0.050920,8.880215,0.215827,0.054940,-0.162602,-0.143885,-0.083080,-0.183251,0.423890,9.833936,0.119309,-0.056460,-0.037284
6.357665,984.811918,6.112913,0.311751,0.033500,-0.921922,-0.383693,-0.053600,8.890953,0.335732,0.057620,-0.173340,-0.263789,-0.087100,-0.278996,0.692194,9.577699,0.084156,-0.061785,-0.024501
6.367979,984.821458,6.125185,0.455636,0.033500,-0.935728,-0.527578,-0.056280,8.901691,0.479616,0.057620,-0.185612,-0.383693,-0.089780,-0.203558,0.601157,9.686688,0.056460,-0.066047,-0.034088
6.377876,984.831003,6.138991,0.623501,0.030820,-0.948000,-0.671463,-0.056280,8.913962,0.599521,0.060300,-0.196350,-0.551559,-0.091120,-0.207187,0.656191,9.631556,0.047937,-0.055393,-0.050068
6.387907,984.840487,6.152797,0.815348,0.028140,-0.963340,-0.815348,-0.056280,8.927768,0.743406,0.064320,-0.211689,-0.719425,-0.089780,-0.210719,0.540041,10.207599,0.105462,-0.036219,-0.026632
6.397694,984.850188,6.169671,0.983214,0.028140,-0.977146,-0.935252,-0.057620,8.941574,0.887290,0.064320,-0.225495,-0.887290,-0.093800,-0.185605,0.876622,10.283038,0.160855,-0.034088,0.002131
6.407642,984.859543,6.186545,1.127099,0.025460,-0.992486,-1.079137,-0.054940,8.956914,1.007195,0.061640,-0.240835,-1.031175,-0.088440,-0.213171,0.979529,9.645977,-0.002131,-0.039415,-0.009587
6.417741,984.869257,6.203418,1.247003,0.028140,-1.009359,-1.199041,-0.061640,8.972254,1.127099,0.064320,-0.257709,-1.151080,-0.089780,-0.180798,0.273012,9.535811,-0.189618,-0.083090,-0.042610
6.427995,984.878503,6.224894,1.390888,0.026800,-1.026233,-1.294964,-0.056280,8.989127,1.247003,0.060300,-0.276117,-1.270984,-0.085760,-0.108989,0.089860,9.412401,-0.066047,-0.068176,-0.029828
6.437727,984.888314,6.241768,1.486811,0.029480,-1.047709,-1.390888,-0.058960,9.007535,1.318945,0.065660,-0.294524,-1.366907,-0.087100,-0.037082,0.284981,9.903391,0.139550,-0.059655,-0.013849
6.448025,984.897842,6.263244,1.582734,0.029480,-1.067651,-1.510792,-0.057620,9.027477,1.438849,0.067000,-0.314466,-1.486811,-0.085760,-0.093391,0.377194,10.177679,0.140614,-0.055393,-0.010653
6.457791,984.907420,6.283185,1.654677,0.029480,-1.089126,-1.606715,-0.057620,9.045885,1.534773,0.062980,-0.334408,-1.582734,-0.087100,-0.106537,0.299401,9.867487,-0.019174,-0.067111,-0.039415
6.467980,984.916695,6.306195,1.750600,0.028140,-1.109068,-1.702638,-0.058960,9.068894,1.654677,0.056280,-0.357418,-1.678658,-0.085760,-0.123312,-0.534056,9.939296,-0.153399,-0.080961,-0.063916
6.477769,984.926457,6.327671,1.846523,0.026800,-1.132078,-1.798562,-0.058960,9.088836,1.750600,0.054940,-0.378893,-1.774581,-0.087100,-0.107812,-0.165299,9.677075,0.020241,-0.072438,-0.050068
6.487835,984.936049,6.352214,1.918466,0.025460,-1.155088,-1.894485,-0.058960,9.111846,1.846523,0.052260,-0.401903,-1.870504,-0.077720,-0.177267,-0.031098,9.895053,0.123571,-0.059655,-0.037284
6.497662,984.945464,6.375224,2.014389,0.022780,-1.178097,-1.990408,-0.058960,9.137924,1.966428,0.046900,-0.424913,-1.990408,-0.076380,-0.271835,-0.080246,9.686688,0.015978,-0.064980,-0.036219
6.507961,984.954975,6.399768,2.110313,0.021440,-1.204175,-2.086332,-0.060300,9.164001,2.086332,0.042880,-0.452524,-2.086332,-0.076380,-0.280174,-0.225140,9.291443,-0.108657,-0.086286,-0.041546
6.517714,984.964556,6.424312,2.182255,0.020100,-1.230253,-2.182255,-0.060300,9.188545,2.182255,0.044220,-0.477068,-2.158274,-0.076380,-0.201203,-0.506588,9.427999,-0.072438,-0.094808,-0.039415
6.527562,984.974102,6.451923,2.254197,0.020100,-1.256330,-2.254197,-0.061640,9.214623,2.254197,0.042880,-0.503146,-2.254197,-0.071020,-0.233478,-0.294594,9.770466,0.090548,-0.058589,-0.018110
6.537870,984.983806,6.476467,2.326140,0.020100,-1.283942,-2.350121,-0.060300,9.240700,2.350121,0.042880,-0.529223,-2.326140,-0.067000,-0.322160,-0.273012,10.417141,0.188551,-0.024501,-0.004260
6.548002,984.993092,6.504079,2.398082,0.020100,-1.311554,-2.422063,-0.058960,9.268312,2.446044,0.041540,-0.558369,-2.398082,-0.062980,-0.041889,0.105359,10.138145,0.112918,-0.025566,-0.012783
6.557879,985.002723,6.531690,2.470025,0.018760,-1.337631,-2.494006,-0.058960,9.294390,2.494006,0.038860,-0.584447,-2.470025,-0.056280,-0.063471,-0.258690,9.726223,-0.124636,-0.058589,-0.025566
6.567624,985.021937,6.559302,2.517987,0.017420,-1.363709,-2.541967,-0.057620,9.323535,2.565948,0.037520,-0.610524,-2.517987,-0.056280,0.049050,-0.573591,9.392094,-0.022370,-0.075634,-0.033023
6.577993,985.031594,6.586914,2.565948,0.017420,-1.392855,-2.589929,-0.057620,9.352681,2.613910,0.036180,-0.641204,-2.565948,-0.052260,-0.058664,-0.623916,9.865132,0.109722,-0.041546,-0.025566
6.587934,985.040882,6.612991,2.613910,0.017420,-1.420466,-2.637891,-0.057620,9.377225,2.637891,0.034840,-0.668816,-2.613910,-0.046900,0.023936,-0.512572,10.133338,0.161919,-0.028761,-0.031959
6.597865,985.050460,6.642137,2.637891,0.017420,-1.448078,-2.685852,-0.057620,9.406370,2.685852,0.034840,-0.696427,-2.637891,-0.049580,-0.050325,-0.559268,10.153644,0.059655,-0.050068,-0.039415
6.607638,985.060066,6.668214,2.661871,0.017420,-1.474156,-2.709833,-0.057620,9.433982,2.709833,0.037520,-0.722505,-2.685852,-0.049580,-0.035905,-0.631077,9.859050,-0.043675,-0.082025,-0.047937
6.617914,985.069827,6.697360,2.685852,0.016080,-1.503301,-2.733814,-0.057620,9.464661,2.733814,0.034840,-0.753185,-2.709833,-0.050920,-0.087407,-0.542493,9.468710,-0.078830,-0.106526,-0.044742
6.627743,985.079048,6.724972,2.709833,0.016080,-1.530913,-2.757795,-0.058960,9.489205,2.757795,0.032160,-0.780796,-2.733814,-0.053600,-0.094568,-0.622739,9.296250,-0.067111,-0.112918,-0.044742
6.638098,985.088685,6.755651,2.733814,0.016080,-1.561592,-2.781776,-0.060300,9.518351,2.781776,0.032160,-0.809942,-2.757795,-0.048240,-0.216703,-0.742421,9.447128,-0.043675,-0.104395,-0.037284
6.648097,985.098337,6.783263,2.757795,0.014740,-1.589204,-2.781776,-0.060300,9.547496,2.781776,0.032160,-0.840621,-2.781776,-0.050920,-0.360419,-0.598802,9.542972,0.062851,-0.063916,-0.026632
6.657856,985.107910,6.809341,2.781776,0.014740,-1.618350,-2.805756,-0.057620,9.575108,2.805756,0.033500,-0.866699,-2.781776,-0.050920,-0.342467,-0.419083,9.776450,0.126767,-0.035154,-0.020241
6.667664,985.117493,6.840020,2.781776,0.017420,-1.644427,-2.829737,-0.056280,9.604254,2.805756,0.037520,-0.895845,-2.805756,-0.052260,-0.302933,-0.292240,9.910553,0.122505,-0.015978,-0.015978
6.677994,985.127016,6.870700,2.805756,0.018760,-1.675107,-2.829737,-0.057620,9.633399,2.805756,0.034840,-0.924990,-2.829737,-0.049580,-0.215526,-0.091037,9.762127,0.073503,-0.043675,-0.010653
6.688024,985.136673,6.898312,2.805756,0.018760,-1.704253,-2.853718,-0.057620,9.662545,2.805756,0.033500,-0.955670,-2.829737,-0.049580,-0.153330,-0.409568,9.844727,-0.075634,-0.076698,-0.019174
6.697692,985.145874,6.924389,2.805756,0.018760,-1.731864,-2.853718,-0.057620,9.688623,2.805756,0.033500,-0.983282,-2.829737,-0.049580,-0.041889,-0.360419,9.907021,-0.017045,-0.073503,-0.009587
6.707965,985.155583,6.953535,2.805756,0.018760,-1.762544,-2.877699,-0.053600,9.717768,2.829737,0.033500,-1.013961,-2.829737,-0.045560,0.004807,-0.439488,10.087819,0.024501,-0.057524,-0.006391
6.717728,985.165063,6.982681,2.805756,0.017420,-1.790156,-2.877699,-0.050920,9.745380,2.829737,0.032160,-1.041573,-2.853718,-0.041540,0.014323,-0.672966,9.920166,-0.044742,-0.044742,-0.028761
6.727676,985.174661,7.010292,2.829737,0.017420,-1.819301,-2.877699,-0.050920,9.772992,2.829737,0.032160,-1.069185,-2.853718,-0.041540,0.037082,-0.675419,10.090174,0.022370,-0.051133,-0.039415
6.738020,985.184190,7.040972,2.829737,0.016080,-1.849981,-2.901680,-0.050920,9.803671,2.829737,0.029480,-1.101398,-2.853718,-0.038860,-0.011968,-0.240737,9.523842,0.053264,-0.061785,-0.037284
6.747989,985.193693,7.070117,2.829737,0.014740,-1.879126,-2.901680,-0.050920,9.832817,2.829737,0.028140,-1.130544,-2.877699,-0.034840,-0.043066,-0.970013,9.406417,-0.151268,-0.091612,-0.069242
6.757923,985.203219,7.099263,2.829737,0.013400,-1.906738,-2.901680,-0.049580,9.860429,2.853718,0.028140,-1.158155,-2.877699,-0.040200,0.032373,-0.645498,8.989688,-0.095874,-0.132093,-0.075634
6.767805,985.212862,7.126875,2.853718,0.014740,-1.934350,-2.901680,-0.050920,9.888040,2.853718,0.025460,-1.187301,-2.877699,-0.044220,-0.057487,-1.077727,9.657945,0.026632,-0.083090,-0.027697
6.777594,985.231822,7.156020,2.853718,0.014740,-1.963495,-2.901680,-0.050920,9.917186,2.853718,0.026800,-1.216447,-2.877699,-0.040200,-0.255060,-0.900558,9.971669,0.117180,-0.018110,-0.041546
6.787937,985.241699,7.185166,2.853718,0.016080,-1.992641,-2.901680,-0.048240,9.946331,2.853718,0.029480,-1.247126,-2.877699,-0.040200,-0.252706,-0.619109,9.774095,0.103330,-0.022370,-0.041546
6.797840,985.251170,7.212778,2.853718,0.016080,-2.020253,-2.901680,-0.046900,9.975477,2.853718,0.029480,-1.274738,-2.877699,-0.042880,-0.247899,-0.665805,9.820791,-0.003196,-0.047937,-0.062851
6.807669,985.260750,7.241923,2.853718,0.020100,-2.049398,-2.901680,-0.046900,10.006157,2.853718,0.030820,-1.303884,-2.877699,-0.046900,-0.228769,-0.783132,10.146483,0.044742,-0.039415,-0.059655
6.817906,985.270030,7.272603,2.853718,0.022780,-2.078544,-2.877699,-0.048240,10.035302,2.853718,0.032160,-1.334563,-2.877699,-0.042880,-0.287433,-0.622739,9.980007,0.047937,-0.037284,-0.036219
6.827750,985.279719,7.300215,2.853718,0.022780,-2.106156,-2.877699,-0.049580,10.061380,2.853718,0.032160,-1.360641,-2.877699,-0.042880,-0.067100,-0.446649,9.968039,-0.022370,-0.053264,-0.067111
6.838070,985.289278,7.329360,2.853718,0.022780,-2.135301,-2.877699,-0.046900,10.092060,2.853718,0.033500,-1.391321,-2.877699,-0.045560,-0.256237,-0.554461,9.908198,0.037284,-0.029828,-0.035154
6.847551,985.298980,7.356972,2.853718,0.021440,-2.161379,-2.877699,-0.045560,10.119671,2.853718,0.033500,-1.418932,-2.877699,-0.045560,-0.046696,-0.544847,9.732207,0.014914,-0.046871,-0.126767
6.857874,985.308257,7.384584,2.853718,0.021440,-2.193593,-2.877699,-0.046900,10.148817,2.853718,0.032160,-1.448078,-2.877699,-0.040200,0.093391,-0.225140,9.071111,-0.015978,-0.089483,-0.209857
6.867764,985.317872,7.415263,2.853718,0.021440,-2.222738,-2.877699,-0.046900,10.174895,2.853718,0.032160,-1.477223,-2.877699,-0.038860,0.220333,-0.498152,9.162148,-0.136354,-0.124636,-0.264185
6.878088,985.327641,7.445943,2.853718,0.021440,-2.251884,-2.877699,-0.046900,10.205574,2.853718,0.029480,-1.506369,-2.877699,-0.044220,0.073085,-0.900558,9.327446,-0.074569,-0.064980,-0.301469
6.887858,985.336918,7.473554,2.853718,0.018760,-2.279495,-2.877699,-0.048240,10.231652,2.853718,0.026800,-1.533981,-2.877699,-0.044220,0.085053,-0.861024,9.739368,0.075634,0.009587,-0.302535
6.897781,985.346433,7.502700,2.853718,0.017420,-2.307107,-2.877699,-0.046900,10.263865,2.853718,0.025460,-1.563126,-2.877699,-0.041540,-0.103005,-0.325692,9.914182,0.324905,0.086286,-0.279099
6.907696,985.356257,7.531846,2.853718,0.017420,-2.336253,-2.877699,-0.045560,10.293011,2.853718,0.024120,-1.592272,-2.877699,-0.044220,-0.395147,-0.502959,10.384768,0.320645,0.083090,-0.287622
6.917651,985.365880,7.560991,2.877699,0.017420,-2.365398,-2.877699,-0.045560,10.322157,2.877699,0.021440,-1.619884,-2.877699,-0.046900,-0.067100,-0.395147,9.813630,-0.033023,-0.053264,-0.411193
6.927994,985.375084,7.588603,2.877699,0.017420,-2.394544,-2.877699,-0.042880,10.351302,2.877699,0.021440,-1.650563,-2.877699,-0.042880,-0.138910,-0.853862,9.536988,-0.336623,-0.143810,-0.444216
6.937885,985.384899,7.617749,2.877699,0.017420,-2.422156,-2.877699,-0.044220,10.378914,2.877699,0.020100,-1.678175,-2.877699,-0.042880,0.011968,-1.122068,9.521390,-0.176833,-0.116113,-0.354733
6.947913,985.394257,7.646894,2.877699,0.017420,-2.451301,-2.877699,-0.045560,10.408060,2.901680,0.020100,-1.708855,-2.877699,-0.046900,-0.075439,-1.237041,9.596829,-0.096939,-0.064980,-0.267381
6.957684,985.403715,7.676040,2.877699,0.017420,-2.477379,-2.853718,-0.045560,10.437205,2.901680,0.021440,-1.736466,-2.901680,-0.048240,-0.173637,-1.098131,9.741722,0.133158,0.012783,-0.268447
6.967692,985.413605,7.705185,2.877699,0.017420,-2.508059,-2.853718,-0.044220,10.466351,2.901680,0.022780,-1.765612,-2.901680,-0.042880,-0.316176,-0.712500,10.174049,0.345146,0.057524,-0.274839
6.978066,985.432583,7.732797,2.877699,0.018760,-2.538738,-2.853718,-0.044220,10.495497,2.901680,0.024120,-1.796292,-2.901680,-0.037520,-0.137732,-0.463424,9.492647,-0.208792,-0.115049,-0.361124
6.987832,985.441910,7.760409,2.877699,0.018760,-2.567884,-2.853718,-0.044220,10.524642,2.901680,0.024120,-1.823903,-2.901680,-0.038860,-0.262221,-0.905365,8.887958,-0.458063,-0.169377,-0.397343
6.997655,985.451697,7.789554,2.877699,0.018760,-2.593962,-2.853718,-0.046900,10.553788,2.901680,0.022780,-1.853049,-2.901680,-0.045560,0.082600,-1.195152,9.126243,-0.254598,-0.113984,-0.339819
7.008050,985.461066,7.820234,2.877699,0.018760,-2.624641,-2.853718,-0.045560,10.582933,2.901680,0.021440,-1.882194,-2.901680,-0.046900,-0.130571,-0.731630,9.752513,0.278034,0.024501,-0.241815
7.018000,985.470675,7.849380,2.877699,0.018760,-2.652253,-2.853718,-0.046900,10.612079,2.901680,0.021440,-1.911340,-2.877699,-0.040200,-0.329322,-0.494620,10.110578,0.442085,0.106526,-0.192814
7.027804,985.480227,7.878525,2.877699,0.018760,-2.681398,-2.853718,-0.044220,10.639691,2.877699,0.020100,-1.938952,-2.877699,-0.037520,-0.312547,-0.146071,10.062706,0.284426,0.054329,-0.216248
7.037708,985.489702,7.904603,2.877699,0.017420,-2.709010,-2.853718,-0.042880,10.668836,2.877699,0.020100,-1.968097,-2.877699,-0.040200,-0.104182,-0.311369,9.778902,-0.066047,-0.090548,-0.299340
7.047875,985.499449,7.933749,2.877699,0.017420,-2.739690,-2.853718,-0.041540,10.697982,2.901680,0.020100,-1.995709,-2.877699,-0.046900,-0.086230,-1.096954,9.574070,-0.397343,-0.185356,-0.350473
7.057743,985.509084,7.964428,2.877699,0.018760,-2.765767,-2.853718,-0.042880,10.727128,2.901680,0.018760,-2.023321,-2.877699,-0.046900,-0.031098,-1.391549,9.189714,-0.358993,-0.155528,-0.355798
7.067666,985.518494,7.992040,2.877699,0.018760,-2.796447,-2.853718,-0.044220,10.756273,2.901680,0.020100,-2.052466,-2.877699,-0.044220,-0.057487,-1.430985,9.552487,-0.026632,-0.046871,-0.365386
7.077655,985.528152,8.019652,2.877699,0.020100,-2.822525,-2.853718,-0.044220,10.785419,2.901680,0.021440,-2.081612,-2.877699,-0.042880,0.164023,-0.863378,9.887793,0.300404,0.047937,-0.365386
7.087977,985.537697,8.047263,2.877699,0.020100,-2.854738,-2.853718,-0.041540,10.813031,2.901680,0.025460,-2.110758,-2.877699,-0.045560,-0.100553,-0.300578,10.596762,0.509196,0.121440,-0.316383
7.097859,985.547276,8.076409,2.877699,0.021440,-2.880816,-2.853718,-0.042880,10.842176,2.901680,0.025460,-2.138369,-2.877699,-0.046900,-0.070632,0.553284,10.202792,0.365386,0.010653,-0.313187
7.107635,985.556661,8.104021,2.877699,0.022780,-2.909962,-2.853718,-0.045560,10.871322,2.877699,0.026800,-2.167515,-2.877699,-0.044220,-0.190412,-0.276642,9.370512,-0.418649,-0.155528,-0.392017
7.117941,985.566408,8.133166,2.877699,0.022780,-2.940641,-2.853718,-0.046900,10.898933,2.877699,0.026800,-2.195127,-2.853718,-0.042880,-0.238285,-1.245380,8.386177,-0.805340,-0.237553,-0.482564
7.127694,985.575886,8.160778,2.877699,0.021440,-2.968253,-2.853718,-0.046900,10.928079,2.877699,0.028140,-2.224272,-2.853718,-0.042880,-0.308917,-1.599913,8.705884,-0.428236,-0.182160,-0.510261
7.138045,985.585363,8.189923,2.853718,0.021440,-2.997398,-2.853718,-0.048240,10.957225,2.877699,0.026800,-2.253418,-2.853718,-0.049580,-0.123312,-1.197507,9.085532,0.181095,0.027697,-0.487891
7.147734,985.594788,8.216001,2.853718,0.021440,-3.025010,-2.853718,-0.048240,10.984836,2.877699,0.025460,-2.281029,-2.853718,-0.049580,-0.244269,-0.662175,10.411157,0.673247,0.207727,-0.436758
7.158117,985.604277,8.246681,2.853718,0.021440,-3.055690,-2.853718,-0.045560,11.015516,2.877699,0.025460,-2.308641,-2.853718,-0.042880,-0.112521,0.292240,10.624328,0.714793,0.175769,-0.388821
7.167879,985.614171,8.275826,2.853718,0.020100,-3.083301,-2.853718,-0.045560,11.041594,2.877699,0.024120,-2.336253,-2.853718,-0.042880,-0.037082,0.171283,10.806304,0.220510,0.012783,-0.404801
7.177723,985.623486,8.303438,2.853718,0.020100,-3.112447,-2.853718,-0.045560,11.070739,2.877699,0.028140,-2.365398,-2.853718,-0.044220,-0.161669,-0.752035,9.950087,-0.544351,-0.205596,-0.547546
7.188091,985.633068,8.332584,2.853718,0.021440,-3.141593,-2.853718,-0.046900,11.101419,2.877699,0.029480,-2.396078,-2.853718,-0.049580,-0.360419,-1.904023,9.225618,-0.959804,-0.230097,-0.678574
7.197778,985.652278,8.360195,2.853718,0.022780,-3.170738,-2.853718,-0.046900,11.127497,2.877699,0.028140,-2.423690,-2.853718,-0.049580,-0.062294,-0.952060,9.832759,0.119309,0.056460,-0.613593
7.207999,985.661942,8.389341,2.853718,0.021440,-3.201418,-2.877699,-0.045560,11.155108,2.877699,0.028140,-2.454369,-2.853718,-0.040200,-0.320885,-0.492168,10.105771,0.458063,0.133158,-0.543284
7.217839,985.671107,8.416953,2.853718,0.021440,-3.229030,-2.877699,-0.044220,11.182720,2.853718,0.028140,-2.481981,-2.853718,-0.037520,-0.020405,0.225140,9.507067,0.299340,0.059655,-0.517719
7.227893,985.680692,8.444564,2.853718,0.018760,-3.258175,-2.877699,-0.045560,11.211866,2.853718,0.028140,-2.509593,-2.853718,-0.042880,0.049050,-0.501781,9.642347,-0.221575,-0.091612,-0.584830
7.237628,985.690205,8.473710,2.853718,0.017420,-3.285787,-2.877699,-0.046900,11.239477,2.853718,0.029480,-2.538738,-2.877699,-0.042880,-0.560445,-1.159150,8.589734,-0.618918,-0.178964,-0.713728
7.247876,985.699925,8.502856,2.853718,0.017420,-3.316466,-2.877699,-0.046900,11.270157,2.853718,0.030820,-2.567884,-2.877699,-0.038860,0.511297,-1.124422,8.325060,-0.484695,-0.181095,-0.786164
7.257915,985.709620,8.532001,2.853718,0.018760,-3.345612,-2.877699,-0.046900,11.297769,2.853718,0.032160,-2.597029,-2.877699,-0.036180,0.505313,-0.857394,9.218457,0.042610,-0.046871,-0.731837
7.267765,985.719107,8.559613,2.853718,0.018760,-3.373224,-2.877699,-0.046900,11.326914,2.853718,0.034840,-2.626175,-2.901680,-0.042880,0.392792,-1.014256,12.070911,0.653008,0.108657,-0.549676
7.277739,985.728538,8.588758,2.853718,0.016080,-3.402369,-2.877699,-0.045560,11.352992,2.853718,0.033500,-2.655321,-2.901680,-0.049580,-0.283803,0.046696,12.575047,0.926780,0.233293,-0.366451
7.287712,985.738114,8.616370,2.853718,0.013400,-3.429981,-2.877699,-0.046900,11.382137,2.853718,0.026800,-2.684466,-2.901680,-0.049580,0.043066,1.628656,10.668571,0.634898,0.058589,-0.074569
7.297757,985.747613,8.645516,2.853718,0.012060,-3.457593,-2.877699,-0.045560,11.411283,2.853718,0.028140,-2.712078,-2.901680,-0.045560,-0.329322,-1.520844,10.261456,-1.049285,-0.157659,-0.085221
7.308094,985.757084,8.674661,2.877699,0.013400,-3.489806,-2.877699,-0.046900,11.441963,2.829737,0.029480,-2.742758,-2.877699,-0.045560,-0.911349,-1.877732,8.680771,-0.957673,-0.296144,-0.177900
7.317912,985.766878,8.702273,2.877699,0.016080,-3.518952,-2.877699,-0.044220,11.469574,2.829737,0.032160,-2.768835,-2.877699,-0.045560,0.029921,-1.266961,7.523976,-0.477239,-0.165115,-0.118244
7.327898,985.776338,8.731419,2.877699,0.017420,-3.546564,-2.877699,-0.042880,11.497186,2.829737,0.033500,-2.797981,-2.877699,-0.045560,-0.108989,-1.740000,9.128597,0.191747,0.019174,-0.029828
7.337690,985.785894,8.760564,2.877699,0.017420,-3.575709,-2.877699,-0.042880,11.526332,2.829737,0.032160,-2.827127,-2.877699,-0.042880,-0.437134,-0.361695,10.100965,0.797883,0.105462,-0.009587
7.348035,985.795595,8.791244,2.877699,0.016080,-3.606389,-2.877699,-0.044220,11.555477,2.829737,0.030820,-2.857806,-2.853718,-0.040200,-0.204735,0.298224,10.027978,0.469782,0.014914,-0.027697
7.357894,985.805090,8.818856,2.877699,0.014740,-3.635534,-2.877699,-0.041540,11.583089,2.829737,0.030820,-2.885418,-2.853718,-0.038860,0.231124,-0.809521,9.921344,-0.344081,-0.138485,-0.125700
7.367772,985.814643,8.848001,2.877699,0.014740,-3.661612,-2.877699,-0.042880,11.610701,2.829737,0.030820,-2.913030,-2.877699,-0.042880,0.008339,-1.019063,9.165777,-0.311058,-0.141681,-0.169377
7.378121,985.824075,8.877147,2.877699,0.014740,-3.693826,-2.877699,-0.044220,11.641380,2.829737,0.028140,-2.943709,-2.877699,-0.040200,0.162846,-1.603445,10.056722,0.072438,-0.013849,-0.112918
7.387846,985.833601,8.904758,2.877699,0.012060,-3.721437,-2.877699,-0.046900,11.670526,2.829737,0.026800,-2.969787,-2.877699,-0.042880,-0.267028,-0.723291,10.045930,0.463390,0.103330,-0.079894
7.397913,985.843281,8.935438,2.877699,0.012060,-3.750583,-2.877699,-0.045560,11.698137,2.829737,0.025460,-2.998932,-2.877699,-0.045560,-0.148523,-0.250253,10.142951,0.262054,0.011718,-0.152332
7.407936,985.852872,8.963050,2.877699,0.012060,-3.779729,-2.877699,-0.044220,11.727283,2.829737,0.025460,-3.028078,-2.877699,-0.050920,-0.302933,-0.858571,9.890246,-0.116113,-0.073503,-0.160855
7.417848,985.871977,8.990661,2.877699,0.012060,-3.807340,-2.877699,-0.045560,11.756429,2.853718,0.026800,-3.055690,-2.877699,-0.050920,0.164023,-0.678950,9.211198,-0.100135,-0.145941,-0.072438
7.427643,985.881188,9.018273,2.877699,0.012060,-3.836486,-2.877699,-0.046900,11.785574,2.853718,0.025460,-3.084835,-2.877699,-0.048240,0.101828,-1.220266,9.510599,-0.094808,-0.090548,-0.042610
7.438010,985.891054,9.048953,2.877699,0.013400,-3.867166,-2.877699,-0.044220,11.814720,2.853718,0.026800,-3.113981,-2.877699,-0.044220,-0.077793,-1.432260,9.758498,0.088417,0.015978,-0.031959
7.448052,985.900665,9.078098,2.877699,0.013400,-3.897845,-2.877699,-0.044220,11.845400,2.853718,0.026800,-3.143127,-2.853718,-0.046900,-0.143716,-0.428697,9.805193,0.383496,0.054329,-0.066047
7.457847,985.909842,9.108778,2.877699,0.012060,-3.925457,-2.877699,-0.042880,11.873011,2.853718,0.026800,-3.170738,-2.853718,-0.048240,-0.189235,-0.293417,9.562101,0.139550,0.002131,-0.152332
7.469074,985.919466,9.140992,2.877699,0.012060,-3.957670,-2.877699,-0.040200,11.906759,2.877699,0.025460,-3.204486,-2.853718,-0.040200,-0.299401,-0.582027,9.376496,-0.085221,-0.052198,-0.119309
7.477740,985.929083,9.165535,2.877699,0.010720,-3.982214,-2.877699,-0.041540,11.931303,2.877699,0.025460,-3.227496,-2.853718,-0.038860,-0.100553,-0.660998,9.408869,-0.067111,-0.116113,-0.082025
7.487576,985.938862,9.194681,2.877699,0.009380,-4.009826,-2.877699,-0.041540,11.960448,2.877699,0.024120,-3.258175,-2.853718,-0.038860,-0.130571,-0.792746,9.430353,-0.057524,-0.116113,-0.084156
7.498011,985.948407,9.225360,2.877699,0.009380,-4.038971,-2.877699,-0.044220,11.988060,2.877699,0.024120,-3.285787,-2.853718,-0.042880,-0.047873,-1.426276,9.999235,-0.004260,-0.058589,-0.074569
7.508140,985.957935,9.254506,2.877699,0.008040,-4.068117,-2.877699,-0.042880,12.018739,2.877699,0.022780,-3.316466,-2.853718,-0.041540,-0.210719,-1.102938,9.869841,0.190682,0.007456,-0.092679
7.517900,985.967188,9.283652,2.877699,0.008040,-4.097263,-2.877699,-0.042880,12.049419,2.877699,0.021440,-3.345612,-2.877699,-0.044220,-0.186782,-0.713677,10.127354,0.199205,0.001065,-0.142745
7.527704,985.976769,9.312797,2.877699,0.006700,-4.126408,-2.877699,-0.041540,12.078565,2.877699,0.020100,-3.373224,-2.877699,-0.042880,-0.211994,-0.627448,9.853066,0.063916,-0.057524,-0.150203
7.537747,985.986435,9.341943,2.877699,0.006700,-4.155554,-2.877699,-0.041540,12.107710,2.877699,0.018760,-3.400835,-2.877699,-0.045560,-0.249076,-1.065758,9.541795,-0.193878,-0.098004,-0.169377
7.547554,985.996067,9.369555,2.901680,0.006700,-4.183166,-2.877699,-0.041540,12.133788,2.877699,0.020100,-3.429981,-2.877699,-0.048240,0.015598,-0.992772,9.618411,-0.101199,-0.113984,-0.132093
7.557837,986.005592,9.398700,2.901680,0.006700,-4.213845,-2.877699,-0.042880,12.164468,2.877699,0.021440,-3.457593,-2.877699,-0.044220,0.075439,-0.680225,9.548956,0.063916,-0.073503,-0.053264
7.567597,986.015193,9.426312,2.877699,0.008040,-4.241457,-2.877699,-0.040200,12.192079,2.877699,0.022780,-3.486738,-2.853718,-0.042880,-0.167653,-1.573524,10.244681,-0.004260,-0.014914,-0.042610
7.577861,986.024615,9.456992,2.877699,0.008040,-4.272136,-2.901680,-0.038860,12.222759,2.901680,0.022780,-3.515884,-2.853718,-0.040200,0.092214,-0.668257,9.989621,0.200270,-0.013849,-0.046871
7.587754,986.034277,9.484603,2.877699,0.008040,-4.301282,-2.901680,-0.040200,12.251905,2.901680,0.025460,-3.545030,-2.853718,-0.040200,0.005984,-0.286158,9.716609,0.168313,-0.030892,-0.021305
7.597918,986.043812,9.513749,2.877699,0.009380,-4.331962,-2.925661,-0.040200,12.279516,2.877699,0.025460,-3.572641,-2.853718,-0.037520,-0.047873,-1.150811,9.766934,-0.174704,-0.105462,-0.068176
7.607686,986.053494,9.542894,2.853718,0.008040,-4.358039,-2.925661,-0.041540,12.308662,2.877699,0.025460,-3.603321,-2.853718,-0.036180,-0.046696,-0.916058,9.057965,-0.154463,-0.131027,-0.089483
7.617919,986.062982,9.572040,2.853718,0.008040,-4.384117,-2.901680,-0.041540,12.340875,2.877699,0.022780,-3.630933,-2.853718,-0.038860,-0.079069,-0.856217,8.990865,-0.041546,-0.099070,-0.094808
7.627847,986.081860,9.601186,2.853718,0.008040,-4.413263,-2.877699,-0.044220,12.368487,2.877699,0.020100,-3.660078,-2.853718,-0.046900,-0.255060,-0.986788,9.508244,0.171508,-0.002131,-0.030892
7.638095,986.091420,9.630331,2.877699,0.006700,-4.443942,-2.853718,-0.044220,12.397633,2.877699,0.021440,-3.692292,-2.853718,-0.045560,-0.402406,-1.284914,10.371623,0.209857,0.028761,-0.038350
7.647769,986.101068,9.657943,2.877699,0.006700,-4.470020,-2.829737,-0.044220,12.425244,2.877699,0.021440,-3.718369,-2.853718,-0.046900,-0.234753,-0.383179,10.262633,0.289753,-0.021305,-0.038350
7.658156,986.110378,9.690157,2.877699,0.008040,-4.499166,-2.829737,-0.044220,12.457458,2.877699,0.021440,-3.749049,-2.853718,-0.048240,-0.152055,-0.962753,10.438723,-0.039415,-0.068176,-0.052198
7.667978,986.120282,9.719302,2.877699,0.009380,-4.528311,-2.805756,-0.044220,12.486604,2.877699,0.022780,-3.776661,-2.829737,-0.056280,-0.062294,-1.264607,10.059076,-0.153399,-0.089483,-0.077765
7.677654,986.129792,9.743846,2.877699,0.009380,-4.555923,-2.805756,-0.044220,12.514215,2.877699,0.022780,-3.804272,-2.829737,-0.054940,-0.085053,-0.801183,9.499808,-0.071373,-0.117180,-0.145941
7.688012,986.139341,9.774526,2.877699,0.009380,-4.585069,-2.829737,-0.042880,12.544895,2.877699,0.024120,-3.831884,-2.829737,-0.050920,-0.143716,-0.714953,9.578876,-0.002131,-0.107593,-0.144876
7.697790,986.148660,9.802137,2.853718,0.010720,-4.612680,-2.853718,-0.042880,12.574041,2.877699,0.029480,-3.861030,-2.829737,-0.046900,-0.233478,-0.889767,9.624395,0.055393,-0.046871,-0.117180
7.707925,986.158464,9.831283,2.853718,0.012060,-4.641826,-2.853718,-0.044220,12.601652,2.877699,0.028140,-3.888641,-2.829737,-0.044220,-0.004807,0.011968,9.281928,0.132093,-0.070307,-0.128898
7.717731,986.167679,9.860429,2.853718,0.012060,-4.669438,-2.877699,-0.045560,12.630798,2.877699,0.028140,-3.917787,-2.829737,-0.048240,-0.293417,-0.447827,9.536988,-0.017045,-0.125700,-0.056460
7.728162,986.177361,9.891108,2.853718,0.012060,-4.700117,-2.877699,-0.044220,12.661477,2.877699,0.028140,-3.946933,-2.829737,-0.044220,-0.160492,-0.681403,8.735805,-0.295078,-0.147007,-0.066047
7.737613,986.186882,9.917186,2.853718,0.010720,-4.727729,-2.877699,-0.045560,12.687555,2.853718,0.026800,-3.976078,-2.829737,-0.042880,-0.234753,-1.305319,9.319009,-0.170442,-0.108657,-0.035154
7.747730,986.196497,9.946331,2.853718,0.009380,-4.756874,-2.877699,-0.045560,12.716701,2.853718,0.026800,-4.003690,-2.853718,-0.041540,-0.076616,-1.050259,9.825598,0.262054,0.022370,0.006391
7.758002,986.206149,9.975477,2.853718,0.009380,-4.786020,-2.901680,-0.045560,12.745846,2.853718,0.025460,-4.034369,-2.853718,-0.046900,-0.411922,-1.076549,10.694960,0.393083,0.090548,0.009587
7.767791,986.215750,10.006157,2.853718,0.009380,-4.813632,-2.901680,-0.045560,12.774992,2.853718,0.022780,-4.060447,-2.853718,-0.048240,-0.434681,-0.583205,10.582439,0.280164,0.040479,-0.007456
7.777613,986.225105,10.035302,2.853718,0.009380,-4.841243,-2.901680,-0.045560,12.802604,2.853718,0.021440,-4.089593,-2.853718,-0.042880,-0.268205,-0.204735,9.821968,-0.024501,-0.112918,-0.017045
7.788025,986.234809,10.062914,2.877699,0.008040,-4.871923,-2.901680,-0.042880,12.831749,2.853718,0.021440,-4.118738,-2.853718,-0.040200,-0.035905,-1.003465,9.356189,-0.416518,-0.191747,-0.058589
7.797898,986.244170,10.090526,2.877699,0.008040,-4.902603,-2.901680,-0.042880,12.860895,2.853718,0.022780,-4.147884,-2.853718,-0.046900,0.171283,-1.198684,9.137034,-0.292948,-0.188551,-0.059655
7.807660,986.253937,10.118137,2.853718,0.009380,-4.930214,-2.901680,-0.044220,12.888507,2.853718,0.025460,-4.177030,-2.853718,-0.044220,-0.082600,-1.627381,9.684236,0.024501,-0.073503,-0.063916
7.817925,986.263583,10.148817,2.877699,0.010720,-4.960894,-2.901680,-0.040200,12.919186,2.853718,0.024120,-4.206175,-2.877699,-0.038860,0.170007,-0.877799,10.303345,0.475108,0.004260,-0.072438
7.827829,986.272997,10.177963,2.877699,0.010720,-4.990040,-2.925661,-0.040200,12.948332,2.853718,0.022780,-4.235321,-2.877699,-0.037520,0.135280,0.407115,10.128531,0.546480,-0.030892,-0.050068
7.837675,986.291979,10.205574,2.877699,0.008040,-5.019185,-2.925661,-0.040200,12.975943,2.853718,0.021440,-4.264467,-2.877699,-0.038860,0.103005,-1.387919,9.116629,-0.498545,-0.247142,-0.200270
7.848031,986.301382,10.236254,2.877699,0.006700,-5.048331,-2.949641,-0.040200,13.006623,2.853718,0.021440,-4.295146,-2.877699,-0.037520,0.125764,-0.906542,8.834003,-0.085221,-0.241815,-0.177900
7.857925,986.311069,10.265399,2.853718,0.006700,-5.075942,-2.949641,-0.041540,13.034235,2.877699,0.020100,-4.324292,-2.901680,-0.037520,-0.056309,-2.157906,9.832759,-0.077765,-0.072438,-0.229033
7.867802,986.320788,10.293011,2.853718,0.006700,-5.105088,-2.949641,-0.041540,13.063380,2.877699,0.018760,-4.353437,-2.901680,-0.041540,-0.028743,-1.084986,9.795677,0.438889,0.035154,-0.239684
7.877913,986.330365,10.322157,2.877699,-0.041540,-5.135768,-2.949641,0.013400,13.092526,2.877699,-0.030820,-4.381049,-2.901680,0.013400,-0.113796,-1.159150,10.256649,0.572047,0.045806,-0.262054
7.887906,986.339611,10.348234,2.877699,-0.038860,-5.161845,-2.925661,0.008040,13.118604,2.853718,-0.030820,-4.407127,-2.877699,0.002680,-0.695725,-0.914881,10.975134,0.412257,0.011718,-0.366451
7.897618,986.349427,10.371244,2.829737,-0.034840,-5.184855,-2.901680,0.006700,13.143147,2.829737,-0.029480,-4.428603,-2.853718,0.001340,-0.494620,-1.296882,10.285393,0.010653,-0.098004,-0.511327
7.907872,986.358890,10.394254,2.805756,-0.033500,-5.204797,-2.829737,0.009380,13.166157,2.781776,-0.030820,-4.450078,-2.781776,-0.002680,0.512572,-1.523199,8.519102,-0.283361,-0.039415,-0.552871
7.917911,986.368302,10.414196,2.733814,-0.033500,-5.221671,-2.709833,0.013400,13.184565,2.685852,-0.030820,-4.468486,-2.685852,-0.002680,-0.126941,-2.296815,10.720074,-0.002131,0.023436,-0.590157
7.928002,986.377847,10.429535,2.589929,-0.033500,-5.238544,-2.565948,0.016080,13.201439,2.565948,-0.030820,-4.483826,-2.541967,0.000000,0.628723,-1.113729,9.580054,0.210923,-0.107593,-0.637028
7.937644,986.387438,10.443341,2.446044,-0.030820,-5.250816,-2.374102,0.016080,13.215244,2.398082,-0.029480,-4.499166,-2.350121,0.000000,0.669434,-1.846536,9.695027,-0.532633,-0.055393,-0.763794
7.947921,986.397068,10.457147,2.230217,-0.028140,-5.260020,-2.134293,0.017420,13.227516,2.206236,-0.029480,-4.511437,-2.158274,-0.001340,0.481377,-1.660931,10.873404,-0.541155,-0.105462,-0.728640
7.957763,986.406586,10.466351,2.014389,-0.025460,-5.269224,-1.894485,0.014740,13.238254,1.990408,-0.029480,-4.522175,-1.942447,-0.005360,1.384289,-0.108989,8.314269,-0.188551,-0.140614,-0.353668
7.967550,986.416284,10.474021,1.774581,-0.021440,-5.279962,-1.678658,0.014740,13.247458,1.798562,-0.030820,-4.531379,-1.750600,-0.006700,0.396422,-2.487227,10.824256,-0.579503,-0.018110,0.023436
7.977881,986.425789,10.481691,1.534773,-0.020100,-5.286098,-1.486811,0.014740,13.255128,1.582734,-0.029480,-4.539049,-1.534773,-0.009380,0.595173,-1.995060,9.207666,-0.152332,-0.209857,0.328101
7.987821,986.435439,10.487827,1.318945,-0.017420,-5.292234,-1.294964,0.013400,13.262798,1.390888,-0.028140,-4.546719,-1.366907,-0.009380,0.323338,-4.823577,9.996782,-0.889497,-0.177900,0.201334
7.997709,986.444670,10.492429,1.127099,-0.014740,-5.298370,-1.127099,0.013400,13.268934,1.199041,-0.026800,-4.552855,-1.199041,-0.012060,0.784408,-2.569828,8.869908,0.018110,-0.264185,0.175769
8.007844,986.454385,10.497031,0.959233,-0.012060,-5.302972,-0.983214,0.014740,13.273536,1.055156,-0.022780,-4.557457,-1.031175,-0.018760,0.449102,-3.106336,9.455565,-0.121440,-0.173638,0.040479
8.017921,986.463790,10.500098,0.815348,-0.009380,-5.307574,-0.839329,0.013400,13.278138,0.911271,-0.022780,-4.560525,-0.911271,-0.022780,0.341290,-3.576922,9.475871,-0.024501,-0.059655,0.039415
8.027571,986.473629,10.500098,0.695444,-0.006700,-5.310641,-0.719425,0.014740,13.281206,0.791367,-0.017420,-4.565127,-0.767386,-0.029480,0.239462,-2.694415,9.714156,0.317449,0.043675,-0.007456
8.037612,986.483036,10.501632,0.551559,-0.005360,-5.312175,-0.623501,0.013400,13.284274,0.671463,-0.014740,-4.565127,-0.671463,-0.032160,0.043066,-1.884893,9.829129,0.500674,0.085221,-0.023436
8.048018,986.492775,10.501632,0.455636,-0.001340,-5.313709,-0.527578,0.013400,13.285808,0.575540,-0.012060,-4.566661,-0.551559,-0.036180,-0.052680,-1.756775,9.835114,0.263121,0.079894,-0.059655
8.057937,986.511806,10.501632,0.335732,0.000000,-5.316777,-0.431655,0.013400,13.287342,0.479616,-0.006700,-4.568195,-0.455636,-0.044220,0.047873,-1.237041,9.723770,-0.007456,-0.083090,-0.088417
8.067940,986.521069,10.503166,0.239808,0.002680,-5.316777,-0.359712,0.012060,13.287342,0.383693,-0.002680,-4.569729,-0.383693,-0.046900,0.275465,-0.764003,9.363351,-0.061785,-0.102266,-0.112918
8.077824,986.530962,10.503166,0.191847,0.006700,-5.318311,-0.287770,0.010720,13.287342,0.311751,0.000000,-4.569729,-0.287770,-0.056280,0.094568,-0.742421,9.716609,0.087352,-0.062851,-0.062851
8.087845,986.540384,10.504700,0.119904,0.006700,-5.318311,-0.239808,0.000000,13.287342,0.215827,0.000000,-4.569729,-0.239808,-0.056280,0.103005,-0.614302,9.764482,0.148072,-0.012783,-0.052198
8.097890,986.549900,10.506234,0.095923,0.006700,-5.318311,-0.191847,0.000000,13.288876,0.167866,0.002680,-4.569729,-0.167866,-0.056280,-0.086230,-0.820312,9.880632,0.125700,0.030892,-0.090548
8.108034,986.559366,10.506234,0.071942,0.008040,-5.318311,-0.119904,-0.001340,13.288876,0.119904,0.005360,-4.569729,-0.119904,-0.056280,-0.116150,-0.308917,9.934587,0.239684,0.028761,-0.119309
8.117584,986.569069,10.507768,0.071942,0.008040,-5.318311,-0.095923,-0.001340,13.288876,0.071942,0.008040,-4.569729,-0.071942,-0.054940,-0.269481,-0.111344,9.849534,0.173638,0.002131,-0.142745
8.128002,986.578384,10.507768,0.071942,0.008040,-5.318311,-0.071942,-0.002680,13.288876,0.047962,0.010720,-4.569729,-0.047962,-0.054940,-0.316176,-0.290965,9.759675,-0.036219,-0.042610,-0.148072
8.138091,986.588193,10.509302,0.071942,0.008040,-5.318311,-0.047962,-0.002680,13.288876,0.023981,0.013400,-4.569729,-0.023981,-0.054940,-0.343644,-0.149701,9.557294,-0.037284,-0.078830,-0.100135
8.147832,986.597550,10.509302,0.071942,0.008040,-5.318311,-0.023981,-0.002680,13.288876,0.023981,0.013400,-4.569729,0.000000,-0.054940,-0.384356,-0.353258,9.529826,-0.038350,-0.075634,-0.036219
8.158073,986.607221,10.510836,0.071942,0.008040,-5.318311,0.000000,-0.002680,13.288876,0.023981,0.012060,-4.569729,0.000000,-0.054940,-0.340113,-0.565252,9.308219,-0.056460,-0.057524,0.002131
8.167596,986.616755,10.510836,0.071942,0.008040,-5.318311,0.000000,-0.002680,13.288876,0.000000,0.012060,-4.569729,0.000000,-0.054940,-0.293417,-0.938817,9.520213,0.001065,-0.035154,0.018110
8.177877,986.626174,10.510836,0.071942,0.005360,-5.319845,0.000000,-0.002680,13.288876,0.000000,0.009380,-4.569729,0.000000,-0.054940,-0.265851,-0.801183,9.789595,0.164050,-0.023436,0.010653
8.187701,986.635941,10.512370,0.071942,0.004020,-5.319845,0.000000,0.000000,13.290410,0.000000,0.005360,-4.569729,0.000000,-0.054940,-0.286158,-0.737712,10.045930,0.209857,-0.014914,-0.003196
8.197749,986.645427,10.512370,0.047962,0.001340,-5.319845,0.000000,0.000000,13.290410,0.000000,0.004020,-4.569729,0.000000,-0.054940,-0.138910,-0.778424,10.068690,0.113984,-0.036219,-0.010653
8.207853,986.654797,10.513904,0.047962,0.000000,-5.319845,0.000000,0.000000,13.290410,0.000000,0.001340,-4.569729,0.000000,-0.054940,-0.019130,-1.065758,10.050737,-0.058589,-0.079894,-0.025566
8.217958,986.664646,10.513904,0.047962,0.000000,-5.321379,0.000000,0.000000,13.291944,0.023981,0.000000,-4.569729,0.000000,-0.054940,0.101828,-1.193877,9.793225,-0.172573,-0.131027,-0.043675
8.227641,986.673940,10.513904,0.047962,0.000000,-5.319845,-0.023981,0.000000,13.291944,0.023981,0.000000,-4.569729,0.000000,-0.054940,0.269481,-1.387919,9.012447,-0.248207,-0.159790,-0.063916
8.237840,986.683742,10.515438,0.047962,0.000000,-5.321379,-0.023981,0.000000,13.293478,0.023981,0.000000,-4.569729,0.000000,-0.054940,0.295772,-1.912460,9.436337,-0.155528,-0.127831,-0.058589
8.247878,986.692981,10.515438,0.047962,0.000000,-5.321379,-0.023981,0.000000,13.295011,0.047962,0.000000,-4.569729,0.000000,-0.054940,0.404761,-1.263332,9.326171,0.118244,-0.090548,-0.035154
8.257702,986.712194,10.516972,0.047962,0.000000,-5.321379,-0.023981,0.000000,13.295011,0.047962,0.000000,-4.569729,0.000000,-0.054940,0.204735,-1.318464,9.772918,0.197074,-0.020241,-0.026632
8.268020,986.721788,10.516972,0.047962,0.000000,-5.321379,-0.023981,0.000000,13.295011,0.047962,0.000000,-4.569729,0.000000,-0.054940,0.085053,-1.235864,10.002766,0.151268,-0.045806,-0.025566
8.277570,986.731151,10.516972,0.047962,0.000000,-5.321379,-0.023981,0.000000,13.295011,0.047962,0.000000,-4.569729,0.000000,-0.054940,0.065825,-1.250186,9.696204,-0.036219,-0.092679,-0.038350
8.287809,986.741013,10.516972,0.047962,-0.001340,-5.321379,-0.023981,0.000000,13.295011,0.047962,-0.002680,-4.569729,0.000000,-0.052260,0.002354,-1.477680,9.684236,-0.096939,-0.100135,-0.033023
8.298052,986.750250,10.516972,0.047962,-0.001340,-5.322913,-0.023981,0.000000,13.295011,0.047962,-0.002680,-4.569729,0.000000,-0.046900,-0.007161,-1.032208,9.601636,0.046871,-0.093743,-0.025566
8.308021,986.759886,10.516972,0.023981,-0.001340,-5.322913,-0.023981,0.000000,13.295011,0.023981,-0.002680,-4.569729,0.000000,-0.044220,-0.077793,-1.025047,9.515406,0.019174,-0.057524,-0.035154
8.317560,986.769647,10.516972,0.023981,-0.001340,-5.322913,0.000000,0.001340,13.295011,0.023981,-0.002680,-4.569729,0.000000,-0.040200,-0.184428,-1.080179,9.527374,0.036219,-0.025566,-0.043675
8.327582,986.779132,10.516972,0.000000,-0.002680,-5.321379,0.000000,0.001340,13.295011,0.000000,-0.001340,-4.569729,0.000000,-0.036180,-0.278996,-0.684934,9.645977,0.175769,-0.010653,-0.047937
8.337885,986.788538,10.516972,0.000000,-0.001340,-5.321379,0.000000,0.001340,13.293478,0.000000,0.000000,-4.569729,0.000000,-0.030820,-0.318531,-0.404761,9.757320,0.158724,-0.031959,-0.064980
8.347902,986.798076,10.516972,0.000000,-0.001340,-5.319845,0.000000,0.001340,13.293478,0.000000,0.000000,-4.569729,0.000000,-0.028140,-0.274190,-0.440665,9.657945,0.003196,-0.055393,-0.077765
8.357643,986.807588,10.515438,0.000000,-0.004020,-5.319845,0.023981,0.004020,13.291944,0.000000,0.000000,-4.569729,0.000000,-0.010720,-0.201203,-0.550832,9.606442,-0.026632,-0.063916,-0.061785
8.367716,986.817118,10.515438,0.000000,-0.002680,-5.318311,0.023981,0.006700,13.291944,-0.023981,0.000000,-4.569729,0.000000,-0.012060,-0.143716,-0.570059,9.657945,0.035154,-0.053264,-0.037284
8.378018,986.826809,10.513904,-0.023981,-0.009380,-5.316777,0.047962,0.012060,13.290410,-0.023981,-0.004020,-4.569729,0.000000,-0.001340,-0.116150,-0.628723,9.730931,0.051133,-0.041546,-0.027697
8.387718,986.836566,10.512370,-0.023981,-0.017420,-5.313709,0.071942,0.020100,13.288876,-0.047962,-0.012060,-4.568195,0.000000,0.002680,-0.099375,-0.730453,9.763304,0.040479,-0.042610,-0.025566
8.397771,986.846002,10.512370,-0.047962,-0.020100,-5.312175,0.095923,0.022780,13.285808,-0.071942,-0.016080,-4.569729,0.000000,0.006700,-0.049050,-0.837087,9.772918,0.019174,-0.057524,-0.020241
8.407786,986.855513,10.509302,-0.071942,-0.024120,-5.307574,0.119904,0.029480,13.282740,-0.095923,-0.020100,-4.568195,0.000000,0.014740,-0.005984,-1.046629,9.703463,-0.034088,-0.079894,-0.014914
8.417837,986.864827,10.506234,-0.095923,-0.028140,-5.304506,0.143885,0.033500,13.279672,-0.119904,-0.024120,-4.566661,0.000000,0.030820,0.052680,-1.379580,9.656670,-0.082025,-0.089483,-0.018110
8.427985,986.874704,10.501632,-0.119904,-0.033500,-5.298370,0.191847,0.037520,13.275070,-0.167866,-0.029480,-4.565127,0.023981,0.041540,0.076616,-1.434614,9.612427,-0.011718,-0.088417,-0.012783
8.437846,986.884157,10.495497,-0.167866,-0.034840,-5.292234,0.263789,0.038860,13.268934,-0.215827,-0.033500,-4.562059,0.047962,0.045560,0.113796,-1.599913,9.618411,-0.001065,-0.087352,-0.014914
8.447890,986.893858,10.487827,-0.239808,-0.037520,-5.286098,0.311751,0.044220,13.262798,-0.287770,-0.041540,-4.555923,0.119904,0.048240,0.170007,-1.837021,9.590845,-0.018110,-0.080961,-0.026632
8.457923,986.912792,10.478623,-0.311751,-0.038860,-5.278428,0.383693,0.046900,13.255128,-0.359712,-0.042880,-4.548253,0.167866,0.049580,0.310192,-2.228538,9.677075,-0.027697,-0.082025,-0.026632
8.468201,986.922184,10.469419,-0.431655,-0.038860,-5.269224,0.479616,0.048240,13.245924,-0.431655,-0.044220,-4.540583,0.263789,0.050920,0.376017,-2.242958,9.734561,0.009587,-0.067111,-0.023436
8.477648,986.931833,10.460215,-0.527578,-0.038860,-5.260020,0.551559,0.050920,13.236720,-0.503597,-0.045560,-4.532913,0.359712,0.052260,0.334129,-2.063337,9.715432,0.090548,-0.053264,-0.025566
8.487642,986.941540,10.447943,-0.647482,-0.037520,-5.252350,0.623501,0.049580,13.225982,-0.599521,-0.046900,-4.522175,0.479616,0.049580,0.334129,-1.925605,9.668736,0.064980,-0.062851,-0.035154
8.497739,986.951053,10.435671,-0.743406,-0.038860,-5.241612,0.719425,0.046900,13.215244,-0.695444,-0.049580,-4.511437,0.599521,0.050920,0.332951,-1.798664,9.442321,-0.010653,-0.091612,-0.046871
8.507720,986.960633,10.423399,-0.863310,-0.037520,-5.227807,0.791367,0.046900,13.204507,-0.791367,-0.049580,-4.499166,0.695444,0.052260,0.334129,-1.956703,9.377673,-0.085221,-0.100135,-0.052198
8.517564,986.969985,10.409594,-0.959233,-0.037520,-5.217069,0.863310,0.046900,13.192235,-0.863310,-0.049580,-4.488428,0.791367,0.050920,0.289787,-1.932766,9.477049,0.011718,-0.066047,-0.039415
8.527824,986.979664,10.395788,-1.031175,-0.034840,-5.201729,0.959233,0.042880,13.178429,-0.959233,-0.049580,-4.474622,0.911271,0.048240,0.214349,-1.719595,9.837566,0.183225,-0.012783,-0.020241
8.537802,986.989295,10.378914,-1.127099,-0.034840,-5.187923,1.055156,0.041540,13.163089,-1.031175,-0.048240,-4.459282,1.007195,0.044220,0.079069,-1.391549,10.127354,0.248207,0.007456,-0.011718
8.547831,986.998700,10.363574,-1.199041,-0.033500,-5.174117,1.127099,0.041540,13.149283,-1.127099,-0.045560,-4.445476,1.103118,0.044220,0.016775,-1.138843,10.054269,0.140614,-0.028761,-0.018110
8.557677,987.008128,10.349768,-1.294964,-0.032160,-5.155709,1.223022,0.038860,13.133944,-1.199041,-0.042880,-4.430137,1.175060,0.041540,0.064648,-1.120891,9.674720,-0.070307,-0.090548,-0.031959
8.567726,987.017651,10.332895,-1.366907,-0.029480,-5.140370,1.294964,0.038860,13.115536,-1.270984,-0.037520,-4.413263,1.270984,0.040200,0.092214,-1.296882,9.345398,-0.160855,-0.122505,-0.040479
8.577738,987.027370,10.316021,-1.438849,-0.028140,-5.121962,1.390888,0.037520,13.097128,-1.366907,-0.034840,-4.396389,1.342926,0.037520,0.113796,-1.233411,9.292719,-0.033023,-0.092679,-0.033023
8.587673,987.037040,10.299147,-1.510792,-0.028140,-5.105088,1.462830,0.034840,13.080254,-1.438849,-0.033500,-4.377981,1.438849,0.037520,0.051503,-1.199861,9.556117,0.115049,-0.037284,-0.026632
8.597628,987.046510,10.280739,-1.558754,-0.025460,-5.086680,1.534773,0.032160,13.061846,-1.510792,-0.032160,-4.362641,1.486811,0.037520,-0.065825,-0.996304,9.703463,0.190682,0.002131,-0.031959
8.607644,987.055967,10.262331,-1.630696,-0.025460,-5.068273,1.606715,0.029480,13.043439,-1.582734,-0.034840,-4.345768,1.558754,0.036180,-0.059841,-0.754389,9.660299,0.149137,-0.028761,-0.044742
8.618037,987.065431,10.242390,-1.678658,-0.025460,-5.051399,1.654677,0.028140,13.023497,-1.654677,-0.033500,-4.325826,1.630696,0.036180,-0.023936,-0.999933,9.668736,-0.021305,-0.084156,-0.058589
8.627654,987.075179,10.223982,-1.726619,-0.024120,-5.032991,1.702638,0.028140,13.006623,-1.702638,-0.034840,-4.308952,1.678658,0.033500,-0.061116,-1.274123,9.462726,-0.076698,-0.103330,-0.052198
8.637611,987.084509,10.205574,-1.750600,-0.025460,-5.013049,1.750600,0.028140,12.986681,-1.750600,-0.033500,-4.289010,1.726619,0.034840,-0.031098,-1.353191,9.628025,-0.005327,-0.087352,-0.044742
8.647597,987.094266,10.187166,-1.798562,-0.024120,-4.994641,1.798562,0.028140,12.968274,-1.798562,-0.032160,-4.269069,1.750600,0.036180,-0.039534,-1.135213,9.764482,0.145941,-0.037284,-0.027697
8.657599,987.103569,10.167225,-1.822543,-0.024120,-4.974700,1.822543,0.028140,12.949866,-1.822543,-0.030820,-4.249127,1.798562,0.037520,-0.165299,-0.894574,9.935764,0.189618,-0.012783,-0.019174
8.667732,987.113275,10.145749,-1.846523,-0.022780,-4.956292,1.870504,0.026800,12.929924,-1.846523,-0.029480,-4.229185,1.822543,0.033500,-0.128119,-0.876622,9.837566,0.082025,-0.043675,-0.026632
8.677614,987.132453,10.127341,-1.870504,-0.022780,-4.937884,1.870504,0.026800,12.908448,-1.870504,-0.029480,-4.210777,1.846523,0.034840,-0.031098,-0.940092,9.571715,-0.049002,-0.107593,-0.038350
8.687585,987.142055,10.107399,-1.894485,-0.022780,-4.917942,1.894485,0.025460,12.888507,-1.870504,-0.032160,-4.192369,1.870504,0.034840,0.014323,-1.033483,9.483033,-0.031959,-0.075634,-0.035154
8.697582,987.151468,10.087458,-1.894485,-0.022780,-4.898001,1.918466,0.025460,12.870099,-1.894485,-0.032160,-4.172428,1.894485,0.034840,0.005984,-1.075372,9.501083,0.041546,-0.043675,-0.030892
8.707968,987.160967,10.065982,-1.918466,-0.022780,-4.878059,1.918466,0.025460,12.848623,-1.918466,-0.032160,-4.152486,1.894485,0.037520,-0.004807,-1.073018,9.628025,0.078830,-0.028761,-0.030892
8.717640,987.170540,10.049108,-1.918466,-0.022780,-4.858117,1.942447,0.025460,12.830215,-1.942447,-0.033500,-4.132544,1.918466,0.034840,-0.041889,-0.965206,9.691495,0.086286,-0.038350,-0.035154
8.727832,987.180179,10.029166,-1.942447,-0.025460,-4.838175,1.942447,0.025460,12.808740,-1.942447,-0.033500,-4.111069,1.918466,0.034840,-0.020405,-1.172393,9.760950,0.006391,-0.055393,-0.039415
8.737594,987.189816,10.009225,-1.942447,-0.025460,-4.818234,1.942447,0.024120,12.790332,-1.942447,-0.033500,-4.092661,1.942447,0.033500,-0.009614,-1.214282,9.637540,-0.004260,-0.066047,-0.042610
8.747719,987.199430,9.989283,-1.942447,-0.025460,-4.798292,1.966428,0.022780,12.770390,-1.942447,-0.033500,-4.072719,1.942447,0.038860,0.023936,-1.293350,9.726223,0.010653,-0.069242,-0.038350
8.757717,987.208802,9.970875,-1.942447,-0.025460,-4.778350,1.966428,0.022780,12.751982,-1.942447,-0.033500,-4.054311,1.942447,0.036180,0.053857,-1.137666,9.715432,0.089483,-0.047937,-0.028761
8.767614,987.218390,9.949399,-1.966428,-0.025460,-4.758408,1.990408,0.022780,12.732041,-1.966428,-0.030820,-4.034369,1.942447,0.033500,0.070632,-0.905365,9.721416,0.105462,-0.049002,-0.028761
8.777562,987.228055,9.929458,-1.966428,-0.024120,-4.740001,1.990408,0.022780,12.710565,-1.966428,-0.030820,-4.014428,1.942447,0.032160,0.051503,-1.187893,9.831582,-0.001065,-0.064980,-0.031959
8.787942,987.237390,9.907982,-1.966428,-0.022780,-4.716991,1.990408,0.021440,12.689089,-1.966428,-0.028140,-3.992952,1.942447,0.037520,0.001177,-0.867008,9.509422,0.027697,-0.067111,-0.031959
8.797547,987.247178,9.888040,-1.966428,-0.021440,-4.698583,2.014389,0.020100,12.669147,-1.966428,-0.028140,-3.974544,1.966428,0.034840,-0.026389,-0.953238,9.580054,0.041546,-0.064980,-0.031959
8.807623,987.256571,9.869632,-1.966428,-0.021440,-4.677107,2.014389,0.018760,12.649206,-1.990408,-0.028140,-3.954602,1.966428,0.033500,-0.136555,-1.027499,9.498631,0.015978,-0.055393,-0.035154
8.818011,987.266096,9.848157,-1.966428,-0.020100,-4.658700,2.014389,0.018760,12.627730,-1.990408,-0.028140,-3.933127,1.966428,0.034840,-0.097021,-1.057420,9.769289,0.059655,-0.060720,-0.034088
8.827758,987.275713,9.828215,-1.990408,-0.020100,-4.637224,2.038370,0.018760,12.607788,-2.014389,-0.026800,-3.913185,1.966428,0.034840,-0.270658,-0.813151,9.697479,0.132093,-0.042610,-0.028761
8.837556,987.285141,9.808273,-1.990408,-0.020100,-4.618816,2.038370,0.017420,12.589380,-2.014389,-0.025460,-3.893243,1.966428,0.032160,-0.196396,-0.775971,9.788418,0.070307,-0.056460,-0.033023
8.847576,987.294592,9.788331,-1.990408,-0.020100,-4.597340,2.038370,0.017420,12.567905,-2.014389,-0.025460,-3.874835,1.990408,0.030820,-0.177267,-0.868185,9.605265,-0.021305,-0.071373,-0.040479
8.857628,987.304198,9.766856,-1.990408,-0.020100,-4.575865,2.038370,0.018760,12.547963,-2.014389,-0.025460,-3.853360,1.990408,0.032160,-0.147248,-0.920865,9.531004,-0.039415,-0.076698,-0.038350
8.867557,987.314021,9.746914,-2.014389,-0.020100,-4.557457,2.038370,0.018760,12.526487,-2.014389,-0.025460,-3.833418,1.990408,0.034840,-0.197573,-0.840619,9.465080,0.042610,-0.050068,-0.029828
8.877587,987.332882,9.726972,-2.014389,-0.018760,-4.537515,2.038370,0.017420,12.506545,-2.014389,-0.026800,-3.813476,1.990408,0.033500,-0.142539,-1.002288,9.563279,0.013849,-0.043675,-0.028761
8.887542,987.342605,9.707030,-2.014389,-0.020100,-4.517573,2.038370,0.017420,12.483536,-2.014389,-0.026800,-3.793534,1.990408,0.033500,-0.117328,-0.777148,9.587215,0.052198,-0.061785,-0.031959
8.897905,987.352208,9.685555,-2.014389,-0.018760,-4.497632,2.038370,0.017420,12.462060,-2.014389,-0.028140,-3.773593,1.990408,0.036180,-0.037082,-1.203491,9.821968,0.022370,-0.055393,-0.030892
8.907569,987.361740,9.665613,-2.014389,-0.020100,-4.477690,2.038370,0.017420,12.443652,-2.014389,-0.028140,-3.752117,1.990408,0.033500,-0.046696,-1.009547,9.760950,0.064980,-0.043675,-0.030892
8.917602,987.370992,9.645671,-2.014389,-0.022780,-4.457748,2.014389,0.018760,12.423710,-2.014389,-0.029480,-3.733709,1.990408,0.033500,-0.087407,-1.027499,9.940571,0.106526,-0.042610,-0.025566
8.927662,987.380514,9.625729,-2.014389,-0.022780,-4.436272,2.014389,0.018760,12.403769,-2.014389,-0.029480,-3.713767,1.990408,0.036180,-0.039534,-0.754389,9.617234,0.058589,-0.053264,-0.031959
8.938035,987.390076,9.604254,-1.990408,-0.022780,-4.416331,2.014389,0.018760,12.382293,-2.014389,-0.028140,-3.693826,1.990408,0.041540,-0.038357,-1.131682,9.673445,-0.042610,-0.080961,-0.037284
8.947566,987.399931,9.584312,-1.990408,-0.022780,-4.397923,1.990408,0.018760,12.363885,-2.014389,-0.028140,-3.672350,1.990408,0.040200,0.028743,-0.932833,9.618411,0.015978,-0.082025,-0.035154
8.957709,987.409162,9.564370,-1.990408,-0.022780,-4.376447,1.990408,0.017420,12.342409,-1.990408,-0.028140,-3.652408,1.990408,0.041540,0.023936,-0.808344,9.680704,0.060720,-0.085221,-0.034088
8.967994,987.419091,9.544428,-1.990408,-0.024120,-4.356505,1.990408,0.017420,12.322468,-1.990408,-0.028140,-3.632467,1.990408,0.040200,-0.057487,-1.228604,9.860325,-0.001065,-0.049002,-0.034088
8.977707,987.428397,9.524487,-1.990408,-0.022780,-4.336564,1.990408,0.017420,12.300992,-1.990408,-0.029480,-3.614059,1.966428,0.041540,-0.094568,-0.995126,9.838743,0.106526,-0.042610,-0.033023
8.987969,987.438060,9.503011,-1.990408,-0.022780,-4.316622,1.990408,0.018760,12.281050,-1.990408,-0.029480,-3.592583,1.966428,0.038860,-0.204735,-0.935285,9.837566,0.093743,-0.034088,-0.026632
8.997936,987.447577,9.483069,-1.990408,-0.022780,-4.296680,1.990408,0.018760,12.261108,-1.990408,-0.028140,-3.572641,1.966428,0.038860,-0.204735,-0.768810,9.538165,0.022370,-0.075634,-0.035154
9.008021,987.457092,9.463127,-1.990408,-0.021440,-4.276738,1.990408,0.018760,12.239633,-1.990408,-0.028140,-3.551166,1.966428,0.041540,-0.086230,-1.132859,9.474694,-0.112918,-0.102266,-0.040479
9.018088,987.466472,9.443186,-1.990408,-0.021440,-4.256797,1.990408,0.018760,12.219691,-1.990408,-0.026800,-3.531224,1.966428,0.042880,-0.055132,-1.003465,9.347753,-0.054329,-0.105462,-0.041546
9.028035,987.476077,9.423244,-2.014389,-0.021440,-4.236855,1.990408,0.018760,12.199749,-1.990408,-0.028140,-3.511282,1.966428,0.038860,-0.037082,-1.252639,9.685413,0.025566,-0.060720,-0.029828
9.037557,987.485643,9.403302,-2.014389,-0.021440,-4.218447,1.990408,0.018760,12.181341,-2.014389,-0.028140,-3.492874,1.966428,0.038860,-0.129296,-0.833458,9.681881,0.166182,-0.014914,-0.020241
9.047583,987.495331,9.383360,-2.014389,-0.021440,-4.198505,1.990408,0.018760,12.159866,-2.014389,-0.029480,-3.472933,1.966428,0.041540,-0.111344,-0.874169,9.948910,0.133158,-0.027697,-0.024501
9.057577,987.504914,9.361885,-2.014389,-0.021440,-4.177030,1.990408,0.017420,12.139924,-2.014389,-0.028140,-3.452991,1.966428,0.040200,-0.029921,-0.748405,9.638717,-0.003196,-0.064980,-0.036219
9.068030,987.514397,9.341943,-2.014389,-0.021440,-4.158622,1.990408,0.017420,12.119982,-2.014389,-0.030820,-3.431515,1.990408,0.037520,-0.079069,-1.068211,9.531004,-0.089483,-0.094808,-0.044742
9.077545,987.523990,9.322001,-2.014389,-0.020100,-4.138680,1.990408,0.017420,12.100040,-1.990408,-0.029480,-3.411573,1.990408,0.040200,0.027566,-1.257348,9.756143,-0.006391,-0.070307,-0.037284
9.087584,987.533397,9.302059,-2.014389,-0.020100,-4.118738,1.990408,0.017420,12.080099,-1.990408,-0.029480,-3.391632,1.990408,0.044220,-0.071809,-0.772439,9.686688,0.170442,-0.043675,-0.026632
9.097628,987.543015,9.282118,-2.014389,-0.021440,-4.098797,1.990408,0.017420,12.060157,-1.990408,-0.029480,-3.370156,2.014389,0.040200,0.041889,-0.856217,9.977653,0.121440,-0.046871,-0.026632
9.107667,987.552692,9.260642,-2.014389,-0.022780,-4.078855,1.990408,0.018760,12.041749,-1.990408,-0.030820,-3.351748,2.014389,0.038860,0.037082,-0.847878,9.814807,0.012783,-0.080961,-0.040479
9.117909,987.571797,9.239166,-2.014389,-0.022780,-4.057379,1.990408,0.017420,12.017205,-1.990408,-0.029480,-3.330272,2.014389,0.045560,-0.040712,-1.004740,9.378851,-0.008522,-0.078830,-0.039415
9.127864,987.581093,9.219225,-2.014389,-0.022780,-4.037437,1.990408,0.017420,11.997264,-1.990408,-0.029480,-3.308797,2.014389,0.041540,-0.031098,-0.984335,9.557294,0.068176,-0.060720,-0.031959
9.137788,987.590969,9.199283,-2.014389,-0.022780,-4.017496,1.990408,0.018760,11.978856,-1.990408,-0.028140,-3.288855,2.014389,0.041540,-0.143716,-1.026224,9.744175,0.086286,-0.041546,-0.026632
9.147838,987.600499,9.179341,-2.014389,-0.021440,-3.997554,1.990408,0.017420,11.957380,-1.990408,-0.028140,-3.268913,2.014389,0.045560,-0.168830,-1.057420,9.891423,0.082025,-0.041546,-0.025566
9.157861,987.609989,9.159399,-2.014389,-0.021440,-3.976078,1.990408,0.017420,11.937438,-1.990408,-0.026800,-3.248971,2.014389,0.048240,-0.288610,-1.062227,10.128531,0.115049,-0.029828,-0.020241
9.167914,987.619373,9.137924,-2.014389,-0.020100,-3.957670,1.990408,0.017420,11.915963,-1.990408,-0.028140,-3.229030,2.014389,0.044220,-0.190412,-0.650207,9.849534,0.104395,-0.055393,-0.024501
9.177946,987.628902,9.116448,-2.014389,-0.020100,-3.937729,1.990408,0.017420,11.896021,-2.014389,-0.025460,-3.207554,2.014389,0.040200,-0.183251,-0.953238,9.645977,-0.100135,-0.099070,-0.038350
9.188027,987.638622,9.096506,-2.014389,-0.018760,-3.917787,1.990408,0.017420,11.876079,-2.014389,-0.026800,-3.189146,2.014389,0.044220,-0.064648,-1.092147,9.364528,-0.168313,-0.136354,-0.046871
9.198042,987.648249,9.075030,-2.014389,-0.020100,-3.897845,1.990408,0.018760,11.856138,-2.014389,-0.026800,-3.167670,2.014389,0.044220,0.032373,-1.050259,9.249555,-0.073503,-0.103330,-0.040479
9.207592,987.657761,9.055089,-2.014389,-0.020100,-3.876369,2.014389,0.018760,11.836196,-2.014389,-0.028140,-3.149263,2.014389,0.044220,-0.027566,-0.995126,9.261523,0.064980,-0.044742,-0.029828
9.217585,987.667065,9.033613,-2.038370,-0.020100,-3.856428,2.014389,0.018760,11.814720,-2.014389,-0.029480,-3.127787,2.014389,0.042880,0.020405,-0.966383,9.507067,0.124636,-0.014914,-0.025566
9.227727,987.676758,9.013671,-2.038370,-0.020100,-3.834952,2.014389,0.018760,11.793244,-2.014389,-0.030820,-3.107845,2.014389,0.046900,-0.092214,-0.961576,9.741722,0.138485,-0.018110,-0.023436
9.237852,987.686235,8.993729,-2.038370,-0.020100,-3.813476,2.014389,0.017420,11.771769,-2.014389,-0.030820,-3.086369,2.014389,0.042880,-0.017952,-0.937640,9.833936,0.094808,-0.047937,-0.028761
9.247832,987.695720,8.973788,-2.038370,-0.020100,-3.793534,2.014389,0.018760,11.753361,-2.014389,-0.030820,-3.064894,2.038370,0.040200,-0.014323,-1.156795,10.049462,0.034088,-0.064980,-0.035154
9.257901,987.705529,8.952312,-2.038370,-0.020100,-3.772059,2.014389,0.018760,11.730351,-2.038370,-0.029480,-3.043418,2.038370,0.042880,0.099375,-1.033483,9.946555,0.059655,-0.072438,-0.035154
9.267960,987.714883,8.932370,-2.038370,-0.020100,-3.750583,2.038370,0.018760,11.710409,-2.038370,-0.028140,-3.023476,2.038370,0.042880,-0.043066,-0.841894,9.781257,0.066047,-0.070307,-0.031959
9.277975,987.724605,8.909360,-2.038370,-0.020100,-3.730641,2.038370,0.017420,11.690468,-2.038370,-0.028140,-3.003534,2.038370,0.040200,0.123312,-0.941269,9.736916,-0.020241,-0.091612,-0.042610
9.288038,987.734233,8.889419,-2.062351,-0.021440,-3.710700,2.038370,0.017420,11.668992,-2.038370,-0.026800,-2.982059,2.038370,0.045560,0.041889,-1.029854,9.461549,-0.071373,-0.095874,-0.044742
9.298022,987.743709,8.869477,-2.062351,-0.020100,-3.689224,2.038370,0.017420,11.647516,-2.038370,-0.028140,-2.960583,2.062351,0.042880,-0.031098,-1.040645,9.302234,-0.034088,-0.080961,-0.038350
9.307596,987.753240,8.849535,-2.062351,-0.020100,-3.669282,2.038370,0.017420,11.627574,-2.038370,-0.025460,-2.940641,2.062351,0.041540,-0.177267,-1.092147,9.326171,0.038350,-0.045806,-0.030892
9.317874,987.762745,8.828059,-2.062351,-0.020100,-3.646272,2.062351,0.017420,11.604565,-2.062351,-0.024120,-2.919165,2.062351,0.044220,-0.262221,-1.173570,9.570538,0.101199,-0.025566,-0.023436
9.327766,987.781801,8.806584,-2.062351,-0.020100,-3.624797,2.062351,0.017420,11.584623,-2.062351,-0.024120,-2.897690,2.062351,0.042880,-0.298224,-0.734082,10.242327,0.223706,-0.024501,-0.008522
9.338060,987.791219,8.782040,-2.086332,-0.017420,-3.604855,2.062351,0.018760,11.563147,-2.062351,-0.024120,-2.879282,2.086332,0.040200,-0.189235,-0.723291,10.195631,0.072438,-0.056460,-0.019174
9.348090,987.800717,8.760564,-2.110313,-0.018760,-3.581845,2.062351,0.018760,11.540137,-2.086332,-0.022780,-2.857806,2.086332,0.046900,-0.159314,-0.905365,9.730931,-0.139550,-0.105462,-0.040479
9.357559,987.810512,8.739089,-2.134293,-0.018760,-3.561903,2.062351,0.018760,11.520196,-2.086332,-0.021440,-2.837864,2.086332,0.044220,0.005984,-1.124422,9.412401,-0.198139,-0.140614,-0.050068
9.367577,987.820078,8.717613,-2.158274,-0.018760,-3.541962,2.086332,0.017420,11.498720,-2.110313,-0.021440,-2.814855,2.086332,0.041540,0.017952,-1.098131,9.242393,-0.075634,-0.102266,-0.042610
9.377518,987.829549,8.694603,-2.182255,-0.017420,-3.520486,2.086332,0.018760,11.477244,-2.110313,-0.021440,-2.793379,2.110313,0.044220,0.188058,-1.083711,9.378851,0.047937,-0.051133,-0.038350
9.387591,987.839108,8.674661,-2.182255,-0.018760,-3.497476,2.086332,0.018760,11.455769,-2.134293,-0.021440,-2.771903,2.110313,0.040200,-0.025114,-0.932833,9.475871,0.182160,0.011718,-0.026632
9.397577,987.848574,8.653186,-2.182255,-0.017420,-3.476000,2.110313,0.018760,11.432759,-2.134293,-0.024120,-2.751962,2.110313,0.040200,0.088584,-0.760373,9.729754,0.207727,-0.007456,-0.024501
9.407646,987.858295,8.631710,-2.158274,-0.018760,-3.454525,2.110313,0.017420,11.411283,-2.134293,-0.024120,-2.728952,2.134293,0.040200,-0.191589,-1.014256,9.962055,0.106526,-0.034088,-0.027697
9.417910,987.867695,8.610234,-2.158274,-0.018760,-3.431515,2.110313,0.017420,11.388273,-2.134293,-0.024120,-2.707476,2.134293,0.040200,0.040712,-0.741244,9.913005,0.071373,-0.087352,-0.037284
9.427582,987.877272,8.590292,-2.134293,-0.020100,-3.411573,2.110313,0.017420,11.366798,-2.134293,-0.024120,-2.686000,2.134293,0.041540,-0.111344,-1.050259,9.789595,-0.022370,-0.090548,-0.039415
9.437965,987.886842,8.568817,-2.134293,-0.018760,-3.388564,2.134293,0.017420,11.343788,-2.134293,-0.022780,-2.662991,2.134293,0.037520,0.057487,-0.981981,9.715432,-0.013849,-0.093743,-0.044742
9.447969,987.896212,8.547341,-2.134293,-0.018760,-3.367088,2.134293,0.017420,11.325380,-2.134293,-0.024120,-2.641515,2.134293,0.040200,0.017952,-0.869362,9.673445,0.056460,-0.068176,-0.038350
9.458057,987.905873,8.525865,-2.134293,-0.020100,-3.344078,2.134293,0.016080,11.302370,-2.158274,-0.022780,-2.620039,2.134293,0.036180,-0.062294,-0.870637,9.657945,0.043675,-0.043675,-0.038350
9.467614,987.915673,8.504389,-2.134293,-0.018760,-3.322602,2.158274,0.017420,11.280895,-2.158274,-0.022780,-2.598563,2.158274,0.041540,-0.231124,-0.894574,9.575247,0.038350,-0.024501,-0.036219
9.478045,987.924916,8.481380,-2.134293,-0.020100,-3.301127,2.158274,0.016080,11.259419,-2.158274,-0.024120,-2.575554,2.158274,0.038860,-0.282626,-1.010724,9.818339,0.064980,-0.022370,-0.027697
9.488016,987.934652,8.459904,-2.134293,-0.018760,-3.279651,2.158274,0.017420,11.236409,-2.158274,-0.024120,-2.554078,2.158274,0.041540,-0.342467,-0.826296,9.835114,0.107593,-0.027697,-0.018110
9.497541,987.943971,8.438428,-2.134293,-0.018760,-3.259709,2.158274,0.017420,11.214934,-2.158274,-0.022780,-2.534136,2.158274,0.041540,-0.274190,-0.851410,9.859050,0.069242,-0.049002,-0.019174
9.509361,987.963111,8.413885,-2.134293,-0.018760,-3.232098,2.158274,0.017420,11.185788,-2.158274,-0.021440,-2.506525,2.158274,0.040200,0.061116,-1.011902,9.735738,-0.063916,-0.089483,-0.043675
9.517684,987.972972,8.395477,-2.134293,-0.017420,-3.213690,2.158274,0.017420,11.170448,-2.158274,-0.022780,-2.491185,2.158274,0.041540,0.108989,-0.831103,9.705818,0.053264,-0.045806,-0.043675
9.527718,987.982138,8.375535,-2.158274,-0.018760,-3.192214,2.158274,0.017420,11.150506,-2.182255,-0.022780,-2.469709,2.182255,0.036180,0.138910,-0.799907,9.915359,0.137418,-0.007456,-0.038350
9.537706,987.991923,8.354059,-2.158274,-0.020100,-3.169204,2.158274,0.018760,11.129031,-2.182255,-0.024120,-2.446699,2.182255,0.041540,-0.069455,-0.821489,9.715432,0.067111,0.002131,-0.039415
9.547726,988.001294,8.332584,-2.158274,-0.020100,-3.147729,2.182255,0.018760,11.107555,-2.182255,-0.026800,-2.425224,2.182255,0.038860,-0.008339,-0.675419,9.424369,0.013849,-0.050068,-0.052198
9.557746,988.011128,8.312642,-2.134293,-0.020100,-3.126253,2.182255,0.017420,11.086079,-2.182255,-0.028140,-2.400680,2.182255,0.040200,-0.001177,-1.019063,9.316655,-0.086286,-0.092679,-0.059655
9.567794,988.020476,8.291166,-2.134293,-0.021440,-3.104777,2.182255,0.017420,11.063069,-2.182255,-0.028140,-2.377670,2.182255,0.034840,0.069455,-1.178377,9.401610,-0.040479,-0.099070,-0.053264
9.577820,988.030205,8.271224,-2.134293,-0.021440,-3.080233,2.182255,0.018760,11.041594,-2.182255,-0.028140,-2.356194,2.182255,0.037520,0.050325,-1.191523,9.853066,0.135289,-0.050068,-0.034088
9.587615,988.039620,8.249749,-2.110313,-0.021440,-3.058758,2.182255,0.017420,11.020118,-2.182255,-0.028140,-2.334719,2.182255,0.034840,-0.062294,-0.758019,10.154920,0.268447,-0.012783,-0.022370
9.597619,988.049158,8.229807,-2.110313,-0.021440,-3.037282,2.182255,0.017420,10.998642,-2.182255,-0.028140,-2.311709,2.206236,0.037520,-0.114973,-0.758019,10.195631,0.133158,-0.020241,-0.028761
9.607647,988.058608,8.208331,-2.086332,-0.022780,-3.015806,2.182255,0.016080,10.975633,-2.182255,-0.029480,-2.291767,2.206236,0.034840,-0.116150,-0.828651,9.733384,-0.060720,-0.066047,-0.047937
9.617569,988.068447,8.188389,-2.086332,-0.022780,-2.992797,2.182255,0.016080,10.954157,-2.182255,-0.030820,-2.270292,2.206236,0.036180,-0.273012,-1.112454,9.438790,-0.144876,-0.082025,-0.047937
9.628046,988.077707,8.163846,-2.086332,-0.022780,-2.969787,2.182255,0.016080,10.931147,-2.182255,-0.029480,-2.247282,2.206236,0.034840,-0.243092,-0.997481,9.352560,-0.037284,-0.077765,-0.040479
9.637563,988.087552,8.139302,-2.110313,-0.020100,-2.948311,2.206236,0.016080,10.909671,-2.182255,-0.028140,-2.225806,2.206236,0.034840,-0.469409,-1.150811,9.638717,0.058589,-0.042610,-0.024501
9.647729,988.096923,8.116292,-2.158274,-0.020100,-2.925301,2.206236,0.017420,10.886662,-2.206236,-0.025460,-2.202796,2.206236,0.036180,-0.349628,-0.886137,10.006396,0.180029,-0.015978,-0.008522
9.657577,988.106539,8.094817,-2.206236,-0.020100,-2.903826,2.206236,0.017420,10.865186,-2.206236,-0.024120,-2.181321,2.206236,0.037520,-0.252706,-0.645498,9.946555,0.142745,-0.036219,-0.010653
9.667593,988.116206,8.073341,-2.230217,-0.018760,-2.882350,2.206236,0.017420,10.843710,-2.206236,-0.024120,-2.158311,2.206236,0.038860,-0.056309,-0.889767,9.684236,-0.094808,-0.087352,-0.023436
9.678029,988.125563,8.051865,-2.254197,-0.020100,-2.860874,2.206236,0.017420,10.820700,-2.206236,-0.024120,-2.136835,2.206236,0.038860,0.069455,-1.137666,9.437612,-0.157659,-0.082025,-0.049002
9.687560,988.135043,8.031923,-2.254197,-0.020100,-2.839398,2.206236,0.017420,10.797691,-2.230217,-0.024120,-2.115360,2.206236,0.034840,0.045518,-0.962753,9.746529,0.123571,-0.013849,-0.031959
9.697598,988.144657,8.010448,-2.230217,-0.021440,-2.816389,2.206236,0.018760,10.776215,-2.230217,-0.026800,-2.093884,2.206236,0.032160,-0.061116,-0.370033,9.881809,0.287622,0.012783,-0.020241
9.708048,988.154080,7.988972,-2.206236,-0.022780,-2.793379,2.206236,0.017420,10.753205,-2.230217,-0.028140,-2.070874,2.182255,0.034840,-0.124587,-0.652659,9.798032,0.031959,-0.020241,-0.049002
9.718004,988.173275,7.967496,-2.182255,-0.022780,-2.771903,2.206236,0.017420,10.731730,-2.230217,-0.028140,-2.049398,2.182255,0.034840,0.059841,-0.946076,9.316655,-0.096939,-0.115049,-0.067111
9.727745,988.182995,7.946020,-2.158274,-0.022780,-2.748894,2.206236,0.014740,10.710254,-2.230217,-0.029480,-2.027923,2.182255,0.036180,0.022759,-1.045452,9.639993,0.045806,-0.073503,-0.051133
9.737614,988.192612,7.924545,-2.134293,-0.022780,-2.728952,2.206236,0.014740,10.688778,-2.206236,-0.030820,-2.006447,2.182255,0.030820,-0.035905,-0.799907,10.037494,0.218379,-0.017045,-0.033023
9.747682,988.201997,7.903069,-2.134293,-0.024120,-2.707476,2.206236,0.014740,10.667302,-2.206236,-0.029480,-1.984971,2.182255,0.033500,-0.110166,-0.698178,10.230359,0.201334,-0.006391,-0.028761
9.757785,988.211599,7.881593,-2.158274,-0.024120,-2.684466,2.182255,0.014740,10.644293,-2.206236,-0.029480,-1.963495,2.206236,0.029480,-0.148523,-0.722114,10.056722,0.015978,-0.035154,-0.046871
9.767612,988.221256,7.860118,-2.182255,-0.025460,-2.661457,2.182255,0.014740,10.622817,-2.182255,-0.029480,-1.940486,2.206236,0.033500,-0.326967,-0.920865,9.690220,-0.092679,-0.068176,-0.045806
9.777542,988.230517,7.837108,-2.182255,-0.024120,-2.639981,2.182255,0.014740,10.601341,-2.182255,-0.029480,-1.919010,2.206236,0.032160,-0.382001,-1.033483,9.437612,-0.116113,-0.085221,-0.045806
9.787568,988.240113,7.815632,-2.182255,-0.025460,-2.618505,2.182255,0.013400,10.579865,-2.182255,-0.029480,-1.896000,2.206236,0.036180,-0.433504,-1.054967,9.478324,-0.023436,-0.075634,-0.029828
9.797560,988.249843,7.791088,-2.182255,-0.024120,-2.595495,2.206236,0.013400,10.556856,-2.182255,-0.029480,-1.874525,2.206236,0.033500,-0.358065,-0.953238,9.546503,0.063916,-0.062851,-0.020241
9.808019,988.259271,7.768079,-2.182255,-0.022780,-2.572486,2.206236,0.014740,10.533846,-2.182255,-0.026800,-1.851515,2.206236,0.036180,-0.322160,-0.906542,9.535811,0.037284,-0.056460,-0.015978
9.817762,988.268975,7.746603,-2.206236,-0.024120,-2.551010,2.206236,0.016080,10.512370,-2.182255,-0.026800,-1.830039,2.206236,0.033500,-0.220333,-0.837087,9.608797,0.054329,-0.060720,-0.017045
9.828011,988.278359,7.723593,-2.206236,-0.022780,-2.529534,2.206236,0.016080,10.489361,-2.182255,-0.025460,-1.807029,2.206236,0.036180,-0.221510,-0.814328,9.586038,0.037284,-0.059655,-0.014914
9.838000,988.287977,7.702118,-2.206236,-0.022780,-2.506525,2.182255,0.016080,10.467885,-2.182255,-0.026800,-1.785554,2.206236,0.032160,0.035905,-0.834635,9.447128,-0.035154,-0.073503,-0.037284
9.847655,988.297630,7.680642,-2.230217,-0.024120,-2.485049,2.182255,0.016080,10.447943,-2.182255,-0.026800,-1.764078,2.206236,0.038860,0.065825,-1.330432,9.771643,-0.037284,-0.049002,-0.037284
9.857804,988.307207,7.657632,-2.230217,-0.024120,-2.462039,2.182255,0.016080,10.426467,-2.182255,-0.026800,-1.741068,2.206236,0.033500,0.093391,-0.731630,9.897407,0.185356,-0.017045,-0.028761
9.867582,988.316508,7.636156,-2.230217,-0.025460,-2.440563,2.182255,0.016080,10.403458,-2.182255,-0.028140,-1.719592,2.206236,0.036180,-0.023936,-0.668257,10.042301,0.185356,0.004260,-0.030892
9.877615,988.326304,7.613147,-2.230217,-0.025460,-2.417554,2.182255,0.014740,10.381982,-2.182255,-0.028140,-1.698117,2.206236,0.030820,-0.008339,-0.582027,9.746529,0.027697,-0.042610,-0.043675
9.888015,988.335551,7.590137,-2.230217,-0.025460,-2.397612,2.182255,0.014740,10.358972,-2.182255,-0.026800,-1.673573,2.206236,0.033500,-0.079069,-0.948431,9.565731,-0.121440,-0.099070,-0.052198
9.897526,988.345297,7.568661,-2.230217,-0.025460,-2.376136,2.182255,0.014740,10.339031,-2.182255,-0.025460,-1.652097,2.206236,0.029480,-0.013145,-1.195152,9.615958,-0.098004,-0.113984,-0.047937
9.908016,988.354976,7.545651,-2.230217,-0.025460,-2.351593,2.182255,0.013400,10.316021,-2.182255,-0.025460,-1.629088,2.206236,0.032160,-0.040712,-1.022693,9.718963,0.075634,-0.068176,-0.027697
9.918045,988.364360,7.524176,-2.206236,-0.024120,-2.330117,2.182255,0.013400,10.294545,-2.182255,-0.022780,-1.607612,2.206236,0.030820,-0.064648,-0.669434,9.813630,0.165115,-0.049002,-0.019174
9.928038,988.373997,7.502700,-2.206236,-0.024120,-2.308641,2.182255,0.012060,10.271535,-2.182255,-0.024120,-1.586136,2.206236,0.033500,-0.156862,-0.608318,9.503438,0.007456,-0.071373,-0.031959
9.937537,988.383274,7.481224,-2.206236,-0.025460,-2.287165,2.182255,0.012060,10.250060,-2.182255,-0.022780,-1.564660,2.206236,0.029480,-0.185605,-1.094502,9.408869,-0.144876,-0.090548,-0.041546
9.947595,988.402476,7.459749,-2.206236,-0.025460,-2.265690,2.206236,0.013400,10.227050,-2.182255,-0.022780,-1.543185,2.206236,0.033500,-0.385631,-1.135213,9.729754,0.120375,-0.024501,-0.015978
9.958056,988.412087,7.436739,-2.182255,-0.025460,-2.241146,2.206236,0.013400,10.204040,-2.182255,-0.021440,-1.520175,2.206236,0.032160,-0.476570,-0.965206,9.948910,0.197074,-0.007456,-0.009587
9.968016,988.421600,7.415263,-2.182255,-0.024120,-2.218136,2.206236,0.014740,10.181030,-2.206236,-0.021440,-1.497165,2.206236,0.038860,-0.353258,-0.838265,10.036317,0.131027,-0.038350,-0.013849
9.978039,988.431257,7.390719,-2.182255,-0.024120,-2.196660,2.206236,0.014740,10.161089,-2.206236,-0.021440,-1.475690,2.206236,0.034840,-0.257512,-0.741244,9.721416,-0.020241,-0.094808,-0.027697
9.988079,988.440755,7.369244,-2.182255,-0.024120,-2.175185,2.206236,0.014740,10.138079,-2.206236,-0.021440,-1.454214,2.206236,0.036180,-0.065825,-1.004740,9.490292,-0.141681,-0.126767,-0.038350
9.997681,988.450476,7.347768,-2.182255,-0.024120,-2.153709,2.206236,0.014740,10.115069,-2.206236,-0.020100,-1.432738,2.206236,0.032160,0.079069,-1.059774,9.347753,-0.086286,-0.108657,-0.036219
10.007975,988.459682,7.324758,-2.182255,-0.024120,-2.129165,2.230217,0.014740,10.092060,-2.230217,-0.020100,-1.409728,2.206236,0.032160,0.184428,-1.101663,9.533358,0.041546,-0.057524,-0.027697
10.017957,988.469301,7.304817,-2.182255,-0.024120,-2.107690,2.230217,0.014740,10.070584,-2.230217,-0.021440,-1.388253,2.206236,0.029480,0.052680,-0.668257,9.522567,0.157659,-0.021305,-0.022370
10.027638,988.478891,7.284875,-2.182255,-0.025460,-2.087748,2.206236,0.014740,10.049108,-2.230217,-0.021440,-1.366777,2.206236,0.029480,0.007161,-0.807167,9.774095,0.108657,-0.029828,-0.027697
10.037563,988.488449,7.261865,-2.182255,-0.022780,-2.064738,2.206236,0.014740,10.027632,-2.230217,-0.020100,-1.343767,2.206236,0.032160,-0.074262,-0.664628,9.734561,0.071373,-0.054329,-0.031959
10.047576,988.498034,7.240389,-2.182255,-0.024120,-2.043262,2.206236,0.013400,10.003089,-2.230217,-0.020100,-1.320757,2.206236,0.028140,-0.080246,-0.914881,9.940571,0.052198,-0.082025,-0.029828
10.057973,988.507633,7.217380,-2.182255,-0.022780,-2.020253,2.206236,0.012060,9.980079,-2.230217,-0.020100,-1.297748,2.206236,0.028140,-0.215526,-0.396422,9.206489,0.030892,-0.102266,-0.029828
10.067639,988.517295,7.194370,-2.182255,-0.022780,-2.000311,2.206236,0.012060,9.957069,-2.230217,-0.018760,-1.276272,2.206236,0.026800,0.184428,-0.598802,9.539342,-0.019174,-0.132093,-0.041546
10.077622,988.526820,7.172894,-2.182255,-0.020100,-1.978835,2.206236,0.012060,9.934060,-2.230217,-0.017420,-1.254796,2.206236,0.030820,0.141264,-0.829828,9.691495,0.015978,-0.111853,-0.050068
10.087730,988.536103,7.151418,-2.182255,-0.021440,-1.955826,2.206236,0.012060,9.912584,-2.230217,-0.017420,-1.233321,2.206236,0.026800,-0.015598,-0.543670,9.714156,0.115049,-0.071373,-0.039415
10.098002,988.545843,7.129943,-2.182255,-0.024120,-1.932816,2.206236,0.010720,9.891108,-2.230217,-0.018760,-1.208777,2.206236,0.029480,-0.310192,-1.198684,10.426755,0.100135,-0.021305,-0.039415
10.108062,988.555236,7.106933,-2.182255,-0.028140,-1.911340,2.206236,0.009380,9.869632,-2.230217,-0.020100,-1.187301,2.206236,0.028140,-0.340113,-0.449102,9.863857,0.126767,-0.025566,-0.041546
10.118007,988.564879,7.083923,-2.182255,-0.026800,-1.889864,2.206236,0.010720,9.848157,-2.206236,-0.020100,-1.165825,2.206236,0.030820,-0.774794,-1.269316,9.932135,-0.075634,-0.041546,-0.050068
10.128009,988.574296,7.062448,-2.182255,-0.026800,-1.868389,2.206236,0.010720,9.826681,-2.182255,-0.021440,-1.142816,2.206236,0.028140,-0.622739,-1.076549,9.714156,-0.004260,-0.073503,-0.046871
10.137733,988.584021,7.042506,-2.182255,-0.024120,-1.846913,2.206236,0.012060,9.805205,-2.158274,-0.021440,-1.121340,2.206236,0.032160,-0.474215,-0.772439,9.341769,0.022370,-0.091612,-0.040479
10.147942,988.593337,7.017962,-2.158274,-0.025460,-1.823903,2.206236,0.013400,9.782195,-2.158274,-0.021440,-1.098330,2.206236,0.029480,-0.247899,-1.105293,9.419660,-0.074569,-0.108657,-0.035154
10.157734,988.612525,6.998020,-2.158274,-0.028140,-1.802427,2.206236,0.013400,9.762254,-2.158274,-0.021440,-1.078388,2.182255,0.033500,0.009614,-0.815505,9.710625,0.115049,-0.044742,-0.017045
10.168005,988.622065,6.975011,-2.158274,-0.028140,-1.779418,2.206236,0.013400,9.740778,-2.158274,-0.021440,-1.053845,2.182255,0.029480,-0.064648,-0.852587,9.609974,0.082025,-0.002131,-0.018110
10.178009,988.631891,6.953535,-2.158274,-0.026800,-1.757942,2.206236,0.013400,9.717768,-2.158274,-0.022780,-1.032369,2.182255,0.033500,-0.114973,-0.722114,9.663929,0.089483,-0.023436,-0.028761
10.187745,988.641450,6.930525,-2.158274,-0.026800,-1.736466,2.206236,0.013400,9.696293,-2.158274,-0.021440,-1.012427,2.182255,0.029480,-0.034727,-0.696902,9.659122,0.037284,-0.058589,-0.037284
10.198050,988.650996,6.909049,-2.158274,-0.028140,-1.713457,2.206236,0.013400,9.673283,-2.158274,-0.021440,-0.989418,2.182255,0.032160,0.135280,-0.752035,9.571715,-0.006391,-0.088417,-0.042610
10.207717,988.660330,6.887574,-2.158274,-0.029480,-1.691981,2.206236,0.013400,9.653341,-2.158274,-0.021440,-0.967942,2.182255,0.029480,0.226317,-0.984335,9.794402,-0.002131,-0.086286,-0.037284
10.217861,988.670015,6.866098,-2.158274,-0.029480,-1.668971,2.206236,0.012060,9.631865,-2.158274,-0.021440,-0.946466,2.182255,0.029480,0.170007,-1.050259,10.303345,0.137418,-0.055393,-0.027697
10.227925,988.679425,6.844622,-2.182255,-0.029480,-1.647495,2.206236,0.010720,9.610390,-2.158274,-0.021440,-0.921922,2.182255,0.029480,0.034727,-0.626270,10.071044,0.174704,-0.019174,-0.022370
10.237954,988.688900,6.820079,-2.182255,-0.030820,-1.624486,2.206236,0.010720,9.587380,-2.182255,-0.021440,-0.898913,2.182255,0.032160,-0.075439,-0.808344,9.747707,-0.001065,-0.039415,-0.041546
10.247807,988.698665,6.800137,-2.182255,-0.030820,-1.604544,2.206236,0.010720,9.564370,-2.182255,-0.021440,-0.878971,2.182255,0.029480,-0.165299,-0.723291,9.419660,-0.055393,-0.087352,-0.047937
10.257774,988.708216,6.777127,-2.182255,-0.032160,-1.583068,2.206236,0.010720,9.542894,-2.182255,-0.021440,-0.857495,2.182255,0.030820,-0.192767,-0.817860,9.250732,-0.079894,-0.115049,-0.053264
10.267742,988.717882,6.755651,-2.158274,-0.030820,-1.560058,2.206236,0.010720,9.521419,-2.182255,-0.021440,-0.832952,2.182255,0.030820,-0.295772,-1.151988,9.289089,-0.077765,-0.083090,-0.043675
10.277771,988.727209,6.734176,-2.158274,-0.030820,-1.537049,2.206236,0.009380,9.499943,-2.182255,-0.022780,-0.811476,2.182255,0.029480,-0.312547,-1.019063,9.562101,0.102266,-0.049002,-0.029828
10.287796,988.736808,6.712700,-2.158274,-0.030820,-1.514039,2.206236,0.009380,9.476933,-2.182255,-0.022780,-0.788466,2.182255,0.030820,-0.344920,-1.001111,10.021994,0.164050,-0.022370,-0.023436
10.297835,988.746167,6.689690,-2.158274,-0.030820,-1.492563,2.206236,0.009380,9.456992,-2.182255,-0.021440,-0.766990,2.182255,0.029480,-0.334129,-0.786762,9.928505,0.156594,-0.011718,-0.024501
10.307865,988.755958,6.668214,-2.158274,-0.032160,-1.471088,2.206236,0.010720,9.433982,-2.182255,-0.021440,-0.745515,2.182255,0.029480,-0.280174,-0.905365,10.019542,0.076698,-0.028761,-0.026632
10.317959,988.765533,6.646739,-2.158274,-0.030820,-1.448078,2.206236,0.010720,9.410972,-2.182255,-0.021440,-0.722505,2.182255,0.030820,-0.244269,-0.653837,9.649508,0.007456,-0.073503,-0.050068
10.327995,988.774894,6.623729,-2.158274,-0.032160,-1.426602,2.206236,0.009380,9.389496,-2.182255,-0.021440,-0.701029,2.182255,0.028140,-0.160492,-0.855040,9.394448,-0.120375,-0.091612,-0.056460
10.338059,988.784450,6.600719,-2.182255,-0.030820,-1.405126,2.206236,0.008040,9.366487,-2.206236,-0.021440,-0.678020,2.182255,0.030820,-0.172460,-1.047806,9.575247,-0.044742,-0.080961,-0.041546
10.347669,988.794105,6.580778,-2.182255,-0.030820,-1.382117,2.206236,0.008040,9.345011,-2.206236,-0.021440,-0.658078,2.182255,0.028140,-0.188058,-0.783132,9.843550,0.150203,-0.041546,-0.027697
10.357672,988.803717,6.557768,-2.182255,-0.029480,-1.360641,2.206236,0.006700,9.322001,-2.206236,-0.020100,-0.633534,2.182255,0.026800,-0.044341,-0.425067,9.765659,0.154463,-0.046871,-0.030892
10.367715,988.813004,6.536292,-2.182255,-0.030820,-1.339165,2.206236,0.006700,9.300526,-2.230217,-0.020100,-0.612058,2.182255,0.028140,0.032373,-0.808344,9.714156,-0.040479,-0.068176,-0.035154
10.377773,988.832305,6.511748,-2.182255,-0.030820,-1.317689,2.206236,0.008040,9.277516,-2.230217,-0.021440,-0.590583,2.182255,0.028140,-0.070632,-0.637061,9.631556,0.074569,-0.053264,-0.023436
10.387756,988.841902,6.490273,-2.182255,-0.032160,-1.296214,2.206236,0.008040,9.256040,-2.230217,-0.021440,-0.567573,2.182255,0.028140,-0.117328,-0.797553,9.775273,0.078830,-0.038350,-0.022370
10.397803,988.851174,6.468797,-2.182255,-0.033500,-1.271670,2.206236,0.009380,9.234564,-2.230217,-0.021440,-0.546097,2.182255,0.032160,-0.264674,-0.512572,9.787241,0.090548,-0.050068,-0.023436
10.407824,988.860832,6.447321,-2.182255,-0.033500,-1.250194,2.206236,0.009380,9.211555,-2.230217,-0.021440,-0.523087,2.182255,0.032160,-0.108989,-0.530525,9.813630,0.043675,-0.083090,-0.038350
10.417857,988.870402,6.425846,-2.182255,-0.033500,-1.228719,2.206236,0.009380,9.190079,-2.206236,-0.021440,-0.500078,2.182255,0.033500,-0.179621,-0.912526,9.705818,-0.077765,-0.083090,-0.044742
10.427895,988.880051,6.402836,-2.182255,-0.033500,-1.205709,2.206236,0.008040,9.168603,-2.206236,-0.021440,-0.480136,2.182255,0.030820,-0.073085,-0.816683,9.620765,-0.005327,-0.089483,-0.049002
10.437917,988.889402,6.381360,-2.182255,-0.034840,-1.182699,2.206236,0.008040,9.145593,-2.182255,-0.024120,-0.457126,2.182255,0.033500,-0.175991,-1.076549,9.733384,0.012783,-0.045806,-0.045806
10.447772,988.898959,6.359884,-2.182255,-0.033500,-1.161223,2.182255,0.009380,9.124118,-2.182255,-0.024120,-0.434117,2.182255,0.032160,-0.247899,-0.821489,9.820791,0.123571,-0.041546,-0.041546
10.458055,988.908526,6.335341,-2.182255,-0.034840,-1.139748,2.182255,0.010720,9.101108,-2.182255,-0.024120,-0.411107,2.182255,0.034840,-0.292240,-0.752035,9.521390,0.044742,-0.052198,-0.044742
10.467572,988.918210,6.315399,-2.182255,0.000000,-1.119806,2.182255,-0.030820,9.081166,-2.182255,0.016080,-0.391165,2.182255,-0.006700,-0.213171,-1.132859,9.459096,-0.105462,-0.098004,-0.052198
10.477611,988.927809,6.296991,-2.182255,0.000000,-1.099864,2.158274,-0.022780,9.062758,-2.182255,0.010720,-0.371223,2.158274,0.000000,-0.196396,-1.074195,9.442321,-0.054329,-0.098004,-0.046871
10.487924,988.937335,6.280117,-2.134293,0.000000,-1.082990,2.134293,-0.021440,9.042817,-2.134293,0.009380,-0.354350,2.134293,0.000000,-0.245446,-1.009547,9.839920,0.112918,-0.056460,-0.026632
10.497967,988.946908,6.263244,-2.086332,0.001340,-1.066117,2.062351,-0.022780,9.024409,-2.110313,0.010720,-0.337476,2.086332,-0.004020,-0.376017,-0.640691,10.138145,0.196009,-0.024501,-0.013849
10.508034,988.956521,6.247904,-2.014389,0.004020,-1.052311,1.990408,-0.024120,9.010603,-2.062351,0.012060,-0.323670,1.990408,-0.006700,-0.274190,-0.289787,10.322572,0.192814,-0.034088,-0.014914
10.517557,988.965999,6.235632,-1.894485,0.005360,-1.040039,1.918466,-0.024120,8.999865,-1.966428,0.016080,-0.312932,1.894485,-0.005360,-0.344920,-0.028743,9.863857,0.068176,-0.056460,-0.033023
10.527576,988.975445,6.223360,-1.798562,0.006700,-1.027767,1.774581,-0.024120,8.989127,-1.846523,0.014740,-0.302194,1.774581,-0.008040,-0.462247,-0.053857,9.757320,-0.006391,-0.072438,-0.074569
10.537609,988.985119,6.212622,-1.654677,0.006700,-1.018563,1.630696,-0.024120,8.979924,-1.678658,0.016080,-0.292990,1.606715,-0.009380,-0.480200,0.524541,9.485485,0.132093,-0.068176,-0.079894
10.547700,988.994626,6.203418,-1.510792,0.005360,-1.010893,1.486811,-0.022780,8.972254,-1.510792,0.016080,-0.283786,1.462830,-0.010720,-0.560445,0.500604,9.502260,0.021305,-0.074569,-0.062851
10.557588,989.004297,6.195748,-1.366907,0.004020,-1.003223,1.342926,-0.022780,8.966118,-1.342926,0.016080,-0.276117,1.318945,-0.009380,-0.525718,0.318531,9.681881,-0.019174,-0.082025,-0.021305
10.568001,989.013537,6.189612,-1.223022,0.001340,-0.998621,1.151080,-0.022780,8.959982,-1.175060,0.014740,-0.269981,1.151080,-0.008040,-0.534056,0.476570,10.019542,0.159790,-0.043675,0.029828
10.577991,989.032883,6.185011,-1.079137,0.000000,-0.992486,1.007195,-0.021440,8.955380,-1.007195,0.013400,-0.265379,1.031175,-0.006700,-0.567607,0.571236,10.182388,0.109722,-0.019174,0.007456
10.587992,989.042482,6.181943,-0.935252,0.000000,-0.989418,0.887290,-0.018760,8.952312,-0.863310,0.012060,-0.260777,0.911271,-0.002680,-0.627448,0.547300,9.849534,-0.071373,-0.086286,0.005327
10.598041,989.052108,6.180409,-0.791367,0.000000,-0.986350,0.743406,-0.017420,8.949244,-0.743406,0.012060,-0.256175,0.791367,0.000000,-0.556816,0.556816,9.404062,-0.202401,-0.154463,0.013849
10.607952,989.061469,6.178875,-0.647482,-0.001340,-0.983282,0.647482,-0.013400,8.946176,-0.623501,0.009380,-0.253107,0.719425,0.000000,-0.570059,0.452633,9.177746,-0.186422,-0.149137,0.015978
10.617912,989.070908,6.177341,-0.527578,-0.004020,-0.980214,0.551559,-0.010720,8.944642,-0.527578,0.006700,-0.251573,0.623501,0.004020,-0.449102,0.007161,9.459096,-0.015978,-0.074569,-0.006391
10.627553,989.080534,6.177341,-0.407674,-0.005360,-0.978680,0.455636,-0.008040,8.941574,-0.455636,0.004020,-0.250039,0.527578,0.008040,-0.364049,-0.616755,9.800386,0.055393,-0.013849,-0.023436
10.638042,989.089940,6.175807,-0.311751,-0.006700,-0.978680,0.383693,-0.005360,8.941574,-0.383693,0.002680,-0.248505,0.431655,0.013400,-0.273012,-0.753212,9.892600,0.059655,-0.028761,-0.028761
10.648025,989.099702,6.174273,-0.239808,-0.012060,-0.977146,0.311751,-0.002680,8.941574,-0.311751,0.000000,-0.246971,0.335732,0.021440,-0.210719,-0.923317,9.948910,0.020241,-0.066047,-0.030892
10.657613,989.109141,6.172739,-0.191847,-0.014740,-0.977146,0.239808,0.000000,8.941574,-0.239808,0.000000,-0.246971,0.287770,0.024120,-0.092214,-1.059774,9.768111,-0.070307,-0.103330,-0.036219
10.667610,989.118703,6.171205,-0.143885,-0.017420,-0.977146,0.191847,0.000000,8.941574,-0.167866,0.000000,-0.246971,0.215827,0.028140,0.025114,-1.393903,9.653138,-0.115049,-0.104395,-0.037284
10.677634,989.128339,6.171205,-0.119904,-0.016080,-0.978680,0.143885,0.000000,8.943108,-0.119904,-0.001340,-0.246971,0.167866,0.029480,0.074262,-1.253816,9.504615,-0.002131,-0.077765,-0.029828
10.687915,989.137809,6.169671,-0.119904,-0.018760,-0.977146,0.095923,0.000000,8.943108,-0.071942,-0.005360,-0.246971,0.119904,0.029480,0.045518,-1.232234,9.787241,0.110788,-0.053264,-0.023436
10.698049,989.147517,6.169671,-0.095923,-0.020100,-0.977146,0.047962,0.000000,8.941574,-0.023981,-0.008040,-0.246971,0.071942,0.028140,0.068278,-1.010724,9.765659,0.098004,-0.062851,-0.030892
10.707678,989.157054,6.169671,-0.095923,-0.020100,-0.977146,0.047962,0.001340,8.941574,0.000000,-0.008040,-0.246971,0.047962,0.028140,0.094568,-1.289721,9.798032,-0.021305,-0.082025,-0.042610
10.718025,989.166415,6.169671,-0.071942,-0.020100,-0.977146,0.023981,0.001340,8.941574,0.000000,-0.009380,-0.246971,0.023981,0.028140,0.130571,-1.326803,9.734561,-0.031959,-0.087352,-0.044742
10.727988,989.176070,6.168137,-0.047962,-0.020100,-0.977146,0.000000,0.001340,8.941574,0.000000,-0.009380,-0.248505,0.000000,0.028140,0.071809,-1.324448,9.810000,0.042610,-0.064980,-0.038350
10.737961,989.185539,6.168137,-0.047962,-0.018760,-0.975612,0.000000,0.001340,8.941574,0.000000,-0.009380,-0.246971,0.000000,0.028140,-0.014323,-1.249009,9.907021,0.085221,-0.042610,-0.033023
10.747971,989.195078,6.168137,-0.023981,-0.017420,-0.975612,0.000000,0.000000,8.941574,0.000000,-0.009380,-0.246971,0.000000,0.028140,-0.098198,-1.094502,9.890246,0.076698,-0.053264,-0.033023
10.757934,989.204703,6.168137,-0.023981,-0.016080,-0.975612,0.023981,0.000000,8.940040,-0.023981,-0.005360,-0.246971,0.000000,0.028140,-0.118505,-1.001111,9.754868,-0.008522,-0.089483,-0.039415
10.768014,989.214212,6.166603,-0.023981,-0.012060,-0.974078,0.023981,0.000000,8.940040,-0.023981,-0.004020,-0.246971,0.000000,0.028140,-0.137732,-1.087340,9.519035,-0.087352,-0.098004,-0.041546
10.777927,989.233321,6.166603,-0.023981,-0.009380,-0.974078,0.023981,0.000000,8.938506,-0.023981,0.000000,-0.246971,0.000000,0.028140,-0.198751,-0.687387,9.634009,0.124636,-0.052198,-0.022370
10.787996,989.243088,6.166603,-0.023981,-0.006700,-0.974078,0.023981,0.000000,8.936972,-0.023981,0.000000,-0.246971,0.000000,0.028140,-0.249076,-0.643046,9.751336,0.095874,-0.038350,-0.023436
10.797876,989.252438,6.165069,-0.047962,-0.005360,-0.972544,0.023981,0.000000,8.935438,-0.047962,0.000000,-0.246971,0.000000,0.028140,-0.286158,-0.570059,9.747707,0.053264,-0.051133,-0.029828
10.807928,989.261960,6.165069,-0.047962,-0.001340,-0.972544,0.023981,0.000000,8.933904,-0.071942,0.000000,-0.246971,0.000000,0.028140,-0.265851,-0.510120,9.710625,0.031959,-0.073503,-0.035154
10.817979,989.271683,6.163535,-0.047962,-0.001340,-0.972544,0.023981,0.000000,8.932370,-0.071942,0.000000,-0.246971,0.000000,0.032160,-0.201203,-0.541316,9.634009,-0.012783,-0.085221,-0.039415
10.828018,989.281005,6.163535,-0.047962,-0.001340,-0.971010,0.047962,-0.002680,8.932370,-0.095923,0.000000,-0.246971,0.000000,0.028140,-0.200026,-0.584382,9.675897,0.006391,-0.072438,-0.036219
10.837825,989.290542,6.162001,-0.047962,-0.001340,-0.969476,0.047962,-0.002680,8.932370,-0.095923,-0.001340,-0.246971,0.000000,0.028140,-0.206010,-0.385631,9.696204,0.087352,-0.053264,-0.028761
10.847985,989.300212,6.162001,-0.047962,0.018760,-0.969476,0.047962,-0.034840,8.932370,-0.095923,0.024120,-0.246971,0.000000,-0.014740,-0.245446,-0.389163,9.732207,0.075634,-0.050068,-0.027697
10.857969,989.309809,6.162001,-0.047962,0.018760,-0.971010,0.023981,-0.033500,8.933904,-0.071942,0.025460,-0.246971,0.000000,-0.032160,-0.214349,-0.409568,9.660299,0.009587,-0.071373,-0.034088
10.867574,989.319281,6.162001,-0.047962,0.020100,-0.974078,0.023981,-0.030820,8.936972,-0.047962,0.025460,-0.246971,0.000000,-0.041540,-0.188058,-0.555638,9.674720,-0.014914,-0.080961,-0.035154
10.877607,989.328685,6.165069,-0.023981,0.021440,-0.978680,0.000000,-0.033500,8.941574,0.000000,0.025460,-0.246971,0.000000,-0.048240,-0.172460,-0.529348,9.792048,0.050068,-0.060720,-0.029828
10.887744,989.338525,6.171205,0.000000,0.024120,-0.984816,-0.047962,-0.034840,8.947710,0.071942,0.025460,-0.250039,0.000000,-0.065660,-0.253883,-0.438311,9.901037,0.107593,-0.040479,-0.025566
10.897816,989.348001,6.177341,0.071942,0.024120,-0.990952,-0.143885,-0.034840,8.955380,0.167866,0.026800,-0.254641,-0.023981,-0.077720,-0.237108,-0.307740,9.924973,0.076698,-0.050068,-0.033023
10.907983,989.357483,6.186545,0.167866,0.030820,-1.000155,-0.239808,-0.042880,8.964584,0.263789,0.034840,-0.260777,-0.095923,-0.081740,-0.390340,-0.263497,9.792048,0.014914,-0.064980,-0.044742
10.917948,989.366885,6.195748,0.287770,0.033500,-1.009359,-0.359712,-0.048240,8.972254,0.383693,0.038860,-0.268447,-0.143885,-0.083080,-0.407115,-0.202380,9.742900,0.006391,-0.072438,-0.050068
10.927817,989.376586,6.208020,0.431655,0.038860,-1.020097,-0.479616,-0.056280,8.984525,0.503597,0.048240,-0.277651,-0.263789,-0.092460,-0.452633,-0.073085,9.732207,0.063916,-0.061785,-0.047937
10.937544,989.386255,6.221826,0.575540,0.041540,-1.033903,-0.599521,-0.060300,8.996797,0.647482,0.053600,-0.289922,-0.383693,-0.097820,-0.426343,0.011968,9.794402,0.061785,-0.066047,-0.046871
10.947967,989.395528,6.238700,0.767386,0.042880,-1.050777,-0.767386,-0.064320,9.012137,0.791367,0.060300,-0.303728,-0.527578,-0.097820,-0.446649,-0.143716,9.895053,0.011718,-0.059655,-0.045806
10.957560,989.405175,6.254040,0.911271,0.041540,-1.066117,-0.887290,-0.065660,9.029011,0.935252,0.058960,-0.319068,-0.719425,-0.099160,-0.485006,0.015598,9.898584,0.057524,-0.045806,-0.040479
10.967723,989.414686,6.275515,1.079137,0.040200,-1.084524,-1.055156,-0.065660,9.047419,1.079137,0.060300,-0.337476,-0.887290,-0.099160,-0.599980,0.013145,9.951264,0.080961,-0.036219,-0.029828
10.977752,989.424265,6.295457,1.247003,0.037520,-1.104466,-1.223022,-0.065660,9.065826,1.223022,0.058960,-0.355884,-1.055156,-0.097820,-0.546025,0.211994,9.889069,0.070307,-0.058589,-0.022370
10.987886,989.433830,6.318467,1.414869,0.036180,-1.127476,-1.390888,-0.067000,9.085768,1.390888,0.060300,-0.375825,-1.247003,-0.096480,-0.500604,0.190412,9.769289,-0.006391,-0.079894,-0.022370
10.997865,989.443589,6.339943,1.582734,0.033500,-1.148952,-1.558754,-0.067000,9.107244,1.534773,0.061640,-0.397301,-1.438849,-0.095140,-0.470586,0.221510,9.705818,0.007456,-0.076698,-0.028761
11.007908,989.462445,6.364486,1.750600,0.030820,-1.173495,-1.726619,-0.067000,9.130254,1.678658,0.058960,-0.420311,-1.606715,-0.093800,-0.463424,0.354435,9.714156,0.076698,-0.044742,-0.028761
11.017923,989.471941,6.389030,1.894485,0.029480,-1.198039,-1.870504,-0.067000,9.154797,1.846523,0.056280,-0.446388,-1.774581,-0.089780,-0.499329,0.244269,9.818339,0.060720,-0.041546,-0.021305
11.027906,989.481845,6.413574,2.038370,0.028140,-1.222583,-2.014389,-0.071020,9.180875,1.966428,0.058960,-0.470932,-1.918466,-0.088440,-0.572414,0.208364,9.879455,0.039415,-0.042610,-0.024501
11.037903,989.491205,6.441185,2.158274,0.026800,-1.250194,-2.158274,-0.071020,9.206953,2.110313,0.054940,-0.497010,-2.038370,-0.087100,-0.613125,0.215526,9.805193,0.030892,-0.056460,-0.030892
11.047935,989.500829,6.467263,2.278178,0.025460,-1.277806,-2.254197,-0.069680,9.233030,2.230217,0.050920,-0.523087,-2.158274,-0.081740,-0.528072,0.076616,9.769289,-0.018110,-0.075634,-0.036219
11.057936,989.510179,6.494875,2.374102,0.024120,-1.305418,-2.374102,-0.069680,9.260642,2.326140,0.046900,-0.550699,-2.278178,-0.071020,-0.593996,-0.037082,9.678252,-0.030892,-0.082025,-0.038350
11.067914,989.519815,6.522486,2.470025,0.021440,-1.334563,-2.470025,-0.067000,9.288254,2.422063,0.042880,-0.578311,-2.374102,-0.064320,-0.370033,-0.116150,9.615958,-0.039415,-0.092679,-0.039415
11.077905,989.529322,6.551632,2.541967,0.020100,-1.362175,-2.541967,-0.067000,9.315865,2.517987,0.037520,-0.605922,-2.470025,-0.058960,-0.234753,-0.397599,9.594474,-0.078830,-0.093743,-0.040479
11.087723,989.538915,6.580778,2.613910,0.018760,-1.389787,-2.613910,-0.064320,9.346545,2.589929,0.034840,-0.635068,-2.541967,-0.057620,-0.213171,-0.690918,9.630379,-0.055393,-0.061785,-0.034088
11.097981,989.548365,6.611457,2.685852,0.016080,-1.422000,-2.685852,-0.061640,9.377225,2.685852,0.030820,-0.667282,-2.637891,-0.045560,-0.128119,-0.863378,9.754868,0.026632,-0.037284,-0.025566
11.107921,989.558245,6.639069,2.733814,0.013400,-1.449612,-2.757795,-0.057620,9.404836,2.733814,0.026800,-0.694893,-2.685852,-0.037520,-0.221510,-0.986788,10.130885,0.093743,-0.025566,-0.017045
11.117985,989.567406,6.668214,2.781776,0.012060,-1.480291,-2.805756,-0.052260,9.435516,2.805756,0.024120,-0.724039,-2.757795,-0.037520,-0.055132,-0.680225,9.921344,0.106526,-0.062851,-0.013849
11.127921,989.577126,6.698894,2.829737,0.010720,-1.509437,-2.853718,-0.050920,9.466195,2.853718,0.021440,-0.756253,-2.805756,-0.032160,0.011968,-1.086163,9.733384,-0.143810,-0.129962,-0.037284
11.138036,989.586727,6.728040,2.853718,0.009380,-1.540117,-2.901680,-0.050920,9.496875,2.901680,0.017420,-0.786932,-2.853718,-0.034840,0.210719,-1.392726,9.535811,-0.209857,-0.156594,-0.050068
11.147964,989.596416,6.758719,2.901680,0.009380,-1.570796,-2.925661,-0.050920,9.526021,2.949641,0.017420,-0.817612,-2.901680,-0.029480,0.152055,-1.402241,9.363351,-0.041546,-0.096939,-0.033023
11.157925,989.605716,6.789399,2.925661,0.009380,-1.601476,-2.973622,-0.049580,9.555166,2.973622,0.018760,-0.848291,-2.949641,-0.033500,-0.077793,-1.561556,9.875825,0.085221,-0.030892,-0.020241
11.167657,989.615535,6.818545,2.949641,0.009380,-1.629088,-2.997603,-0.048240,9.587380,2.997603,0.021440,-0.878971,-2.973622,-0.033500,-0.246722,-0.965206,9.940571,0.236489,0.008522,-0.007456
11.177725,989.624702,6.849224,2.973622,0.012060,-1.659767,-3.021584,-0.048240,9.616526,2.997603,0.024120,-0.909651,-2.997603,-0.036180,-0.276642,-0.900558,9.899860,0.069242,-0.034088,-0.019174
11.187913,989.634351,6.879904,2.973622,0.014740,-1.690447,-3.021584,-0.048240,9.647205,3.021584,0.025460,-0.943398,-3.021584,-0.034840,-0.251430,-0.875346,9.302234,-0.147007,-0.107593,-0.034088
11.197636,989.644040,6.910583,2.973622,0.014740,-1.721126,-3.045565,-0.050920,9.674817,3.021584,0.026800,-0.972544,-3.021584,-0.034840,-0.128119,-1.100486,9.210020,-0.169377,-0.144876,-0.034088
11.207970,989.663263,6.939729,2.973622,0.016080,-1.753340,-3.045565,-0.050920,9.705496,2.997603,0.028140,-1.003223,-3.021584,-0.037520,-0.034727,-1.037015,10.142951,0.194943,-0.002131,-0.005327
11.217787,989.672469,6.968875,2.973622,0.017420,-1.784020,-3.045565,-0.049580,9.734642,2.997603,0.029480,-1.033903,-3.021584,-0.037520,-0.348451,-0.675419,10.259102,0.271643,0.043675,-0.005327
11.228076,989.682027,6.999554,2.973622,0.018760,-1.814699,-3.045565,-0.050920,9.766856,2.997603,0.030820,-1.064583,-3.021584,-0.040200,-0.119780,-0.338936,10.266263,0.141681,-0.009587,-0.010653
11.237996,989.691851,7.031768,2.973622,0.018760,-1.845379,-3.045565,-0.048240,9.794467,2.973622,0.030820,-1.093728,-3.021584,-0.036180,-0.111344,-0.432327,9.798032,-0.061785,-0.090548,-0.038350
11.247949,989.701266,7.060914,2.973622,0.018760,-1.876059,-3.045565,-0.050920,9.825147,2.973622,0.029480,-1.122874,-3.021584,-0.041540,-0.113796,-0.471861,9.177746,-0.220510,-0.157659,-0.060720
11.257910,989.710828,7.090059,2.973622,0.017420,-1.906738,-3.045565,-0.050920,9.855827,2.973622,0.029480,-1.155088,-3.021584,-0.040200,-0.094568,-0.858571,8.969381,-0.233293,-0.169377,-0.060720
11.267596,989.720607,7.120739,2.973622,0.017420,-1.934350,-3.045565,-0.052260,9.884972,2.973622,0.028140,-1.185767,-3.021584,-0.042880,-0.013145,-1.114907,9.451935,-0.027697,-0.095874,-0.036219
11.277836,989.729908,7.152952,2.973622,0.018760,-1.963495,-3.045565,-0.053600,9.915652,2.973622,0.028140,-1.216447,-3.021584,-0.040200,-0.264674,-0.698178,9.914182,0.291882,0.012783,-0.002131
11.287609,989.739546,7.182098,2.997603,0.020100,-1.994175,-3.045565,-0.050920,9.944797,2.973622,0.032160,-1.247126,-3.021584,-0.038860,-0.426343,-0.633530,10.411157,0.286557,0.064980,0.006391
11.297798,989.748933,7.211244,2.997603,0.020100,-2.023321,-3.045565,-0.048240,9.977011,2.973622,0.033500,-1.276272,-3.021584,-0.040200,-0.340113,-0.365226,9.971669,0.066047,0.001065,-0.004260
11.308015,989.758470,7.243457,2.997603,0.020100,-2.055534,-3.045565,-0.045560,10.006157,2.973622,0.033500,-1.308486,-3.021584,-0.034840,-0.220333,-0.699355,9.812354,-0.141681,-0.106526,-0.022370
11.317908,989.768091,7.274137,2.997603,0.020100,-2.084680,-3.045565,-0.045560,10.036836,2.973622,0.032160,-1.337631,-3.021584,-0.038860,-0.349628,-0.864555,9.430353,-0.206661,-0.143810,-0.034088
11.327532,989.777797,7.303283,2.997603,0.021440,-2.115360,-3.045565,-0.045560,10.065982,2.997603,0.030820,-1.368311,-3.045565,-0.034840,-0.110166,-1.146004,9.514228,-0.128898,-0.115049,-0.029828
11.337866,989.787100,7.333962,3.021584,-0.040200,-2.142971,-3.045565,0.020100,10.096662,2.997603,-0.026800,-1.398990,-3.045565,0.017420,-0.175991,-1.373498,9.956071,0.082025,-0.015978,-0.010653
11.347922,989.796797,7.360040,2.997603,-0.029480,-2.172117,-3.021584,0.006700,10.122739,2.973622,-0.018760,-1.426602,-3.045565,0.013400,-0.140087,-0.582027,10.100965,0.319579,0.011718,-0.006391
11.357967,989.806337,7.383050,2.973622,-0.029480,-2.198194,-2.997603,0.005360,10.148817,2.949641,-0.018760,-1.451146,-2.997603,0.016080,-0.117328,-0.407115,9.736916,0.086286,-0.047937,-0.030892
11.367936,989.815928,7.404525,2.901680,-0.029480,-2.221204,-2.925661,0.009380,10.167225,2.877699,-0.022780,-1.472622,-2.925661,0.010720,0.123312,-1.111277,9.375319,-0.281230,-0.153399,-0.066047
11.377934,989.825284,7.427535,2.781776,-0.030820,-2.239612,-2.805756,0.010720,10.188700,2.781776,-0.026800,-1.491029,-2.829737,0.009380,0.373663,-1.614236,8.641237,-0.392017,-0.193878,-0.067111
11.388009,989.835072,7.447477,2.661871,-0.032160,-2.254952,-2.661871,0.014740,10.207108,2.661871,-0.029480,-1.507903,-2.661871,0.002680,0.634707,-2.553052,8.934654,-0.338754,-0.159790,-0.036219
11.397936,989.844634,7.462817,2.494006,-0.032160,-2.268758,-2.494006,0.014740,10.222448,2.494006,-0.030820,-1.523243,-2.470025,0.004020,0.656191,-2.938684,9.517760,-0.050068,-0.044742,0.017045
11.407714,989.853901,7.475088,2.302159,-0.032160,-2.281029,-2.278178,0.016080,10.234720,2.302159,-0.032160,-1.535515,-2.254197,0.001340,0.419083,-2.747094,10.152467,0.243946,0.037284,0.037284
11.417748,989.863609,7.485826,2.086332,-0.030820,-2.291767,-2.038370,0.014740,10.245458,2.086332,-0.032160,-1.546253,-2.038370,0.000000,0.461070,-2.585426,9.892600,0.168313,0.008522,0.006391
11.427953,989.882890,7.495030,1.894485,-0.029480,-2.300971,-1.798562,0.014740,10.256196,1.870504,-0.032160,-1.555457,-1.822543,0.000000,0.643046,-2.927893,9.159793,-0.136354,-0.138485,-0.047937
11.438003,989.892116,7.504234,1.678658,-0.026800,-2.310175,-1.558754,0.013400,10.265399,1.678658,-0.032160,-1.564660,-1.606715,-0.001340,0.640691,-3.036882,9.208843,-0.042610,-0.084156,-0.021305
11.448000,989.901675,7.510370,1.462830,-0.024120,-2.314777,-1.366907,0.013400,10.273069,1.462830,-0.029480,-1.572330,-1.414869,-0.002680,0.620286,-2.897972,9.340592,0.087352,0.006391,-0.004260
11.457922,989.911224,7.514972,1.247003,-0.020100,-2.320913,-1.175060,0.013400,10.277671,1.270984,-0.024120,-1.576932,-1.247003,-0.009380,0.540041,-3.004509,9.860325,0.172573,0.055393,0.008522
11.467912,989.920801,7.519574,1.055156,-0.016080,-2.325515,-1.031175,0.012060,10.283807,1.079137,-0.020100,-1.583068,-1.079137,-0.010720,0.482554,-2.750724,10.030333,0.187487,0.029828,-0.007456
11.477913,989.930312,7.522642,0.911271,-0.012060,-2.330117,-0.887290,0.013400,10.286875,0.935252,-0.018760,-1.587670,-0.935252,-0.018760,0.389163,-1.951896,9.977653,0.236489,-0.031959,-0.028761
11.487905,989.940223,7.522642,0.743406,-0.009380,-2.333185,-0.767386,0.012060,10.289943,0.791367,-0.014740,-1.590738,-0.791367,-0.025460,0.307740,-1.593929,9.653138,0.083090,-0.068176,-0.042610
11.497974,989.949707,7.524176,0.599521,-0.006700,-2.336253,-0.647482,0.012060,10.293011,0.671463,-0.010720,-1.592272,-0.671463,-0.033500,0.156862,-1.648963,9.250732,-0.070307,-0.090548,-0.049002
11.507915,989.959059,7.524176,0.479616,-0.002680,-2.337787,-0.551559,0.009380,10.293011,0.551559,-0.008040,-1.593806,-0.575540,-0.040200,0.015598,-1.645333,9.275944,-0.026632,-0.082025,-0.047937
11.518031,989.968687,7.524176,0.359712,0.000000,-2.339321,-0.455636,0.009380,10.293011,0.455636,-0.001340,-1.595340,-0.455636,-0.046900,-0.161669,-1.155618,9.689043,0.190682,-0.042610,-0.026632
11.527558,989.978307,7.525710,0.263789,0.001340,-2.339321,-0.383693,0.008040,10.293011,0.359712,0.000000,-1.593806,-0.359712,-0.050920,-0.276642,-0.895751,9.985991,0.220510,-0.012783,-0.010653
11.537545,989.987937,7.527244,0.191847,0.005360,-2.340855,-0.311751,0.006700,10.293011,0.263789,0.004020,-1.595340,-0.287770,-0.060300,-0.277819,-0.663450,10.042301,0.143810,-0.021305,0.000000
11.547758,989.997305,7.527244,0.119904,0.009380,-2.339321,-0.239808,0.002680,10.294545,0.167866,0.010720,-1.595340,-0.215827,-0.056280,-0.372388,-0.347274,10.129708,0.157659,-0.037284,-0.003196
11.558024,990.006859,7.528778,0.095923,0.012060,-2.339321,-0.167866,0.000000,10.294545,0.119904,0.014740,-1.595340,-0.143885,-0.054940,-0.419083,0.013145,10.019542,0.115049,-0.059655,-0.018110
11.567771,990.016343,7.528778,0.071942,0.012060,-2.340855,-0.119904,0.000000,10.294545,0.071942,0.017420,-1.595340,-0.095923,-0.054940,-0.439488,0.082600,9.724947,-0.001065,-0.083090,-0.040479
11.577538,990.026108,7.528778,0.071942,0.016080,-2.340855,-0.071942,0.000000,10.294545,0.047962,0.020100,-1.595340,-0.047962,-0.054940,-0.452633,0.004807,9.360898,-0.100135,-0.101199,-0.050068
11.587953,990.035461,7.530312,0.071942,0.014740,-2.340855,-0.047962,0.000000,10.294545,0.023981,0.020100,-1.595340,-0.047962,-0.054940,-0.373663,-0.213171,9.257991,-0.084156,-0.087352,-0.053264
11.597825,990.045269,7.530312,0.071942,0.014740,-2.340855,-0.023981,-0.001340,10.294545,0.023981,0.020100,-1.595340,-0.023981,-0.054940,-0.376017,-0.126941,9.229248,0.051133,-0.045806,-0.045806
11.607900,990.054838,7.531846,0.047962,0.014740,-2.340855,0.000000,-0.001340,10.294545,0.023981,0.020100,-1.595340,0.000000,-0.054940,-0.432327,-0.258690,9.586038,0.141681,-0.015978,-0.031959
11.617674,990.064013,7.531846,0.047962,0.012060,-2.340855,0.000000,0.000000,10.296079,0.000000,0.018760,-1.595340,0.000000,-0.054940,-0.382001,-0.330499,9.819614,0.134223,-0.015978,-0.027697
11.627851,990.083317,7.531846,0.047962,0.009380,-2.343923,-0.023981,0.000000,10.296079,0.000000,0.014740,-1.593806,0.000000,-0.053600,-0.286158,-0.621464,9.991976,-0.008522,-0.080961,-0.037284
11.640079,990.092802,7.533380,0.047962,0.006700,-2.345457,-0.023981,0.000000,10.296079,0.000000,0.009380,-1.595340,0.000000,-0.053600,-0.178444,-0.825119,9.740545,-0.080961,-0.099070,-0.040479
11.650389,990.102454,7.533380,0.047962,0.004020,-2.345457,-0.047962,0.000000,10.297613,0.023981,0.006700,-1.595340,0.000000,-0.054940,-0.124587,-1.057420,9.618411,-0.072438,-0.092679,-0.035154
11.660097,990.111993,7.534914,0.047962,0.000000,-2.345457,-0.047962,0.000000,10.297613,0.023981,0.004020,-1.595340,0.000000,-0.053600,-0.035905,-1.100486,9.629202,-0.002131,-0.085221,-0.030892
11.670345,990.121418,7.534914,0.047962,0.065660,-2.345457,-0.047962,-0.065660,10.299147,0.023981,0.067000,-1.595340,0.000000,-0.124620,0.002354,-1.268139,9.709448,0.020241,-0.068176,-0.029828
11.680262,990.130974,7.539516,0.071942,0.050920,-2.350059,-0.071942,-0.049580,10.303749,0.047962,0.053600,-1.599942,0.000000,-0.103180,0.064648,-1.359176,9.696204,0.021305,-0.068176,-0.036219
11.690291,990.140537,7.547185,0.119904,0.046900,-2.357728,-0.095923,-0.048240,10.311419,0.095923,0.052260,-1.607612,-0.047962,-0.099160,0.071809,-1.385564,9.787241,0.023436,-0.074569,-0.043675
11.700142,990.150343,7.557923,0.191847,0.048240,-2.366932,-0.167866,-0.050920,10.320623,0.191847,0.053600,-1.618350,-0.143885,-0.099160,-0.031098,-1.011902,9.922521,0.092679,-0.064980,-0.046871
11.710541,990.159517,7.571729,0.311751,0.048240,-2.377670,-0.287770,-0.053600,10.334429,0.311751,0.057620,-1.627554,-0.263789,-0.104520,-0.317354,-0.584382,9.954894,0.184291,-0.022370,-0.035154
11.720513,990.169068,7.585535,0.455636,0.050920,-2.389942,-0.407674,-0.056280,10.348234,0.455636,0.061640,-1.642893,-0.431655,-0.105860,-0.451456,0.068278,9.833936,0.210923,-0.013849,-0.030892
11.730562,990.178709,7.600875,0.647482,0.049580,-2.405282,-0.575540,-0.058960,10.362040,0.623501,0.064320,-1.658233,-0.623501,-0.112560,-0.593996,0.206010,9.836389,0.098004,-0.035154,-0.031959
11.740412,990.188416,7.620817,0.863310,0.046900,-2.422156,-0.767386,-0.060300,10.380448,0.839329,0.065660,-1.675107,-0.839329,-0.112560,-0.705339,0.435858,9.861503,0.071373,-0.053264,-0.041546
11.750486,990.198042,7.639224,1.079137,0.046900,-2.440563,-0.983214,-0.061640,10.398856,1.055156,0.071020,-1.695049,-1.055156,-0.113900,-0.799907,0.553284,9.896230,0.095874,-0.037284,-0.055393
11.760597,990.207418,7.660700,1.294964,0.048240,-2.463573,-1.199041,-0.062980,10.420331,1.270984,0.073700,-1.716525,-1.270984,-0.116580,-0.805892,0.560445,10.086642,0.121440,-0.013849,-0.040479
11.770111,990.216858,7.682176,1.486811,0.049580,-2.485049,-1.390888,-0.064320,10.440273,1.438849,0.072360,-1.738000,-1.462830,-0.117920,-0.722114,0.534056,10.091449,0.092679,-0.015978,-0.009587
11.780380,990.226535,7.706719,1.654677,0.048240,-2.509593,-1.582734,-0.067000,10.463283,1.606715,0.068340,-1.761010,-1.630696,-0.109880,-0.695725,0.582027,9.946555,0.039415,-0.051133,0.014914
11.790208,990.236012,7.728195,1.822543,0.046900,-2.532602,-1.774581,-0.068340,10.486293,1.774581,0.067000,-1.784020,-1.798562,-0.108540,-0.743696,0.670612,9.784886,-0.022370,-0.078830,0.015978
11.800296,990.255228,7.754273,1.966428,0.044220,-2.558680,-1.942447,-0.068340,10.510836,1.918466,0.065660,-1.810097,-1.942447,-0.104520,-0.686210,1.052613,9.291443,0.011718,-0.085221,-0.006391
11.810390,990.264806,7.780351,2.110313,0.041540,-2.584758,-2.086332,-0.069680,10.536914,2.038370,0.061640,-1.834641,-2.062351,-0.104520,-0.672966,0.953238,9.237587,-0.024501,-0.085221,-0.019174
11.820361,990.274154,7.807962,2.206236,0.040200,-2.610835,-2.206236,-0.068340,10.562992,2.158274,0.058960,-1.862253,-2.206236,-0.099160,-0.692194,0.607141,9.324994,-0.011718,-0.070307,-0.019174
11.830516,990.283724,7.835574,2.326140,0.037520,-2.639981,-2.326140,-0.065660,10.590603,2.278178,0.053600,-1.889864,-2.302159,-0.089780,-0.577220,-0.016775,9.786064,0.019174,-0.040479,-0.031959
11.840298,990.293324,7.863186,2.422063,0.032160,-2.666059,-2.422063,-0.064320,10.618215,2.374102,0.045560,-1.919010,-2.398082,-0.075040,-0.608318,0.185605,9.740545,0.131027,-0.031959,-0.029828
11.850468,990.302819,7.892331,2.517987,0.026800,-2.695204,-2.517987,-0.060300,10.647361,2.470025,0.040200,-1.946622,-2.517987,-0.065660,-0.586736,-0.116150,9.934587,0.060720,-0.062851,-0.033023
11.860197,990.312530,7.918409,2.589929,0.022780,-2.724350,-2.589929,-0.056280,10.676506,2.565948,0.034840,-1.975767,-2.589929,-0.058960,-0.486184,-0.433504,9.669913,-0.090548,-0.099070,-0.045806
11.870402,990.321878,7.949088,2.661871,0.018760,-2.753496,-2.661871,-0.049580,10.707186,2.661871,0.028140,-2.006447,-2.685852,-0.054940,-0.299401,-0.517281,9.348930,-0.125700,-0.142745,-0.057524
11.880390,990.331695,7.979768,2.733814,0.016080,-2.785709,-2.733814,-0.044220,10.737866,2.733814,0.022780,-2.035593,-2.757795,-0.041540,-0.052680,-1.146004,9.590845,-0.166182,-0.151268,-0.057524
11.890395,990.340993,8.008914,2.805756,0.012060,-2.817923,-2.805756,-0.042880,10.768545,2.805756,0.020100,-2.066272,-2.829737,-0.038860,0.031098,-1.550765,9.940571,-0.009587,-0.078830,-0.040479
11.900382,990.350638,8.039593,2.853718,0.009380,-2.850136,-2.901680,-0.037520,10.799225,2.877699,0.016080,-2.096952,-2.877699,-0.033500,0.071809,-1.780711,10.996716,0.260990,0.005327,-0.019174
11.910193,990.360202,8.068739,2.901680,0.006700,-2.880816,-2.949641,-0.036180,10.831438,2.949641,0.014740,-2.127631,-2.925661,-0.030820,-0.015598,-0.549654,10.417141,0.307862,-0.031959,-0.014914
11.920361,990.369845,8.100953,2.949641,0.004020,-2.911496,-3.021584,-0.032160,10.860584,2.997603,0.014740,-2.158311,-2.973622,-0.026800,0.016775,-0.923317,9.835114,-0.141681,-0.119309,-0.037284
11.930176,990.379178,8.128564,2.997603,0.004020,-2.942175,-3.069545,-0.033500,10.892798,3.021584,0.013400,-2.190525,-3.021584,-0.026800,-0.005984,-1.322094,8.822035,-0.411193,-0.207727,-0.078830
11.940401,990.388707,8.160778,3.021584,-0.053600,-2.972855,-3.093526,0.029480,10.921943,3.045565,-0.045560,-2.221204,-3.045565,0.026800,0.320885,-1.912460,8.614848,-0.381365,-0.204530,-0.062851
11.950411,990.398356,8.191457,3.045565,-0.044220,-2.998932,-3.093526,0.010720,10.949555,3.069545,-0.036180,-2.247282,-3.045565,0.022780,0.220333,-2.130340,9.077095,-0.030892,-0.083090,-0.030892
11.960528,990.407965,8.216001,3.045565,-0.041540,-3.021942,-3.045565,0.010720,10.975633,3.045565,-0.034840,-2.271826,-3.021584,0.010720,0.040712,-1.636995,9.554940,0.332363,0.026632,-0.002131
11.970169,990.417560,8.237477,2.997603,-0.041540,-3.041884,-2.925661,0.013400,10.998642,2.973622,-0.034840,-2.291767,-2.949641,0.010720,0.183251,-1.538797,10.084189,0.286557,0.055393,-0.010653
11.980342,990.426906,8.255885,2.901680,-0.040200,-3.060292,-2.781776,0.014740,11.017050,2.877699,-0.034840,-2.308641,-2.829737,0.004020,0.313724,-1.314834,9.685413,0.069242,-0.029828,-0.024501
11.990460,990.436597,8.271224,2.733814,-0.038860,-3.075631,-2.613910,0.017420,11.033924,2.733814,-0.034840,-2.325515,-2.661871,0.000000,0.408390,-2.174681,9.774095,-0.201334,-0.098004,-0.025566
12.000123,990.446225,8.283496,2.541967,-0.036180,-3.089437,-2.398082,0.017420,11.046196,2.517987,-0.033500,-2.339321,-2.470025,0.000000,0.487361,-2.895618,9.690220,-0.281230,-0.136354,-0.023436
12.010144,990.455750,8.294234,2.302159,-0.033500,-3.103243,-2.182255,0.014740,11.058467,2.302159,-0.029480,-2.350059,-2.254197,-0.001340,0.529348,-3.360219,9.819614,-0.158724,-0.096939,-0.028761
12.020425,990.475009,8.304972,2.038370,-0.029480,-3.112447,-1.942447,0.014740,11.067671,2.062351,-0.028140,-2.360796,-1.990408,-0.002680,0.504136,-2.453677,9.356189,0.026632,-0.080961,-0.034088
12.030263,990.484201,8.312642,1.774581,-0.025460,-3.121651,-1.726619,0.012060,11.076875,1.822543,-0.025460,-2.371534,-1.750600,-0.005360,0.499329,-2.857261,8.898651,-0.166182,-0.107593,-0.031959
12.040178,990.494096,8.320312,1.510792,-0.024120,-3.127787,-1.510792,0.010720,11.084545,1.582734,-0.021440,-2.379204,-1.534773,-0.008040,0.413099,-2.659687,8.568152,-0.066047,-0.125700,-0.027697
12.050154,990.503320,8.324914,1.294964,-0.021440,-3.135457,-1.318945,0.010720,11.090681,1.342926,-0.020100,-2.385340,-1.366907,-0.014740,0.342467,-2.466823,9.057965,0.123571,-0.090548,-0.020241
12.060561,990.513063,8.329516,1.103118,-0.017420,-3.140059,-1.151080,0.010720,11.096817,1.151080,-0.016080,-2.391476,-1.175060,-0.018760,0.294594,-1.936396,9.522567,0.249271,-0.044742,-0.012783
12.070384,990.522714,8.334118,0.935252,-0.014740,-3.144661,-0.983214,0.009380,11.099885,0.983214,-0.010720,-2.396078,-1.007195,-0.024120,0.148523,-2.111210,10.093803,0.189618,0.003196,-0.012783
12.080458,990.531968,8.337186,0.791367,-0.010720,-3.147729,-0.839329,0.008040,11.101419,0.839329,-0.008040,-2.399146,-0.863310,-0.030820,0.076616,-1.773550,10.370445,0.225837,0.010653,-0.009587
12.090172,990.541672,8.337186,0.647482,-0.009380,-3.150797,-0.719425,0.006700,11.102953,0.671463,-0.005360,-2.402214,-0.743406,-0.036180,0.013145,-1.130406,10.420771,0.265252,-0.019174,0.003196
12.100349,990.551257,8.337186,0.527578,-0.006700,-3.153864,-0.599521,0.006700,11.102953,0.551559,0.000000,-2.403748,-0.623501,-0.041540,-0.070632,-0.793923,10.065060,0.109722,-0.056460,-0.014914
12.110414,990.560849,8.337186,0.407674,-0.002680,-3.155398,-0.503597,0.006700,11.104487,0.431655,0.000000,-2.406816,-0.527578,-0.048240,-0.125764,-1.144827,9.693850,-0.122505,-0.084156,-0.043675
12.120397,990.570220,8.337186,0.311751,-0.001340,-3.158466,-0.431655,0.004020,11.107555,0.335732,0.001340,-2.408350,-0.431655,-0.054940,-0.075439,-1.137666,9.467533,-0.105462,-0.093743,-0.045806
12.130378,990.579837,8.338720,0.215827,0.000000,-3.158466,-0.359712,0.004020,11.107555,0.263789,0.006700,-2.408350,-0.335732,-0.057620,-0.129296,-0.838265,9.462726,0.049002,-0.059655,-0.033023
12.140366,990.589371,8.340254,0.143885,0.001340,-3.158466,-0.287770,0.004020,11.109089,0.191847,0.012060,-2.408350,-0.263789,-0.062980,-0.161669,-0.626270,9.430353,0.085221,-0.037284,-0.026632
12.150435,990.598821,8.341788,0.095923,0.002680,-3.160000,-0.239808,0.001340,11.109089,0.167866,0.013400,-2.408350,-0.191847,-0.061640,-0.174814,-0.700532,9.566908,0.055393,-0.036219,-0.027697
12.160356,990.608416,8.341788,0.071942,0.002680,-3.158466,-0.167866,0.000000,11.109089,0.143885,0.016080,-2.408350,-0.119904,-0.061640,-0.185605,-0.461070,9.578876,0.091612,-0.044742,-0.025566
12.170308,990.618224,8.343322,0.071942,0.004020,-3.158466,-0.119904,0.000000,11.109089,0.119904,0.018760,-2.408350,-0.071942,-0.061640,-0.215526,-0.467054,9.644702,0.060720,-0.044742,-0.025566
12.180175,990.627782,8.343322,0.071942,0.006700,-3.158466,-0.071942,0.000000,11.110623,0.095923,0.020100,-2.408350,-0.047962,-0.061640,-0.247899,-0.586736,9.710625,0.045806,-0.038350,-0.027697
12.190390,990.637114,8.343322,0.071942,0.006700,-3.158466,-0.047962,0.000000,11.110623,0.071942,0.020100,-2.408350,-0.023981,-0.061640,-0.301756,-0.485006,9.898584,0.082025,-0.047937,-0.028761
12.200439,990.646835,8.344855,0.071942,0.008040,-3.158466,-0.023981,0.000000,11.109089,0.047962,0.020100,-2.408350,0.000000,-0.061640,-0.364049,-0.458618,9.842373,0.047937,-0.062851,-0.034088
12.210475,990.656288,8.346389,0.071942,0.008040,-3.160000,0.000000,0.000000,11.110623,0.023981,0.020100,-2.408350,0.000000,-0.061640,-0.417906,-0.482554,9.655492,0.006391,-0.070307,-0.045806
12.220330,990.675332,8.346389,0.071942,0.008040,-3.160000,0.000000,0.000000,11.110623,0.023981,0.020100,-2.408350,0.000000,-0.060300,-0.401131,-0.468231,9.375319,-0.018110,-0.112918,-0.044742
12.230323,990.685077,8.346389,0.071942,0.042880,-3.160000,0.000000,-0.041540,11.110623,0.023981,0.057620,-2.408350,0.000000,-0.107200,-0.329322,-0.643046,9.363351,-0.043675,-0.103330,-0.041546
12.240367,990.694309,8.349457,0.071942,0.061640,-3.164602,-0.023981,-0.057620,11.112157,0.000000,0.073700,-2.409884,0.000000,-0.127300,-0.275465,-0.900558,9.681881,0.025566,-0.069242,-0.026632
12.250586,990.703845,8.355593,0.095923,0.056280,-3.170738,-0.071942,-0.054940,11.118293,0.023981,0.067000,-2.416020,-0.023981,-0.112560,-0.208364,-0.656191,9.975299,0.165115,-0.040479,-0.014914
12.260599,990.713640,8.364797,0.143885,0.056280,-3.179942,-0.143885,-0.056280,11.125963,0.095923,0.065660,-2.425224,-0.095923,-0.112560,-0.274190,-0.427520,10.371623,0.190682,-0.026632,-0.014914
12.270430,990.723119,8.375535,0.263789,0.054940,-3.189146,-0.239808,-0.057620,11.138235,0.191847,0.067000,-2.435961,-0.191847,-0.105860,-0.346097,0.026389,10.405173,0.182160,-0.036219,-0.014914
12.280503,990.732676,8.389341,0.383693,0.053600,-3.202952,-0.383693,-0.060300,11.152040,0.335732,0.071020,-2.449767,-0.335732,-0.108540,-0.508943,0.481377,9.964507,0.101199,-0.060720,-0.013849
12.290437,990.742157,8.404681,0.551559,0.052260,-3.218292,-0.551559,-0.058960,11.165846,0.503597,0.073700,-2.465107,-0.527578,-0.112560,-0.574768,0.598802,9.665106,-0.026632,-0.094808,-0.036219
12.300612,990.751958,8.421555,0.767386,0.050920,-3.236699,-0.743406,-0.060300,11.182720,0.743406,0.069680,-2.483515,-0.719425,-0.111220,-0.605964,0.555638,9.438790,-0.059655,-0.093743,-0.061785
12.310580,990.761413,8.439962,0.983214,0.050920,-3.256641,-0.959233,-0.061640,11.201128,0.935252,0.071020,-2.501923,-0.959233,-0.112560,-0.607141,0.522088,9.686688,0.014914,-0.069242,-0.054329
12.320273,990.770893,8.459904,1.199041,0.049580,-3.276583,-1.175060,-0.061640,11.221069,1.151080,0.071020,-2.520330,-1.175060,-0.107200,-0.707693,0.429874,9.921344,0.110788,-0.021305,-0.034088
12.330757,990.780624,8.482914,1.414869,0.048240,-3.298059,-1.390888,-0.061640,11.245613,1.390888,0.071020,-2.543340,-1.390888,-0.111220,-0.677773,0.542493,10.030333,0.144876,-0.004260,-0.025566
12.340570,990.790134,8.504389,1.582734,0.046900,-3.321068,-1.582734,-0.062980,11.267089,1.558754,0.068340,-2.564816,-1.582734,-0.107200,-0.724469,0.486184,10.065060,0.080961,-0.033023,-0.027697
12.350184,990.799689,8.530467,1.750600,0.042880,-3.344078,-1.750600,-0.061640,11.291633,1.726619,0.061640,-2.589360,-1.750600,-0.103180,-0.768810,0.292240,10.030333,-0.013849,-0.072438,-0.039415
12.360418,990.809166,8.553477,1.894485,0.040200,-3.370156,-1.918466,-0.062980,11.316176,1.894485,0.060300,-2.615437,-1.918466,-0.095140,-0.718484,0.174814,9.714156,-0.066047,-0.091612,-0.049002
12.370459,990.818708,8.579555,2.038370,0.037520,-3.396233,-2.062351,-0.062980,11.339186,2.038370,0.060300,-2.639981,-2.062351,-0.093800,-0.589189,0.197573,9.413578,-0.071373,-0.101199,-0.045806
12.380445,990.828176,8.604098,2.182255,0.036180,-3.422311,-2.206236,-0.062980,11.365264,2.158274,0.058960,-2.666059,-2.182255,-0.091120,-0.531702,-0.052680,9.377673,-0.078830,-0.108657,-0.037284
12.390236,990.837740,8.631710,2.278178,0.036180,-3.449923,-2.302159,-0.062980,11.392875,2.278178,0.056280,-2.693670,-2.302159,-0.084420,-0.198751,-0.183251,9.492647,-0.045806,-0.094808,-0.031959
12.400441,990.847143,8.660856,2.398082,0.034840,-3.476000,-2.398082,-0.061640,11.420487,2.374102,0.054940,-2.721282,-2.398082,-0.073700,-0.149701,-0.298224,9.897407,0.054329,-0.060720,-0.022370
12.410519,990.856913,8.688467,2.494006,0.030820,-3.506680,-2.494006,-0.060300,11.449633,2.470025,0.048240,-2.750428,-2.494006,-0.072360,-0.221510,0.092214,9.796855,0.139550,-0.019174,-0.020241
12.420727,990.875802,8.716079,2.565948,0.026800,-3.537360,-2.589929,-0.056280,11.478778,2.541967,0.045560,-2.781107,-2.565948,-0.064320,-0.368856,-0.399954,9.433983,-0.112918,-0.069242,-0.042610
12.430566,990.885476,8.745224,2.637891,0.024120,-3.566505,-2.661871,-0.052260,11.506390,2.613910,0.042880,-2.808719,-2.661871,-0.057620,-0.162846,-0.605964,9.548956,-0.026632,-0.073503,-0.043675
12.440613,990.895204,8.775904,2.709833,0.021440,-3.595651,-2.709833,-0.049580,11.537070,2.685852,0.034840,-2.837864,-2.733814,-0.053600,-0.215526,-0.241915,9.422015,0.096939,-0.083090,-0.040479
12.450147,990.904416,8.805050,2.781776,0.017420,-3.624797,-2.781776,-0.046900,11.564681,2.757795,0.032160,-2.868544,-2.781776,-0.048240,-0.131748,-0.720937,9.810000,-0.013849,-0.090548,-0.052198
12.460216,990.914236,8.835729,2.829737,0.014740,-3.653942,-2.829737,-0.042880,11.596895,2.805756,0.029480,-2.897690,-2.853718,-0.038860,-0.112521,-1.022693,9.853066,-0.055393,-0.074569,-0.058589
12.470145,990.923736,8.864875,2.877699,0.009380,-3.686156,-2.877699,-0.042880,11.626040,2.853718,0.024120,-2.926835,-2.901680,-0.040200,-0.233478,-1.252639,10.100965,0.030892,-0.038350,-0.056460
12.480215,990.933135,8.895555,2.901680,0.006700,-3.718369,-2.925661,-0.038860,11.659788,2.901680,0.021440,-2.960583,-2.949641,-0.036180,-0.261044,-1.319641,10.174049,0.091612,0.000000,-0.054329
12.490303,990.942910,8.929302,2.949641,0.004020,-3.750583,-2.973622,-0.036180,11.692002,2.949641,0.018760,-2.991263,-2.997603,-0.034840,-0.249076,-1.114907,9.883085,0.034088,-0.026632,-0.049002
12.500224,990.952269,8.958448,2.997603,0.004020,-3.782797,-3.021584,-0.034840,11.721147,2.997603,0.016080,-3.021942,-3.021584,-0.033500,-0.152055,-0.877799,9.214827,-0.110788,-0.076698,-0.050068
12.510249,990.961714,8.987593,3.021584,0.004020,-3.815010,-3.069545,-0.033500,11.753361,3.021584,0.016080,-3.054156,-3.045565,-0.033500,-0.004807,-1.772275,9.303412,-0.207727,-0.123571,-0.029828
12.520494,990.971526,9.021341,3.045565,0.004020,-3.844156,-3.093526,-0.033500,11.784040,3.045565,0.016080,-3.084835,-3.069545,-0.033500,0.126941,-1.825052,9.442321,-0.115049,-0.102266,-0.049002
12.530345,990.981035,9.052021,3.069545,0.004020,-3.874835,-3.117507,-0.032160,11.816254,3.069545,0.016080,-3.115515,-3.093526,-0.034840,0.068278,-1.587945,10.035140,0.164050,-0.047937,-0.014914
12.540335,990.990661,9.084234,3.093526,0.004020,-3.907049,-3.117507,-0.032160,11.848468,3.093526,0.017420,-3.146195,-3.093526,-0.032160,0.183251,-1.369967,10.223099,0.203465,0.007456,-0.010653
12.550492,990.999994,9.113380,3.093526,-0.053600,-3.936195,-3.117507,0.032160,11.877613,3.093526,-0.041540,-3.176874,-3.093526,0.022780,0.153330,-0.975997,9.941748,0.132093,-0.028761,-0.024501
12.560532,991.009417,9.142525,3.069545,-0.041540,-3.963806,-3.069545,0.013400,11.905225,3.069545,-0.030820,-3.204486,-3.069545,0.016080,0.067100,-0.712500,9.131050,-0.055393,-0.092679,-0.047937
12.570445,991.019361,9.170137,3.045565,-0.040200,-3.985282,-3.021584,0.006700,11.928235,3.021584,-0.028140,-3.227496,-3.045565,0.006700,0.050325,-0.992772,8.487906,-0.250338,-0.154463,-0.069242
12.580383,991.028822,9.193147,2.997603,-0.038860,-4.005224,-2.901680,0.010720,11.951244,2.949641,-0.029480,-3.248971,-2.949641,-0.001340,-0.087407,-1.774727,8.642414,-0.215183,-0.125700,-0.059655
12.590420,991.038461,9.211555,2.901680,-0.037520,-4.023632,-2.781776,0.012060,11.969652,2.829737,-0.029480,-3.267379,-2.829737,-0.004020,-0.138910,-1.615413,9.019608,0.086286,-0.068176,-0.057524
12.600475,991.047947,9.226894,2.757795,-0.036180,-4.038971,-2.613910,0.014740,11.988060,2.685852,-0.029480,-3.284253,-2.661871,-0.001340,0.099375,-1.492101,9.574070,0.225837,-0.002131,-0.040479
12.610350,991.057548,9.239166,2.541967,-0.032160,-4.052777,-2.422063,0.014740,12.003400,2.517987,-0.029480,-3.298059,-2.470025,-0.002680,-0.140087,-1.426276,9.395626,0.124636,-0.020241,-0.055393
12.620407,991.066803,9.251438,2.326140,-0.032160,-4.065049,-2.182255,0.014740,12.017205,2.302159,-0.029480,-3.310331,-2.230217,-0.001340,0.929301,-2.417773,10.765592,-0.017045,-0.090548,-0.052198
12.630479,991.076396,9.262176,2.062351,-0.030820,-4.077321,-1.966428,0.014740,12.029477,2.086332,-0.030820,-3.321068,-2.014389,-0.005360,0.390340,-2.380691,10.626683,0.025566,-0.107593,-0.033023
12.640392,991.086086,9.269846,1.798562,-0.029480,-4.086525,-1.726619,0.013400,12.038681,1.870504,-0.030820,-3.331806,-1.774581,-0.009380,0.300578,-2.559037,10.587148,-0.011718,-0.066047,-0.033023
12.650386,991.095498,9.275982,1.558754,-0.026800,-4.094195,-1.534773,0.012060,12.046351,1.654677,-0.030820,-3.339476,-1.558754,-0.009380,0.319708,-2.409434,9.427999,-0.123571,-0.056460,-0.030892
12.660379,991.114627,9.285186,1.342926,-0.024120,-4.100331,-1.342926,0.010720,12.054021,1.462830,-0.028140,-3.347146,-1.390888,-0.006700,0.293417,-2.180665,8.857940,-0.027697,-0.141681,-0.030892
12.670452,991.124309,9.289788,1.151080,-0.021440,-4.106467,-1.175060,0.012060,12.060157,1.270984,-0.026800,-3.353282,-1.199041,-0.008040,0.356888,-2.796144,9.358544,-0.034088,-0.112918,-0.004260
12.680328,991.133822,9.294390,0.983214,-0.018760,-4.112602,-1.007195,0.012060,12.064759,1.103118,-0.022780,-3.357884,-1.055156,-0.012060,0.432327,-2.653703,9.387287,0.013849,-0.072438,0.001065
12.690118,991.143224,9.297458,0.839329,-0.018760,-4.115670,-0.887290,0.014740,12.069361,0.935252,-0.021440,-3.362486,-0.935252,-0.012060,0.402406,-2.488405,9.958523,0.166182,-0.040479,0.006391
12.700435,991.152695,9.300526,0.695444,-0.016080,-4.120272,-0.767386,0.014740,12.072429,0.815348,-0.020100,-3.367088,-0.791367,-0.017420,0.358065,-2.217747,10.043478,0.143810,-0.026632,0.010653
12.710328,991.162431,9.303593,0.599521,-0.013400,-4.123340,-0.647482,0.014740,12.077031,0.695444,-0.017420,-3.368622,-0.695444,-0.024120,0.269481,-2.130340,9.909375,0.077765,-0.027697,-0.004260
12.720212,991.171993,9.305127,0.503597,-0.010720,-4.126408,-0.575540,0.016080,12.078565,0.599521,-0.013400,-3.370156,-0.599521,-0.025460,0.188058,-1.768743,9.714156,0.095874,-0.055393,-0.017045
12.730325,991.181595,9.306661,0.431655,-0.008040,-4.127942,-0.479616,0.014740,12.080099,0.503597,-0.009380,-3.373224,-0.503597,-0.032160,0.194042,-1.441776,9.455565,0.041546,-0.066047,-0.027697
12.740300,991.190895,9.305127,0.359712,-0.005360,-4.129476,-0.407674,0.016080,12.080099,0.407674,-0.005360,-3.373224,-0.407674,-0.038860,0.091037,-1.307673,9.538165,0.037284,-0.063916,-0.038350
12.750327,991.200678,9.303593,0.263789,-0.004020,-4.129476,-0.359712,0.010720,12.080099,0.335732,-0.002680,-3.374758,-0.335732,-0.046900,-0.087407,-1.143650,9.480678,0.085221,-0.040479,-0.040479
12.760439,991.210255,9.303593,0.191847,-0.001340,-4.131010,-0.287770,0.009380,12.080099,0.239808,0.000000,-3.374758,-0.263789,-0.050920,-0.221510,-1.070565,9.875825,0.136354,-0.038350,-0.033023
12.770338,991.219823,9.302059,0.119904,0.000000,-4.131010,-0.239808,0.002680,12.080099,0.191847,0.000000,-3.374758,-0.191847,-0.049580,-0.292240,-0.542493,9.630379,0.139550,-0.045806,-0.023436
12.780204,991.229184,9.302059,0.047962,0.000000,-4.131010,-0.167866,0.000000,12.080099,0.119904,0.004020,-3.374758,-0.143885,-0.048240,-0.259867,-0.410745,9.629202,0.057524,-0.057524,-0.023436
12.790348,991.238729,9.302059,0.000000,0.002680,-4.131010,-0.119904,-0.002680,12.080099,0.071942,0.008040,-3.374758,-0.095923,-0.048240,-0.383179,-0.428697,9.671090,0.062851,-0.040479,-0.022370
12.800362,991.248275,9.303593,0.000000,0.006700,-4.131010,-0.095923,-0.002680,12.080099,0.023981,0.010720,-3.374758,-0.047962,-0.048240,-0.427520,-0.204735,9.677075,0.099070,-0.030892,-0.006391
12.810519,991.257880,9.303593,-0.023981,0.008040,-4.131010,-0.047962,-0.002680,12.080099,0.023981,0.012060,-3.374758,-0.023981,-0.048240,-0.480200,0.037082,9.721416,0.121440,-0.034088,0.003196
12.820407,991.267397,9.303593,0.000000,0.008040,-4.131010,-0.023981,-0.002680,12.080099,0.000000,0.012060,-3.374758,0.000000,-0.048240,-0.498152,0.123312,9.820791,0.101199,-0.045806,-0.004260
12.830469,991.277045,9.305127,0.000000,0.009380,-4.131010,0.000000,-0.002680,12.080099,0.000000,0.012060,-3.374758,0.000000,-0.048240,-0.477845,0.158039,9.776450,0.040479,-0.066047,-0.020241
12.840409,991.286676,9.305127,0.000000,0.008040,-4.132544,0.000000,-0.002680,12.080099,0.000000,0.012060,-3.374758,0.000000,-0.048240,-0.377194,-0.122134,9.722593,-0.033023,-0.072438,-0.031959
12.850244,991.296162,9.305127,0.023981,0.005360,-4.132544,0.000000,-0.002680,12.080099,0.000000,0.010720,-3.374758,0.000000,-0.048240,-0.313724,-0.317354,9.660299,-0.041546,-0.075634,-0.037284
12.860417,991.305841,9.306661,0.023981,0.033500,-4.132544,0.000000,-0.034840,12.081633,0.000000,0.038860,-3.374758,0.000000,-0.088440,-0.300578,-0.688564,9.841098,-0.005327,-0.063916,-0.038350
12.870798,991.324806,9.309729,0.047962,0.022780,-4.135612,-0.023981,-0.024120,12.084701,0.023981,0.030820,-3.376292,0.000000,-0.088440,-0.122134,-0.955592,9.724947,-0.026632,-0.076698,-0.047937
12.880411,991.334419,9.315865,0.071942,0.021440,-4.140214,-0.047962,-0.021440,12.089303,0.047962,0.026800,-3.379360,0.000000,-0.080400,-0.053857,-1.235864,9.757320,-0.066047,-0.101199,-0.056460
12.890509,991.343927,9.320467,0.119904,0.020100,-4.144816,-0.095923,-0.022780,12.093905,0.095923,0.025460,-3.385496,-0.047962,-0.079060,-0.047873,-1.234588,9.730931,-0.011718,-0.090548,-0.049002
12.900376,991.353279,9.328137,0.191847,0.020100,-4.150952,-0.167866,-0.021440,12.101574,0.167866,0.024120,-3.390098,-0.119904,-0.072360,-0.113796,-0.942447,9.702188,0.094808,-0.060720,-0.035154
12.910506,991.362822,9.337341,0.287770,0.013400,-4.160156,-0.239808,-0.014740,12.109244,0.239808,0.020100,-3.399301,-0.191847,-0.061640,-0.154508,-0.729275,9.806370,0.119309,-0.050068,-0.030892
12.920359,991.372518,9.345011,0.383693,0.010720,-4.167826,-0.335732,-0.012060,12.116914,0.359712,0.016080,-3.406971,-0.287770,-0.058960,-0.245446,-0.586736,9.823145,0.079894,-0.057524,-0.029828
12.930268,991.382129,9.352681,0.479616,0.006700,-4.173962,-0.455636,-0.008040,12.124584,0.455636,0.016080,-3.414641,-0.383693,-0.056280,-0.288610,-0.398777,9.780080,0.059655,-0.063916,-0.033023
12.940290,991.391424,9.361885,0.575540,0.001340,-4.183166,-0.551559,-0.002680,12.132254,0.551559,0.008040,-3.423845,-0.503597,-0.049580,-0.304208,-0.390340,9.798032,0.040479,-0.056460,-0.031959
12.950237,991.401036,9.369555,0.671463,0.001340,-4.192369,-0.647482,-0.002680,12.141458,0.623501,0.013400,-3.431515,-0.599521,-0.052260,-0.378372,-0.342467,9.907021,0.059655,-0.052198,-0.028761
12.960534,991.410721,9.377225,0.719425,0.000000,-4.200039,-0.719425,0.000000,12.147594,0.695444,0.009380,-3.439185,-0.695444,-0.048240,-0.352081,-0.332951,9.885439,0.040479,-0.052198,-0.030892
12.970427,991.420363,9.383360,0.767386,0.000000,-4.206175,-0.743406,0.000000,12.155264,0.719425,0.008040,-3.446855,-0.719425,-0.046900,-0.331676,-0.535332,9.778902,-0.037284,-0.059655,-0.037284
12.980302,991.429832,9.389496,0.767386,0.000000,-4.212311,-0.767386,0.000000,12.161400,0.743406,0.004020,-3.452991,-0.743406,-0.041540,-0.305385,-0.784408,9.724947,-0.050068,-0.067111,-0.037284
12.990323,991.439229,9.395632,0.743406,-0.006700,-4.218447,-0.767386,0.002680,12.166002,0.719425,0.000000,-3.459127,-0.743406,-0.037520,-0.197573,-0.862201,9.556117,-0.025566,-0.068176,-0.037284
13.000136,991.448939,9.398700,0.719425,-0.006700,-4.223049,-0.743406,0.004020,12.172138,0.695444,0.000000,-3.463729,-0.719425,-0.036180,-0.134103,-1.138843,9.515406,-0.051133,-0.072438,-0.039415
13.010408,991.458615,9.404836,0.671463,-0.012060,-4.226117,-0.695444,0.008040,12.176739,0.671463,-0.004020,-3.466797,-0.671463,-0.033500,-0.025114,-1.341223,9.489115,-0.058589,-0.073503,-0.036219
13.020309,991.467875,9.410972,0.623501,-0.013400,-4.230719,-0.623501,0.013400,12.179807,0.623501,-0.006700,-3.471399,-0.623501,-0.029480,0.017952,-1.652593,9.611249,-0.033023,-0.072438,-0.025566
13.030291,991.477557,9.415574,0.599521,-0.016080,-4.232253,-0.575540,0.020100,12.182875,0.575540,-0.010720,-3.474466,-0.575540,-0.026800,0.076616,-1.736370,9.697479,-0.006391,-0.069242,-0.035154
13.040122,991.487163,9.418642,0.551559,-0.018760,-4.233787,-0.503597,0.014740,12.185943,0.503597,-0.013400,-3.476000,-0.503597,-0.022780,0.170007,-1.592653,9.695027,0.072438,-0.068176,-0.034088
13.050363,991.496489,9.420176,0.503597,-0.013400,-4.235321,-0.407674,0.014740,12.187477,0.455636,-0.014740,-3.476000,-0.431655,-0.016080,0.183251,-1.675352,9.788418,0.046871,-0.070307,-0.035154
13.060109,991.506097,9.421710,0.455636,-0.014740,-4.233787,-0.359712,0.018760,12.189011,0.407674,-0.012060,-3.477534,-0.359712,-0.009380,0.194042,-1.555572,9.630379,0.038350,-0.072438,-0.041546
13.070277,991.515741,9.421710,0.383693,-0.017420,-4.233787,-0.263789,0.025460,12.187477,0.335732,-0.016080,-3.477534,-0.287770,-0.001340,0.203558,-1.743531,9.650686,0.023436,-0.068176,-0.042610
13.080113,991.525239,9.418642,0.311751,-0.021440,-4.232253,-0.191847,0.024120,12.187477,0.263789,-0.020100,-3.477534,-0.215827,0.000000,0.160492,-1.723225,9.665106,0.036219,-0.067111,-0.042610
13.090573,991.544566,9.417108,0.215827,-0.022780,-4.230719,-0.095923,0.025460,12.185943,0.191847,-0.020100,-3.477534,-0.143885,0.000000,0.140087,-1.601090,9.781257,0.055393,-0.068176,-0.039415
13.100564,991.553769,9.414040,0.119904,-0.024120,-4.227651,-0.023981,0.025460,12.182875,0.119904,-0.020100,-3.476000,-0.095923,0.001340,0.100553,-1.622672,9.808823,0.034088,-0.066047,-0.037284
13.110555,991.563543,9.409438,0.023981,-0.025460,-4.224583,0.023981,0.025460,12.179807,0.023981,-0.020100,-3.476000,-0.047962,0.009380,0.068278,-1.499262,9.709448,0.040479,-0.063916,-0.029828
13.120243,991.572895,9.404836,-0.047962,-0.024120,-4.219981,0.095923,0.025460,12.176739,-0.047962,-0.020100,-3.476000,-0.023981,0.022780,0.003630,-1.455019,9.661477,0.022370,-0.061785,-0.023436
13.130275,991.582476,9.400234,-0.143885,-0.022780,-4.215379,0.167866,0.025460,12.170604,-0.119904,-0.020100,-3.472933,0.000000,0.030820,-0.028743,-1.347207,9.680704,0.024501,-0.057524,-0.019174
13.140308,991.592036,9.395632,-0.239808,-0.020100,-4.210777,0.215827,0.026800,12.166002,-0.191847,-0.018760,-3.469865,0.023981,0.030820,-0.069455,-1.296882,9.754868,0.052198,-0.051133,-0.014914
13.150569,991.601821,9.387962,-0.311751,-0.018760,-4.206175,0.287770,0.025460,12.159866,-0.263789,-0.017420,-3.465263,0.071942,0.029480,-0.059841,-1.106470,9.703463,0.060720,-0.049002,-0.014914
13.160258,991.611201,9.381826,-0.383693,-0.017420,-4.201573,0.335732,0.024120,12.153730,-0.335732,-0.014740,-3.460661,0.119904,0.025460,-0.063471,-1.147181,9.666284,0.003196,-0.059655,-0.023436
13.170096,991.620782,9.375691,-0.455636,-0.016080,-4.193903,0.383693,0.022780,12.147594,-0.407674,-0.013400,-3.456059,0.191847,0.025460,-0.059841,-1.185539,9.679429,-0.005327,-0.059655,-0.029828
13.180235,991.630447,9.368021,-0.503597,-0.014740,-4.187768,0.431655,0.020100,12.139924,-0.455636,-0.013400,-3.449923,0.263789,0.022780,-0.080246,-0.977174,9.699834,0.079894,-0.049002,-0.030892
13.190281,991.640061,9.361885,-0.551559,-0.014740,-4.180098,0.479616,0.020100,12.133788,-0.527578,-0.013400,-3.443787,0.335732,0.021440,-0.122134,-0.946076,9.720140,0.060720,-0.049002,-0.038350
13.200286,991.649393,9.354215,-0.599521,-0.014740,-4.172428,0.527578,0.018760,12.126118,-0.575540,-0.013400,-3.436117,0.407674,0.018760,-0.144894,-0.952060,9.607620,0.011718,-0.060720,-0.044742
13.210293,991.659114,9.346545,-0.623501,-0.014740,-4.166292,0.575540,0.018760,12.118448,-0.599521,-0.013400,-3.428447,0.479616,0.018760,-0.167653,-0.906542,9.551310,0.027697,-0.067111,-0.042610
13.220261,991.668574,9.338875,-0.671463,-0.014740,-4.160156,0.623501,0.017420,12.110778,-0.623501,-0.013400,-3.420777,0.527578,0.018760,-0.216703,-0.799907,9.683059,0.078830,-0.064980,-0.038350
13.230248,991.677972,9.329671,-0.695444,-0.016080,-4.150952,0.647482,0.017420,12.103108,-0.671463,-0.014740,-3.413107,0.599521,0.017420,-0.227494,-0.694548,9.722593,0.084156,-0.064980,-0.035154
13.240328,991.687630,9.320467,-0.719425,-0.017420,-4.143282,0.695444,0.018760,12.095439,-0.695444,-0.016080,-3.403903,0.647482,0.018760,-0.223962,-0.767633,9.718963,0.033023,-0.066047,-0.030892
13.250346,991.697356,9.312797,-0.743406,-0.018760,-4.134078,0.719425,0.020100,12.086235,-0.719425,-0.017420,-3.396233,0.695444,0.021440,-0.210719,-0.750857,9.795677,0.044742,-0.067111,-0.024501
13.260291,991.706853,9.303593,-0.767386,-0.020100,-4.126408,0.743406,0.022780,12.078565,-0.743406,-0.020100,-3.387030,0.719425,0.025460,-0.226317,-0.632254,9.838743,0.082025,-0.063916,-0.022370
13.270309,991.716416,9.294390,-0.791367,-0.024120,-4.117204,0.767386,0.024120,12.069361,-0.767386,-0.021440,-3.379360,0.767386,0.028140,-0.207187,-0.747228,9.795677,0.020241,-0.066047,-0.025566
13.280496,991.725905,9.285186,-0.815348,-0.026800,-4.108001,0.791367,0.028140,12.060157,-0.791367,-0.025460,-3.368622,0.791367,0.033500,-0.103005,-0.961576,9.782434,-0.023436,-0.072438,-0.030892
13.290284,991.735476,9.274448,-0.839329,-0.029480,-4.097263,0.815348,0.030820,12.050953,-0.815348,-0.028140,-3.360952,0.815348,0.036180,-0.033550,-0.930479,9.729754,0.008522,-0.073503,-0.031959
13.300373,991.754392,9.263710,-0.863310,-0.030820,-4.088059,0.863310,0.034840,12.038681,-0.839329,-0.033500,-3.350214,0.839329,0.041540,0.056309,-1.251364,9.661477,-0.009587,-0.067111,-0.039415
13.310401,991.764131,9.252972,-0.911271,-0.036180,-4.077321,0.887290,0.036180,12.029477,-0.863310,-0.036180,-3.339476,0.863310,0.046900,0.105359,-1.513683,9.669913,-0.028761,-0.071373,-0.040479
13.320288,991.773708,9.240700,-0.935252,-0.037520,-4.063515,0.911271,0.037520,12.017205,-0.911271,-0.038860,-3.328738,0.887290,0.048240,0.126941,-1.590299,9.621942,-0.011718,-0.071373,-0.039415
13.330355,991.783025,9.229962,-0.959233,-0.041540,-4.052777,0.959233,0.042880,12.004934,-0.959233,-0.041540,-3.316466,0.935252,0.049580,0.159314,-1.689674,9.655492,0.014914,-0.068176,-0.038350
13.340346,991.792739,9.217691,-1.007195,-0.041540,-4.040505,0.983214,0.044220,11.992662,-0.983214,-0.042880,-3.304195,0.983214,0.053600,0.101828,-1.755598,9.714156,0.022370,-0.068176,-0.035154
13.350497,991.802364,9.202351,-1.055156,-0.044220,-4.026700,1.031175,0.044220,11.978856,-1.055156,-0.044220,-3.290389,1.031175,0.052260,0.105359,-1.712434,9.701011,0.037284,-0.067111,-0.031959
13.360260,991.811921,9.188545,-1.127099,-0.042880,-4.011360,1.103118,0.044220,11.965050,-1.103118,-0.044220,-3.278117,1.079137,0.057620,0.080246,-1.687320,9.654315,0.027697,-0.067111,-0.030892
13.370276,991.821178,9.174739,-1.175060,-0.042880,-3.997554,1.151080,0.044220,11.951244,-1.151080,-0.045560,-3.262777,1.127099,0.054940,0.077793,-1.726854,9.724947,0.030892,-0.068176,-0.030892
13.380257,991.831082,9.157865,-1.247003,-0.041540,-3.982214,1.223022,0.042880,11.934371,-1.223022,-0.044220,-3.247437,1.199041,0.053600,0.019130,-1.670545,9.836389,0.078830,-0.067111,-0.025566
13.390190,991.840524,9.140992,-1.318945,-0.040200,-3.966874,1.294964,0.041540,11.917497,-1.294964,-0.042880,-3.232098,1.270984,0.054940,-0.015598,-1.413032,9.781257,0.080961,-0.066047,-0.028761
13.400335,991.850097,9.122584,-1.390888,-0.038860,-3.950001,1.366907,0.041540,11.902157,-1.366907,-0.041540,-3.213690,1.342926,0.054940,-0.053857,-1.378305,9.570538,0.025566,-0.068176,-0.033023
13.410321,991.859397,9.105710,-1.462830,-0.037520,-3.931593,1.438849,0.040200,11.882215,-1.438849,-0.038860,-3.196816,1.414869,0.050920,-0.038357,-1.366337,9.475871,-0.006391,-0.079894,-0.035154
13.420265,991.868911,9.085768,-1.534773,-0.036180,-3.913185,1.510792,0.040200,11.863807,-1.510792,-0.040200,-3.176874,1.510792,0.048240,-0.041889,-1.231057,9.413578,0.029828,-0.077765,-0.034088
13.430249,991.878630,9.065826,-1.606715,-0.034840,-3.893243,1.606715,0.038860,11.845400,-1.606715,-0.038860,-3.158466,1.582734,0.045560,-0.055132,-1.114907,9.538165,0.064980,-0.060720,-0.034088
13.440204,991.888260,9.045885,-1.702638,-0.033500,-3.871768,1.654677,0.036180,11.823924,-1.678658,-0.040200,-3.138525,1.654677,0.044220,-0.140087,-1.129229,9.599281,0.054329,-0.046871,-0.031959
13.450263,991.897895,9.024409,-1.774581,-0.030820,-3.851826,1.750600,0.033500,11.803982,-1.750600,-0.038860,-3.117049,1.726619,0.045560,-0.088584,-1.060952,9.651961,0.053264,-0.051133,-0.031959
13.460241,991.907205,9.004467,-1.822543,-0.029480,-3.830350,1.822543,0.032160,11.782506,-1.798562,-0.038860,-3.097107,1.798562,0.044220,-0.068278,-1.126875,9.667461,0.030892,-0.057524,-0.033023
13.470314,991.916974,8.982991,-1.894485,-0.029480,-3.808874,1.870504,0.030820,11.761031,-1.870504,-0.036180,-3.075631,1.870504,0.038860,-0.023936,-1.166409,9.778902,0.033023,-0.058589,-0.033023
13.480124,991.926321,8.963050,-1.966428,-0.026800,-3.788933,1.942447,0.029480,11.739555,-1.918466,-0.034840,-3.054156,1.942447,0.040200,-0.050325,-1.197507,9.941748,0.073503,-0.052198,-0.028761
13.490463,991.936015,8.938506,-2.014389,-0.028140,-3.765923,1.990408,0.029480,11.716545,-1.966428,-0.033500,-3.031146,1.990408,0.037520,-0.027566,-1.202314,10.049462,0.063916,-0.049002,-0.028761
13.500294,991.955012,8.918564,-2.038370,-0.028140,-3.744447,2.038370,0.029480,11.696604,-2.014389,-0.032160,-3.011204,2.038370,0.038860,0.010791,-1.177200,9.764482,0.004260,-0.067111,-0.034088
13.510287,991.964765,8.895555,-2.086332,-0.026800,-3.721437,2.062351,0.028140,11.675128,-2.062351,-0.032160,-2.988195,2.062351,0.041540,-0.011968,-0.960399,9.275944,-0.014914,-0.087352,-0.036219
13.520295,991.974034,8.874079,-2.110313,-0.026800,-3.699962,2.110313,0.028140,11.652118,-2.086332,-0.030820,-2.966719,2.110313,0.040200,0.111344,-1.068211,9.165777,-0.030892,-0.098004,-0.037284
13.530163,991.983857,8.851069,-2.158274,-0.025460,-3.676952,2.134293,0.026800,11.629108,-2.110313,-0.028140,-2.943709,2.134293,0.038860,0.041889,-1.228604,9.413578,0.021305,-0.074569,-0.033023
13.540243,991.993206,8.828059,-2.182255,-0.025460,-3.653942,2.158274,0.025460,11.604565,-2.158274,-0.025460,-2.920699,2.158274,0.036180,-0.015598,-1.117261,9.895053,0.142745,-0.040479,-0.023436
13.550292,992.002657,8.806584,-2.206236,-0.024120,-3.630933,2.182255,0.024120,11.583089,-2.182255,-0.025460,-2.899224,2.182255,0.037520,-0.204735,-0.850233,10.075851,0.200270,-0.011718,-0.018110
13.560276,992.012399,8.780506,-2.230217,-0.022780,-3.607923,2.206236,0.024120,11.560079,-2.182255,-0.025460,-2.877748,2.206236,0.034840,-0.241915,-0.910074,10.221922,0.100135,-0.041546,-0.022370
13.570343,992.021823,8.755962,-2.254197,-0.022780,-3.584913,2.206236,0.022780,11.535536,-2.230217,-0.024120,-2.854738,2.230217,0.033500,-0.275465,-0.737712,9.847082,0.038350,-0.073503,-0.030892
13.580334,992.031565,8.732953,-2.278178,-0.021440,-3.561903,2.230217,0.021440,11.512526,-2.254197,-0.022780,-2.830195,2.230217,0.036180,-0.292240,-0.799907,9.600458,-0.056460,-0.105462,-0.036219
13.590109,992.041131,8.708409,-2.302159,-0.021440,-3.540428,2.254197,0.021440,11.487982,-2.278178,-0.022780,-2.807185,2.254197,0.030820,-0.280174,-1.005917,9.352560,-0.098004,-0.107593,-0.036219
13.600200,992.050525,8.683865,-2.326140,-0.021440,-3.517418,2.254197,0.021440,11.464972,-2.302159,-0.022780,-2.784175,2.278178,0.032160,-0.225140,-1.029854,9.439967,-0.024501,-0.087352,-0.029828
13.610401,992.060068,8.660856,-2.374102,-0.020100,-3.492874,2.278178,0.021440,11.440429,-2.326140,-0.022780,-2.761165,2.278178,0.033500,-0.336483,-0.849056,9.393271,0.091612,-0.043675,-0.018110
13.620314,992.069750,8.636312,-2.374102,-0.020100,-3.468331,2.278178,0.021440,11.417419,-2.326140,-0.022780,-2.738156,2.302159,0.032160,-0.251430,-0.925672,9.669913,0.092679,-0.028761,-0.017045
13.630295,992.079276,8.613302,-2.374102,-0.020100,-3.443787,2.302159,0.021440,11.394409,-2.326140,-0.022780,-2.715146,2.302159,0.034840,-0.298224,-0.772439,9.660299,0.096939,-0.038350,-0.018110
13.640442,992.088736,8.590292,-2.374102,-0.020100,-3.420777,2.302159,0.021440,11.368332,-2.326140,-0.022780,-2.690602,2.302159,0.032160,-0.099375,-0.919687,10.039946,0.078830,-0.059655,-0.022370
13.650492,992.098484,8.568817,-2.350121,-0.020100,-3.397767,2.302159,0.021440,11.345322,-2.326140,-0.022780,-2.667593,2.302159,0.032160,-0.032373,-0.754389,9.968039,0.094808,-0.060720,-0.028761
13.660341,992.107717,8.548875,-2.350121,-0.021440,-3.374758,2.302159,0.021440,11.325380,-2.326140,-0.022780,-2.644583,2.302159,0.032160,0.082600,-0.768810,10.217115,0.091612,-0.057524,-0.033023
13.670468,992.117558,8.524331,-2.302159,-0.021440,-3.350214,2.302159,0.021440,11.302370,-2.326140,-0.025460,-2.621573,2.302159,0.032160,0.049050,-0.670612,10.053092,0.073503,-0.054329,-0.035154
13.680546,992.126929,8.501322,-2.278178,-0.022780,-3.327204,2.302159,0.020100,11.279361,-2.302159,-0.024120,-2.598563,2.302159,0.037520,0.114973,-0.663450,9.659122,-0.040479,-0.071373,-0.044742
13.690412,992.136360,8.479846,-2.278178,-0.022780,-3.304195,2.302159,0.020100,11.256351,-2.302159,-0.025460,-2.574020,2.302159,0.032160,0.009614,-0.833458,9.487840,-0.068176,-0.086286,-0.049002
13.700423,992.146171,8.456836,-2.254197,-0.022780,-3.281185,2.302159,0.018760,11.231807,-2.302159,-0.025460,-2.551010,2.302159,0.034840,-0.124587,-0.746051,9.497453,0.015978,-0.080961,-0.043675
13.710597,992.155722,8.433826,-2.254197,-0.022780,-3.256641,2.302159,0.018760,11.208798,-2.302159,-0.022780,-2.528000,2.302159,0.032160,-0.192767,-0.889767,9.596829,0.040479,-0.064980,-0.037284
13.720582,992.165227,8.410817,-2.254197,-0.022780,-3.235165,2.302159,0.020100,11.185788,-2.278178,-0.024120,-2.504991,2.302159,0.030820,-0.160492,-1.052613,9.910553,0.045806,-0.047937,-0.030892
13.730141,992.184420,8.390875,-2.254197,-0.022780,-3.212156,2.302159,0.020100,11.165846,-2.278178,-0.024120,-2.485049,2.302159,0.033500,-0.251430,-0.778424,9.878278,0.036219,-0.056460,-0.028761
13.740287,992.193646,8.367865,-2.254197,-0.021440,-3.187612,2.326140,0.021440,11.142836,-2.278178,-0.024120,-2.460505,2.302159,0.032160,-0.215526,-0.875346,9.810000,0.008522,-0.060720,-0.031959
13.750285,992.203381,8.343322,-2.254197,-0.022780,-3.164602,2.326140,0.020100,11.119827,-2.278178,-0.024120,-2.437495,2.302159,0.037520,-0.178444,-0.905365,9.665106,-0.008522,-0.056460,-0.035154
13.760455,992.213085,8.321846,-2.278178,-0.021440,-3.141593,2.326140,0.021440,11.096817,-2.278178,-0.025460,-2.412952,2.302159,0.032160,-0.214349,-0.772439,9.386110,0.004260,-0.060720,-0.039415
13.770271,992.222263,8.298836,-2.278178,-0.022780,-3.118583,2.326140,0.021440,11.076875,-2.278178,-0.026800,-2.389942,2.302159,0.033500,-0.269481,-0.925672,9.435160,-0.026632,-0.068176,-0.045806
13.780168,992.232057,8.275826,-2.278178,-0.024120,-3.095573,2.326140,0.021440,11.052332,-2.278178,-0.026800,-2.366932,2.302159,0.032160,-0.190412,-1.118438,9.606442,-0.010653,-0.069242,-0.046871
13.790255,992.241506,8.254351,-2.278178,-0.024120,-3.071030,2.326140,0.021440,11.029322,-2.278178,-0.026800,-2.343923,2.302159,0.030820,-0.056309,-1.141197,9.988444,0.100135,-0.039415,-0.038350
13.800332,992.251159,8.234409,-2.254197,-0.025460,-3.046486,2.326140,0.021440,11.004778,-2.278178,-0.028140,-2.320913,2.302159,0.036180,-0.032373,-0.835910,10.162081,0.197074,-0.021305,-0.029828
13.810269,992.260484,8.211399,-2.254197,-0.024120,-3.023476,2.326140,0.020100,10.981768,-2.302159,-0.029480,-2.297903,2.302159,0.032160,-0.065825,-0.743696,10.080658,0.089483,-0.031959,-0.035154
13.820306,992.270071,8.189923,-2.230217,-0.025460,-3.000466,2.326140,0.020100,10.958759,-2.302159,-0.030820,-2.276427,2.302159,0.033500,-0.015598,-0.902912,9.827952,-0.023436,-0.054329,-0.042610
13.830375,992.279768,8.165380,-2.206236,-0.026800,-2.977457,2.326140,0.020100,10.934215,-2.302159,-0.030820,-2.251884,2.302159,0.033500,-0.004807,-0.790392,9.377673,-0.029828,-0.066047,-0.039415
13.840386,992.289155,8.139302,-2.230217,-0.026800,-2.952913,2.326140,0.018760,10.909671,-2.326140,-0.029480,-2.228874,2.302159,0.033500,-0.083777,-1.022693,9.782434,-0.004260,-0.078830,-0.037284
13.850526,992.298759,8.114758,-2.254197,-0.025460,-2.929903,2.326140,0.020100,10.886662,-2.326140,-0.029480,-2.204330,2.302159,0.036180,-0.210719,-1.005917,10.122547,0.072438,-0.056460,-0.027697
13.860197,992.308466,8.093283,-2.278178,-0.025460,-2.908428,2.326140,0.020100,10.865186,-2.326140,-0.026800,-2.182855,2.302159,0.033500,-0.117328,-0.820312,9.734561,0.046871,-0.054329,-0.024501
13.870266,992.317885,8.068739,-2.326140,-0.025460,-2.883884,2.326140,0.021440,10.842176,-2.326140,-0.026800,-2.159845,2.302159,0.038860,-0.156862,-1.175925,9.620765,-0.071373,-0.070307,-0.029828
13.880436,992.327488,8.045729,-2.350121,-0.025460,-2.860874,2.326140,0.021440,10.817633,-2.326140,-0.026800,-2.135301,2.302159,0.037520,-0.059841,-0.911349,9.556117,0.035154,-0.075634,-0.026632
13.890239,992.337131,8.024254,-2.374102,-0.024120,-2.839398,2.326140,0.021440,10.794623,-2.350121,-0.026800,-2.113826,2.302159,0.032160,-0.195219,-0.664628,9.390917,0.077765,-0.053264,-0.019174
13.900320,992.346422,8.001244,-2.374102,-0.024120,-2.814855,2.326140,0.022780,10.771613,-2.350121,-0.028140,-2.090816,2.302159,0.033500,-0.271835,-0.845426,9.435160,0.005327,-0.051133,-0.027697
13.910272,992.355957,7.978234,-2.350121,-0.024120,-2.790311,2.326140,0.020100,10.748603,-2.350121,-0.028140,-2.067806,2.302159,0.030820,-0.146071,-0.827473,9.525020,0.039415,-0.054329,-0.033023
13.920441,992.365550,7.955224,-2.350121,-0.025460,-2.767301,2.326140,0.020100,10.724060,-2.350121,-0.028140,-2.043262,2.302159,0.032160,-0.170007,-0.678950,9.609974,0.053264,-0.053264,-0.036219
13.930510,992.384977,7.930681,-2.326140,-0.025460,-2.744292,2.326140,0.020100,10.699516,-2.350121,-0.028140,-2.018719,2.302159,0.034840,-0.149701,-0.705339,9.958523,0.080961,-0.042610,-0.042610
13.940384,992.394161,7.912273,-2.302159,-0.025460,-2.721282,2.326140,0.018760,10.678040,-2.350121,-0.029480,-1.998777,2.302159,0.029480,-0.103005,-0.862201,10.271070,0.077765,-0.037284,-0.042610
13.950315,992.403813,7.892331,-2.302159,-0.025460,-2.698272,2.326140,0.017420,10.655031,-2.350121,-0.029480,-1.975767,2.302159,0.032160,-0.122134,-0.699355,10.186017,0.070307,-0.029828,-0.041546
13.960518,992.413626,7.869321,-2.278178,-0.025460,-2.675262,2.326140,0.018760,10.632021,-2.326140,-0.029480,-1.951224,2.302159,0.030820,-0.214349,-0.609495,9.993251,0.037284,-0.042610,-0.042610
13.970477,992.422814,7.846312,-2.254197,-0.026800,-2.650719,2.326140,0.018760,10.609011,-2.326140,-0.030820,-1.928214,2.302159,0.029480,-0.213171,-0.674241,9.547779,-0.064980,-0.055393,-0.047937
13.980558,992.432635,7.821768,-2.254197,-0.026800,-2.627709,2.326140,0.017420,10.586001,-2.302159,-0.032160,-1.905204,2.302159,0.033500,-0.174814,-0.878976,9.486662,-0.056460,-0.078830,-0.046871
13.990282,992.442089,7.797224,-2.230217,-0.028140,-2.604699,2.326140,0.016080,10.562992,-2.302159,-0.033500,-1.883728,2.326140,0.032160,-0.190412,-0.870637,9.400433,-0.012783,-0.078830,-0.038350
14.000240,992.451603,7.774215,-2.230217,-0.028140,-2.581690,2.326140,0.017420,10.539982,-2.302159,-0.033500,-1.860719,2.326140,0.032160,-0.249076,-0.942447,9.469887,-0.003196,-0.079894,-0.034088
14.010222,992.461002,7.751205,-2.254197,-0.028140,-2.560214,2.326140,0.018760,10.516972,-2.302159,-0.032160,-1.836175,2.302159,0.032160,-0.255060,-1.166409,9.534535,-0.024501,-0.070307,-0.031959
14.020282,992.470814,7.726661,-2.278178,-0.026800,-2.535670,2.326140,0.018760,10.493963,-2.302159,-0.032160,-1.813165,2.302159,0.032160,-0.177267,-1.088518,9.593297,0.061785,-0.056460,-0.024501
14.030274,992.480301,7.705185,-2.302159,-0.028140,-2.511127,2.326140,0.018760,10.470953,-2.302159,-0.033500,-1.790156,2.302159,0.036180,-0.206010,-0.935285,9.709448,0.112918,-0.050068,-0.018110
14.040256,992.489724,7.680642,-2.326140,-0.026800,-2.488117,2.326140,0.020100,10.449477,-2.302159,-0.033500,-1.767146,2.302159,0.033500,-0.149701,-1.050259,9.781257,0.029828,-0.059655,-0.022370
14.050218,992.499427,7.656098,-2.350121,-0.026800,-2.465107,2.326140,0.020100,10.424933,-2.302159,-0.032160,-1.744136,2.302159,0.036180,-0.081423,-1.054967,9.638717,-0.002131,-0.056460,-0.027697
14.060181,992.509074,7.633088,-2.350121,-0.026800,-2.442097,2.326140,0.020100,10.403458,-2.302159,-0.032160,-1.719592,2.302159,0.036180,-0.089860,-1.015531,9.770466,0.054329,-0.045806,-0.024501
14.070342,992.518282,7.608545,-2.374102,-0.026800,-2.416020,2.302159,0.018760,10.378914,-2.278178,-0.029480,-1.696583,2.302159,0.030820,-0.156862,-0.754389,9.893777,0.102266,-0.043675,-0.025566
14.080234,992.527906,7.585535,-2.374102,-0.025460,-2.396078,2.302159,0.018760,10.357438,-2.278178,-0.028140,-1.673573,2.302159,0.033500,-0.148523,-0.835910,9.733384,0.003196,-0.053264,-0.034088
14.090216,992.537538,7.562525,-2.374102,-0.025460,-2.371534,2.302159,0.017420,10.334429,-2.278178,-0.026800,-1.650563,2.302159,0.029480,-0.192767,-1.023870,9.596829,-0.057524,-0.075634,-0.040479
14.100513,992.547232,7.539516,-2.374102,-0.025460,-2.348525,2.302159,0.016080,10.309885,-2.278178,-0.025460,-1.626020,2.326140,0.028140,-0.140087,-1.039468,9.804016,0.029828,-0.076698,-0.034088
14.110248,992.556571,7.514972,-2.350121,-0.025460,-2.325515,2.302159,0.016080,10.286875,-2.302159,-0.024120,-1.604544,2.326140,0.032160,-0.056309,-0.599980,9.800386,0.128898,-0.062851,-0.025566
14.120246,992.566122,7.491962,-2.350121,-0.026800,-2.302505,2.302159,0.016080,10.263865,-2.302159,-0.024120,-1.581534,2.326140,0.029480,-0.155685,-0.905365,9.942925,0.025566,-0.054329,-0.028761
14.130602,992.585506,7.467418,-2.350121,-0.025460,-2.279495,2.326140,0.016080,10.237788,-2.302159,-0.024120,-1.556990,2.326140,0.030820,-0.206010,-0.834635,9.673445,0.023436,-0.052198,-0.029828
14.140338,992.594916,7.445943,-2.326140,-0.025460,-2.254952,2.326140,0.014740,10.216312,-2.326140,-0.024120,-1.535515,2.326140,0.032160,-0.314901,-0.732905,9.607620,0.033023,-0.053264,-0.029828
14.150312,992.604476,7.422933,-2.326140,-0.025460,-2.230408,2.326140,0.016080,10.191768,-2.326140,-0.022780,-1.510971,2.326140,0.030820,-0.323338,-1.110100,9.863857,0.000000,-0.061785,-0.029828
14.160401,992.614173,7.396855,-2.326140,-0.024120,-2.207398,2.326140,0.014740,10.167225,-2.326140,-0.022780,-1.487961,2.326140,0.036180,-0.237108,-0.937640,9.702188,0.038350,-0.068176,-0.027697
14.170466,992.623489,7.373846,-2.326140,-0.025460,-2.182855,2.326140,0.016080,10.144215,-2.326140,-0.022780,-1.464952,2.326140,0.033500,-0.194042,-0.838265,9.665106,0.054329,-0.074569,-0.027697
14.180339,992.632906,7.350836,-2.326140,-0.025460,-2.161379,2.326140,0.018760,10.122739,-2.326140,-0.022780,-1.441942,2.326140,0.032160,-0.172460,-1.040645,9.748884,0.002131,-0.068176,-0.026632
14.190421,992.642536,7.327826,-2.326140,-0.024120,-2.136835,2.326140,0.018760,10.098196,-2.326140,-0.024120,-1.417398,2.326140,0.034840,-0.103005,-0.674241,9.433983,0.049002,-0.061785,-0.025566
14.200667,992.652364,7.304817,-2.326140,-0.025460,-2.113826,2.350121,0.017420,10.075186,-2.350121,-0.022780,-1.394389,2.326140,0.030820,-0.095844,-0.989142,9.520213,0.007456,-0.050068,-0.024501
14.210403,992.661657,7.281807,-2.326140,-0.025460,-2.089282,2.350121,0.018760,10.050642,-2.350121,-0.024120,-1.372913,2.326140,0.034840,-0.154508,-0.872992,9.599281,0.049002,-0.052198,-0.026632
14.220259,992.671321,7.258797,-2.326140,-0.025460,-2.067806,2.350121,0.016080,10.029166,-2.350121,-0.024120,-1.348369,2.326140,0.030820,-0.191589,-0.786762,9.817161,0.094808,-0.054329,-0.023436
14.230329,992.680838,7.235787,-2.326140,-0.024120,-2.044796,2.326140,0.016080,10.004623,-2.350121,-0.022780,-1.325359,2.326140,0.032160,-0.228769,-0.755664,9.712979,0.053264,-0.059655,-0.026632
14.240345,992.690545,7.211244,-2.326140,-0.025460,-2.020253,2.326140,0.014740,9.980079,-2.350121,-0.022780,-1.302350,2.326140,0.030820,-0.057487,-1.216636,9.820791,-0.053264,-0.084156,-0.034088
14.250426,992.700075,7.188234,-2.302159,-0.025460,-1.998777,2.326140,0.014740,9.954001,-2.350121,-0.022780,-1.279340,2.326140,0.028140,-0.074262,-0.985513,9.889069,0.073503,-0.072438,-0.020241
14.260531,992.709663,7.165224,-2.302159,-0.026800,-1.975767,2.302159,0.017420,9.930992,-2.350121,-0.022780,-1.254796,2.326140,0.032160,-0.165299,-0.681403,10.085465,0.189618,-0.050068,-0.010653
14.270308,992.719128,7.142215,-2.302159,-0.026800,-1.952758,2.302159,0.017420,9.909516,-2.350121,-0.022780,-1.231787,2.326140,0.032160,-0.170007,-0.595173,9.766934,0.067111,-0.047937,-0.020241
14.280540,992.728676,7.119205,-2.302159,-0.026800,-1.929748,2.302159,0.016080,9.886506,-2.350121,-0.022780,-1.207243,2.326140,0.034840,-0.192767,-0.747228,9.289089,-0.088417,-0.088417,-0.036219
14.290292,992.738027,7.096195,-2.302159,-0.026800,-1.908272,2.302159,0.014740,9.865030,-2.326140,-0.022780,-1.185767,2.326140,0.037520,-0.213171,-0.912526,9.248378,-0.071373,-0.108657,-0.043675
14.300325,992.747796,7.074719,-2.278178,-0.026800,-1.886796,2.302159,0.014740,9.842021,-2.302159,-0.024120,-1.162757,2.326140,0.032160,-0.190412,-0.928026,9.628025,0.072438,-0.066047,-0.033023
14.310328,992.757234,7.050176,-2.278178,-0.026800,-1.862253,2.302159,0.014740,9.819011,-2.302159,-0.024120,-1.139748,2.302159,0.033500,-0.326967,-0.741244,9.907021,0.187487,-0.024501,-0.027697
14.320532,992.766908,7.028700,-2.278178,-0.028140,-1.837709,2.302159,0.014740,9.794467,-2.278178,-0.024120,-1.113670,2.302159,0.029480,-0.243092,-0.900558,10.180033,0.093743,-0.025566,-0.037284
14.330540,992.776244,7.004156,-2.278178,-0.029480,-1.814699,2.326140,0.014740,9.771458,-2.278178,-0.024120,-1.090660,2.302159,0.030820,-0.202380,-0.737712,9.854341,0.058589,-0.058589,-0.042610
14.340595,992.785909,6.979613,-2.278178,-0.029480,-1.791690,2.326140,0.016080,9.749982,-2.278178,-0.025460,-1.067651,2.302159,0.034840,-0.232301,-0.864555,9.772918,-0.015978,-0.073503,-0.044742
14.350452,992.804831,6.958137,-2.278178,-0.029480,-1.768680,2.326140,0.014740,9.726972,-2.278178,-0.024120,-1.046175,2.302159,0.030820,-0.265851,-0.797553,9.319009,-0.010653,-0.070307,-0.038350
14.360429,992.814706,6.935127,-2.278178,-0.029480,-1.744136,2.326140,0.013400,9.703962,-2.278178,-0.024120,-1.023165,2.302159,0.030820,-0.232301,-0.970013,9.477049,-0.006391,-0.070307,-0.034088
14.370269,992.824136,6.912117,-2.278178,-0.029480,-1.722660,2.326140,0.012060,9.679419,-2.278178,-0.024120,-0.998621,2.302159,0.028140,-0.196396,-0.804714,9.703463,0.088417,-0.061785,-0.023436
14.380183,992.833427,6.889108,-2.278178,-0.030820,-1.698117,2.326140,0.010720,9.657943,-2.278178,-0.024120,-0.975612,2.302159,0.026800,-0.064648,-0.707693,9.881809,0.102266,-0.051133,-0.020241
14.390259,992.843284,6.866098,-2.278178,-0.030820,-1.675107,2.326140,0.010720,9.633399,-2.302159,-0.024120,-0.952602,2.302159,0.032160,-0.055132,-0.911349,9.946555,0.033023,-0.056460,-0.024501
14.400159,992.852917,6.843088,-2.278178,-0.030820,-1.652097,2.326140,0.012060,9.610390,-2.326140,-0.022780,-0.928058,2.302159,0.028140,-0.065825,-0.955592,10.037494,0.050068,-0.054329,-0.023436
14.410123,992.862356,6.818545,-2.278178,-0.032160,-1.629088,2.326140,0.012060,9.587380,-2.326140,-0.024120,-0.905049,2.302159,0.030820,-0.103005,-0.557993,9.699834,0.105462,-0.050068,-0.022370
14.420428,992.871687,6.795535,-2.278178,-0.032160,-1.604544,2.326140,0.013400,9.562836,-2.326140,-0.024120,-0.882039,2.302159,0.033500,-0.213171,-0.764003,9.660299,0.008522,-0.064980,-0.030892
14.430631,992.881191,6.770991,-2.278178,-0.032160,-1.581534,2.326140,0.012060,9.538293,-2.326140,-0.024120,-0.857495,2.302159,0.030820,-0.161669,-0.761648,9.557294,-0.014914,-0.085221,-0.040479
14.440353,992.891076,6.749515,-2.278178,-0.033500,-1.558524,2.326140,0.012060,9.516817,-2.326140,-0.022780,-0.836020,2.302159,0.033500,-0.173637,-0.767633,9.526197,0.008522,-0.080961,-0.040479
14.450227,992.900301,6.726506,-2.278178,-0.033500,-1.535515,2.326140,0.009380,9.492273,-2.326140,-0.024120,-0.811476,2.302159,0.030820,-0.130571,-0.868185,9.642347,0.034088,-0.064980,-0.038350
14.460574,992.910076,6.703496,-2.278178,-0.034840,-1.510971,2.326140,0.009380,9.470797,-2.302159,-0.024120,-0.786932,2.302159,0.029480,-0.268205,-0.837087,9.758498,0.054329,-0.063916,-0.042610
14.470422,992.919745,6.680486,-2.278178,-0.034840,-1.487961,2.326140,0.009380,9.447788,-2.302159,-0.024120,-0.763922,2.302159,0.033500,-0.172460,-1.028677,9.917812,0.042610,-0.050068,-0.041546
14.480170,992.928924,6.659011,-2.278178,-0.034840,-1.466486,2.326140,0.010720,9.424778,-2.302159,-0.024120,-0.740913,2.302159,0.029480,-0.247899,-0.668257,9.681881,0.099070,-0.040479,-0.038350
14.490195,992.938553,6.634467,-2.278178,-0.036180,-1.441942,2.326140,0.012060,9.401768,-2.302159,-0.024120,-0.717903,2.302159,0.030820,-0.330499,-0.874169,9.673445,0.012783,-0.050068,-0.039415
14.500265,992.948191,6.612991,-2.278178,-0.034840,-1.420466,2.326140,0.010720,9.378759,-2.302159,-0.022780,-0.696427,2.302159,0.033500,-0.287433,-0.859847,9.490292,-0.023436,-0.062851,-0.038350
14.510333,992.957639,6.588447,-2.278178,-0.034840,-1.395923,2.350121,0.010720,9.355749,-2.302159,-0.024120,-0.671884,2.302159,0.029480,-0.322160,-0.992772,9.760950,0.026632,-0.062851,-0.029828
14.520371,992.967135,6.565438,-2.278178,-0.033500,-1.372913,2.350121,0.008040,9.332739,-2.326140,-0.024120,-0.648874,2.302159,0.029480,-0.268205,-0.774794,9.903391,0.095874,-0.059655,-0.022370
14.530450,992.976917,6.542428,-2.278178,-0.034840,-1.348369,2.350121,0.008040,9.305127,-2.326140,-0.021440,-0.624330,2.302159,0.032160,-0.158039,-0.714953,9.883085,0.046871,-0.066047,-0.024501
14.540474,992.986282,6.517884,-2.278178,-0.034840,-1.325359,2.350121,0.008040,9.283652,-2.326140,-0.021440,-0.601320,2.302159,0.026800,-0.067100,-0.948431,9.760950,-0.055393,-0.071373,-0.031959
14.550494,992.995872,6.494875,-2.302159,-0.036180,-1.302350,2.326140,0.010720,9.259108,-2.326140,-0.022780,-0.578311,2.302159,0.032160,-0.131748,-0.961576,9.871116,0.041546,-0.055393,-0.023436
14.560545,993.005709,6.471865,-2.302159,-0.036180,-1.277806,2.326140,0.009380,9.236098,-2.326140,-0.022780,-0.553767,2.302159,0.033500,-0.196396,-0.341290,9.601636,0.164050,-0.043675,-0.017045
14.570588,993.024604,6.448855,-2.302159,-0.037520,-1.254796,2.326140,0.010720,9.213089,-2.326140,-0.022780,-0.529223,2.302159,0.032160,-0.195219,-0.633530,9.511776,-0.021305,-0.091612,-0.040479
14.580136,993.034269,6.425846,-2.302159,-0.036180,-1.233321,2.326140,0.010720,9.190079,-2.350121,-0.022780,-0.507748,2.302159,0.036180,-0.150878,-0.834635,9.674720,0.024501,-0.077765,-0.038350
14.590195,993.043687,6.402836,-2.302159,-0.037520,-1.208777,2.326140,0.009380,9.167069,-2.326140,-0.024120,-0.484738,2.302159,0.030820,-0.094568,-0.908896,9.913005,0.067111,-0.057524,-0.036219
14.600344,993.053233,6.379826,-2.302159,-0.038860,-1.184233,2.326140,0.009380,9.144059,-2.326140,-0.024120,-0.461728,2.302159,0.030820,-0.091037,-0.635884,9.902214,0.110788,-0.047937,-0.037284
14.610369,993.062888,6.356816,-2.302159,-0.037520,-1.161223,2.302159,0.009380,9.119516,-2.326140,-0.024120,-0.437185,2.302159,0.034840,-0.219155,-0.719662,9.724947,0.018110,-0.063916,-0.044742
14.620455,993.072283,6.333807,-2.302159,-0.038860,-1.138214,2.302159,0.012060,9.096506,-2.326140,-0.024120,-0.414175,2.302159,0.030820,-0.197573,-0.934010,9.487840,-0.080961,-0.091612,-0.051133
14.630332,993.082046,6.309263,-2.302159,-0.036180,-1.116738,2.302159,0.012060,9.075030,-2.326140,-0.022780,-0.389631,2.302159,0.034840,-0.257512,-0.693371,9.012447,-0.038350,-0.106526,-0.047937
14.640373,993.091553,6.286253,-2.302159,-0.034840,-1.093728,2.302159,0.012060,9.052021,-2.326140,-0.022780,-0.366621,2.302159,0.038860,-0.283803,-0.707693,9.220811,0.006391,-0.094808,-0.041546
14.650252,993.101097,6.263244,-2.302159,-0.034840,-1.072253,2.278178,0.012060,9.029011,-2.326140,-0.022780,-0.343612,2.302159,0.033500,-0.137732,-0.804714,9.799209,0.103330,-0.079894,-0.034088
14.660190,993.110553,6.238700,-2.302159,-0.034840,-1.047709,2.278178,0.010720,9.006001,-2.326140,-0.022780,-0.320602,2.302159,0.034840,-0.201203,-0.397599,9.869841,0.157659,-0.066047,-0.035154
14.670371,993.120284,6.214156,-2.302159,-0.033500,-1.021631,2.278178,0.010720,8.981458,-2.326140,-0.022780,-0.297592,2.302159,0.032160,-0.057487,-0.919687,10.571648,0.107593,-0.044742,-0.036219
14.680208,993.129830,6.191146,-2.326140,-0.034840,-1.000155,2.278178,0.010720,8.959982,-2.326140,-0.025460,-0.274583,2.302159,0.032160,-0.089860,-0.752035,10.300990,0.066047,-0.053264,-0.047937
14.690203,993.139264,6.166603,-2.326140,-0.036180,-0.977146,2.278178,0.010720,8.936972,-2.302159,-0.026800,-0.251573,2.302159,0.036180,-0.300578,-1.056243,10.133338,-0.064980,-0.052198,-0.053264
14.700223,993.148723,6.143593,-2.326140,-0.036180,-0.954136,2.278178,0.012060,8.912428,-2.302159,-0.028140,-0.227029,2.302159,0.033500,-0.293417,-0.797553,9.625572,-0.027697,-0.072438,-0.046871
14.710567,993.158426,6.120583,-2.326140,-0.036180,-0.929592,2.278178,0.012060,8.889419,-2.302159,-0.028140,-0.202485,2.302159,0.033500,-0.338936,-1.073018,9.477049,-0.085221,-0.111853,-0.045806
14.720177,993.167833,6.096040,-2.326140,-0.036180,-0.906583,2.278178,0.013400,8.866409,-2.302159,-0.026800,-0.179476,2.302159,0.038860,-0.306563,-0.967560,9.180100,-0.086286,-0.125700,-0.042610
14.730654,993.177590,6.071496,-2.326140,-0.036180,-0.883573,2.278178,0.013400,8.843399,-2.302159,-0.026800,-0.156466,2.302159,0.037520,-0.186782,-1.079002,9.369335,0.012783,-0.104395,-0.028761
14.740263,993.187041,6.050020,-2.326140,-0.036180,-0.860563,2.278178,0.013400,8.821924,-2.302159,-0.026800,-0.133456,2.302159,0.040200,-0.104182,-0.791569,9.359721,0.094808,-0.070307,-0.018110
14.750198,993.196407,6.027011,-2.326140,-0.036180,-0.837554,2.278178,0.014740,8.797380,-2.302159,-0.026800,-0.110447,2.302159,0.042880,-0.095844,-0.851410,9.631556,0.112918,-0.049002,-0.018110
14.760499,993.206125,6.004001,-2.326140,-0.037520,-0.814544,2.278178,0.016080,8.774370,-2.302159,-0.026800,-0.087437,2.302159,0.040200,-0.191589,-1.120891,10.187195,0.093743,-0.039415,-0.024501
14.770119,993.215488,5.980991,-2.326140,-0.036180,-0.793068,2.278178,0.018760,8.751360,-2.302159,-0.026800,-0.065961,2.302159,0.042880,-0.213171,-0.737712,10.140499,0.167246,-0.008522,-0.021305
14.780160,993.225090,5.956447,-2.326140,-0.037520,-0.770058,2.278178,0.021440,8.728351,-2.302159,-0.025460,-0.042951,2.302159,0.041540,-0.247899,-0.750857,10.132160,0.077765,-0.050068,-0.029828
14.790350,993.244429,5.936506,-2.326140,-0.036180,-0.747049,2.278178,0.021440,8.703807,-2.302159,-0.024120,-0.018408,2.302159,0.044220,-0.237108,-0.713677,9.324994,-0.077765,-0.138485,-0.041546
14.800388,993.253836,5.911962,-2.326140,-0.036180,-0.724039,2.278178,0.021440,8.682331,-2.302159,-0.025460,0.004602,2.302159,0.046900,-0.185605,-1.093325,9.444774,-0.053264,-0.107593,-0.030892
14.810225,993.263334,5.888952,-2.326140,-0.036180,-0.701029,2.278178,0.020100,8.657788,-2.326140,-0.024120,0.029146,2.302159,0.042880,-0.095844,-0.905365,9.850712,0.121440,-0.056460,-0.012783
14.820257,993.272770,5.865943,-2.326140,-0.034840,-0.679553,2.278178,0.021440,8.634778,-2.326140,-0.024120,0.050621,2.302159,0.045560,-0.061116,-0.589189,9.951264,0.214119,-0.009587,-0.005327
14.830248,993.282663,5.842933,-2.326140,-0.036180,-0.653476,2.278178,0.022780,8.611768,-2.326140,-0.025460,0.075165,2.302159,0.042880,-0.026389,-0.605964,9.867487,0.034088,-0.034088,-0.024501
14.840151,993.292048,5.818389,-2.326140,-0.037520,-0.630466,2.278178,0.022780,8.588758,-2.326140,-0.024120,0.096641,2.302159,0.044220,-0.037082,-0.811876,9.625572,-0.067111,-0.064980,-0.037284
14.850295,993.301638,5.793845,-2.326140,-0.036180,-0.605922,2.278178,0.022780,8.565749,-2.302159,-0.024120,0.121184,2.302159,0.045560,0.049050,-0.781955,9.531004,-0.041546,-0.092679,-0.039415
14.860218,993.311108,5.770836,-2.326140,-0.034840,-0.582913,2.278178,0.021440,8.542739,-2.302159,-0.022780,0.142660,2.302159,0.042880,0.045518,-0.843071,9.432806,-0.035154,-0.092679,-0.043675
14.870465,993.320706,5.747826,-2.326140,-0.036180,-0.558369,2.278178,0.018760,8.518195,-2.302159,-0.022780,0.168738,2.302159,0.045560,0.050325,-0.941269,9.498631,0.015978,-0.067111,-0.043675
14.880246,993.330267,5.721748,-2.326140,-0.034840,-0.536893,2.278178,0.020100,8.495186,-2.302159,-0.024120,0.191748,2.302159,0.040200,-0.019130,-0.766455,9.541795,0.104395,-0.049002,-0.040479
14.890205,993.339795,5.698739,-2.326140,-0.034840,-0.513884,2.302159,0.020100,8.472176,-2.302159,-0.024120,0.214757,2.302159,0.040200,-0.011968,-0.853862,9.756143,0.076698,-0.056460,-0.043675
14.900209,993.349408,5.675729,-2.326140,-0.034840,-0.490874,2.302159,0.018760,8.449166,-2.326140,-0.025460,0.237767,2.302159,0.040200,-0.055132,-0.786762,9.766934,0.057524,-0.068176,-0.046871
14.910213,993.358889,5.652719,-2.326140,-0.034840,-0.466330,2.302159,0.018760,8.426156,-2.326140,-0.024120,0.259243,2.302159,0.036180,-0.170007,-0.858571,9.935764,0.055393,-0.067111,-0.046871
14.920264,993.368319,5.631243,-2.326140,-0.034840,-0.443320,2.302159,0.018760,8.401613,-2.326140,-0.024120,0.283786,2.326140,0.037520,-0.222785,-0.793923,9.831582,0.013849,-0.068176,-0.047937
14.930228,993.378092,5.606700,-2.326140,-0.032160,-0.420311,2.302159,0.018760,8.378603,-2.326140,-0.022780,0.308330,2.326140,0.037520,-0.241915,-1.031031,9.697479,-0.057524,-0.073503,-0.049002
14.940296,993.387628,5.583690,-2.326140,-0.033500,-0.397301,2.302159,0.018760,8.354059,-2.326140,-0.022780,0.331340,2.326140,0.033500,-0.298224,-0.990320,9.473517,-0.027697,-0.076698,-0.045806
14.950259,993.397053,5.560680,-2.326140,-0.033500,-0.374291,2.302159,0.017420,8.329516,-2.350121,-0.022780,0.354350,2.326140,0.036180,-0.361695,-0.967560,9.523842,0.046871,-0.070307,-0.035154
14.960301,993.406706,5.537671,-2.326140,-0.033500,-0.349748,2.326140,0.017420,8.306506,-2.350121,-0.024120,0.378893,2.350121,0.036180,-0.385631,-0.911349,9.695027,0.094808,-0.060720,-0.027697
14.970272,993.416110,5.514661,-2.326140,-0.034840,-0.325204,2.326140,0.017420,8.285030,-2.350121,-0.024120,0.401903,2.350121,0.033500,-0.349628,-0.826296,9.764482,0.078830,-0.063916,-0.026632
14.980272,993.435076,5.490117,-2.326140,-0.033500,-0.300660,2.326140,0.017420,8.263555,-2.350121,-0.024120,0.426447,2.350121,0.037520,-0.280174,-0.597527,10.123724,0.134223,-0.040479,-0.020241
14.990372,993.444750,5.467108,-2.326140,-0.032160,-0.277651,2.326140,0.017420,8.240545,-2.350121,-0.024120,0.449456,2.350121,0.036180,-0.192767,-0.729275,10.224374,0.059655,-0.044742,-0.022370
15.000433,993.454507,5.442564,-2.326140,-0.032160,-0.254641,2.326140,0.017420,8.216001,-2.326140,-0.022780,0.472466,2.350121,0.036180,-0.091037,-0.725646,9.831582,-0.056460,-0.064980,-0.035154
15.010525,993.464048,5.418020,-2.326140,-0.033500,-0.228563,2.326140,0.017420,8.191457,-2.326140,-0.022780,0.495476,2.350121,0.038860,-0.059841,-0.615479,9.321462,-0.067111,-0.093743,-0.040479
15.020565,993.473357,5.396544,-2.326140,-0.032160,-0.207087,2.326140,0.018760,8.168448,-2.302159,-0.022780,0.518486,2.350121,0.034840,-0.022759,-0.706516,9.077095,-0.094808,-0.102266,-0.046871
15.030370,993.483024,5.373535,-2.326140,-0.032160,-0.182544,2.326140,0.017420,8.146972,-2.302159,-0.024120,0.543029,2.350121,0.038860,0.108989,-0.756842,9.091516,-0.030892,-0.091612,-0.047937
15.040200,993.492665,5.350525,-2.326140,-0.032160,-0.161068,2.326140,0.017420,8.123962,-2.302159,-0.022780,0.566039,2.326140,0.038860,0.196396,-0.660998,9.423192,0.119309,-0.054329,-0.037284
15.050215,993.502094,5.327515,-2.326140,-0.032160,-0.136524,2.326140,0.017420,8.102487,-2.302159,-0.025460,0.589049,2.326140,0.036180,0.140087,-0.666982,9.812354,0.176833,-0.014914,-0.034088
15.060277,993.511558,5.302972,-2.326140,-0.032160,-0.115049,2.326140,0.017420,8.081011,-2.302159,-0.022780,0.613592,2.326140,0.037520,-0.103005,-0.719662,10.109401,0.119309,-0.021305,-0.040479
15.070287,993.521130,5.279962,-2.326140,-0.033500,-0.090505,2.326140,0.020100,8.058001,-2.278178,-0.022780,0.636602,2.326140,0.032160,-0.071809,-0.695725,9.996782,0.049002,-0.043675,-0.044742
15.080193,993.530606,5.256952,-2.326140,-0.033500,-0.065961,2.326140,0.020100,8.033457,-2.278178,-0.022780,0.659612,2.326140,0.034840,-0.100553,-0.845426,9.927328,-0.020241,-0.078830,-0.046871
15.090192,993.540357,5.235476,-2.326140,-0.033500,-0.041417,2.326140,0.021440,8.010448,-2.278178,-0.024120,0.682621,2.326140,0.037520,-0.282626,-0.803537,9.548956,-0.064980,-0.093743,-0.043675
15.100221,993.549921,5.210933,-2.326140,-0.032160,-0.016874,2.326140,0.021440,7.988972,-2.278178,-0.024120,0.705631,2.326140,0.036180,-0.336483,-0.955592,9.752513,-0.011718,-0.086286,-0.033023
15.110435,993.559303,5.187923,-2.326140,-0.033500,0.006136,2.326140,0.021440,7.965962,-2.278178,-0.025460,0.728641,2.326140,0.038860,-0.305385,-0.845426,9.825598,0.071373,-0.055393,-0.022370
15.120316,993.569112,5.164913,-2.326140,-0.033500,0.029146,2.326140,0.021440,7.942953,-2.302159,-0.025460,0.750117,2.326140,0.034840,-0.313724,-0.652659,10.025526,0.122505,-0.046871,-0.019174
15.130527,993.578511,5.140370,-2.302159,-0.033500,0.052155,2.326140,0.024120,7.918409,-2.302159,-0.024120,0.774660,2.326140,0.034840,-0.396422,-0.692194,9.920166,0.040479,-0.050068,-0.027697
15.140217,993.587983,5.117360,-2.302159,-0.033500,0.075165,2.326140,0.024120,7.896933,-2.302159,-0.024120,0.797670,2.326140,0.040200,-0.398777,-0.924494,9.817161,-0.056460,-0.074569,-0.038350
15.150181,993.597672,5.094350,-2.302159,-0.034840,0.098175,2.326140,0.024120,7.873923,-2.302159,-0.024120,0.820680,2.326140,0.037520,-0.301756,-0.714953,9.394448,-0.034088,-0.088417,-0.040479
15.160198,993.607134,5.071340,-2.302159,-0.033500,0.121184,2.326140,0.024120,7.849380,-2.302159,-0.024120,0.843689,2.326140,0.042880,-0.221510,-1.037015,9.634009,-0.019174,-0.083090,-0.039415
15.170168,993.616641,5.049865,-2.302159,-0.034840,0.145728,2.302159,0.024120,7.826370,-2.302159,-0.022780,0.866699,2.302159,0.038860,-0.189235,-0.843071,9.502260,0.026632,-0.068176,-0.039415
15.180194,993.626381,5.025321,-2.302159,-0.034840,0.167204,2.302159,0.026800,7.804894,-2.302159,-0.024120,0.889709,2.302159,0.038860,-0.120957,-0.970013,9.517760,0.020241,-0.051133,-0.038350
15.190241,993.635656,5.002311,-2.302159,-0.033500,0.191748,2.302159,0.025460,7.780351,-2.302159,-0.024120,0.912719,2.302159,0.040200,0.004807,-0.956769,9.654315,0.045806,-0.064980,-0.039415
15.200185,993.645429,4.980836,-2.302159,-0.034840,0.213223,2.302159,0.025460,7.757341,-2.326140,-0.024120,0.935728,2.302159,0.037520,0.080246,-0.930479,9.795677,0.067111,-0.072438,-0.037284
15.210192,993.664456,4.956292,-2.302159,-0.033500,0.237767,2.302159,0.024120,7.734331,-2.326140,-0.024120,0.958738,2.302159,0.040200,0.008339,-1.199861,10.047108,0.038350,-0.051133,-0.034088
15.220218,993.673817,4.933282,-2.302159,-0.033500,0.260777,2.302159,0.024120,7.711321,-2.326140,-0.024120,0.983282,2.302159,0.037520,0.007161,-0.717307,9.806370,0.095874,-0.057524,-0.030892
15.230197,993.683547,4.911806,-2.302159,-0.032160,0.283786,2.302159,0.025460,7.688312,-2.326140,-0.024120,1.006291,2.302159,0.038860,0.004807,-0.931656,9.774095,-0.004260,-0.074569,-0.034088
15.240262,993.692983,4.888797,-2.302159,-0.030820,0.306796,2.302159,0.025460,7.663768,-2.326140,-0.022780,1.029301,2.302159,0.037520,-0.035905,-0.792746,9.388464,-0.050068,-0.093743,-0.038350
15.250150,993.702532,4.865787,-2.326140,-0.030820,0.331340,2.302159,0.026800,7.640758,-2.350121,-0.020100,1.052311,2.302159,0.034840,-0.105359,-0.828651,9.439967,-0.022370,-0.085221,-0.034088
15.260466,993.712312,4.841243,-2.326140,-0.030820,0.354350,2.302159,0.025460,7.616215,-2.350121,-0.021440,1.075321,2.302159,0.036180,-0.140087,-0.756842,9.742900,0.095874,-0.053264,-0.021305
15.270158,993.721832,4.819768,-2.326140,-0.029480,0.377359,2.302159,0.024120,7.593205,-2.350121,-0.021440,1.098330,2.302159,0.033500,-0.209542,-0.628723,9.899860,0.136354,-0.027697,-0.017045
15.280219,993.731125,4.793690,-2.326140,-0.030820,0.400369,2.302159,0.022780,7.570195,-2.374102,-0.021440,1.122874,2.302159,0.034840,-0.346097,-0.640691,9.860325,0.056460,-0.034088,-0.025566
15.290155,993.741024,4.772214,-2.326140,-0.029480,0.423379,2.326140,0.024120,7.545651,-2.374102,-0.022780,1.142816,2.302159,0.038860,-0.355612,-0.787939,9.889069,-0.017045,-0.066047,-0.034088
15.300180,993.750357,4.749205,-2.326140,-0.029480,0.446388,2.326140,0.024120,7.522642,-2.374102,-0.022780,1.167359,2.302159,0.032160,-0.282626,-0.680225,9.783611,0.017045,-0.080961,-0.030892
15.310170,993.760062,4.726195,-2.350121,-0.029480,0.469398,2.326140,0.025460,7.498098,-2.350121,-0.021440,1.190369,2.302159,0.034840,-0.249076,-0.663450,9.662752,0.001065,-0.079894,-0.033023
15.320161,993.769456,4.703185,-2.350121,-0.028140,0.492408,2.326140,0.025460,7.475088,-2.350121,-0.021440,1.213379,2.302159,0.036180,-0.200026,-0.896928,9.621942,-0.044742,-0.074569,-0.036219
15.330269,993.779092,4.677107,-2.350121,-0.028140,0.516952,2.326140,0.025460,7.452079,-2.350121,-0.022780,1.237922,2.326140,0.034840,-0.200026,-0.726921,9.420837,-0.005327,-0.066047,-0.035154
15.340229,993.788428,4.654098,-2.350121,-0.028140,0.539961,2.326140,0.024120,7.430603,-2.326140,-0.022780,1.260932,2.326140,0.040200,-0.117328,-0.878976,9.656670,0.034088,-0.061785,-0.029828
15.350222,993.798236,4.631088,-2.350121,-0.029480,0.561437,2.326140,0.025460,7.409127,-2.326140,-0.022780,1.283942,2.326140,0.037520,-0.095844,-0.795100,9.732207,0.069242,-0.057524,-0.029828
15.360728,993.807578,4.606544,-2.350121,-0.028140,0.584447,2.326140,0.026800,7.384584,-2.326140,-0.022780,1.308486,2.326140,0.037520,-0.126941,-0.981981,9.887793,0.049002,-0.054329,-0.030892
15.370146,993.817358,4.585069,-2.350121,-0.029480,0.607456,2.326140,0.028140,7.361574,-2.302159,-0.022780,1.326893,2.326140,0.038860,-0.111344,-0.696902,9.802839,0.079894,-0.060720,-0.028761
15.380279,993.826872,4.558991,-2.350121,-0.029480,0.630466,2.302159,0.028140,7.340098,-2.302159,-0.022780,1.351437,2.326140,0.037520,-0.027566,-0.792746,9.794402,0.014914,-0.078830,-0.031959
15.390555,993.845946,4.534447,-2.350121,-0.028140,0.655010,2.302159,0.028140,7.315554,-2.278178,-0.021440,1.374447,2.302159,0.041540,-0.058664,-0.970013,9.496276,-0.040479,-0.078830,-0.038350
15.400526,993.855363,4.509904,-2.350121,-0.028140,0.676486,2.302159,0.026800,7.291011,-2.278178,-0.021440,1.397456,2.302159,0.038860,-0.116150,-0.859847,9.685413,0.073503,-0.054329,-0.028761
15.410195,993.865024,4.488428,-2.350121,-0.028140,0.699495,2.302159,0.026800,7.268001,-2.302159,-0.022780,1.422000,2.302159,0.036180,-0.161669,-0.670612,9.835114,0.129962,-0.036219,-0.023436
15.420119,993.874707,4.466952,-2.350121,-0.028140,0.722505,2.302159,0.026800,7.246525,-2.302159,-0.022780,1.441942,2.302159,0.036180,-0.116150,-0.775971,9.990798,0.046871,-0.049002,-0.035154
15.430167,993.883919,4.443942,-2.350121,-0.028140,0.745515,2.302159,0.028140,7.221982,-2.302159,-0.022780,1.468020,2.302159,0.036180,-0.189235,-0.784408,9.823145,0.009587,-0.049002,-0.038350
15.440179,993.893557,4.420933,-2.350121,-0.029480,0.768524,2.302159,0.026800,7.200506,-2.302159,-0.022780,1.491029,2.302159,0.038860,-0.220333,-0.726921,9.777627,0.029828,-0.067111,-0.037284
15.450190,993.903339,4.396389,-2.326140,-0.029480,0.791534,2.302159,0.026800,7.175962,-2.302159,-0.021440,1.514039,2.302159,0.037520,-0.229946,-0.878976,9.632733,-0.034088,-0.069242,-0.036219
15.460162,993.912725,4.371845,-2.326140,-0.028140,0.816078,2.302159,0.026800,7.152952,-2.302159,-0.021440,1.537049,2.302159,0.037520,-0.161669,-0.937640,9.746529,-0.007456,-0.071373,-0.034088
15.470204,993.922241,4.350370,-2.326140,-0.028140,0.839087,2.302159,0.026800,7.129943,-2.302159,-0.022780,1.561592,2.302159,0.042880,-0.178444,-0.851410,9.641170,0.020241,-0.052198,-0.030892
15.480180,993.931939,4.325826,-2.326140,-0.028140,0.862097,2.302159,0.028140,7.106933,-2.302159,-0.022780,1.584602,2.326140,0.037520,-0.179621,-0.908896,9.545326,0.010653,-0.045806,-0.030892
15.490248,993.941206,4.302816,-2.326140,-0.026800,0.885107,2.326140,0.028140,7.083923,-2.302159,-0.022780,1.607612,2.326140,0.040200,-0.200026,-0.961576,9.445951,0.000000,-0.060720,-0.034088
15.500268,993.951028,4.279806,-2.326140,-0.028140,0.908117,2.326140,0.028140,7.060914,-2.302159,-0.022780,1.629088,2.326140,0.041540,-0.174814,-0.995126,9.717786,0.050068,-0.069242,-0.030892
15.510123,993.960473,4.256797,-2.326140,-0.026800,0.931126,2.326140,0.026800,7.039438,-2.302159,-0.022780,1.652097,2.326140,0.041540,-0.062294,-0.911349,9.945280,0.111853,-0.053264,-0.027697
15.520424,993.970162,4.232253,-2.326140,-0.028140,0.954136,2.326140,0.028140,7.013360,-2.302159,-0.022780,1.675107,2.326140,0.044220,-0.197573,-0.916058,10.054269,0.098004,-0.035154,-0.023436
15.530195,993.979671,4.210777,-2.326140,-0.026800,0.977146,2.326140,0.029480,6.990350,-2.302159,-0.022780,1.698117,2.326140,0.038860,-0.101828,-0.611948,9.569263,0.015978,-0.076698,-0.038350
15.540106,993.989237,4.187768,-2.326140,-0.026800,1.001689,2.326140,0.029480,6.968875,-2.302159,-0.022780,1.718058,2.326140,0.042880,-0.043066,-0.840619,9.486662,-0.109722,-0.082025,-0.050068
15.550180,993.998799,4.163224,-2.326140,-0.028140,1.024699,2.326140,0.026800,6.942797,-2.302159,-0.024120,1.744136,2.326140,0.038860,-0.215526,-0.977174,9.693850,0.045806,-0.078830,-0.012783
15.560196,994.008113,4.140214,-2.326140,-0.026800,1.046175,2.326140,0.028140,6.919787,-2.302159,-0.022780,1.767146,2.326140,0.037520,-0.097021,-0.671789,9.517760,0.029828,-0.078830,-0.049002
15.570203,994.017819,4.115670,-2.326140,-0.026800,1.069185,2.326140,0.025460,6.898312,-2.302159,-0.022780,1.790156,2.326140,0.040200,-0.150878,-0.734082,9.851889,0.061785,-0.079894,-0.046871
15.580473,994.027516,4.091127,-2.326140,-0.028140,1.093728,2.326140,0.025460,6.876836,-2.302159,-0.024120,1.814699,2.326140,0.036180,-0.207187,-1.004740,10.230359,0.076698,-0.055393,-0.037284
15.590580,994.036819,4.069651,-2.326140,-0.028140,1.118272,2.326140,0.026800,6.852292,-2.302159,-0.024120,1.836175,2.326140,0.038860,-0.108989,-0.489813,10.041124,0.141681,-0.038350,-0.031959
15.600428,994.046429,4.046641,-2.326140,-0.028140,1.141282,2.326140,0.028140,6.829282,-2.302159,-0.024120,1.860719,2.326140,0.037520,-0.170007,-0.649030,9.969314,0.023436,-0.060720,-0.037284
15.610196,994.065483,4.025166,-2.326140,-0.029480,1.164291,2.326140,0.028140,6.804739,-2.302159,-0.024120,1.883728,2.326140,0.037520,-0.108989,-0.872992,9.369335,-0.090548,-0.096939,-0.046871
15.620418,994.074927,4.000622,-2.326140,-0.028140,1.187301,2.326140,0.026800,6.781729,-2.278178,-0.024120,1.906738,2.326140,0.041540,-0.110166,-1.082534,9.401610,-0.036219,-0.062851,-0.035154
15.630144,994.084446,3.979146,-2.326140,-0.029480,1.210311,2.326140,0.026800,6.758719,-2.278178,-0.024120,1.926680,2.326140,0.038860,-0.204735,-0.999933,9.654315,0.094808,-0.035154,-0.027697
15.640205,994.094333,3.954602,-2.326140,-0.029480,1.231787,2.326140,0.026800,6.735710,-2.278178,-0.026800,1.952758,2.326140,0.042880,-0.184428,-0.814328,9.744175,0.124636,-0.025566,-0.029828
15.650253,994.103834,3.931593,-2.326140,-0.029480,1.254796,2.326140,0.026800,6.712700,-2.302159,-0.026800,1.975767,2.326140,0.042880,-0.181976,-1.065758,10.147660,0.086286,-0.039415,-0.024501
15.660183,994.113305,3.908583,-2.326140,-0.028140,1.279340,2.326140,0.028140,6.688156,-2.302159,-0.026800,1.998777,2.326140,0.041540,-0.103005,-0.701709,9.977653,0.074569,-0.058589,-0.027697
15.670340,994.122921,3.885573,-2.326140,-0.028140,1.302350,2.326140,0.028140,6.665147,-2.302159,-0.025460,2.021787,2.326140,0.045560,-0.130571,-0.698178,9.669913,-0.021305,-0.076698,-0.035154
15.680286,994.132218,3.859496,-2.326140,-0.030820,1.325359,2.326140,0.026800,6.642137,-2.302159,-0.026800,2.044796,2.302159,0.038860,-0.132926,-1.117261,9.673445,-0.123571,-0.090548,-0.042610
15.690174,994.141834,3.838020,-2.302159,-0.029480,1.348369,2.326140,0.026800,6.617593,-2.302159,-0.026800,2.067806,2.302159,0.042880,-0.138910,-0.925672,9.562101,0.010653,-0.074569,-0.044742
15.700170,994.151612,3.815010,-2.302159,-0.029480,1.371379,2.326140,0.025460,6.593049,-2.326140,-0.025460,2.092350,2.302159,0.040200,-0.097021,-0.923317,9.637540,0.054329,-0.049002,-0.040479
15.710170,994.161032,3.792001,-2.302159,-0.029480,1.394389,2.326140,0.025460,6.570040,-2.326140,-0.026800,2.115360,2.302159,0.036180,-0.179621,-0.849056,9.607620,0.060720,-0.053264,-0.046871
15.721504,994.170517,3.764389,-2.302159,-0.029480,1.422000,2.326140,0.025460,6.542428,-2.326140,-0.028140,2.142971,2.302159,0.036180,-0.080246,-0.864555,9.730931,0.045806,-0.061785,-0.051133
15.730636,994.180219,3.744447,-2.302159,-0.030820,1.443476,2.326140,0.024120,6.522486,-2.326140,-0.028140,2.162913,2.302159,0.037520,-0.175991,-0.803537,9.792048,0.098004,-0.046871,-0.025566
15.740105,994.189610,3.722971,-2.302159,-0.030820,1.464952,2.326140,0.024120,6.502545,-2.326140,-0.028140,2.184389,2.326140,0.037520,-0.098198,-1.053790,10.223099,0.054329,-0.033023,-0.025566
15.750559,994.199288,3.698428,-2.302159,-0.032160,1.489495,2.326140,0.022780,6.478001,-2.326140,-0.029480,2.210466,2.326140,0.040200,-0.142539,-0.705339,10.035140,0.113984,-0.024501,-0.029828
15.760194,994.208912,3.675418,-2.326140,-0.034840,1.512505,2.326140,0.022780,6.453457,-2.326140,-0.032160,2.231942,2.326140,0.038860,-0.147248,-0.549654,9.927328,0.068176,-0.045806,-0.036219
15.770511,994.218500,3.650874,-2.326140,-0.033500,1.537049,2.326140,0.024120,6.430447,-2.326140,-0.032160,2.256486,2.326140,0.037520,-0.064648,-0.779601,9.752513,-0.060720,-0.080961,-0.047937
15.780486,994.227836,3.626331,-2.326140,-0.034840,1.560058,2.350121,0.022780,6.405904,-2.326140,-0.030820,2.281029,2.326140,0.040200,0.020405,-0.706516,9.334607,-0.085221,-0.096939,-0.058589
15.790540,994.237578,3.603321,-2.326140,-0.034840,1.584602,2.350121,0.022780,6.382894,-2.326140,-0.030820,2.304039,2.326140,0.040200,-0.108989,-1.146004,9.536988,-0.056460,-0.067111,-0.057524
15.800592,994.247161,3.580311,-2.326140,-0.034840,1.609146,2.374102,0.021440,6.359884,-2.326140,-0.032160,2.328583,2.350121,0.038860,-0.223962,-0.704162,9.299880,0.087352,-0.029828,-0.037284
15.810609,994.256615,3.555767,-2.326140,-0.034840,1.632156,2.374102,0.020100,6.335341,-2.326140,-0.033500,2.351593,2.350121,0.042880,-0.221510,-1.135213,9.845905,0.060720,-0.025566,-0.034088
15.820124,994.265926,3.534292,-2.326140,-0.034840,1.655165,2.374102,0.021440,6.313865,-2.326140,-0.033500,2.373068,2.350121,0.038860,-0.312547,-0.943624,9.677075,0.069242,-0.024501,-0.023436
15.830240,994.275488,3.511282,-2.326140,-0.034840,1.678175,2.398082,0.021440,6.289321,-2.350121,-0.030820,2.399146,2.350121,0.038860,-0.292240,-0.960399,9.751336,0.039415,-0.051133,-0.031959
15.840308,994.294695,3.485204,-2.326140,-0.033500,1.702719,2.398082,0.022780,6.264778,-2.350121,-0.029480,2.422156,2.350121,0.041540,-0.189235,-0.992772,9.802839,0.040479,-0.064980,-0.025566
15.850194,994.304352,3.462195,-2.350121,-0.033500,1.725728,2.398082,0.021440,6.238700,-2.350121,-0.029480,2.445165,2.350121,0.038860,-0.290965,-0.596350,9.487840,0.067111,-0.061785,-0.025566
15.860128,994.314030,3.437651,-2.350121,-0.032160,1.750272,2.398082,0.021440,6.215690,-2.374102,-0.029480,2.468175,2.350121,0.040200,-0.329322,-0.849056,9.612427,-0.014914,-0.071373,-0.029828
15.870134,994.323339,3.414641,-2.374102,-0.032160,1.773282,2.398082,0.020100,6.189612,-2.374102,-0.030820,2.492719,2.350121,0.045560,-0.376017,-0.839442,9.487840,-0.006391,-0.074569,-0.030892
15.880170,994.333010,3.390098,-2.374102,-0.032160,1.796292,2.398082,0.021440,6.165069,-2.374102,-0.029480,2.517262,2.350121,0.038860,-0.361695,-0.843071,9.479501,0.013849,-0.076698,-0.029828
15.890282,994.342655,3.362486,-2.398082,-0.030820,1.820835,2.398082,0.021440,6.140525,-2.398082,-0.029480,2.541806,2.350121,0.037520,-0.216703,-0.868185,9.619588,0.050068,-0.062851,-0.022370
15.900104,994.352051,3.339476,-2.398082,-0.030820,1.843845,2.398082,0.021440,6.117515,-2.398082,-0.026800,2.563282,2.350121,0.042880,-0.104182,-0.874169,10.115385,0.120375,-0.056460,-0.019174
15.910147,994.361459,3.314932,-2.398082,-0.030820,1.868389,2.398082,0.021440,6.092972,-2.398082,-0.026800,2.587826,2.350121,0.041540,-0.028743,-0.674241,10.106949,0.115049,-0.036219,-0.018110
15.920624,994.371048,3.290389,-2.398082,-0.030820,1.892932,2.374102,0.020100,6.066894,-2.398082,-0.028140,2.615437,2.374102,0.044220,-0.001177,-0.605964,9.890246,0.049002,-0.053264,-0.027697
15.930202,994.380633,3.267379,-2.398082,-0.030820,1.915942,2.374102,0.020100,6.043884,-2.398082,-0.026800,2.638447,2.374102,0.045560,-0.010791,-0.840619,9.780080,-0.034088,-0.068176,-0.036219
15.940223,994.390143,3.242835,-2.398082,-0.029480,1.938952,2.374102,0.020100,6.017807,-2.398082,-0.026800,2.661457,2.374102,0.046900,-0.137732,-0.731630,9.720140,-0.003196,-0.088417,-0.038350
15.950264,994.399894,3.218292,-2.398082,-0.029480,1.963495,2.374102,0.020100,5.993263,-2.398082,-0.025460,2.684466,2.374102,0.041540,-0.046696,-1.058597,9.918989,-0.031959,-0.089483,-0.038350
15.960257,994.409553,3.195282,-2.398082,-0.029480,1.988039,2.374102,0.020100,5.970253,-2.398082,-0.025460,2.710544,2.350121,0.044220,-0.029921,-0.995126,9.841098,0.020241,-0.074569,-0.037284
15.970128,994.418695,3.169204,-2.398082,-0.029480,2.012583,2.374102,0.020100,5.947244,-2.398082,-0.025460,2.732020,2.350121,0.048240,-0.063471,-0.774794,9.653138,0.045806,-0.067111,-0.034088
15.980564,994.428380,3.144661,-2.398082,-0.029480,2.035593,2.374102,0.020100,5.921166,-2.398082,-0.026800,2.758097,2.350121,0.044220,-0.117328,-0.820312,9.454388,-0.018110,-0.077765,-0.024501
15.990344,994.437837,3.120117,-2.398082,-0.030820,2.058602,2.374102,0.020100,5.896622,-2.398082,-0.026800,2.782641,2.350121,0.042880,-0.038357,-1.076549,9.399255,-0.098004,-0.080961,-0.028761
16.000452,994.447364,3.097107,-2.398082,-0.029480,2.083146,2.374102,0.020100,5.873612,-2.398082,-0.026800,2.805651,2.350121,0.042880,-0.183251,-0.859847,9.286735,0.017045,-0.071373,-0.036219
16.010484,994.457145,3.072564,-2.398082,-0.029480,2.107690,2.374102,0.018760,5.849069,-2.398082,-0.028140,2.828661,2.350121,0.042880,-0.255060,-0.983158,9.714156,0.082025,-0.038350,-0.028761
16.020175,994.466715,3.049554,-2.398082,-0.029480,2.130699,2.374102,0.017420,5.824525,-2.398082,-0.028140,2.851670,2.350121,0.038860,-0.235930,-0.663450,9.783611,0.135289,-0.020241,-0.027697
16.030176,994.476138,3.025010,-2.398082,-0.029480,2.153709,2.374102,0.017420,5.799981,-2.398082,-0.028140,2.876214,2.374102,0.041540,-0.256237,-0.810698,9.887793,0.046871,-0.051133,-0.037284
16.040513,994.485930,3.000466,-2.398082,-0.028140,2.178253,2.374102,0.016080,5.776972,-2.398082,-0.026800,2.902292,2.374102,0.042880,-0.275465,-1.032208,9.962055,-0.009587,-0.064980,-0.041546
16.050165,994.505012,2.975923,-2.398082,-0.028140,2.201262,2.374102,0.016080,5.752428,-2.398082,-0.026800,2.925301,2.374102,0.037520,-0.160492,-0.804714,9.760950,-0.001065,-0.087352,-0.037284
16.060513,994.514462,2.949845,-2.398082,-0.029480,2.225806,2.374102,0.016080,5.727884,-2.398082,-0.026800,2.949845,2.398082,0.037520,-0.131748,-0.857394,9.576522,-0.041546,-0.102266,-0.024501
16.070229,994.524087,2.928369,-2.398082,-0.028140,2.250350,2.374102,0.017420,5.703341,-2.398082,-0.025460,2.972855,2.398082,0.042880,-0.270658,-0.858571,9.453112,-0.047937,-0.095874,-0.040479
16.080270,994.533416,2.903826,-2.398082,-0.029480,2.273360,2.374102,0.017420,5.680331,-2.398082,-0.025460,2.998932,2.398082,0.044220,-0.264674,-0.801183,9.697479,0.067111,-0.064980,-0.030892
16.090120,994.543159,2.879282,-2.398082,-0.029480,2.297903,2.374102,0.017420,5.655787,-2.398082,-0.025460,3.021942,2.398082,0.044220,-0.180798,-0.765180,10.050737,0.128898,-0.050068,-0.026632
16.100135,994.552516,2.854738,-2.398082,-0.030820,2.320913,2.374102,0.018760,5.631243,-2.398082,-0.026800,3.044952,2.398082,0.045560,-0.292240,-0.608318,9.883085,0.064980,-0.047937,-0.033023
16.110123,994.562151,2.830195,-2.398082,-0.030820,2.343923,2.374102,0.018760,5.608234,-2.398082,-0.026800,3.071030,2.398082,0.046900,-0.185605,-0.918510,10.024349,-0.001065,-0.071373,-0.038350
16.120553,994.571839,2.805651,-2.398082,-0.030820,2.368466,2.374102,0.018760,5.583690,-2.398082,-0.026800,3.094039,2.398082,0.044220,-0.056309,-0.838265,9.820791,0.003196,-0.084156,-0.034088
16.130152,994.581224,2.782641,-2.398082,-0.030820,2.391476,2.374102,0.020100,5.559146,-2.398082,-0.028140,3.118583,2.398082,0.044220,-0.083777,-0.626270,9.431628,-0.003196,-0.088417,-0.035154
16.140135,994.590731,2.756563,-2.398082,-0.030820,2.417554,2.374102,0.020100,5.534603,-2.398082,-0.030820,3.141593,2.398082,0.048240,-0.087407,-0.972367,9.445951,-0.075634,-0.090548,-0.039415
16.150526,994.600387,2.730486,-2.398082,-0.032160,2.442097,2.374102,0.020100,5.510059,-2.398082,-0.030820,3.167670,2.398082,0.049580,-0.026389,-0.960399,9.388464,-0.040479,-0.087352,-0.038350
16.160082,994.609763,2.707476,-2.398082,-0.032160,2.466641,2.374102,0.021440,5.487049,-2.398082,-0.032160,3.190680,2.398082,0.045560,-0.059841,-1.052613,9.504615,0.021305,-0.070307,-0.034088
16.170568,994.619463,2.684466,-2.422063,-0.032160,2.489651,2.374102,0.021440,5.460972,-2.398082,-0.032160,3.216758,2.398082,0.045560,-0.165299,-1.013079,9.507067,0.055393,-0.043675,-0.031959
16.180378,994.629085,2.658389,-2.422063,-0.032160,2.514195,2.398082,0.022780,5.436428,-2.398082,-0.032160,3.239767,2.422063,0.048240,-0.160492,-1.190345,9.999235,0.094808,-0.028761,-0.029828
16.190134,994.638369,2.635379,-2.422063,-0.032160,2.540272,2.398082,0.021440,5.413418,-2.398082,-0.032160,3.264311,2.422063,0.046900,-0.008339,-0.919687,9.978830,0.170442,-0.026632,-0.025566
16.200153,994.648013,2.610835,-2.446044,-0.032160,2.563282,2.422063,0.021440,5.390408,-2.398082,-0.030820,3.287321,2.422063,0.045560,-0.099375,-0.856217,10.016010,0.041546,-0.079894,-0.030892
16.210323,994.657718,2.584758,-2.446044,-0.032160,2.589360,2.422063,0.020100,5.362797,-2.422063,-0.029480,3.314932,2.422063,0.048240,-0.029921,-1.268139,9.805193,-0.113984,-0.094808,-0.022370
16.220098,994.667330,2.561748,-2.446044,-0.032160,2.613903,2.422063,0.020100,5.338253,-2.422063,-0.028140,3.337942,2.422063,0.049580,0.070632,-1.096954,9.444774,-0.067111,-0.095874,-0.034088
16.230137,994.676636,2.535670,-2.446044,-0.032160,2.638447,2.422063,0.020100,5.313709,-2.446044,-0.028140,3.362486,2.422063,0.045560,-0.168830,-1.070565,9.357367,-0.005327,-0.087352,-0.037284
16.240114,994.686338,2.511127,-2.446044,-0.032160,2.664525,2.422063,0.018760,5.289166,-2.446044,-0.026800,3.387030,2.446044,0.044220,-0.198751,-0.966383,9.369335,0.023436,-0.064980,-0.034088
16.250637,994.705548,2.483515,-2.470025,-0.032160,2.690602,2.446044,0.018760,5.261554,-2.446044,-0.025460,3.411573,2.446044,0.042880,-0.250253,-0.729275,9.924973,0.190682,-0.031959,-0.022370
16.260148,994.714806,2.457437,-2.494006,-0.032160,2.713612,2.446044,0.018760,5.237010,-2.470025,-0.026800,3.436117,2.446044,0.045560,-0.203558,-0.632254,9.983637,0.127831,-0.056460,-0.021305
16.270123,994.724437,2.431360,-2.517987,-0.032160,2.739690,2.446044,0.020100,5.212467,-2.470025,-0.026800,3.460661,2.470025,0.046900,-0.029921,-0.895751,9.637540,-0.089483,-0.089483,-0.035154
16.280179,994.733957,2.405282,-2.541967,-0.030820,2.764233,2.470025,0.020100,5.186389,-2.494006,-0.024120,3.486738,2.470025,0.044220,-0.220333,-1.077727,9.491469,-0.101199,-0.107593,-0.023436
16.290097,994.743753,2.379204,-2.565948,-0.030820,2.790311,2.470025,0.018760,5.160311,-2.494006,-0.025460,3.512816,2.494006,0.038860,-0.146071,-0.993949,9.534535,-0.019174,-0.079894,-0.022370
16.300444,994.753132,2.350059,-2.589929,-0.029480,2.816389,2.494006,0.018760,5.132700,-2.517987,-0.026800,3.538894,2.494006,0.038860,-0.160492,-0.856217,9.513051,0.087352,-0.057524,-0.024501
16.310196,994.762492,2.327049,-2.589929,-0.029480,2.842466,2.494006,0.017420,5.108156,-2.517987,-0.026800,3.563437,2.494006,0.041540,-0.188058,-0.926849,9.595652,0.040479,-0.059655,-0.033023
16.320181,994.772294,2.304039,-2.613910,-0.029480,2.867010,2.494006,0.017420,5.082078,-2.541967,-0.025460,3.589515,2.517987,0.042880,-0.268205,-1.040645,9.871116,0.068176,-0.053264,-0.030892
16.330158,994.781827,2.277961,-2.589929,-0.029480,2.893088,2.494006,0.017420,5.057535,-2.541967,-0.025460,3.614059,2.517987,0.042880,-0.013145,-0.500604,9.862680,0.187487,-0.050068,-0.028761
16.340129,994.791491,2.253418,-2.589929,-0.029480,2.917631,2.517987,0.017420,5.032991,-2.541967,-0.028140,3.640136,2.517987,0.044220,-0.160492,-0.564075,9.806370,0.072438,-0.066047,-0.034088
16.350165,994.801056,2.228874,-2.565948,-0.030820,2.943709,2.517987,0.017420,5.006913,-2.541967,-0.026800,3.666214,2.541967,0.042880,0.118505,-0.704162,9.712979,-0.050068,-0.084156,-0.042610
16.360299,994.810316,2.202796,-2.541967,-0.030820,2.969787,2.541967,0.016080,4.980836,-2.541967,-0.028140,3.692292,2.541967,0.042880,-0.095844,-0.678950,9.596829,0.003196,-0.072438,-0.037284
16.370562,994.820120,2.176719,-2.517987,-0.032160,2.995864,2.541967,0.014740,4.953224,-2.541967,-0.029480,3.718369,2.541967,0.042880,-0.153330,-0.658643,9.810000,0.043675,-0.050068,-0.037284
16.380159,994.829357,2.152175,-2.517987,-0.032160,3.020408,2.541967,0.014740,4.930214,-2.541967,-0.030820,3.744447,2.565948,0.038860,-0.208364,-0.904090,10.044753,0.043675,-0.041546,-0.035154
16.390157,994.839106,2.127631,-2.494006,-0.032160,3.048020,2.541967,0.014740,4.904137,-2.541967,-0.030820,3.770525,2.565948,0.037520,-0.287433,-0.769987,10.038769,0.058589,-0.041546,-0.033023
16.400134,994.848712,2.104622,-2.494006,-0.032160,3.074097,2.565948,0.016080,4.879593,-2.541967,-0.029480,3.793534,2.565948,0.040200,-0.162846,-0.567607,9.736916,0.044742,-0.068176,-0.037284
16.410139,994.858333,2.078544,-2.517987,-0.032160,3.100175,2.565948,0.017420,4.855049,-2.541967,-0.028140,3.821146,2.565948,0.042880,-0.155685,-0.769987,9.551310,-0.056460,-0.096939,-0.039415
16.420164,994.867735,2.052466,-2.517987,-0.033500,3.124719,2.565948,0.016080,4.832039,-2.541967,-0.030820,3.845690,2.589929,0.042880,-0.171283,-0.714953,9.419660,-0.036219,-0.096939,-0.040479
16.430094,994.877089,2.026389,-2.517987,-0.033500,3.150797,2.565948,0.017420,4.807496,-2.517987,-0.029480,3.871768,2.589929,0.042880,-0.017952,-0.829828,9.481855,-0.019174,-0.070307,-0.033023
16.440391,994.886842,2.000311,-2.517987,-0.033500,3.176874,2.565948,0.016080,4.781418,-2.517987,-0.029480,3.900913,2.589929,0.041540,-0.232301,-1.065758,9.654315,0.030892,-0.040479,-0.021305
16.450113,994.896505,1.975767,-2.517987,-0.033500,3.202952,2.565948,0.017420,4.756874,-2.517987,-0.029480,3.925457,2.589929,0.042880,-0.101828,-0.931656,9.831582,0.070307,-0.047937,-0.040479
16.460554,994.915491,1.949690,-2.541967,-0.033500,3.230564,2.589929,0.017420,4.729263,-2.517987,-0.030820,3.953068,2.589929,0.044220,-0.168830,-1.032208,9.889069,0.041546,-0.056460,-0.045806
16.470130,994.925035,1.925146,-2.541967,-0.034840,3.258175,2.589929,0.017420,4.704719,-2.517987,-0.032160,3.976078,2.589929,0.042880,0.038357,-0.883783,9.839920,0.071373,-0.071373,-0.042610
16.480157,994.934480,1.903670,-2.541967,-0.037520,3.284253,2.589929,0.017420,4.678641,-2.517987,-0.032160,4.002156,2.589929,0.041540,-0.003630,-0.886137,9.821968,0.029828,-0.074569,-0.040479
16.490124,994.944247,1.877592,-2.517987,-0.037520,3.308797,2.589929,0.016080,4.651030,-2.541967,-0.032160,4.028234,2.589929,0.040200,-0.053857,-0.877799,9.565731,-0.028761,-0.071373,-0.041546
16.500149,994.953548,1.851515,-2.517987,-0.037520,3.334874,2.589929,0.017420,4.624952,-2.565948,-0.032160,4.054311,2.589929,0.038860,-0.166476,-1.142473,9.748884,-0.018110,-0.056460,-0.034088
16.510228,994.963227,1.823903,-2.517987,-0.037520,3.362486,2.589929,0.017420,4.597340,-2.589929,-0.032160,4.080389,2.589929,0.040200,-0.253883,-0.967560,10.027978,0.112918,-0.030892,-0.021305
16.520156,994.972688,1.797825,-2.541967,-0.036180,3.388564,2.589929,0.017420,4.569729,-2.589929,-0.029480,4.106467,2.589929,0.044220,-0.136555,-0.817860,9.969314,0.102266,-0.033023,-0.022370
16.530193,994.982227,1.770214,-2.565948,-0.036180,3.414641,2.589929,0.018760,4.546719,-2.613910,-0.028140,4.132544,2.589929,0.046900,-0.262221,-1.070565,9.617234,-0.094808,-0.069242,-0.034088
16.540219,994.991828,1.744136,-2.589929,-0.034840,3.439185,2.589929,0.018760,4.519107,-2.637891,-0.028140,4.158622,2.589929,0.044220,-0.069455,-0.916058,9.353737,-0.076698,-0.109722,-0.035154
16.550462,995.001377,1.718058,-2.613910,-0.034840,3.465263,2.589929,0.018760,4.493030,-2.637891,-0.029480,4.184700,2.589929,0.042880,-0.040712,-0.783132,9.219634,-0.009587,-0.094808,-0.026632
16.560472,995.010841,1.693515,-2.637891,-0.033500,3.492874,2.589929,0.018760,4.465418,-2.637891,-0.026800,4.210777,2.589929,0.041540,-0.184428,-0.966383,9.501083,0.043675,-0.044742,-0.019174
16.570467,995.020557,1.667437,-2.637891,-0.033500,3.518952,2.589929,0.017420,4.437806,-2.637891,-0.029480,4.236855,2.589929,0.041540,-0.092214,-0.931656,9.830405,0.153399,-0.005327,-0.005327
16.580623,995.030147,1.641359,-2.637891,-0.033500,3.546564,2.589929,0.016080,4.411729,-2.637891,-0.029480,4.262933,2.589929,0.041540,-0.282626,-0.593996,9.768111,0.113984,-0.020241,-0.028761
16.590597,995.039557,1.616816,-2.613910,-0.033500,3.571107,2.589929,0.016080,4.385651,-2.637891,-0.029480,4.289010,2.589929,0.038860,-0.136555,-0.798730,9.634009,-0.023436,-0.060720,-0.046871
16.600594,995.049367,1.590738,-2.613910,-0.034840,3.595651,2.589929,0.014740,4.359573,-2.637891,-0.028140,4.315088,2.589929,0.036180,-0.209542,-1.140020,9.802839,-0.045806,-0.074569,-0.051133
16.610162,995.058621,1.566194,-2.589929,-0.034840,3.621729,2.589929,0.014740,4.335030,-2.637891,-0.029480,4.339632,2.589929,0.034840,-0.138910,-0.746051,10.055446,0.160855,-0.061785,-0.038350
16.620145,995.068090,1.540117,-2.589929,-0.034840,3.649340,2.589929,0.013400,4.308952,-2.637891,-0.028140,4.365709,2.589929,0.034840,0.003630,-0.590366,9.945280,0.109722,-0.056460,-0.037284
16.630182,995.077841,1.512505,-2.589929,-0.036180,3.675418,2.589929,0.012060,4.282874,-2.637891,-0.029480,4.393321,2.613910,0.034840,-0.167653,-0.865831,9.612427,-0.096939,-0.067111,-0.046871
16.640187,995.087477,1.484893,-2.589929,-0.036180,3.701496,2.613910,0.012060,4.256797,-2.613910,-0.029480,4.417865,2.613910,0.034840,-0.016775,-1.143650,9.806370,-0.037284,-0.063916,-0.036219
16.650235,995.096939,1.457282,-2.589929,-0.034840,3.729107,2.613910,0.012060,4.227651,-2.613910,-0.029480,4.447010,2.613910,0.032160,-0.332951,-0.638239,9.958523,0.180029,-0.028761,-0.014914
16.660288,995.106614,1.432738,-2.589929,-0.034840,3.755185,2.613910,0.012060,4.201573,-2.613910,-0.026800,4.471554,2.613910,0.034840,-0.322160,-0.610771,9.963330,0.088417,-0.050068,-0.022370
16.670305,995.116203,1.408194,-2.613910,-0.033500,3.782797,2.613910,0.012060,4.175496,-2.613910,-0.026800,4.497632,2.613910,0.034840,-0.156862,-0.826296,9.256716,-0.165115,-0.100135,-0.040479
16.680333,995.125573,1.382117,-2.613910,-0.033500,3.808874,2.613910,0.012060,4.149418,-2.613910,-0.026800,4.525243,2.613910,0.034840,-0.317354,-1.004740,9.131050,-0.176833,-0.153399,-0.046871
16.690358,995.144717,1.354505,-2.637891,-0.032160,3.834952,2.613910,0.012060,4.124874,-2.613910,-0.026800,4.549787,2.613910,0.034840,-0.201203,-0.803537,9.402885,0.102266,-0.057524,-0.019174
16.700403,995.154150,1.328427,-2.637891,-0.034840,3.861030,2.613910,0.013400,4.098797,-2.613910,-0.028140,4.577399,2.613910,0.034840,-0.225140,-0.937640,9.693850,0.106526,-0.004260,-0.017045
16.710427,995.163755,1.302350,-2.637891,-0.033500,3.885573,2.613910,0.012060,4.074253,-2.613910,-0.028140,4.603476,2.613910,0.034840,-0.140087,-0.737712,9.872294,0.166182,0.008522,-0.018110
16.720470,995.173515,1.276272,-2.613910,-0.033500,3.911651,2.613910,0.012060,4.048175,-2.589929,-0.028140,4.629554,2.613910,0.034840,-0.364049,-0.711323,10.096158,0.119309,0.001065,-0.023436
16.730468,995.182956,1.250194,-2.613910,-0.034840,3.937729,2.613910,0.013400,4.022098,-2.589929,-0.028140,4.655632,2.613910,0.034840,-0.132926,-0.928026,10.158451,0.042610,-0.030892,-0.031959
16.740299,995.192436,1.224117,-2.613910,-0.034840,3.963806,2.613910,0.012060,3.996020,-2.589929,-0.026800,4.678641,2.613910,0.037520,-0.269481,-0.682580,9.939296,0.037284,-0.082025,-0.039415
16.750570,995.201840,1.198039,-2.613910,-0.034840,3.989884,2.613910,0.012060,3.968408,-2.589929,-0.028140,4.707787,2.613910,0.036180,-0.073085,-1.005917,9.844727,-0.075634,-0.127831,-0.043675
16.760228,995.211617,1.173495,-2.589929,-0.036180,4.015962,2.613910,0.012060,3.943865,-2.589929,-0.026800,4.732331,2.613910,0.036180,0.044341,-0.875346,9.673445,-0.040479,-0.144876,-0.041546
16.770192,995.220926,1.148952,-2.589929,-0.034840,4.042039,2.613910,0.012060,3.916253,-2.589929,-0.028140,4.758408,2.613910,0.038860,-0.107812,-0.520911,9.606442,0.014914,-0.135289,-0.035154
16.780168,995.230613,1.121340,-2.565948,-0.036180,4.068117,2.613910,0.013400,3.891709,-2.589929,-0.029480,4.784486,2.613910,0.036180,-0.111344,-1.068211,9.889069,-0.043675,-0.096939,-0.022370
16.790168,995.240151,1.093728,-2.565948,-0.036180,4.095729,2.613910,0.013400,3.867166,-2.589929,-0.028140,4.810564,2.613910,0.036180,-0.213171,-0.914881,9.745352,0.024501,-0.052198,-0.028761
16.800212,995.249840,1.069185,-2.565948,-0.036180,4.121806,2.613910,0.014740,3.841088,-2.589929,-0.029480,4.836641,2.613910,0.036180,-0.189235,-0.677773,9.531004,0.074569,-0.044742,-0.030892
16.810205,995.259353,1.043107,-2.565948,-0.036180,4.147884,2.613910,0.016080,3.815010,-2.589929,-0.028140,4.862719,2.613910,0.036180,-0.134103,-0.970013,9.381303,-0.044742,-0.058589,-0.038350
16.820570,995.268943,1.017029,-2.565948,-0.036180,4.173962,2.613910,0.016080,3.787399,-2.589929,-0.028140,4.888797,2.613910,0.036180,-0.068278,-0.962753,9.366882,-0.010653,-0.066047,-0.040479
16.830321,995.278316,0.992486,-2.565948,0.010720,4.200039,2.613910,-0.034840,3.761321,-2.589929,0.008040,4.914874,2.589929,-0.013400,-0.019130,-0.938817,9.450758,0.079894,-0.042610,-0.029828
16.840607,995.287841,0.967942,-2.565948,0.001340,4.223049,2.613910,-0.025460,3.738311,-2.589929,0.013400,4.937884,2.589929,-0.001340,-0.222785,-0.758019,9.674720,0.143810,-0.024501,-0.020241
16.850529,995.297516,0.946466,-2.541967,0.008040,4.242991,2.565948,-0.025460,3.715301,-2.565948,0.012060,4.957826,2.541967,-0.005360,-0.170007,-1.090970,10.135692,0.098004,-0.028761,-0.024501
16.860549,995.307202,0.928058,-2.494006,0.014740,4.261399,2.494006,-0.025460,3.695360,-2.517987,0.013400,4.976234,2.470025,-0.009380,-0.324515,-0.687387,10.045930,0.093743,-0.041546,-0.027697
16.870133,995.316710,0.912719,-2.398082,0.016080,4.275204,2.398082,-0.026800,3.678486,-2.446044,0.014740,4.991573,2.374102,-0.009380,-0.474215,-0.544847,10.303345,0.137418,-0.043675,-0.023436
16.880155,995.326148,0.898913,-2.278178,0.016080,4.290544,2.278178,-0.026800,3.663146,-2.326140,0.018760,5.005379,2.254197,-0.013400,-0.440665,-0.050325,10.011203,0.125700,-0.052198,-0.017045
16.890569,995.345120,0.886641,-2.086332,0.013400,4.305884,2.134293,-0.026800,3.650874,-2.182255,0.020100,5.017651,2.086332,-0.013400,-0.610771,0.676596,9.552487,0.054329,-0.096939,-0.007456
16.900101,995.354899,0.877437,-1.918466,0.012060,4.315088,1.942447,-0.026800,3.640136,-2.014389,0.024120,5.029923,1.918466,-0.016080,-0.694548,0.722114,9.535811,-0.013849,-0.101199,-0.017045
16.910127,995.364497,0.868233,-1.702638,0.009380,4.325826,1.774581,-0.026800,3.632467,-1.822543,0.025460,5.039127,1.726619,-0.017420,-0.705339,0.666982,9.637540,0.071373,-0.043675,-0.040479
16.920250,995.373975,0.860563,-1.510792,0.006700,4.333496,1.582734,-0.026800,3.623263,-1.606715,0.024120,5.048331,1.558754,-0.017420,-0.720937,0.735260,9.812354,0.125700,-0.008522,-0.025566
16.930277,995.383244,0.854427,-1.318945,0.005360,4.339632,1.414869,-0.025460,3.617127,-1.414869,0.022780,5.056001,1.366907,-0.014740,-0.775971,0.577220,10.303345,0.173638,0.006391,-0.001065
16.940287,995.392974,0.848291,-1.151080,0.002680,4.347302,1.247003,-0.024120,3.610991,-1.199041,0.021440,5.062137,1.223022,-0.013400,-0.798730,0.983158,9.777627,0.152332,-0.030892,0.009587
16.950367,995.402388,0.845223,-0.983214,0.000000,4.350370,1.079137,-0.022780,3.604855,-1.031175,0.021440,5.068273,1.079137,-0.010720,-0.669434,1.157972,9.998058,-0.022370,-0.099070,-0.043675
16.960483,995.411989,0.840621,-0.839329,0.000000,4.356505,0.935252,-0.020100,3.601787,-0.887290,0.020100,5.072874,0.935252,-0.008040,-0.682580,0.519734,9.790871,-0.105462,-0.075634,-0.044742
16.970527,995.421660,0.837554,-0.719425,0.000000,4.359573,0.791367,-0.018760,3.597185,-0.767386,0.017420,5.075942,0.815348,-0.004020,-0.554461,0.499329,9.758498,0.025566,-0.057524,-0.035154
16.980607,995.431341,0.836020,-0.623501,0.000000,4.362641,0.671463,-0.014740,3.594117,-0.671463,0.014740,5.079010,0.719425,0.000000,-0.525718,0.490990,9.671090,0.045806,-0.059655,-0.037284
16.990160,995.440879,0.836020,-0.503597,0.000000,4.364175,0.575540,-0.012060,3.592583,-0.575540,0.012060,5.082078,0.623501,0.000000,-0.483829,-0.128119,9.613604,-0.102266,-0.075634,-0.050068
17.000182,995.450073,0.836020,-0.407674,-0.002680,4.365709,0.479616,-0.009380,3.591049,-0.479616,0.009380,5.083612,0.527578,0.006700,-0.396422,-0.462247,9.551310,-0.084156,-0.084156,-0.057524
17.010207,995.459841,0.834486,-0.311751,-0.005360,4.367243,0.407674,-0.006700,3.589515,-0.407674,0.006700,5.085146,0.431655,0.010720,-0.330499,-0.680225,9.572892,-0.018110,-0.074569,-0.046871
17.020258,995.469276,0.832952,-0.239808,-0.010720,4.367243,0.335732,-0.004020,3.587981,-0.335732,0.002680,5.085146,0.359712,0.017420,-0.287433,-0.880153,9.869841,0.057524,-0.070307,-0.041546
17.030312,995.479101,0.832952,-0.167866,-0.013400,4.367243,0.263789,0.000000,3.589515,-0.263789,0.000000,5.085146,0.263789,0.024120,-0.166476,-0.905365,9.699834,-0.020241,-0.101199,-0.041546
17.040346,995.488465,0.831418,-0.143885,-0.016080,4.367243,0.191847,0.000000,3.589515,-0.191847,0.000000,5.085146,0.215827,0.024120,-0.043066,-1.407048,9.702188,-0.120375,-0.098004,-0.043675
17.050392,995.498162,0.831418,-0.095923,-0.018760,4.367243,0.143885,0.000000,3.589515,-0.143885,0.000000,5.085146,0.143885,0.022780,0.011968,-1.399887,9.655492,-0.005327,-0.076698,-0.031959
17.060438,995.507638,0.829884,-0.095923,-0.018760,4.365709,0.095923,0.000000,3.589515,-0.071942,-0.001340,5.085146,0.095923,0.022780,0.098198,-1.233411,9.804016,0.091612,-0.064980,-0.022370
17.070481,995.517159,0.829884,-0.095923,-0.020100,4.367243,0.047962,0.000000,3.591049,-0.047962,-0.002680,5.085146,0.071942,0.022780,0.073085,-1.253816,9.832759,0.049002,-0.066047,-0.028761
17.080138,995.526736,0.829884,-0.071942,-0.020100,4.367243,0.023981,0.000000,3.591049,0.000000,-0.004020,5.085146,0.023981,0.022780,0.119780,-1.367514,9.784886,-0.012783,-0.082025,-0.040479
17.090165,995.536205,0.829884,-0.071942,-0.018760,4.367243,0.000000,0.001340,3.591049,0.000000,-0.004020,5.085146,0.000000,0.022780,0.175991,-1.402241,9.777627,-0.017045,-0.093743,-0.050068
17.100207,995.545650,0.828350,-0.047962,-0.018760,4.367243,0.000000,0.001340,3.591049,0.000000,-0.004020,5.085146,0.000000,0.022780,0.189235,-1.264607,9.768111,0.029828,-0.077765,-0.051133
17.110146,995.564659,0.828350,-0.047962,-0.018760,4.367243,0.000000,0.001340,3.591049,0.000000,-0.002680,5.085146,0.000000,0.022780,-0.002354,-1.316110,9.789595,0.034088,-0.050068,-0.040479
17.120603,995.574616,0.828350,-0.047962,-0.017420,4.368777,0.000000,0.000000,3.589515,0.000000,0.000000,5.085146,0.000000,0.022780,-0.069455,-1.082534,9.788418,0.054329,-0.062851,-0.033023
17.130212,995.583841,0.826816,-0.047962,-0.014740,4.368777,0.000000,0.000000,3.587981,0.000000,0.000000,5.085146,0.000000,0.022780,-0.141264,-1.058597,9.751336,0.017045,-0.067111,-0.031959
17.140264,995.593701,0.826816,-0.047962,-0.013400,4.368777,0.023981,0.000000,3.584913,-0.023981,0.000000,5.085146,0.000000,0.022780,-0.168830,-1.020240,9.578876,-0.017045,-0.078830,-0.036219
17.150464,995.603146,0.826816,-0.047962,-0.009380,4.368777,0.023981,0.000000,3.581845,-0.047962,0.000000,5.085146,0.000000,0.022780,-0.217978,-0.918510,9.557294,0.009587,-0.072438,-0.028761
17.160648,995.612491,0.825282,-0.023981,-0.006700,4.368777,0.023981,0.000000,3.581845,-0.095923,0.001340,5.085146,0.000000,0.022780,-0.261044,-0.807167,9.671090,0.069242,-0.059655,-0.020241
17.170426,995.622313,0.825282,-0.023981,-0.001340,4.370311,0.023981,0.000000,3.581845,-0.095923,0.000000,5.085146,0.000000,0.022780,-0.299401,-0.566429,9.709448,0.086286,-0.046871,-0.017045
17.180489,995.631652,0.823748,-0.023981,0.000000,4.371845,0.047962,-0.001340,3.581845,-0.119904,0.000000,5.085146,0.000000,0.022780,-0.328145,-0.444295,9.775273,0.086286,-0.041546,-0.017045
17.190578,995.641069,0.822214,-0.023981,0.000000,4.371845,0.047962,-0.002680,3.581845,-0.119904,0.000000,5.085146,0.000000,0.022780,-0.329322,-0.222785,9.631556,0.069242,-0.053264,-0.025566
17.200116,995.650699,0.822214,-0.047962,0.000000,4.373379,0.071942,-0.005360,3.581845,-0.095923,0.000000,5.085146,0.000000,0.022780,-0.319708,-0.293417,9.574070,0.008522,-0.059655,-0.035154
17.210146,995.660524,0.822214,-0.047962,0.000000,4.373379,0.071942,-0.004020,3.580311,-0.071942,0.000000,5.085146,0.000000,0.022780,-0.335306,-0.305385,9.661477,0.036219,-0.057524,-0.038350
17.220111,995.670051,0.820680,-0.047962,0.000000,4.373379,0.071942,-0.004020,3.580311,-0.047962,0.000000,5.085146,0.000000,0.022780,-0.302933,-0.129296,9.763304,0.100135,-0.050068,-0.037284
17.230264,995.679437,0.820680,-0.047962,-0.001340,4.373379,0.071942,-0.002680,3.580311,-0.023981,0.000000,5.085146,0.000000,0.022780,-0.268205,-0.307740,9.861503,0.047937,-0.056460,-0.040479
17.240192,995.689033,0.820680,-0.047962,-0.005360,4.373379,0.047962,-0.002680,3.580311,-0.023981,-0.001340,5.085146,0.000000,0.022780,-0.276642,-0.462247,9.748884,-0.015978,-0.067111,-0.044742
17.250240,995.698398,0.820680,-0.047962,-0.008040,4.371845,0.023981,-0.002680,3.580311,-0.023981,-0.002680,5.085146,0.000000,0.022780,-0.232301,-0.595173,9.728577,-0.011718,-0.076698,-0.040479
17.260349,995.707993,0.820680,-0.047962,-0.008040,4.371845,0.000000,-0.002680,3.580311,-0.023981,-0.004020,5.085146,0.000000,0.022780,-0.201203,-0.689741,9.679429,0.006391,-0.073503,-0.034088
17.270363,995.717561,0.820680,-0.023981,-0.008040,4.370311,0.000000,-0.002680,3.581845,0.000000,-0.004020,5.085146,0.000000,0.024120,-0.147248,-0.905365,9.698657,-0.010653,-0.071373,-0.028761
17.280419,995.727135,0.820680,-0.023981,-0.008040,4.370311,-0.023981,-0.002680,3.581845,0.000000,-0.004020,5.085146,0.000000,0.024120,-0.083777,-1.007095,9.717786,-0.004260,-0.071373,-0.025566
17.290454,995.736918,0.820680,0.000000,-0.008040,4.370311,-0.023981,-0.001340,3.583379,0.000000,-0.004020,5.085146,0.000000,0.024120,-0.049050,-1.129229,9.774095,0.011718,-0.063916,-0.023436
17.300496,995.746348,0.820680,0.000000,-0.008040,4.370311,-0.023981,0.000000,3.583379,0.023981,-0.004020,5.085146,0.000000,0.024120,-0.010791,-1.227427,9.795677,0.022370,-0.057524,-0.026632
17.310547,995.765418,0.820680,0.000000,-0.008040,4.368777,-0.023981,0.000000,3.584913,0.023981,-0.004020,5.085146,0.000000,0.024120,0.037082,-1.326803,9.756143,0.011718,-0.069242,-0.042610
17.320629,995.775088,0.820680,0.000000,-0.008040,4.368777,-0.023981,0.000000,3.584913,0.047962,-0.004020,5.085146,0.000000,0.024120,0.023936,-1.307673,9.673445,0.008522,-0.080961,-0.046871
17.330094,995.784367,0.820680,0.000000,-0.008040,4.370311,-0.023981,0.000000,3.584913,0.047962,-0.004020,5.085146,0.000000,0.024120,0.057487,-1.349562,9.720140,0.002131,-0.086286,-0.051133
17.340144,995.793875,0.820680,0.000000,-0.008040,4.370311,-0.023981,0.000000,3.584913,0.047962,-0.004020,5.085146,0.000000,0.024120,0.015598,-1.320818,9.632733,0.009587,-0.068176,-0.050068
17.350198,995.803776,0.820680,0.000000,-0.008040,4.370311,0.000000,0.000000,3.583379,0.047962,-0.004020,5.085146,0.000000,0.024120,-0.047873,-1.205845,9.671090,0.068176,-0.055393,-0.042610
17.360353,995.813227,0.820680,0.000000,-0.008040,4.370311,0.000000,0.000000,3.581845,0.023981,-0.004020,5.085146,0.000000,0.024120,-0.106537,-0.979529,9.686688,0.084156,-0.054329,-0.034088
17.370309,995.822650,0.820680,0.000000,-0.008040,4.370311,0.000000,0.000000,3.581845,0.000000,-0.004020,5.085146,0.000000,0.024120,-0.112521,-0.896928,9.669913,0.043675,-0.057524,-0.031959
17.380352,995.832227,0.820680,0.000000,-0.008040,4.370311,0.000000,0.000000,3.580311,0.000000,-0.004020,5.085146,0.000000,0.024120,-0.154508,-0.826296,9.672268,0.043675,-0.052198,-0.024501
17.390364,995.841638,0.820680,0.000000,-0.008040,4.370311,0.000000,0.000000,3.580311,-0.023981,-0.004020,5.085146,0.000000,0.024120,-0.198751,-0.615479,9.739368,0.086286,-0.044742,-0.015978
17.400420,995.851516,0.820680,0.000000,-0.006700,4.370311,0.000000,0.000000,3.580311,-0.047962,-0.002680,5.085146,0.000000,0.024120,-0.237108,-0.409568,9.820791,0.104395,-0.034088,-0.012783
17.410440,995.860843,0.820680,0.000000,-0.004020,4.371845,0.000000,-0.002680,3.580311,-0.047962,-0.002680,5.085146,0.000000,0.024120,-0.293417,-0.258690,9.746529,0.072438,-0.036219,-0.018110
17.420478,995.870638,0.820680,0.000000,-0.004020,4.371845,0.000000,-0.002680,3.580311,-0.047962,-0.002680,5.085146,0.000000,0.024120,-0.316176,-0.275465,9.685413,0.031959,-0.046871,-0.027697
17.430527,995.879998,0.820680,0.000000,-0.002680,4.373379,0.023981,-0.002680,3.580311,-0.023981,-0.002680,5.085146,0.000000,0.024120,-0.329322,-0.280174,9.630379,0.008522,-0.064980,-0.040479
17.440590,995.889688,0.820680,0.000000,-0.002680,4.373379,0.023981,-0.002680,3.580311,-0.023981,-0.002680,5.085146,0.000000,0.024120,-0.313724,-0.470586,9.721416,0.000000,-0.064980,-0.045806
17.450127,995.899035,0.819146,0.000000,-0.004020,4.371845,0.023981,-0.002680,3.580311,0.000000,-0.002680,5.085146,0.000000,0.024120,-0.302933,-0.534056,9.756143,0.028761,-0.057524,-0.046871
17.460265,995.908713,0.819146,0.000000,-0.006700,4.373379,0.023981,-0.002680,3.580311,0.000000,-0.004020,5.085146,0.000000,0.024120,-0.293417,-0.646675,9.776450,0.025566,-0.056460,-0.044742
17.470373,995.918089,0.819146,0.000000,-0.006700,4.370311,0.023981,-0.002680,3.580311,0.000000,-0.004020,5.085146,0.000000,0.024120,-0.263497,-0.705339,9.683059,0.003196,-0.064980,-0.044742
17.480320,995.927663,0.819146,0.000000,-0.006700,4.370311,0.000000,-0.002680,3.580311,0.000000,-0.004020,5.085146,0.000000,0.024120,-0.206010,-0.895751,9.618411,-0.023436,-0.075634,-0.040479
17.490338,995.937380,0.820680,0.000000,-0.006700,4.371845,0.000000,-0.002680,3.580311,0.000000,-0.004020,5.085146,0.000000,0.024120,-0.141264,-1.032208,9.607620,-0.008522,-0.075634,-0.031959
17.500320,995.946936,0.819146,0.000000,-0.004020,4.370311,-0.023981,-0.002680,3.580311,0.000000,-0.004020,5.085146,0.000000,0.024120,-0.070632,-1.010724,9.645977,0.034088,-0.072438,-0.023436
17.510199,995.956339,0.819146,0.000000,-0.005360,4.370311,-0.023981,-0.002680,3.580311,0.000000,-0.004020,5.085146,0.000000,0.024120,-0.035905,-1.028677,9.692672,0.036219,-0.067111,-0.021305
17.520229,995.966073,0.820680,0.000000,-0.004020,4.370311,-0.023981,0.000000,3.580311,0.000000,-0.004020,5.085146,0.000000,0.024120,0.010791,-1.160425,9.765659,0.024501,-0.066047,-0.024501
17.530321,995.985089,0.820680,0.000000,-0.005360,4.370311,-0.023981,0.000000,3.581845,0.000000,-0.004020,5.085146,0.000000,0.024120,0.019130,-1.035838,9.753691,0.046871,-0.070307,-0.035154
17.540250,995.994551,0.819146,0.000000,-0.005360,4.370311,-0.023981,0.000000,3.580311,0.000000,-0.004020,5.085146,0.000000,0.024120,-0.016775,-1.007095,9.717786,0.026632,-0.075634,-0.042610
17.550485,996.004327,0.819146,0.000000,-0.004020,4.370311,0.000000,0.000000,3.581845,0.000000,-0.004020,5.085146,0.000000,0.024120,-0.041889,-1.058597,9.715432,0.005327,-0.082025,-0.049002
17.560580,996.013846,0.819146,0.000000,-0.005360,4.370311,0.000000,0.000000,3.580311,0.000000,-0.004020,5.085146,0.000000,0.024120,-0.089860,-1.051436,9.711802,0.006391,-0.084156,-0.050068
17.570447,996.023447,0.819146,0.000000,-0.004020,4.370311,0.000000,0.000000,3.580311,0.000000,-0.004020,5.085146,0.000000,0.024120,-0.116150,-0.995126,9.709448,0.013849,-0.080961,-0.046871
17.580500,996.032808,0.819146,0.000000,-0.004020,4.370311,0.000000,0.000000,3.580311,0.000000,-0.004020,5.085146,0.000000,0.024120,-0.165299,-0.964029,9.699834,0.019174,-0.070307,-0.040479
17.590185,996.042369,0.819146,0.000000,-0.004020,4.370311,0.000000,0.000000,3.580311,0.000000,-0.004020,5.085146,0.000000,0.024120,-0.150878,-0.711323,9.612427,0.037284,-0.063916,-0.027697
17.600494,996.052055,0.819146,0.000000,-0.005360,4.370311,0.000000,0.000000,3.580311,0.000000,-0.004020,5.085146,0.000000,0.024120,-0.222785,-0.914881,9.772918,0.015978,-0.052198,-0.012783
17.610239,996.061440,0.820680,0.000000,-0.004020,4.370311,0.000000,0.000000,3.580311,0.000000,-0.004020,5.085146,0.000000,0.024120,-0.229946,-0.742421,9.696204,0.026632,-0.056460,-0.026632
17.620595,996.071140,0.820680,0.000000,-0.005360,4.370311,0.000000,0.000000,3.580311,0.000000,-0.004020,5.085146,0.000000,0.024120,-0.243092,-0.625093,9.689043,0.063916,-0.045806,-0.021305
17.630281,996.080545,0.820680,0.000000,-0.004020,4.371845,0.000000,-0.002680,3.580311,0.000000,-0.004020,5.085146,0.000000,0.024120,-0.220333,-0.591543,9.786064,0.067111,-0.045806,-0.023436
17.640291,996.090104,0.819146,0.000000,-0.004020,4.371845,0.000000,0.000000,3.580311,0.000000,-0.004020,5.085146,0.000000,0.024120,-0.219155,-0.523265,9.708172,0.040479,-0.057524,-0.028761
17.650367,996.099489,0.820680,0.000000,-0.005360,4.371845,0.000000,-0.001340,3.580311,0.000000,-0.004020,5.085146,0.000000,0.024120,-0.200026,-0.615479,9.709448,0.006391,-0.066047,-0.037284
17.660363,996.109296,0.819146,0.000000,-0.004020,4.371845,0.000000,-0.001340,3.580311,0.000000,-0.004020,5.085146,0.000000,0.024120,-0.186782,-0.653837,9.659122,0.010653,-0.071373,-0.043675
17.670405,996.118733,0.819146,0.000000,-0.005360,4.371845,0.000000,-0.001340,3.580311,0.000000,-0.004020,5.085146,0.000000,0.024120,-0.195219,-0.675419,9.685413,0.030892,-0.071373,-0.043675
17.680449,996.128164,0.819146,0.000000,-0.004020,4.370311,0.000000,-0.001340,3.580311,0.000000,-0.004020,5.085146,0.000000,0.024120,-0.196396,-0.719662,9.698657,0.029828,-0.071373,-0.042610
17.690484,996.137698,0.819146,0.000000,-0.005360,4.370311,0.000000,-0.001340,3.580311,0.000000,-0.004020,5.085146,0.000000,0.024120,-0.180798,-0.795100,9.686688,0.011718,-0.076698,-0.040479
17.700560,996.147246,0.819146,0.000000,-0.005360,4.371845,0.000000,-0.001340,3.580311,0.000000,-0.004020,5.085146,0.000000,0.024120,-0.174814,-0.849056,9.669913,0.005327,-0.077765,-0.038350
17.710555,996.157133,0.819146,0.000000,-0.005360,4.371845,0.000000,-0.001340,3.580311,0.000000,-0.004020,5.085146,0.000000,0.024120,-0.150878,-0.870637,9.673445,0.019174,-0.075634,-0.031959
17.720116,996.166331,0.819146,0.000000,-0.004020,4.371845,0.000000,-0.001340,3.580311,0.000000,-0.004020,5.085146,0.000000,0.024120,-0.143716,-0.904090,9.733384,0.034088,-0.069242,-0.026632
17.730151,996.175842,0.819146,0.000000,-0.005360,4.370311,0.000000,-0.001340,3.580311,0.000000,-0.004020,5.085146,0.000000,0.024120,-0.116150,-0.876622,9.762127,0.037284,-0.068176,-0.026632
17.740190,996.195087,0.820680,0.000000,-0.004020,4.370311,0.000000,-0.001340,3.580311,0.000000,-0.004020,5.085146,0.000000,0.024120,-0.085053,-0.968738,9.728577,0.003196,-0.071373,-0.030892
17.750408,996.204516,0.819146,0.000000,-0.004020,4.371845,0.000000,-0.001340,3.580311,0.000000,-0.004020,5.085146,0.000000,0.024120,-0.070632,-0.977174,9.727400,0.020241,-0.068176,-0.034088
17.760511,996.214393,0.820680,0.000000,-0.004020,4.370311,0.000000,-0.001340,3.580311,0.000000,-0.004020,5.085146,0.000000,0.024120,-0.077793,-0.990320,9.766934,0.031959,-0.063916,-0.037284
17.770561,996.223717,0.820680,0.000000,-0.005360,4.370311,0.000000,-0.001340,3.580311,0.000000,-0.004020,5.085146,0.000000,0.024120,-0.069455,-1.014256,9.747707,0.024501,-0.062851,-0.041546
17.780628,996.233516,0.819146,0.000000,-0.005360,4.370311,0.000000,-0.001340,3.580311,0.000000,-0.004020,5.085146,0.000000,0.024120,-0.076616,-1.054967,9.712979,0.012783,-0.061785,-0.043675
17.790146,996.242842,0.820680,0.000000,-0.004020,4.371845,0.000000,-0.001340,3.580311,0.000000,-0.004020,5.085146,0.000000,0.024120,-0.089860,-1.038192,9.687866,0.024501,-0.058589,-0.040479
17.800439,996.252638,0.820680,0.000000,0.016080,4.370311,0.000000,-0.026800,3.580311,0.000000,0.022780,5.085146,0.000000,-0.012060,-0.097021,-0.985513,9.674720,0.042610,-0.054329,-0.036219
17.810177,996.262038,0.820680,0.000000,0.016080,4.368777,0.000000,-0.025460,3.581845,0.000000,0.022780,5.085146,0.000000,-0.029480,-0.112521,-0.955592,9.684236,0.046871,-0.050068,-0.033023
17.820223,996.271468,0.822214,0.000000,0.016080,4.368777,0.000000,-0.025460,3.583379,0.000000,0.026800,5.085146,0.000000,-0.040200,-0.141264,-0.844249,9.708172,0.055393,-0.045806,-0.028761
17.830279,996.281227,0.822214,0.000000,0.017420,4.367243,-0.023981,-0.028140,3.587981,0.023981,0.029480,5.083612,0.000000,-0.042880,-0.175991,-0.662175,9.738191,0.077765,-0.043675,-0.025566
17.840274,996.290839,0.826816,0.023981,0.018760,4.361107,-0.047962,-0.030820,3.592583,0.071942,0.032160,5.083612,0.000000,-0.053600,-0.221510,-0.417906,9.714156,0.087352,-0.038350,-0.024501
17.850127,996.300244,0.832952,0.071942,0.021440,4.356505,-0.119904,-0.033500,3.598719,0.143885,0.032160,5.080544,0.000000,-0.077720,-0.284981,-0.273012,9.657945,0.080961,-0.037284,-0.027697
17.860162,996.309619,0.840621,0.143885,0.022780,4.348836,-0.191847,-0.034840,3.604855,0.215827,0.036180,5.075942,-0.047962,-0.080400,-0.334129,-0.138910,9.827952,0.089483,-0.046871,-0.033023
17.870196,996.319475,0.849825,0.239808,0.028140,4.341166,-0.287770,-0.041540,3.614059,0.311751,0.042880,5.069807,-0.095923,-0.085760,-0.476570,0.214349,9.760950,0.096939,-0.066047,-0.035154
17.880284,996.329033,0.859029,0.359712,0.029480,4.330428,-0.383693,-0.044220,3.623263,0.407674,0.046900,5.062137,-0.167866,-0.088440,-0.562800,0.278996,9.727400,0.039415,-0.062851,-0.039415
17.890470,996.338556,0.868233,0.479616,0.030820,4.321224,-0.503597,-0.049580,3.632467,0.527578,0.050920,5.054467,-0.287770,-0.088440,-0.657466,0.405938,9.686688,0.076698,-0.051133,-0.040479
17.900544,996.348086,0.880505,0.623501,0.030820,4.308952,-0.623501,-0.049580,3.643204,0.623501,0.052260,5.043729,-0.383693,-0.088440,-0.634707,0.493345,9.783611,0.067111,-0.056460,-0.038350
17.910407,996.357438,0.892777,0.743406,0.030820,4.296680,-0.743406,-0.049580,3.653942,0.719425,0.054940,5.032991,-0.527578,-0.088440,-0.639514,0.314901,9.789595,0.019174,-0.053264,-0.039415
17.920347,996.367056,0.906583,0.839329,0.030820,4.284408,-0.839329,-0.050920,3.666214,0.815348,0.056280,5.020719,-0.647482,-0.087100,-0.650207,0.124587,9.886616,0.008522,-0.046871,-0.033023
17.930320,996.376618,0.920388,0.959233,0.029480,4.270603,-0.959233,-0.048240,3.680020,0.911271,0.052260,5.006913,-0.767386,-0.085760,-0.623916,0.093391,9.950087,0.056460,-0.044742,-0.022370
17.940376,996.386244,0.937262,1.055156,0.028140,4.255263,-1.055156,-0.048240,3.696894,1.007195,0.049580,4.991573,-0.911271,-0.083080,-0.517281,0.116150,9.756143,0.007456,-0.059655,-0.021305
17.950407,996.405119,0.952602,1.151080,0.028140,4.239923,-1.151080,-0.046900,3.713767,1.103118,0.048240,4.977768,-1.031175,-0.079060,-0.383179,-0.289787,9.587215,-0.050068,-0.079894,-0.022370
17.960381,996.414636,0.969476,1.270984,0.026800,4.221515,-1.270984,-0.045560,3.729107,1.199041,0.044220,4.959360,-1.151080,-0.073700,-0.347274,-0.271835,9.780080,0.063916,-0.052198,-0.013849
17.970204,996.424400,0.987884,1.366907,0.026800,4.204641,-1.366907,-0.044220,3.745981,1.318945,0.048240,4.942486,-1.270984,-0.072360,-0.294594,-0.234753,9.889069,0.094808,-0.037284,-0.018110
17.980170,996.434054,1.006291,1.438849,0.025460,4.186234,-1.462830,-0.044220,3.764389,1.414869,0.044220,4.924078,-1.390888,-0.071020,-0.231124,-0.565252,9.991976,-0.003196,-0.054329,-0.035154
17.990115,996.443366,1.026233,1.534773,0.024120,4.167826,-1.558754,-0.044220,3.784331,1.510792,0.040200,4.905671,-1.486811,-0.068340,-0.161669,-0.590366,9.920166,-0.009587,-0.073503,-0.045806
18.000217,996.453086,1.044641,1.630696,0.022780,4.149418,-1.630696,-0.041540,3.804272,1.582734,0.040200,4.884195,-1.582734,-0.069680,-0.138910,-0.677773,9.989621,0.025566,-0.079894,-0.049002
18.010230,996.462436,1.064583,1.726619,0.021440,4.127942,-1.702638,-0.041540,3.824214,1.678658,0.041540,4.864253,-1.678658,-0.068340,-0.074262,-0.455086,9.687866,0.027697,-0.089483,-0.052198
18.020120,996.472199,1.086058,1.798562,0.021440,4.104933,-1.798562,-0.041540,3.845690,1.774581,0.041540,4.842777,-1.774581,-0.064320,-0.152055,-0.728098,9.557294,-0.098004,-0.119309,-0.061785
18.030238,996.481437,1.109068,1.870504,0.018760,4.081923,-1.870504,-0.042880,3.868700,1.846523,0.036180,4.821302,-1.870504,-0.069680,-0.144894,-0.875346,9.393271,-0.116113,-0.119309,-0.058589
18.040537,996.491243,1.132078,1.942447,0.018760,4.058913,-1.942447,-0.044220,3.888641,1.918466,0.034840,4.799826,-1.942447,-0.061640,-0.238285,-0.962753,9.582506,0.009587,-0.069242,-0.036219
18.050113,996.500563,1.155088,2.014389,0.018760,4.037437,-2.014389,-0.044220,3.911651,1.990408,0.032160,4.775282,-1.990408,-0.065660,-0.280174,-0.579575,9.666284,0.178964,-0.019174,-0.014914
18.060323,996.510245,1.178097,2.062351,0.018760,4.014428,-2.086332,-0.044220,3.933127,2.062351,0.030820,4.752272,-2.062351,-0.061640,-0.380824,-0.445472,9.690220,0.107593,-0.026632,-0.015978
18.070566,996.519885,1.201107,2.134293,0.017420,3.991418,-2.134293,-0.044220,3.959204,2.110313,0.029480,4.729263,-2.110313,-0.062980,-0.298224,-0.704162,9.593297,-0.057524,-0.067111,-0.029828
18.080552,996.529250,1.222583,2.158274,0.017420,3.966874,-2.182255,-0.044220,3.983748,2.158274,0.033500,4.704719,-2.158274,-0.065660,-0.342467,-0.991497,9.718963,-0.060720,-0.066047,-0.027697
18.090110,996.539016,1.247126,2.206236,0.018760,3.943865,-2.230217,-0.045560,4.005224,2.206236,0.033500,4.681709,-2.230217,-0.061640,-0.250253,-0.765180,10.158451,0.145941,-0.028761,-0.013849
18.100151,996.548490,1.271670,2.254197,0.021440,3.919321,-2.254197,-0.045560,4.029768,2.254197,0.028140,4.660234,-2.254197,-0.058960,-0.222785,-0.344920,9.974023,0.167246,-0.017045,-0.013849
18.110164,996.557899,1.294680,2.278178,0.020100,3.896311,-2.302159,-0.045560,4.054311,2.278178,0.026800,4.634156,-2.302159,-0.060300,-0.278996,-0.699355,9.863857,-0.071373,-0.056460,-0.036219
18.120203,996.567546,1.319223,2.302159,0.018760,3.873301,-2.326140,-0.045560,4.077321,2.326140,0.026800,4.611146,-2.326140,-0.060300,-0.135280,-0.796376,9.520213,-0.116113,-0.076698,-0.050068
18.130242,996.577101,1.343767,2.326140,0.016080,3.848758,-2.350121,-0.045560,4.101865,2.350121,0.026800,4.586603,-2.350121,-0.058960,-0.209542,-0.599980,9.517760,0.028761,-0.070307,-0.041546
18.140296,996.586736,1.368311,2.350121,0.016080,3.824214,-2.374102,-0.045560,4.127942,2.374102,0.028140,4.560525,-2.398082,-0.062980,-0.204735,-0.876622,9.753691,0.047937,-0.044742,-0.038350
18.150349,996.596070,1.392855,2.374102,0.016080,3.799670,-2.398082,-0.045560,4.152486,2.398082,0.030820,4.535981,-2.398082,-0.060300,-0.095844,-0.629900,9.718963,0.078830,-0.061785,-0.041546
18.160422,996.605682,1.417398,2.398082,0.017420,3.772059,-2.398082,-0.044220,4.177030,2.422063,0.032160,4.511437,-2.422063,-0.056280,-0.128119,-0.655014,9.675897,0.042610,-0.067111,-0.041546
18.170441,996.615437,1.440408,2.398082,0.016080,3.747515,-2.422063,-0.044220,4.201573,2.446044,0.030820,4.486894,-2.446044,-0.052260,-0.039534,-0.541316,9.508244,0.010653,-0.090548,-0.041546
18.180482,996.634247,1.466486,2.422063,0.014740,3.722971,-2.446044,-0.045560,4.227651,2.446044,0.029480,4.460816,-2.446044,-0.053600,-0.197573,-0.633530,9.401610,0.005327,-0.088417,-0.036219
18.190450,996.643805,1.489495,2.422063,0.014740,3.698428,-2.446044,-0.045560,4.250661,2.446044,0.029480,4.436272,-2.470025,-0.054940,-0.213171,-1.022693,9.802839,0.021305,-0.064980,-0.030892
18.200501,996.653439,1.515573,2.446044,0.014740,3.672350,-2.446044,-0.045560,4.276738,2.470025,0.026800,4.411729,-2.470025,-0.057620,-0.276642,-0.713677,9.595652,0.071373,-0.042610,-0.028761
18.210512,996.663104,1.541651,2.470025,0.014740,3.647806,-2.470025,-0.044220,4.302816,2.470025,0.025460,4.387185,-2.470025,-0.046900,-0.416729,-0.908896,9.600458,0.027697,-0.041546,-0.028761
18.220563,996.672650,1.567728,2.470025,0.014740,3.623263,-2.470025,-0.042880,4.327360,2.470025,0.025460,4.359573,-2.470025,-0.044220,-0.289787,-0.850233,9.595652,0.029828,-0.058589,-0.033023
18.230129,996.682054,1.593806,2.470025,0.013400,3.598719,-2.470025,-0.040200,4.350370,2.470025,0.024120,4.336564,-2.494006,-0.042880,-0.324515,-0.809521,9.665106,0.054329,-0.069242,-0.028761
18.240142,996.691702,1.616816,2.470025,0.013400,3.574175,-2.494006,-0.041540,4.376447,2.494006,0.021440,4.310486,-2.494006,-0.048240,-0.239462,-0.965206,9.930957,0.028761,-0.071373,-0.028761
18.250206,996.701104,1.641359,2.494006,0.013400,3.549632,-2.494006,-0.041540,4.402525,2.494006,0.021440,4.285942,-2.494006,-0.049580,-0.098198,-0.689741,9.856696,0.029828,-0.061785,-0.022370
18.260260,996.710870,1.667437,2.494006,0.014740,3.523554,-2.494006,-0.041540,4.428603,2.517987,0.022780,4.261399,-2.494006,-0.050920,-0.108989,-0.984335,9.923796,-0.018110,-0.044742,-0.022370
18.270397,996.720284,1.691981,2.494006,0.014740,3.495942,-2.494006,-0.040200,4.453146,2.517987,0.020100,4.236855,-2.494006,-0.042880,-0.019130,-1.180732,9.860325,-0.050068,-0.053264,-0.043675
18.280473,996.729968,1.718058,2.517987,0.013400,3.471399,-2.494006,-0.040200,4.477690,2.517987,0.022780,4.210777,-2.494006,-0.041540,-0.044341,-1.035838,10.182388,0.103330,-0.053264,-0.034088
18.290522,996.739519,1.741068,2.517987,0.013400,3.445321,-2.517987,-0.041540,4.505302,2.517987,0.024120,4.186234,-2.494006,-0.041540,-0.057487,-0.490990,9.827952,0.135289,-0.066047,-0.037284
18.300578,996.748844,1.767146,2.517987,0.012060,3.419243,-2.517987,-0.040200,4.529845,2.517987,0.022780,4.158622,-2.494006,-0.042880,-0.029921,-0.863378,9.514228,-0.079894,-0.105462,-0.057524
18.310083,996.758588,1.791690,2.517987,0.013400,3.396233,-2.517987,-0.041540,4.554389,2.517987,0.024120,4.137146,-2.494006,-0.049580,0.075439,-0.724469,9.182552,-0.122505,-0.136354,-0.055393
18.320124,996.767975,1.816233,2.517987,0.013400,3.370156,-2.517987,-0.042880,4.577399,2.517987,0.029480,4.109535,-2.494006,-0.046900,-0.124587,-0.747228,8.914249,-0.049002,-0.117180,-0.029828
18.330259,996.777700,1.842311,2.517987,0.012060,3.345612,-2.517987,-0.042880,4.601942,2.517987,0.030820,4.084991,-2.517987,-0.045560,-0.057487,-1.077727,9.199229,-0.041546,-0.083090,-0.039415
18.340298,996.787393,1.866855,2.517987,0.012060,3.321068,-2.517987,-0.041540,4.628020,2.517987,0.026800,4.060447,-2.517987,-0.045560,-0.258690,-0.758019,9.419660,0.154463,-0.041546,-0.027697
18.350318,996.796923,1.891398,2.517987,0.012060,3.294991,-2.517987,-0.041540,4.652564,2.517987,0.025460,4.035903,-2.517987,-0.049580,-0.426343,-0.900558,9.883085,0.165115,-0.025566,-0.025566
18.360370,996.806314,1.914408,2.517987,0.012060,3.268913,-2.517987,-0.042880,4.678641,2.517987,0.024120,4.009826,-2.517987,-0.053600,-0.329322,-0.876622,9.843550,0.075634,-0.031959,-0.034088
18.370317,996.815978,1.940486,2.517987,0.012060,3.244369,-2.517987,-0.042880,4.703185,2.517987,0.024120,3.985282,-2.494006,-0.054940,-0.314901,-0.993949,10.041124,0.056460,-0.053264,-0.037284
18.380270,996.825441,1.966563,2.517987,0.013400,3.219826,-2.517987,-0.041540,4.729263,2.494006,0.024120,3.962272,-2.494006,-0.049580,-0.278996,-0.786762,10.201615,0.090548,-0.057524,-0.030892
18.390331,996.844482,1.991107,2.517987,0.014740,3.193748,-2.517987,-0.042880,4.753806,2.494006,0.024120,3.937729,-2.494006,-0.046900,-0.143716,-0.780778,9.879455,-0.053264,-0.067111,-0.036219
18.400459,996.854248,2.015651,2.517987,0.014740,3.166136,-2.494006,-0.041540,4.778350,2.494006,0.022780,3.911651,-2.494006,-0.052260,-0.183251,-0.864555,9.431628,-0.111853,-0.085221,-0.039415
18.410553,996.863522,2.040194,2.517987,0.014740,3.143127,-2.494006,-0.042880,4.805962,2.494006,0.026800,3.887107,-2.494006,-0.056280,-0.053857,-0.962753,9.619588,-0.040479,-0.100135,-0.037284
18.420614,996.872997,2.067806,2.517987,0.013400,3.117049,-2.494006,-0.041540,4.830506,2.494006,0.025460,3.857962,-2.494006,-0.053600,-0.038357,-0.746051,9.489115,0.051133,-0.085221,-0.035154
18.430299,996.882586,2.090816,2.517987,0.014740,3.092505,-2.494006,-0.041540,4.853515,2.494006,0.024120,3.834952,-2.494006,-0.050920,0.050325,-0.777148,9.559747,0.068176,-0.066047,-0.037284
18.440560,996.892092,2.115360,2.494006,0.014740,3.066428,-2.494006,-0.041540,4.879593,2.494006,0.022780,3.808874,-2.494006,-0.046900,0.075439,-0.640691,9.726223,0.098004,-0.074569,-0.019174
18.450345,996.901653,2.139903,2.494006,0.013400,3.041884,-2.494006,-0.040200,4.901069,2.494006,0.024120,3.784331,-2.494006,-0.042880,0.008339,-0.729275,9.596829,-0.028761,-0.083090,-0.028761
18.460713,996.911284,2.165981,2.494006,0.012060,3.015806,-2.494006,-0.041540,4.928680,2.494006,0.024120,3.758253,-2.517987,-0.045560,-0.061116,-0.930479,9.435160,-0.067111,-0.078830,-0.037284
18.470550,996.920956,2.188991,2.494006,0.012060,2.991263,-2.494006,-0.042880,4.953224,2.517987,0.022780,3.732175,-2.517987,-0.048240,-0.119780,-1.232234,9.934587,0.046871,-0.045806,-0.028761
18.480598,996.930445,2.215068,2.494006,0.012060,2.965185,-2.494006,-0.042880,4.979302,2.517987,0.025460,3.707632,-2.517987,-0.049580,-0.355612,-0.756842,9.859050,0.151268,-0.038350,-0.028761
18.490139,996.939832,2.241146,2.494006,0.012060,2.942175,-2.494006,-0.041540,5.003845,2.517987,0.028140,3.683088,-2.517987,-0.049580,-0.343644,-1.105293,9.768111,-0.024501,-0.057524,-0.043675
18.500203,996.949522,2.265690,2.494006,0.010720,2.916097,-2.494006,-0.040200,5.028389,2.517987,0.028140,3.658544,-2.517987,-0.046900,-0.216703,-1.266961,9.805193,-0.021305,-0.074569,-0.049002
18.510218,996.959045,2.290233,2.494006,0.010720,2.890020,-2.517987,-0.041540,5.052933,2.494006,0.025460,3.634000,-2.517987,-0.048240,-0.314901,-0.568784,9.729754,0.169377,-0.063916,-0.029828
18.520252,996.968596,2.314777,2.494006,0.012060,2.865476,-2.517987,-0.041540,5.075942,2.494006,0.026800,3.607923,-2.517987,-0.053600,-0.142539,-0.958045,10.011203,0.063916,-0.059655,-0.008522
18.530294,996.978057,2.339321,2.494006,0.014740,2.840932,-2.517987,-0.041540,5.102020,2.494006,0.025460,3.583379,-2.517987,-0.056280,-0.023936,-0.971190,9.588490,-0.119309,-0.080961,-0.030892
18.540345,996.987832,2.365398,2.494006,0.014740,2.816389,-2.517987,-0.040200,5.126564,2.494006,0.026800,3.558835,-2.517987,-0.054940,-0.114973,-0.908896,9.712979,-0.037284,-0.087352,-0.030892
18.550398,996.997337,2.389942,2.494006,0.016080,2.787243,-2.494006,-0.041540,5.151107,2.494006,0.029480,3.534292,-2.494006,-0.050920,-0.028743,-0.516104,9.649508,0.092679,-0.055393,-0.023436
18.560519,997.006754,2.414486,2.494006,0.016080,2.762699,-2.494006,-0.041540,5.178719,2.470025,0.028140,3.508214,-2.494006,-0.052260,-0.063471,-0.708969,9.601636,-0.009587,-0.055393,-0.031959
18.570212,997.016445,2.440563,2.494006,0.013400,2.738156,-2.494006,-0.041540,5.201729,2.470025,0.025460,3.483670,-2.494006,-0.054940,-0.089860,-0.935285,9.515406,-0.040479,-0.066047,-0.040479
18.580236,997.025847,2.463573,2.494006,0.013400,2.713612,-2.494006,-0.040200,5.227807,2.470025,0.026800,3.457593,-2.494006,-0.056280,0.053857,-0.499329,9.540519,0.111853,-0.070307,-0.040479
18.590244,997.035523,2.489651,2.494006,0.013400,2.689068,-2.494006,-0.040200,5.252350,2.470025,0.025460,3.433049,-2.494006,-0.053600,-0.021582,-0.482554,9.781257,0.111853,-0.063916,-0.035154
18.600271,997.044984,2.515728,2.494006,0.012060,2.664525,-2.494006,-0.041540,5.276894,2.470025,0.022780,3.410039,-2.494006,-0.049580,-0.092214,-0.771164,9.801661,-0.005327,-0.062851,-0.033023
18.610307,997.064348,2.540272,2.494006,0.010720,2.638447,-2.494006,-0.042880,5.302972,2.470025,0.022780,3.383962,-2.494006,-0.049580,-0.258690,-0.970013,9.892600,0.030892,-0.055393,-0.043675
18.620265,997.073659,2.566350,2.494006,0.008040,2.613903,-2.494006,-0.042880,5.329049,2.494006,0.022780,3.359418,-2.494006,-0.052260,-0.391615,-0.865831,9.735738,0.036219,-0.052198,-0.045806
18.630365,997.083209,2.592428,2.517987,0.008040,2.586292,-2.494006,-0.041540,5.356661,2.494006,0.021440,3.333340,-2.494006,-0.056280,-0.396422,-1.074195,9.471065,-0.060720,-0.073503,-0.055393
18.640465,997.092768,2.616971,2.517987,0.006700,2.560214,-2.494006,-0.041540,5.382739,2.494006,0.020100,3.308797,-2.494006,-0.060300,-0.334129,-1.149634,9.477049,-0.053264,-0.101199,-0.061785
18.650325,997.102451,2.643049,2.517987,0.008040,2.535670,-2.494006,-0.040200,5.405748,2.517987,0.021440,3.284253,-2.494006,-0.053600,-0.203558,-0.814328,9.526197,0.116113,-0.078830,-0.022370
18.660436,997.111999,2.669127,2.517987,0.008040,2.511127,-2.494006,-0.041540,5.431826,2.517987,0.022780,3.259709,-2.494006,-0.050920,-0.161669,-0.916058,9.975299,0.088417,-0.052198,-0.010653
18.670243,997.121654,2.693670,2.517987,0.008040,2.485049,-2.494006,-0.041540,5.456370,2.517987,0.022780,3.233632,-2.494006,-0.054940,-0.220333,-0.798730,9.595652,-0.010653,-0.063916,-0.033023
18.680538,997.130981,2.716680,2.517987,0.008040,2.458971,-2.494006,-0.041540,5.482447,2.517987,0.022780,3.207554,-2.494006,-0.054940,-0.051503,-0.931656,9.634009,-0.039415,-0.071373,-0.036219
18.690271,997.140755,2.741224,2.517987,0.008040,2.435961,-2.517987,-0.040200,5.506991,2.517987,0.022780,3.183010,-2.494006,-0.060300,-0.017952,-0.852587,9.621942,0.034088,-0.061785,-0.033023
18.700695,997.150257,2.768835,2.517987,0.008040,2.408350,-2.517987,-0.038860,5.533069,2.517987,0.024120,3.158466,-2.494006,-0.054940,-0.067100,-0.872992,9.738191,0.046871,-0.056460,-0.037284
18.710128,997.159690,2.793379,2.517987,0.006700,2.383806,-2.517987,-0.038860,5.559146,2.517987,0.024120,3.133923,-2.494006,-0.045560,0.085053,-0.844249,9.796855,0.061785,-0.052198,-0.044742
18.720160,997.169154,2.819457,2.517987,0.005360,2.357728,-2.517987,-0.038860,5.583690,2.517987,0.020100,3.109379,-2.494006,-0.048240,0.026389,-0.561623,9.781257,0.136354,-0.046871,-0.039415
18.730186,997.178848,2.845534,2.517987,0.004020,2.333185,-2.517987,-0.038860,5.609768,2.517987,0.016080,3.083301,-2.494006,-0.053600,-0.053857,-0.593996,9.581231,0.042610,-0.060720,-0.026632
18.740211,997.188287,2.871612,2.517987,0.002680,2.308641,-2.517987,-0.038860,5.634311,2.517987,0.017420,3.057224,-2.494006,-0.057620,-0.059841,-1.204668,9.631556,-0.132093,-0.086286,-0.043675
18.750312,997.197956,2.896156,2.517987,0.002680,2.284097,-2.517987,-0.040200,5.660389,2.517987,0.018760,3.032680,-2.494006,-0.053600,-0.211994,-0.892121,9.451935,-0.005327,-0.098004,-0.054329
18.760338,997.207510,2.922233,2.541967,0.002680,2.259554,-2.517987,-0.040200,5.686467,2.517987,0.016080,3.008136,-2.494006,-0.046900,-0.156862,-1.059774,9.726223,0.042610,-0.061785,-0.043675
18.770375,997.217042,2.948311,2.541967,0.002680,2.235010,-2.517987,-0.040200,5.711010,2.517987,0.016080,2.982059,-2.517987,-0.046900,-0.379647,-0.931656,9.628025,0.054329,-0.046871,-0.044742
18.780404,997.226567,2.972855,2.541967,0.002680,2.205864,-2.517987,-0.038860,5.737088,2.517987,0.016080,2.957515,-2.517987,-0.053600,-0.409568,-1.106470,9.511776,-0.023436,-0.059655,-0.051133
18.790437,997.236182,3.000466,2.541967,0.001340,2.181321,-2.517987,-0.038860,5.763166,2.541967,0.014740,2.931437,-2.517987,-0.058960,-0.214349,-1.265784,9.726223,0.018110,-0.051133,-0.047937
18.800387,997.245742,3.025010,2.541967,0.001340,2.156777,-2.517987,-0.038860,5.789243,2.541967,0.017420,2.906894,-2.517987,-0.061640,-0.210719,-1.063404,10.090174,0.198139,-0.017045,-0.022370
18.810424,997.264850,3.049554,2.541967,0.002680,2.130699,-2.517987,-0.038860,5.815321,2.541967,0.017420,2.882350,-2.494006,-0.053600,0.064648,-0.950785,9.718963,-0.088417,-0.062851,-0.030892
18.820478,997.274351,3.074097,2.517987,0.004020,2.106156,-2.517987,-0.037520,5.839865,2.541967,0.020100,2.857806,-2.494006,-0.048240,0.037082,-0.995126,9.509422,-0.101199,-0.096939,-0.031959
18.830504,997.283743,3.098641,2.517987,0.004020,2.081612,-2.517987,-0.038860,5.864409,2.541967,0.020100,2.833263,-2.494006,-0.052260,0.033550,-1.069388,9.727400,0.013849,-0.070307,-0.026632
18.840527,997.293564,3.124719,2.494006,0.004020,2.057068,-2.517987,-0.038860,5.890486,2.541967,0.021440,2.807185,-2.494006,-0.054940,0.022759,-1.181909,10.114208,0.109722,-0.036219,-0.020241
18.850593,997.303062,3.149263,2.494006,0.004020,2.029457,-2.517987,-0.037520,5.916564,2.517987,0.021440,2.781107,-2.494006,-0.056280,-0.031098,-0.809521,10.072221,0.153399,-0.025566,-0.026632
18.860491,997.312565,3.175340,2.470025,0.004020,2.004913,-2.517987,-0.037520,5.939574,2.517987,0.022780,2.756563,-2.494006,-0.053600,0.015598,-0.427520,9.540519,0.056460,-0.054329,-0.044742
18.870541,997.322042,3.198350,2.470025,0.004020,1.978835,-2.517987,-0.037520,5.967185,2.517987,0.022780,2.732020,-2.494006,-0.048240,-0.099375,-1.022693,9.578876,-0.093743,-0.078830,-0.015978
18.880613,997.331449,3.224428,2.470025,0.005360,1.954292,-2.517987,-0.038860,5.991729,2.517987,0.022780,2.705942,-2.494006,-0.045560,-0.228769,-0.894574,9.199229,-0.066047,-0.077765,-0.033023
18.890145,997.341270,3.247437,2.470025,0.005360,1.929748,-2.517987,-0.040200,6.014739,2.517987,0.020100,2.679864,-2.494006,-0.049580,-0.208364,-0.878976,9.404062,0.063916,-0.057524,-0.030892
18.900197,997.350526,3.273515,2.470025,0.005360,1.905204,-2.517987,-0.040200,6.042350,2.517987,0.020100,2.655321,-2.494006,-0.056280,-0.407115,-0.991497,9.642347,0.068176,-0.036219,-0.030892
18.910213,997.360257,3.299593,2.494006,0.005360,1.879126,-2.517987,-0.040200,6.068428,2.517987,0.020100,2.630777,-2.494006,-0.060300,-0.488538,-0.753212,9.608797,0.069242,-0.043675,-0.038350
18.920292,997.369869,3.325670,2.494006,0.005360,1.854583,-2.517987,-0.040200,6.092972,2.517987,0.016080,2.606233,-2.494006,-0.057620,-0.384356,-1.075372,9.734561,0.021305,-0.044742,-0.043675
18.930301,997.379238,3.350214,2.494006,0.005360,1.830039,-2.517987,-0.040200,6.117515,2.517987,0.016080,2.578622,-2.494006,-0.053600,-0.396422,-0.839442,9.718963,0.098004,-0.035154,-0.040479
18.940343,997.388977,3.376292,2.494006,0.005360,1.803961,-2.517987,-0.040200,6.143593,2.517987,0.017420,2.554078,-2.494006,-0.053600,-0.360419,-0.629900,9.952539,0.173638,-0.018110,-0.027697
18.950382,997.398257,3.400835,2.494006,0.005360,1.779418,-2.517987,-0.040200,6.169671,2.517987,0.017420,2.529534,-2.494006,-0.056280,-0.135280,-0.463424,9.790871,0.084156,-0.030892,-0.027697
18.960493,997.407899,3.426913,2.494006,0.005360,1.751806,-2.517987,-0.040200,6.195748,2.517987,0.016080,2.503457,-2.494006,-0.060300,-0.191589,-0.765180,9.833936,-0.049002,-0.055393,-0.034088
18.970540,997.417628,3.452991,2.517987,0.004020,1.727262,-2.517987,-0.040200,6.223360,2.517987,0.020100,2.478913,-2.494006,-0.060300,-0.112521,-0.953238,9.904568,-0.012783,-0.055393,-0.020241
18.980558,997.427159,3.477534,2.517987,0.004020,1.702719,-2.517987,-0.040200,6.246370,2.517987,0.020100,2.454369,-2.494006,-0.054940,-0.147248,-0.631077,9.656670,0.042610,-0.059655,-0.024501
18.990123,997.436451,3.503612,2.517987,0.002680,1.678175,-2.517987,-0.038860,6.272447,2.517987,0.021440,2.429826,-2.494006,-0.046900,-0.149701,-0.672966,9.784886,0.040479,-0.079894,-0.028761
19.000155,997.446246,3.529690,2.541967,0.002680,1.653631,-2.517987,-0.038860,6.298525,2.517987,0.021440,2.403748,-2.494006,-0.045560,-0.119780,-0.480200,9.369335,0.000000,-0.107593,-0.040479
19.010195,997.455853,3.557301,2.541967,0.002680,1.627554,-2.517987,-0.038860,6.323069,2.517987,0.021440,2.377670,-2.494006,-0.046900,-0.013145,-0.592720,9.364528,-0.070307,-0.136354,-0.047937
19.020259,997.474732,3.581845,2.565948,0.001340,1.603010,-2.517987,-0.038860,6.349146,2.517987,0.020100,2.353127,-2.494006,-0.050920,-0.098198,-0.764003,9.473517,0.009587,-0.087352,-0.034088
19.030292,997.484344,3.607923,2.565948,0.001340,1.578466,-2.517987,-0.038860,6.373690,2.517987,0.020100,2.328583,-2.494006,-0.048240,-0.234753,-1.310027,9.908198,0.035154,-0.049002,-0.028761
19.040332,997.493953,3.634000,2.565948,0.001340,1.552389,-2.517987,-0.040200,6.398234,2.494006,0.016080,2.302505,-2.494006,-0.048240,-0.517281,-0.912526,9.804016,0.117180,-0.033023,-0.026632
19.050396,997.503399,3.658544,2.565948,0.001340,1.526311,-2.541967,-0.037520,6.424312,2.494006,0.013400,2.277961,-2.517987,-0.049580,-0.387986,-1.051436,9.715432,0.034088,-0.044742,-0.027697
19.060742,997.512928,3.686156,2.565948,0.001340,1.501767,-2.541967,-0.036180,6.450389,2.494006,0.013400,2.250350,-2.517987,-0.050920,-0.312547,-1.106470,9.492647,-0.043675,-0.078830,-0.036219
19.070584,997.522529,3.710700,2.565948,0.001340,1.475690,-2.541967,-0.037520,6.474933,2.494006,0.014740,2.225806,-2.517987,-0.045560,-0.307740,-1.038192,9.517760,-0.001065,-0.100135,-0.031959
19.080385,997.531954,3.735243,2.541967,0.002680,1.451146,-2.541967,-0.037520,6.501011,2.494006,0.014740,2.201262,-2.517987,-0.045560,-0.094568,-1.017886,9.922521,0.087352,-0.086286,-0.017045
19.090199,997.541760,3.756719,2.517987,0.002680,1.426602,-2.541967,-0.036180,6.524020,2.494006,0.014740,2.176719,-2.517987,-0.048240,0.135280,-0.801183,10.133338,0.111853,-0.058589,-0.010653
19.100228,997.551100,3.782797,2.494006,0.002680,1.400524,-2.541967,-0.034840,6.550098,2.494006,0.016080,2.150641,-2.517987,-0.046900,0.116150,-0.948431,10.109401,0.030892,-0.039415,-0.007456
19.110275,997.560816,3.805806,2.470025,0.004020,1.375981,-2.541967,-0.033500,6.574642,2.494006,0.017420,2.124563,-2.517987,-0.048240,0.074262,-1.011902,9.903391,-0.040479,-0.056460,-0.017045
19.120303,997.570313,3.830350,2.470025,0.004020,1.348369,-2.541967,-0.034840,6.599185,2.494006,0.016080,2.098486,-2.541967,-0.048240,0.061116,-0.865831,9.615958,-0.004260,-0.078830,-0.028761
19.130347,997.579699,3.854894,2.446044,0.004020,1.325359,-2.541967,-0.034840,6.625263,2.494006,0.017420,2.073942,-2.541967,-0.045560,0.094568,-0.511297,9.227973,0.018110,-0.110788,-0.036219
19.140385,997.589239,3.882505,2.446044,0.004020,1.300816,-2.565948,-0.034840,6.649807,2.494006,0.021440,2.047864,-2.541967,-0.041540,0.153330,-1.051436,9.516583,-0.064980,-0.125700,-0.049002
19.150433,997.598767,3.907049,2.446044,0.004020,1.274738,-2.565948,-0.034840,6.675884,2.494006,0.021440,2.023321,-2.541967,-0.044220,0.001177,-0.729275,9.461549,0.043675,-0.105462,-0.039415
19.160341,997.608407,3.931593,2.446044,0.004020,1.250194,-2.565948,-0.034840,6.700428,2.494006,0.020100,1.995709,-2.541967,-0.048240,0.005984,-1.063404,9.831582,0.057524,-0.058589,-0.023436
19.170601,997.617941,3.954602,2.446044,0.004020,1.224117,-2.541967,-0.034840,6.728040,2.494006,0.020100,1.971165,-2.541967,-0.050920,-0.083777,-1.070565,9.914182,0.057524,-0.042610,-0.023436
19.180238,997.627502,3.979146,2.446044,0.004020,1.199573,-2.541967,-0.034840,6.751049,2.494006,0.017420,1.946622,-2.517987,-0.053600,-0.262221,-1.003465,9.662752,0.033023,-0.052198,-0.038350
19.190404,997.637349,4.005224,2.446044,0.004020,1.175029,-2.541967,-0.033500,6.777127,2.494006,0.018760,1.920544,-2.517987,-0.053600,-0.319708,-1.023870,9.527374,0.003196,-0.058589,-0.036219
19.200415,997.646902,4.031302,2.470025,0.005360,1.148952,-2.541967,-0.034840,6.800137,2.494006,0.018760,1.897534,-2.517987,-0.050920,-0.298224,-1.088518,9.810000,0.060720,-0.059655,-0.026632
19.210433,997.665841,4.055845,2.470025,0.005360,1.124408,-2.517987,-0.034840,6.827748,2.494006,0.018760,1.871457,-2.517987,-0.053600,-0.195219,-0.892121,9.832759,0.004260,-0.070307,-0.025566
19.220161,997.675361,4.077321,2.470025,0.005360,1.099864,-2.517987,-0.034840,6.853826,2.494006,0.017420,1.848447,-2.494006,-0.057620,-0.138910,-0.968738,9.580054,-0.068176,-0.074569,-0.027697
19.230202,997.684736,4.101865,2.470025,0.006700,1.075321,-2.517987,-0.034840,6.878370,2.494006,0.017420,1.823903,-2.494006,-0.060300,-0.080246,-0.597527,9.728577,0.098004,-0.076698,-0.019174
19.240457,997.694405,4.129476,2.494006,0.008040,1.049243,-2.517987,-0.033500,6.902914,2.494006,0.017420,1.797825,-2.494006,-0.058960,-0.027566,-0.523265,9.757320,0.061785,-0.069242,-0.017045
19.250195,997.703902,4.154020,2.494006,0.008040,1.024699,-2.517987,-0.033500,6.927457,2.494006,0.016080,1.773282,-2.494006,-0.050920,-0.094568,-0.821489,9.601636,-0.051133,-0.066047,-0.039415
19.260403,997.713363,4.181632,2.494006,0.008040,1.000155,-2.494006,-0.034840,6.953535,2.494006,0.018760,1.747204,-2.494006,-0.050920,-0.027566,-0.623916,9.736916,0.060720,-0.072438,-0.043675
19.270461,997.723309,4.207709,2.494006,0.008040,0.975612,-2.494006,-0.034840,6.979613,2.494006,0.021440,1.722660,-2.494006,-0.053600,-0.172460,-0.548477,9.970492,0.096939,-0.070307,-0.044742
19.280205,997.732856,4.230719,2.494006,0.006700,0.951068,-2.494006,-0.036180,7.004156,2.494006,0.018760,1.698117,-2.494006,-0.058960,-0.088584,-0.820312,9.810000,-0.015978,-0.071373,-0.052198
19.290477,997.742028,4.256797,2.517987,0.006700,0.928058,-2.494006,-0.034840,7.031768,2.494006,0.017420,1.673573,-2.494006,-0.061640,-0.080246,-1.002288,9.564554,-0.060720,-0.077765,-0.053264
19.300437,997.751756,4.282874,2.517987,0.008040,0.903515,-2.494006,-0.034840,7.054778,2.494006,0.016080,1.649029,-2.494006,-0.056280,-0.125764,-1.051436,9.697479,0.011718,-0.077765,-0.041546
19.310503,997.761518,4.308952,2.517987,0.008040,0.874369,-2.494006,-0.034840,7.080855,2.494006,0.017420,1.622952,-2.494006,-0.049580,-0.119780,-0.981981,9.630379,0.055393,-0.066047,-0.031959
19.320396,997.771012,4.333496,2.517987,0.006700,0.851359,-2.494006,-0.033500,7.106933,2.517987,0.014740,1.598408,-2.494006,-0.052260,-0.190412,-1.180732,9.794402,0.006391,-0.066047,-0.034088
19.330397,997.780487,4.358039,2.517987,0.005360,0.825282,-2.494006,-0.034840,7.131477,2.517987,0.016080,1.573864,-2.494006,-0.058960,-0.278996,-1.040645,9.836389,0.054329,-0.063916,-0.029828
19.340482,997.789841,4.384117,2.517987,0.005360,0.800738,-2.517987,-0.033500,7.157554,2.517987,0.017420,1.547787,-2.494006,-0.062980,-0.228769,-0.959222,9.842373,0.061785,-0.061785,-0.023436
19.350225,997.799714,4.410195,2.517987,0.005360,0.776194,-2.517987,-0.034840,7.183632,2.517987,0.017420,1.524777,-2.517987,-0.061640,-0.247899,-1.023870,9.932135,0.018110,-0.063916,-0.020241
19.360418,997.809007,4.434738,2.517987,0.008040,0.750117,-2.517987,-0.033500,7.208176,2.517987,0.017420,1.498699,-2.517987,-0.053600,-0.153330,-0.829828,9.562101,0.001065,-0.069242,-0.019174
19.370379,997.818727,4.460816,2.517987,0.008040,0.725573,-2.517987,-0.033500,7.234253,2.517987,0.014740,1.472622,-2.517987,-0.052260,-0.017952,-0.926849,9.438790,-0.026632,-0.078830,-0.021305
19.380422,997.828004,4.483826,2.517987,0.008040,0.699495,-2.517987,-0.033500,7.258797,2.517987,0.016080,1.448078,-2.517987,-0.057620,-0.077793,-0.966383,9.686688,0.027697,-0.083090,-0.015978
19.390435,997.837842,4.508370,2.517987,0.008040,0.676486,-2.517987,-0.034840,7.284875,2.517987,0.016080,1.422000,-2.517987,-0.062980,-0.191589,-0.826296,9.735738,0.078830,-0.072438,-0.033023
19.400452,997.847369,4.532913,2.517987,0.008040,0.651942,-2.494006,-0.036180,7.309418,2.517987,0.017420,1.397456,-2.517987,-0.064320,0.014323,-0.754389,9.844727,0.090548,-0.073503,-0.040479
19.410485,997.856715,4.558991,2.517987,0.008040,0.625864,-2.470025,-0.036180,7.335496,2.517987,0.014740,1.371379,-2.517987,-0.057620,0.002354,-0.822667,9.960878,0.030892,-0.074569,-0.047937
19.420434,997.866393,4.585069,2.494006,0.008040,0.604388,-2.470025,-0.036180,7.361574,2.517987,0.014740,1.348369,-2.517987,-0.056280,-0.077793,-0.735260,9.862680,0.029828,-0.067111,-0.049002
19.430281,997.875932,4.611146,2.494006,0.008040,0.581379,-2.446044,-0.037520,7.387651,2.517987,0.014740,1.323825,-2.517987,-0.060300,0.028743,-0.937640,9.575247,-0.027697,-0.061785,-0.051133
19.440421,997.895029,4.635690,2.494006,0.008040,0.555301,-2.422063,-0.037520,7.412195,2.517987,0.014740,1.299282,-2.517987,-0.065660,-0.215526,-0.862201,9.621942,0.092679,-0.062851,-0.030892
19.450175,997.904732,4.658700,2.494006,0.008040,0.532291,-2.422063,-0.037520,7.435205,2.517987,0.014740,1.274738,-2.517987,-0.065660,-0.075439,-1.005917,9.656670,0.031959,-0.060720,-0.040479
19.460501,997.914012,4.686311,2.494006,0.008040,0.504680,-2.422063,-0.037520,7.461283,2.517987,0.016080,1.248660,-2.494006,-0.062980,-0.229946,-1.065758,9.813630,0.064980,-0.056460,-0.022370
19.470275,997.923857,4.710855,2.494006,0.008040,0.480136,-2.422063,-0.036180,7.487360,2.517987,0.014740,1.222583,-2.494006,-0.061640,-0.216703,-0.826296,9.940571,0.093743,-0.059655,-0.021305
19.480593,997.933352,4.736933,2.494006,0.008040,0.455592,-2.446044,-0.036180,7.511904,2.517987,0.016080,1.199573,-2.494006,-0.065660,-0.138910,-0.787939,9.847082,0.051133,-0.060720,-0.020241
19.490625,997.942600,4.761476,2.494006,0.008040,0.431049,-2.446044,-0.036180,7.539516,2.517987,0.017420,1.171961,-2.494006,-0.068340,-0.225140,-0.839442,9.582506,-0.029828,-0.057524,-0.028761
19.500428,997.952362,4.784486,2.494006,0.009380,0.406505,-2.470025,-0.037520,7.562525,2.517987,0.018760,1.148952,-2.494006,-0.068340,-0.179621,-1.048983,9.615958,-0.013849,-0.060720,-0.027697
19.510446,997.961966,4.810564,2.494006,0.009380,0.381961,-2.494006,-0.038860,7.588603,2.517987,0.017420,1.125942,-2.494006,-0.068340,-0.101828,-0.786762,9.645977,0.062851,-0.071373,-0.031959
19.520439,997.971241,4.835107,2.494006,0.009380,0.355884,-2.494006,-0.038860,7.613147,2.517987,0.016080,1.099864,-2.470025,-0.065660,-0.105359,-0.728098,9.796855,0.083090,-0.067111,-0.034088
19.530452,997.980959,4.861185,2.494006,0.009380,0.331340,-2.494006,-0.040200,7.639224,2.517987,0.017420,1.076855,-2.470025,-0.065660,-0.025114,-0.796376,10.045930,0.082025,-0.056460,-0.038350
19.540422,997.990455,4.885729,2.494006,0.009380,0.305262,-2.494006,-0.038860,7.663768,2.517987,0.017420,1.052311,-2.470025,-0.065660,0.001177,-0.622739,9.815984,0.064980,-0.060720,-0.039415
19.550489,998.000241,4.911806,2.494006,0.009380,0.279185,-2.494006,-0.038860,7.689846,2.517987,0.016080,1.026233,-2.470025,-0.062980,-0.063471,-0.702985,9.644702,-0.011718,-0.063916,-0.044742
19.560385,998.009676,4.934816,2.494006,0.009380,0.256175,-2.494006,-0.041540,7.714389,2.517987,0.016080,1.000155,-2.470025,-0.065660,-0.007161,-0.902912,9.656670,-0.019174,-0.063916,-0.043675
19.570436,998.019011,4.960894,2.517987,0.009380,0.231631,-2.494006,-0.040200,7.738933,2.517987,0.014740,0.977146,-2.470025,-0.067000,-0.079069,-0.730453,9.438790,0.011718,-0.076698,-0.040479
19.580431,998.028559,4.983904,2.517987,0.009380,0.205553,-2.494006,-0.042880,7.763477,2.517987,0.013400,0.952602,-2.470025,-0.065660,-0.206010,-0.890944,9.389641,-0.020241,-0.080961,-0.038350
19.590503,998.038224,5.008447,2.517987,0.009380,0.181010,-2.494006,-0.040200,7.789554,2.517987,0.013400,0.926524,-2.470025,-0.065660,-0.057487,-0.958045,9.666284,0.037284,-0.075634,-0.023436
19.600203,998.047737,5.032991,2.517987,0.009380,0.154932,-2.494006,-0.040200,7.814098,2.517987,0.014740,0.901981,-2.470025,-0.062980,-0.161669,-0.850233,9.824323,0.079894,-0.063916,-0.015978
19.610471,998.057458,5.059069,2.517987,0.008040,0.130388,-2.494006,-0.040200,7.838642,2.517987,0.014740,0.875903,-2.494006,-0.058960,-0.251430,-0.841894,9.748884,0.030892,-0.050068,-0.019174
19.620557,998.067010,5.083612,2.517987,0.008040,0.104311,-2.494006,-0.038860,7.864719,2.517987,0.016080,0.851359,-2.494006,-0.062980,-0.168830,-0.958045,9.926150,0.031959,-0.040479,-0.015978
19.630250,998.076364,5.108156,2.517987,0.009380,0.079767,-2.494006,-0.040200,7.889263,2.517987,0.017420,0.826816,-2.494006,-0.061640,-0.255060,-0.769987,9.790871,0.062851,-0.038350,-0.010653
19.640410,998.095457,5.134234,2.494006,0.009380,0.055223,-2.494006,-0.040200,7.915341,2.517987,0.017420,0.800738,-2.494006,-0.061640,-0.137732,-1.081356,9.599281,-0.049002,-0.067111,-0.033023
19.650384,998.104962,5.158777,2.494006,0.009380,0.029146,-2.517987,-0.041540,7.939885,2.517987,0.017420,0.776194,-2.494006,-0.062980,-0.135280,-0.837087,9.580054,0.029828,-0.076698,-0.035154
19.661247,998.114576,5.184855,2.494006,0.008040,0.001534,-2.517987,-0.040200,7.967496,2.517987,0.016080,0.748583,-2.494006,-0.061640,-0.159314,-0.714953,9.928505,0.116113,-0.072438,-0.031959
19.670466,998.124312,5.209399,2.494006,0.008040,-0.021476,-2.517987,-0.040200,7.992040,2.517987,0.016080,0.727107,-2.494006,-0.058960,0.031098,-0.791569,9.823145,0.034088,-0.063916,-0.036219
19.680255,998.133737,5.232408,2.494006,0.009380,-0.049087,-2.517987,-0.041540,8.015050,2.517987,0.016080,0.701029,-2.494006,-0.058960,-0.008339,-0.899283,9.836389,0.000000,-0.059655,-0.039415
19.690597,998.143146,5.258486,2.494006,0.009380,-0.075165,-2.517987,-0.040200,8.038059,2.517987,0.013400,0.676486,-2.517987,-0.056280,0.007161,-0.878976,9.854341,0.055393,-0.064980,-0.035154
19.700224,998.152997,5.283030,2.494006,0.009380,-0.099709,-2.517987,-0.041540,8.064137,2.517987,0.012060,0.650408,-2.517987,-0.057620,-0.043066,-0.849056,9.595652,-0.003196,-0.068176,-0.038350
19.710441,998.162224,5.309108,2.494006,0.008040,-0.125786,-2.517987,-0.041540,8.090215,2.517987,0.012060,0.625864,-2.517987,-0.061640,-0.194042,-1.047806,9.432806,-0.053264,-0.087352,-0.038350
19.720477,998.172120,5.333651,2.494006,0.008040,-0.150330,-2.517987,-0.041540,8.114758,2.517987,0.012060,0.599786,-2.517987,-0.064320,-0.203558,-1.299335,9.576522,-0.023436,-0.090548,-0.033023
19.730190,998.181535,5.356661,2.494006,0.008040,-0.174874,-2.517987,-0.041540,8.139302,2.517987,0.012060,0.575243,-2.517987,-0.060300,-0.195219,-1.088518,9.711802,0.093743,-0.073503,-0.015978
19.740478,998.190983,5.384273,2.494006,0.008040,-0.199418,-2.494006,-0.044220,8.163846,2.517987,0.012060,0.549165,-2.517987,-0.056280,-0.337660,-1.201136,10.150113,0.102266,-0.057524,-0.002131
19.750294,998.200560,5.407282,2.494006,0.009380,-0.223961,-2.494006,-0.044220,8.188389,2.517987,0.013400,0.524621,-2.517987,-0.060300,-0.197573,-1.044274,10.036317,0.054329,-0.042610,-0.007456
19.760397,998.210032,5.433360,2.494006,0.009380,-0.251573,-2.494006,-0.044220,8.214467,2.517987,0.016080,0.498544,-2.517987,-0.062980,-0.122134,-0.871815,9.842373,0.033023,-0.047937,-0.009587
19.770391,998.219881,5.459438,2.494006,0.010720,-0.276117,-2.494006,-0.044220,8.239011,2.494006,0.016080,0.474000,-2.517987,-0.069680,-0.243092,-0.694548,9.517760,0.011718,-0.050068,-0.014914
19.780418,998.229366,5.483981,2.494006,0.012060,-0.300660,-2.470025,-0.044220,8.263555,2.494006,0.014740,0.447922,-2.517987,-0.067000,-0.166476,-0.741244,9.239941,-0.039415,-0.063916,-0.026632
19.790412,998.238756,5.508525,2.494006,0.012060,-0.325204,-2.470025,-0.045560,8.288098,2.494006,0.017420,0.423379,-2.517987,-0.062980,-0.059841,-0.825119,9.192068,-0.039415,-0.091612,-0.031959
19.800401,998.248504,5.534603,2.494006,0.012060,-0.351282,-2.470025,-0.045560,8.311108,2.494006,0.018760,0.398835,-2.494006,-0.065660,-0.073085,-0.804714,9.401610,0.023436,-0.087352,-0.034088
19.810446,998.257777,5.559146,2.494006,0.012060,-0.375825,-2.470025,-0.044220,8.335652,2.470025,0.022780,0.374291,-2.494006,-0.067000,0.101828,-0.716130,9.917812,0.167246,-0.052198,-0.028761
19.820432,998.267511,5.583690,2.494006,0.012060,-0.401903,-2.470025,-0.044220,8.360195,2.470025,0.024120,0.348214,-2.494006,-0.069680,0.137732,-0.737712,10.453045,0.198139,-0.013849,-0.018110
19.830295,998.277104,5.608234,2.494006,0.013400,-0.426447,-2.470025,-0.044220,8.386273,2.470025,0.021440,0.325204,-2.494006,-0.064320,0.000000,-0.576043,10.387220,0.154463,0.002131,-0.007456
19.840597,998.286631,5.634311,2.494006,0.013400,-0.454058,-2.470025,-0.044220,8.410817,2.470025,0.020100,0.299126,-2.494006,-0.061640,-0.004807,-0.341290,9.786064,0.024501,-0.040479,-0.004260
19.850522,998.305684,5.657321,2.494006,0.013400,-0.478602,-2.494006,-0.044220,8.435360,2.470025,0.020100,0.273049,-2.494006,-0.058960,-0.263497,-0.598802,9.140566,-0.090548,-0.112918,-0.034088
19.860586,998.315221,5.683399,2.494006,0.013400,-0.503146,-2.494006,-0.044220,8.459904,2.470025,0.020100,0.248505,-2.494006,-0.058960,-0.170007,-0.882606,9.335785,-0.067111,-0.121440,-0.035154
19.870472,998.324792,5.706409,2.494006,0.013400,-0.527689,-2.494006,-0.042880,8.485982,2.470025,0.017420,0.225495,-2.494006,-0.062980,-0.191589,-0.717307,9.365705,0.004260,-0.102266,-0.029828
19.880459,998.334360,5.732486,2.494006,0.012060,-0.552233,-2.494006,-0.042880,8.510525,2.470025,0.017420,0.199418,-2.494006,-0.064320,-0.200026,-0.542493,9.559747,0.096939,-0.067111,-0.003196
19.890461,998.343699,5.758564,2.494006,0.012060,-0.576777,-2.494006,-0.041540,8.536603,2.470025,0.017420,0.174874,-2.494006,-0.061640,-0.159314,-0.881330,9.914182,0.022370,-0.039415,0.005327
19.900427,998.353243,5.784642,2.494006,0.012060,-0.602854,-2.494006,-0.041540,8.561147,2.494006,0.014740,0.148796,-2.494006,-0.054940,-0.292240,-1.161602,9.778902,-0.040479,-0.004260,-0.021305
19.910447,998.362762,5.810719,2.494006,0.012060,-0.630466,-2.494006,-0.040200,8.587224,2.494006,0.013400,0.121184,-2.494006,-0.053600,-0.243092,-0.983158,9.945280,0.140614,0.018110,-0.019174
19.920488,998.372314,5.835263,2.494006,0.010720,-0.655010,-2.494006,-0.040200,8.611768,2.494006,0.012060,0.096641,-2.494006,-0.054940,-0.225140,-0.482554,9.951264,0.178964,-0.035154,-0.007456
19.930422,998.382050,5.862875,2.494006,0.009380,-0.681087,-2.494006,-0.040200,8.637846,2.517987,0.010720,0.070563,-2.517987,-0.056280,-0.275465,-0.795100,9.760950,-0.049002,-0.093743,-0.039415
19.940535,998.391518,5.887418,2.517987,0.006700,-0.708699,-2.494006,-0.038860,8.662390,2.517987,0.010720,0.046019,-2.517987,-0.056280,-0.059841,-1.269316,9.653138,-0.133158,-0.109722,-0.053264
19.950408,998.401014,5.913496,2.517987,0.006700,-0.733243,-2.517987,-0.038860,8.688467,2.517987,0.010720,0.019942,-2.517987,-0.056280,-0.003630,-0.851410,9.605265,0.060720,-0.095874,-0.040479
19.960707,998.410698,5.938040,2.517987,0.006700,-0.759320,-2.517987,-0.038860,8.714545,2.517987,0.012060,-0.004602,-2.517987,-0.050920,0.023936,-0.838265,9.777627,0.062851,-0.066047,-0.034088
19.970106,998.420359,5.961049,2.517987,0.006700,-0.780796,-2.517987,-0.038860,8.737555,2.517987,0.013400,-0.029146,-2.517987,-0.048240,0.107812,-1.171118,9.848357,0.007456,-0.030892,-0.027697
19.980200,998.429655,5.985593,2.517987,0.008040,-0.808408,-2.517987,-0.040200,8.763632,2.517987,0.012060,-0.055223,-2.517987,-0.050920,0.000000,-0.811876,9.718963,0.061785,-0.033023,-0.030892
19.990408,998.439148,6.011671,2.517987,0.008040,-0.832952,-2.517987,-0.040200,8.789710,2.517987,0.010720,-0.081301,-2.541967,-0.053600,-0.064648,-0.904090,9.511776,-0.012783,-0.056460,-0.035154
20.000425,998.448989,6.037748,2.517987,0.008040,-0.859029,-2.517987,-0.041540,8.815788,2.517987,0.010720,-0.107379,-2.541967,-0.058960,0.049050,-1.040645,9.298703,-0.084156,-0.092679,-0.044742
20.010382,998.458560,6.063826,2.517987,0.008040,-0.883573,-2.517987,-0.042880,8.840331,2.517987,0.009380,-0.131922,-2.541967,-0.058960,-0.093391,-1.153166,9.327446,-0.047937,-0.086286,-0.041546
20.020432,998.468153,6.088370,2.517987,0.008040,-0.908117,-2.517987,-0.042880,8.864875,2.517987,0.010720,-0.156466,-2.541967,-0.058960,-0.122134,-0.948431,9.799209,0.144876,-0.046871,-0.026632
20.030198,998.477416,6.111379,2.517987,0.008040,-0.934194,-2.494006,-0.042880,8.889419,2.517987,0.012060,-0.179476,-2.517987,-0.057620,-0.124587,-0.883783,10.140499,0.176833,-0.011718,-0.019174
20.040382,998.486965,6.137457,2.494006,0.009380,-0.958738,-2.494006,-0.044220,8.917030,2.517987,0.013400,-0.207087,-2.517987,-0.061640,-0.348451,-0.944801,10.298538,0.075634,-0.021305,-0.023436
20.050586,998.496637,6.163535,2.494006,0.010720,-0.984816,-2.494006,-0.044220,8.941574,2.517987,0.014740,-0.231631,-2.494006,-0.065660,-0.235930,-0.871815,10.133338,0.034088,-0.047937,-0.027697
20.060528,998.515582,6.188078,2.494006,0.012060,-1.009359,-2.494006,-0.044220,8.966118,2.517987,0.013400,-0.257709,-2.494006,-0.067000,-0.348451,-1.173570,9.510599,-0.132093,-0.096939,-0.038350
20.070244,998.525150,6.214156,2.494006,0.012060,-1.035437,-2.494006,-0.045560,8.990661,2.517987,0.012060,-0.280718,-2.494006,-0.062980,-0.173637,-0.900558,9.273491,0.005327,-0.067111,-0.040479
20.080254,998.534668,6.238700,2.494006,0.010720,-1.059981,-2.470025,-0.045560,9.016739,2.517987,0.013400,-0.306796,-2.470025,-0.058960,-0.249076,-0.753212,9.683059,0.176833,-0.028761,-0.024501
20.090323,998.544498,6.264778,2.494006,0.010720,-1.084524,-2.470025,-0.045560,9.041283,2.517987,0.014740,-0.331340,-2.470025,-0.058960,-0.250253,-0.662175,9.810000,0.122505,-0.022370,-0.025566
20.100432,998.554018,6.290855,2.494006,0.012060,-1.110602,-2.470025,-0.045560,9.065826,2.494006,0.014740,-0.357418,-2.470025,-0.062980,-0.028743,-0.839442,10.025526,0.049002,-0.052198,-0.028761
20.110388,998.563473,6.316933,2.494006,0.013400,-1.135146,-2.470025,-0.044220,9.090370,2.494006,0.014740,-0.381961,-2.470025,-0.064320,-0.114973,-0.622739,9.769289,0.029828,-0.062851,-0.031959
20.120399,998.573052,6.341477,2.494006,0.013400,-1.159689,-2.470025,-0.044220,9.114914,2.494006,0.017420,-0.406505,-2.470025,-0.062980,-0.067100,-0.805892,9.726223,-0.019174,-0.063916,-0.030892
20.130247,998.582539,6.366020,2.494006,0.013400,-1.185767,-2.470025,-0.045560,9.140992,2.494006,0.017420,-0.431049,-2.470025,-0.057620,-0.081423,-0.855040,9.497453,-0.025566,-0.062851,-0.030892
20.140376,998.592121,6.390564,2.494006,0.012060,-1.211845,-2.494006,-0.045560,9.165535,2.494006,0.014740,-0.458660,-2.470025,-0.058960,-0.237108,-0.981981,9.649508,-0.003196,-0.056460,-0.031959
20.150432,998.601679,6.416642,2.494006,0.012060,-1.236389,-2.494006,-0.045560,9.191613,2.494006,0.014740,-0.483204,-2.470025,-0.057620,-0.210719,-0.902912,9.672268,0.071373,-0.044742,-0.025566
20.160447,998.611161,6.441185,2.494006,0.012060,-1.264000,-2.494006,-0.045560,9.216157,2.494006,0.014740,-0.507748,-2.470025,-0.058960,-0.318531,-0.787939,9.742900,0.067111,-0.051133,-0.024501
20.170390,998.620697,6.467263,2.494006,0.012060,-1.288544,-2.517987,-0.044220,9.240700,2.517987,0.016080,-0.533825,-2.470025,-0.058960,-0.349628,-0.924494,9.927328,0.030892,-0.061785,-0.023436
20.180434,998.630350,6.491807,2.494006,0.013400,-1.314622,-2.517987,-0.045560,9.266778,2.517987,0.017420,-0.559903,-2.470025,-0.061640,-0.175991,-0.650207,9.734561,0.031959,-0.062851,-0.022370
20.190360,998.639787,6.514816,2.494006,0.013400,-1.339165,-2.517987,-0.044220,9.291322,2.517987,0.016080,-0.584447,-2.470025,-0.061640,-0.257512,-0.744873,9.514228,-0.007456,-0.053264,-0.023436
20.200482,998.649511,6.542428,2.494006,0.013400,-1.363709,-2.517987,-0.045560,9.317399,2.517987,0.014740,-0.610524,-2.470025,-0.062980,-0.239462,-1.070565,9.501083,-0.054329,-0.056460,-0.030892
20.210508,998.659009,6.566972,2.494006,0.014740,-1.389787,-2.517987,-0.045560,9.343477,2.517987,0.014740,-0.635068,-2.494006,-0.057620,-0.177267,-0.932833,9.489115,0.034088,-0.051133,-0.027697
20.220596,998.668613,6.593049,2.494006,0.014740,-1.415864,-2.517987,-0.045560,9.368021,2.517987,0.016080,-0.661146,-2.494006,-0.053600,-0.227494,-0.750857,9.732207,0.117180,-0.041546,-0.027697
20.230113,998.678015,6.617593,2.494006,0.014740,-1.437340,-2.517987,-0.045560,9.391030,2.517987,0.014740,-0.685689,-2.494006,-0.056280,-0.155685,-1.068211,10.103417,0.082025,-0.022370,-0.030892
20.240146,998.687773,6.642137,2.494006,0.014740,-1.461884,-2.517987,-0.044220,9.417108,2.517987,0.014740,-0.710233,-2.494006,-0.057620,-0.089860,-0.855040,9.970492,0.099070,-0.019174,-0.023436
20.250193,998.697089,6.666681,2.494006,0.016080,-1.487961,-2.517987,-0.044220,9.443186,2.517987,0.018760,-0.734777,-2.494006,-0.060300,-0.201203,-0.668257,9.853066,0.046871,-0.062851,-0.019174
20.260311,998.706717,6.691224,2.494006,0.016080,-1.514039,-2.517987,-0.044220,9.469263,2.517987,0.017420,-0.760854,-2.494006,-0.058960,-0.076616,-0.708969,9.479501,-0.050068,-0.085221,-0.034088
20.270427,998.716152,6.717302,2.494006,0.016080,-1.540117,-2.517987,-0.045560,9.492273,2.517987,0.016080,-0.788466,-2.494006,-0.060300,-0.070632,-0.912526,9.298703,-0.082025,-0.104395,-0.039415
20.280326,998.725684,6.743380,2.494006,0.016080,-1.566194,-2.517987,-0.046900,9.516817,2.517987,0.016080,-0.813010,-2.494006,-0.056280,-0.202380,-0.956769,9.520213,0.009587,-0.072438,-0.033023
20.290377,998.735504,6.767923,2.494006,0.016080,-1.590738,-2.517987,-0.046900,9.541361,2.494006,0.017420,-0.839087,-2.517987,-0.054940,-0.160492,-0.748405,9.663929,0.117180,-0.037284,-0.022370
20.300413,998.754668,6.792467,2.494006,0.014740,-1.616816,-2.517987,-0.044220,9.565904,2.494006,0.017420,-0.865165,-2.517987,-0.053600,-0.343644,-1.014256,10.081835,0.089483,-0.019174,-0.021305
20.310450,998.764119,6.818545,2.494006,0.014740,-1.641359,-2.517987,-0.044220,9.593516,2.494006,0.020100,-0.889709,-2.517987,-0.054940,-0.214349,-0.519734,9.883085,0.091612,-0.059655,-0.010653
20.320501,998.773561,6.846156,2.494006,0.016080,-1.665903,-2.541967,-0.042880,9.618060,2.494006,0.021440,-0.915787,-2.517987,-0.056280,-0.246722,-0.595173,9.625572,-0.031959,-0.080961,-0.027697
20.330525,998.783034,6.870700,2.494006,0.017420,-1.691981,-2.541967,-0.044220,9.642603,2.494006,0.021440,-0.941864,-2.517987,-0.056280,-0.217978,-0.878976,9.416030,-0.105462,-0.087352,-0.037284
20.340571,998.792706,6.896778,2.494006,0.017420,-1.718058,-2.541967,-0.044220,9.668681,2.494006,0.018760,-0.967942,-2.517987,-0.057620,-0.134103,-0.844249,9.492647,0.009587,-0.074569,-0.029828
20.350158,998.802142,6.919787,2.494006,0.017420,-1.742602,-2.541967,-0.044220,9.690157,2.494006,0.018760,-0.992486,-2.517987,-0.060300,-0.179621,-0.674241,9.753691,0.112918,-0.053264,-0.025566
20.360160,998.811862,6.944331,2.494006,0.017420,-1.767146,-2.541967,-0.042880,9.714700,2.494006,0.017420,-1.017029,-2.517987,-0.056280,-0.081423,-0.974820,10.154920,0.072438,-0.045806,-0.033023
20.370208,998.821401,6.968875,2.494006,0.017420,-1.793224,-2.541967,-0.041540,9.740778,2.494006,0.018760,-1.041573,-2.517987,-0.052260,-0.051503,-0.855040,9.946555,0.019174,-0.059655,-0.039415
20.380390,998.830970,6.996486,2.494006,0.017420,-1.819301,-2.541967,-0.041540,9.766856,2.494006,0.018760,-1.069185,-2.517987,-0.052260,-0.114973,-0.672966,9.701011,0.014914,-0.072438,-0.039415
20.390387,998.840499,7.022564,2.494006,0.017420,-1.845379,-2.541967,-0.041540,9.791399,2.494006,0.017420,-1.095262,-2.517987,-0.046900,-0.046696,-0.855040,9.481855,-0.035154,-0.077765,-0.042610
20.400366,998.850122,7.047108,2.494006,0.016080,-1.869923,-2.541967,-0.041540,9.815943,2.494006,0.014740,-1.118272,-2.517987,-0.052260,-0.118505,-0.967560,9.395626,-0.044742,-0.089483,-0.042610
20.410595,998.859657,7.073185,2.494006,0.016080,-1.894466,-2.541967,-0.041540,9.842021,2.494006,0.013400,-1.147418,-2.517987,-0.052260,-0.259867,-0.926849,9.381303,0.000000,-0.080961,-0.038350
20.420081,998.869160,7.096195,2.494006,0.016080,-1.917476,-2.541967,-0.040200,9.865030,2.494006,0.014740,-1.170427,-2.517987,-0.057620,-0.174814,-0.983158,9.587215,0.054329,-0.063916,-0.031959
20.430178,998.878619,7.122273,2.494006,0.016080,-1.945088,-2.541967,-0.041540,9.891108,2.494006,0.013400,-1.196505,-2.517987,-0.058960,-0.246722,-0.880153,9.659122,0.053264,-0.055393,-0.034088
20.440178,998.888127,7.146816,2.494006,0.016080,-1.969631,-2.541967,-0.038860,9.915652,2.494006,0.013400,-1.221049,-2.517987,-0.054940,-0.263497,-0.974820,9.746529,0.029828,-0.049002,-0.031959
20.450197,998.897766,7.172894,2.494006,0.016080,-1.995709,-2.517987,-0.038860,9.940196,2.494006,0.018760,-1.247126,-2.517987,-0.052260,-0.252706,-0.980804,9.934587,0.054329,-0.042610,-0.026632
20.460353,998.907209,7.197438,2.494006,0.017420,-2.018719,-2.517987,-0.038860,9.969341,2.494006,0.018760,-1.271670,-2.517987,-0.053600,-0.352081,-0.993949,10.050737,0.051133,-0.031959,-0.023436
20.470373,998.916767,7.225050,2.494006,0.018760,-2.043262,-2.517987,-0.040200,9.993885,2.494006,0.020100,-1.299282,-2.517987,-0.056280,-0.177267,-0.831103,10.081835,0.050068,-0.049002,-0.025566
20.480359,998.926507,7.249593,2.494006,0.021440,-2.069340,-2.517987,-0.040200,10.018429,2.494006,0.024120,-1.323825,-2.517987,-0.061640,-0.080246,-0.880153,9.935764,-0.022370,-0.066047,-0.029828
20.490409,998.936014,7.274137,2.494006,0.021440,-2.093884,-2.517987,-0.040200,10.042972,2.494006,0.024120,-1.348369,-2.517987,-0.057620,-0.131748,-0.930479,9.760950,-0.035154,-0.064980,-0.031959
20.500448,998.954863,7.300215,2.494006,0.021440,-2.118427,-2.517987,-0.040200,10.067516,2.494006,0.024120,-1.374447,-2.517987,-0.060300,-0.093391,-0.664628,9.575247,0.039415,-0.061785,-0.039415
20.510489,998.964719,7.324758,2.494006,0.020100,-2.142971,-2.494006,-0.040200,10.092060,2.494006,0.022780,-1.398990,-2.517987,-0.060300,-0.150878,-0.764003,9.342946,-0.022370,-0.072438,-0.050068
20.520533,998.974104,7.349302,2.494006,0.018760,-2.169049,-2.494006,-0.038860,10.116603,2.494006,0.021440,-1.423534,-2.517987,-0.057620,-0.119780,-1.118438,9.242393,-0.055393,-0.071373,-0.055393
20.530552,998.983669,7.373846,2.494006,0.018760,-2.193593,-2.494006,-0.038860,10.142681,2.494006,0.021440,-1.449612,-2.517987,-0.057620,-0.073085,-0.872992,9.545326,0.069242,-0.070307,-0.044742
20.540117,998.993247,7.398389,2.494006,0.018760,-2.218136,-2.494006,-0.040200,10.165691,2.494006,0.021440,-1.472622,-2.517987,-0.057620,-0.214349,-0.620286,9.624395,0.099070,-0.060720,-0.037284
20.550192,999.002824,7.426001,2.494006,0.020100,-2.244214,-2.494006,-0.040200,10.190234,2.494006,0.022780,-1.498699,-2.517987,-0.061640,-0.191589,-1.146004,9.898584,-0.019174,-0.043675,-0.038350
20.560405,999.012512,7.452079,2.494006,0.020100,-2.268758,-2.494006,-0.040200,10.216312,2.494006,0.018760,-1.526311,-2.517987,-0.062980,-0.262221,-1.100486,9.851889,0.034088,-0.030892,-0.030892
20.570359,999.022037,7.476622,2.494006,0.018760,-2.294835,-2.494006,-0.040200,10.240856,2.494006,0.017420,-1.549321,-2.517987,-0.060300,-0.409568,-0.680225,9.879455,0.107593,-0.040479,-0.022370
20.580336,999.031623,7.501166,2.494006,0.018760,-2.319379,-2.517987,-0.040200,10.268467,2.494006,0.017420,-1.573864,-2.517987,-0.058960,-0.398777,-0.907719,9.665106,-0.022370,-0.059655,-0.028761
20.590363,999.040951,7.525710,2.494006,0.018760,-2.345457,-2.517987,-0.038860,10.294545,2.494006,0.016080,-1.598408,-2.517987,-0.061640,-0.295772,-0.940092,9.511776,-0.041546,-0.069242,-0.034088
20.600444,999.050571,7.553321,2.517987,0.021440,-2.370000,-2.517987,-0.038860,10.319089,2.494006,0.016080,-1.624486,-2.517987,-0.060300,-0.280174,-0.543670,9.583683,0.074569,-0.086286,-0.031959
20.610448,999.059957,7.577865,2.517987,0.021440,-2.394544,-2.517987,-0.038860,10.345166,2.494006,0.017420,-1.650563,-2.517987,-0.061640,-0.079069,-0.805892,9.679429,-0.014914,-0.077765,-0.041546
20.620227,999.069529,7.602409,2.517987,0.021440,-2.419088,-2.494006,-0.038860,10.366642,2.517987,0.016080,-1.673573,-2.517987,-0.064320,-0.124587,-0.967560,9.715432,-0.020241,-0.049002,-0.043675
20.630323,999.079105,7.626952,2.517987,0.020100,-2.443631,-2.494006,-0.040200,10.394254,2.517987,0.014740,-1.701185,-2.517987,-0.065660,-0.147248,-0.894574,10.099787,0.109722,-0.031959,-0.041546
20.640355,999.088764,7.653030,2.517987,0.018760,-2.468175,-2.494006,-0.040200,10.418798,2.517987,0.012060,-1.724194,-2.517987,-0.061640,-0.103005,-0.656191,9.966862,0.123571,-0.042610,-0.045806
20.650421,999.098276,7.679108,2.517987,0.017420,-2.494253,-2.494006,-0.038860,10.446409,2.517987,0.010720,-1.751806,-2.517987,-0.057620,-0.197573,-0.983158,9.830405,-0.031959,-0.070307,-0.058589
20.660397,999.107905,7.703652,2.517987,0.016080,-2.520330,-2.494006,-0.038860,10.470953,2.541967,0.009380,-1.777884,-2.517987,-0.057620,-0.211994,-0.677773,9.357367,-0.024501,-0.108657,-0.060720
20.670446,999.117338,7.728195,2.517987,0.016080,-2.544874,-2.494006,-0.038860,10.497031,2.541967,0.009380,-1.802427,-2.517987,-0.058960,-0.035905,-0.809521,9.340592,-0.043675,-0.128898,-0.055393
20.680454,999.126985,7.752739,2.517987,0.016080,-2.570952,-2.494006,-0.038860,10.523108,2.541967,0.009380,-1.826971,-2.517987,-0.062980,-0.154508,-0.822667,9.096323,-0.064980,-0.099070,-0.047937
20.690392,999.136354,7.777283,2.517987,0.016080,-2.595495,-2.494006,-0.040200,10.547652,2.541967,0.009380,-1.853049,-2.517987,-0.058960,-0.135280,-1.238218,9.568085,-0.011718,-0.062851,-0.034088
20.700331,999.145863,7.803360,2.517987,0.016080,-2.620039,-2.494006,-0.038860,10.573730,2.541967,0.006700,-1.877592,-2.517987,-0.054940,-0.210719,-1.070565,9.911828,0.136354,-0.017045,-0.014914
20.710394,999.164975,7.830972,2.517987,0.016080,-2.646117,-2.494006,-0.036180,10.599807,2.541967,0.006700,-1.902136,-2.517987,-0.050920,-0.358065,-0.949608,9.744175,0.001065,-0.050068,-0.028761
20.720136,999.174688,7.857050,2.517987,0.014740,-2.670661,-2.494006,-0.036180,10.622817,2.541967,0.005360,-1.928214,-2.517987,-0.050920,-0.208364,-0.832280,9.309396,-0.050068,-0.089483,-0.033023
20.730531,999.184335,7.883127,2.517987,0.013400,-2.698272,-2.517987,-0.034840,10.650429,2.541967,0.005360,-1.954292,-2.517987,-0.053600,-0.277819,-1.042999,9.492647,-0.029828,-0.093743,-0.028761
20.740167,999.193662,7.904603,2.517987,0.014740,-2.721282,-2.517987,-0.036180,10.674972,2.541967,0.005360,-1.978835,-2.517987,-0.056280,-0.161669,-1.064581,9.751336,0.030892,-0.073503,-0.030892
20.750205,999.203495,7.930681,2.517987,-0.028140,-2.745826,-2.517987,0.010720,10.699516,2.541967,-0.038860,-2.003379,-2.517987,0.004020,-0.125764,-0.841894,9.776450,0.085221,-0.057524,-0.037284
20.760406,999.213039,7.953690,2.517987,-0.021440,-2.768835,-2.494006,0.002680,10.724060,2.541967,-0.033500,-2.026389,-2.517987,-0.010720,-0.088584,-1.166409,10.030333,0.012783,-0.056460,-0.045806
20.770599,999.222571,7.975166,2.494006,-0.018760,-2.790311,-2.470025,0.002680,10.747069,2.517987,-0.029480,-2.044796,-2.470025,-0.013400,-0.064648,-1.016708,9.714156,0.040479,-0.063916,-0.045806
20.780150,999.231808,7.992040,2.446044,-0.021440,-2.810253,-2.422063,0.005360,10.765477,2.470025,-0.030820,-2.061670,-2.422063,-0.012060,-0.038357,-1.302866,9.844727,0.026632,-0.074569,-0.047937
20.790179,999.241672,8.005846,2.350121,-0.022780,-2.827127,-2.350121,0.008040,10.780817,2.398082,-0.032160,-2.077010,-2.326140,-0.012060,0.077793,-1.304043,9.465080,-0.020241,-0.086286,-0.046871
20.800561,999.251056,8.022720,2.230217,-0.022780,-2.840932,-2.230217,0.009380,10.796157,2.278178,-0.033500,-2.092350,-2.182255,-0.006700,0.189235,-1.620220,9.170486,-0.117180,-0.111853,-0.049002
20.810392,999.260564,8.036525,2.086332,-0.022780,-2.853204,-2.086332,0.010720,10.806895,2.134293,-0.033500,-2.104622,-2.038370,-0.006700,0.243092,-2.315945,9.184907,-0.194943,-0.115049,-0.034088
20.820447,999.270074,8.050331,1.942447,-0.022780,-2.862408,-1.918466,0.010720,10.817633,1.942447,-0.032160,-2.115360,-1.846523,-0.004020,0.296949,-2.585426,9.534535,-0.064980,-0.094808,-0.019174
20.830365,999.279564,8.059535,1.774581,-0.021440,-2.871612,-1.726619,0.009380,10.826836,1.750600,-0.030820,-2.124563,-1.702638,-0.004020,0.413099,-2.383045,9.599281,0.082025,-0.080961,-0.033023
20.840404,999.289302,8.067205,1.606715,-0.020100,-2.879282,-1.534773,0.008040,10.834506,1.558754,-0.028140,-2.133767,-1.510792,-0.004020,0.409568,-2.374707,9.656670,0.080961,-0.078830,-0.042610
20.850424,999.298895,8.073341,1.438849,-0.017420,-2.885418,-1.342926,0.008040,10.840642,1.342926,-0.028140,-2.141437,-1.342926,-0.005360,0.444295,-2.448870,9.465080,-0.007456,-0.083090,-0.030892
20.860500,999.308355,8.077943,1.270984,-0.016080,-2.891554,-1.151080,0.008040,10.845244,1.175060,-0.025460,-2.147573,-1.199041,-0.006700,0.467054,-2.586603,9.342946,-0.044742,-0.086286,-0.033023
20.870375,999.317758,8.084079,1.103118,-0.013400,-2.896156,-1.007195,0.009380,10.849846,1.007195,-0.024120,-2.153709,-1.079137,-0.008040,0.444295,-2.574635,9.692672,0.068176,-0.075634,-0.028761
20.880244,999.327463,8.087147,0.935252,-0.010720,-2.899224,-0.863310,0.009380,10.852914,0.863310,-0.022780,-2.156777,-0.935252,-0.014740,0.389163,-2.343511,10.093803,0.139550,-0.058589,-0.027697
20.890390,999.337039,8.087147,0.767386,-0.006700,-2.902292,-0.719425,0.009380,10.855982,0.743406,-0.020100,-2.161379,-0.815348,-0.020100,0.217978,-2.269249,10.104594,0.084156,-0.044742,-0.029828
20.900160,999.346578,8.088681,0.623501,-0.005360,-2.905360,-0.623501,0.009380,10.859050,0.623501,-0.016080,-2.164447,-0.695444,-0.025460,0.158039,-1.978285,9.787241,0.043675,-0.057524,-0.035154
20.910194,999.355963,8.087147,0.479616,-0.002680,-2.908428,-0.551559,0.009380,10.862118,0.527578,-0.013400,-2.165981,-0.599521,-0.030820,0.041889,-1.841729,9.507067,0.014914,-0.063916,-0.036219
20.920484,999.375249,8.087147,0.359712,-0.001340,-2.909962,-0.455636,0.008040,10.862118,0.455636,-0.009380,-2.167515,-0.503597,-0.034840,-0.059841,-1.239395,9.461549,0.088417,-0.055393,-0.024501
20.930422,999.384864,8.087147,0.263789,0.000000,-2.911496,-0.383693,0.006700,10.860584,0.359712,-0.005360,-2.169049,-0.407674,-0.041540,-0.122134,-0.973544,9.693850,0.115049,-0.049002,-0.019174
20.940385,999.394227,8.088681,0.167866,0.004020,-2.911496,-0.311751,0.005360,10.860584,0.263789,0.000000,-2.169049,-0.335732,-0.050920,-0.196396,-0.872992,9.776450,0.085221,-0.036219,-0.017045
20.950340,999.403721,8.090215,0.095923,0.008040,-2.911496,-0.239808,0.001340,10.860584,0.191847,0.000000,-2.169049,-0.263789,-0.053600,-0.215526,-0.689741,9.833936,0.107593,-0.028761,-0.010653
20.960430,999.413602,8.090215,0.071942,0.010720,-2.909962,-0.191847,0.000000,10.860584,0.119904,0.000000,-2.169049,-0.191847,-0.052260,-0.249076,-0.353258,9.836389,0.148072,-0.023436,-0.001065
20.970449,999.422850,8.091749,0.071942,0.012060,-2.909962,-0.119904,0.000000,10.860584,0.071942,0.004020,-2.169049,-0.143885,-0.052260,-0.283803,-0.116150,9.886616,0.141681,-0.029828,-0.006391
20.980631,999.432575,8.091749,0.071942,0.013400,-2.909962,-0.071942,0.000000,10.860584,0.023981,0.006700,-2.169049,-0.095923,-0.050920,-0.356888,-0.181976,9.783611,0.039415,-0.047937,-0.027697
20.990514,999.441950,8.093283,0.047962,0.014740,-2.909962,-0.047962,0.000000,10.860584,0.000000,0.008040,-2.169049,-0.047962,-0.052260,-0.377194,-0.465877,9.684236,-0.049002,-0.064980,-0.042610
21.000534,999.451463,8.093283,0.047962,0.014740,-2.909962,0.000000,-0.001340,10.860584,0.000000,0.008040,-2.169049,-0.023981,-0.050920,-0.389163,-0.293417,9.559747,0.021305,-0.073503,-0.041546
21.010565,999.461059,8.093283,0.047962,0.014740,-2.909962,0.000000,-0.001340,10.860584,0.000000,0.008040,-2.169049,0.000000,-0.050920,-0.425067,-0.277819,9.552487,0.044742,-0.073503,-0.038350
21.020586,999.470659,8.093283,0.047962,0.014740,-2.911496,0.000000,-0.001340,10.860584,0.000000,0.009380,-2.169049,0.000000,-0.050920,-0.453811,-0.294594,9.408869,-0.005327,-0.078830,-0.038350
21.030327,999.480298,8.093283,0.047962,0.013400,-2.911496,0.000000,0.000000,10.862118,0.000000,0.008040,-2.169049,0.000000,-0.050920,-0.428697,-0.717307,9.516583,-0.045806,-0.085221,-0.037284
21.040438,999.489786,8.093283,0.023981,0.010720,-2.911496,0.000000,0.000000,10.862118,0.000000,0.006700,-2.169049,0.000000,-0.050920,-0.348451,-0.668257,9.692672,0.054329,-0.066047,-0.027697
21.050471,999.499371,8.094817,0.023981,0.008040,-2.914563,-0.023981,0.000000,10.862118,0.000000,0.004020,-2.169049,0.000000,-0.050920,-0.314901,-0.592720,9.930957,0.124636,-0.055393,-0.021305
21.060540,999.508943,8.094817,0.023981,0.006700,-2.916097,-0.047962,0.000000,10.863652,0.000000,0.001340,-2.169049,0.000000,-0.050920,-0.214349,-0.789116,9.863857,0.007456,-0.067111,-0.029828
21.070346,999.518671,8.096351,0.023981,0.004020,-2.917631,-0.071942,0.000000,10.863652,0.023981,0.000000,-2.169049,0.000000,-0.050920,-0.125764,-1.016708,9.784886,-0.042610,-0.079894,-0.030892
21.080268,999.528213,8.096351,0.023981,0.001340,-2.917631,-0.071942,0.000000,10.865186,0.023981,0.000000,-2.169049,0.000000,-0.050920,-0.053857,-0.932833,9.739368,0.019174,-0.088417,-0.033023
21.090365,999.537592,8.096351,0.023981,0.000000,-2.919165,-0.095923,0.000000,10.865186,0.047962,0.000000,-2.169049,0.000000,-0.050920,-0.007161,-1.019063,9.600458,-0.015978,-0.085221,-0.037284
21.100366,999.547057,8.097885,0.047962,0.000000,-2.919165,-0.095923,0.000000,10.866720,0.047962,0.000000,-2.169049,0.000000,-0.052260,0.057487,-1.342400,9.592022,-0.047937,-0.078830,-0.041546
21.110402,999.556765,8.099419,0.047962,0.000000,-2.919165,-0.095923,0.000000,10.868254,0.047962,-0.001340,-2.169049,0.000000,-0.052260,0.092214,-1.337594,9.730931,0.025566,-0.073503,-0.040479
21.120520,999.566131,8.099419,0.047962,0.000000,-2.919165,-0.095923,0.000000,10.868254,0.071942,-0.002680,-2.169049,0.000000,-0.050920,0.088584,-1.275300,9.781257,0.062851,-0.062851,-0.040479
21.130331,999.585462,8.099419,0.047962,0.000000,-2.919165,-0.071942,0.000000,10.868254,0.071942,-0.002680,-2.169049,0.000000,-0.050920,0.022759,-1.367514,9.704641,0.018110,-0.060720,-0.041546
21.140371,999.595056,8.099419,0.047962,0.000000,-2.919165,-0.047962,0.000000,10.869788,0.071942,-0.002680,-2.169049,0.000000,-0.050920,-0.027566,-1.404694,9.692672,0.011718,-0.060720,-0.038350
21.150401,999.604231,8.099419,0.047962,0.000000,-2.919165,-0.023981,0.000000,10.868254,0.047962,-0.002680,-2.169049,0.000000,-0.050920,-0.070632,-1.288544,9.686688,0.037284,-0.059655,-0.036219
21.160614,999.613863,8.099419,0.047962,0.000000,-2.919165,0.000000,-0.001340,10.868254,0.047962,0.000000,-2.169049,0.000000,-0.050920,-0.114973,-1.205845,9.697479,0.046871,-0.059655,-0.034088
21.170205,999.623462,8.099419,0.047962,0.001340,-2.919165,0.000000,-0.001340,10.868254,0.023981,0.000000,-2.169049,0.000000,-0.050920,-0.159314,-1.068211,9.659122,0.037284,-0.059655,-0.031959
21.180246,999.633062,8.099419,0.047962,0.001340,-2.917631,0.000000,-0.001340,10.868254,0.023981,0.000000,-2.169049,0.000000,-0.050920,-0.192767,-0.930479,9.639993,0.051133,-0.055393,-0.028761
21.190387,999.642564,8.099419,0.023981,0.001340,-2.916097,0.000000,-0.001340,10.868254,0.000000,0.000000,-2.169049,0.000000,-0.050920,-0.219155,-0.700532,9.657945,0.082025,-0.051133,-0.027697
21.200404,999.652011,8.099419,0.023981,0.001340,-2.916097,0.023981,-0.001340,10.868254,0.000000,0.000000,-2.169049,0.000000,-0.050920,-0.262221,-0.585559,9.641170,0.061785,-0.052198,-0.029828
21.210377,999.661563,8.099419,0.000000,0.001340,-2.916097,0.023981,-0.002680,10.868254,0.000000,0.000000,-2.169049,0.000000,-0.050920,-0.281449,-0.592720,9.623218,0.025566,-0.057524,-0.035154
21.220450,999.671463,8.099419,0.000000,0.001340,-2.916097,0.023981,-0.002680,10.868254,0.000000,0.000000,-2.169049,0.000000,-0.050920,-0.296949,-0.519734,9.733384,0.053264,-0.056460,-0.036219
21.230505,999.680867,8.099419,0.000000,0.001340,-2.914563,0.047962,-0.002680,10.868254,0.000000,0.000000,-2.169049,0.000000,-0.050920,-0.343644,-0.365226,9.774095,0.086286,-0.049002,-0.035154
21.240525,999.690356,8.099419,0.000000,0.001340,-2.914563,0.047962,-0.002680,10.868254,0.000000,0.000000,-2.169049,0.000000,-0.050920,-0.330499,-0.352081,9.684236,0.041546,-0.058589,-0.038350
21.250560,999.700015,8.099419,0.000000,0.001340,-2.914563,0.047962,-0.002680,10.868254,0.000000,0.000000,-2.169049,0.000000,-0.050920,-0.332951,-0.542493,9.636363,-0.013849,-0.068176,-0.040479
21.260118,999.709660,8.099419,0.000000,0.001340,-2.914563,0.047962,-0.002680,10.868254,0.000000,0.000000,-2.169049,0.000000,-0.050920,-0.337660,-0.570059,9.663929,0.010653,-0.071373,-0.038350
21.270383,999.719162,8.099419,0.000000,0.001340,-2.916097,0.023981,-0.002680,10.868254,0.000000,0.000000,-2.169049,0.000000,-0.050920,-0.286158,-0.646675,9.747707,0.029828,-0.066047,-0.033023
21.280414,999.728679,8.099419,0.000000,0.001340,-2.917631,0.000000,-0.002680,10.868254,0.000000,0.000000,-2.169049,0.000000,-0.050920,-0.226317,-0.717307,9.735738,0.022370,-0.067111,-0.031959
21.290468,999.738111,8.099419,0.000000,0.001340,-2.919165,0.000000,-0.002680,10.868254,0.000000,0.000000,-2.169049,0.000000,-0.050920,-0.180798,-0.928026,9.699834,-0.018110,-0.068176,-0.033023
21.300517,999.747596,8.100953,0.000000,0.001340,-2.919165,-0.023981,-0.002680,10.868254,0.000000,0.000000,-2.169049,0.000000,-0.050920,-0.164023,-1.009547,9.692672,0.008522,-0.068176,-0.029828
21.310534,999.757232,8.099419,0.000000,0.001340,-2.919165,-0.047962,-0.002680,10.868254,0.000000,0.000000,-2.169049,0.000000,-0.050920,-0.079069,-0.981981,9.668736,0.041546,-0.067111,-0.026632
21.320574,999.766864,8.099419,0.000000,0.001340,-2.919165,-0.047962,-0.002680,10.869788,0.000000,0.000000,-2.169049,0.000000,-0.050920,-0.055132,-1.162779,9.722593,0.005327,-0.071373,-0.030892
21.330140,999.776515,8.099419,0.000000,0.001340,-2.919165,-0.047962,-0.002680,10.868254,0.000000,0.000000,-2.169049,0.000000,-0.050920,-0.005984,-1.323271,9.698657,-0.019174,-0.075634,-0.035154
21.340169,999.785850,8.099419,0.000000,0.001340,-2.919165,-0.047962,-0.002680,10.869788,0.000000,0.000000,-2.169049,0.000000,-0.050920,0.023936,-1.305319,9.718963,0.027697,-0.068176,-0.036219
21.350229,999.795530,8.099419,0.000000,0.001340,-2.919165,-0.023981,-0.002680,10.869788,0.000000,0.000000,-2.169049,0.000000,-0.050920,0.026389,-1.231057,9.751336,0.061785,-0.064980,-0.037284
21.360274,999.804808,8.099419,0.000000,0.001340,-2.919165,-0.023981,-0.002680,10.869788,0.000000,0.000000,-2.169049,0.000000,-0.050920,-0.007161,-1.276575,9.695027,0.012783,-0.067111,-0.041546
21.370310,999.824127,8.100953,0.000000,0.001340,-2.919165,0.000000,-0.002680,10.869788,0.000000,0.000000,-2.169049,0.000000,-0.050920,-0.077793,-1.166409,9.678252,0.050068,-0.063916,-0.037284
21.380371,999.833610,8.099419,0.000000,0.002680,-2.919165,0.000000,-0.002680,10.868254,0.000000,0.000000,-2.169049,0.000000,-0.050920,-0.114973,-0.979529,9.732207,0.080961,-0.058589,-0.030892
21.390383,999.843182,8.100953,0.000000,0.002680,-2.919165,0.000000,-0.002680,10.868254,0.000000,0.000000,-2.169049,0.000000,-0.050920,-0.162846,-0.928026,9.748884,0.045806,-0.057524,-0.030892
21.400430,999.852602,8.099419,0.000000,0.002680,-2.917631,0.000000,-0.002680,10.869788,0.000000,0.000000,-2.169049,0.000000,-0.050920,-0.194042,-0.822667,9.733384,0.039415,-0.057524,-0.029828
21.410437,999.862179,8.099419,0.000000,0.002680,-2.916097,0.000000,-0.002680,10.868254,0.000000,0.000000,-2.169049,0.000000,-0.050920,-0.221510,-0.634707,9.730931,0.061785,-0.055393,-0.028761
21.420490,999.871886,8.099419,0.000000,0.002680,-2.916097,0.000000,-0.002680,10.868254,0.000000,0.000000,-2.169049,0.000000,-0.050920,-0.268205,-0.611948,9.726223,0.038350,-0.056460,-0.030892
21.430532,999.881170,8.099419,0.000000,0.002680,-2.916097,0.023981,-0.002680,10.868254,0.000000,0.000000,-2.169049,0.000000,-0.050920,-0.270658,-0.620286,9.703463,0.019174,-0.059655,-0.035154
21.440092,999.890968,8.099419,0.000000,0.002680,-2.916097,0.023981,-0.002680,10.868254,0.000000,0.000000,-2.169049,0.000000,-0.050920,-0.298224,-0.578398,9.677075,0.026632,-0.060720,-0.037284
21.450132,999.900412,8.099419,0.000000,0.002680,-2.916097,0.023981,-0.002680,10.868254,0.000000,0.000000,-2.169049,0.000000,-0.050920,-0.306563,-0.621464,9.712979,0.029828,-0.060720,-0.038350
21.460366,999.910018,8.099419,0.000000,0.002680,-2.916097,0.023981,-0.002680,10.868254,0.000000,0.000000,-2.169049,0.000000,-0.050920,-0.301756,-0.592720,9.620765,0.026632,-0.060720,-0.039415
21.470259,999.919755,8.099419,0.000000,0.002680,-2.916097,0.023981,-0.002680,10.869788,0.000000,0.000000,-2.169049,0.000000,-0.050920,-0.269481,-0.740066,9.644702,0.010653,-0.063916,-0.039415
21.480318,999.929191,8.099419,0.000000,0.002680,-2.916097,0.023981,-0.002680,10.869788,0.000000,0.000000,-2.169049,0.000000,-0.050920,-0.269481,-0.783132,9.673445,0.024501,-0.064980,-0.036219
21.490357,999.938674,8.099419,0.000000,0.002680,-2.917631,0.000000,-0.002680,10.868254,0.000000,0.000000,-2.169049,0.000000,-0.050920,-0.222785,-0.869362,9.758498,0.033023,-0.063916,-0.033023
21.500463,999.948058,8.100953,0.000000,0.002680,-2.919165,0.000000,-0.002680,10.868254,0.000000,0.000000,-2.169049,0.000000,-0.050920,-0.177267,-0.856217,9.770466,0.036219,-0.068176,-0.029828
21.510297,999.957591,8.099419,0.000000,0.002680,-2.919165,-0.023981,-0.002680,10.869788,0.000000,0.000000,-2.169049,0.000000,-0.050920,-0.122134,-0.931656,9.705818,0.015978,-0.067111,-0.028761
21.520256,999.967323,8.100953,0.000000,0.002680,-2.919165,-0.023981,-0.002680,10.868254,0.000000,0.000000,-2.169049,0.000000,-0.050920,-0.087407,-0.941269,9.657945,0.018110,-0.070307,-0.027697
21.530316,999.977022,8.099419,0.000000,0.002680,-2.919165,-0.023981,-0.002680,10.869788,0.000000,0.000000,-2.169049,0.000000,-0.050920,-0.068278,-0.983158,9.663929,0.025566,-0.068176,-0.028761
21.540375,999.986370,8.099419,0.000000,0.002680,-2.919165,-0.023981,-0.002680,10.869788,0.000000,0.000000,-2.169049,0.000000,-0.050920,-0.058664,-0.991497,9.630379,0.024501,-0.070307,-0.034088
21.550388,999.996084,8.100953,0.000000,0.002680,-2.919165,-0.023981,-0.002680,10.869788,0.000000,0.000000,-2.169049,0.000000,-0.050920,-0.051503,-1.180732,9.756143,0.012783,-0.069242,-0.035154
21.560457,1000.014869,8.100953,0.000000,0.002680,-2.919165,-0.023981,-0.002680,10.869788,0.000000,-0.002680,-2.169049,0.000000,-0.050920,-0.069455,-1.056243,9.750159,0.034088,-0.063916,-0.040479
21.570501,1000.024466,8.099419,0.000000,0.002680,-2.919165,0.000000,-0.002680,10.869788,0.000000,-0.002680,-2.169049,0.000000,-0.050920,-0.114973,-1.094502,9.690220,0.011718,-0.064980,-0.040479
21.580549,1000.034193,8.099419,0.000000,0.002680,-2.919165,0.000000,-0.002680,10.869788,0.000000,-0.001340,-2.169049,0.000000,-0.050920,-0.153330,-1.147181,9.666284,0.009587,-0.060720,-0.039415
21.590589,1000.043570,8.100953,0.000000,0.002680,-2.919165,0.000000,-0.002680,10.869788,0.000000,-0.001340,-2.169049,0.000000,-0.050920,-0.153330,-1.015531,9.748884,0.055393,-0.060720,-0.031959
21.600345,1000.053423,8.099419,0.000000,0.002680,-2.919165,0.000000,-0.002680,10.869788,0.000000,-0.001340,-2.169049,0.000000,-0.050920,-0.173637,-0.967560,9.718963,0.038350,-0.058589,-0.030892
21.610389,1000.062778,8.099419,0.000000,0.002680,-2.919165,0.000000,-0.002680,10.868254,0.000000,-0.001340,-2.169049,0.000000,-0.050920,-0.152055,-0.948431,9.722593,0.018110,-0.060720,-0.030892
21.620376,1000.072302,8.099419,0.000000,0.002680,-2.919165,0.000000,-0.002680,10.868254,0.000000,-0.001340,-2.169049,0.000000,-0.050920,-0.168830,-0.829828,9.681881,0.038350,-0.059655,-0.028761
21.630371,1000.081972,8.099419,0.000000,0.002680,-2.919165,0.000000,-0.002680,10.869788,0.000000,-0.001340,-2.169049,0.000000,-0.050920,-0.158039,-0.738889,9.715432,0.056460,-0.057524,-0.028761
21.640302,1000.091510,8.099419,0.000000,0.002680,-2.919165,0.000000,-0.002680,10.868254,0.000000,-0.001340,-2.169049,0.000000,-0.050920,-0.194042,-0.756842,9.697479,0.033023,-0.055393,-0.033023
21.650314,1000.100944,8.099419,0.000000,0.002680,-2.919165,0.000000,-0.002680,10.869788,0.000000,0.000000,-2.169049,0.000000,-0.050920,-0.189235,-0.759196,9.715432,0.025566,-0.060720,-0.035154
21.660357,1000.110607,8.099419,0.000000,0.002680,-2.917631,0.000000,-0.002680,10.868254,0.000000,0.000000,-2.169049,0.000000,-0.050920,-0.204735,-0.712500,9.684236,0.038350,-0.064980,-0.037284
21.670612,1000.120112,8.100953,0.000000,0.002680,-2.917631,0.000000,-0.002680,10.869788,0.000000,0.000000,-2.169049,0.000000,-0.050920,-0.227494,-0.720937,9.708172,0.031959,-0.063916,-0.038350
21.680296,1000.129641,8.099419,0.000000,0.002680,-2.916097,0.023981,-0.002680,10.869788,0.000000,0.000000,-2.169049,0.000000,-0.050920,-0.229946,-0.760373,9.660299,0.025566,-0.064980,-0.039415
21.690562,1000.139380,8.099419,0.000000,0.002680,-2.916097,0.023981,-0.002680,10.869788,0.000000,0.000000,-2.169049,0.000000,-0.050920,-0.252706,-0.802360,9.648331,0.024501,-0.066047,-0.037284
21.700107,1000.148816,8.099419,0.000000,0.002680,-2.917631,0.023981,-0.002680,10.868254,0.000000,0.000000,-2.169049,0.000000,-0.050920,-0.247899,-0.859847,9.706995,0.027697,-0.063916,-0.035154
21.710144,1000.158170,8.099419,0.000000,0.002680,-2.917631,0.023981,-0.002680,10.868254,0.000000,0.000000,-2.169049,0.000000,-0.050920,-0.223962,-0.810698,9.735738,0.043675,-0.064980,-0.030892
21.720318,1000.167947,8.099419,0.000000,0.002680,-2.919165,0.000000,-0.002680,10.868254,0.000000,0.000000,-2.169049,0.000000,-0.050920,-0.213171,-0.823844,9.730931,0.031959,-0.066047,-0.029828
21.730339,1000.177272,8.100953,0.000000,0.002680,-2.919165,0.000000,-0.002680,10.869788,0.000000,0.000000,-2.169049,0.000000,-0.050920,-0.174814,-0.857394,9.667461,0.014914,-0.066047,-0.030892
21.740147,1000.187043,8.099419,0.000000,0.002680,-2.919165,0.000000,-0.002680,10.869788,0.000000,0.000000,-2.169049,0.000000,-0.050920,-0.164023,-0.942447,9.703463,0.014914,-0.064980,-0.029828
21.750150,1000.196359,8.099419,0.000000,0.002680,-2.919165,-0.023981,-0.002680,10.869788,0.000000,0.000000,-2.169049,0.000000,-0.050920,-0.122134,-0.862201,9.784886,0.053264,-0.063916,-0.027697
21.760226,1000.215419,8.100953,0.000000,0.002680,-2.919165,-0.023981,-0.002680,10.869788,0.000000,0.000000,-2.169049,0.000000,-0.050920,-0.063471,-1.132859,9.730931,-0.028761,-0.066047,-0.037284
21.770158,1000.225060,8.099419,0.000000,0.002680,-2.919165,-0.023981,-0.002680,10.869788,0.000000,0.000000,-2.169049,0.000000,-0.050920,-0.092214,-1.019063,9.717786,0.037284,-0.063916,-0.037284
21.780191,1000.234869,8.099419,0.000000,0.002680,-2.919165,-0.023981,-0.002680,10.869788,0.000000,0.000000,-2.169049,0.000000,-0.050920,-0.076616,-1.015531,9.799209,0.052198,-0.061785,-0.035154
21.790205,1000.244130,8.100953,0.000000,0.002680,-2.919165,0.000000,-0.002680,10.869788,0.000000,0.000000,-2.169049,0.000000,-0.050920,-0.101828,-1.081356,9.673445,0.003196,-0.066047,-0.041546
21.800258,1000.253980,8.099419,0.000000,0.002680,-2.919165,0.000000,-0.002680,10.869788,0.000000,0.000000,-2.169049,0.000000,-0.050920,-0.118505,-1.208298,9.618411,-0.012783,-0.067111,-0.038350
21.810285,1000.263179,8.099419,0.000000,0.002680,-2.919165,0.000000,-0.002680,10.869788,0.000000,0.000000,-2.169049,0.000000,-0.050920,-0.135280,-1.017886,9.698657,0.063916,-0.061785,-0.031959
21.820194,1000.272797,8.100953,0.000000,0.002680,-2.919165,0.000000,-0.002680,10.869788,0.000000,0.000000,-2.169049,0.000000,-0.050920,-0.136555,-0.913703,9.727400,0.071373,-0.060720,-0.029828
21.830226,1000.282309,8.099419,0.000000,0.002680,-2.919165,0.000000,-0.002680,10.869788,0.000000,0.000000,-2.169049,0.000000,-0.050920,-0.162846,-1.009547,9.697479,0.006391,-0.061785,-0.033023
21.840299,1000.292146,8.099419,0.000000,0.002680,-2.919165,0.000000,-0.002680,10.869788,0.000000,0.000000,-2.169049,0.000000,-0.050920,-0.165299,-0.947254,9.690220,0.031959,-0.062851,-0.030892
21.850354,1000.301465,8.099419,0.000000,0.002680,-2.919165,0.000000,-0.002680,10.868254,0.000000,0.000000,-2.169049,0.000000,-0.050920,-0.175991,-0.684934,9.717786,0.088417,-0.060720,-0.027697
21.860399,1000.311117,8.099419,0.000000,0.002680,-2.919165,0.000000,-0.002680,10.869788,0.000000,0.000000,-2.169049,0.000000,-0.050920,-0.190412,-0.725646,9.663929,0.027697,-0.061785,-0.033023
21.870476,1000.320530,8.099419,0.000000,0.002680,-2.917631,0.000000,-0.002680,10.869788,0.000000,0.000000,-2.169049,0.000000,-0.050920,-0.207187,-0.832280,9.657945,-0.003196,-0.064980,-0.036219
21.880502,1000.330040,8.099419,0.000000,0.002680,-2.917631,0.000000,-0.002680,10.868254,0.000000,0.000000,-2.169049,0.000000,-0.050920,-0.216703,-0.682580,9.675897,0.057524,-0.060720,-0.036219
21.890566,1000.339640,8.100953,0.000000,0.002680,-2.917631,0.000000,-0.002680,10.869788,0.000000,0.000000,-2.169049,0.000000,-0.050920,-0.231124,-0.658643,9.736916,0.051133,-0.061785,-0.037284
21.900580,1000.349111,8.099419,0.000000,0.002680,-2.917631,0.000000,-0.002680,10.869788,0.000000,0.000000,-2.169049,0.000000,-0.050920,-0.237108,-0.810698,9.662752,-0.009587,-0.063916,-0.040479
21.910109,1000.358943,8.100953,0.000000,0.002680,-2.917631,0.000000,-0.002680,10.869788,0.000000,0.000000,-2.169049,0.000000,-0.050920,-0.246722,-0.805892,9.644702,0.013849,-0.064980,-0.038350
21.920154,1000.368323,8.099419,0.000000,0.002680,-2.917631,0.000000,-0.002680,10.869788,0.000000,0.000000,-2.169049,0.000000,-0.050920,-0.241915,-0.784408,9.705818,0.046871,-0.062851,-0.033023
21.930293,1000.378111,8.100953,0.000000,0.002680,-2.919165,0.000000,-0.002680,10.869788,0.000000,0.000000,-2.169049,0.000000,-0.050920,-0.226317,-0.835910,9.704641,0.024501,-0.064980,-0.033023
21.940312,1000.387678,8.100953,0.000000,0.002680,-2.919165,0.000000,-0.002680,10.869788,0.000000,0.000000,-2.169049,0.000000,-0.050920,-0.183251,-0.944801,9.709448,0.001065,-0.067111,-0.031959
21.950279,1000.397131,8.099419,0.000000,0.002680,-2.919165,0.000000,-0.002680,10.869788,0.000000,0.000000,-2.169049,0.000000,-0.050920,-0.161669,-0.857394,9.690220,0.038350,-0.066047,-0.028761
21.960310,1000.416060,8.099419,0.000000,0.002680,-2.919165,0.000000,-0.002680,10.869788,0.000000,0.000000,-2.169049,0.000000,-0.050920,-0.105359,-0.995126,9.660299,0.004260,-0.064980,-0.031959
21.970385,1000.425743,8.099419,0.000000,0.002680,-2.919165,0.000000,-0.002680,10.869788,0.000000,0.000000,-2.169049,0.000000,-0.050920,-0.080246,-1.051436,9.726223,0.026632,-0.066047,-0.031959
21.980470,1000.435395,8.099419,0.000000,0.002680,-2.919165,0.000000,-0.002680,10.869788,0.000000,0.000000,-2.169049,0.000000,-0.050920,-0.093391,-0.965206,9.746529,0.054329,-0.064980,-0.034088
21.990445,1000.444872,8.100953,0.000000,0.002680,-2.919165,0.000000,-0.002680,10.869788,0.000000,0.000000,-2.169049,0.000000,-0.050920,-0.095844,-1.052613,9.706995,0.019174,-0.064980,-0.038350
22.000875,1000.454308,8.100953,0.000000,0.002680,-2.919165,0.000000,-0.002680,10.869788,0.000000,0.000000,-2.169049,0.000000,-0.050920,-0.108989,-1.068211,9.647154,0.012783,-0.067111,-0.039415
22.010584,1000.463994,8.099419,0.000000,0.002680,-2.919165,0.000000,-0.002680,10.869788,0.000000,0.000000,-2.169049,0.000000,-0.050920,-0.135280,-1.054967,9.656670,0.036219,-0.063916,-0.037284
22.020871,1000.473272,8.100953,0.000000,0.002680,-2.919165,0.000000,-0.002680,10.869788,0.000000,0.000000,-2.169049,0.000000,-0.050920,-0.158039,-0.997481,9.714156,0.050068,-0.062851,-0.034088
22.030548,1000.482869,8.100953,0.000000,0.002680,-2.919165,0.000000,-0.002680,10.869788,0.000000,0.000000,-2.169049,0.000000,-0.050920,-0.170007,-0.961576,9.718963,0.036219,-0.062851,-0.033023
22.040648,1000.492544,8.099419,0.000000,0.002680,-2.919165,0.000000,-0.002680,10.869788,0.000000,0.000000,-2.169049,0.000000,-0.050920,-0.180798,-0.923317,9.704641,0.029828,-0.063916,-0.031959
22.050839,1000.502208,8.099419,0.000000,0.002680,-2.919165,0.000000,-0.002680,10.869788,0.000000,0.000000,-2.169049,0.000000,-0.050920,-0.162846,-0.844249,9.708172,0.039415,-0.061785,-0.029828
22.061202,1000.511679,8.100953,0.000000,0.002680,-2.919165,0.000000,-0.002680,10.869788,0.000000,0.000000,-2.169049,0.000000,-0.050920,-0.184428,-0.773617,9.701011,0.038350,-0.060720,-0.029828
22.070654,1000.521061,8.099419,0.000000,0.002680,-2.919165,0.000000,-0.002680,10.868254,0.000000,0.000000,-2.169049,0.000000,-0.050920,-0.198751,-0.790392,9.696204,0.024501,-0.061785,-0.033023
22.080756,1000.530618,8.099419,0.000000,0.002680,-2.919165,0.000000,-0.002680,10.869788,0.000000,0.000000,-2.169049,0.000000,-0.050920,-0.196396,-0.768810,9.715432,0.027697,-0.062851,-0.034088
22.090567,1000.540232,8.099419,0.000000,0.002680,-2.919165,0.000000,-0.002680,10.869788,0.000000,0.000000,-2.169049,0.000000,-0.052260,-0.198751,-0.753212,9.683059,0.030892,-0.061785,-0.036219
22.100988,1000.549835,8.100953,0.000000,0.002680,-2.919165,0.000000,-0.002680,10.869788,0.000000,0.000000,-2.169049,0.000000,-0.050920,-0.208364,-0.787939,9.702188,0.022370,-0.063916,-0.037284
22.110552,1000.559596,8.100953,0.000000,0.002680,-2.919165,0.000000,-0.002680,10.869788,0.000000,0.000000,-2.169049,0.000000,-0.050920,-0.223962,-0.822667,9.672268,0.020241,-0.063916,-0.038350
22.120906,1000.568833,8.100953,0.000000,0.002680,-2.919165,0.000000,-0.002680,10.869788,0.000000,0.000000,-2.169049,0.000000,-0.050920,-0.222785,-0.851410,9.703463,0.026632,-0.062851,-0.038350
22.130957,1000.578304,8.099419,0.000000,0.002680,-2.919165,0.000000,-0.002680,10.869788,0.000000,0.000000,-2.169049,0.000000,-0.050920,-0.221510,-0.868185,9.690220,0.028761,-0.063916,-0.036219
22.140967,1000.588065,8.099419,0.000000,0.002680,-2.919165,0.000000,-0.002680,10.869788,0.000000,0.000000,-2.169049,0.000000,-0.050920,-0.201203,-0.917333,9.697479,0.024501,-0.063916,-0.034088
22.150705,1000.597621,8.100953,0.000000,0.002680,-2.919165,0.000000,-0.002680,10.869788,0.000000,0.000000,-2.169049,0.000000,-0.050920,-0.185605,-0.905365,9.685413,0.033023,-0.064980,-0.030892
22.160770,1000.607194,8.100953,0.000000,0.002680,-2.919165,0.000000,-0.002680,10.868254,0.000000,0.000000,-2.169049,0.000000,-0.050920,-0.142539,-0.862201,9.701011,0.039415,-0.063916,-0.029828
22.170776,1000.616728,8.099419,0.000000,0.002680,-2.919165,0.000000,-0.002680,10.869788,0.000000,0.000000,-2.169049,0.000000,-0.050920,-0.131748,-0.901735,9.687866,0.026632,-0.064980,-0.029828
22.180797,1000.626174,8.099419,0.000000,0.002680,-2.919165,0.000000,-0.002680,10.869788,0.000000,0.000000,-2.169049,0.000000,-0.050920,-0.111344,-0.953238,9.708172,0.024501,-0.064980,-0.030892
22.190859,1000.645361,8.099419,0.000000,0.002680,-2.919165,0.000000,-0.002680,10.869788,0.000000,0.000000,-2.169049,0.000000,-0.050920,-0.113796,-0.940092,9.732207,0.031959,-0.064980,-0.036219
22.200879,1000.654728,8.099419,0.000000,0.002680,-2.919165,0.000000,-0.002680,10.869788,0.000000,0.000000,-2.169049,0.000000,-0.050920,-0.130571,-0.989142,9.686688,0.009587,-0.064980,-0.038350
22.210892,1000.664616,8.099419,0.000000,0.002680,-2.919165,0.000000,-0.002680,10.868254,0.000000,0.000000,-2.169049,0.000000,-0.050920,-0.141264,-0.992772,9.706995,0.023436,-0.063916,-0.038350
22.220920,1000.673993,8.099419,0.000000,0.002680,-2.919165,0.000000,-0.002680,10.869788,0.000000,0.000000,-2.169049,0.000000,-0.050920,-0.155685,-0.950785,9.733384,0.040479,-0.062851,-0.036219
22.230935,1000.683715,8.099419,0.000000,0.002680,-2.919165,0.000000,-0.002680,10.869788,0.000000,0.000000,-2.169049,0.000000,-0.050920,-0.160492,-0.974820,9.732207,0.025566,-0.063916,-0.036219
22.240965,1000.692930,8.099419,0.000000,0.002680,-2.919165,0.000000,-0.002680,10.869788,0.000000,0.000000,-2.169049,0.000000,-0.050920,-0.159314,-0.983158,9.703463,0.018110,-0.063916,-0.034088
22.250497,1000.702595,8.100953,0.000000,0.002680,-2.919165,0.000000,-0.002680,10.868254,0.000000,0.000000,-2.169049,0.000000,-0.050920,-0.155685,-0.920865,9.706995,0.035154,-0.061785,-0.031959
22.260567,1000.712198,8.100953,0.000000,0.002680,-2.919165,0.000000,-0.002680,10.868254,0.000000,0.000000,-2.169049,0.000000,-0.050920,-0.164023,-0.875346,9.714156,0.039415,-0.062851,-0.029828
22.270587,1000.721838,8.100953,0.000000,0.002680,-2.919165,0.000000,-0.002680,10.868254,0.000000,0.000000,-2.169049,0.000000,-0.050920,-0.160492,-0.871815,9.699834,0.025566,-0.062851,-0.030892
22.280804,1000.731139,8.099419,0.000000,0.002680,-2.919165,0.000000,-0.002680,10.869788,0.000000,0.000000,-2.169049,0.000000,-0.050920,-0.174814,-0.849056,9.696204,0.029828,-0.061785,-0.031959
22.290859,1000.740914,8.099419,0.000000,0.002680,-2.919165,0.000000,-0.002680,10.869788,0.000000,0.000000,-2.169049,0.000000,-0.050920,-0.168830,-0.805892,9.702188,0.040479,-0.061785,-0.034088
22.300926,1000.750234,8.100953,0.000000,0.002680,-2.919165,0.000000,-0.002680,10.869788,0.000000,0.000000,-2.169049,0.000000,-0.050920,-0.177267,-0.801183,9.677075,0.029828,-0.062851,-0.036219
22.310951,1000.759977,8.099419,0.000000,0.002680,-2.919165,0.000000,-0.002680,10.869788,0.000000,0.000000,-2.169049,0.000000,-0.050920,-0.189235,-0.858571,9.693850,0.024501,-0.062851,-0.037284
22.320779,1000.769529,8.099419,0.000000,0.002680,-2.919165,0.000000,-0.002680,10.868254,0.000000,0.000000,-2.169049,0.000000,-0.050920,-0.206010,-0.815505,9.698657,0.038350,-0.061785,-0.036219
22.330694,1000.778911,8.100953,0.000000,0.002680,-2.919165,0.000000,-0.002680,10.868254,0.000000,0.000000,-2.169049,0.000000,-0.050920,-0.203558,-0.855040,9.715432,0.033023,-0.063916,-0.036219
22.340725,1000.788518,8.099419,0.000000,0.002680,-2.919165,0.000000,-0.002680,10.868254,0.000000,0.000000,-2.169049,0.000000,-0.050920,-0.200026,-0.881330,9.693850,0.023436,-0.063916,-0.036219
22.350564,1000.798327,8.099419,0.000000,0.002680,-2.919165,0.000000,-0.002680,10.869788,0.000000,0.000000,-2.169049,0.000000,-0.050920,-0.200026,-0.871815,9.681881,0.030892,-0.064980,-0.034088
22.360654,1000.807516,8.100953,0.000000,0.002680,-2.919165,0.000000,-0.002680,10.869788,0.000000,0.000000,-2.169049,0.000000,-0.050920,-0.189235,-0.852587,9.709448,0.035154,-0.064980,-0.031959
22.370685,1000.817429,8.100953,0.000000,0.002680,-2.919165,0.000000,-0.002680,10.869788,0.000000,0.000000,-2.169049,0.000000,-0.050920,-0.167653,-0.862201,9.704641,0.028761,-0.064980,-0.030892
22.380630,1000.826874,8.099419,0.000000,0.002680,-2.920699,0.000000,-0.002680,10.869788,0.000000,0.000000,-2.169049,0.000000,-0.050920,-0.154508,-0.887315,9.692672,0.020241,-0.066047,-0.029828
22.390546,1000.845718,8.099419,0.000000,-0.014740,-2.919165,0.000000,0.018760,10.868254,0.000000,-0.016080,-2.169049,0.000000,-0.012060,-0.129296,-0.898106,9.739368,0.033023,-0.064980,-0.034088
22.400682,1000.855422,8.099419,0.000000,-0.014740,-2.919165,0.000000,0.017420,10.868254,0.000000,-0.017420,-2.169049,0.000000,0.000000,-0.118505,-0.952060,9.724947,0.020241,-0.063916,-0.036219
22.410693,1000.865102,8.099419,0.000000,-0.020100,-2.916097,0.000000,0.016080,10.865186,0.000000,-0.017420,-2.169049,0.000000,0.004020,-0.107812,-1.017886,9.659122,0.011718,-0.063916,-0.038350
22.420523,1000.874548,8.099419,0.000000,-0.022780,-2.911496,0.023981,0.016080,10.863652,-0.023981,-0.024120,-2.169049,0.000000,0.008040,-0.079069,-1.131682,9.656670,0.003196,-0.067111,-0.038350
22.430808,1000.884172,8.097885,-0.023981,-0.025460,-2.906894,0.071942,0.018760,10.860584,-0.047962,-0.025460,-2.169049,0.000000,0.014740,-0.089860,-1.223896,9.718963,0.018110,-0.067111,-0.036219
22.440532,1000.893473,8.094817,-0.047962,-0.025460,-2.902292,0.143885,0.018760,10.857516,-0.095923,-0.028140,-2.167515,0.000000,0.029480,-0.040712,-1.241848,9.735738,0.031959,-0.066047,-0.034088
22.450856,1000.903121,8.088681,-0.071942,-0.026800,-2.897690,0.215827,0.021440,10.852914,-0.143885,-0.026800,-2.164447,0.000000,0.046900,-0.076616,-1.416662,9.744175,0.003196,-0.066047,-0.034088
22.460913,1000.912597,8.084079,-0.143885,-0.030820,-2.890020,0.287770,0.025460,10.848312,-0.191847,-0.029480,-2.159845,0.047962,0.049580,0.017952,-1.369967,9.554940,-0.001065,-0.068176,-0.030892
22.470824,1000.922282,8.074875,-0.215827,-0.033500,-2.883884,0.359712,0.028140,10.842176,-0.263789,-0.033500,-2.155243,0.095923,0.052260,0.077793,-1.477680,9.535811,0.013849,-0.068176,-0.026632
22.480583,1000.931910,8.067205,-0.311751,-0.038860,-2.874680,0.455636,0.034840,10.832972,-0.335732,-0.041540,-2.149107,0.167866,0.050920,0.128119,-1.635818,9.586038,-0.003196,-0.070307,-0.029828
22.490599,1000.941298,8.058001,-0.407674,-0.040200,-2.865476,0.527578,0.037520,10.823768,-0.431655,-0.044220,-2.141437,0.239808,0.054940,0.111344,-1.845359,9.663929,0.001065,-0.068176,-0.027697
22.500543,1000.950996,8.047263,-0.527578,-0.041540,-2.856272,0.599521,0.038860,10.814565,-0.527578,-0.046900,-2.132233,0.335732,0.054940,0.167653,-1.747161,9.805193,0.046871,-0.070307,-0.027697
22.510579,1000.960478,8.034991,-0.647482,-0.044220,-2.845534,0.671463,0.042880,10.802293,-0.623501,-0.049580,-2.121495,0.455636,0.057620,0.179621,-1.614236,9.689043,0.052198,-0.066047,-0.030892
22.520688,1000.970159,8.022720,-0.767386,-0.045560,-2.833263,0.767386,0.045560,10.791555,-0.743406,-0.053600,-2.110758,0.575540,0.061640,0.181976,-1.724402,9.569263,-0.008522,-0.068176,-0.038350
22.530899,1000.979474,8.008914,-0.887290,-0.045560,-2.819457,0.839329,0.045560,10.776215,-0.839329,-0.054940,-2.096952,0.695444,0.056280,0.153330,-1.704095,9.426821,-0.008522,-0.070307,-0.039415
22.540711,1000.989174,7.995108,-0.983214,-0.045560,-2.805651,0.935252,0.044220,10.762409,-0.959233,-0.054940,-2.083146,0.815348,0.060300,0.143716,-1.747161,9.609974,0.030892,-0.066047,-0.039415
22.550962,1000.998709,7.978234,-1.103118,-0.045560,-2.788777,1.055156,0.042880,10.747069,-1.055156,-0.054940,-2.067806,0.959233,0.057620,0.080246,-1.548410,9.623218,0.062851,-0.060720,-0.039415
22.560509,1001.008427,7.962894,-1.199041,-0.045560,-2.773437,1.151080,0.041540,10.731730,-1.175060,-0.054940,-2.052466,1.055156,0.054940,0.068278,-1.696836,9.687866,0.012783,-0.060720,-0.044742
22.570734,1001.017790,7.944487,-1.318945,-0.045560,-2.756563,1.270984,0.038860,10.713322,-1.270984,-0.054940,-2.034059,1.199041,0.054940,0.074262,-1.597460,9.659122,0.018110,-0.062851,-0.044742
22.580844,1001.027551,7.924545,-1.414869,-0.045560,-2.736622,1.390888,0.038860,10.693380,-1.390888,-0.056280,-2.015651,1.318945,0.054940,0.053857,-1.573524,9.830405,0.053264,-0.058589,-0.038350
22.590918,1001.036789,7.904603,-1.534773,-0.044220,-2.718214,1.486811,0.037520,10.674972,-1.486811,-0.053600,-1.997243,1.438849,0.050920,-0.039534,-1.565186,9.968039,0.063916,-0.038350,-0.035154
22.600923,1001.046523,7.886195,-1.630696,-0.044220,-2.696738,1.582734,0.037520,10.655031,-1.582734,-0.050920,-1.977301,1.558754,0.052260,-0.033550,-1.414308,9.948910,0.076698,-0.037284,-0.030892
22.610938,1001.065367,7.864719,-1.726619,-0.041540,-2.675262,1.678658,0.036180,10.633555,-1.678658,-0.049580,-1.957359,1.678658,0.048240,0.011968,-1.353191,9.539342,-0.003196,-0.061785,-0.030892
22.620897,1001.074893,7.843244,-1.822543,-0.041540,-2.653787,1.774581,0.034840,10.612079,-1.774581,-0.048240,-1.934350,1.774581,0.050920,0.038357,-1.432260,9.651961,0.019174,-0.063916,-0.028761
22.631202,1001.084843,7.820234,-1.894485,-0.040200,-2.630777,1.870504,0.033500,10.589069,-1.870504,-0.048240,-1.911340,1.846523,0.049580,0.017952,-1.163957,9.588490,0.061785,-0.062851,-0.024501
22.641237,1001.094336,7.797224,-1.990408,-0.038860,-2.609301,1.942447,0.032160,10.564526,-1.942447,-0.048240,-1.889864,1.942447,0.053600,0.052680,-1.277753,9.571715,0.011718,-0.066047,-0.029828
22.651385,1001.103863,7.771147,-2.062351,-0.036180,-2.584758,2.038370,0.030820,10.543050,-2.038370,-0.045560,-1.866855,2.014389,0.045560,-0.007161,-1.275300,9.394448,-0.027697,-0.071373,-0.035154
22.661009,1001.113167,7.748137,-2.134293,-0.037520,-2.561748,2.110313,0.029480,10.518506,-2.086332,-0.044220,-1.843845,2.086332,0.048240,-0.082600,-1.355546,9.465080,0.025566,-0.066047,-0.034088
22.671384,1001.123014,7.722059,-2.206236,-0.037520,-2.537204,2.158274,0.028140,10.493963,-2.182255,-0.042880,-1.819301,2.134293,0.046900,-0.107812,-1.349562,9.787241,0.074569,-0.061785,-0.030892
22.681407,1001.132333,7.697516,-2.254197,-0.038860,-2.512661,2.230217,0.028140,10.469419,-2.230217,-0.042880,-1.793224,2.206236,0.042880,-0.117328,-0.983158,9.602813,0.086286,-0.060720,-0.029828
22.691042,1001.141996,7.674506,-2.326140,-0.040200,-2.485049,2.278178,0.026800,10.444875,-2.302159,-0.041540,-1.770214,2.254197,0.041540,-0.211994,-1.379580,9.696204,-0.008522,-0.060720,-0.030892
22.701063,1001.151457,7.646894,-2.374102,-0.042880,-2.460505,2.326140,0.026800,10.418798,-2.350121,-0.041540,-1.744136,2.326140,0.044220,-0.150878,-1.019063,9.514228,0.046871,-0.058589,-0.027697
22.711097,1001.160954,7.622351,-2.422063,-0.042880,-2.434428,2.374102,0.024120,10.392720,-2.374102,-0.041540,-1.718058,2.374102,0.041540,-0.179621,-0.929301,9.497453,0.078830,-0.050068,-0.022370
22.721154,1001.170403,7.594739,-2.470025,-0.044220,-2.408350,2.422063,0.022780,10.366642,-2.422063,-0.037520,-1.690447,2.422063,0.037520,-0.183251,-0.986788,9.517760,0.008522,-0.056460,-0.024501
22.731188,1001.180157,7.568661,-2.517987,-0.044220,-2.382272,2.470025,0.021440,10.340564,-2.470025,-0.034840,-1.664369,2.470025,0.038860,-0.161669,-1.052613,9.525020,-0.001065,-0.067111,-0.027697
22.741177,1001.189880,7.542584,-2.541967,-0.044220,-2.356194,2.517987,0.021440,10.312953,-2.517987,-0.034840,-1.638291,2.517987,0.037520,-0.177267,-1.147181,9.685413,0.022370,-0.071373,-0.026632
22.751764,1001.199090,7.511904,-2.589929,-0.044220,-2.327049,2.565948,0.021440,10.283807,-2.565948,-0.034840,-1.607612,2.565948,0.036180,-0.098198,-1.102938,9.933312,0.080961,-0.054329,-0.022370
22.761273,1001.208813,7.485826,-2.613910,-0.045560,-2.300971,2.589929,0.020100,10.256196,-2.613910,-0.036180,-1.583068,2.613910,0.036180,-0.071809,-1.009547,10.151290,0.138485,-0.057524,-0.018110
22.771314,1001.218262,7.458215,-2.637891,-0.045560,-2.273360,2.637891,0.020100,10.228584,-2.661871,-0.036180,-1.553923,2.637891,0.040200,-0.068278,-0.759196,9.732207,0.063916,-0.055393,-0.023436
22.781366,1001.227913,7.430603,-2.661871,-0.045560,-2.244214,2.661871,0.018760,10.199438,-2.685852,-0.037520,-1.526311,2.685852,0.041540,-0.007161,-1.026224,9.429176,-0.066047,-0.084156,-0.033023
22.791375,1001.237281,7.401457,-2.685852,-0.045560,-2.215068,2.709833,0.018760,10.171827,-2.709833,-0.037520,-1.498699,2.709833,0.042880,-0.081423,-1.177200,9.497453,-0.027697,-0.086286,-0.030892
22.801411,1001.256477,7.372312,-2.709833,-0.044220,-2.187457,2.733814,0.018760,10.144215,-2.757795,-0.038860,-1.469554,2.733814,0.041540,-0.135280,-1.058597,9.991976,0.086286,-0.053264,-0.026632
22.811436,1001.265913,7.343166,-2.733814,-0.042880,-2.158311,2.757795,0.018760,10.113535,-2.781776,-0.038860,-1.441942,2.757795,0.037520,-0.113796,-0.917333,9.587215,0.001065,-0.070307,-0.034088
22.821168,1001.275502,7.317088,-2.757795,-0.042880,-2.129165,2.781776,0.018760,10.085924,-2.805756,-0.038860,-1.414330,2.781776,0.037520,-0.082600,-1.203491,9.580054,-0.037284,-0.086286,-0.033023
22.831242,1001.285106,7.289477,-2.781776,-0.042880,-2.101554,2.805756,0.017420,10.058312,-2.829737,-0.038860,-1.385185,2.781776,0.036180,-0.162846,-0.749680,9.211198,0.052198,-0.083090,-0.028761
22.841266,1001.294899,7.260331,-2.781776,-0.041540,-2.072408,2.829737,0.016080,10.029166,-2.853718,-0.038860,-1.356039,2.805756,0.038860,-0.201203,-1.041822,9.388464,0.013849,-0.062851,-0.027697
22.851203,1001.304381,7.231185,-2.805756,-0.041540,-2.043262,2.829737,0.014740,9.998487,-2.853718,-0.038860,-1.326893,2.805756,0.038860,-0.293417,-0.997481,9.466356,0.047937,-0.053264,-0.025566
22.861281,1001.313674,7.202040,-2.829737,-0.041540,-2.015651,2.829737,0.014740,9.967807,-2.877699,-0.038860,-1.297748,2.829737,0.034840,-0.226317,-1.260977,10.114208,0.099070,-0.041546,-0.019174
22.871072,1001.323476,7.174428,-2.829737,-0.042880,-1.988039,2.853718,0.016080,9.938662,-2.901680,-0.038860,-1.270136,2.829737,0.032160,-0.235930,-0.811876,10.195631,0.204530,-0.035154,-0.009587
22.881324,1001.332955,7.143749,-2.829737,-0.042880,-1.958893,2.853718,0.016080,9.909516,-2.901680,-0.038860,-1.240990,2.853718,0.036180,-0.068278,-0.735260,10.195631,0.126767,-0.054329,-0.012783
22.891382,1001.342284,7.117671,-2.829737,-0.042880,-1.929748,2.853718,0.016080,9.881904,-2.901680,-0.038860,-1.211845,2.853718,0.042880,-0.132926,-0.621464,9.752513,0.004260,-0.072438,-0.024501
22.901182,1001.352051,7.088525,-2.829737,-0.042880,-1.903670,2.853718,0.014740,9.854293,-2.877699,-0.038860,-1.184233,2.853718,0.040200,-0.028743,-0.737712,9.589667,-0.023436,-0.098004,-0.030892
22.911234,1001.361674,7.059380,-2.829737,-0.042880,-1.874525,2.853718,0.013400,9.825147,-2.877699,-0.038860,-1.153554,2.853718,0.036180,-0.191589,-0.609495,9.527374,0.021305,-0.077765,-0.034088
22.921316,1001.371178,7.031768,-2.829737,-0.044220,-1.845379,2.853718,0.014740,9.796001,-2.877699,-0.038860,-1.124408,2.853718,0.034840,-0.099375,-0.749680,9.866309,0.079894,-0.054329,-0.035154
22.931868,1001.380673,6.999554,-2.829737,-0.042880,-1.814699,2.877699,0.014740,9.765322,-2.877699,-0.040200,-1.095262,2.853718,0.038860,-0.256237,-0.797553,10.081835,0.082025,-0.039415,-0.037284
22.941076,1001.390386,6.973477,-2.829737,-0.042880,-1.787088,2.877699,0.013400,9.737710,-2.853718,-0.040200,-1.069185,2.853718,0.040200,-0.186782,-0.547300,9.833936,0.073503,-0.059655,-0.040479
22.951229,1001.399936,6.944331,-2.829737,-0.042880,-1.759476,2.877699,0.014740,9.710098,-2.853718,-0.040200,-1.040039,2.853718,0.036180,-0.155685,-0.995126,9.721416,-0.068176,-0.073503,-0.046871
22.961419,1001.409205,6.915185,-2.829737,-0.046900,-1.728796,2.877699,0.013400,9.682487,-2.853718,-0.041540,-1.009359,2.853718,0.033500,-0.246722,-0.695725,9.194521,-0.020241,-0.079894,-0.043675
22.971096,1001.418692,6.887574,-2.853718,-0.046900,-1.699651,2.877699,0.012060,9.654875,-2.853718,-0.041540,-0.983282,2.853718,0.034840,-0.222785,-1.016708,9.262700,-0.028761,-0.069242,-0.036219
22.981079,1001.428619,6.859962,-2.853718,-0.048240,-1.670505,2.901680,0.012060,9.625729,-2.853718,-0.041540,-0.954136,2.853718,0.038860,-0.245446,-0.977174,9.473517,0.041546,-0.061785,-0.028761
22.991256,1001.437984,6.829282,-2.853718,-0.048240,-1.642893,2.901680,0.012060,9.596584,-2.853718,-0.041540,-0.921922,2.853718,0.036180,-0.217978,-1.153166,10.104594,0.119309,-0.040479,-0.019174
23.001268,1001.447598,6.798603,-2.853718,-0.048240,-1.615282,2.901680,0.013400,9.564370,-2.853718,-0.041540,-0.892777,2.853718,0.034840,-0.129296,-0.878976,10.201615,0.180029,-0.014914,-0.011718
23.011023,1001.457264,6.772525,-2.853718,-0.049580,-1.586136,2.901680,0.014740,9.538293,-2.853718,-0.041540,-0.866699,2.853718,0.038860,-0.011968,-0.858571,10.126176,0.088417,-0.053264,-0.017045
23.021091,1001.466456,6.743380,-2.853718,-0.049580,-1.556990,2.901680,0.013400,9.507613,-2.877699,-0.041540,-0.837554,2.853718,0.044220,-0.135280,-0.907719,9.855518,-0.028761,-0.080961,-0.028761
23.031392,1001.485882,6.714234,-2.853718,-0.049580,-1.526311,2.901680,0.013400,9.480001,-2.877699,-0.041540,-0.805340,2.853718,0.041540,-0.131748,-0.831103,9.006463,-0.079894,-0.094808,-0.042610
23.041171,1001.495429,6.685088,-2.853718,-0.048240,-1.497165,2.901680,0.013400,9.450856,-2.877699,-0.041540,-0.777728,2.853718,0.037520,-0.146071,-1.064581,9.475871,0.024501,-0.087352,-0.042610
23.051469,1001.505017,6.655943,-2.853718,-0.048240,-1.466486,2.901680,0.012060,9.420176,-2.901680,-0.041540,-0.748583,2.853718,0.040200,-0.190412,-0.918510,9.859050,0.145941,-0.041546,-0.036219
23.061032,1001.514511,6.628331,-2.853718,-0.048240,-1.438874,2.901680,0.012060,9.392564,-2.901680,-0.041540,-0.720971,2.853718,0.040200,-0.095844,-0.700532,10.054269,0.167246,-0.029828,-0.033023
23.071308,1001.523829,6.597651,-2.853718,-0.048240,-1.411262,2.901680,0.012060,9.361885,-2.901680,-0.041540,-0.691825,2.853718,0.037520,-0.232301,-0.719662,9.861503,0.035154,-0.042610,-0.037284
23.081353,1001.533675,6.568506,-2.853718,-0.048240,-1.382117,2.901680,0.010720,9.334273,-2.901680,-0.041540,-0.662680,2.853718,0.037520,-0.323338,-0.902912,9.621942,-0.039415,-0.053264,-0.038350
23.091378,1001.543155,6.539360,-2.877699,-0.050920,-1.352971,2.901680,0.009380,9.306661,-2.901680,-0.041540,-0.632000,2.853718,0.038860,-0.356888,-0.918510,9.683059,0.018110,-0.051133,-0.027697
23.101263,1001.552551,6.510214,-2.877699,-0.050920,-1.323825,2.901680,0.009380,9.275982,-2.901680,-0.041540,-0.602854,2.853718,0.033500,-0.404761,-0.912526,10.099787,0.094808,-0.053264,-0.020241
23.111222,1001.562261,6.482603,-2.877699,-0.050920,-1.294680,2.925661,0.009380,9.245302,-2.901680,-0.040200,-0.575243,2.853718,0.033500,-0.217978,-0.627448,9.988444,0.101199,-0.057524,-0.017045
23.121092,1001.571576,6.454991,-2.877699,-0.049580,-1.265534,2.925661,0.012060,9.216157,-2.901680,-0.040200,-0.547631,2.853718,0.038860,-0.142539,-0.540041,9.810000,0.014914,-0.091612,-0.023436
23.131125,1001.581152,6.424312,-2.877699,-0.049580,-1.236389,2.925661,0.013400,9.187011,-2.901680,-0.040200,-0.515418,2.877699,0.045560,-0.075439,-1.074195,9.745352,-0.095874,-0.086286,-0.030892
23.141096,1001.590750,6.395166,-2.877699,-0.049580,-1.205709,2.901680,0.013400,9.160933,-2.901680,-0.040200,-0.487806,2.877699,0.042880,-0.105359,-0.414374,9.157341,0.061785,-0.071373,-0.027697
23.151179,1001.600279,6.367554,-2.877699,-0.050920,-1.176563,2.901680,0.012060,9.130254,-2.901680,-0.040200,-0.458660,2.877699,0.038860,-0.174814,-0.807167,9.336962,-0.009587,-0.071373,-0.031959
23.161182,1001.609860,6.338409,-2.877699,-0.049580,-1.148952,2.901680,0.013400,9.101108,-2.901680,-0.040200,-0.427981,2.877699,0.042880,-0.136555,-0.901735,9.412401,-0.004260,-0.086286,-0.042610
23.171195,1001.619549,6.309263,-2.877699,-0.050920,-1.119806,2.877699,0.013400,9.071962,-2.901680,-0.040200,-0.400369,2.853718,0.044220,-0.170007,-0.871815,9.697479,0.079894,-0.082025,-0.040479
23.181161,1001.628875,6.278583,-2.877699,-0.050920,-1.092194,2.877699,0.014740,9.042817,-2.901680,-0.038860,-0.371223,2.853718,0.042880,-0.104182,-0.783132,9.780080,0.108657,-0.066047,-0.040479
23.191240,1001.638330,6.249438,-2.877699,-0.052260,-1.064583,2.853718,0.014740,9.013671,-2.901680,-0.040200,-0.342078,2.853718,0.042880,-0.123312,-0.996304,9.920166,0.028761,-0.070307,-0.042610
23.201174,1001.648217,6.220292,-2.877699,-0.053600,-1.033903,2.853718,0.013400,8.987593,-2.901680,-0.040200,-0.314466,2.853718,0.044220,-0.273012,-0.978351,9.757320,0.004260,-0.055393,-0.040479
23.211172,1001.657592,6.191146,-2.877699,-0.053600,-1.003223,2.853718,0.012060,8.958448,-2.901680,-0.040200,-0.285320,2.853718,0.040200,-0.348451,-0.942447,10.182388,0.095874,-0.042610,-0.023436
23.221202,1001.667120,6.160467,-2.877699,-0.052260,-0.975612,2.853718,0.010720,8.929302,-2.901680,-0.040200,-0.256175,2.877699,0.038860,-0.407115,-0.457440,9.970492,0.142745,-0.050068,-0.018110
23.231238,1001.676810,6.132855,-2.877699,-0.050920,-0.948000,2.853718,0.012060,8.898623,-2.901680,-0.038860,-0.223961,2.877699,0.044220,-0.281449,-1.029854,9.921344,-0.087352,-0.084156,-0.031959
23.241230,1001.695910,6.103710,-2.877699,-0.050920,-0.917321,2.853718,0.014740,8.867943,-2.901680,-0.038860,-0.196350,2.877699,0.044220,-0.101828,-0.837087,9.655492,0.021305,-0.094808,-0.026632
23.251236,1001.705206,6.073030,-2.877699,-0.052260,-0.888175,2.853718,0.014740,8.840331,-2.901680,-0.038860,-0.165670,2.877699,0.044220,-0.040712,-0.517281,9.166955,0.015978,-0.071373,-0.031959
23.261320,1001.715067,6.043884,-2.877699,-0.050920,-0.859029,2.853718,0.013400,8.811186,-2.901680,-0.038860,-0.138058,2.877699,0.049580,-0.034727,-1.022693,9.340592,-0.038350,-0.070307,-0.035154
23.271205,1001.724276,6.016273,-2.877699,-0.052260,-0.829884,2.853718,0.014740,8.783574,-2.901680,-0.038860,-0.108913,2.877699,0.050920,-0.146071,-0.786762,9.469887,0.063916,-0.076698,-0.036219
23.281203,1001.733858,5.987127,-2.901680,-0.052260,-0.802272,2.853718,0.016080,8.752894,-2.901680,-0.038860,-0.081301,2.877699,0.048240,-0.296949,-1.538797,10.530937,0.103330,-0.054329,-0.031959
23.291187,1001.743592,5.957981,-2.901680,-0.053600,-0.773126,2.853718,0.018760,8.723749,-2.901680,-0.038860,-0.052155,2.877699,0.045560,-0.058664,-0.282626,9.965685,0.243946,-0.058589,-0.025566
23.301237,1001.753176,5.930370,-2.901680,-0.052260,-0.745515,2.853718,0.020100,8.694603,-2.901680,-0.038860,-0.021476,2.877699,0.052260,-0.181976,-1.108922,10.053092,-0.076698,-0.096939,-0.035154
23.311200,1001.762573,5.901224,-2.901680,-0.053600,-0.716369,2.853718,0.021440,8.666991,-2.877699,-0.038860,0.006136,2.877699,0.054940,-0.207187,-1.266961,9.600458,-0.131027,-0.083090,-0.044742
23.321155,1001.772065,5.873612,-2.901680,-0.054940,-0.687223,2.853718,0.021440,8.637846,-2.877699,-0.038860,0.035282,2.877699,0.053600,-0.270658,-0.817860,9.447128,0.093743,-0.058589,-0.020241
23.331423,1001.781680,5.842933,-2.877699,-0.053600,-0.658078,2.853718,0.020100,8.608700,-2.877699,-0.038860,0.065961,2.877699,0.049580,-0.341290,-0.821489,9.547779,0.064980,-0.046871,-0.013849
23.341175,1001.791132,5.813787,-2.877699,-0.050920,-0.628932,2.853718,0.021440,8.579555,-2.877699,-0.038860,0.092039,2.877699,0.050920,-0.202380,-0.895751,9.684236,0.015978,-0.070307,-0.018110
23.351143,1001.800695,5.784642,-2.877699,-0.049580,-0.598253,2.853718,0.021440,8.553477,-2.877699,-0.038860,0.122718,2.877699,0.053600,-0.086230,-0.744873,9.551310,0.021305,-0.079894,-0.020241
23.361155,1001.810277,5.755496,-2.877699,-0.048240,-0.569107,2.853718,0.021440,8.522797,-2.877699,-0.038860,0.153398,2.877699,0.053600,0.051503,-0.919687,9.833936,0.009587,-0.077765,-0.024501
23.370923,1001.819857,5.723282,-2.901680,-0.046900,-0.543029,2.853718,0.020100,8.495186,-2.877699,-0.038860,0.181010,2.877699,0.050920,0.034727,-0.544847,9.661477,0.090548,-0.070307,-0.029828
23.380984,1001.829527,5.695671,-2.901680,-0.048240,-0.513884,2.853718,0.018760,8.466040,-2.877699,-0.038860,0.210155,2.877699,0.049580,0.152055,-0.734082,9.489115,-0.012783,-0.072438,-0.044742
23.391382,1001.839066,5.664991,-2.901680,-0.049580,-0.483204,2.877699,0.020100,8.435360,-2.877699,-0.040200,0.240835,2.877699,0.049580,0.008339,-1.031031,9.427999,-0.042610,-0.070307,-0.052198
23.401188,1001.848518,5.637379,-2.901680,-0.046900,-0.454058,2.877699,0.018760,8.406215,-2.877699,-0.040200,0.265379,2.877699,0.046900,-0.033550,-0.538863,9.451935,0.127831,-0.071373,-0.046871
23.411193,1001.858349,5.609768,-2.901680,-0.045560,-0.423379,2.877699,0.018760,8.377069,-2.877699,-0.040200,0.296058,2.877699,0.046900,-0.015598,-0.734082,9.613604,0.054329,-0.075634,-0.050068
23.421152,1001.867552,5.580622,-2.901680,-0.046900,-0.395767,2.877699,0.017420,8.347923,-2.877699,-0.040200,0.325204,2.877699,0.048240,-0.013145,-1.322094,10.103417,-0.053264,-0.078830,-0.054329
23.431174,1001.877155,5.551476,-2.901680,-0.048240,-0.366621,2.877699,0.017420,8.318778,-2.877699,-0.040200,0.355884,2.901680,0.044220,-0.070632,-0.780778,10.109401,0.140614,-0.055393,-0.038350
23.441189,1001.896545,5.522331,-2.901680,-0.049580,-0.335942,2.901680,0.017420,8.292700,-2.877699,-0.040200,0.383495,2.901680,0.042880,-0.310192,-1.038192,9.544149,-0.060720,-0.049002,-0.042610
23.451365,1001.905763,5.491651,-2.901680,-0.049580,-0.306796,2.901680,0.017420,8.263555,-2.877699,-0.040200,0.415709,2.901680,0.046900,-0.277819,-1.007095,9.568085,0.027697,-0.060720,-0.029828
23.461201,1001.915483,5.464040,-2.901680,-0.046900,-0.277651,2.901680,0.018760,8.234409,-2.877699,-0.040200,0.443320,2.901680,0.050920,-0.294594,-0.541316,9.754868,0.145941,-0.061785,-0.018110
23.471192,1001.925195,5.433360,-2.901680,-0.045560,-0.248505,2.901680,0.017420,8.205263,-2.877699,-0.040200,0.470932,2.925661,0.046900,-0.238285,-0.792746,10.145306,0.073503,-0.061785,-0.019174
23.481181,1001.934467,5.404214,-2.901680,-0.045560,-0.217825,2.901680,0.017420,8.176118,-2.877699,-0.038860,0.500078,2.925661,0.042880,-0.149701,-0.656191,9.787241,0.007456,-0.070307,-0.028761
23.491167,1001.944043,5.375069,-2.901680,-0.045560,-0.188680,2.901680,0.018760,8.146972,-2.877699,-0.040200,0.530757,2.925661,0.046900,-0.001177,-0.841894,9.511776,-0.088417,-0.088417,-0.041546
23.501040,1001.953796,5.347457,-2.901680,-0.044220,-0.161068,2.901680,0.018760,8.120894,-2.877699,-0.040200,0.558369,2.925661,0.049580,-0.049050,-0.658643,9.180100,-0.038350,-0.091612,-0.046871
23.511157,1001.963385,5.318311,-2.901680,-0.044220,-0.130388,2.901680,0.018760,8.090215,-2.877699,-0.040200,0.587515,2.925661,0.048240,-0.082600,-0.680225,9.208843,0.021305,-0.068176,-0.046871
23.521412,1001.972685,5.289166,-2.901680,-0.045560,-0.102777,2.877699,0.018760,8.062603,-2.877699,-0.040200,0.618194,2.901680,0.044220,-0.137732,-0.861024,9.290266,0.031959,-0.055393,-0.047937
23.531189,1001.982343,5.260020,-2.901680,-0.046900,-0.072097,2.877699,0.021440,8.031923,-2.877699,-0.040200,0.645806,2.901680,0.045560,0.021582,-0.675419,9.576522,0.091612,-0.057524,-0.043675
23.541142,1001.991870,5.230874,-2.901680,-0.046900,-0.041417,2.877699,0.021440,8.005846,-2.877699,-0.040200,0.674952,2.901680,0.045560,-0.041889,-1.007095,10.263811,0.105462,-0.054329,-0.037284
23.551190,1002.001544,5.203263,-2.901680,-0.048240,-0.012272,2.901680,0.022780,7.976700,-2.877699,-0.040200,0.705631,2.901680,0.044220,-0.147248,-0.710146,10.338072,0.137418,-0.028761,-0.031959
23.561180,1002.010765,5.172583,-2.901680,-0.049580,0.016874,2.901680,0.021440,7.949088,-2.877699,-0.040200,0.734777,2.901680,0.044220,-0.108989,-0.651482,9.971669,0.044742,-0.042610,-0.035154
23.571300,1002.020322,5.143438,-2.901680,-0.048240,0.046019,2.901680,0.022780,7.919943,-2.877699,-0.040200,0.762388,2.901680,0.046900,-0.302933,-0.940092,9.486662,-0.110788,-0.053264,-0.041546
23.581410,1002.029957,5.114292,-2.901680,-0.046900,0.075165,2.901680,0.022780,7.889263,-2.877699,-0.040200,0.791534,2.901680,0.045560,-0.317354,-1.107745,9.709448,-0.021305,-0.072438,-0.035154
23.591202,1002.039725,5.086680,-2.877699,-0.046900,0.104311,2.901680,0.022780,7.860118,-2.877699,-0.040200,0.819146,2.901680,0.044220,-0.371210,-0.463424,9.637540,0.140614,-0.075634,-0.023436
23.601144,1002.049276,5.057535,-2.877699,-0.045560,0.133456,2.901680,0.022780,7.832506,-2.877699,-0.040200,0.848291,2.901680,0.045560,-0.221510,-0.748405,9.929780,0.030892,-0.086286,-0.027697
23.611172,1002.058770,5.028389,-2.877699,-0.044220,0.161068,2.901680,0.024120,7.803360,-2.877699,-0.040200,0.877437,2.901680,0.049580,-0.178444,-0.820312,9.450758,-0.070307,-0.087352,-0.038350
23.621003,1002.068304,4.999243,-2.877699,-0.044220,0.190214,2.877699,0.024120,7.775749,-2.901680,-0.040200,0.906583,2.901680,0.048240,-0.011968,-0.735260,9.297427,-0.041546,-0.101199,-0.042610
23.631045,1002.077746,4.971632,-2.877699,-0.045560,0.219359,2.877699,0.024120,7.746603,-2.901680,-0.040200,0.935728,2.901680,0.045560,-0.035905,-1.023870,9.402885,-0.017045,-0.075634,-0.041546
23.641195,1002.087304,4.942486,-2.877699,-0.046900,0.248505,2.877699,0.025460,7.715923,-2.901680,-0.040200,0.963340,2.877699,0.045560,-0.302933,-1.062227,9.527374,0.043675,-0.045806,-0.039415
23.651020,1002.096947,4.914874,-2.901680,-0.045560,0.276117,2.877699,0.025460,7.689846,-2.901680,-0.040200,0.994020,2.877699,0.049580,-0.167653,-0.918510,9.710625,0.125700,-0.033023,-0.034088
23.661201,1002.116149,4.885729,-2.901680,-0.045560,0.306796,2.877699,0.026800,7.659166,-2.901680,-0.040200,1.021631,2.877699,0.048240,0.017952,-1.106470,9.917812,-0.013849,-0.076698,-0.039415
23.671194,1002.125430,4.856583,-2.901680,-0.045560,0.335942,2.877699,0.026800,7.628486,-2.901680,-0.040200,1.050777,2.877699,0.044220,0.029921,-0.738889,10.037494,0.101199,-0.060720,-0.027697
23.681202,1002.135043,4.827438,-2.901680,-0.045560,0.365087,2.877699,0.025460,7.600875,-2.901680,-0.038860,1.079922,2.877699,0.042880,0.011968,-0.688564,9.795677,0.052198,-0.043675,-0.028761
23.691174,1002.144649,4.798292,-2.901680,-0.044220,0.394233,2.877699,0.025460,7.573263,-2.901680,-0.038860,1.107534,2.877699,0.046900,-0.097021,-0.943624,9.514228,-0.073503,-0.052198,-0.036219
23.701159,1002.154194,4.769146,-2.901680,-0.044220,0.421845,2.877699,0.024120,7.542584,-2.901680,-0.038860,1.135146,2.877699,0.046900,-0.206010,-0.923317,9.453112,-0.009587,-0.062851,-0.035154
23.711186,1002.163913,4.741535,-2.901680,-0.042880,0.452524,2.877699,0.025460,7.513438,-2.901680,-0.038860,1.165825,2.877699,0.041540,-0.093391,-0.814328,9.689043,0.099070,-0.064980,-0.030892
23.721161,1002.173167,4.712389,-2.901680,-0.041540,0.480136,2.877699,0.025460,7.485826,-2.901680,-0.038860,1.194971,2.877699,0.041540,-0.257512,-0.578398,9.663929,0.091612,-0.070307,-0.033023
23.731211,1002.182857,4.681709,-2.901680,-0.041540,0.509282,2.877699,0.025460,7.455147,-2.901680,-0.038860,1.222583,2.877699,0.045560,-0.013145,-0.823844,9.669913,-0.001065,-0.076698,-0.038350
23.741298,1002.192372,4.652564,-2.925661,-0.040200,0.538427,2.877699,0.024120,7.426001,-2.901680,-0.038860,1.253262,2.877699,0.044220,-0.095844,-0.799907,9.388464,-0.036219,-0.079894,-0.038350
23.751221,1002.202084,4.623418,-2.925661,-0.040200,0.566039,2.877699,0.025460,7.398389,-2.901680,-0.038860,1.282408,2.877699,0.041540,-0.135280,-1.117261,9.635186,-0.001065,-0.063916,-0.030892
23.761338,1002.211667,4.594272,-2.925661,-0.040200,0.595185,2.877699,0.026800,7.369244,-2.901680,-0.038860,1.311554,2.901680,0.042880,-0.259867,-0.514927,9.734561,0.168313,-0.042610,-0.022370
23.771164,1002.220871,4.563593,-2.925661,-0.041540,0.624330,2.877699,0.026800,7.341632,-2.901680,-0.038860,1.337631,2.901680,0.045560,-0.235930,-0.659821,9.692672,0.036219,-0.067111,-0.028761
23.781242,1002.230587,4.532913,-2.925661,-0.041540,0.653476,2.877699,0.026800,7.310952,-2.901680,-0.038860,1.366777,2.901680,0.044220,-0.143716,-0.968738,9.565731,-0.111853,-0.086286,-0.038350
23.791159,1002.240343,4.503768,-2.925661,-0.041540,0.681087,2.877699,0.026800,7.281807,-2.901680,-0.037520,1.395923,2.901680,0.044220,0.016775,-0.934010,9.684236,0.017045,-0.077765,-0.034088
23.801120,1002.249857,4.474622,-2.925661,-0.041540,0.710233,2.877699,0.026800,7.254195,-2.877699,-0.037520,1.426602,2.901680,0.044220,-0.089860,-0.720937,9.985991,0.128898,-0.033023,-0.023436
23.811125,1002.259117,4.447010,-2.925661,-0.042880,0.740913,2.877699,0.026800,7.226583,-2.877699,-0.038860,1.454214,2.901680,0.044220,-0.188058,-0.511297,10.029155,0.110788,-0.034088,-0.029828
23.821134,1002.268807,4.419399,-2.925661,-0.042880,0.768524,2.877699,0.026800,7.197438,-2.877699,-0.038860,1.483359,2.901680,0.042880,-0.195219,-0.785585,9.628025,-0.052198,-0.042610,-0.042610
23.831143,1002.278450,4.390253,-2.925661,-0.042880,0.797670,2.877699,0.025460,7.169826,-2.853718,-0.038860,1.512505,2.901680,0.042880,-0.241915,-0.930479,9.381303,-0.074569,-0.068176,-0.046871
23.841024,1002.288004,4.359573,-2.925661,-0.044220,0.826816,2.877699,0.025460,7.139147,-2.853718,-0.038860,1.543185,2.901680,0.046900,-0.213171,-1.029854,9.960878,0.062851,-0.073503,-0.034088
23.851158,1002.297606,4.331962,-2.925661,-0.042880,0.855961,2.877699,0.025460,7.110001,-2.853718,-0.038860,1.570796,2.901680,0.045560,-0.136555,-0.567607,9.998058,0.150203,-0.067111,-0.029828
23.861290,1002.316586,4.302816,-2.901680,-0.042880,0.885107,2.877699,0.026800,7.082389,-2.853718,-0.040200,1.599942,2.901680,0.042880,-0.101828,-1.198684,9.515406,-0.112918,-0.074569,-0.044742
23.871384,1002.326175,4.270603,-2.901680,-0.042880,0.914253,2.877699,0.026800,7.053244,-2.853718,-0.040200,1.630622,2.901680,0.046900,-0.225140,-0.983158,9.468710,0.071373,-0.071373,-0.031959
23.881328,1002.335451,4.242991,-2.901680,-0.042880,0.941864,2.901680,0.026800,7.024098,-2.853718,-0.041540,1.656699,2.901680,0.049580,-0.219155,-0.865831,9.623218,0.071373,-0.062851,-0.025566
23.891149,1002.345139,4.215379,-2.901680,-0.041540,0.971010,2.901680,0.028140,6.996486,-2.853718,-0.041540,1.685845,2.901680,0.050920,-0.153330,-0.767633,9.491469,0.036219,-0.069242,-0.028761
23.901340,1002.354749,4.184700,-2.901680,-0.041540,1.000155,2.901680,0.028140,6.964273,-2.853718,-0.041540,1.716525,2.901680,0.045560,-0.001177,-1.038192,9.539342,-0.051133,-0.084156,-0.035154
23.911388,1002.364330,4.154020,-2.901680,-0.041540,1.029301,2.901680,0.028140,6.936661,-2.853718,-0.041540,1.744136,2.901680,0.045560,-0.010791,-1.114907,9.866309,0.039415,-0.061785,-0.029828
23.921170,1002.373871,4.126408,-2.901680,-0.041540,1.056913,2.901680,0.026800,6.909049,-2.853718,-0.041540,1.771748,2.901680,0.046900,-0.111344,-0.536509,10.099787,0.207727,-0.037284,-0.022370
23.931237,1002.383545,4.097263,-2.901680,-0.041540,1.086058,2.901680,0.026800,6.879904,-2.853718,-0.041540,1.800893,2.901680,0.049580,-0.253883,-0.931656,10.126176,0.035154,-0.025566,-0.036219
23.941157,1002.392762,4.071185,-2.877699,-0.042880,1.115204,2.901680,0.025460,6.852292,-2.853718,-0.042880,1.830039,2.901680,0.045560,-0.167653,-0.865831,9.666284,-0.055393,-0.059655,-0.047937
23.951150,1002.402450,4.042039,-2.877699,-0.042880,1.144350,2.901680,0.026800,6.821613,-2.853718,-0.042880,1.857651,2.901680,0.041540,-0.201203,-0.825119,9.437612,0.003196,-0.071373,-0.043675
23.961139,1002.411949,4.012894,-2.877699,-0.044220,1.173495,2.901680,0.026800,6.792467,-2.853718,-0.042880,1.886796,2.901680,0.044220,-0.093391,-0.898106,9.672268,0.020241,-0.080961,-0.040479
23.971147,1002.421545,3.983748,-2.877699,-0.042880,1.202641,2.901680,0.024120,6.764855,-2.853718,-0.042880,1.914408,2.901680,0.045560,-0.076616,-0.671789,9.685413,0.067111,-0.075634,-0.037284
23.981137,1002.431084,3.954602,-2.877699,-0.042880,1.230253,2.901680,0.024120,6.735710,-2.853718,-0.042880,1.943554,2.901680,0.045560,-0.032373,-0.754389,9.559747,-0.006391,-0.063916,-0.039415
23.991126,1002.440880,3.925457,-2.877699,-0.042880,1.257864,2.901680,0.024120,6.706564,-2.853718,-0.044220,1.972699,2.901680,0.044220,-0.038357,-0.845426,9.429176,-0.034088,-0.066047,-0.040479
24.001174,1002.450362,3.897845,-2.877699,-0.044220,1.288544,2.901680,0.024120,6.677418,-2.853718,-0.044220,2.001845,2.901680,0.045560,-0.134103,-1.107745,9.730931,0.026632,-0.054329,-0.035154
24.011240,1002.459948,3.867166,-2.877699,-0.044220,1.317689,2.901680,0.024120,6.648273,-2.877699,-0.044220,2.032525,2.901680,0.048240,-0.152055,-0.607141,9.807646,0.155528,-0.044742,-0.026632
24.021361,1002.469497,3.836486,-2.877699,-0.042880,1.345301,2.901680,0.024120,6.617593,-2.877699,-0.044220,2.063204,2.877699,0.045560,-0.155685,-0.781955,9.871116,0.041546,-0.054329,-0.033023
24.031204,1002.478741,3.808874,-2.877699,-0.044220,1.374447,2.901680,0.024120,6.586914,-2.877699,-0.044220,2.089282,2.877699,0.044220,-0.099375,-0.819135,9.334607,-0.085221,-0.080961,-0.045806
24.041009,1002.488324,3.779729,-2.877699,-0.042880,1.400524,2.901680,0.024120,6.560836,-2.877699,-0.044220,2.118427,2.877699,0.044220,-0.023936,-1.149634,9.624395,-0.066047,-0.084156,-0.047937
24.051268,1002.498066,3.753651,-2.877699,-0.045560,1.432738,2.901680,0.022780,6.530156,-2.877699,-0.044220,2.147573,2.877699,0.045560,-0.136555,-0.966383,10.033962,0.143810,-0.033023,-0.033023
24.061167,1002.507376,3.724505,-2.877699,-0.046900,1.461884,2.901680,0.021440,6.504079,-2.877699,-0.044220,2.176719,2.877699,0.042880,-0.233478,-0.592720,10.047108,0.183225,-0.014914,-0.034088
24.071149,1002.517176,3.695360,-2.877699,-0.048240,1.491029,2.901680,0.021440,6.474933,-2.877699,-0.044220,2.205864,2.877699,0.041540,-0.214349,-1.102938,9.854341,-0.072438,-0.039415,-0.049002
24.081148,1002.526668,3.664680,-2.877699,-0.049580,1.518641,2.901680,0.021440,6.445787,-2.877699,-0.044220,2.235010,2.877699,0.045560,-0.118505,-0.835910,9.378851,-0.029828,-0.055393,-0.050068
24.091147,1002.545772,3.637068,-2.877699,-0.049580,1.547787,2.901680,0.021440,6.418176,-2.877699,-0.045560,2.264156,2.877699,0.044220,-0.149701,-0.723291,9.880632,0.062851,-0.053264,-0.046871
24.103327,1002.555180,3.600253,-2.853718,-0.049580,1.584602,2.901680,0.020100,6.381360,-2.853718,-0.045560,2.300971,2.877699,0.041540,-0.083777,-0.623916,9.442321,0.000000,-0.051133,-0.051133
24.111238,1002.564680,3.578777,-2.853718,-0.049580,1.606078,2.925661,0.018760,6.356816,-2.853718,-0.045560,2.320913,2.877699,0.041540,-0.246722,-1.119713,9.301057,-0.112918,-0.060720,-0.055393
24.121186,1002.574362,3.551166,-2.853718,-0.046900,1.635224,2.925661,0.018760,6.330739,-2.853718,-0.045560,2.350059,2.877699,0.046900,-0.215526,-1.196330,9.513051,-0.031959,-0.078830,-0.049002
24.131136,1002.584044,3.522020,-2.853718,-0.048240,1.664369,2.925661,0.018760,6.301593,-2.853718,-0.045560,2.379204,2.877699,0.042880,-0.377194,-0.966383,9.328623,0.082025,-0.035154,-0.027697
24.141393,1002.593478,3.492874,-2.853718,-0.046900,1.693515,2.925661,0.020100,6.270913,-2.853718,-0.045560,2.408350,2.877699,0.041540,-0.273012,-1.087340,10.025526,0.102266,-0.036219,-0.018110
24.151337,1002.603133,3.463729,-2.853718,-0.044220,1.721126,2.925661,0.021440,6.240234,-2.877699,-0.046900,2.437495,2.877699,0.045560,-0.213171,-0.795100,9.789595,0.086286,-0.056460,-0.020241
24.161577,1002.612778,3.433049,-2.877699,-0.044220,1.751806,2.925661,0.021440,6.211088,-2.877699,-0.046900,2.466641,2.877699,0.048240,-0.120957,-0.743696,9.405239,-0.035154,-0.074569,-0.028761
24.171077,1002.622257,3.405437,-2.877699,-0.042880,1.777884,2.925661,0.020100,6.181943,-2.877699,-0.046900,2.494253,2.877699,0.048240,-0.178444,-1.254993,9.624395,-0.053264,-0.058589,-0.025566
24.181309,1002.631643,3.374758,-2.877699,-0.041540,1.807029,2.925661,0.020100,6.151263,-2.901680,-0.045560,2.523398,2.877699,0.044220,-0.282626,-0.760373,9.705818,0.133158,-0.043675,-0.018110
24.191260,1002.641232,3.345612,-2.877699,-0.041540,1.837709,2.901680,0.018760,6.122117,-2.901680,-0.045560,2.552544,2.877699,0.044220,-0.113796,-0.868185,9.835114,0.086286,-0.030892,-0.020241
24.201136,1002.650836,3.316466,-2.877699,-0.040200,1.865321,2.901680,0.020100,6.094506,-2.901680,-0.045560,2.580156,2.877699,0.048240,-0.189235,-0.802360,9.599281,-0.008522,-0.064980,-0.034088
24.211164,1002.660416,3.287321,-2.901680,-0.038860,1.894466,2.901680,0.018760,6.065360,-2.901680,-0.045560,2.610835,2.877699,0.046900,-0.144894,-0.935285,9.408869,-0.040479,-0.077765,-0.037284
24.221161,1002.670044,3.258175,-2.901680,-0.038860,1.923612,2.901680,0.017420,6.033146,-2.901680,-0.044220,2.639981,2.877699,0.045560,-0.148523,-0.878976,9.550133,0.049002,-0.074569,-0.033023
24.231252,1002.679643,3.229030,-2.901680,-0.037520,1.952758,2.877699,0.017420,6.002467,-2.901680,-0.044220,2.669127,2.877699,0.046900,-0.099375,-0.707693,9.681881,0.085221,-0.066047,-0.028761
24.241133,1002.688870,3.198350,-2.901680,-0.037520,1.981903,2.877699,0.017420,5.974855,-2.901680,-0.044220,2.696738,2.877699,0.048240,-0.152055,-0.938817,10.218390,0.084156,-0.053264,-0.020241
24.251115,1002.698370,3.169204,-2.925661,-0.036180,2.011049,2.877699,0.017420,5.945710,-2.925661,-0.042880,2.727418,2.877699,0.045560,-0.136555,-0.493345,9.757320,0.062851,-0.058589,-0.024501
24.261161,1002.707966,3.140059,-2.925661,-0.036180,2.040194,2.877699,0.017420,5.915030,-2.925661,-0.042880,2.756563,2.877699,0.045560,-0.021582,-0.942447,9.780080,-0.075634,-0.073503,-0.036219
24.271305,1002.717585,3.110913,-2.925661,-0.038860,2.067806,2.877699,0.017420,5.884350,-2.925661,-0.042880,2.785709,2.877699,0.046900,-0.062294,-0.705339,9.319009,-0.044742,-0.080961,-0.038350
24.281296,1002.727149,3.081767,-2.925661,-0.037520,2.096952,2.877699,0.017420,5.856739,-2.925661,-0.042880,2.814855,2.877699,0.044220,-0.064648,-0.534056,9.286735,0.035154,-0.073503,-0.036219
24.291139,1002.746448,3.052622,-2.925661,-0.038860,2.124563,2.877699,0.017420,5.829127,-2.925661,-0.042880,2.844000,2.877699,0.040200,-0.202380,-0.666982,9.423192,0.034088,-0.062851,-0.040479
24.301406,1002.755715,3.021942,-2.925661,-0.037520,2.153709,2.877699,0.016080,5.796913,-2.925661,-0.042880,2.874680,2.877699,0.046900,-0.364049,-0.961576,9.855518,0.083090,-0.052198,-0.035154
24.311339,1002.765185,2.992797,-2.925661,-0.037520,2.182855,2.877699,0.014740,5.769302,-2.925661,-0.042880,2.903826,2.877699,0.045560,-0.211994,-0.501781,9.780080,0.109722,-0.071373,-0.037284
24.321201,1002.774761,2.963651,-2.901680,-0.038860,2.212000,2.877699,0.016080,5.740156,-2.901680,-0.042880,2.931437,2.901680,0.042880,-0.069455,-1.032208,9.873471,-0.046871,-0.088417,-0.045806
24.331238,1002.784666,2.934505,-2.901680,-0.040200,2.241146,2.877699,0.016080,5.709476,-2.901680,-0.042880,2.960583,2.901680,0.042880,-0.148523,-1.033483,9.709448,-0.040479,-0.082025,-0.043675
24.341232,1002.793975,2.905360,-2.901680,-0.042880,2.270292,2.877699,0.016080,5.681865,-2.901680,-0.041540,2.989729,2.901680,0.046900,-0.162846,-0.621464,9.630379,0.099070,-0.063916,-0.036219
24.351183,1002.803467,2.877748,-2.901680,-0.042880,2.299437,2.877699,0.016080,5.652719,-2.901680,-0.042880,3.018874,2.901680,0.048240,-0.257512,-1.276575,10.310604,0.031959,-0.049002,-0.036219
24.361116,1002.813020,2.848602,-2.901680,-0.041540,2.325515,2.877699,0.016080,5.625108,-2.877699,-0.042880,3.048020,2.901680,0.046900,-0.241915,-0.705339,9.899860,0.089483,-0.052198,-0.033023
24.371252,1002.822868,2.819457,-2.901680,-0.041540,2.354661,2.853718,0.018760,5.592894,-2.877699,-0.042880,3.077165,2.901680,0.049580,-0.332951,-0.840619,9.687866,-0.009587,-0.069242,-0.030892
24.381446,1002.832162,2.787243,-2.901680,-0.040200,2.383806,2.853718,0.018760,5.565282,-2.877699,-0.042880,3.107845,2.901680,0.048240,-0.075439,-0.997481,9.401610,-0.098004,-0.099070,-0.037284
24.391262,1002.841869,2.759631,-2.901680,-0.040200,2.414486,2.853718,0.018760,5.534603,-2.877699,-0.042880,3.135457,2.901680,0.048240,-0.076616,-0.870637,9.205214,-0.061785,-0.124636,-0.035154
24.401158,1002.851201,2.730486,-2.901680,-0.040200,2.443631,2.853718,0.017420,5.508525,-2.877699,-0.044220,3.164602,2.901680,0.048240,-0.174814,-0.942447,9.313025,-0.003196,-0.089483,-0.028761
24.411198,1002.860996,2.699806,-2.901680,-0.040200,2.471243,2.853718,0.017420,5.479379,-2.877699,-0.044220,3.193748,2.901680,0.049580,0.069455,-1.069388,9.541795,0.026632,-0.058589,-0.029828
24.421104,1002.870396,2.673729,-2.901680,-0.038860,2.500389,2.853718,0.018760,5.450234,-2.877699,-0.044220,3.222894,2.901680,0.050920,-0.188058,-0.850233,9.334607,0.088417,-0.010653,-0.025566
24.431403,1002.880059,2.643049,-2.901680,-0.038860,2.529534,2.877699,0.018760,5.419554,-2.877699,-0.044220,3.252039,2.901680,0.045560,-0.056309,-1.090970,10.021994,0.112918,-0.037284,-0.029828
24.441135,1002.889464,2.613903,-2.901680,-0.038860,2.557146,2.877699,0.018760,5.391942,-2.877699,-0.044220,3.279651,2.901680,0.046900,-0.094568,-0.941269,9.890246,0.080961,-0.045806,-0.036219
24.451162,1002.898902,2.586292,-2.901680,-0.040200,2.587826,2.877699,0.017420,5.362797,-2.877699,-0.044220,3.308797,2.901680,0.049580,0.053857,-0.858571,10.074674,0.072438,-0.060720,-0.036219
24.461485,1002.908566,2.555612,-2.901680,-0.041540,2.616971,2.877699,0.014740,5.330583,-2.877699,-0.044220,3.339476,2.901680,0.046900,0.028743,-1.003465,9.861503,0.000000,-0.070307,-0.038350
24.471432,1002.918300,2.524932,-2.901680,-0.041540,2.646117,2.877699,0.016080,5.301438,-2.877699,-0.044220,3.368622,2.901680,0.044220,0.053857,-0.990320,9.416030,-0.091612,-0.087352,-0.042610
24.481121,1002.927581,2.498855,-2.901680,-0.038860,2.675262,2.877699,0.016080,5.275360,-2.877699,-0.044220,3.394699,2.901680,0.045560,-0.196396,-1.322094,9.394448,-0.044742,-0.060720,-0.026632
24.491179,1002.937466,2.468175,-2.901680,-0.036180,2.704408,2.877699,0.016080,5.244680,-2.877699,-0.044220,3.423845,2.901680,0.048240,-0.307740,-0.943624,9.690220,0.127831,-0.049002,-0.031959
24.501037,1002.947021,2.435961,-2.925661,-0.036180,2.733554,2.877699,0.016080,5.215535,-2.877699,-0.044220,3.454525,2.901680,0.045560,-0.213171,-0.479022,9.545326,0.164050,-0.036219,-0.022370
24.511227,1002.965955,2.406816,-2.949641,-0.036180,2.764233,2.877699,0.016080,5.184855,-2.901680,-0.042880,3.483670,2.901680,0.041540,-0.094568,-1.039468,9.291443,-0.096939,-0.108657,-0.035154
24.521279,1002.975276,2.376136,-2.949641,-0.034840,2.793379,2.877699,0.014740,5.152641,-2.901680,-0.042880,3.512816,2.901680,0.041540,-0.188058,-1.106470,9.558570,0.013849,-0.086286,-0.024501
24.531222,1002.984989,2.343923,-2.973622,-0.034840,2.824059,2.901680,0.013400,5.126564,-2.901680,-0.042880,3.541962,2.901680,0.042880,-0.134103,-0.820312,9.774095,0.181095,-0.029828,-0.012783
24.541257,1002.994616,2.314777,-2.997603,-0.034840,2.853204,2.901680,0.013400,5.095884,-2.925661,-0.042880,3.571107,2.901680,0.041540,-0.322160,-0.787939,9.884262,0.149137,-0.022370,-0.017045
24.551185,1003.004177,2.287165,-3.021584,-0.034840,2.882350,2.901680,0.013400,5.066739,-2.925661,-0.041540,3.600253,2.925661,0.038860,-0.265851,-0.633530,9.583683,0.025566,-0.067111,-0.044742
24.561211,1003.013581,2.258020,-2.997603,-0.034840,2.908428,2.901680,0.013400,5.039127,-2.925661,-0.041540,3.629399,2.925661,0.041540,-0.076616,-0.758019,9.532181,-0.008522,-0.082025,-0.049002
24.571250,1003.023039,2.231942,-2.973622,-0.037520,2.940641,2.901680,0.013400,5.008447,-2.925661,-0.040200,3.658544,2.925661,0.040200,-0.044341,-0.749680,9.560924,0.005327,-0.086286,-0.054329
24.581284,1003.032723,2.202796,-2.973622,-0.036180,2.969787,2.901680,0.012060,4.979302,-2.925661,-0.040200,3.689224,2.901680,0.037520,0.013145,-0.572414,9.859050,0.128898,-0.050068,-0.027697
24.591335,1003.042270,2.173651,-2.949641,-0.036180,2.998932,2.901680,0.009380,4.948622,-2.925661,-0.040200,3.718369,2.901680,0.040200,-0.154508,-0.548477,10.008751,0.074569,-0.039415,-0.031959
24.601374,1003.051831,2.144505,-2.901680,-0.037520,3.026544,2.901680,0.009380,4.919476,-2.925661,-0.040200,3.747515,2.925661,0.042880,-0.246722,-0.877799,9.867487,-0.044742,-0.043675,-0.036219
24.611118,1003.061581,2.116893,-2.877699,-0.036180,3.057224,2.901680,0.009380,4.890331,-2.925661,-0.040200,3.776661,2.925661,0.038860,-0.189235,-0.855040,10.005219,0.015978,-0.050068,-0.031959
24.621127,1003.071145,2.090816,-2.853718,-0.034840,3.084835,2.901680,0.010720,4.864253,-2.925661,-0.040200,3.804272,2.925661,0.038860,-0.221510,-0.299401,9.477049,0.078830,-0.063916,-0.029828
24.631163,1003.080360,2.061670,-2.853718,-0.037520,3.115515,2.901680,0.010720,4.835107,-2.925661,-0.040200,3.833418,2.925661,0.042880,-0.154508,-0.804714,9.582506,-0.087352,-0.092679,-0.037284
24.641051,1003.090114,2.032525,-2.853718,-0.037520,3.143127,2.901680,0.012060,4.809030,-2.901680,-0.040200,3.862564,2.925661,0.042880,-0.035905,-0.714953,9.517760,-0.007456,-0.091612,-0.038350
24.651242,1003.099518,2.003379,-2.853718,-0.037520,3.173806,2.901680,0.010720,4.781418,-2.877699,-0.040200,3.893243,2.925661,0.037520,-0.067100,-0.672966,9.504615,0.051133,-0.061785,-0.031959
24.661269,1003.109145,1.975767,-2.853718,-0.037520,3.204486,2.901680,0.012060,4.753806,-2.853718,-0.041540,3.922389,2.925661,0.036180,-0.135280,-0.702985,9.566908,0.042610,-0.040479,-0.034088
24.671070,1003.118774,1.948156,-2.829737,-0.038860,3.232098,2.901680,0.010720,4.724661,-2.829737,-0.041540,3.953068,2.925661,0.041540,-0.296949,-0.893299,9.721416,0.034088,-0.052198,-0.043675
24.681370,1003.128407,1.922078,-2.829737,-0.040200,3.262777,2.901680,0.012060,4.695515,-2.805756,-0.042880,3.979146,2.925661,0.044220,-0.167653,-0.773617,9.681881,0.039415,-0.054329,-0.046871
24.691102,1003.137664,1.896000,-2.805756,-0.041540,3.288855,2.901680,0.010720,4.666370,-2.805756,-0.042880,4.008292,2.925661,0.040200,-0.111344,-0.817860,9.903391,0.085221,-0.061785,-0.045806
24.701182,1003.147298,1.869923,-2.781776,-0.042880,3.321068,2.901680,0.010720,4.638758,-2.805756,-0.044220,4.037437,2.901680,0.038860,-0.050325,-0.886137,9.952539,0.036219,-0.062851,-0.046871
24.711107,1003.156869,1.842311,-2.757795,-0.042880,3.348680,2.901680,0.010720,4.609612,-2.829737,-0.044220,4.066583,2.901680,0.042880,-0.223962,-0.803537,9.630379,-0.009587,-0.060720,-0.044742
24.721089,1003.175919,1.813165,-2.733814,-0.042880,3.377826,2.901680,0.012060,4.578933,-2.853718,-0.044220,4.094195,2.901680,0.044220,-0.341290,-0.774794,9.884262,0.107593,-0.042610,-0.023436
24.731123,1003.185686,1.782486,-2.757795,-0.040200,3.406971,2.901680,0.013400,4.551321,-2.877699,-0.044220,4.124874,2.901680,0.044220,-0.214349,-0.886137,9.769289,0.015978,-0.058589,-0.024501
24.741095,1003.195268,1.753340,-2.781776,-0.038860,3.436117,2.901680,0.014740,4.522175,-2.901680,-0.044220,4.152486,2.877699,0.044220,-0.142539,-1.090970,9.328623,-0.149137,-0.090548,-0.035154
24.751108,1003.204660,1.725728,-2.805756,-0.038860,3.463729,2.901680,0.016080,4.491496,-2.901680,-0.042880,4.181632,2.877699,0.042880,-0.014323,-1.131682,9.287912,-0.092679,-0.108657,-0.036219
24.761065,1003.214320,1.698117,-2.829737,-0.038860,3.492874,2.901680,0.016080,4.462350,-2.925661,-0.042880,4.209243,2.877699,0.046900,-0.029921,-0.977174,9.280652,0.063916,-0.056460,-0.019174
24.771120,1003.223660,1.668971,-2.877699,-0.040200,3.522020,2.901680,0.014740,4.433204,-2.925661,-0.042880,4.238389,2.877699,0.045560,-0.137732,-0.765180,9.510599,0.161919,-0.021305,-0.013849
24.780999,1003.233316,1.639825,-2.877699,-0.041540,3.551166,2.877699,0.013400,4.404059,-2.925661,-0.042880,4.267535,2.877699,0.041540,-0.130571,-0.847878,9.705818,0.104395,-0.023436,-0.025566
24.791113,1003.242979,1.612214,-2.901680,-0.040200,3.578777,2.877699,0.013400,4.374913,-2.925661,-0.041540,4.295146,2.877699,0.040200,-0.143716,-0.917333,9.857873,0.033023,-0.058589,-0.040479
24.801132,1003.252335,1.583068,-2.877699,-0.040200,3.609457,2.877699,0.013400,4.345768,-2.925661,-0.041540,4.324292,2.877699,0.041540,0.089860,-1.034661,10.036317,0.024501,-0.071373,-0.044742
24.811101,1003.261848,1.553923,-2.877699,-0.041540,3.637068,2.877699,0.012060,4.316622,-2.925661,-0.041540,4.353437,2.877699,0.040200,-0.016775,-0.999933,10.348863,0.113984,-0.053264,-0.038350
24.821310,1003.271419,1.524777,-2.877699,-0.044220,3.667748,2.877699,0.010720,4.287476,-2.925661,-0.041540,4.381049,2.877699,0.038860,-0.118505,-0.599980,9.850712,0.077765,-0.047937,-0.039415
24.831262,1003.280863,1.494097,-2.877699,-0.045560,3.696894,2.877699,0.009380,4.258331,-2.925661,-0.041540,4.411729,2.877699,0.038860,-0.183251,-0.781955,9.346576,-0.094808,-0.072438,-0.046871
24.841086,1003.290732,1.464952,-2.901680,-0.042880,3.726039,2.877699,0.009380,4.229185,-2.901680,-0.041540,4.439340,2.877699,0.038860,-0.296949,-1.093325,9.329800,-0.104395,-0.090548,-0.043675
24.851069,1003.300314,1.434272,-2.901680,-0.040200,3.755185,2.901680,0.009380,4.200039,-2.901680,-0.041540,4.468486,2.877699,0.037520,-0.371210,-1.022693,9.539342,0.058589,-0.049002,-0.024501
24.861127,1003.309828,1.405126,-2.925661,-0.038860,3.785865,2.901680,0.009380,4.170894,-2.901680,-0.040200,4.497632,2.877699,0.036180,-0.313724,-0.449102,9.360898,0.145941,-0.033023,-0.013849
24.871078,1003.319109,1.375981,-2.925661,-0.037520,3.815010,2.901680,0.009380,4.141748,-2.901680,-0.040200,4.528311,2.901680,0.038860,-0.201203,-0.997481,9.525020,-0.039415,-0.069242,-0.023436
24.881119,1003.328720,1.346835,-2.925661,-0.038860,3.844156,2.901680,0.008040,4.112602,-2.901680,-0.040200,4.557457,2.901680,0.037520,-0.154508,-0.997481,9.487840,-0.050068,-0.073503,-0.024501
24.891131,1003.338416,1.317689,-2.949641,-0.040200,3.873301,2.901680,0.008040,4.083457,-2.901680,-0.040200,4.586603,2.901680,0.033500,-0.213171,-0.543670,9.478324,0.141681,-0.044742,-0.011718
24.901455,1003.347863,1.288544,-2.949641,-0.041540,3.902447,2.901680,0.008040,4.055845,-2.901680,-0.038860,4.617282,2.901680,0.036180,-0.221510,-0.841894,9.857873,0.089483,-0.030892,-0.017045
24.911099,1003.357601,1.259398,-2.949641,-0.041540,3.930059,2.901680,0.008040,4.026700,-2.901680,-0.040200,4.644894,2.901680,0.037520,-0.391615,-0.511297,9.474694,0.027697,-0.053264,-0.031959
24.921118,1003.366941,1.230253,-2.925661,-0.041540,3.959204,2.901680,0.008040,3.997554,-2.901680,-0.040200,4.672505,2.901680,0.036180,-0.226317,-0.973544,9.815984,-0.015978,-0.071373,-0.035154
24.931150,1003.376742,1.202641,-2.925661,-0.041540,3.986816,2.901680,0.008040,3.965340,-2.901680,-0.038860,4.701651,2.925661,0.030820,-0.131748,-0.653837,9.884262,0.093743,-0.080961,-0.034088
24.941103,1003.395633,1.173495,-2.901680,-0.042880,4.015962,2.901680,0.008040,3.937729,-2.901680,-0.038860,4.730797,2.925661,0.034840,-0.141264,-0.640691,9.683059,0.024501,-0.076698,-0.038350
24.951106,1003.405225,1.144350,-2.901680,-0.044220,4.046641,2.901680,0.006700,3.910117,-2.901680,-0.038860,4.759942,2.925661,0.037520,-0.177267,-0.995126,9.917812,0.015978,-0.072438,-0.039415
24.961125,1003.414635,1.113670,-2.901680,-0.045560,4.075787,2.901680,0.006700,3.882505,-2.877699,-0.038860,4.790622,2.925661,0.034840,-0.220333,-0.564075,9.727400,0.080961,-0.055393,-0.036219
24.971168,1003.424149,1.084524,-2.901680,-0.045560,4.104933,2.901680,0.008040,3.853360,-2.877699,-0.038860,4.818234,2.925661,0.034840,-0.208364,-0.528072,9.684236,0.075634,-0.058589,-0.033023
24.981135,1003.434054,1.055379,-2.901680,-0.044220,4.132544,2.901680,0.009380,3.822680,-2.877699,-0.038860,4.847379,2.925661,0.038860,-0.202380,-0.829828,9.383657,-0.080961,-0.085221,-0.040479
24.991120,1003.443353,1.027767,-2.877699,-0.044220,4.163224,2.901680,0.009380,3.793534,-2.901680,-0.038860,4.876525,2.901680,0.040200,-0.097021,-0.892121,9.218457,-0.116113,-0.132093,-0.045806
25.001103,1003.453072,1.000155,-2.877699,-0.044220,4.192369,2.901680,0.010720,3.765923,-2.877699,-0.040200,4.905671,2.901680,0.036180,-0.057487,-1.076549,9.238764,-0.043675,-0.094808,-0.034088
25.011335,1003.462599,0.969476,-2.877699,-0.042880,4.223049,2.901680,0.010720,3.735243,-2.877699,-0.040200,4.934816,2.901680,0.037520,-0.323338,-0.708969,9.099854,0.088417,-0.051133,-0.020241
25.021108,1003.472054,0.941864,-2.877699,-0.044220,4.249127,2.901680,0.010720,3.707632,-2.877699,-0.040200,4.963962,2.901680,0.040200,-0.050325,-0.571236,9.317832,0.140614,-0.021305,-0.023436
25.031408,1003.481485,0.911185,-2.877699,-0.044220,4.278272,2.901680,0.009380,3.673884,-2.901680,-0.040200,4.991573,2.901680,0.038860,-0.365226,-1.207121,10.300990,0.188551,-0.046871,-0.038350
25.041374,1003.491313,0.882039,-2.877699,-0.042880,4.307418,2.877699,0.010720,3.644738,-2.901680,-0.040200,5.020719,2.877699,0.036180,-0.021582,-0.738889,10.693783,0.155528,-0.096939,-0.064980
25.050988,1003.500880,0.855961,-2.877699,-0.045560,4.335030,2.877699,0.012060,3.618661,-2.901680,-0.038860,5.049865,2.877699,0.037520,-0.093391,-0.987965,11.194289,0.086286,-0.079894,-0.053264
25.061119,1003.510077,0.825282,-2.877699,-0.048240,4.364175,2.877699,0.010720,3.591049,-2.901680,-0.040200,5.079010,2.877699,0.041540,-0.112521,-0.557993,9.541795,-0.027697,-0.064980,-0.061785
25.071434,1003.519997,0.797670,-2.877699,-0.049580,4.391787,2.877699,0.009380,3.561903,-2.877699,-0.040200,5.108156,2.877699,0.038860,-0.323338,-1.016708,9.342946,-0.189618,-0.077765,-0.064980
25.081029,1003.529438,0.768524,-2.853718,-0.049580,4.419399,2.877699,0.009380,3.535826,-2.877699,-0.040200,5.135768,2.877699,0.036180,-0.471861,-1.064581,9.195698,-0.033023,-0.089483,-0.044742
25.091240,1003.538861,0.739379,-2.853718,-0.049580,4.448544,2.877699,0.010720,3.505146,-2.853718,-0.040200,5.166447,2.877699,0.036180,-0.364049,-0.742421,9.172939,0.049002,-0.082025,-0.025566
25.101182,1003.548320,0.710233,-2.853718,-0.046900,4.477690,2.877699,0.012060,3.474466,-2.853718,-0.040200,5.195593,2.877699,0.041540,-0.312547,-1.050259,9.374142,-0.019174,-0.106526,-0.036219
25.111212,1003.558052,0.681087,-2.853718,-0.048240,4.506836,2.877699,0.012060,3.445321,-2.853718,-0.040200,5.223205,2.877699,0.042880,-0.150878,-1.021515,9.560924,0.038350,-0.071373,-0.021305
25.121264,1003.567488,0.651942,-2.853718,-0.048240,4.534447,2.877699,0.012060,3.417709,-2.853718,-0.041540,5.252350,2.877699,0.040200,-0.077793,-0.487361,9.430353,0.152332,-0.053264,-0.017045
25.131321,1003.577153,0.622796,-2.853718,-0.048240,4.565127,2.877699,0.010720,3.388564,-2.853718,-0.041540,5.281496,2.853718,0.037520,-0.049050,-1.348384,9.736916,-0.024501,-0.013849,-0.022370
25.141321,1003.586576,0.595185,-2.853718,-0.048240,4.594272,2.877699,0.010720,3.362486,-2.877699,-0.041540,5.309108,2.853718,0.041540,-0.222785,-0.950785,9.862680,0.101199,-0.008522,-0.019174
25.151083,1003.605904,0.566039,-2.853718,-0.048240,4.621884,2.877699,0.010720,3.333340,-2.877699,-0.041540,5.338253,2.853718,0.042880,-0.104182,-0.720937,9.895053,-0.007456,-0.059655,-0.036219
25.161109,1003.615244,0.535359,-2.853718,-0.048240,4.651030,2.877699,0.010720,3.302661,-2.901680,-0.040200,5.368933,2.853718,0.040200,0.063471,-1.137666,9.832759,-0.072438,-0.087352,-0.042610
25.171103,1003.624780,0.506214,-2.853718,-0.049580,4.678641,2.877699,0.010720,3.271981,-2.901680,-0.041540,5.396544,2.853718,0.037520,0.041889,-0.731630,10.036317,0.132093,-0.086286,-0.030892
25.181285,1003.634351,0.478602,-2.853718,-0.049580,4.709321,2.901680,0.009380,3.242835,-2.901680,-0.040200,5.425690,2.853718,0.041540,0.075439,-0.306563,9.812354,0.124636,-0.070307,-0.030892
25.191083,1003.643875,0.449456,-2.853718,-0.050920,4.738467,2.901680,0.006700,3.215224,-2.901680,-0.041540,5.456370,2.853718,0.041540,0.079069,-0.742421,9.303412,-0.132093,-0.074569,-0.045806
25.201067,1003.653508,0.421845,-2.853718,-0.049580,4.767612,2.901680,0.006700,3.187612,-2.901680,-0.041540,5.485515,2.853718,0.040200,-0.132926,-0.768810,8.856762,-0.154463,-0.125700,-0.059655
25.211109,1003.663158,0.392699,-2.853718,-0.050920,4.796758,2.901680,0.008040,3.160000,-2.901680,-0.041540,5.514661,2.877699,0.038860,-0.174814,-1.353191,9.503438,-0.054329,-0.095874,-0.050068
25.221063,1003.672581,0.365087,-2.853718,-0.050920,4.825904,2.901680,0.008040,3.127787,-2.901680,-0.041540,5.543807,2.877699,0.040200,-0.173637,-0.407115,9.129775,0.213052,-0.041546,-0.034088
25.230973,1003.682264,0.334408,-2.853718,-0.050920,4.855049,2.925661,0.008040,3.098641,-2.901680,-0.041540,5.572952,2.877699,0.037520,-0.094568,-0.979529,9.856696,0.089483,-0.031959,-0.043675
25.241041,1003.691882,0.306796,-2.853718,-0.050920,4.882661,2.925661,0.009380,3.071030,-2.901680,-0.041540,5.600564,2.877699,0.038860,-0.317354,-0.780778,9.980007,0.139550,-0.029828,-0.015978
25.251075,1003.701051,0.276117,-2.853718,-0.049580,4.911806,2.925661,0.006700,3.041884,-2.877699,-0.041540,5.629709,2.877699,0.042880,-0.216703,-0.619109,9.750159,0.045806,-0.043675,-0.026632
25.261131,1003.710632,0.248505,-2.853718,-0.049580,4.940952,2.925661,0.005360,3.012738,-2.901680,-0.041540,5.660389,2.877699,0.038860,-0.443118,-1.017886,9.793225,-0.044742,-0.046871,-0.024501
25.271054,1003.720365,0.219359,-2.853718,-0.049580,4.970098,2.925661,0.005360,2.982059,-2.901680,-0.040200,5.689535,2.877699,0.036180,-0.485006,-1.117261,10.324927,0.078830,-0.055393,-0.022370
25.281095,1003.729731,0.188680,-2.853718,-0.050920,4.999243,2.925661,0.008040,2.952913,-2.901680,-0.040200,5.718680,2.877699,0.037520,-0.366404,-0.253883,9.983637,0.164050,-0.067111,-0.018110
25.291074,1003.739416,0.159534,-2.853718,-0.050920,5.028389,2.925661,0.009380,2.923767,-2.925661,-0.040200,5.749360,2.877699,0.045560,-0.226317,-0.773617,9.904568,-0.102266,-0.120375,-0.034088
25.301346,1003.748956,0.130388,-2.853718,-0.050920,5.060603,2.901680,0.009380,2.896156,-2.901680,-0.040200,5.778506,2.877699,0.045560,-0.149701,-0.882606,9.413578,-0.165115,-0.123571,-0.045806
25.311167,1003.758665,0.102777,-2.877699,-0.052260,5.086680,2.901680,0.009380,2.867010,-2.901680,-0.040200,5.806117,2.877699,0.041540,-0.058664,-0.407115,8.898651,-0.009587,-0.105462,-0.037284
25.321197,1003.767937,0.073631,-2.877699,-0.052260,5.115826,2.901680,0.009380,2.837864,-2.901680,-0.040200,5.835263,2.877699,0.042880,0.021582,-0.992772,9.192068,-0.066047,-0.089483,-0.035154
25.331226,1003.777717,0.044485,-2.877699,-0.052260,5.144972,2.877699,0.010720,2.808719,-2.901680,-0.038860,5.865943,2.877699,0.045560,-0.184428,-0.869362,9.448305,0.055393,-0.074569,-0.030892
25.341256,1003.796666,0.016874,-2.877699,-0.053600,5.172583,2.877699,0.010720,2.781107,-2.901680,-0.040200,5.893554,2.877699,0.045560,0.004807,-0.467054,9.823145,0.189618,-0.024501,-0.028761
25.351289,1003.806332,-0.013806,-2.877699,-0.052260,5.201729,2.877699,0.010720,2.751962,-2.901680,-0.040200,5.922700,2.853718,0.044220,-0.028743,-0.771164,9.702188,-0.040479,-0.076698,-0.044742
25.361312,1003.815916,-0.042951,-2.877699,-0.052260,5.229341,2.853718,0.012060,2.724350,-2.877699,-0.040200,5.951845,2.853718,0.046900,-0.108989,-0.904090,9.496276,-0.113984,-0.117180,-0.054329
25.371329,1003.825436,-0.072097,-2.877699,-0.053600,5.261554,2.853718,0.010720,2.695204,-2.877699,-0.040200,5.979457,2.853718,0.046900,-0.180798,-0.986788,9.611249,-0.038350,-0.111853,-0.044742
25.381352,1003.835050,-0.101243,-2.877699,-0.053600,5.292234,2.853718,0.009380,2.666059,-2.877699,-0.040200,6.010137,2.853718,0.044220,-0.143716,-1.148457,10.048285,0.075634,-0.061785,-0.028761
25.391347,1003.844384,-0.131922,-2.877699,-0.052260,5.319845,2.853718,0.010720,2.636913,-2.877699,-0.040200,6.040816,2.853718,0.044220,-0.288610,-0.959222,10.352493,0.172573,-0.030892,-0.019174
25.401348,1003.853858,-0.159534,-2.877699,-0.052260,5.347457,2.853718,0.012060,2.606233,-2.877699,-0.040200,6.068428,2.877699,0.046900,-0.278996,-0.496975,10.105771,0.143810,-0.034088,-0.021305
25.411406,1003.863654,-0.188680,-2.877699,-0.053600,5.378137,2.853718,0.012060,2.575554,-2.901680,-0.040200,6.097574,2.877699,0.046900,-0.256237,-0.912526,9.880632,-0.078830,-0.078830,-0.036219
25.421119,1003.873258,-0.217825,-2.877699,-0.052260,5.405748,2.853718,0.010720,2.547942,-2.901680,-0.040200,6.126719,2.877699,0.045560,-0.158039,-0.736437,9.007640,-0.165115,-0.124636,-0.047937
25.431093,1003.882857,-0.246971,-2.877699,-0.052260,5.434894,2.853718,0.012060,2.520330,-2.901680,-0.040200,6.152797,2.877699,0.046900,-0.203558,-0.993949,8.972913,-0.176833,-0.161919,-0.051133
25.441013,1003.892364,-0.274583,-2.877699,-0.050920,5.464040,2.853718,0.012060,2.489651,-2.901680,-0.040200,6.181943,2.877699,0.052260,-0.069455,-1.075372,9.102307,-0.076698,-0.122505,-0.044742
25.451095,1003.901915,-0.305262,-2.901680,-0.052260,5.491651,2.853718,0.013400,2.460505,-2.901680,-0.038860,6.212622,2.877699,0.046900,-0.119780,-1.241848,9.752513,0.147007,-0.021305,-0.021305
25.461018,1003.911328,-0.332874,-2.901680,-0.052260,5.520797,2.853718,0.014740,2.431360,-2.925661,-0.038860,6.240234,2.877699,0.046900,-0.141264,-0.807167,10.018364,0.336623,0.062851,-0.002131
25.471057,1003.920932,-0.360485,-2.901680,-0.052260,5.548409,2.853718,0.014740,2.402214,-2.925661,-0.038860,6.270913,2.877699,0.050920,-0.074262,-0.404761,10.130885,0.235424,0.007456,-0.009587
25.481097,1003.930322,-0.391165,-2.901680,-0.052260,5.577554,2.853718,0.014740,2.373068,-2.925661,-0.038860,6.300059,2.877699,0.052260,0.000000,-0.656191,9.842373,-0.067111,-0.084156,-0.036219
25.491178,1003.940153,-0.420311,-2.901680,-0.052260,5.606700,2.853718,0.013400,2.345457,-2.901680,-0.038860,6.329205,2.877699,0.046900,0.026389,-1.037015,9.563279,-0.210923,-0.140614,-0.056460
25.501090,1003.949546,-0.450990,-2.901680,-0.053600,5.637379,2.853718,0.013400,2.314777,-2.901680,-0.037520,6.358350,2.877699,0.044220,-0.063471,-1.325625,9.788418,-0.058589,-0.090548,-0.041546
25.511052,1003.958887,-0.477068,-2.901680,-0.053600,5.664991,2.853718,0.014740,2.287165,-2.901680,-0.038860,6.385962,2.877699,0.046900,-0.191589,-1.034661,10.114208,0.193878,-0.017045,-0.017045
25.521230,1003.968777,-0.509282,-2.901680,-0.053600,5.697205,2.853718,0.014740,2.258020,-2.901680,-0.038860,6.416642,2.877699,0.048240,-0.150878,-0.340113,9.851889,0.209857,-0.006391,-0.018110
25.531099,1003.978031,-0.536893,-2.901680,-0.050920,5.724816,2.853718,0.016080,2.228874,-2.877699,-0.038860,6.447321,2.901680,0.046900,-0.232301,-0.742421,9.951264,-0.010653,-0.059655,-0.031959
25.541038,1003.987607,-0.567573,-2.901680,-0.050920,5.753962,2.853718,0.014740,2.199728,-2.877699,-0.038860,6.474933,2.901680,0.046900,-0.074262,-0.688564,9.481855,-0.068176,-0.105462,-0.040479
25.551030,1004.006942,-0.596719,-2.901680,-0.050920,5.781574,2.853718,0.014740,2.170583,-2.877699,-0.038860,6.505613,2.901680,0.048240,-0.114973,-1.287366,9.513051,-0.103330,-0.110788,-0.043675
25.561389,1004.016382,-0.627398,-2.901680,-0.049580,5.813787,2.877699,0.016080,2.141437,-2.877699,-0.038860,6.531690,2.901680,0.045560,-0.107812,-0.977174,9.681881,0.115049,-0.047937,-0.029828
25.571148,1004.025893,-0.655010,-2.901680,-0.049580,5.839865,2.877699,0.017420,2.113826,-2.877699,-0.038860,6.562370,2.901680,0.046900,-0.283803,-0.528072,9.376496,0.161919,-0.029828,-0.028761
25.581059,1004.035598,-0.682621,-2.901680,-0.049580,5.869010,2.877699,0.018760,2.084680,-2.877699,-0.038860,6.589981,2.901680,0.050920,-0.251430,-1.094502,9.601636,-0.034088,-0.052198,-0.039415
25.591048,1004.044935,-0.711767,-2.901680,-0.049580,5.898156,2.877699,0.020100,2.055534,-2.877699,-0.038860,6.619127,2.877699,0.052260,-0.170007,-0.766455,9.323816,0.038350,-0.072438,-0.038350
25.601066,1004.054506,-0.740913,-2.901680,-0.050920,5.927302,2.877699,0.018760,2.024855,-2.877699,-0.037520,6.648273,2.877699,0.046900,-0.055132,-1.064581,9.801661,0.051133,-0.060720,-0.030892
25.611050,1004.064260,-0.770058,-2.901680,-0.050920,5.957981,2.877699,0.018760,1.998777,-2.877699,-0.038860,6.675884,2.877699,0.045560,-0.112521,-1.081356,10.255472,0.116113,-0.035154,-0.023436
25.621371,1004.073684,-0.800738,-2.901680,-0.050920,5.987127,2.877699,0.018760,1.968097,-2.877699,-0.038860,6.706564,2.877699,0.050920,-0.165299,-0.844249,10.407527,0.165115,-0.011718,-0.019174
25.631291,1004.083365,-0.829884,-2.901680,-0.050920,6.014739,2.877699,0.018760,1.940486,-2.877699,-0.038860,6.735710,2.901680,0.049580,-0.108989,-0.665805,9.995605,0.043675,-0.018110,-0.026632
25.641051,1004.092697,-0.859029,-2.901680,-0.049580,6.045418,2.877699,0.020100,1.912874,-2.877699,-0.038860,6.764855,2.901680,0.046900,-0.287433,-0.760373,9.780080,-0.033023,-0.057524,-0.035154
25.651046,1004.102144,-0.888175,-2.901680,-0.050920,6.073030,2.877699,0.020100,1.883728,-2.877699,-0.038860,6.792467,2.901680,0.045560,-0.093391,-0.683757,9.493824,-0.042610,-0.107593,-0.037284
25.661070,1004.111981,-0.917321,-2.901680,-0.049580,6.103710,2.877699,0.020100,1.854583,-2.877699,-0.037520,6.823147,2.901680,0.049580,-0.052680,-0.774794,9.250732,-0.102266,-0.128898,-0.044742
25.671074,1004.121369,-0.944932,-2.901680,-0.049580,6.131321,2.877699,0.018760,1.825437,-2.877699,-0.038860,6.852292,2.901680,0.050920,0.087407,-0.734082,9.286735,-0.033023,-0.115049,-0.043675
25.681090,1004.130856,-0.972544,-2.901680,-0.048240,6.160467,2.877699,0.018760,1.797825,-2.877699,-0.038860,6.879904,2.901680,0.048240,-0.091037,-1.305319,9.921344,0.053264,-0.060720,-0.034088
25.691239,1004.140432,-1.004757,-2.901680,-0.049580,6.189612,2.877699,0.021440,1.768680,-2.877699,-0.038860,6.910583,2.901680,0.049580,-0.043066,-0.313724,9.299880,0.198139,-0.015978,-0.026632
25.701023,1004.149891,-1.032369,-2.901680,-0.049580,6.220292,2.877699,0.022780,1.739534,-2.877699,-0.038860,6.938195,2.901680,0.050920,-0.088584,-0.983158,9.703463,0.041546,-0.038350,-0.035154
25.711119,1004.159568,-1.061515,-2.901680,-0.049580,6.249438,2.877699,0.021440,1.713457,-2.877699,-0.038860,6.968875,2.901680,0.049580,-0.170007,-0.731630,9.416030,-0.012783,-0.073503,-0.043675
25.721018,1004.169361,-1.090660,-2.901680,-0.048240,6.280117,2.877699,0.021440,1.684311,-2.877699,-0.038860,6.996486,2.901680,0.049580,-0.025114,-0.926849,9.565731,0.003196,-0.072438,-0.039415
25.731046,1004.178629,-1.118272,-2.901680,-0.048240,6.309263,2.877699,0.021440,1.653631,-2.877699,-0.038860,7.024098,2.901680,0.045560,-0.129296,-1.151988,9.998058,0.046871,-0.041546,-0.029828
25.741070,1004.188397,-1.147418,-2.901680,-0.049580,6.338409,2.877699,0.021440,1.624486,-2.901680,-0.038860,7.053244,2.901680,0.048240,-0.168830,-0.932833,10.265086,0.169377,-0.023436,-0.025566
25.751064,1004.197855,-1.178097,-2.901680,-0.050920,6.367554,2.901680,0.022780,1.596874,-2.901680,-0.038860,7.083923,2.901680,0.046900,-0.334129,-0.861024,10.130885,0.091612,-0.009587,-0.024501
25.761067,1004.207349,-1.205709,-2.877699,-0.049580,6.396700,2.901680,0.022780,1.567728,-2.901680,-0.038860,7.110001,2.901680,0.048240,-0.377194,-0.708969,9.821968,0.034088,-0.057524,-0.030892
25.771053,1004.216733,-1.234855,-2.877699,-0.049580,6.425846,2.901680,0.022780,1.538583,-2.901680,-0.038860,7.140681,2.901680,0.049580,-0.253883,-0.779601,9.690220,-0.049002,-0.103330,-0.036219
25.781062,1004.226399,-1.265534,-2.877699,-0.046900,6.453457,2.901680,0.021440,1.509437,-2.901680,-0.038860,7.169826,2.901680,0.049580,-0.107812,-0.492168,9.192068,-0.062851,-0.143810,-0.042610
25.791061,1004.245499,-1.293146,-2.877699,-0.045560,6.484137,2.901680,0.021440,1.481825,-2.901680,-0.038860,7.198972,2.901680,0.046900,-0.093391,-1.069388,9.375319,-0.024501,-0.095874,-0.041546
25.801055,1004.255265,-1.319223,-2.877699,-0.046900,6.511748,2.901680,0.021440,1.452680,-2.901680,-0.037520,7.228117,2.901680,0.045560,-0.064648,-1.069388,9.716609,0.155528,-0.015978,-0.022370
25.811162,1004.264634,-1.349903,-2.877699,-0.046900,6.540894,2.901680,0.022780,1.423534,-2.901680,-0.038860,7.258797,2.901680,0.049580,-0.217978,-0.645498,9.717786,0.236489,0.019174,-0.014914
25.821241,1004.274163,-1.379049,-2.877699,-0.046900,6.571574,2.901680,0.022780,1.395923,-2.901680,-0.038860,7.287943,2.901680,0.052260,-0.094568,-0.684934,9.782434,0.087352,-0.045806,-0.027697
25.831062,1004.283803,-1.406660,-2.901680,-0.045560,6.599185,2.901680,0.025460,1.365243,-2.901680,-0.037520,7.315554,2.901680,0.049580,-0.099375,-0.663450,9.514228,-0.058589,-0.104395,-0.039415
25.841043,1004.293407,-1.435806,-2.901680,-0.045560,6.628331,2.901680,0.024120,1.336097,-2.925661,-0.038860,7.344700,2.901680,0.045560,-0.029921,-0.833458,9.588490,-0.071373,-0.125700,-0.038350
25.851068,1004.302754,-1.464952,-2.901680,-0.042880,6.659011,2.901680,0.022780,1.306952,-2.925661,-0.037520,7.372312,2.901680,0.045560,0.076616,-1.163957,9.956071,-0.003196,-0.074569,-0.027697
25.861097,1004.312411,-1.492563,-2.901680,-0.042880,6.688156,2.901680,0.022780,1.277806,-2.925661,-0.036180,7.401457,2.901680,0.049580,-0.161669,-0.795100,10.170419,0.168313,-0.017045,-0.015978
25.871041,1004.322075,-1.521709,-2.901680,-0.044220,6.715768,2.901680,0.022780,1.248660,-2.925661,-0.037520,7.430603,2.901680,0.048240,-0.130571,-0.695725,10.257827,0.151268,-0.004260,-0.018110
25.881452,1004.331432,-1.552389,-2.901680,-0.044220,6.746448,2.901680,0.025460,1.217981,-2.925661,-0.037520,7.459749,2.877699,0.042880,-0.371210,-0.677773,9.708172,-0.023436,-0.053264,-0.034088
25.891084,1004.340941,-1.580000,-2.901680,-0.044220,6.774059,2.901680,0.025460,1.190369,-2.925661,-0.036180,7.487360,2.877699,0.046900,-0.105359,-0.799907,9.418385,-0.094808,-0.112918,-0.041546
25.901063,1004.350776,-1.609146,-2.901680,-0.044220,6.803205,2.901680,0.024120,1.161223,-2.925661,-0.036180,7.516506,2.877699,0.050920,-0.137732,-0.473038,8.977720,-0.074569,-0.164050,-0.046871
25.911044,1004.360007,-1.639825,-2.925661,-0.041540,6.830816,2.901680,0.024120,1.132078,-2.901680,-0.036180,7.545651,2.877699,0.049580,0.069455,-1.108922,9.279475,-0.177900,-0.157659,-0.049002
25.921043,1004.369730,-1.667437,-2.925661,-0.041540,6.858428,2.877699,0.024120,1.104466,-2.901680,-0.036180,7.574797,2.877699,0.045560,-0.059841,-1.299335,9.656670,0.015978,-0.063916,-0.031959
25.931052,1004.379405,-1.698117,-2.925661,-0.041540,6.889108,2.877699,0.024120,1.075321,-2.901680,-0.036180,7.603943,2.877699,0.045560,-0.062294,-0.938817,9.903391,0.281230,0.044742,-0.006391
25.941341,1004.388651,-1.730330,-2.925661,-0.042880,6.916719,2.877699,0.025460,1.047709,-2.901680,-0.036180,7.633088,2.877699,0.049580,-0.197573,-0.621464,10.033962,0.243946,0.031959,-0.006391
25.951044,1004.398398,-1.757942,-2.925661,-0.042880,6.945865,2.877699,0.025460,1.018563,-2.877699,-0.036180,7.660700,2.877699,0.052260,-0.225140,-0.578398,9.848357,0.031959,-0.063916,-0.022370
25.961019,1004.407933,-1.787088,-2.925661,-0.040200,6.973477,2.877699,0.026800,0.987884,-2.877699,-0.037520,7.688312,2.901680,0.049580,-0.117328,-0.547300,9.307041,-0.134223,-0.143810,-0.041546
25.971023,1004.417307,-1.816233,-2.925661,-0.040200,7.004156,2.877699,0.025460,0.958738,-2.877699,-0.037520,7.718991,2.901680,0.045560,0.040712,-1.104116,9.365705,-0.219444,-0.159790,-0.049002
25.981058,1004.426882,-1.845379,-2.925661,-0.040200,7.031768,2.877699,0.025460,0.931126,-2.877699,-0.037520,7.748137,2.901680,0.046900,0.023936,-1.232234,9.717786,-0.015978,-0.078830,-0.030892
25.991014,1004.436569,-1.874525,-2.925661,-0.041540,7.062448,2.877699,0.025460,0.901981,-2.877699,-0.037520,7.775749,2.901680,0.045560,-0.153330,-0.865831,10.147660,0.274839,0.025566,-0.009587
26.001029,1004.455747,-1.903670,-2.925661,-0.042880,7.091593,2.877699,0.025460,0.872835,-2.877699,-0.037520,7.806428,2.901680,0.045560,-0.307740,-0.622739,10.069867,0.026632,-0.033023,-0.027697
26.011049,1004.465404,-1.932816,-2.925661,-0.044220,7.119205,2.877699,0.025460,0.845223,-2.877699,-0.038860,7.835574,2.901680,0.046900,-0.142539,-0.706516,9.574070,-0.122505,-0.116113,-0.046871
26.021204,1004.474676,-1.961961,-2.925661,-0.042880,7.148350,2.877699,0.025460,0.816078,-2.877699,-0.038860,7.864719,2.901680,0.048240,-0.198751,-0.819135,9.241216,-0.199205,-0.190682,-0.062851
26.031042,1004.484491,-1.989573,-2.901680,-0.044220,7.179030,2.901680,0.025460,0.786932,-2.877699,-0.038860,7.892331,2.901680,0.048240,-0.029921,-1.483763,9.550133,-0.183225,-0.154463,-0.052198
26.041410,1004.494047,-2.020253,-2.901680,-0.044220,7.208176,2.901680,0.025460,0.759320,-2.853718,-0.038860,7.921477,2.901680,0.046900,-0.088584,-0.884960,9.460372,0.147007,-0.049002,-0.022370
26.051042,1004.503450,-2.049398,-2.901680,-0.044220,7.234253,2.901680,0.026800,0.728641,-2.853718,-0.038860,7.949088,2.901680,0.050920,-0.229946,-0.985513,9.854341,0.220510,0.012783,-0.008522
26.061033,1004.513085,-2.077010,-2.901680,-0.044220,7.263399,2.901680,0.028140,0.701029,-2.853718,-0.040200,7.978234,2.901680,0.053600,-0.075439,-0.574768,9.615958,0.112918,-0.014914,-0.018110
26.071040,1004.522649,-2.106156,-2.901680,-0.044220,7.292545,2.901680,0.029480,0.670350,-2.853718,-0.040200,8.004312,2.901680,0.050920,-0.178444,-0.704162,9.511776,-0.008522,-0.084156,-0.029828
26.081921,1004.532132,-2.138369,-2.877699,-0.041540,7.323224,2.901680,0.028140,0.641204,-2.853718,-0.040200,8.036525,2.901680,0.049580,-0.019130,-1.020240,9.570538,-0.131027,-0.119309,-0.041546
26.091229,1004.541569,-2.167515,-2.877699,-0.041540,7.349302,2.901680,0.028140,0.613592,-2.853718,-0.040200,8.065671,2.877699,0.052260,0.023936,-0.987965,9.626749,-0.005327,-0.080961,-0.034088
26.101148,1004.551132,-2.193593,-2.877699,0.016080,7.378448,2.901680,-0.029480,0.584447,-2.853718,0.014740,8.093283,2.877699,-0.004020,-0.142539,-1.044274,10.121369,0.154463,-0.005327,-0.019174
26.111171,1004.560803,-2.216602,-2.877699,0.000000,7.402991,2.877699,-0.018760,0.559903,-2.853718,0.012060,8.116292,2.877699,0.000000,-0.198751,-0.596350,10.118917,0.210923,0.019174,-0.021305
26.121033,1004.570344,-2.241146,-2.829737,0.002680,7.424467,2.829737,-0.017420,0.535359,-2.829737,0.018760,8.139302,2.829737,-0.001340,-0.250253,-0.580752,10.007573,0.058589,-0.020241,-0.029828
26.131079,1004.579852,-2.262622,-2.757795,0.008040,7.444409,2.757795,-0.018760,0.516952,-2.757795,0.021440,8.159244,2.757795,-0.004020,-0.352081,-0.619109,9.926150,-0.021305,-0.067111,-0.039415
26.141086,1004.589475,-2.281029,-2.661871,0.016080,7.462817,2.637891,-0.021440,0.498544,-2.637891,0.024120,8.176118,2.637891,-0.006700,-0.396422,-0.073085,9.547779,0.035154,-0.115049,-0.040479
26.151287,1004.599073,-2.300971,-2.541967,0.017420,7.479690,2.494006,-0.022780,0.483204,-2.494006,0.024120,8.192991,2.494006,-0.009380,-0.337660,0.186782,9.284282,-0.017045,-0.121440,-0.041546
26.161055,1004.608265,-2.313243,-2.398082,0.014740,7.493496,2.302159,-0.022780,0.470932,-2.302159,0.024120,8.203729,2.326140,-0.009380,-0.405938,0.376017,9.180100,0.008522,-0.107593,-0.035154
26.171031,1004.618186,-2.323981,-2.182255,0.012060,7.507302,2.110313,-0.022780,0.458660,-2.110313,0.025460,8.216001,2.110313,-0.006700,-0.556816,0.443118,9.193245,0.067111,-0.052198,-0.020241
26.181018,1004.627504,-2.333185,-1.966428,0.009380,7.516506,1.918466,-0.022780,0.447922,-1.894485,0.026800,8.226739,1.894485,-0.008040,-0.625093,0.525718,9.495099,0.178964,0.007456,0.006391
26.191020,1004.637111,-2.340855,-1.750600,0.006700,7.525710,1.726619,-0.021440,0.438719,-1.678658,0.025460,8.237477,1.702638,-0.006700,-0.729275,0.666982,10.032785,0.258859,0.030892,0.031959
26.201030,1004.656363,-2.346991,-1.534773,0.004020,7.533380,1.558754,-0.020100,0.431049,-1.486811,0.024120,8.243613,1.510792,-0.005360,-0.777148,1.165134,10.287845,0.134223,-0.039415,-0.012783
26.211023,1004.665948,-2.353127,-1.318945,0.001340,7.541050,1.366907,-0.018760,0.423379,-1.318945,0.022780,8.251283,1.318945,-0.002680,-0.725646,0.791569,10.102240,-0.061785,-0.067111,-0.051133
26.222010,1004.675478,-2.357728,-1.079137,0.000000,7.545651,1.199041,-0.016080,0.417243,-1.127099,0.022780,8.257419,1.151080,-0.001340,-0.731630,0.680225,9.750159,-0.080961,-0.084156,-0.045806
26.232054,1004.684928,-2.362330,-0.911271,0.000000,7.551787,1.055156,-0.013400,0.412641,-1.007195,0.020100,8.262021,1.007195,0.000000,-0.719662,0.750857,9.521390,-0.031959,-0.092679,-0.037284
26.242178,1004.694363,-2.362330,-0.743406,0.000000,7.553321,0.887290,-0.010720,0.408039,-0.863310,0.018760,8.266622,0.863310,0.000000,-0.633530,0.512572,9.353737,-0.093743,-0.094808,-0.044742
26.252037,1004.704023,-2.362330,-0.599521,0.000000,7.554855,0.743406,-0.008040,0.404971,-0.743406,0.014740,8.269690,0.743406,0.004020,-0.543670,0.274190,9.138211,-0.105462,-0.096939,-0.054329
26.262195,1004.713452,-2.363864,-0.479616,-0.001340,7.556389,0.599521,-0.005360,0.401903,-0.647482,0.012060,8.271224,0.623501,0.008040,-0.499329,-0.149701,9.316655,-0.060720,-0.084156,-0.054329
26.272501,1004.723060,-2.363864,-0.383693,-0.002680,7.556389,0.479616,-0.001340,0.400369,-0.551559,0.010720,8.274292,0.527578,0.013400,-0.385631,-0.324515,9.656670,0.064980,-0.059655,-0.044742
26.282349,1004.732489,-2.365398,-0.287770,-0.005360,7.556389,0.359712,0.000000,0.398835,-0.479616,0.008040,8.275826,0.455636,0.021440,-0.237108,-0.338936,9.765659,0.110788,-0.045806,-0.036219
26.292528,1004.742349,-2.366932,-0.191847,-0.008040,7.557923,0.263789,0.001340,0.397301,-0.383693,0.004020,8.275826,0.359712,0.029480,-0.153330,-0.696902,10.001589,0.022370,-0.070307,-0.037284
26.302134,1004.751907,-2.366932,-0.143885,-0.008040,7.559457,0.191847,0.004020,0.397301,-0.311751,0.000000,8.275826,0.287770,0.033500,-0.009614,-0.907719,10.033962,-0.024501,-0.087352,-0.037284
26.312049,1004.761126,-2.368466,-0.119904,-0.005360,7.559457,0.143885,0.008040,0.398835,-0.239808,0.000000,8.275826,0.239808,0.036180,0.017952,-1.023870,9.881809,-0.038350,-0.092679,-0.035154
26.322558,1004.770742,-2.371534,-0.095923,-0.006700,7.560991,0.095923,0.012060,0.400369,-0.167866,-0.004020,8.275826,0.167866,0.034840,0.032373,-1.172393,9.849534,-0.041546,-0.089483,-0.036219
26.332243,1004.780471,-2.371534,-0.095923,-0.005360,7.560991,0.071942,0.018760,0.400369,-0.095923,-0.006700,8.275826,0.119904,0.034840,0.062294,-1.117261,9.716609,0.000000,-0.092679,-0.039415
26.342518,1004.789907,-2.373068,-0.119904,-0.006700,7.559457,0.071942,0.018760,0.400369,-0.047962,-0.010720,8.275826,0.071942,0.034840,0.041889,-1.113729,9.550133,-0.042610,-0.108657,-0.049002
26.352417,1004.799320,-2.374602,-0.119904,-0.006700,7.560991,0.047962,0.018760,0.400369,0.000000,-0.012060,8.275826,0.047962,0.034840,0.099375,-1.565186,9.608797,-0.120375,-0.124636,-0.057524
26.362498,1004.808984,-2.374602,-0.119904,-0.006700,7.560991,0.023981,0.018760,0.400369,0.000000,-0.012060,8.275826,0.023981,0.034840,0.150878,-1.554395,9.496276,-0.063916,-0.116113,-0.058589
26.372511,1004.818555,-2.376136,-0.095923,-0.009380,7.559457,0.023981,0.018760,0.400369,0.000000,-0.013400,8.275826,0.000000,0.034840,0.181976,-1.683690,9.747707,0.018110,-0.077765,-0.049002
26.382545,1004.828098,-2.376136,-0.095923,-0.008040,7.559457,0.000000,0.018760,0.400369,0.000000,-0.014740,8.275826,0.000000,0.034840,0.092214,-1.597460,9.869841,0.103330,-0.035154,-0.029828
26.392489,1004.837726,-2.376136,-0.071942,-0.006700,7.560991,0.000000,0.018760,0.400369,0.000000,-0.014740,8.275826,0.000000,0.034840,0.082600,-1.599913,9.966862,0.098004,-0.012783,-0.024501
26.402519,1004.856644,-2.377670,-0.071942,-0.005360,7.559457,0.000000,0.018760,0.400369,0.000000,-0.013400,8.275826,0.000000,0.034840,0.050325,-1.257348,9.666284,0.023436,-0.053264,-0.030892
26.412035,1004.866155,-2.377670,-0.071942,-0.001340,7.559457,0.000000,0.018760,0.400369,0.000000,-0.009380,8.275826,0.000000,0.034840,-0.010791,-1.108922,9.527374,0.011718,-0.062851,-0.029828
26.422067,1004.876039,-2.379204,-0.047962,0.000000,7.560991,0.000000,0.016080,0.398835,0.000000,-0.005360,8.275826,0.000000,0.034840,-0.050325,-0.934010,9.589667,0.059655,-0.059655,-0.025566
26.432265,1004.885454,-2.380738,-0.047962,0.000000,7.560991,0.000000,0.013400,0.397301,0.000000,0.000000,8.275826,0.000000,0.034840,-0.152055,-0.656191,9.626749,0.098004,-0.045806,-0.020241
26.442268,1004.894792,-2.382272,-0.071942,0.000000,7.560991,0.000000,0.010720,0.395767,-0.023981,0.000000,8.275826,0.000000,0.034840,-0.219155,-0.564075,9.644702,0.078830,-0.037284,-0.022370
26.452216,1004.904355,-2.382272,-0.071942,0.000000,7.562525,0.000000,0.008040,0.392699,-0.047962,0.000000,8.275826,0.000000,0.034840,-0.258690,-0.601157,9.722593,0.057524,-0.035154,-0.022370
26.462516,1004.913944,-2.383806,-0.071942,0.000000,7.562525,0.000000,0.006700,0.394233,-0.071942,0.000000,8.275826,0.000000,0.034840,-0.283803,-0.362872,9.777627,0.091612,-0.047937,-0.021305
26.472058,1004.923688,-2.383806,-0.071942,0.000000,7.564059,0.023981,0.005360,0.392699,-0.071942,0.000000,8.275826,0.000000,0.034840,-0.310192,-0.386808,9.868664,0.047937,-0.056460,-0.024501
26.482099,1004.933090,-2.383806,-0.071942,-0.002680,7.564059,0.023981,0.004020,0.392699,-0.095923,0.000000,8.275826,0.000000,0.034840,-0.342467,-0.282626,9.818339,0.043675,-0.061785,-0.027697
26.492325,1004.942891,-2.383806,-0.071942,-0.004020,7.565593,0.023981,0.004020,0.392699,-0.095923,0.000000,8.275826,0.000000,0.034840,-0.359242,-0.270658,9.686688,0.024501,-0.063916,-0.030892
26.502117,1004.952233,-2.383806,-0.071942,-0.004020,7.565593,0.023981,0.004020,0.391165,-0.071942,-0.001340,8.275826,0.000000,0.034840,-0.312547,-0.286158,9.565731,-0.008522,-0.082025,-0.035154
26.512515,1004.961656,-2.383806,-0.047962,-0.004020,7.565593,0.047962,0.004020,0.392699,-0.047962,-0.002680,8.275826,0.000000,0.034840,-0.280174,-0.335306,9.577699,0.005327,-0.080961,-0.036219
26.522431,1004.971390,-2.383806,-0.023981,-0.004020,7.565593,0.047962,0.005360,0.392699,-0.047962,-0.002680,8.275826,0.000000,0.034840,-0.239462,-0.482554,9.654315,0.027697,-0.067111,-0.035154
26.532378,1004.980704,-2.383806,-0.023981,-0.004020,7.565593,0.047962,0.006700,0.392699,-0.023981,-0.004020,8.275826,0.000000,0.034840,-0.202380,-0.663450,9.798032,0.030892,-0.064980,-0.035154
26.542123,1004.990281,-2.383806,0.000000,-0.004020,7.565593,0.023981,0.008040,0.392699,0.000000,-0.004020,8.275826,0.000000,0.034840,-0.138910,-0.773617,9.837566,0.019174,-0.068176,-0.036219
26.552226,1005.000108,-2.382272,0.000000,-0.004020,7.565593,0.023981,0.005360,0.394233,0.000000,-0.004020,8.275826,0.000000,0.032160,-0.097021,-0.955592,9.844727,0.007456,-0.068176,-0.037284
26.562528,1005.009424,-2.382272,0.000000,-0.004020,7.565593,0.023981,0.002680,0.395767,0.000000,-0.004020,8.275826,0.000000,0.029480,-0.031098,-1.016708,9.758498,0.009587,-0.072438,-0.036219
26.572508,1005.019095,-2.380738,0.000000,-0.004020,7.564059,0.000000,0.000000,0.397301,0.023981,-0.004020,8.275826,0.000000,0.026800,0.005984,-1.088518,9.704641,-0.005327,-0.083090,-0.037284
26.582487,1005.028607,-2.380738,0.000000,-0.004020,7.565593,0.000000,0.000000,0.395767,0.023981,-0.005360,8.275826,0.000000,0.024120,0.035905,-1.147181,9.683059,-0.019174,-0.091612,-0.041546
26.592516,1005.038184,-2.382272,0.023981,-0.004020,7.564059,0.000000,0.000000,0.395767,0.023981,-0.005360,8.275826,0.000000,0.022780,0.039534,-1.254993,9.609974,-0.024501,-0.089483,-0.042610
26.602539,1005.047577,-2.380738,0.023981,-0.001340,7.564059,0.000000,0.000000,0.395767,0.047962,-0.005360,8.275826,0.000000,0.020100,0.058664,-1.329255,9.599281,-0.005327,-0.074569,-0.041546
26.612530,1005.066907,-2.382272,0.023981,-0.001340,7.564059,0.000000,0.000000,0.395767,0.047962,-0.004020,8.275826,0.000000,0.017420,-0.007161,-1.221443,9.758498,0.069242,-0.052198,-0.035154
26.622550,1005.076251,-2.380738,0.000000,0.000000,7.564059,0.000000,0.000000,0.397301,0.047962,-0.002680,8.275826,0.000000,0.012060,-0.043066,-1.155618,9.756143,0.059655,-0.046871,-0.033023
26.632246,1005.085924,-2.382272,0.000000,0.000000,7.564059,0.000000,0.000000,0.397301,0.023981,0.000000,8.275826,0.000000,0.005360,-0.067100,-1.102938,9.765659,0.046871,-0.052198,-0.031959
26.642141,1005.095620,-2.380738,0.000000,0.000000,7.560991,-0.023981,0.000000,0.397301,0.023981,0.000000,8.275826,0.000000,0.000000,-0.107812,-0.881330,9.732207,0.052198,-0.059655,-0.029828
26.652521,1005.104923,-2.382272,0.000000,0.000000,7.560991,-0.023981,0.000000,0.397301,0.023981,0.000000,8.275826,0.000000,-0.001340,-0.134103,-0.769987,9.650686,0.038350,-0.060720,-0.030892
26.662035,1005.114409,-2.380738,0.000000,0.004020,7.559457,-0.047962,-0.001340,0.397301,0.000000,0.005360,8.275826,0.000000,-0.017420,-0.180798,-0.726921,9.621942,0.031959,-0.057524,-0.030892
26.672078,1005.124232,-2.380738,0.000000,0.013400,7.556389,-0.047962,-0.014740,0.397301,0.000000,0.016080,8.275826,0.000000,-0.033500,-0.217978,-0.576043,9.665106,0.055393,-0.058589,-0.029828
26.682264,1005.133501,-2.379204,0.000000,0.014740,7.554855,-0.071942,-0.014740,0.400369,0.000000,0.017420,8.275826,0.000000,-0.036180,-0.220333,-0.516104,9.733384,0.044742,-0.057524,-0.030892
26.692502,1005.143069,-2.374602,0.023981,0.021440,7.550253,-0.119904,-0.022780,0.404971,0.047962,0.026800,8.275826,0.000000,-0.045560,-0.247899,-0.434681,9.753691,0.058589,-0.046871,-0.029828
26.702116,1005.152924,-2.370000,0.071942,0.022780,7.545651,-0.167866,-0.025460,0.409573,0.071942,0.030820,8.272758,0.000000,-0.064320,-0.301756,-0.257512,9.794402,0.098004,-0.037284,-0.027697
26.712537,1005.162383,-2.362330,0.143885,0.022780,7.539516,-0.215827,-0.028140,0.417243,0.143885,0.036180,8.268156,-0.023981,-0.071020,-0.320885,-0.162846,9.751336,0.063916,-0.050068,-0.033023
26.722470,1005.172077,-2.353127,0.215827,0.025460,7.534914,-0.263789,-0.034840,0.423379,0.215827,0.042880,8.263555,-0.071942,-0.075040,-0.366404,-0.188058,9.674720,0.006391,-0.067111,-0.041546
26.732078,1005.181556,-2.345457,0.335732,0.024120,7.527244,-0.335732,-0.036180,0.432583,0.335732,0.046900,8.255885,-0.143885,-0.077720,-0.379647,-0.107812,9.721416,0.040479,-0.066047,-0.040479
26.742615,1005.190906,-2.333185,0.455636,0.022780,7.518040,-0.407674,-0.038860,0.441786,0.455636,0.052260,8.246681,-0.239808,-0.077720,-0.467054,0.093391,9.703463,0.086286,-0.055393,-0.037284
26.752256,1005.200523,-2.320913,0.599521,0.022780,7.507302,-0.503597,-0.038860,0.452524,0.551559,0.053600,8.235943,-0.359712,-0.079060,-0.469409,0.064648,9.706995,0.039415,-0.057524,-0.035154
26.762579,1005.210039,-2.307107,0.743406,0.021440,7.495030,-0.623501,-0.041540,0.463262,0.671463,0.052260,8.225205,-0.503597,-0.079060,-0.462247,0.107812,9.588490,0.010653,-0.064980,-0.033023
26.772260,1005.219547,-2.293301,0.863310,0.021440,7.481224,-0.743406,-0.041540,0.477068,0.767386,0.054940,8.211399,-0.647482,-0.081740,-0.504136,0.088584,9.655492,0.036219,-0.057524,-0.025566
26.782470,1005.229149,-2.277961,1.007195,0.021440,7.465884,-0.887290,-0.042880,0.490874,0.887290,0.053600,8.197593,-0.791367,-0.076380,-0.531702,0.164023,9.703463,0.075634,-0.044742,-0.014914
26.792497,1005.238904,-2.261088,1.127099,0.020100,7.450545,-1.007195,-0.042880,0.506214,0.983214,0.052260,8.183788,-0.935252,-0.076380,-0.519734,0.180798,9.795677,0.071373,-0.044742,-0.009587
26.802446,1005.248297,-2.244214,1.247003,0.020100,7.432137,-1.151080,-0.042880,0.521553,1.103118,0.058960,8.168448,-1.055156,-0.077720,-0.510120,0.195219,9.794402,0.047937,-0.054329,-0.011718
26.812145,1005.257702,-2.225806,1.366907,0.020100,7.415263,-1.294964,-0.041540,0.536893,1.199041,0.057620,8.151574,-1.175060,-0.077720,-0.514927,0.045518,9.843550,0.012783,-0.057524,-0.018110
26.822534,1005.276742,-2.208932,1.462830,0.018760,7.393787,-1.414869,-0.041540,0.558369,1.318945,0.053600,8.133166,-1.318945,-0.075040,-0.452633,-0.170007,9.825598,0.003196,-0.064980,-0.026632
26.832522,1005.286441,-2.188991,1.558754,0.017420,7.375380,-1.534773,-0.040200,0.576777,1.414869,0.049580,8.113224,-1.438849,-0.072360,-0.391615,-0.161669,9.721416,0.004260,-0.070307,-0.029828
26.842318,1005.295947,-2.169049,1.654677,0.017420,7.355438,-1.630696,-0.038860,0.596719,1.534773,0.045560,8.093283,-1.534773,-0.071020,-0.263497,-0.455086,9.760950,-0.031959,-0.072438,-0.035154
26.852441,1005.305599,-2.147573,1.750600,0.014740,7.333962,-1.726619,-0.038860,0.618194,1.630696,0.045560,8.073341,-1.654677,-0.067000,-0.259867,-0.320885,9.576522,0.010653,-0.069242,-0.035154
26.862492,1005.314946,-2.124563,1.822543,0.013400,7.312486,-1.822543,-0.038860,0.639670,1.726619,0.041540,8.050331,-1.750600,-0.061640,-0.166476,-0.459795,9.663929,0.045806,-0.067111,-0.034088
26.872151,1005.324546,-2.101554,1.918466,0.012060,7.291011,-1.918466,-0.040200,0.661146,1.822543,0.038860,8.030389,-1.846523,-0.058960,-0.132926,-0.470586,9.677075,0.021305,-0.075634,-0.037284
26.882231,1005.334037,-2.078544,1.990408,0.010720,7.268001,-1.990408,-0.040200,0.685689,1.918466,0.037520,8.005846,-1.942447,-0.057620,-0.094568,-0.677773,9.759675,0.003196,-0.079894,-0.038350
26.892569,1005.343875,-2.055534,2.062351,0.010720,7.243457,-2.062351,-0.041540,0.708699,2.014389,0.037520,7.982836,-2.038370,-0.058960,-0.159314,-0.578398,9.638717,0.009587,-0.083090,-0.037284
26.902304,1005.353397,-2.030991,2.134293,0.009380,7.220448,-2.134293,-0.041540,0.733243,2.086332,0.034840,7.958292,-2.110313,-0.056280,-0.041889,-0.807167,9.792048,0.002131,-0.089483,-0.036219
26.912107,1005.362955,-2.007981,2.182255,0.009380,7.197438,-2.206236,-0.041540,0.759320,2.158274,0.030820,7.935283,-2.182255,-0.052260,-0.039534,-0.628723,9.692672,0.018110,-0.077765,-0.033023
26.922481,1005.372359,-1.981903,2.230217,0.009380,7.172894,-2.254197,-0.042880,0.782330,2.230217,0.032160,7.910739,-2.254197,-0.049580,-0.104182,-0.859847,9.965685,0.055393,-0.062851,-0.027697
26.932542,1005.382020,-1.957359,2.278178,0.008040,7.146816,-2.302159,-0.041540,0.808408,2.278178,0.030820,7.886195,-2.302159,-0.053600,-0.156862,-0.607141,9.752513,0.047937,-0.046871,-0.027697
26.942136,1005.391616,-1.934350,2.326140,0.006700,7.120739,-2.350121,-0.041540,0.832952,2.326140,0.032160,7.863186,-2.350121,-0.050920,-0.295772,-0.868185,9.770466,-0.008522,-0.045806,-0.029828
26.952851,1005.401150,-1.906738,2.374102,0.008040,7.094661,-2.398082,-0.041540,0.860563,2.398082,0.033500,7.835574,-2.398082,-0.057620,-0.308917,-0.977174,9.766934,-0.020241,-0.049002,-0.029828
26.962042,1005.410749,-1.882194,2.398082,0.009380,7.070117,-2.446044,-0.041540,0.885107,2.422063,0.030820,7.811030,-2.422063,-0.045560,-0.340113,-0.935285,9.854341,0.049002,-0.054329,-0.023436
26.972451,1005.420201,-1.856117,2.446044,0.009380,7.044040,-2.470025,-0.042880,0.911185,2.470025,0.029480,7.783419,-2.470025,-0.042880,-0.391615,-0.831103,9.758498,0.039415,-0.055393,-0.023436
26.982472,1005.429701,-1.830039,2.470025,0.009380,7.017962,-2.494006,-0.042880,0.937262,2.494006,0.029480,7.757341,-2.494006,-0.041540,-0.217978,-0.895751,9.753691,0.010653,-0.072438,-0.026632
26.992478,1005.439439,-1.803961,2.517987,0.009380,6.991884,-2.541967,-0.042880,0.963340,2.517987,0.028140,7.731263,-2.517987,-0.041540,-0.116150,-0.695725,9.481855,0.005327,-0.085221,-0.033023
27.002068,1005.448918,-1.780952,2.517987,0.009380,6.965807,-2.565948,-0.044220,0.990952,2.565948,0.025460,7.705185,-2.541967,-0.048240,-0.131748,-0.822667,9.399255,-0.031959,-0.088417,-0.038350
27.012532,1005.458204,-1.751806,2.565948,0.009380,6.936661,-2.589929,-0.042880,1.018563,2.589929,0.026800,7.677574,-2.589929,-0.045560,0.002354,-0.996304,9.582506,0.018110,-0.062851,-0.035154
27.022157,1005.467998,-1.727262,2.589929,0.008040,6.912117,-2.589929,-0.044220,1.046175,2.613910,0.028140,7.651496,-2.589929,-0.042880,-0.129296,-0.728098,9.841098,0.150203,-0.038350,-0.027697
27.032359,1005.486862,-1.696583,2.589929,0.009380,6.884506,-2.613910,-0.045560,1.073787,2.637891,0.028140,7.622351,-2.637891,-0.041540,-0.101828,-0.550832,9.827952,0.025566,-0.058589,-0.039415
27.042563,1005.496498,-1.670505,2.613910,0.009380,6.856894,-2.637891,-0.045560,1.101398,2.661871,0.026800,7.596273,-2.661871,-0.044220,-0.059841,-0.938817,9.799209,-0.083090,-0.091612,-0.045806
27.052480,1005.506059,-1.642893,2.637891,0.009380,6.830816,-2.661871,-0.046900,1.129010,2.685852,0.026800,7.568661,-2.661871,-0.048240,-0.039534,-0.847878,9.941748,0.044742,-0.090548,-0.035154
27.062531,1005.515555,-1.616816,2.637891,0.009380,6.804739,-2.661871,-0.046900,1.155088,2.685852,0.024120,7.542584,-2.685852,-0.048240,-0.171283,-0.444295,9.889069,0.112918,-0.076698,-0.025566
27.072069,1005.525032,-1.589204,2.661871,0.009380,6.777127,-2.685852,-0.046900,1.182699,2.709833,0.025460,7.516506,-2.685852,-0.044220,-0.055132,-0.841894,9.795677,-0.042610,-0.060720,-0.028761
27.082526,1005.534584,-1.561592,2.685852,0.009380,6.749515,-2.685852,-0.045560,1.210311,2.733814,0.028140,7.487360,-2.709833,-0.044220,-0.352081,-0.554461,9.317832,-0.034088,-0.057524,-0.027697
27.092487,1005.544199,-1.533981,2.685852,0.009380,6.721904,-2.709833,-0.045560,1.237922,2.733814,0.028140,7.459749,-2.709833,-0.044220,-0.209542,-0.760373,9.517760,0.017045,-0.053264,-0.024501
27.102471,1005.553906,-1.507903,2.709833,0.009380,6.694292,-2.709833,-0.045560,1.267068,2.757795,0.028140,7.432137,-2.709833,-0.046900,-0.312547,-0.758019,9.520213,0.002131,-0.068176,-0.028761
27.112667,1005.563330,-1.480291,2.709833,0.009380,6.665147,-2.709833,-0.046900,1.296214,2.757795,0.026800,7.406059,-2.709833,-0.049580,-0.091037,-1.045452,9.855518,0.030892,-0.061785,-0.026632
27.122156,1005.572790,-1.452680,2.733814,0.009380,6.639069,-2.733814,-0.046900,1.323825,2.781776,0.024120,7.379982,-2.733814,-0.044220,-0.061116,-0.662175,9.863857,0.131027,-0.053264,-0.026632
27.132289,1005.582554,-1.425068,2.733814,0.008040,6.609923,-2.757795,-0.044220,1.349903,2.781776,0.024120,7.350836,-2.733814,-0.041540,0.005984,-0.820312,10.029155,0.068176,-0.051133,-0.034088
27.142246,1005.592158,-1.395923,2.757795,0.008040,6.582312,-2.757795,-0.044220,1.379049,2.781776,0.025460,7.324758,-2.733814,-0.041540,-0.080246,-0.743696,9.689043,-0.003196,-0.052198,-0.042610
27.152324,1005.601568,-1.366777,2.757795,0.008040,6.554700,-2.781776,-0.045560,1.408194,2.781776,0.021440,7.295613,-2.757795,-0.040200,-0.028743,-0.877799,9.621942,-0.010653,-0.067111,-0.045806
27.162109,1005.611337,-1.342233,2.781776,0.008040,6.527088,-2.781776,-0.046900,1.434272,2.805756,0.020100,7.268001,-2.757795,-0.044220,-0.191589,-0.890944,9.607620,-0.025566,-0.085221,-0.047937
27.172249,1005.620697,-1.313088,2.781776,0.008040,6.497943,-2.781776,-0.046900,1.463418,2.805756,0.020100,7.240389,-2.757795,-0.038860,-0.134103,-0.861024,9.539342,-0.020241,-0.101199,-0.046871
27.182433,1005.630336,-1.285476,2.805756,0.008040,6.470331,-2.781776,-0.048240,1.491029,2.805756,0.018760,7.211244,-2.757795,-0.044220,-0.174814,-1.205845,9.738191,-0.020241,-0.078830,-0.039415
27.192399,1005.639879,-1.257864,2.805756,0.008040,6.442719,-2.781776,-0.046900,1.520175,2.805756,0.021440,7.183632,-2.757795,-0.045560,-0.046696,-0.796376,9.881809,0.145941,-0.043675,-0.022370
27.202228,1005.649242,-1.230253,2.805756,0.008040,6.413574,-2.781776,-0.045560,1.546253,2.829737,0.021440,7.154486,-2.781776,-0.046900,-0.240737,-0.644223,9.881809,0.138485,-0.013849,-0.011718
27.212167,1005.658790,-1.201107,2.805756,0.009380,6.385962,-2.781776,-0.044220,1.575398,2.829737,0.018760,7.126875,-2.781776,-0.044220,-0.114973,-0.916058,9.884262,-0.006391,-0.038350,-0.018110
27.222258,1005.668539,-1.175029,2.805756,0.009380,6.358350,-2.781776,-0.045560,1.604544,2.829737,0.020100,7.099263,-2.781776,-0.041540,-0.277819,-0.688564,9.389641,-0.050068,-0.072438,-0.020241
27.232283,1005.677991,-1.145884,2.805756,0.009380,6.329205,-2.781776,-0.045560,1.632156,2.829737,0.022780,7.071651,-2.781776,-0.040200,-0.273012,-0.712500,9.336962,-0.044742,-0.093743,-0.022370
27.242293,1005.687648,-1.118272,2.805756,0.009380,6.301593,-2.805756,-0.046900,1.661301,2.829737,0.021440,7.044040,-2.781776,-0.036180,-0.125764,-1.077727,9.657945,-0.037284,-0.095874,-0.027697
27.252209,1005.706840,-1.090660,2.781776,0.010720,6.272447,-2.805756,-0.045560,1.688913,2.829737,0.022780,7.017962,-2.781776,-0.038860,-0.053857,-0.791569,10.025526,0.108657,-0.052198,-0.027697
27.262295,1005.716355,-1.061515,2.781776,0.010720,6.243302,-2.805756,-0.045560,1.718058,2.829737,0.021440,6.988816,-2.805756,-0.042880,0.098198,-0.874169,10.037494,0.057524,-0.035154,-0.034088
27.272295,1005.725582,-1.035437,2.781776,0.010720,6.215690,-2.805756,-0.045560,1.744136,2.829737,0.021440,6.959671,-2.805756,-0.040200,-0.057487,-0.713677,9.771643,0.038350,-0.039415,-0.035154
27.282336,1005.735172,-1.004757,2.781776,0.009380,6.186545,-2.805756,-0.045560,1.771748,2.829737,0.020100,6.932059,-2.805756,-0.037520,-0.126941,-0.698178,9.588490,0.010653,-0.058589,-0.036219
27.292340,1005.744953,-0.977146,2.781776,0.009380,6.157399,-2.805756,-0.046900,1.800893,2.829737,0.016080,6.902914,-2.805756,-0.040200,-0.269481,-0.887315,9.426821,-0.074569,-0.105462,-0.049002
27.302456,1005.754545,-0.949534,2.781776,0.009380,6.129787,-2.805756,-0.049580,1.828505,2.829737,0.016080,6.875302,-2.805756,-0.045560,-0.098198,-1.042999,9.497453,-0.068176,-0.112918,-0.046871
27.312470,1005.763967,-0.921922,2.781776,0.009380,6.102176,-2.805756,-0.049580,1.856117,2.829737,0.016080,6.846156,-2.805756,-0.046900,-0.186782,-0.910074,9.726223,0.064980,-0.093743,-0.034088
27.322457,1005.773318,-0.894311,2.805756,0.009380,6.073030,-2.805756,-0.049580,1.885262,2.829737,0.016080,6.818545,-2.805756,-0.046900,-0.129296,-0.978351,9.994428,0.075634,-0.050068,-0.024501
27.332095,1005.782991,-0.866699,2.805756,0.009380,6.046952,-2.781776,-0.046900,1.912874,2.829737,0.016080,6.792467,-2.805756,-0.046900,-0.289787,-0.906542,9.851889,0.050068,-0.020241,-0.020241
27.342109,1005.792653,-0.839087,2.805756,0.009380,6.016273,-2.781776,-0.046900,1.940486,2.829737,0.017420,6.763321,-2.805756,-0.046900,-0.257512,-0.816683,9.563279,0.020241,-0.018110,-0.020241
27.352502,1005.802291,-0.808408,2.805756,0.009380,5.988661,-2.781776,-0.048240,1.969631,2.829737,0.016080,6.734176,-2.805756,-0.044220,-0.360419,-1.032208,9.572892,-0.014914,-0.045806,-0.022370
27.362463,1005.811560,-0.779262,2.805756,0.009380,5.961049,-2.781776,-0.048240,1.998777,2.829737,0.016080,6.706564,-2.805756,-0.041540,-0.138910,-0.835910,9.491469,0.043675,-0.061785,-0.024501
27.372485,1005.821244,-0.751651,2.805756,0.010720,5.930370,-2.781776,-0.048240,2.024855,2.829737,0.017420,6.677418,-2.805756,-0.044220,-0.105359,-0.814328,9.665106,0.057524,-0.080961,-0.028761
27.382460,1005.830824,-0.724039,2.805756,0.009380,5.902758,-2.781776,-0.046900,2.052466,2.829737,0.020100,6.649807,-2.805756,-0.048240,0.065825,-0.821489,9.866309,0.040479,-0.086286,-0.035154
27.392499,1005.840363,-0.696427,2.805756,0.009380,5.875146,-2.781776,-0.046900,2.081612,2.829737,0.021440,6.620661,-2.805756,-0.045560,0.122134,-0.887315,9.921344,0.031959,-0.076698,-0.036219
27.402538,1005.849839,-0.667282,2.805756,0.010720,5.846001,-2.781776,-0.048240,2.109224,2.829737,0.020100,6.593049,-2.805756,-0.044220,0.080246,-0.767633,9.891423,0.054329,-0.042610,-0.031959
27.412103,1005.859551,-0.641204,2.805756,0.010720,5.818389,-2.805756,-0.049580,2.138369,2.829737,0.018760,6.566972,-2.805756,-0.044220,-0.104182,-0.615479,9.795677,0.076698,-0.050068,-0.034088
27.422119,1005.868848,-0.613592,2.805756,0.010720,5.790777,-2.805756,-0.049580,2.164447,2.829737,0.016080,6.539360,-2.805756,-0.044220,-0.095844,-0.710146,9.486662,-0.059655,-0.076698,-0.042610
27.432162,1005.878710,-0.585981,2.805756,0.010720,5.763166,-2.805756,-0.049580,2.195127,2.829737,0.016080,6.511748,-2.805756,-0.046900,-0.137732,-1.058597,9.364528,-0.091612,-0.096939,-0.043675
27.442194,1005.887932,-0.558369,2.805756,0.010720,5.734020,-2.805756,-0.048240,2.222738,2.829737,0.016080,6.484137,-2.805756,-0.053600,-0.033550,-0.779601,9.606442,0.037284,-0.105462,-0.037284
27.452313,1005.907243,-0.527689,2.805756,0.010720,5.706409,-2.805756,-0.048240,2.251884,2.829737,0.016080,6.456525,-2.805756,-0.056280,-0.238285,-0.901735,9.762127,-0.008522,-0.047937,-0.015978
27.462342,1005.916636,-0.497010,2.805756,0.009380,5.677263,-2.805756,-0.048240,2.279495,2.829737,0.016080,6.425846,-2.805756,-0.046900,-0.264674,-0.959222,9.575247,-0.014914,-0.041546,-0.023436
27.472540,1005.926386,-0.469398,2.805756,0.009380,5.648117,-2.805756,-0.048240,2.307107,2.829737,0.014740,6.396700,-2.805756,-0.045560,-0.296949,-0.882606,9.663929,0.045806,-0.041546,-0.023436
27.482154,1005.935939,-0.443320,2.805756,0.009380,5.618972,-2.805756,-0.048240,2.334719,2.829737,0.014740,6.370622,-2.805756,-0.042880,-0.213171,-0.890944,9.647154,0.054329,-0.058589,-0.027697
27.492433,1005.945436,-0.412641,2.805756,0.008040,5.591360,-2.805756,-0.048240,2.365398,2.829737,0.014740,6.341477,-2.805756,-0.048240,-0.120957,-0.978351,9.857873,0.006391,-0.084156,-0.034088
27.502450,1005.954840,-0.383495,2.805756,0.008040,5.563748,-2.805756,-0.049580,2.393010,2.829737,0.013400,6.312331,-2.805756,-0.050920,-0.052680,-0.711323,9.677075,0.037284,-0.096939,-0.038350
27.512688,1005.964515,-0.354350,2.805756,0.008040,5.533069,-2.805756,-0.048240,2.423690,2.829737,0.014740,6.283185,-2.805756,-0.045560,-0.011968,-1.079002,9.759675,-0.044742,-0.078830,-0.038350
27.522022,1005.973898,-0.329806,2.805756,0.008040,5.506991,-2.805756,-0.048240,2.448233,2.829737,0.017420,6.257108,-2.805756,-0.045560,0.014323,-0.844249,9.716609,0.051133,-0.055393,-0.021305
27.532229,1005.983647,-0.302194,2.805756,0.008040,5.477845,-2.805756,-0.046900,2.478913,2.829737,0.018760,6.227962,-2.805756,-0.042880,-0.104182,-0.627448,9.584860,0.068176,-0.056460,-0.029828
27.542175,1005.992974,-0.274583,2.805756,0.008040,5.450234,-2.805756,-0.048240,2.504991,2.829737,0.018760,6.200350,-2.805756,-0.042880,-0.040712,-0.839442,9.457919,-0.054329,-0.082025,-0.046871
27.552243,1006.002566,-0.243903,2.805756,0.009380,5.421088,-2.805756,-0.050920,2.535670,2.829737,0.016080,6.171205,-2.805756,-0.049580,-0.070632,-1.002288,9.523842,-0.036219,-0.098004,-0.044742
27.562389,1006.012367,-0.214757,2.805756,0.009380,5.391942,-2.805756,-0.050920,2.564816,2.829737,0.013400,6.142059,-2.805756,-0.049580,-0.077793,-0.972367,9.727400,0.069242,-0.072438,-0.034088
27.572317,1006.022014,-0.187146,2.805756,0.008040,5.364331,-2.805756,-0.049580,2.592428,2.829737,0.013400,6.115981,-2.805756,-0.050920,-0.210719,-0.878976,9.896230,0.115049,-0.044742,-0.027697
27.582355,1006.031224,-0.159534,2.805756,0.008040,5.333651,-2.829737,-0.048240,2.621573,2.829737,0.014740,6.086836,-2.805756,-0.049580,-0.223962,-0.835910,9.794402,0.046871,-0.041546,-0.028761
27.592388,1006.040895,-0.131922,2.805756,0.008040,5.304506,-2.829737,-0.048240,2.650719,2.829737,0.014740,6.059224,-2.805756,-0.049580,-0.247899,-0.971190,9.661477,-0.013849,-0.047937,-0.026632
27.602448,1006.050588,-0.101243,2.829737,0.009380,5.276894,-2.829737,-0.050920,2.678330,2.853718,0.014740,6.028544,-2.805756,-0.052260,-0.318531,-0.938817,9.685413,0.022370,-0.051133,-0.023436
27.612500,1006.060102,-0.070563,2.829737,0.010720,5.247748,-2.829737,-0.049580,2.707476,2.853718,0.013400,6.000933,-2.805756,-0.050920,-0.155685,-0.947254,9.765659,0.044742,-0.059655,-0.023436
27.622501,1006.069435,-0.042951,2.829737,0.009380,5.218603,-2.829737,-0.049580,2.735088,2.853718,0.012060,5.973321,-2.805756,-0.046900,-0.119780,-1.038192,10.021994,0.035154,-0.063916,-0.024501
27.632474,1006.079139,-0.013806,2.829737,0.009380,5.190991,-2.829737,-0.048240,2.762699,2.853718,0.014740,5.944176,-2.805756,-0.045560,-0.009614,-0.834635,10.010026,0.076698,-0.064980,-0.026632
27.642152,1006.088646,0.013806,2.829737,0.009380,5.161845,-2.829737,-0.048240,2.793379,2.853718,0.016080,5.916564,-2.805756,-0.045560,0.038357,-0.717307,9.673445,0.026632,-0.063916,-0.035154
27.652366,1006.098379,0.044485,2.829737,0.012060,5.132700,-2.829737,-0.048240,2.819457,2.853718,0.016080,5.887418,-2.805756,-0.046900,0.045518,-0.822667,9.472340,-0.045806,-0.079894,-0.035154
27.662839,1006.117123,0.072097,2.829737,0.012060,5.103554,-2.829737,-0.048240,2.850136,2.829737,0.016080,5.858273,-2.805756,-0.045560,-0.049050,-0.846603,9.525020,0.015978,-0.075634,-0.035154
27.672416,1006.126757,0.099709,2.829737,0.012060,5.075942,-2.829737,-0.050920,2.877748,2.829737,0.016080,5.829127,-2.805756,-0.046900,-0.200026,-1.106470,9.848357,0.044742,-0.043675,-0.033023
27.682555,1006.136313,0.127320,2.829737,0.010720,5.046797,-2.829737,-0.052260,2.905360,2.853718,0.014740,5.799981,-2.805756,-0.048240,-0.277819,-1.011902,10.018364,0.107593,-0.019174,-0.028761
27.692425,1006.145883,0.156466,2.829737,0.009380,5.017651,-2.829737,-0.050920,2.934505,2.853718,0.012060,5.772370,-2.829737,-0.053600,-0.262221,-0.784408,9.752513,0.103330,-0.030892,-0.024501
27.702472,1006.155586,0.185612,2.829737,0.010720,4.988506,-2.829737,-0.049580,2.962117,2.853718,0.013400,5.744758,-2.829737,-0.052260,-0.307740,-0.783132,9.552487,0.005327,-0.062851,-0.027697
27.712609,1006.164926,0.213223,2.829737,0.010720,4.959360,-2.853718,-0.048240,2.991263,2.853718,0.014740,5.714078,-2.805756,-0.046900,-0.234753,-0.858571,9.491469,-0.040479,-0.084156,-0.027697
27.722134,1006.174794,0.239301,2.829737,0.012060,4.931748,-2.853718,-0.049580,3.018874,2.853718,0.016080,5.688001,-2.805756,-0.046900,-0.305385,-0.813151,9.527374,0.008522,-0.066047,-0.021305
27.732444,1006.184103,0.271515,2.829737,0.013400,4.902603,-2.853718,-0.050920,3.048020,2.853718,0.016080,5.658855,-2.805756,-0.048240,-0.150878,-1.033483,9.866309,0.041546,-0.046871,-0.019174
27.742102,1006.193637,0.299126,2.829737,0.013400,4.874991,-2.853718,-0.052260,3.075631,2.853718,0.013400,5.629709,-2.805756,-0.049580,-0.134103,-0.920865,9.927328,0.086286,-0.039415,-0.020241
27.752293,1006.203137,0.326738,2.829737,0.014740,4.847379,-2.853718,-0.050920,3.104777,2.829737,0.014740,5.602098,-2.805756,-0.048240,-0.069455,-1.026224,10.342879,0.104395,-0.041546,-0.021305
27.762341,1006.212804,0.355884,2.829737,0.014740,4.818234,-2.853718,-0.049580,3.132389,2.829737,0.014740,5.572952,-2.805756,-0.044220,-0.065825,-0.516104,9.792048,0.092679,-0.047937,-0.022370
27.772510,1006.222257,0.385029,2.829737,0.013400,4.790622,-2.853718,-0.048240,3.161534,2.829737,0.016080,5.542273,-2.805756,-0.042880,-0.068278,-0.712500,9.493824,-0.055393,-0.077765,-0.034088
27.782497,1006.231967,0.412641,2.829737,0.013400,4.761476,-2.853718,-0.049580,3.189146,2.829737,0.017420,5.513127,-2.829737,-0.049580,-0.075439,-0.717307,9.144195,-0.095874,-0.113984,-0.041546
27.792444,1006.241583,0.441786,2.829737,0.014740,4.732331,-2.853718,-0.050920,3.216758,2.829737,0.016080,5.485515,-2.829737,-0.049580,-0.028743,-0.828651,9.285459,-0.037284,-0.112918,-0.039415
27.802370,1006.251032,0.470932,2.829737,0.014740,4.704719,-2.853718,-0.052260,3.244369,2.829737,0.014740,5.456370,-2.829737,-0.045560,-0.154508,-1.222620,9.845905,0.054329,-0.045806,-0.026632
27.812321,1006.260512,0.497010,2.829737,0.013400,4.675573,-2.853718,-0.052260,3.273515,2.805756,0.016080,5.428758,-2.829737,-0.046900,-0.256237,-0.773617,10.227906,0.225837,-0.013849,-0.015978
27.822350,1006.270106,0.526155,2.829737,0.012060,4.647962,-2.853718,-0.052260,3.302661,2.829737,0.017420,5.399612,-2.853718,-0.050920,-0.247899,-0.572414,9.709448,0.075634,-0.021305,-0.020241
27.832364,1006.279824,0.556835,2.829737,0.013400,4.618816,-2.853718,-0.049580,3.331806,2.829737,0.017420,5.370467,-2.853718,-0.052260,-0.349628,-1.098131,9.508244,-0.126767,-0.053264,-0.031959
27.842402,1006.289278,0.585981,2.829737,0.014740,4.589671,-2.877699,-0.048240,3.359418,2.829737,0.017420,5.339787,-2.853718,-0.044220,-0.252706,-0.844249,9.490292,0.020241,-0.063916,-0.020241
27.852417,1006.298709,0.615126,2.853718,0.016080,4.560525,-2.877699,-0.049580,3.387030,2.829737,0.017420,5.310641,-2.853718,-0.044220,-0.255060,-0.453811,9.484308,0.093743,-0.068176,-0.012783
27.862522,1006.308326,0.642738,2.853718,0.016080,4.531379,-2.877699,-0.050920,3.414641,2.805756,0.017420,5.283030,-2.853718,-0.046900,-0.017952,-1.047806,9.860325,-0.038350,-0.069242,-0.018110
27.872487,1006.327415,0.671884,2.829737,0.016080,4.503768,-2.877699,-0.049580,3.442253,2.805756,0.017420,5.253884,-2.853718,-0.045560,0.038357,-0.899283,10.245858,0.088417,-0.044742,-0.017045
27.882375,1006.337124,0.697961,2.829737,0.016080,4.474622,-2.877699,-0.046900,3.471399,2.805756,0.017420,5.226273,-2.853718,-0.044220,-0.021582,-0.614302,9.910553,0.053264,-0.046871,-0.018110
27.892468,1006.346487,0.728641,2.829737,0.017420,4.445476,-2.877699,-0.045560,3.499010,2.805756,0.017420,5.195593,-2.853718,-0.036180,0.136555,-0.494620,9.536988,-0.022370,-0.088417,-0.041546
27.902256,1006.356224,0.757787,2.829737,0.017420,4.416331,-2.877699,-0.046900,3.526622,2.805756,0.017420,5.167981,-2.853718,-0.038860,-0.045518,-0.657466,9.195698,-0.111853,-0.122505,-0.036219
27.912566,1006.365397,0.786932,2.829737,0.014740,4.387185,-2.877699,-0.046900,3.555767,2.805756,0.014740,5.137302,-2.853718,-0.042880,-0.110166,-1.069388,9.012447,-0.196009,-0.135289,-0.039415
27.922403,1006.375070,0.816078,2.829737,0.013400,4.361107,-2.853718,-0.048240,3.584913,2.805756,0.014740,5.109690,-2.853718,-0.045560,-0.237108,-1.347207,9.254362,-0.064980,-0.086286,-0.033023
27.932123,1006.384837,0.843689,2.853718,0.013400,4.333496,-2.853718,-0.048240,3.610991,2.805756,0.013400,5.082078,-2.853718,-0.046900,-0.189235,-1.017886,9.653138,0.160855,-0.043675,-0.024501
27.942078,1006.394433,0.871301,2.853718,0.013400,4.305884,-2.853718,-0.045560,3.638602,2.829737,0.013400,5.052933,-2.853718,-0.048240,-0.233478,-0.871815,9.769289,0.159790,-0.018110,-0.028761
27.952474,1006.403681,0.901981,2.853718,0.013400,4.275204,-2.853718,-0.045560,3.669282,2.829737,0.016080,5.023787,-2.853718,-0.048240,-0.268205,-0.947254,10.056722,0.092679,-0.026632,-0.021305
27.962389,1006.413546,0.931126,2.853718,0.014740,4.249127,-2.853718,-0.045560,3.699962,2.829737,0.016080,4.994641,-2.853718,-0.046900,-0.136555,-0.980804,10.122547,0.049002,-0.029828,-0.019174
27.972348,1006.422924,0.958738,2.853718,0.016080,4.219981,-2.853718,-0.045560,3.729107,2.829737,0.016080,4.967030,-2.853718,-0.048240,-0.179621,-0.799907,9.982460,0.039415,-0.030892,-0.018110
27.982450,1006.432500,0.989418,2.853718,0.016080,4.190836,-2.853718,-0.045560,3.758253,2.853718,0.014740,4.937884,-2.853718,-0.050920,-0.079069,-1.059774,10.094981,0.000000,-0.049002,-0.021305
27.992434,1006.441858,1.018563,2.853718,0.017420,4.164758,-2.853718,-0.044220,3.785865,2.853718,0.016080,4.908739,-2.853718,-0.049580,-0.077793,-0.870637,9.721416,0.000000,-0.063916,-0.035154
28.002520,1006.451511,1.044641,2.853718,0.017420,4.135612,-2.829737,-0.044220,3.813476,2.853718,0.017420,4.879593,-2.853718,-0.044220,0.045518,-1.047806,10.008751,0.037284,-0.079894,-0.038350
28.012519,1006.461010,1.072253,2.853718,0.017420,4.106467,-2.829737,-0.042880,3.842622,2.853718,0.018760,4.850447,-2.853718,-0.045560,0.003630,-0.383179,9.578876,0.080961,-0.077765,-0.043675
28.022041,1006.470463,1.099864,2.853718,0.017420,4.078855,-2.829737,-0.044220,3.870234,2.853718,0.017420,4.824370,-2.853718,-0.045560,-0.008339,-0.834635,9.558570,-0.067111,-0.084156,-0.042610
28.032099,1006.480247,1.130544,2.853718,0.016080,4.049709,-2.829737,-0.044220,3.896311,2.853718,0.016080,4.795224,-2.853718,-0.049580,-0.069455,-0.768810,9.122613,-0.096939,-0.089483,-0.052198
28.042110,1006.489644,1.159689,2.853718,0.016080,4.022098,-2.829737,-0.045560,3.925457,2.853718,0.014740,4.766078,-2.853718,-0.053600,-0.101828,-0.998756,9.216005,-0.072438,-0.101199,-0.051133
28.052173,1006.499384,1.188835,2.853718,0.014740,3.994486,-2.829737,-0.045560,3.954602,2.829737,0.013400,4.738467,-2.853718,-0.052260,-0.243092,-1.306496,9.303412,-0.006391,-0.046871,-0.042610
28.062221,1006.508660,1.216447,2.853718,0.013400,3.963806,-2.829737,-0.044220,3.983748,2.853718,0.013400,4.709321,-2.853718,-0.053600,-0.281449,-0.956769,9.710625,0.174704,-0.030892,-0.036219
28.072457,1006.518376,1.247126,2.853718,0.013400,3.936195,-2.829737,-0.044220,4.014428,2.853718,0.013400,4.680175,-2.853718,-0.057620,-0.356888,-0.910074,9.753691,0.128898,-0.021305,-0.033023
28.082542,1006.528096,1.276272,2.853718,0.014740,3.907049,-2.829737,-0.044220,4.043573,2.853718,0.013400,4.652564,-2.853718,-0.054940,-0.203558,-1.070565,9.904568,0.020241,-0.031959,-0.033023
28.092041,1006.546936,1.302350,2.853718,0.016080,3.880971,-2.829737,-0.042880,4.069651,2.853718,0.014740,4.626486,-2.853718,-0.053600,-0.077793,-0.852587,10.520146,0.172573,-0.010653,-0.008522
28.102447,1006.556757,1.331495,2.853718,0.017420,3.851826,-2.829737,-0.045560,4.100331,2.853718,0.014740,4.597340,-2.853718,-0.054940,-0.046696,-0.676596,10.063883,0.044742,-0.045806,-0.025566
28.112526,1006.566078,1.360641,2.853718,0.017420,3.824214,-2.829737,-0.045560,4.127942,2.853718,0.014740,4.566661,-2.853718,-0.052260,-0.052680,-1.195152,9.903391,-0.128898,-0.082025,-0.043675
28.122304,1006.575565,1.388253,2.853718,0.017420,3.795068,-2.829737,-0.044220,4.157088,2.853718,0.016080,4.537515,-2.853718,-0.053600,-0.033550,-0.728098,9.540519,0.021305,-0.099070,-0.043675
28.132231,1006.585311,1.415864,2.853718,0.017420,3.764389,-2.829737,-0.042880,4.184700,2.853718,0.016080,4.511437,-2.853718,-0.052260,-0.050325,-0.423890,9.235232,0.025566,-0.125700,-0.050068
28.142393,1006.594630,1.443476,2.853718,0.016080,3.736777,-2.829737,-0.044220,4.213845,2.853718,0.017420,4.482292,-2.853718,-0.050920,-0.055132,-0.754389,9.050804,-0.144876,-0.131027,-0.060720
28.152397,1006.604429,1.471088,2.829737,0.016080,3.707632,-2.829737,-0.044220,4.241457,2.853718,0.017420,4.453146,-2.853718,-0.050920,-0.067100,-0.536509,8.685578,-0.082025,-0.124636,-0.044742
28.162590,1006.614065,1.501767,2.829737,0.014740,3.680020,-2.829737,-0.045560,4.270603,2.853718,0.017420,4.422467,-2.853718,-0.050920,-0.108989,-1.270591,9.401610,-0.039415,-0.072438,-0.020241
28.172421,1006.623326,1.530913,2.829737,0.014740,3.652408,-2.829737,-0.045560,4.299748,2.853718,0.016080,4.394855,-2.853718,-0.052260,-0.301756,-1.263332,9.974023,0.171508,0.006391,-0.004260
28.182441,1006.632833,1.560058,2.853718,0.014740,3.623263,-2.829737,-0.042880,4.327360,2.853718,0.013400,4.367243,-2.853718,-0.052260,-0.372388,-0.791569,10.102240,0.254598,0.037284,-0.019174
28.192528,1006.642630,1.590738,2.853718,0.012060,3.594117,-2.829737,-0.042880,4.356505,2.853718,0.012060,4.338098,-2.853718,-0.050920,-0.378372,-0.900558,10.012380,0.092679,0.006391,-0.023436
28.202454,1006.652098,1.616816,2.853718,0.012060,3.566505,-2.829737,-0.042880,4.385651,2.853718,0.012060,4.310486,-2.853718,-0.050920,-0.263497,-0.764003,9.609974,0.003196,-0.049002,-0.035154
28.212466,1006.661832,1.644427,2.853718,0.013400,3.537360,-2.829737,-0.042880,4.414797,2.853718,0.013400,4.282874,-2.853718,-0.048240,-0.181976,-0.977174,9.843550,0.002131,-0.083090,-0.036219
28.222512,1006.671055,1.673573,2.853718,0.014740,3.509748,-2.829737,-0.041540,4.442408,2.853718,0.013400,4.253729,-2.853718,-0.050920,-0.108989,-0.684934,9.660299,-0.005327,-0.121440,-0.037284
28.232265,1006.680833,1.702719,2.853718,0.016080,3.480602,-2.829737,-0.042880,4.470020,2.853718,0.014740,4.227651,-2.829737,-0.049580,-0.033550,-1.372321,9.836389,-0.112918,-0.086286,-0.038350
28.242391,1006.690429,1.730330,2.853718,0.016080,3.451457,-2.829737,-0.042880,4.499166,2.853718,0.016080,4.198505,-2.829737,-0.048240,-0.043066,-1.114907,9.938119,0.076698,-0.042610,-0.026632
28.252406,1006.699968,1.757942,2.853718,0.013400,3.422311,-2.853718,-0.041540,4.528311,2.853718,0.016080,4.169360,-2.829737,-0.045560,-0.086230,-0.602334,9.824323,0.175769,-0.028761,-0.028761
28.263732,1006.709554,1.791690,2.853718,0.012060,3.388564,-2.853718,-0.042880,4.560525,2.853718,0.016080,4.135612,-2.853718,-0.049580,-0.174814,-0.485006,9.519035,0.044742,-0.058589,-0.039415
28.272376,1006.719239,1.816233,2.853718,0.012060,3.365554,-2.853718,-0.044220,4.585069,2.853718,0.017420,4.111069,-2.853718,-0.042880,-0.138910,-0.655014,9.144195,-0.084156,-0.112918,-0.052198
28.282303,1006.728579,1.842311,2.853718,0.012060,3.336408,-2.853718,-0.045560,4.612680,2.853718,0.017420,4.083457,-2.853718,-0.050920,-0.262221,-0.760373,8.948976,-0.123571,-0.154463,-0.056460
28.292403,1006.738176,1.871457,2.853718,0.012060,3.307263,-2.853718,-0.046900,4.641826,2.853718,0.017420,4.055845,-2.853718,-0.053600,-0.153330,-1.314834,9.513051,-0.077765,-0.113984,-0.049002
28.302429,1006.747563,1.899068,2.853718,0.012060,3.279651,-2.853718,-0.045560,4.669438,2.853718,0.016080,4.026700,-2.853718,-0.052260,-0.305385,-1.112454,9.940571,0.181095,-0.033023,-0.022370
28.312444,1006.766535,1.926680,2.853718,0.012060,3.252039,-2.853718,-0.044220,4.698583,2.853718,0.013400,3.999088,-2.853718,-0.049580,-0.195219,-0.712500,10.031510,0.128898,0.008522,-0.023436
28.322070,1006.776303,1.955826,2.853718,0.012060,3.222894,-2.853718,-0.044220,4.726195,2.853718,0.013400,3.971476,-2.853718,-0.045560,-0.112521,-0.929301,9.830405,-0.023436,-0.056460,-0.037284
28.332408,1006.785689,1.984971,2.853718,0.012060,3.193748,-2.853718,-0.044220,4.756874,2.853718,0.013400,3.943865,-2.829737,-0.048240,-0.032373,-0.615479,9.553763,-0.015978,-0.104395,-0.037284
28.342402,1006.795194,2.012583,2.853718,0.012060,3.164602,-2.853718,-0.044220,4.784486,2.853718,0.013400,3.914719,-2.829737,-0.049580,0.026389,-0.711323,9.413578,-0.070307,-0.145941,-0.042610
28.352152,1006.805043,2.040194,2.853718,0.013400,3.136991,-2.853718,-0.044220,4.812098,2.853718,0.016080,3.885573,-2.829737,-0.049580,-0.029921,-1.495731,9.509422,-0.171508,-0.101199,-0.044742
28.362677,1006.814304,2.070874,2.853718,0.014740,3.104777,-2.829737,-0.045560,4.841243,2.853718,0.016080,3.853360,-2.829737,-0.048240,0.034727,-1.205845,10.112933,0.137418,-0.058589,-0.023436
28.372395,1006.823928,2.098486,2.853718,0.016080,3.078699,-2.829737,-0.045560,4.867321,2.853718,0.016080,3.827282,-2.829737,-0.044220,-0.077793,-0.495797,9.983637,0.262054,-0.014914,-0.015978
28.382211,1006.833727,2.124563,2.853718,0.014740,3.049554,-2.829737,-0.044220,4.893399,2.829737,0.016080,3.798136,-2.853718,-0.048240,-0.235930,-0.473038,9.501083,0.007456,-0.057524,-0.041546
28.392425,1006.842967,2.153709,2.829737,0.012060,3.021942,-2.829737,-0.044220,4.924078,2.829737,0.016080,3.770525,-2.853718,-0.045560,-0.143716,-0.632254,8.802905,-0.160855,-0.122505,-0.057524
28.402212,1006.852429,2.181321,2.829737,0.013400,2.992797,-2.829737,-0.044220,4.953224,2.829737,0.017420,3.741379,-2.853718,-0.045560,0.189235,-0.433504,8.739435,-0.091612,-0.173638,-0.056460
28.412579,1006.862334,2.210466,2.829737,0.014740,2.963651,-2.829737,-0.046900,4.982370,2.829737,0.021440,3.710700,-2.877699,-0.049580,0.095844,-0.928026,9.335785,-0.017045,-0.138485,-0.040479
28.422057,1006.871588,2.239612,2.829737,0.013400,2.937573,-2.829737,-0.046900,5.008447,2.829737,0.021440,3.684622,-2.877699,-0.050920,-0.037082,-1.523199,10.653071,0.109722,-0.059655,-0.041546
28.432235,1006.881218,2.267224,2.829737,0.010720,2.906894,-2.829737,-0.048240,5.036059,2.829737,0.018760,3.655476,-2.877699,-0.056280,-0.377194,-1.567540,11.232646,0.273772,0.050068,-0.036219
28.442503,1006.890709,2.296369,2.829737,0.008040,2.879282,-2.829737,-0.046900,5.065205,2.829737,0.016080,3.626331,-2.853718,-0.054940,-0.393970,-0.802360,10.536921,0.281230,0.085221,-0.027697
28.452135,1006.900410,2.322447,2.829737,-0.045560,2.853204,-2.829737,0.014740,5.091282,2.829737,-0.038860,3.598719,-2.853718,0.005360,-0.371210,-0.802360,10.002766,0.038350,-0.002131,-0.003196
28.462152,1006.909833,2.348525,2.829737,-0.032160,2.827127,-2.829737,0.002680,5.115826,2.805756,-0.028140,3.575709,-2.829737,-0.001340,-0.490990,-0.701709,9.889069,-0.067111,-0.149137,-0.031959
28.472256,1006.919630,2.370000,2.781776,-0.028140,2.801049,-2.781776,0.005360,5.137302,2.757795,-0.024120,3.552700,-2.781776,0.000000,-0.073085,-0.588011,8.941815,-0.316383,-0.238620,-0.047937
28.482318,1006.929112,2.389942,2.709833,-0.028140,2.778039,-2.733814,0.006700,5.158777,2.685852,-0.024120,3.532758,-2.709833,-0.004020,0.142539,-1.320818,8.521457,-0.438889,-0.223706,-0.027697
28.492347,1006.938498,2.409884,2.613910,-0.030820,2.761165,-2.637891,0.010720,5.177185,2.565948,-0.026800,3.515884,-2.589929,-0.004020,0.171283,-2.098065,9.309396,-0.148072,-0.123571,0.036219
28.502374,1006.948313,2.428292,2.494006,-0.032160,2.745826,-2.517987,0.012060,5.195593,2.446044,-0.026800,3.500544,-2.446044,0.000000,0.313724,-1.908830,9.545326,0.124636,0.000000,0.050068
28.512573,1006.957700,2.445165,2.350121,-0.032160,2.733554,-2.326140,0.013400,5.209399,2.278178,-0.028140,3.485204,-2.254197,0.000000,0.461070,-1.810632,9.509422,0.116113,0.000000,0.023436
28.522459,1006.967270,2.455903,2.182255,-0.030820,2.722816,-2.134293,0.013400,5.220137,2.086332,-0.029480,3.474466,-2.086332,0.000000,0.574768,-2.266895,9.739368,-0.012783,-0.046871,-0.011718
28.532468,1006.986183,2.465107,1.966428,-0.030820,2.712078,-1.918466,0.013400,5.230874,1.894485,-0.028140,3.463729,-1.870504,0.000000,0.797553,-2.367447,9.454388,-0.031959,-0.077765,-0.010653
28.542519,1006.995879,2.472777,1.774581,-0.028140,2.704408,-1.678658,0.012060,5.238544,1.702638,-0.028140,3.454525,-1.678658,0.000000,0.833458,-2.857261,9.453112,-0.070307,-0.107593,-0.008522
28.552077,1007.005507,2.480447,1.582734,-0.028140,2.698272,-1.486811,0.010720,5.246214,1.510792,-0.026800,3.446855,-1.510792,-0.001340,0.573591,-3.059641,9.896230,0.002131,-0.111853,-0.002131
28.562228,1007.015149,2.485049,1.366907,-0.025460,2.690602,-1.270984,0.010720,5.252350,1.318945,-0.025460,3.439185,-1.318945,-0.004020,0.534056,-3.092014,10.370445,0.107593,-0.086286,-0.009587
28.572376,1007.024508,2.491185,1.151080,-0.022780,2.686000,-1.079137,0.010720,5.258486,1.151080,-0.025460,3.433049,-1.175060,-0.009380,0.493345,-2.478889,9.570538,0.059655,-0.061785,-0.029828
28.582135,1007.034062,2.494253,0.983214,-0.021440,2.681398,-0.959233,0.010720,5.263088,0.983214,-0.021440,3.428447,-1.031175,-0.013400,0.104182,-2.938684,9.351383,-0.102266,-0.061785,-0.026632
28.592373,1007.043642,2.498855,0.815348,-0.018760,2.676796,-0.815348,0.012060,5.266156,0.839329,-0.018760,3.423845,-0.887290,-0.018760,-0.011968,-2.767401,9.525020,0.041546,-0.069242,-0.005327
28.602470,1007.053288,2.500389,0.671463,-0.014740,2.673729,-0.695444,0.010720,5.269224,0.719425,-0.014740,3.422311,-0.767386,-0.024120,-0.155685,-1.906475,9.268684,0.170442,-0.057524,-0.009587
28.612446,1007.062853,2.501923,0.575540,-0.009380,2.672195,-0.599521,0.010720,5.270758,0.623501,-0.010720,3.419243,-0.647482,-0.029480,-0.117328,-1.977107,9.489115,0.063916,-0.060720,-0.018110
28.622389,1007.072241,2.501923,0.455636,-0.008040,2.669127,-0.503597,0.010720,5.272292,0.503597,-0.006700,3.417709,-0.551559,-0.034840,-0.161669,-1.786695,9.685413,0.076698,-0.057524,-0.021305
28.632262,1007.081870,2.500389,0.359712,-0.005360,2.667593,-0.431655,0.008040,5.270758,0.407674,-0.002680,3.416175,-0.455636,-0.038860,-0.125764,-1.125698,9.798032,0.175769,-0.040479,-0.018110
28.642511,1007.091226,2.498855,0.263789,-0.001340,2.666059,-0.359712,0.006700,5.270758,0.311751,0.000000,3.416175,-0.383693,-0.045560,-0.130571,-1.076549,9.940571,0.139550,0.000000,-0.015978
28.652350,1007.100732,2.497321,0.167866,0.000000,2.666059,-0.287770,0.004020,5.270758,0.215827,0.001340,3.414641,-0.287770,-0.050920,-0.110166,-0.753212,10.023171,0.159790,-0.004260,-0.010653
28.662485,1007.110674,2.498855,0.095923,0.000000,2.667593,-0.239808,0.000000,5.272292,0.143885,0.006700,3.414641,-0.215827,-0.052260,-0.108989,-0.405938,10.042301,0.128898,-0.033023,-0.008522
28.672414,1007.119922,2.498855,0.023981,0.004020,2.669127,-0.167866,0.000000,5.272292,0.095923,0.012060,3.416175,-0.167866,-0.052260,-0.021582,-0.070632,9.629202,0.050068,-0.047937,-0.021305
28.682119,1007.129551,2.498855,0.000000,0.008040,2.669127,-0.095923,0.000000,5.272292,0.047962,0.014740,3.414641,-0.119904,-0.050920,-0.029921,-0.222785,9.534535,-0.011718,-0.057524,-0.035154
28.692536,1007.139121,2.500389,0.000000,0.008040,2.667593,-0.047962,-0.001340,5.270758,0.023981,0.014740,3.414641,-0.071942,-0.050920,-0.125764,-0.191589,9.525020,0.027697,-0.058589,-0.036219
28.702083,1007.148642,2.500389,0.000000,0.009380,2.669127,-0.023981,-0.001340,5.272292,0.023981,0.014740,3.414641,-0.047962,-0.050920,-0.162846,-0.057487,9.647154,0.083090,-0.056460,-0.030892
28.712117,1007.158122,2.500389,0.000000,0.009380,2.669127,0.000000,-0.002680,5.272292,0.023981,0.016080,3.416175,-0.023981,-0.050920,-0.255060,0.061116,9.478324,0.063916,-0.049002,-0.025566
28.722446,1007.167780,2.501923,0.000000,0.009380,2.667593,0.000000,-0.002680,5.272292,0.000000,0.016080,3.414641,0.000000,-0.049580,-0.319708,-0.301756,9.726223,0.025566,-0.054329,-0.033023
28.732341,1007.177482,2.501923,0.023981,0.009380,2.667593,0.000000,0.000000,5.272292,0.000000,0.016080,3.416175,0.000000,-0.049580,-0.426343,-0.384356,9.837566,0.050068,-0.052198,-0.037284
28.742366,1007.196335,2.501923,0.023981,0.008040,2.667593,0.000000,0.000000,5.273826,0.000000,0.014740,3.414641,0.000000,-0.049580,-0.502959,-0.785585,9.869841,-0.019174,-0.068176,-0.037284
28.752401,1007.205872,2.501923,0.023981,0.005360,2.664525,0.000000,0.000000,5.273826,0.000000,0.010720,3.416175,0.000000,-0.049580,-0.477845,-0.832280,9.766934,0.004260,-0.074569,-0.034088
28.762389,1007.215491,2.503457,0.023981,0.004020,2.662991,-0.023981,0.000000,5.273826,0.000000,0.006700,3.416175,0.000000,-0.049580,-0.358065,-0.813151,9.678252,0.014914,-0.089483,-0.031959
28.772403,1007.225220,2.504991,0.023981,0.001340,2.661457,-0.047962,0.000000,5.275360,0.000000,0.005360,3.414641,0.000000,-0.049580,-0.256237,-0.998756,9.628025,-0.040479,-0.106526,-0.034088
28.782370,1007.234642,2.504991,0.047962,0.000000,2.661457,-0.071942,0.000000,5.275360,0.023981,0.002680,3.416175,0.000000,-0.049580,-0.134103,-1.202314,9.608797,-0.056460,-0.119309,-0.035154
28.792363,1007.244338,2.506525,0.047962,0.000000,2.661457,-0.071942,0.000000,5.275360,0.023981,0.000000,3.414641,0.000000,-0.049580,0.034727,-1.360353,9.606442,-0.049002,-0.110788,-0.035154
28.802124,1007.253914,2.506525,0.047962,0.000000,2.661457,-0.071942,0.000000,5.276894,0.047962,0.000000,3.414641,0.000000,-0.049580,0.171283,-1.422646,9.651961,-0.008522,-0.091612,-0.033023
28.812343,1007.263361,2.508059,0.071942,-0.001340,2.661457,-0.071942,0.000000,5.278428,0.047962,0.000000,3.414641,0.000000,-0.049580,0.250253,-1.505246,9.861503,0.040479,-0.068176,-0.030892
28.822361,1007.272987,2.508059,0.071942,-0.001340,2.659923,-0.071942,0.000000,5.278428,0.047962,0.000000,3.414641,0.000000,-0.048240,0.316176,-1.326803,9.889069,0.089483,-0.049002,-0.028761
28.832360,1007.282577,2.509593,0.071942,-0.001340,2.659923,-0.047962,0.000000,5.279962,0.047962,0.000000,3.414641,0.000000,-0.048240,0.362872,-1.308850,9.788418,0.029828,-0.055393,-0.031959
28.842362,1007.291945,2.509593,0.071942,-0.001340,2.659923,-0.023981,0.000000,5.279962,0.047962,0.000000,3.414641,0.000000,-0.048240,0.290965,-1.586669,9.706995,-0.051133,-0.062851,-0.038350
28.852440,1007.301654,2.509593,0.071942,-0.001340,2.659923,-0.023981,0.000000,5.281496,0.047962,0.000000,3.414641,0.000000,-0.050920,0.175991,-1.475326,9.701011,0.020241,-0.066047,-0.037284
28.862584,1007.311161,2.511127,0.047962,0.000000,2.659923,-0.023981,0.000000,5.279962,0.047962,0.000000,3.414641,0.000000,-0.049580,0.077793,-1.166409,9.657945,0.090548,-0.060720,-0.036219
28.872218,1007.320706,2.511127,0.047962,0.000000,2.661457,-0.023981,-0.001340,5.281496,0.047962,0.000000,3.414641,0.000000,-0.049580,-0.035905,-1.146004,9.598006,0.033023,-0.066047,-0.040479
28.882475,1007.329967,2.509593,0.047962,0.000000,2.659923,0.000000,-0.001340,5.279962,0.047962,0.000000,3.414641,0.000000,-0.049580,-0.150878,-1.153166,9.589667,0.001065,-0.068176,-0.041546
28.892545,1007.339757,2.509593,0.023981,0.000000,2.661457,0.000000,-0.001340,5.279962,0.023981,0.001340,3.414641,0.000000,-0.049580,-0.238285,-0.912526,9.593297,0.070307,-0.052198,-0.034088
28.902381,1007.349389,2.509593,0.023981,0.000000,2.661457,0.000000,-0.001340,5.279962,0.023981,0.001340,3.414641,0.000000,-0.050920,-0.337660,-0.790392,9.721416,0.104395,-0.025566,-0.028761
28.912391,1007.358630,2.511127,0.000000,0.000000,2.664525,0.000000,-0.001340,5.279962,0.000000,0.001340,3.414641,0.000000,-0.050920,-0.440665,-0.657466,9.799209,0.102266,-0.018110,-0.027697
28.922210,1007.368333,2.509593,0.000000,0.000000,2.664525,0.023981,-0.001340,5.279962,0.000000,0.001340,3.414641,0.000000,-0.050920,-0.469409,-0.529348,9.778902,0.077765,-0.027697,-0.027697
28.932406,1007.377982,2.509593,0.000000,0.000000,2.664525,0.047962,-0.001340,5.279962,0.000000,0.001340,3.414641,0.000000,-0.050920,-0.399954,-0.366404,9.635186,0.040479,-0.043675,-0.030892
28.942060,1007.387236,2.511127,0.000000,0.056280,2.664525,0.047962,-0.058960,5.281496,0.000000,0.064320,3.414641,0.000000,-0.108540,-0.405938,-0.475393,9.691495,0.014914,-0.053264,-0.033023
28.952351,1007.406343,2.512661,0.000000,0.049580,2.659923,0.047962,-0.048240,5.283030,0.000000,0.057620,3.411573,0.000000,-0.105860,-0.221510,-0.290965,9.683059,0.044742,-0.064980,-0.034088
28.962616,1007.416095,2.520330,0.023981,0.049580,2.655321,0.000000,-0.048240,5.289166,0.023981,0.060300,3.405437,-0.023981,-0.104520,-0.191589,-0.426343,9.831582,0.005327,-0.063916,-0.036219
28.972842,1007.425693,2.528000,0.095923,0.048240,2.647651,-0.047962,-0.049580,5.296836,0.095923,0.062980,3.397767,-0.095923,-0.105860,-0.239462,-0.120957,9.895053,0.101199,-0.054329,-0.031959
28.982380,1007.435276,2.537204,0.191847,0.046900,2.639981,-0.167866,-0.049580,5.306040,0.167866,0.064320,3.388564,-0.191847,-0.105860,-0.350904,0.160492,9.905844,0.144876,-0.039415,-0.020241
28.992123,1007.444609,2.547942,0.311751,0.042880,2.627709,-0.287770,-0.052260,5.316777,0.311751,0.065660,3.379360,-0.311751,-0.104520,-0.456263,0.360419,9.831582,0.112918,-0.049002,-0.015978
29.002461,1007.454084,2.561748,0.479616,0.042880,2.613903,-0.455636,-0.052260,5.330583,0.455636,0.061640,3.365554,-0.455636,-0.103180,-0.524541,0.452633,9.780080,0.076698,-0.062851,-0.025566
29.012355,1007.463819,2.577088,0.647482,0.038860,2.597029,-0.647482,-0.050920,5.344389,0.623501,0.060300,3.350214,-0.647482,-0.101840,-0.577220,0.337660,9.833936,0.015978,-0.078830,-0.033023
29.022342,1007.473560,2.590894,0.839329,0.037520,2.581690,-0.815348,-0.052260,5.359729,0.791367,0.058960,3.334874,-0.815348,-0.103180,-0.613125,0.287433,9.958523,0.026632,-0.074569,-0.035154
29.032367,1007.483044,2.610835,1.007195,0.037520,2.563282,-1.007195,-0.050920,5.378137,0.983214,0.056280,3.316466,-1.007195,-0.101840,-0.631077,0.364049,9.965685,0.063916,-0.058589,-0.031959
29.042320,1007.492276,2.627709,1.199041,0.034840,2.544874,-1.199041,-0.050920,5.395010,1.151080,0.057620,3.299593,-1.175060,-0.097820,-0.599980,0.277819,9.971669,0.036219,-0.055393,-0.034088
29.052278,1007.501819,2.647651,1.342926,0.032160,2.524932,-1.342926,-0.048240,5.414952,1.294964,0.052260,3.281185,-1.318945,-0.091120,-0.588011,0.228769,9.935764,0.022370,-0.057524,-0.037284
29.062072,1007.511478,2.667593,1.486811,0.030820,2.506525,-1.486811,-0.046900,5.433360,1.438849,0.048240,3.261243,-1.462830,-0.088440,-0.447827,0.124587,9.842373,-0.002131,-0.058589,-0.038350
29.072332,1007.521162,2.687534,1.630696,0.033500,2.485049,-1.606715,-0.053600,5.453302,1.558754,0.052260,3.239767,-1.606715,-0.095140,-0.408390,-0.014323,9.732207,-0.017045,-0.054329,-0.039415
29.082324,1007.530536,2.709010,1.750600,0.032160,2.462039,-1.750600,-0.052260,5.476311,1.678658,0.053600,3.218292,-1.726619,-0.093800,-0.343644,-0.180798,9.720140,-0.021305,-0.059655,-0.038350
29.092326,1007.540119,2.732020,1.846523,0.030820,2.440563,-1.846523,-0.054940,5.499321,1.798562,0.049580,3.193748,-1.822543,-0.092460,-0.244269,-0.258690,9.580054,-0.029828,-0.062851,-0.038350
29.102332,1007.549796,2.756563,1.942447,0.028140,2.416020,-1.942447,-0.054940,5.522331,1.894485,0.042880,3.170738,-1.942447,-0.084420,-0.237108,-0.470586,9.680704,-0.023436,-0.066047,-0.034088
29.112782,1007.559429,2.782641,2.038370,0.024120,2.388408,-2.038370,-0.056280,5.549942,2.014389,0.041540,3.144661,-2.038370,-0.075040,-0.241915,-0.475393,9.759675,0.034088,-0.062851,-0.028761
29.122337,1007.568833,2.808719,2.134293,0.021440,2.365398,-2.134293,-0.054940,5.574486,2.110313,0.038860,3.120117,-2.134293,-0.075040,-0.211994,-0.348451,9.746529,0.071373,-0.062851,-0.027697
29.132406,1007.578430,2.834796,2.230217,0.017420,2.337787,-2.230217,-0.053600,5.602098,2.206236,0.034840,3.092505,-2.230217,-0.069680,-0.198751,-0.283803,9.598006,0.038350,-0.070307,-0.035154
29.142353,1007.588121,2.860874,2.326140,0.014740,2.310175,-2.326140,-0.053600,5.628176,2.302159,0.032160,3.066428,-2.326140,-0.067000,-0.225140,-0.384356,9.532181,-0.015978,-0.103330,-0.043675
29.152343,1007.597536,2.890020,2.422063,0.012060,2.285631,-2.398082,-0.054940,5.654253,2.398082,0.030820,3.037282,-2.422063,-0.062980,-0.295772,-0.713677,9.603990,-0.072438,-0.113984,-0.040479
29.162484,1007.616486,2.917631,2.494006,0.010720,2.258020,-2.470025,-0.053600,5.684933,2.470025,0.026800,3.011204,-2.494006,-0.053600,-0.421536,-0.863378,9.819614,0.038350,-0.067111,-0.046871
29.172375,1007.626288,2.946777,2.565948,0.008040,2.228874,-2.541967,-0.052260,5.714078,2.565948,0.025460,2.980525,-2.589929,-0.052260,-0.433504,-0.722114,9.590845,0.037284,-0.047937,-0.042610
29.182070,1007.635631,2.972855,2.637891,0.004020,2.199728,-2.613910,-0.052260,5.740156,2.613910,0.021440,2.954447,-2.637891,-0.056280,-0.398777,-1.048983,9.599281,-0.025566,-0.059655,-0.042610
29.192364,1007.645105,3.005068,2.685852,0.004020,2.170583,-2.661871,-0.049580,5.773904,2.685852,0.018760,2.923767,-2.709833,-0.057620,-0.149701,-1.047806,9.988444,0.058589,-0.056460,-0.029828
29.202362,1007.654854,3.034214,2.757795,0.004020,2.142971,-2.709833,-0.048240,5.801515,2.757795,0.017420,2.896156,-2.757795,-0.053600,-0.111344,-0.683757,9.825598,0.133158,-0.039415,-0.022370
29.212396,1007.664220,3.063360,2.805756,0.002680,2.112292,-2.757795,-0.046900,5.832195,2.805756,0.018760,2.867010,-2.781776,-0.042880,0.022759,-0.938817,9.814807,-0.018110,-0.044742,-0.025566
29.222371,1007.673728,3.092505,2.829737,0.002680,2.083146,-2.805756,-0.044220,5.859807,2.829737,0.018760,2.836330,-2.805756,-0.045560,0.178444,-0.973544,9.718963,-0.031959,-0.050068,-0.022370
29.232332,1007.683431,3.121651,2.853718,0.001340,2.054000,-2.853718,-0.040200,5.890486,2.877699,0.018760,2.807185,-2.853718,-0.044220,0.173637,-1.019063,9.915359,0.034088,-0.052198,-0.018110
29.242351,1007.693096,3.150797,2.877699,0.004020,2.024855,-2.877699,-0.038860,5.919632,2.901680,0.018760,2.778039,-2.877699,-0.037520,0.264674,-1.221443,10.144129,0.045806,-0.043675,-0.019174
29.252447,1007.702729,3.181476,2.877699,0.004020,1.994175,-2.901680,-0.040200,5.950311,2.925661,0.017420,2.747360,-2.901680,-0.038860,0.088584,-1.050259,9.962055,0.075634,-0.040479,-0.024501
29.262430,1007.712050,3.210622,2.901680,0.005360,1.963495,-2.925661,-0.038860,5.980991,2.925661,0.018760,2.718214,-2.901680,-0.034840,0.013145,-0.929301,9.702188,0.021305,-0.055393,-0.030892
29.272377,1007.721706,3.239767,2.925661,0.005360,1.934350,-2.949641,-0.042880,6.010137,2.949641,0.018760,2.687534,-2.925661,-0.034840,-0.103005,-1.034661,9.049627,-0.090548,-0.084156,-0.041546
29.282233,1007.731082,3.268913,2.925661,0.005360,1.906738,-2.949641,-0.042880,6.039282,2.949641,0.018760,2.658389,-2.925661,-0.045560,-0.189235,-1.076549,8.854408,-0.107593,-0.092679,-0.054329
29.292304,1007.740709,3.298059,2.925661,0.006700,1.876059,-2.949641,-0.042880,6.071496,2.949641,0.018760,2.627709,-2.949641,-0.044220,-0.301756,-1.346030,9.278298,0.055393,-0.044742,-0.029828
29.302095,1007.750325,3.328738,2.925661,0.006700,1.846913,-2.949641,-0.045560,6.099108,2.973622,0.016080,2.597029,-2.949641,-0.042880,-0.487361,-0.958045,9.548956,0.206661,-0.014914,-0.031959
29.312269,1007.760028,3.357884,2.925661,0.008040,1.816233,-2.949641,-0.045560,6.129787,2.973622,0.016080,2.567884,-2.949641,-0.050920,-0.457440,-0.741244,10.005219,0.236489,0.012783,-0.031959
29.322275,1007.769610,3.388564,2.925661,0.006700,1.787088,-2.949641,-0.044220,6.160467,2.973622,0.018760,2.538738,-2.949641,-0.045560,-0.372388,-0.536509,10.081835,0.183225,-0.008522,-0.026632
29.332294,1007.779042,3.417709,2.925661,0.006700,1.756408,-2.949641,-0.046900,6.189612,2.973622,0.018760,2.508059,-2.949641,-0.045560,-0.411922,-0.560445,9.863857,0.012783,-0.054329,-0.031959
29.342308,1007.788326,3.448389,2.925661,0.006700,1.727262,-2.949641,-0.048240,6.221826,2.973622,0.018760,2.478913,-2.949641,-0.050920,-0.240737,-0.459795,9.623218,-0.049002,-0.090548,-0.034088
29.352342,1007.797994,3.477534,2.949641,0.006700,1.698117,-2.973622,-0.045560,6.250972,2.973622,0.021440,2.449767,-2.949641,-0.045560,-0.259867,-0.790392,9.881809,-0.005327,-0.075634,-0.025566
29.362433,1007.817159,3.508214,2.949641,0.006700,1.667437,-2.973622,-0.045560,6.283185,2.973622,0.021440,2.420622,-2.949641,-0.044220,-0.251430,-0.429874,10.025526,0.104395,-0.044742,-0.020241
29.372459,1007.826680,3.537360,2.949641,0.005360,1.636758,-2.973622,-0.045560,6.313865,2.973622,0.021440,2.389942,-2.949641,-0.042880,-0.229946,-0.326967,9.605265,-0.025566,-0.085221,-0.035154
29.382499,1007.836433,3.568039,2.949641,0.004020,1.609146,-2.997603,-0.044220,6.343011,2.973622,0.018760,2.359262,-2.949641,-0.038860,-0.156862,-0.756842,9.089063,-0.187487,-0.152332,-0.047937
29.392503,1007.845764,3.598719,2.973622,0.004020,1.578466,-2.997603,-0.045560,6.373690,2.973622,0.017420,2.330117,-2.949641,-0.040200,-0.037082,-0.871815,8.915426,-0.172573,-0.169377,-0.055393
29.402555,1007.855157,3.627865,2.973622,0.002680,1.547787,-2.997603,-0.044220,6.402836,2.973622,0.016080,2.299437,-2.949641,-0.036180,-0.059841,-1.234588,9.322639,-0.020241,-0.102266,-0.037284
29.412070,1007.865009,3.658544,2.973622,0.001340,1.520175,-2.997603,-0.042880,6.431981,2.973622,0.012060,2.270292,-2.973622,-0.036180,-0.250253,-1.199861,9.724947,0.165115,-0.014914,-0.013849
29.422092,1007.874379,3.690758,2.997603,0.000000,1.489495,-2.997603,-0.041540,6.462661,2.973622,0.010720,2.241146,-2.973622,-0.041540,-0.135280,-0.858571,9.824323,0.231162,0.034088,-0.026632
29.432141,1007.883988,3.721437,3.021584,0.000000,1.460350,-3.021584,-0.040200,6.493341,2.973622,0.010720,2.208932,-2.997603,-0.034840,-0.106537,-0.665805,10.001589,0.176833,-0.011718,-0.020241
29.442182,1007.893644,3.753651,3.045565,0.000000,1.429670,-3.021584,-0.038860,6.522486,2.973622,0.009380,2.178253,-2.997603,-0.036180,-0.130571,-0.880153,9.910553,-0.033023,-0.103330,-0.038350
29.452211,1007.903271,3.779729,3.045565,0.000000,1.398990,-3.021584,-0.038860,6.553166,2.997603,0.009380,2.149107,-2.997603,-0.034840,-0.085053,-1.129229,9.571715,-0.128898,-0.135289,-0.043675
29.462591,1007.912539,3.807340,3.021584,0.000000,1.366777,-3.021584,-0.037520,6.583846,2.997603,0.010720,2.116893,-3.021584,-0.037520,0.190412,-1.324448,9.918989,-0.049002,-0.142745,-0.037284
29.472266,1007.922130,3.838020,2.997603,0.001340,1.336097,-3.021584,-0.037520,6.612991,2.997603,0.010720,2.087748,-3.021584,-0.036180,0.074262,-1.495731,10.369268,0.078830,-0.069242,-0.021305
29.482303,1007.931835,3.868700,2.997603,0.002680,1.306952,-3.045565,-0.037520,6.643671,2.997603,0.013400,2.057068,-3.021584,-0.030820,0.034727,-0.292240,9.716609,0.203465,-0.049002,-0.017045
29.492323,1007.941165,3.899379,2.973622,0.002680,1.276272,-3.069545,-0.037520,6.672816,2.997603,0.013400,2.027923,-3.021584,-0.034840,-0.017952,-1.196330,9.806370,-0.110788,-0.082025,-0.034088
29.502383,1007.950870,3.930059,2.949641,0.002680,1.244058,-3.069545,-0.037520,6.703496,2.973622,0.013400,1.995709,-3.021584,-0.032160,0.104182,-0.640691,8.947799,-0.119309,-0.134223,-0.039415
29.512465,1007.960578,3.959204,2.949641,0.002680,1.214913,-3.069545,-0.037520,6.735710,2.973622,0.013400,1.965029,-3.021584,-0.038860,-0.046696,-1.116084,9.008817,-0.105462,-0.144876,-0.042610
29.522179,1007.969994,3.988350,2.949641,0.002680,1.185767,-3.069545,-0.036180,6.764855,2.973622,0.013400,1.934350,-3.021584,-0.036180,-0.140087,-1.529183,9.498631,-0.030892,-0.080961,-0.034088
29.532263,1007.979595,4.019030,2.973622,0.004020,1.155088,-3.069545,-0.036180,6.792467,2.973622,0.012060,1.906738,-3.021584,-0.036180,-0.172460,-0.937640,9.778902,0.262054,0.006391,-0.012783
29.542192,1007.988967,4.049709,2.973622,0.004020,1.124408,-3.069545,-0.038860,6.824681,2.973622,0.012060,1.876059,-3.021584,-0.040200,-0.155685,-0.954415,10.382414,0.248207,0.034088,-0.009587
29.552261,1007.998611,4.077321,2.973622,0.005360,1.096796,-3.045565,-0.040200,6.855360,2.973622,0.012060,1.846913,-2.997603,-0.037520,-0.174814,-0.775971,10.182388,0.109722,-0.011718,-0.019174
29.562347,1008.007990,4.108001,2.973622,0.005360,1.064583,-3.045565,-0.038860,6.884506,2.973622,0.012060,1.816233,-2.997603,-0.041540,-0.088584,-1.124422,10.127354,-0.052198,-0.075634,-0.030892
29.572368,1008.027121,4.137146,2.973622,0.006700,1.035437,-3.021584,-0.040200,6.915185,2.973622,0.012060,1.785554,-2.997603,-0.041540,-0.027566,-0.835910,9.539342,-0.052198,-0.133158,-0.037284
29.582232,1008.036706,4.167826,2.973622,0.006700,1.009359,-2.997603,-0.040200,6.944331,2.973622,0.012060,1.756408,-2.997603,-0.037520,0.040712,-1.054967,9.588490,-0.052198,-0.098004,-0.041546
29.592324,1008.046153,4.198505,2.973622,0.008040,0.980214,-2.973622,-0.040200,6.975011,2.973622,0.017420,1.727262,-2.997603,-0.042880,-0.034727,-0.767633,9.423192,0.057524,-0.064980,-0.049002
29.602340,1008.055973,4.229185,2.973622,0.008040,0.951068,-2.973622,-0.040200,7.004156,2.973622,0.018760,1.698117,-2.973622,-0.044220,-0.124587,-0.616755,9.598006,0.119309,-0.045806,-0.037284
29.612559,1008.065458,4.258331,2.973622,0.009380,0.923456,-2.949641,-0.042880,7.037904,2.973622,0.016080,1.667437,-2.973622,-0.041540,-0.186782,-0.655014,9.290266,0.002131,-0.069242,-0.045806
29.622052,1008.074834,4.285942,2.973622,0.009380,0.895845,-2.925661,-0.042880,7.063982,2.973622,0.016080,1.639825,-2.973622,-0.042880,-0.195219,-1.168763,9.322639,-0.106526,-0.103330,-0.055393
29.632179,1008.084606,4.318156,2.973622,0.009380,0.866699,-2.901680,-0.041540,7.094661,2.973622,0.016080,1.610680,-2.973622,-0.049580,-0.103005,-1.034661,9.466356,0.039415,-0.080961,-0.041546
29.642318,1008.093910,4.347302,2.973622,0.008040,0.836020,-2.901680,-0.041540,7.123807,2.973622,0.016080,1.580000,-2.973622,-0.046900,-0.252706,-1.051436,10.013558,0.164050,-0.031959,-0.028761
29.652356,1008.103641,4.377981,2.973622,0.008040,0.803806,-2.901680,-0.041540,7.157554,2.973622,0.017420,1.550855,-2.973622,-0.056280,-0.259867,-0.880153,10.542905,0.204530,0.004260,-0.019174
29.662141,1008.113081,4.407127,2.973622,0.009380,0.776194,-2.901680,-0.040200,7.185166,2.973622,0.017420,1.523243,-2.973622,-0.056280,-0.234753,-0.444295,10.253118,0.143810,-0.020241,-0.020241
29.672327,1008.122563,4.437806,2.973622,0.009380,0.747049,-2.901680,-0.040200,7.214312,2.973622,0.017420,1.491029,-2.973622,-0.046900,-0.251430,-0.914881,9.892600,-0.111853,-0.062851,-0.033023
29.682303,1008.132103,4.466952,2.973622,0.009380,0.717903,-2.925661,-0.041540,7.244991,2.973622,0.014740,1.461884,-2.973622,-0.048240,-0.167653,-0.713677,9.321462,-0.103330,-0.124636,-0.038350
29.692197,1008.141776,4.496098,2.973622,0.008040,0.687223,-2.949641,-0.038860,7.275671,2.973622,0.014740,1.431204,-2.973622,-0.050920,-0.161669,-0.919687,9.419660,-0.043675,-0.135289,-0.033023
29.702306,1008.151595,4.525243,2.973622,0.008040,0.656544,-2.973622,-0.038860,7.304817,2.997603,0.017420,1.402058,-2.973622,-0.048240,-0.082600,-0.894574,9.443596,-0.011718,-0.098004,-0.037284
29.713347,1008.160865,4.558991,2.973622,0.008040,0.624330,-2.973622,-0.038860,7.338564,2.997603,0.016080,1.368311,-2.973622,-0.048240,0.064648,-0.923317,9.668736,0.067111,-0.068176,-0.039415
29.722289,1008.170446,4.586603,2.973622,0.009380,0.598253,-2.949641,-0.038860,7.367710,2.973622,0.014740,1.340699,-2.973622,-0.045560,-0.003630,-0.744873,9.975299,0.148072,-0.034088,-0.033023
29.732299,1008.179910,4.615748,2.973622,0.009380,0.569107,-2.949641,-0.040200,7.398389,2.997603,0.013400,1.313088,-2.973622,-0.042880,0.005984,-0.500604,9.540519,0.076698,-0.047937,-0.038350
29.742297,1008.189537,4.646428,2.973622,0.008040,0.539961,-2.949641,-0.041540,7.426001,2.997603,0.010720,1.282408,-2.973622,-0.052260,-0.074262,-1.266961,9.406417,-0.150203,-0.072438,-0.046871
29.752295,1008.199097,4.677107,2.973622,0.008040,0.510816,-2.949641,-0.038860,7.456681,2.997603,0.010720,1.253262,-2.997603,-0.050920,-0.050325,-1.269316,9.541795,-0.022370,-0.092679,-0.042610
29.762558,1008.208644,4.707787,2.973622,0.008040,0.480136,-2.949641,-0.040200,7.488894,2.997603,0.009380,1.222583,-2.997603,-0.046900,-0.070632,-1.168763,9.890246,0.147007,-0.078830,-0.037284
29.772340,1008.218130,4.736933,2.973622,0.008040,0.452524,-2.949641,-0.040200,7.518040,3.021584,0.010720,1.193437,-2.997603,-0.050920,-0.068278,-1.059774,10.196808,0.127831,-0.060720,-0.049002
29.782496,1008.227741,4.764544,2.973622,0.008040,0.420311,-2.949641,-0.041540,7.550253,3.021584,0.012060,1.162757,-2.997603,-0.053600,-0.058664,-0.749680,10.030333,0.116113,-0.031959,-0.028761
29.792287,1008.237487,4.793690,2.973622,0.008040,0.392699,-2.949641,-0.042880,7.577865,3.045565,0.010720,1.133612,-2.997603,-0.052260,-0.093391,-0.837087,9.590845,-0.023436,-0.040479,-0.030892
29.802363,1008.256510,4.825904,2.997603,0.008040,0.362019,-2.949641,-0.044220,7.608545,3.045565,0.010720,1.106000,-2.973622,-0.053600,-0.210719,-0.996304,9.459096,0.036219,-0.084156,-0.042610
29.812267,1008.266184,4.855049,2.997603,0.009380,0.332874,-2.949641,-0.044220,7.639224,3.045565,0.010720,1.076855,-2.973622,-0.052260,-0.130571,-0.960399,9.769289,0.116113,-0.064980,-0.034088
29.822310,1008.275632,4.885729,2.997603,0.009380,0.302194,-2.949641,-0.044220,7.669904,3.021584,0.012060,1.047709,-2.973622,-0.045560,-0.004807,-0.846603,9.939296,0.115049,-0.037284,-0.036219
29.832317,1008.285161,4.914874,2.997603,0.009380,0.273049,-2.973622,-0.041540,7.699050,3.021584,0.014740,1.018563,-2.949641,-0.050920,-0.061116,-0.543670,9.587215,0.082025,-0.040479,-0.034088
29.842282,1008.294681,4.944020,2.997603,0.009380,0.243903,-2.973622,-0.044220,7.728195,3.021584,0.013400,0.987884,-2.949641,-0.056280,-0.100553,-0.764003,9.515406,-0.027697,-0.052198,-0.041546
29.852380,1008.304031,4.974700,2.997603,0.012060,0.211689,-2.973622,-0.045560,7.757341,3.021584,0.010720,0.958738,-2.949641,-0.048240,-0.142539,-0.801183,9.395626,-0.004260,-0.061785,-0.039415
29.862436,1008.313713,5.002311,2.997603,0.012060,0.181010,-2.973622,-0.046900,7.789554,2.997603,0.010720,0.928058,-2.949641,-0.050920,-0.085053,-0.887315,9.714156,0.038350,-0.067111,-0.036219
29.872309,1008.323220,5.031457,2.997603,0.012060,0.153398,-2.973622,-0.045560,7.817166,2.997603,0.012060,0.898913,-2.949641,-0.052260,-0.153330,-0.674241,9.837566,0.093743,-0.060720,-0.033023
29.882305,1008.332993,5.060603,2.973622,0.012060,0.124252,-2.973622,-0.045560,7.846312,2.997603,0.013400,0.868233,-2.949641,-0.048240,-0.075439,-0.884960,9.905844,0.025566,-0.040479,-0.031959
29.892524,1008.342289,5.091282,2.973622,0.012060,0.092039,-2.973622,-0.045560,7.878525,2.997603,0.012060,0.837554,-2.949641,-0.052260,-0.122134,-0.756842,9.799209,0.066047,-0.014914,-0.026632
29.902308,1008.351912,5.120428,2.973622,0.012060,0.064427,-2.973622,-0.045560,7.907671,2.997603,0.010720,0.808408,-2.949641,-0.049580,-0.159314,-0.554461,9.675897,0.089483,-0.021305,-0.019174
29.912455,1008.361558,5.149574,2.973622,0.012060,0.032214,-2.973622,-0.044220,7.939885,2.997603,0.010720,0.779262,-2.973622,-0.042880,-0.208364,-0.811876,9.544149,-0.018110,-0.049002,-0.028761
29.922117,1008.370856,5.178719,2.973622,0.010720,0.004602,-2.973622,-0.046900,7.969030,3.021584,0.012060,0.748583,-2.973622,-0.050920,-0.251430,-0.989142,9.528551,-0.067111,-0.066047,-0.035154
29.932155,1008.380557,5.207865,2.949641,-0.046900,-0.027612,-2.973622,0.014740,7.998176,3.021584,-0.045560,0.722505,-2.973622,0.006700,-0.220333,-1.304043,10.123724,0.061785,-0.057524,-0.027697
29.942371,1008.390241,5.235476,2.949641,-0.034840,-0.053689,-2.973622,0.001340,8.022720,2.997603,-0.036180,0.694893,-2.973622,0.002680,-0.160492,-0.696902,10.229083,0.188551,-0.046871,-0.026632
29.952274,1008.399610,5.258486,2.901680,-0.034840,-0.079767,-2.925661,0.002680,8.047263,2.949641,-0.037520,0.671884,-2.925661,0.000000,-0.031098,-0.734082,9.760950,0.039415,-0.059655,-0.033023
29.962401,1008.409102,5.278428,2.829737,-0.034840,-0.102777,-2.877699,0.006700,8.067205,2.877699,-0.038860,0.650408,-2.853718,-0.001340,0.047873,-1.389096,9.412401,-0.171508,-0.084156,-0.046871
29.972327,1008.418727,5.298370,2.709833,-0.034840,-0.121184,-2.781776,0.009380,8.085613,2.781776,-0.040200,0.632000,-2.733814,-0.001340,0.103005,-1.379580,8.768178,-0.144876,-0.108657,-0.054329
29.982334,1008.428413,5.315243,2.589929,-0.034840,-0.136524,-2.637891,0.010720,8.099419,2.613910,-0.038860,0.615126,-2.589929,-0.002680,0.183251,-2.179488,9.065127,-0.153399,-0.089483,-0.051133
29.992411,1008.437729,5.329049,2.422063,-0.032160,-0.148796,-2.470025,0.012060,8.113224,2.422063,-0.037520,0.601320,-2.398082,0.000000,0.196396,-2.587780,9.922521,0.031959,-0.061785,-0.042610
30.002309,1008.447348,5.341321,2.206236,-0.028140,-0.161068,-2.230217,0.012060,8.125496,2.206236,-0.034840,0.589049,-2.206236,-0.001340,0.318531,-2.333995,10.083012,0.147007,-0.051133,-0.030892
30.012357,1008.466432,5.350525,1.990408,-0.025460,-0.170272,-1.990408,0.012060,8.136234,1.966428,-0.034840,0.578311,-1.990408,-0.001340,0.501781,-2.778192,9.522567,-0.105462,-0.077765,-0.055393
30.022539,1008.476054,5.358195,1.774581,-0.022780,-0.181010,-1.726619,0.010720,8.143904,1.726619,-0.033500,0.567573,-1.774581,-0.001340,0.534056,-2.718351,9.250732,-0.046871,-0.077765,-0.052198
30.032367,1008.485497,5.365865,1.558754,-0.020100,-0.187146,-1.534773,0.009380,8.151574,1.510792,-0.032160,0.559903,-1.582734,-0.002680,0.480200,-2.569828,9.348930,0.070307,-0.062851,-0.040479
30.042478,1008.495224,5.372001,1.342926,-0.016080,-0.193282,-1.294964,0.009380,8.159244,1.318945,-0.030820,0.552233,-1.390888,-0.005360,0.513750,-2.166342,9.406417,0.121440,-0.064980,-0.040479
30.052287,1008.504836,5.375069,1.151080,-0.012060,-0.199418,-1.127099,0.009380,8.165380,1.151080,-0.029480,0.546097,-1.223022,-0.010720,0.464602,-2.533923,9.606442,0.015978,-0.070307,-0.045806
30.062055,1008.514307,5.376603,0.983214,-0.009380,-0.204019,-0.983214,0.009380,8.168448,0.983214,-0.026800,0.541495,-1.079137,-0.014740,0.358065,-2.391384,9.683059,0.051133,-0.076698,-0.051133
30.072285,1008.523904,5.379671,0.791367,-0.004020,-0.207087,-0.839329,0.008040,8.171516,0.863310,-0.025460,0.536893,-0.935252,-0.022780,0.434681,-1.822600,9.520213,0.104395,-0.086286,-0.053264
30.082350,1008.533325,5.382739,0.647482,-0.001340,-0.211689,-0.719425,0.008040,8.176118,0.743406,-0.020100,0.533825,-0.791367,-0.028140,0.322160,-1.741177,9.528551,0.047937,-0.089483,-0.056460
30.092041,1008.542894,5.384273,0.527578,0.000000,-0.213223,-0.623501,0.008040,8.177652,0.623501,-0.017420,0.532291,-0.671463,-0.036180,0.443118,-1.935219,9.988444,0.056460,-0.086286,-0.059655
30.102077,1008.552361,5.387341,0.431655,0.000000,-0.214757,-0.527578,0.006700,8.180720,0.527578,-0.014740,0.530757,-0.575540,-0.041540,0.095844,-1.548410,9.711802,0.107593,-0.051133,-0.046871
30.112209,1008.561921,5.388875,0.335732,0.000000,-0.217825,-0.431655,0.006700,8.182254,0.431655,-0.013400,0.529223,-0.455636,-0.046900,-0.082600,-1.397533,10.345332,0.171508,-0.023436,-0.029828
30.122083,1008.571432,5.390408,0.287770,0.000000,-0.217825,-0.359712,0.005360,8.182254,0.359712,-0.009380,0.529223,-0.359712,-0.056280,-0.256237,-0.894574,9.746529,0.119309,-0.028761,-0.011718
30.132096,1008.581013,5.391942,0.239808,0.000000,-0.219359,-0.287770,0.004020,8.182254,0.287770,-0.005360,0.529223,-0.287770,-0.058960,-0.459795,-1.108922,9.590845,-0.035154,-0.058589,-0.026632
30.142316,1008.590800,5.391942,0.215827,0.001340,-0.217825,-0.239808,0.000000,8.180720,0.215827,-0.001340,0.529223,-0.215827,-0.058960,-0.446649,-0.826296,9.381303,0.005327,-0.069242,-0.020241
30.152299,1008.600336,5.393476,0.191847,0.001340,-0.217825,-0.167866,0.000000,8.180720,0.143885,0.000000,0.529223,-0.143885,-0.058960,-0.421536,-0.598802,9.447128,0.070307,-0.082025,-0.010653
30.162273,1008.609632,5.395010,0.167866,0.002680,-0.217825,-0.119904,0.000000,8.180720,0.095923,0.001340,0.529223,-0.095923,-0.058960,-0.387986,-0.557993,9.480678,0.037284,-0.073503,-0.006391
30.172243,1008.619166,5.395010,0.143885,0.004020,-0.216291,-0.071942,-0.001340,8.180720,0.047962,0.004020,0.529223,-0.047962,-0.058960,-0.268205,-0.498152,9.782434,0.066047,-0.070307,-0.008522
30.182147,1008.628715,5.395010,0.119904,0.005360,-0.214757,-0.023981,-0.001340,8.180720,0.000000,0.005360,0.529223,-0.023981,-0.058960,-0.267028,-0.340113,9.795677,0.094808,-0.055393,-0.011718
30.192318,1008.638276,5.396544,0.095923,0.005360,-0.216291,0.000000,-0.001340,8.180720,0.000000,0.005360,0.529223,0.000000,-0.058960,-0.243092,-0.055132,9.729754,0.107593,-0.042610,-0.041546
30.202073,1008.647945,5.396544,0.095923,0.005360,-0.214757,0.000000,-0.002680,8.180720,0.000000,0.005360,0.529223,0.000000,-0.057620,-0.255060,-0.016775,9.805193,0.113984,-0.036219,-0.051133
30.212420,1008.667054,5.396544,0.071942,0.005360,-0.216291,0.000000,-0.002680,8.179186,0.000000,0.005360,0.529223,0.000000,-0.057620,-0.247899,-0.213171,9.744175,-0.013849,-0.060720,-0.050068
30.222265,1008.676728,5.398078,0.047962,0.005360,-0.217825,0.000000,-0.002680,8.180720,0.000000,0.005360,0.529223,0.000000,-0.057620,-0.181976,-0.268205,9.764482,0.018110,-0.075634,-0.052198
30.232243,1008.686182,5.398078,0.047962,0.005360,-0.217825,0.000000,-0.002680,8.180720,0.000000,0.005360,0.529223,0.000000,-0.057620,-0.126941,-0.603511,9.905844,-0.001065,-0.073503,-0.050068
30.242149,1008.695569,5.398078,0.047962,0.002680,-0.217825,0.000000,0.000000,8.180720,0.000000,0.004020,0.529223,0.000000,-0.057620,-0.095844,-0.544847,9.698657,-0.003196,-0.074569,-0.045806
30.252162,1008.705416,5.398078,0.023981,0.001340,-0.219359,-0.023981,0.000000,8.182254,0.000000,0.000000,0.529223,0.000000,-0.057620,-0.100553,-0.798730,9.650686,-0.026632,-0.067111,-0.042610
30.262550,1008.714974,5.399612,0.023981,0.000000,-0.220893,-0.023981,0.000000,8.182254,0.000000,0.000000,0.529223,0.000000,-0.057620,-0.110166,-1.004740,9.592022,-0.008522,-0.061785,-0.038350
30.272320,1008.724276,5.399612,0.023981,0.000000,-0.222427,-0.047962,0.000000,8.185321,0.023981,0.000000,0.529223,0.000000,-0.057620,-0.140087,-1.214282,9.667461,-0.010653,-0.064980,-0.035154
30.282233,1008.734045,5.401146,0.047962,0.000000,-0.223961,-0.071942,0.000000,8.185321,0.023981,-0.001340,0.529223,0.000000,-0.057620,-0.087407,-1.399887,9.877100,0.014914,-0.066047,-0.033023
30.292267,1008.743339,5.401146,0.047962,0.000000,-0.225495,-0.095923,0.000000,8.186855,0.047962,-0.002680,0.529223,0.000000,-0.057620,-0.070632,-1.323271,9.953717,0.041546,-0.068176,-0.033023
30.302294,1008.752902,5.401146,0.047962,0.000000,-0.225495,-0.095923,0.000000,8.188389,0.071942,-0.004020,0.529223,0.000000,-0.057620,-0.011968,-1.432260,9.885439,0.012783,-0.067111,-0.036219
30.312320,1008.762415,5.402680,0.047962,0.000000,-0.227029,-0.095923,0.000000,8.188389,0.095923,-0.004020,0.527689,0.000000,-0.057620,0.020405,-1.411855,9.614781,-0.018110,-0.070307,-0.042610
30.322256,1008.772239,5.402680,0.047962,0.000000,-0.227029,-0.095923,-0.001340,8.189923,0.095923,-0.008040,0.527689,0.000000,-0.056280,0.016775,-1.547135,9.615958,-0.007456,-0.061785,-0.045806
30.332266,1008.781801,5.402680,0.047962,0.000000,-0.227029,-0.095923,-0.001340,8.189923,0.095923,-0.005360,0.529223,0.000000,-0.057620,0.039534,-1.283737,9.539342,0.053264,-0.061785,-0.044742
30.342269,1008.791198,5.402680,0.023981,0.000000,-0.227029,-0.071942,-0.001340,8.189923,0.095923,-0.005360,0.527689,0.000000,-0.057620,0.044341,-1.434614,9.642347,0.025566,-0.059655,-0.046871
30.352254,1008.800630,5.404214,0.023981,0.000000,-0.225495,-0.047962,-0.001340,8.189923,0.071942,-0.005360,0.527689,0.000000,-0.057620,0.049050,-1.210652,9.601636,0.047937,-0.062851,-0.044742
30.362809,1008.810334,5.404214,0.023981,0.000000,-0.225495,-0.023981,-0.001340,8.188389,0.047962,-0.005360,0.529223,0.000000,-0.057620,0.022759,-1.135213,9.769289,0.076698,-0.059655,-0.036219
30.372357,1008.820025,5.404214,0.023981,0.000000,-0.223961,0.000000,-0.001340,8.186855,0.023981,-0.005360,0.527689,0.000000,-0.057620,-0.011968,-0.810698,9.799209,0.096939,-0.058589,-0.029828
30.382276,1008.829327,5.402680,0.023981,0.000000,-0.223961,0.000000,-0.001340,8.186855,0.000000,-0.005360,0.527689,0.000000,-0.057620,-0.065825,-0.707693,9.786064,0.069242,-0.057524,-0.026632
30.392304,1008.838775,5.404214,0.023981,0.000000,-0.223961,0.023981,-0.002680,8.185321,-0.023981,-0.004020,0.529223,0.000000,-0.057620,-0.124587,-0.706516,9.716609,0.022370,-0.059655,-0.024501
30.402749,1008.848506,5.404214,0.000000,0.000000,-0.223961,0.023981,-0.002680,8.185321,-0.023981,0.000000,0.527689,0.000000,-0.057620,-0.161669,-0.773617,9.849534,0.024501,-0.062851,-0.021305
30.412255,1008.858042,5.404214,0.000000,0.000000,-0.223961,0.023981,-0.002680,8.185321,-0.047962,0.000000,0.527689,0.000000,-0.056280,-0.222785,-0.475393,9.815984,0.071373,-0.062851,-0.019174
30.422381,1008.877093,5.402680,0.000000,0.000000,-0.222427,0.047962,-0.002680,8.185321,-0.047962,0.000000,0.529223,0.000000,-0.056280,-0.289787,-0.435858,9.645977,0.012783,-0.064980,-0.030892
30.432287,1008.886669,5.404214,0.000000,0.000000,-0.220893,0.047962,-0.002680,8.185321,-0.047962,0.000000,0.527689,0.000000,-0.056280,-0.314901,-0.347274,9.455565,0.015978,-0.074569,-0.037284
30.442836,1008.896149,5.402680,0.000000,0.000000,-0.220893,0.047962,-0.002680,8.185321,-0.023981,0.000000,0.527689,0.000000,-0.056280,-0.311369,-0.634707,9.602813,-0.001065,-0.064980,-0.041546
30.452317,1008.905949,5.402680,0.000000,0.000000,-0.220893,0.047962,-0.002680,8.185321,-0.023981,0.000000,0.527689,0.000000,-0.056280,-0.264674,-0.485006,9.679429,0.066047,-0.061785,-0.041546
30.462348,1008.915303,5.402680,0.000000,0.000000,-0.220893,0.047962,-0.002680,8.185321,0.000000,0.000000,0.527689,0.000000,-0.056280,-0.238285,-0.792746,9.886616,0.025566,-0.058589,-0.042610
30.472352,1008.924918,5.404214,0.000000,0.000000,-0.220893,0.023981,-0.002680,8.185321,0.000000,0.000000,0.527689,0.000000,-0.056280,-0.171283,-0.807167,9.856696,0.009587,-0.069242,-0.043675
30.482566,1008.934322,5.404214,0.000000,0.000000,-0.220893,0.023981,-0.002680,8.185321,0.000000,0.000000,0.527689,0.000000,-0.056280,-0.112521,-0.899283,9.763304,0.011718,-0.067111,-0.037284
30.492296,1008.944136,5.402680,0.000000,0.000000,-0.222427,0.023981,-0.002680,8.185321,0.000000,0.000000,0.527689,0.000000,-0.056280,-0.057487,-0.937640,9.612427,0.000000,-0.068176,-0.036219
30.502263,1008.953589,5.404214,0.000000,0.000000,-0.222427,0.000000,-0.002680,8.185321,0.000000,0.000000,0.529223,0.000000,-0.057620,-0.011968,-1.054967,9.570538,-0.009587,-0.064980,-0.031959
30.512400,1008.963090,5.404214,0.000000,0.000000,-0.223961,0.000000,-0.002680,8.185321,0.000000,0.000000,0.527689,0.000000,-0.057620,-0.001177,-1.033483,9.632733,0.034088,-0.062851,-0.026632
30.522281,1008.972832,5.404214,0.000000,0.000000,-0.225495,-0.023981,-0.002680,8.186855,0.000000,0.000000,0.529223,0.000000,-0.057620,0.021582,-1.050259,9.769289,0.053264,-0.057524,-0.022370
30.532142,1008.982343,5.404214,0.000000,0.000000,-0.225495,-0.047962,-0.002680,8.186855,0.000000,0.000000,0.527689,0.000000,-0.057620,0.000000,-1.034661,9.763304,0.041546,-0.060720,-0.026632
30.542294,1008.991872,5.404214,0.000000,0.000000,-0.225495,-0.047962,-0.002680,8.186855,0.000000,0.000000,0.527689,0.000000,-0.057620,0.027566,-1.138843,9.724947,0.009587,-0.066047,-0.030892
30.552287,1009.001328,5.404214,0.000000,0.000000,-0.225495,-0.047962,-0.002680,8.186855,0.000000,0.000000,0.529223,0.000000,-0.057620,-0.023936,-1.053790,9.738191,0.034088,-0.067111,-0.035154
30.562262,1009.010909,5.404214,0.000000,0.000000,-0.225495,-0.047962,-0.002680,8.186855,0.000000,-0.001340,0.527689,0.000000,-0.057620,-0.038357,-1.027499,9.807646,0.053264,-0.062851,-0.036219
30.572306,1009.020471,5.404214,0.000000,0.000000,-0.225495,-0.023981,-0.002680,8.186855,0.000000,0.000000,0.527689,0.000000,-0.056280,-0.098198,-0.992772,9.748884,0.031959,-0.062851,-0.041546
30.582099,1009.029830,5.404214,0.000000,0.000000,-0.225495,-0.023981,-0.002680,8.186855,0.000000,-0.002680,0.527689,0.000000,-0.056280,-0.116150,-1.118438,9.724947,-0.004260,-0.061785,-0.045806
30.592303,1009.039638,5.404214,0.000000,0.064320,-0.225495,0.000000,-0.069680,8.186855,0.000000,0.062980,0.527689,0.000000,-0.127300,-0.159314,-0.965206,9.683059,0.041546,-0.063916,-0.043675
30.602380,1009.049045,5.407282,0.000000,0.053600,-0.227029,0.000000,-0.057620,8.189923,0.000000,0.052260,0.524621,0.000000,-0.119260,-0.155685,-0.932833,9.699834,0.043675,-0.061785,-0.038350
30.612438,1009.058428,5.416486,0.047962,0.052260,-0.233165,-0.023981,-0.058960,8.197593,0.047962,0.052260,0.516952,-0.047962,-0.116580,-0.153330,-0.844249,9.673445,0.033023,-0.063916,-0.037284
30.622228,1009.068357,5.424156,0.119904,0.052260,-0.242369,-0.071942,-0.061640,8.208331,0.119904,0.056280,0.507748,-0.119904,-0.113900,-0.215526,-0.731630,9.842373,0.049002,-0.060720,-0.033023
30.632139,1009.077579,5.436428,0.239808,0.050920,-0.254641,-0.167866,-0.064320,8.219069,0.239808,0.061640,0.495476,-0.239808,-0.116580,-0.322160,-0.251430,10.059076,0.170442,-0.043675,-0.021305
30.642301,1009.087457,5.453302,0.407674,0.049580,-0.268447,-0.311751,-0.067000,8.232875,0.383693,0.061640,0.483204,-0.383693,-0.123280,-0.467054,0.259867,10.000412,0.184291,-0.029828,-0.006391
30.652349,1009.106536,5.468642,0.599521,0.049580,-0.285320,-0.503597,-0.069680,8.248215,0.575540,0.062980,0.466330,-0.575540,-0.120600,-0.681403,0.821489,9.495099,0.049002,-0.044742,-0.018110
30.662291,1009.115833,5.485515,0.791367,0.049580,-0.302194,-0.719425,-0.069680,8.265088,0.791367,0.065660,0.449456,-0.791367,-0.119260,-0.740066,0.671789,9.663929,0.045806,-0.043675,-0.024501
30.672544,1009.125592,5.506991,1.055156,0.046900,-0.323670,-0.983214,-0.072360,8.283496,1.007195,0.067000,0.427981,-1.031175,-0.111220,-0.693371,0.736437,9.928505,0.110788,-0.039415,-0.046871
30.682070,1009.134907,5.526933,1.247003,0.046900,-0.342078,-1.199041,-0.073700,8.301904,1.199041,0.067000,0.408039,-1.247003,-0.105860,-0.616755,0.869362,10.203970,0.150203,-0.041546,-0.034088
30.692171,1009.144468,5.548409,1.438849,0.045560,-0.366621,-1.414869,-0.073700,8.323380,1.390888,0.065660,0.386563,-1.438849,-0.111220,-0.534056,0.850233,10.059076,0.029828,-0.064980,-0.031959
30.702276,1009.153918,5.571418,1.630696,0.044220,-0.388097,-1.606715,-0.072360,8.346389,1.582734,0.065660,0.362019,-1.630696,-0.101840,-0.547300,0.560445,9.874648,-0.091612,-0.092679,-0.047937
30.712671,1009.163651,5.595962,1.798562,0.041540,-0.414175,-1.774581,-0.073700,8.370933,1.726619,0.065660,0.335942,-1.798562,-0.100500,-0.490990,0.613125,9.566908,-0.052198,-0.093743,-0.055393
30.722293,1009.173172,5.620506,1.942447,0.041540,-0.437185,-1.918466,-0.075040,8.393943,1.870504,0.060300,0.312932,-1.966428,-0.103180,-0.505313,0.559268,9.657945,0.068176,-0.052198,-0.040479
30.732119,1009.182910,5.645049,2.062351,0.038860,-0.463262,-2.062351,-0.075040,8.420021,2.014389,0.053600,0.286854,-2.110313,-0.096480,-0.504136,0.938817,9.382480,0.102266,-0.047937,-0.037284
30.742248,1009.192427,5.671127,2.182255,0.033500,-0.489340,-2.182255,-0.073700,8.446098,2.134293,0.050920,0.259243,-2.230217,-0.088440,-0.557993,0.334129,9.487840,-0.054329,-0.045806,-0.035154
30.752245,1009.201831,5.698739,2.302159,0.029480,-0.516952,-2.302159,-0.072360,8.473710,2.254197,0.045560,0.233165,-2.350121,-0.079060,-0.402406,0.160492,9.456742,-0.043675,-0.066047,-0.033023
30.762288,1009.211264,5.727884,2.422063,0.026800,-0.544563,-2.398082,-0.069680,8.501322,2.374102,0.041540,0.205553,-2.446044,-0.069680,-0.456263,-0.360419,10.025526,0.028761,-0.042610,-0.023436
30.772306,1009.220925,5.758564,2.494006,0.024120,-0.573709,-2.494006,-0.067000,8.530467,2.470025,0.037520,0.174874,-2.541967,-0.062980,-0.445472,-0.148523,10.456675,0.181095,-0.027697,-0.017045
30.782259,1009.230503,5.784642,2.589929,0.022780,-0.602854,-2.565948,-0.062980,8.558079,2.565948,0.029480,0.145728,-2.613910,-0.056280,-0.221510,-0.047873,10.251842,0.052198,-0.062851,-0.022370
30.792250,1009.240134,5.813787,2.661871,0.020100,-0.633534,-2.661871,-0.058960,8.588758,2.637891,0.024120,0.116583,-2.685852,-0.048240,-0.190412,-0.228769,9.472340,-0.204530,-0.109722,-0.051133
30.802230,1009.249475,5.844467,2.709833,0.020100,-0.664214,-2.709833,-0.054940,8.619438,2.733814,0.018760,0.085903,-2.757795,-0.037520,-0.004807,-0.771164,8.984881,-0.273772,-0.112918,-0.069242
30.812399,1009.259193,5.875146,2.781776,0.018760,-0.693359,-2.781776,-0.050920,8.650118,2.805756,0.012060,0.053689,-2.829737,-0.038860,-0.055132,-1.108922,8.959767,-0.102266,-0.073503,-0.067111
30.822283,1009.268830,5.904292,2.805756,0.014740,-0.725573,-2.829737,-0.049580,8.683865,2.877699,0.009380,0.023010,-2.877699,-0.033500,-0.051503,-1.396257,9.865132,0.118244,-0.021305,-0.050068
30.832315,1009.278426,5.936506,2.853718,0.013400,-0.756253,-2.877699,-0.045560,8.716079,2.949641,0.006700,-0.007670,-2.925661,-0.033500,0.032373,-0.732905,10.140499,0.302535,-0.010653,-0.040479
30.842263,1009.287742,5.962583,2.901680,0.010720,-0.785398,-2.925661,-0.042880,8.746758,2.997603,0.002680,-0.038350,-2.973622,-0.029480,0.081423,-1.270591,10.312959,-0.021305,-0.073503,-0.060720
30.852241,1009.307041,5.993263,2.925661,0.009380,-0.816078,-2.949641,-0.041540,8.778972,3.069545,0.001340,-0.069029,-3.021584,-0.032160,0.246722,-1.401064,9.563279,-0.040479,-0.073503,-0.059655
30.862228,1009.316532,6.023943,2.949641,0.008040,-0.846757,-2.973622,-0.044220,8.811186,3.093526,0.000000,-0.099709,-3.045565,-0.029480,-0.014323,-1.856150,9.393271,-0.125700,-0.056460,-0.052198
30.872266,1009.325831,6.054622,2.973622,0.008040,-0.877437,-2.997603,-0.044220,8.840331,3.141488,0.000000,-0.130388,-3.069545,-0.032160,0.010791,-1.579508,9.359721,0.009587,-0.056460,-0.041546
30.882276,1009.335706,6.085302,2.997603,0.006700,-0.906583,-3.021584,-0.045560,8.871011,3.141488,0.000000,-0.161068,-3.069545,-0.032160,-0.087407,-1.535167,9.542972,0.074569,-0.046871,-0.024501
30.892250,1009.345160,6.114447,2.997603,0.006700,-0.938796,-3.021584,-0.045560,8.901691,3.141488,0.002680,-0.191748,-3.069545,-0.034840,-0.226317,-1.593929,10.004042,0.099070,-0.038350,-0.018110
30.902278,1009.354794,6.145127,2.997603,0.009380,-0.969476,-3.021584,-0.045560,8.930836,3.117507,0.005360,-0.223961,-3.069545,-0.036180,-0.186782,-0.919687,9.599281,0.121440,-0.041546,-0.014914
30.912258,1009.364175,6.175807,3.021584,0.010720,-1.000155,-3.021584,-0.046900,8.959982,3.093526,0.006700,-0.253107,-3.069545,-0.036180,-0.113796,-1.392726,9.582506,-0.055393,-0.064980,-0.018110
30.922221,1009.373628,6.204952,3.021584,0.012060,-1.029301,-3.021584,-0.048240,8.989127,3.045565,0.008040,-0.283786,-3.045565,-0.041540,-0.101828,-1.262155,9.704641,-0.004260,-0.058589,-0.012783
30.932259,1009.383268,6.237166,3.021584,0.013400,-1.059981,-3.021584,-0.050920,9.019807,3.021584,0.010720,-0.312932,-3.045565,-0.042880,-0.174814,-0.905365,9.989621,0.199205,-0.025566,-0.001065
30.942282,1009.392925,6.267845,3.021584,0.013400,-1.090660,-2.997603,-0.049580,9.048953,2.997603,0.013400,-0.343612,-3.021584,-0.048240,-0.132926,-0.597527,10.016010,0.164050,-0.015978,-0.005327
30.952252,1009.402502,6.298525,3.021584,0.016080,-1.121340,-2.997603,-0.053600,9.079632,2.973622,0.016080,-0.372757,-3.021584,-0.049580,-0.209542,-0.610771,10.178856,0.067111,-0.058589,-0.021305
30.962158,1009.411928,6.327671,3.021584,0.018760,-1.150486,-2.997603,-0.053600,9.107244,2.949641,0.018760,-0.401903,-2.997603,-0.046900,-0.106537,-0.306563,9.570538,0.008522,-0.069242,-0.040479
30.972230,1009.421459,6.358350,2.997603,0.020100,-1.181165,-2.997603,-0.056280,9.137924,2.949641,0.018760,-0.432583,-2.973622,-0.054940,-0.047873,-0.513750,9.439967,-0.063916,-0.086286,-0.050068
30.982261,1009.430865,6.387496,2.997603,0.020100,-1.210311,-2.997603,-0.057620,9.168603,2.973622,0.018760,-0.463262,-2.973622,-0.052260,-0.132926,-0.641868,9.461549,-0.010653,-0.055393,-0.047937
30.992292,1009.440503,6.418176,2.997603,0.018760,-1.242524,-2.997603,-0.058960,9.197749,2.973622,0.020100,-0.492408,-2.973622,-0.054940,-0.262221,-0.391615,9.569263,0.120375,-0.023436,-0.036219
31.002333,1009.450283,6.448855,2.997603,0.017420,-1.273204,-2.997603,-0.060300,9.228428,2.997603,0.018760,-0.521553,-2.973622,-0.060300,-0.408390,-0.463424,9.775273,0.110788,-0.009587,-0.030892
31.012262,1009.459606,6.481069,2.997603,0.017420,-1.303884,-2.997603,-0.060300,9.259108,2.997603,0.017420,-0.553767,-2.949641,-0.050920,-0.525718,-0.451456,9.770466,0.050068,-0.033023,-0.031959
31.022526,1009.469315,6.510214,2.997603,0.017420,-1.336097,-2.997603,-0.058960,9.289788,2.997603,0.018760,-0.584447,-2.949641,-0.056280,-0.456263,-0.650207,9.814807,0.000000,-0.056460,-0.030892
31.032413,1009.478626,6.540894,2.997603,0.017420,-1.363709,-2.997603,-0.057620,9.320467,3.021584,0.017420,-0.613592,-2.949641,-0.050920,-0.362872,-0.398777,9.496276,0.000000,-0.073503,-0.029828
31.042418,1009.488491,6.571574,2.997603,0.018760,-1.394389,-2.997603,-0.058960,9.351147,3.021584,0.017420,-0.645806,-2.949641,-0.052260,-0.253883,-0.887315,9.778902,-0.055393,-0.080961,-0.027697
31.052288,1009.497864,6.600719,2.997603,0.018760,-1.423534,-3.021584,-0.057620,9.381826,3.021584,0.014740,-0.673418,-2.949641,-0.048240,-0.203558,-0.752035,9.728577,0.035154,-0.055393,-0.024501
31.062254,1009.516829,6.631399,2.997603,0.017420,-1.454214,-3.021584,-0.054940,9.410972,3.021584,0.014740,-0.704097,-2.949641,-0.040200,-0.269481,-1.005917,10.168065,0.068176,-0.028761,-0.018110
31.072132,1009.526627,6.662079,2.997603,0.017420,-1.484893,-3.021584,-0.053600,9.443186,3.045565,0.016080,-0.734777,-2.973622,-0.042880,-0.172460,-0.481377,9.450758,-0.002131,-0.082025,-0.029828
31.082236,1009.536132,6.691224,2.997603,0.017420,-1.515573,-3.021584,-0.050920,9.473865,3.045565,0.014740,-0.766990,-2.973622,-0.037520,-0.053857,-1.071743,9.172939,-0.201334,-0.103330,-0.053264
31.092286,1009.545490,6.723438,2.997603,0.016080,-1.546253,-3.045565,-0.052260,9.503011,3.045565,0.013400,-0.796136,-2.997603,-0.040200,-0.019130,-1.179554,9.387287,-0.025566,-0.095874,-0.049002
31.102346,1009.555307,6.755651,3.021584,0.016080,-1.576932,-3.045565,-0.052260,9.532157,3.045565,0.010720,-0.828350,-3.021584,-0.036180,-0.073085,-0.883783,9.617234,0.166182,-0.033023,-0.029828
31.112261,1009.564673,6.784797,3.045565,0.013400,-1.609146,-3.045565,-0.052260,9.562836,3.045565,0.010720,-0.859029,-3.021584,-0.040200,-0.307740,-1.134036,10.178856,0.161919,-0.002131,-0.021305
31.122280,1009.574162,6.815477,3.045565,0.012060,-1.638291,-3.069545,-0.052260,9.595050,3.045565,0.012060,-0.891243,-3.045565,-0.038860,-0.337660,-0.692194,9.970492,0.089483,-0.030892,-0.024501
31.132338,1009.583739,6.847690,3.045565,0.013400,-1.668971,-3.069545,-0.052260,9.625729,3.045565,0.012060,-0.921922,-3.045565,-0.044220,-0.268205,-1.114907,9.758498,-0.074569,-0.052198,-0.029828
31.142273,1009.593234,6.876836,3.045565,0.014740,-1.699651,-3.069545,-0.050920,9.656409,3.045565,0.013400,-0.954136,-3.045565,-0.038860,-0.217978,-0.875346,9.408869,-0.077765,-0.085221,-0.028761
31.152167,1009.602951,6.907515,3.045565,0.017420,-1.731864,-3.069545,-0.050920,9.685555,3.045565,0.013400,-0.984816,-3.045565,-0.042880,-0.202380,-1.147181,9.878278,0.003196,-0.082025,-0.015978
31.162312,1009.612576,6.939729,3.045565,0.017420,-1.762544,-3.093526,-0.052260,9.716234,3.021584,0.014740,-1.017029,-3.045565,-0.038860,-0.008339,-0.687387,9.655492,0.096939,-0.051133,-0.008522
31.172550,1009.621854,6.968875,3.045565,0.017420,-1.794758,-3.093526,-0.052260,9.745380,3.021584,0.016080,-1.046175,-3.045565,-0.041540,-0.041889,-0.990320,10.021994,0.047937,-0.031959,-0.008522
31.182073,1009.631629,6.999554,3.045565,0.018760,-1.822369,-3.093526,-0.050920,9.774526,3.021584,0.017420,-1.076855,-3.045565,-0.037520,0.004807,-0.656191,10.026703,0.069242,-0.054329,-0.018110
31.192103,1009.641077,7.031768,3.045565,0.018760,-1.854583,-3.093526,-0.049580,9.803671,3.021584,0.016080,-1.106000,-3.045565,-0.041540,-0.026389,-0.736437,9.780080,0.019174,-0.057524,-0.025566
31.202117,1009.650672,7.060914,3.045565,0.018760,-1.885262,-3.093526,-0.049580,9.834351,3.021584,0.016080,-1.139748,-3.045565,-0.037520,-0.045518,-0.564075,9.242393,-0.073503,-0.089483,-0.042610
31.212153,1009.660216,7.091593,3.045565,0.017420,-1.914408,-3.093526,-0.050920,9.865030,3.021584,0.014740,-1.168893,-3.045565,-0.042880,-0.035905,-0.865831,9.018431,-0.125700,-0.103330,-0.053264
31.222434,1009.669910,7.123807,3.045565,0.017420,-1.943554,-3.069545,-0.052260,9.895710,3.021584,0.013400,-1.202641,-3.045565,-0.040200,-0.144894,-0.817860,9.108291,-0.005327,-0.084156,-0.052198
31.232446,1009.679427,7.154486,3.045565,0.017420,-1.974233,-3.045565,-0.053600,9.926390,2.997603,0.013400,-1.231787,-3.045565,-0.046900,-0.220333,-1.047806,9.695027,0.092679,-0.041546,-0.040479
31.242511,1009.688876,7.185166,3.045565,0.017420,-2.004913,-3.045565,-0.050920,9.957069,2.997603,0.013400,-1.262466,-3.045565,-0.041540,-0.354435,-0.841894,9.999235,0.188551,0.003196,-0.030892
31.252305,1009.698607,7.212778,3.045565,0.018760,-2.032525,-3.045565,-0.052260,9.987749,2.997603,0.014740,-1.291612,-3.045565,-0.044220,-0.244269,-0.904090,10.521323,0.159790,-0.007456,-0.027697
31.262370,1009.708005,7.246525,3.021584,0.021440,-2.063204,-3.045565,-0.050920,10.018429,3.021584,0.016080,-1.323825,-3.045565,-0.048240,-0.170007,-0.549654,10.065060,0.041546,-0.049002,-0.034088
31.272322,1009.717651,7.275671,3.021584,0.021440,-2.095418,-3.045565,-0.052260,10.049108,3.021584,0.014740,-1.352971,-3.045565,-0.044220,-0.262221,-0.846603,9.727400,-0.104395,-0.071373,-0.038350
31.282200,1009.736457,7.306350,3.021584,0.022780,-2.124563,-3.021584,-0.052260,10.079788,3.021584,0.014740,-1.382117,-3.045565,-0.049580,-0.250253,-0.719662,10.041124,0.094808,-0.050068,-0.018110
31.292197,1009.746347,7.335496,3.021584,0.022780,-2.153709,-3.021584,-0.049580,10.110467,3.021584,0.017420,-1.412796,-3.045565,-0.046900,-0.274190,-0.746051,9.929780,0.068176,-0.026632,-0.018110
31.302259,1009.755858,7.366176,3.021584,0.022780,-2.184389,-3.021584,-0.048240,10.139613,3.021584,0.018760,-1.443476,-3.045565,-0.048240,-0.200026,-0.798730,9.661477,-0.063916,-0.063916,-0.030892
31.312283,1009.765456,7.396855,3.021584,0.024120,-2.216602,-3.021584,-0.045560,10.168759,3.021584,0.018760,-1.474156,-3.045565,-0.041540,-0.259867,-0.603511,9.183730,-0.059655,-0.102266,-0.039415
31.322307,1009.774757,7.427535,3.021584,0.025460,-2.247282,-3.021584,-0.048240,10.197904,3.021584,0.020100,-1.504835,-3.045565,-0.038860,-0.058664,-0.657466,8.915426,-0.104395,-0.128898,-0.049002
31.332527,1009.784252,7.459749,3.021584,0.024120,-2.277961,-3.021584,-0.046900,10.228584,3.021584,0.018760,-1.537049,-3.045565,-0.040200,-0.105359,-1.340046,9.273491,-0.125700,-0.087352,-0.045806
31.342059,1009.794092,7.488894,3.021584,0.021440,-2.305573,-3.021584,-0.046900,10.257730,3.021584,0.018760,-1.566194,-3.045565,-0.040200,-0.124587,-1.074195,9.806370,0.160855,-0.006391,-0.025566
31.352464,1009.803571,7.519574,3.021584,0.021440,-2.337787,-3.045565,-0.048240,10.291477,3.021584,0.017420,-1.598408,-3.045565,-0.045560,-0.207187,-0.827473,10.411157,0.307862,0.063916,-0.014914
31.362559,1009.813047,7.551787,3.021584,0.024120,-2.368466,-3.045565,-0.046900,10.320623,3.021584,0.013400,-1.627554,-3.045565,-0.042880,-0.160492,-0.807167,10.642280,0.133158,0.009587,-0.030892
31.372229,1009.822556,7.579399,3.045565,0.022780,-2.399146,-3.045565,-0.046900,10.352836,3.021584,0.013400,-1.656699,-3.045565,-0.048240,-0.177267,-0.799907,9.890246,-0.087352,-0.070307,-0.054329
31.382103,1009.832265,7.611613,3.045565,0.021440,-2.428292,-3.045565,-0.045560,10.378914,3.021584,0.013400,-1.687379,-3.045565,-0.045560,-0.195219,-0.928026,9.271137,-0.225837,-0.148072,-0.070307
31.392180,1009.841638,7.640758,3.045565,0.020100,-2.457437,-3.021584,-0.048240,10.412662,3.021584,0.012060,-1.719592,-3.045565,-0.050920,-0.173637,-1.096954,9.050804,-0.159790,-0.136354,-0.068176
31.402354,1009.851044,7.672972,3.045565,0.021440,-2.488117,-3.021584,-0.048240,10.443341,3.045565,0.010720,-1.748738,-3.069545,-0.049580,-0.228769,-1.138843,9.474694,0.042610,-0.072438,-0.049002
31.412500,1009.860862,7.703652,3.045565,0.021440,-2.520330,-3.021584,-0.046900,10.474021,3.045565,0.009380,-1.780952,-3.069545,-0.046900,-0.318531,-0.911349,9.790871,0.239684,0.012783,-0.027697
31.422277,1009.870505,7.731263,3.045565,0.021440,-2.549476,-3.021584,-0.046900,10.504700,3.045565,0.009380,-1.810097,-3.069545,-0.046900,-0.304208,-0.287433,9.677075,0.234358,-0.023436,-0.034088
31.432389,1009.880074,7.761943,3.045565,-0.040200,-2.580156,-3.021584,0.017420,10.535380,3.069545,-0.049580,-1.842311,-3.069545,0.012060,-0.243092,-0.687387,9.463903,-0.087352,-0.098004,-0.055393
31.442371,1009.889457,7.789554,3.021584,-0.028140,-2.606233,-2.997603,0.002680,10.564526,3.069545,-0.042880,-1.868389,-3.045565,0.004020,-0.210719,-0.888590,9.281928,-0.185356,-0.142745,-0.063916
31.452337,1009.899124,7.815632,2.973622,-0.026800,-2.629243,-2.949641,0.000000,10.590603,3.045565,-0.041540,-1.891398,-2.997603,0.000000,-0.039534,-1.129229,9.735738,0.001065,-0.074569,-0.031959
31.462556,1009.908358,7.835574,2.901680,-0.026800,-2.652253,-2.901680,0.005360,10.612079,2.973622,-0.044220,-1.912874,-2.925661,0.000000,-0.201203,-1.199861,10.012380,0.152332,0.017045,-0.005327
31.472092,1009.917908,7.853982,2.805756,-0.029480,-2.673729,-2.805756,0.009380,10.628953,2.877699,-0.044220,-1.931282,-2.805756,0.000000,0.022759,-1.299335,9.811177,0.068176,-0.008522,-0.054329
31.482308,1009.927736,7.870855,2.637891,-0.029480,-2.690602,-2.661871,0.012060,10.645827,2.709833,-0.044220,-1.948156,-2.637891,0.000000,0.085053,-1.763936,9.578876,-0.079894,-0.063916,-0.049002
31.492363,1009.946631,7.884661,2.470025,-0.028140,-2.704408,-2.494006,0.012060,10.659632,2.517987,-0.042880,-1.961961,-2.446044,0.000000,0.425067,-2.360286,9.174116,-0.161919,-0.150203,-0.070307
31.502430,1009.956369,7.900001,2.230217,-0.025460,-2.716680,-2.278178,0.012060,10.671904,2.278178,-0.041540,-1.975767,-2.230217,0.000000,0.622739,-2.309961,9.192068,-0.044742,-0.134223,-0.071373
31.512295,1009.966032,7.910739,2.038370,-0.024120,-2.727418,-2.062351,0.012060,10.682642,2.038370,-0.040200,-1.986505,-2.014389,0.000000,0.562800,-2.739933,9.358544,-0.034088,-0.090548,-0.073503
31.522515,1009.975219,7.924545,1.846523,-0.024120,-2.735088,-1.846523,0.012060,10.691846,1.798562,-0.038860,-1.997243,-1.798562,-0.001340,0.428697,-2.997347,9.999235,0.093743,-0.045806,-0.071373
31.532542,1009.984950,7.932215,1.654677,-0.024120,-2.742758,-1.606715,0.010720,10.699516,1.558754,-0.037520,-2.004913,-1.606715,-0.002680,0.349628,-2.662042,10.132160,0.220510,-0.014914,-0.070307
31.542423,1009.994435,7.938351,1.486811,-0.021440,-2.748894,-1.390888,0.009380,10.707186,1.366907,-0.037520,-2.012583,-1.414869,-0.002680,0.207187,-2.323204,9.815984,0.131027,-0.051133,-0.067111
31.552531,1010.004007,7.944487,1.318945,-0.020100,-2.755029,-1.199041,0.009380,10.713322,1.175060,-0.034840,-2.017185,-1.247003,-0.005360,0.249076,-2.760240,9.535811,-0.110788,-0.092679,-0.059655
31.562682,1010.013630,7.949088,1.175060,-0.018760,-2.761165,-1.007195,0.010720,10.717924,1.031175,-0.032160,-2.021787,-1.079137,-0.010720,0.203558,-3.042866,9.492647,-0.122505,-0.119309,-0.054329
31.572312,1010.023240,7.952156,1.007195,-0.014740,-2.764233,-0.887290,0.010720,10.720992,0.887290,-0.030820,-2.026389,-0.935252,-0.013400,0.170007,-2.905133,9.702188,0.026632,-0.079894,-0.031959
31.582528,1010.032574,7.955224,0.839329,-0.010720,-2.767301,-0.767386,0.010720,10.725594,0.767386,-0.028140,-2.029457,-0.815348,-0.021440,0.188058,-2.471630,9.971669,0.160855,-0.049002,-0.013849
31.592220,1010.042381,7.953690,0.695444,-0.008040,-2.770369,-0.647482,0.010720,10.728662,0.671463,-0.024120,-2.032525,-0.695444,-0.024120,0.217978,-1.980639,9.683059,0.101199,-0.050068,-0.011718
31.602287,1010.051800,7.955224,0.527578,-0.006700,-2.773437,-0.551559,0.012060,10.730196,0.575540,-0.021440,-2.034059,-0.599521,-0.028140,0.190412,-1.944734,9.396901,-0.021305,-0.063916,-0.015978
31.612347,1010.061141,7.953690,0.407674,-0.001340,-2.774971,-0.479616,0.010720,10.731730,0.479616,-0.016080,-2.037126,-0.503597,-0.033500,0.247899,-1.480133,9.128597,0.025566,-0.071373,-0.012783
31.622435,1010.071078,7.955224,0.263789,0.000000,-2.776505,-0.407674,0.010720,10.733264,0.383693,-0.012060,-2.037126,-0.407674,-0.037520,0.173637,-1.271768,9.410046,0.096939,-0.047937,-0.008522
31.632290,1010.080360,7.955224,0.191847,0.001340,-2.776505,-0.335732,0.008040,10.733264,0.311751,-0.006700,-2.038660,-0.335732,-0.045560,0.058664,-0.979529,9.740545,0.137418,-0.028761,-0.014914
31.642215,1010.090081,7.956758,0.119904,0.005360,-2.778039,-0.263789,0.004020,10.731730,0.239808,-0.002680,-2.038660,-0.263789,-0.050920,-0.039534,-0.811876,9.950087,0.143810,-0.006391,-0.013849
31.652209,1010.099554,7.956758,0.071942,0.008040,-2.778039,-0.215827,0.000000,10.730196,0.167866,0.000000,-2.038660,-0.191847,-0.049580,-0.171283,-0.628723,10.134515,0.173638,-0.002131,-0.005327
31.662296,1010.109275,7.956758,0.047962,0.008040,-2.776505,-0.167866,0.000000,10.730196,0.095923,0.000000,-2.038660,-0.143885,-0.048240,-0.332951,-0.209542,10.051915,0.173638,-0.020241,0.002131
31.672224,1010.118631,7.958292,0.023981,0.009380,-2.776505,-0.095923,0.000000,10.728662,0.023981,0.000000,-2.038660,-0.095923,-0.048240,-0.455086,-0.123312,9.860325,0.052198,-0.056460,-0.012783
31.682213,1010.128046,7.956758,0.023981,0.010720,-2.774971,-0.071942,-0.001340,10.728662,0.000000,0.002680,-2.038660,-0.047962,-0.048240,-0.514927,-0.353258,9.659122,-0.076698,-0.077765,-0.033023
31.692298,1010.147143,7.958292,0.023981,0.013400,-2.774971,-0.023981,-0.002680,10.728662,-0.023981,0.005360,-2.038660,-0.023981,-0.048240,-0.639514,-0.302933,9.432806,0.025566,-0.066047,-0.027697
31.702223,1010.156893,7.958292,0.023981,0.013400,-2.774971,0.000000,-0.002680,10.728662,-0.023981,0.005360,-2.038660,0.000000,-0.048240,-0.626270,-0.175991,9.481855,0.066047,-0.063916,-0.025566
31.712099,1010.166297,7.958292,0.023981,0.013400,-2.774971,0.023981,-0.002680,10.728662,-0.023981,0.005360,-2.038660,0.000000,-0.048240,-0.542493,-0.196396,9.586038,0.059655,-0.061785,-0.021305
31.722113,1010.175880,7.958292,0.023981,0.012060,-2.774971,0.023981,0.000000,10.728662,-0.023981,0.005360,-2.038660,0.000000,-0.048240,-0.372388,-0.055132,9.496276,0.051133,-0.063916,-0.043675
31.732358,1010.185584,7.959826,0.023981,0.010720,-2.776505,0.023981,0.000000,10.728662,0.000000,0.006700,-2.038660,0.000000,-0.048240,-0.404761,-0.508943,10.104594,0.101199,-0.051133,-0.018110
31.742361,1010.195096,7.959826,0.023981,0.010720,-2.778039,0.000000,0.000000,10.730196,0.000000,0.006700,-2.038660,0.000000,-0.048240,-0.238285,-0.434681,10.027978,0.045806,-0.054329,-0.038350
31.752374,1010.204682,7.961360,0.023981,0.006700,-2.779573,0.000000,0.000000,10.730196,0.000000,0.002680,-2.038660,0.000000,-0.048240,-0.175991,-0.596350,10.020719,0.014914,-0.067111,-0.030892
31.762570,1010.214147,7.961360,0.023981,0.002680,-2.781107,-0.023981,0.000000,10.730196,0.000000,0.000000,-2.038660,0.000000,-0.048240,-0.097021,-0.964029,9.780080,-0.080961,-0.085221,-0.046871
31.772447,1010.223571,7.962894,0.023981,0.000000,-2.782641,-0.071942,0.000000,10.733264,0.023981,0.000000,-2.038660,0.000000,-0.048240,0.015598,-0.966383,9.465080,-0.058589,-0.103330,-0.067111
31.782503,1010.233145,7.962894,0.047962,0.000000,-2.782641,-0.095923,0.000000,10.734798,0.047962,-0.002680,-2.038660,0.000000,-0.048240,0.040712,-1.116084,9.564554,0.009587,-0.093743,-0.049002
31.792103,1010.242597,7.964428,0.047962,0.000000,-2.784175,-0.095923,0.000000,10.736332,0.071942,-0.005360,-2.038660,0.000000,-0.048240,0.040712,-1.397533,9.613604,-0.011718,-0.076698,-0.044742
31.802241,1010.252375,7.964428,0.047962,0.000000,-2.784175,-0.095923,0.000000,10.739399,0.095923,-0.006700,-2.038660,0.000000,-0.048240,0.046696,-1.407048,9.600458,0.013849,-0.067111,-0.050068
31.812156,1010.261761,7.965962,0.047962,0.000000,-2.784175,-0.095923,0.000000,10.739399,0.119904,-0.009380,-2.038660,0.000000,-0.048240,0.026389,-1.561556,9.863857,0.057524,-0.052198,-0.030892
31.822252,1010.271553,7.965962,0.047962,-0.001340,-2.784175,-0.071942,0.000000,10.739399,0.119904,-0.009380,-2.038660,0.000000,-0.048240,-0.016775,-1.439421,9.835114,0.059655,-0.054329,-0.035154
31.832322,1010.281071,7.967496,0.071942,-0.001340,-2.784175,-0.047962,0.000000,10.739399,0.119904,-0.008040,-2.038660,0.000000,-0.048240,-0.003630,-1.536442,9.827952,0.010653,-0.061785,-0.037284
31.842201,1010.290559,7.967496,0.071942,-0.001340,-2.784175,-0.047962,0.000000,10.739399,0.095923,-0.006700,-2.038660,0.000000,-0.048240,-0.053857,-1.541151,9.746529,0.007456,-0.066047,-0.035154
31.852237,1010.300280,7.967496,0.071942,-0.001340,-2.784175,-0.023981,0.000000,10.739399,0.095923,-0.005360,-2.038660,0.000000,-0.048240,-0.074262,-1.449035,9.730931,0.020241,-0.068176,-0.035154
31.862713,1010.309732,7.967496,0.047962,0.000000,-2.784175,-0.023981,0.000000,10.739399,0.047962,-0.005360,-2.038660,0.000000,-0.046900,-0.118505,-1.287366,9.693850,0.035154,-0.059655,-0.034088
31.872121,1010.319085,7.967496,0.047962,0.000000,-2.784175,0.000000,-0.001340,10.739399,0.023981,-0.005360,-2.038660,0.000000,-0.046900,-0.155685,-1.063404,9.661477,0.063916,-0.057524,-0.030892
31.882184,1010.328566,7.967496,0.023981,0.000000,-2.784175,0.000000,-0.001340,10.736332,0.000000,-0.005360,-2.038660,0.000000,-0.048240,-0.175991,-0.881330,9.510599,0.039415,-0.057524,-0.033023
31.892214,1010.338461,7.967496,0.023981,0.000000,-2.782641,0.000000,-0.001340,10.734798,0.000000,-0.005360,-2.038660,0.000000,-0.048240,-0.191589,-0.832280,9.544149,0.027697,-0.058589,-0.029828
31.902183,1010.347946,7.967496,0.000000,0.000000,-2.781107,0.000000,-0.001340,10.733264,-0.047962,-0.005360,-2.038660,0.000000,-0.048240,-0.245446,-0.620286,9.638717,0.083090,-0.054329,-0.024501
31.912190,1010.366944,7.967496,0.000000,0.000000,-2.781107,0.000000,-0.001340,10.733264,-0.071942,-0.004020,-2.038660,0.000000,-0.048240,-0.232301,-0.502959,9.927328,0.060720,-0.059655,-0.023436
31.922177,1010.376586,7.967496,0.000000,0.000000,-2.781107,0.023981,-0.001340,10.731730,-0.071942,0.000000,-2.038660,0.000000,-0.048240,-0.270658,-0.398777,9.907021,0.044742,-0.061785,-0.028761
31.932378,1010.386199,7.967496,0.000000,0.000000,-2.781107,0.023981,-0.001340,10.731730,-0.071942,0.000000,-2.038660,0.000000,-0.048240,-0.319708,-0.392792,9.795677,0.024501,-0.060720,-0.030892
31.942228,1010.395512,7.967496,0.000000,0.000000,-2.781107,0.023981,-0.001340,10.733264,-0.071942,0.000000,-2.038660,0.000000,-0.048240,-0.319708,-0.347274,9.601636,0.009587,-0.066047,-0.034088
31.952419,1010.405058,7.967496,0.000000,0.006700,-2.781107,0.023981,-0.004020,10.733264,-0.071942,0.002680,-2.038660,0.000000,-0.056280,-0.330499,-0.552009,9.571715,-0.018110,-0.070307,-0.036219
31.962580,1010.414715,7.967496,0.000000,0.008040,-2.781107,0.023981,-0.004020,10.733264,-0.023981,0.004020,-2.038660,0.000000,-0.058960,-0.334129,-0.510120,9.649508,0.035154,-0.063916,-0.036219
31.972420,1010.424276,7.967496,0.000000,0.009380,-2.782641,0.023981,0.000000,10.734798,-0.023981,0.002680,-2.038660,0.000000,-0.062980,-0.317354,-0.658643,9.750159,0.041546,-0.062851,-0.037284
31.982106,1010.433839,7.969030,0.000000,0.009380,-2.784175,0.000000,0.000000,10.734798,0.000000,0.001340,-2.038660,0.000000,-0.069680,-0.282626,-0.928026,9.774095,-0.019174,-0.067111,-0.040479
31.992074,1010.443184,7.969030,0.000000,0.009380,-2.787243,-0.023981,0.000000,10.736332,0.000000,0.000000,-2.038660,0.000000,-0.076380,-0.233478,-0.991497,9.841098,0.019174,-0.068176,-0.038350
32.002194,1010.452978,7.970564,0.023981,0.006700,-2.788777,-0.047962,0.000000,10.737866,0.023981,0.000000,-2.038660,0.000000,-0.080400,-0.221510,-0.796376,9.786064,0.066047,-0.064980,-0.036219
32.012462,1010.462498,7.972098,0.023981,0.000000,-2.788777,-0.071942,0.004020,10.740933,0.047962,-0.002680,-2.040194,0.000000,-0.069680,-0.125764,-1.035838,9.722593,-0.007456,-0.064980,-0.037284
32.022348,1010.471850,7.973632,0.047962,0.000000,-2.791845,-0.095923,0.005360,10.742467,0.095923,-0.005360,-2.040194,0.000000,-0.061640,-0.107812,-1.142473,9.641170,-0.014914,-0.066047,-0.036219
32.032428,1010.481635,7.975166,0.071942,0.000000,-2.791845,-0.119904,0.001340,10.744001,0.095923,-0.006700,-2.041728,0.000000,-0.053600,-0.077793,-1.073018,9.760950,0.045806,-0.067111,-0.033023
32.042463,1010.491013,7.975166,0.095923,-0.006700,-2.791845,-0.119904,0.000000,10.745535,0.119904,-0.010720,-2.041728,-0.023981,-0.050920,-0.101828,-1.210652,9.810000,0.044742,-0.063916,-0.044742
32.052169,1010.500471,7.975166,0.095923,-0.004020,-2.791845,-0.119904,0.004020,10.745535,0.143885,-0.006700,-2.041728,-0.023981,-0.041540,-0.045518,-1.106470,9.666284,0.059655,-0.069242,-0.047937
32.062203,1010.510291,7.975166,0.071942,-0.006700,-2.791845,-0.095923,0.006700,10.745535,0.119904,-0.010720,-2.041728,-0.023981,-0.022780,-0.019130,-1.168763,9.657945,0.018110,-0.061785,-0.037284
32.072169,1010.519611,7.975166,0.071942,-0.010720,-2.788777,-0.047962,0.008040,10.745535,0.119904,-0.013400,-2.041728,-0.023981,-0.012060,-0.025114,-1.302866,9.674720,-0.003196,-0.067111,-0.040479
32.082283,1010.529257,7.975166,0.047962,-0.013400,-2.788777,-0.023981,0.012060,10.744001,0.095923,-0.017420,-2.041728,-0.023981,0.000000,-0.046696,-1.290898,9.679429,0.026632,-0.060720,-0.036219
32.092340,1010.538639,7.975166,0.023981,-0.016080,-2.785709,0.000000,0.013400,10.742467,0.047962,-0.018760,-2.041728,-0.023981,0.000000,-0.086230,-1.233411,9.781257,0.053264,-0.059655,-0.033023
32.102162,1010.548554,7.973632,0.000000,-0.021440,-2.782641,0.047962,0.016080,10.740933,0.000000,-0.021440,-2.041728,0.000000,0.006700,-0.125764,-1.252639,9.699834,0.018110,-0.061785,-0.034088
32.112153,1010.557973,7.970564,0.000000,-0.025460,-2.778039,0.095923,0.017420,10.736332,-0.023981,-0.026800,-2.040194,0.000000,0.009380,-0.140087,-1.256171,9.648331,0.006391,-0.063916,-0.033023
32.122169,1010.577167,7.965962,-0.047962,-0.025460,-2.773437,0.167866,0.020100,10.731730,-0.071942,-0.026800,-2.040194,0.000000,0.024120,-0.162846,-1.181909,9.647154,0.027697,-0.067111,-0.029828
32.132199,1010.586501,7.961360,-0.095923,-0.026800,-2.767301,0.215827,0.020100,10.725594,-0.143885,-0.029480,-2.037126,0.000000,0.038860,-0.148523,-1.299335,9.575247,-0.008522,-0.066047,-0.028761
32.142195,1010.596050,7.955224,-0.167866,-0.026800,-2.761165,0.287770,0.022780,10.717924,-0.239808,-0.033500,-2.034059,0.047962,0.042880,-0.094568,-1.357998,9.758498,0.023436,-0.066047,-0.022370
32.152189,1010.605555,7.946020,-0.239808,-0.029480,-2.753496,0.359712,0.025460,10.710254,-0.311751,-0.036180,-2.027923,0.095923,0.042880,-0.017952,-1.220266,9.716609,0.062851,-0.063916,-0.018110
32.162191,1010.615338,7.938351,-0.359712,-0.030820,-2.744292,0.455636,0.029480,10.702584,-0.407674,-0.040200,-2.021787,0.143885,0.048240,0.023936,-1.468165,9.642347,-0.021305,-0.062851,-0.023436
32.172085,1010.624951,7.927613,-0.455636,-0.033500,-2.736622,0.527578,0.033500,10.693380,-0.503597,-0.044220,-2.014117,0.239808,0.048240,0.035905,-1.623849,9.564554,-0.034088,-0.064980,-0.025566
32.182191,1010.634331,7.916875,-0.575540,-0.037520,-2.727418,0.599521,0.037520,10.684176,-0.599521,-0.048240,-2.006447,0.335732,0.052260,0.073085,-1.476503,9.677075,0.061785,-0.070307,-0.024501
32.192316,1010.643935,7.904603,-0.695444,-0.038860,-2.715146,0.671463,0.038860,10.671904,-0.695444,-0.050920,-1.995709,0.455636,0.054940,0.053857,-1.422646,9.697479,0.049002,-0.069242,-0.030892
32.202152,1010.653562,7.893865,-0.791367,-0.041540,-2.704408,0.767386,0.041540,10.659632,-0.791367,-0.052260,-1.984971,0.575540,0.052260,0.136555,-1.602267,9.659122,-0.008522,-0.071373,-0.039415
32.212174,1010.663038,7.880059,-0.911271,-0.042880,-2.690602,0.839329,0.045560,10.647361,-0.863310,-0.054940,-1.972699,0.719425,0.053600,0.134103,-1.642979,9.638717,0.009587,-0.071373,-0.042610
32.222089,1010.672437,7.864719,-1.007195,-0.045560,-2.676796,0.935252,0.045560,10.633555,-0.959233,-0.057620,-1.957359,0.839329,0.056280,0.081423,-1.677706,9.873471,0.057524,-0.066047,-0.040479
32.232269,1010.681930,7.849380,-1.103118,-0.046900,-2.659923,1.031175,0.045560,10.616681,-1.055156,-0.060300,-1.942020,0.959233,0.061640,0.059841,-1.635818,9.905844,0.051133,-0.061785,-0.040479
32.242140,1010.691716,7.832506,-1.223022,-0.046900,-2.643049,1.151080,0.046900,10.601341,-1.151080,-0.061640,-1.926680,1.079137,0.062980,0.091037,-1.670545,9.711802,-0.004260,-0.064980,-0.042610
32.252247,1010.700979,7.812564,-1.318945,-0.048240,-2.626175,1.270984,0.045560,10.582933,-1.270984,-0.062980,-1.908272,1.199041,0.064320,0.098198,-1.731563,9.521390,-0.025566,-0.072438,-0.040479
32.262919,1010.710715,7.789554,-1.438849,-0.046900,-2.604699,1.390888,0.044220,10.561458,-1.390888,-0.061640,-1.888330,1.342926,0.062980,0.117328,-1.826230,9.588490,-0.011718,-0.077765,-0.036219
32.272152,1010.720382,7.772681,-1.534773,-0.045560,-2.586292,1.510792,0.042880,10.543050,-1.486811,-0.060300,-1.869923,1.438849,0.061640,0.094568,-1.789050,9.472340,0.003196,-0.066047,-0.030892
32.282183,1010.729900,7.749671,-1.654677,-0.045560,-2.564816,1.606715,0.044220,10.521574,-1.606715,-0.060300,-1.848447,1.558754,0.058960,0.056309,-1.870473,9.540519,0.008522,-0.067111,-0.025566
32.292226,1010.739575,7.726661,-1.774581,-0.044220,-2.543340,1.726619,0.044220,10.500098,-1.726619,-0.056280,-1.826971,1.678658,0.061640,-0.003630,-1.983092,9.696204,0.022370,-0.066047,-0.023436
32.302235,1010.748938,7.703652,-1.894485,-0.042880,-2.518796,1.846523,0.042880,10.475555,-1.846523,-0.056280,-1.803961,1.798562,0.057620,0.029921,-1.634640,9.496276,0.061785,-0.072438,-0.020241
32.312167,1010.758348,7.679108,-1.990408,-0.044220,-2.494253,1.942447,0.040200,10.452545,-1.942447,-0.053600,-1.779418,1.918466,0.056280,0.180798,-1.900491,9.729754,0.008522,-0.079894,-0.019174
32.322158,1010.767950,7.654564,-2.110313,-0.045560,-2.469709,2.038370,0.038860,10.426467,-2.062351,-0.052260,-1.754874,2.014389,0.060300,0.155685,-1.674076,9.643524,0.060720,-0.062851,-0.018110
32.332171,1010.777668,7.626952,-2.206236,-0.048240,-2.443631,2.158274,0.036180,10.401924,-2.158274,-0.050920,-1.728796,2.134293,0.056280,0.190412,-1.405871,9.768111,0.087352,-0.051133,-0.018110
32.342135,1010.796561,7.600875,-2.302159,-0.048240,-2.417554,2.230217,0.034840,10.375846,-2.254197,-0.048240,-1.702719,2.230217,0.052260,0.055132,-1.374773,9.441144,0.010653,-0.055393,-0.031959
32.352275,1010.806377,7.574797,-2.374102,-0.046900,-2.389942,2.326140,0.030820,10.349768,-2.326140,-0.045560,-1.676641,2.326140,0.049580,-0.008339,-1.077727,9.117806,0.029828,-0.068176,-0.036219
32.362213,1010.815900,7.545651,-2.470025,-0.048240,-2.362330,2.422063,0.028140,10.319089,-2.422063,-0.042880,-1.645961,2.422063,0.042880,-0.136555,-1.766290,9.698657,-0.029828,-0.078830,-0.035154
32.372369,1010.825276,7.518040,-2.541967,-0.048240,-2.334719,2.494006,0.025460,10.291477,-2.517987,-0.042880,-1.619884,2.494006,0.040200,-0.091037,-1.031031,9.540519,0.139550,-0.076698,-0.022370
32.382173,1010.834700,7.488894,-2.589929,-0.045560,-2.308641,2.565948,0.022780,10.263865,-2.589929,-0.046900,-1.590738,2.565948,0.038860,-0.186782,-1.129229,10.061430,0.152332,-0.067111,-0.013849
32.392184,1010.844368,7.459749,-2.661871,-0.044220,-2.277961,2.637891,0.022780,10.231652,-2.661871,-0.049580,-1.561592,2.661871,0.040200,-0.178444,-0.859847,9.824323,0.083090,-0.064980,-0.015978
32.402166,1010.854140,7.432137,-2.709833,-0.042880,-2.247282,2.709833,0.021440,10.200972,-2.733814,-0.049580,-1.532447,2.709833,0.041540,-0.211994,-1.048983,9.662752,0.006391,-0.068176,-0.017045
32.413504,1010.863568,7.393787,-2.781776,-0.038860,-2.213534,2.781776,0.020100,10.165691,-2.829737,-0.049580,-1.500233,2.781776,0.040200,-0.246722,-0.942447,9.560924,0.008522,-0.070307,-0.012783
32.422150,1010.873133,7.367710,-2.829737,-0.038860,-2.188991,2.829737,0.020100,10.141147,-2.877699,-0.049580,-1.472622,2.829737,0.040200,-0.255060,-0.972367,9.805193,0.068176,-0.076698,-0.009587
32.432124,1010.882759,7.335496,-2.901680,-0.034840,-2.158311,2.877699,0.020100,10.108933,-2.925661,-0.048240,-1.443476,2.877699,0.037520,-0.168830,-0.724469,9.829129,0.073503,-0.080961,-0.012783
32.442174,1010.892368,7.306350,-2.949641,-0.034840,-2.126097,2.925661,0.020100,10.078254,-2.973622,-0.046900,-1.411262,2.925661,0.033500,-0.178444,-0.967560,9.671090,-0.006391,-0.079894,-0.022370
32.452275,1010.901699,7.275671,-2.997603,-0.034840,-2.095418,2.973622,0.020100,10.049108,-3.021584,-0.049580,-1.380583,2.949641,0.038860,-0.137732,-0.943624,9.581231,-0.011718,-0.084156,-0.023436
32.462026,1010.911210,7.246525,-3.021584,-0.034840,-2.064738,2.997603,0.017420,10.018429,-3.045565,-0.048240,-1.351437,2.973622,0.034840,-0.168830,-0.846603,9.441144,0.043675,-0.079894,-0.024501
32.472124,1010.920704,7.212778,-3.045565,-0.034840,-2.034059,3.021584,0.016080,9.987749,-3.045565,-0.049580,-1.319223,2.997603,0.038860,-0.280174,-0.787939,9.501083,0.047937,-0.063916,-0.028761
32.482101,1010.930334,7.183632,-3.069545,-0.036180,-2.004913,3.045565,0.014740,9.954001,-3.045565,-0.048240,-1.288544,3.021584,0.034840,-0.201203,-0.843071,9.656670,0.076698,-0.066047,-0.031959
32.492151,1010.939882,7.154486,-3.045565,-0.037520,-1.974233,3.045565,0.017420,9.923322,-3.069545,-0.048240,-1.257864,3.045565,0.036180,-0.154508,-1.025047,9.904568,0.050068,-0.072438,-0.033023
32.502110,1010.949517,7.125341,-3.021584,-0.038860,-1.943554,3.045565,0.017420,9.892642,-3.069545,-0.046900,-1.227185,3.045565,0.037520,-0.061116,-0.892121,10.194356,0.132093,-0.077765,-0.027697
32.512112,1010.959227,7.094661,-2.997603,-0.040200,-1.914408,3.069545,0.016080,9.863496,-3.045565,-0.049580,-1.194971,3.069545,0.041540,-0.073085,-0.530525,9.861503,0.106526,-0.067111,-0.029828
32.522399,1010.968666,7.065516,-2.973622,-0.040200,-1.880660,3.069545,0.014740,9.831283,-3.045565,-0.048240,-1.164291,3.069545,0.038860,-0.068278,-0.877799,10.010026,0.018110,-0.064980,-0.033023
32.532171,1010.978276,7.036370,-2.949641,-0.040200,-1.851515,3.069545,0.016080,9.803671,-3.045565,-0.048240,-1.133612,3.069545,0.036180,-0.150878,-0.505313,9.617234,0.041546,-0.064980,-0.034088
32.542189,1010.987496,7.002622,-2.949641,-0.037520,-1.819301,3.093526,0.017420,9.769924,-3.045565,-0.048240,-1.101398,3.069545,0.037520,-0.222785,-1.059774,10.063883,0.015978,-0.064980,-0.034088
32.552437,1011.006589,6.971943,-2.973622,-0.037520,-1.787088,3.093526,0.017420,9.736176,-3.069545,-0.048240,-1.070719,3.069545,0.040200,-0.134103,-0.981981,9.648331,-0.052198,-0.086286,-0.039415
32.562291,1011.016226,6.941263,-2.997603,-0.038860,-1.756408,3.093526,0.017420,9.708564,-3.069545,-0.046900,-1.040039,3.069545,0.040200,-0.192767,-1.042999,9.301057,-0.110788,-0.092679,-0.040479
32.572215,1011.026033,6.910583,-3.021584,-0.040200,-1.725728,3.093526,0.017420,9.677885,-3.069545,-0.050920,-1.009359,3.069545,0.037520,-0.211994,-0.931656,9.316655,0.030892,-0.076698,-0.030892
32.582153,1011.035244,6.879904,-3.021584,-0.040200,-1.695049,3.093526,0.016080,9.648739,-3.069545,-0.048240,-0.978680,3.069545,0.040200,-0.238285,-1.089695,9.485485,0.040479,-0.046871,-0.024501
32.592192,1011.045144,6.847690,-3.045565,-0.041540,-1.662835,3.117507,0.014740,9.616526,-3.093526,-0.049580,-0.948000,3.069545,0.038860,-0.298224,-1.192700,9.989621,0.095874,-0.060720,-0.020241
32.602293,1011.054493,6.815477,-3.069545,-0.042880,-1.632156,3.117507,0.016080,9.585846,-3.093526,-0.046900,-0.914253,3.069545,0.041540,-0.129296,-1.021515,10.071044,0.125700,-0.053264,-0.015978
32.612169,1011.063949,6.784797,-3.069545,-0.042880,-1.601476,3.117507,0.017420,9.552098,-3.093526,-0.048240,-0.883573,3.069545,0.041540,0.061116,-0.919687,10.006396,0.083090,-0.070307,-0.022370
32.622508,1011.073516,6.752583,-3.069545,-0.042880,-1.569262,3.117507,0.018760,9.519885,-3.093526,-0.046900,-0.852893,3.069545,0.044220,-0.045518,-1.060952,9.861503,-0.010653,-0.069242,-0.029828
32.632182,1011.083276,6.723438,-3.069545,-0.042880,-1.538583,3.117507,0.016080,9.489205,-3.093526,-0.046900,-0.820680,3.069545,0.044220,-0.028743,-0.960399,9.781257,0.050068,-0.072438,-0.029828
32.642136,1011.092659,6.691224,-3.093526,-0.041540,-1.507903,3.141488,0.016080,9.460060,-3.117507,-0.046900,-0.790000,3.069545,0.044220,-0.049050,-0.692194,9.460372,0.037284,-0.068176,-0.031959
32.652161,1011.102381,6.660545,-3.093526,-0.041540,-1.477223,3.141488,0.014740,9.426312,-3.141488,-0.046900,-0.757787,3.069545,0.038860,-0.025114,-1.140020,9.692672,-0.020241,-0.075634,-0.038350
32.662185,1011.111758,6.628331,-3.093526,-0.037520,-1.443476,3.141488,0.014740,9.392564,-3.141488,-0.044220,-0.727107,3.069545,0.038860,-0.153330,-0.718484,9.526197,0.075634,-0.082025,-0.038350
32.672135,1011.121497,6.596117,-3.093526,-0.040200,-1.412796,3.141488,0.014740,9.360351,-3.165469,-0.042880,-0.696427,3.069545,0.041540,-0.141264,-0.917333,9.799209,0.082025,-0.084156,-0.040479
32.682329,1011.130958,6.565438,-3.117507,-0.040200,-1.380583,3.141488,0.012060,9.328137,-3.189450,-0.045560,-0.665748,3.093526,0.038860,-0.064648,-0.572414,9.462726,0.030892,-0.072438,-0.056460
32.692095,1011.140436,6.536292,-3.117507,-0.041540,-1.349903,3.165469,0.010720,9.300526,-3.189450,-0.045560,-0.635068,3.093526,0.038860,-0.244269,-0.919687,9.887793,0.076698,-0.031959,-0.023436
32.702106,1011.150067,6.501011,-3.117507,-0.042880,-1.319223,3.165469,0.010720,9.268312,-3.189450,-0.045560,-0.602854,3.093526,0.034840,-0.490990,-0.518557,9.798032,0.108657,-0.039415,-0.024501
32.712162,1011.159616,6.470331,-3.117507,-0.040200,-1.287010,3.165469,0.010720,9.236098,-3.189450,-0.044220,-0.569107,3.093526,0.037520,-0.330499,-1.222620,10.387220,0.021305,-0.057524,-0.023436
32.722176,1011.168926,6.438117,-3.117507,-0.041540,-1.256330,3.165469,0.013400,9.203885,-3.189450,-0.045560,-0.536893,3.117507,0.040200,-0.292240,-0.179621,9.605265,0.096939,-0.094808,-0.024501
32.732107,1011.178561,6.408972,-3.117507,-0.040200,-1.222583,3.165469,0.013400,9.171671,-3.165469,-0.044220,-0.507748,3.117507,0.046900,-0.175991,-0.955592,9.732207,-0.108657,-0.120375,-0.033023
32.742395,1011.188384,6.376758,-3.117507,-0.040200,-1.190369,3.141488,0.014740,9.139458,-3.165469,-0.046900,-0.475534,3.117507,0.042880,-0.089860,-0.696902,9.393271,-0.023436,-0.082025,-0.028761
32.752199,1011.207223,6.344545,-3.117507,-0.040200,-1.161223,3.141488,0.014740,9.110312,-3.165469,-0.045560,-0.444854,3.093526,0.040200,-0.288610,-0.943624,9.448305,-0.067111,-0.072438,-0.036219
32.762181,1011.216751,6.313865,-3.117507,-0.041540,-1.130544,3.141488,0.014740,9.078098,-3.165469,-0.046900,-0.411107,3.093526,0.044220,-0.140087,-0.819135,9.439967,0.000000,-0.104395,-0.043675
32.772537,1011.226241,6.281651,-3.117507,-0.041540,-1.096796,3.117507,0.016080,9.044351,-3.165469,-0.042880,-0.378893,3.093526,0.045560,-0.049050,-0.872992,9.457919,0.050068,-0.077765,-0.038350
32.782154,1011.235776,6.247904,-3.117507,-0.041540,-1.069185,3.117507,0.017420,9.015205,-3.165469,-0.044220,-0.348214,3.093526,0.049580,-0.073085,-0.769987,9.757320,0.091612,-0.067111,-0.037284
32.792145,1011.245636,6.218758,-3.117507,-0.045560,-1.036971,3.093526,0.016080,8.984525,-3.141488,-0.044220,-0.317534,3.093526,0.042880,-0.186782,-0.898106,10.005219,0.117180,-0.037284,-0.033023
32.802157,1011.254953,6.185011,-3.117507,-0.045560,-1.004757,3.093526,0.016080,8.955380,-3.141488,-0.048240,-0.286854,3.093526,0.046900,-0.257512,-0.814328,10.225552,0.091612,-0.047937,-0.030892
32.812143,1011.264647,6.152797,-3.117507,-0.045560,-0.974078,3.093526,0.014740,8.923166,-3.117507,-0.046900,-0.254641,3.093526,0.041540,-0.337660,-1.001111,10.236343,0.027697,-0.063916,-0.033023
32.822217,1011.274241,6.122117,-3.117507,-0.042880,-0.941864,3.093526,0.014740,8.892487,-3.117507,-0.045560,-0.222427,3.117507,0.044220,-0.240737,-0.749680,9.833936,-0.017045,-0.091612,-0.035154
32.832438,1011.283633,6.091438,-3.117507,-0.044220,-0.908117,3.093526,0.016080,8.858739,-3.117507,-0.044220,-0.191748,3.117507,0.045560,-0.050325,-0.780778,9.531004,-0.059655,-0.116113,-0.038350
32.842238,1011.293175,6.059224,-3.117507,-0.042880,-0.878971,3.093526,0.017420,8.828059,-3.117507,-0.045560,-0.161068,3.117507,0.048240,-0.047873,-0.993949,9.516583,-0.051133,-0.086286,-0.033023
32.852366,1011.302731,6.028544,-3.117507,-0.042880,-0.846757,3.093526,0.017420,8.795846,-3.117507,-0.045560,-0.128854,3.117507,0.053600,0.007161,-0.391615,9.063950,0.064980,-0.087352,-0.033023
32.862197,1011.312542,5.994797,-3.117507,-0.044220,-0.816078,3.093526,0.016080,8.765166,-3.117507,-0.046900,-0.095107,3.117507,0.050920,-0.047873,-1.346030,9.453112,-0.091612,-0.074569,-0.037284
32.872536,1011.322083,5.965651,-3.117507,-0.044220,-0.783864,3.093526,0.017420,8.732953,-3.117507,-0.045560,-0.065961,3.117507,0.050920,-0.150878,-0.918510,9.577699,0.101199,-0.076698,-0.034088
32.882400,1011.331462,5.934972,-3.141488,-0.042880,-0.753185,3.093526,0.018760,8.700739,-3.141488,-0.044220,-0.035282,3.117507,0.048240,-0.202380,-0.850233,9.990798,0.184291,-0.049002,-0.025566
32.892113,1011.341030,5.905826,-3.141488,-0.041540,-0.722505,3.093526,0.020100,8.671593,-3.141488,-0.041540,-0.004602,3.117507,0.052260,0.110166,-0.710146,9.847082,0.044742,-0.105462,-0.042610
32.902135,1011.350480,5.872078,-3.141488,-0.041540,-0.691825,3.093526,0.020100,8.640914,-3.117507,-0.042880,0.026078,3.117507,0.052260,0.081423,-0.645498,9.030399,-0.153399,-0.116113,-0.060720
32.912131,1011.359992,5.838331,-3.141488,-0.042880,-0.659612,3.093526,0.020100,8.608700,-3.117507,-0.041540,0.058291,3.117507,0.052260,-0.013145,-1.086163,9.829129,0.021305,-0.096939,-0.052198
32.922166,1011.369589,5.809185,-3.141488,-0.044220,-0.628932,3.093526,0.020100,8.579555,-3.117507,-0.046900,0.092039,3.117507,0.045560,-0.370033,-1.180732,10.291377,0.240749,-0.012783,-0.034088
32.932156,1011.379010,5.776972,-3.141488,-0.044220,-0.595185,3.093526,0.022780,8.547341,-3.117507,-0.045560,0.122718,3.117507,0.049580,-0.314901,-0.416729,10.765592,0.308927,-0.036219,-0.027697
32.942098,1011.388635,5.746292,-3.141488,-0.041540,-0.564505,3.093526,0.022780,8.516661,-3.117507,-0.046900,0.156466,3.141488,0.050920,-0.217978,-0.513750,9.964507,-0.055393,-0.089483,-0.042610
32.952148,1011.398462,5.712544,-3.141488,-0.040200,-0.533825,3.093526,0.022780,8.484448,-3.117507,-0.044220,0.187146,3.141488,0.053600,-0.083777,-1.080179,9.108291,-0.366451,-0.158724,-0.066047
32.962113,1011.407940,5.681865,-3.141488,-0.041540,-0.501612,3.093526,0.024120,8.452234,-3.117507,-0.041540,0.217825,3.141488,0.050920,-0.039534,-1.380757,8.849601,-0.181095,-0.106526,-0.047937
32.972179,1011.417389,5.649651,-3.141488,-0.041540,-0.470932,3.093526,0.022780,8.421555,-3.117507,-0.044220,0.248505,3.141488,0.052260,-0.106537,-0.887315,9.239941,0.185356,-0.040479,-0.015978
32.982137,1011.436616,5.620506,-3.141488,-0.042880,-0.440252,3.117507,0.024120,8.390875,-3.117507,-0.045560,0.277651,3.141488,0.050920,-0.093391,-0.760373,9.598006,0.061785,-0.073503,-0.028761
32.992140,1011.446120,5.586758,-3.141488,-0.041540,-0.408039,3.117507,0.024120,8.358661,-3.117507,-0.041540,0.309864,3.141488,0.054940,0.190412,-1.162779,9.704641,-0.055393,-0.099070,-0.037284
33.002121,1011.455610,5.557612,-3.141488,-0.040200,-0.377359,3.117507,0.025460,8.327982,-3.117507,-0.041540,0.340544,3.141488,0.050920,0.172460,-0.999933,9.795677,0.056460,-0.076698,-0.034088
33.012653,1011.465098,5.523865,-3.141488,-0.041540,-0.345146,3.117507,0.024120,8.295768,-3.141488,-0.042880,0.375825,3.141488,0.049580,0.063471,-0.655014,10.012380,0.169377,-0.049002,-0.033023
33.022133,1011.474904,5.494719,-3.141488,-0.041540,-0.312932,3.117507,0.022780,8.266622,-3.141488,-0.044220,0.404971,3.141488,0.048240,0.039534,-0.683757,9.851889,0.051133,-0.039415,-0.043675
33.032146,1011.484339,5.462506,-3.141488,-0.040200,-0.280718,3.117507,0.021440,8.235943,-3.117507,-0.045560,0.435651,3.141488,0.049580,-0.113796,-0.980804,9.903391,-0.055393,-0.063916,-0.056460
33.042138,1011.493990,5.428758,-3.141488,-0.040200,-0.251573,3.117507,0.020100,8.203729,-3.117507,-0.042880,0.467864,3.141488,0.048240,-0.208364,-0.956769,9.956071,0.035154,-0.063916,-0.051133
33.052520,1011.503168,5.398078,-3.141488,-0.040200,-0.214757,3.117507,0.021440,8.171516,-3.117507,-0.044220,0.501612,3.141488,0.042880,-0.150878,-0.682580,10.299813,0.162986,-0.064980,-0.041546
33.062342,1011.513029,5.365865,-3.117507,-0.041540,-0.184078,3.117507,0.020100,8.140836,-3.117507,-0.041540,0.532291,3.141488,0.048240,-0.057487,-0.701709,9.970492,0.012783,-0.078830,-0.045806
33.072129,1011.522580,5.338253,-3.117507,-0.038860,-0.154932,3.117507,0.020100,8.110156,-3.117507,-0.045560,0.562971,3.141488,0.046900,-0.039534,-0.580752,9.152534,-0.134223,-0.111853,-0.056460
33.082551,1011.531935,5.302972,-3.117507,-0.041540,-0.121184,3.117507,0.020100,8.077943,-3.117507,-0.045560,0.596719,3.141488,0.045560,-0.022759,-1.144827,9.158518,-0.127831,-0.090548,-0.052198
33.092089,1011.541552,5.275360,-3.117507,-0.040200,-0.092039,3.141488,0.021440,8.048797,-3.117507,-0.045560,0.625864,3.141488,0.044220,-0.119780,-1.083711,9.660299,0.124636,-0.029828,-0.027697
33.102185,1011.551116,5.241612,-3.117507,-0.042880,-0.058291,3.141488,0.022780,8.016584,-3.117507,-0.045560,0.658078,3.141488,0.046900,-0.158039,-0.336483,9.782434,0.281230,-0.019174,-0.017045
33.112250,1011.560610,5.210933,-3.117507,-0.040200,-0.026078,3.141488,0.024120,7.988972,-3.117507,-0.045560,0.690291,3.141488,0.049580,-0.112521,-0.829828,10.011203,0.001065,-0.058589,-0.034088
33.122238,1011.570205,5.180253,-3.117507,-0.041540,0.006136,3.141488,0.024120,7.956758,-3.117507,-0.046900,0.722505,3.141488,0.050920,-0.023936,-1.029854,9.724947,-0.112918,-0.084156,-0.045806
33.132129,1011.579838,5.148040,-3.117507,-0.041540,0.038350,3.141488,0.024120,7.924545,-3.117507,-0.046900,0.750117,3.141488,0.046900,-0.190412,-0.792746,9.572892,0.017045,-0.062851,-0.035154
33.142206,1011.589298,5.115826,-3.117507,-0.040200,0.070563,3.141488,0.025460,7.893865,-3.117507,-0.045560,0.783864,3.141488,0.045560,-0.306563,-0.717307,9.843550,0.110788,-0.041546,-0.028761
33.152389,1011.598914,5.085146,-3.117507,-0.040200,0.102777,3.141488,0.024120,7.861652,-3.117507,-0.046900,0.814544,3.141488,0.048240,-0.191589,-1.031031,10.357300,0.096939,-0.049002,-0.035154
33.162114,1011.608468,5.056001,-3.117507,-0.041540,0.131922,3.141488,0.024120,7.830972,-3.117507,-0.045560,0.845223,3.141488,0.049580,-0.307740,-0.802360,10.223099,0.067111,-0.074569,-0.040479
33.172119,1011.618030,5.023787,-3.117507,-0.041540,0.162602,3.141488,0.025460,7.800292,-3.117507,-0.044220,0.875903,3.141488,0.048240,-0.190412,-0.798730,9.965685,-0.034088,-0.084156,-0.043675
33.182093,1011.627617,4.993107,-3.117507,-0.038860,0.194816,3.141488,0.025460,7.769613,-3.117507,-0.045560,0.908117,3.141488,0.048240,0.147248,-0.629900,9.395626,-0.064980,-0.108657,-0.052198
33.192114,1011.637117,4.962428,-3.117507,-0.040200,0.227029,3.141488,0.025460,7.738933,-3.117507,-0.045560,0.938796,3.141488,0.048240,0.002354,-1.124422,9.043545,-0.177900,-0.095874,-0.060720
33.202095,1011.656328,4.933282,-3.117507,-0.040200,0.257709,3.141488,0.025460,7.706719,-3.117507,-0.046900,0.971010,3.141488,0.048240,-0.101828,-1.032208,9.727400,0.232228,-0.007456,-0.021305
33.212124,1011.665646,4.901069,-3.141488,-0.038860,0.289922,3.117507,0.025460,7.677574,-3.117507,-0.045560,1.001689,3.141488,0.049580,0.010791,-0.680225,9.874648,0.181095,-0.036219,-0.023436
33.222147,1011.675251,4.868855,-3.141488,-0.041540,0.320602,3.117507,0.028140,7.645360,-3.141488,-0.045560,1.035437,3.141488,0.045560,-0.001177,-0.981981,10.012380,-0.014914,-0.076698,-0.034088
33.232142,1011.684634,4.836641,-3.141488,-0.041540,0.352816,3.117507,0.028140,7.613147,-3.141488,-0.045560,1.063049,3.141488,0.049580,0.045518,-0.828651,9.812354,0.007456,-0.070307,-0.029828
33.242155,1011.694492,4.804428,-3.141488,-0.041540,0.383495,3.141488,0.028140,7.580933,-3.141488,-0.045560,1.095262,3.117507,0.046900,0.049050,-0.723291,9.764482,0.046871,-0.049002,-0.025566
33.252100,1011.704050,4.775282,-3.141488,-0.041540,0.414175,3.141488,0.026800,7.548719,-3.141488,-0.045560,1.125942,3.117507,0.050920,-0.119780,-0.923317,9.901037,0.000000,-0.042610,-0.027697
33.262123,1011.713616,4.744603,-3.141488,0.028140,0.446388,3.141488,-0.033500,7.518040,-3.165469,0.024120,1.155088,3.117507,-0.017420,-0.226317,-1.013079,9.835114,0.003196,-0.052198,-0.028761
33.272205,1011.722937,4.716991,-3.117507,0.004020,0.472466,3.117507,-0.024120,7.488894,-3.165469,0.005360,1.182699,3.117507,-0.008040,-0.131748,-1.065758,9.874648,0.005327,-0.073503,-0.027697
33.282534,1011.732598,4.692447,-3.093526,0.000000,0.498544,3.069545,-0.021440,7.462817,-3.117507,0.018760,1.208777,3.069545,-0.008040,-0.075439,-0.970013,9.944103,0.036219,-0.076698,-0.024501
33.292076,1011.742083,4.672505,-2.997603,0.002680,0.518486,2.997603,-0.022780,7.441341,-3.069545,0.024120,1.230253,2.973622,-0.008040,0.003630,-0.464602,9.587215,0.071373,-0.078830,-0.024501
33.302090,1011.751776,4.654098,-2.877699,0.010720,0.538427,2.877699,-0.024120,7.422933,-2.949641,0.025460,1.248660,2.877699,-0.010720,-0.219155,-0.501781,9.323816,-0.024501,-0.074569,-0.026632
33.312102,1011.761308,4.634156,-2.709833,0.013400,0.553767,2.709833,-0.025460,7.407593,-2.781776,0.026800,1.265534,2.709833,-0.014740,-0.342467,-0.146071,9.353737,0.089483,-0.054329,-0.013849
33.322111,1011.770598,4.615748,-2.541967,0.014740,0.570641,2.517987,-0.026800,7.393787,-2.565948,0.026800,1.280874,2.517987,-0.017420,-0.512572,0.108989,9.763304,0.251402,-0.019174,-0.002131
33.332271,1011.780103,4.601942,-2.326140,0.014740,0.584447,2.302159,-0.026800,7.379982,-2.326140,0.026800,1.296214,2.278178,-0.016080,-0.601157,0.923317,9.699834,0.240749,-0.036219,-0.033023
33.342248,1011.789839,4.591204,-2.110313,0.014740,0.596719,2.086332,-0.025460,7.369244,-2.086332,0.026800,1.306952,2.062351,-0.018760,-0.562800,0.996304,9.805193,0.109722,-0.059655,-0.033023
33.352152,1011.799435,4.582001,-1.894485,0.013400,0.607456,1.870504,-0.025460,7.360040,-1.846523,0.026800,1.316156,1.870504,-0.018760,-0.684934,0.936463,10.000412,0.062851,-0.053264,-0.015978
33.362118,1011.808844,4.574331,-1.702638,0.013400,0.615126,1.678658,-0.024120,7.352370,-1.606715,0.025460,1.325359,1.678658,-0.018760,-0.761648,1.165134,10.159628,0.170442,-0.034088,0.005327
33.372343,1011.818434,4.568195,-1.486811,0.010720,0.622796,1.510792,-0.022780,7.344700,-1.414869,0.025460,1.331495,1.462830,-0.016080,-0.843071,1.308850,10.188372,0.148072,-0.033023,0.002131
33.382105,1011.828199,4.560525,-1.294964,0.006700,0.628932,1.318945,-0.021440,7.338564,-1.223022,0.025460,1.339165,1.294964,-0.013400,-0.752035,1.304043,9.972846,-0.011718,-0.077765,-0.026632
33.392147,1011.837590,4.555923,-1.103118,0.004020,0.633534,1.151080,-0.017420,7.333962,-1.079137,0.025460,1.343767,1.127099,-0.009380,-0.807167,1.013079,9.660299,-0.119309,-0.099070,-0.044742
33.402130,1011.856715,4.552855,-0.935252,0.002680,0.636602,0.983214,-0.016080,7.329360,-0.935252,0.021440,1.348369,0.983214,-0.006700,-0.817860,0.950785,9.535811,0.028761,-0.069242,-0.012783
33.412203,1011.866200,4.549787,-0.791367,0.000000,0.641204,0.839329,-0.013400,7.326292,-0.791367,0.016080,1.351437,0.863310,-0.001340,-0.804714,0.896928,9.577699,0.028761,-0.061785,-0.022370
33.422209,1011.875950,4.546719,-0.647482,0.000000,0.644272,0.695444,-0.010720,7.324758,-0.671463,0.014740,1.354505,0.719425,0.000000,-0.692194,0.479022,9.560924,-0.030892,-0.069242,-0.047937
33.432250,1011.885168,4.545185,-0.551559,0.001340,0.644272,0.575540,-0.006700,7.321690,-0.575540,0.010720,1.357573,0.599521,0.002680,-0.518557,-0.371210,9.602813,-0.132093,-0.075634,-0.060720
33.442331,1011.894805,4.545185,-0.431655,0.000000,0.645806,0.455636,-0.002680,7.321690,-0.479616,0.008040,1.359107,0.503597,0.009380,-0.319708,-0.676596,9.623218,-0.084156,-0.091612,-0.052198
33.452382,1011.904387,4.545185,-0.335732,0.000000,0.644272,0.359712,0.000000,7.320156,-0.383693,0.005360,1.360641,0.431655,0.017420,-0.185605,-0.896928,9.842373,0.031959,-0.062851,-0.034088
33.462383,1011.914050,4.545185,-0.263789,0.000000,0.644272,0.263789,0.000000,7.320156,-0.311751,0.000000,1.360641,0.335732,0.028140,-0.021582,-0.747228,9.895053,0.096939,-0.055393,-0.025566
33.472454,1011.923734,4.545185,-0.191847,0.000000,0.645806,0.191847,0.002680,7.321690,-0.215827,0.000000,1.360641,0.263789,0.029480,0.144894,-1.088518,9.819614,-0.025566,-0.071373,-0.030892
33.482348,1011.933167,4.545185,-0.119904,-0.001340,0.645806,0.119904,0.008040,7.321690,-0.143885,-0.001340,1.360641,0.191847,0.029480,0.238285,-1.215459,9.611249,-0.071373,-0.083090,-0.036219
33.492374,1011.942840,4.545185,-0.071942,-0.004020,0.645806,0.071942,0.009380,7.321690,-0.095923,-0.005360,1.360641,0.143885,0.028140,0.219155,-1.481310,9.787241,0.001065,-0.060720,-0.033023
33.502437,1011.952051,4.543651,-0.047962,-0.005360,0.645806,0.047962,0.012060,7.323224,-0.047962,-0.008040,1.360641,0.095923,0.028140,0.227494,-1.444228,9.891423,0.075634,-0.043675,-0.031959
33.512166,1011.961859,4.543651,-0.023981,-0.006700,0.645806,0.023981,0.014740,7.323224,0.000000,-0.010720,1.360641,0.047962,0.028140,0.162846,-1.522022,9.910553,0.043675,-0.057524,-0.040479
33.522224,1011.971365,4.543651,-0.023981,-0.006700,0.645806,0.023981,0.017420,7.323224,0.000000,-0.012060,1.360641,0.023981,0.028140,0.196396,-1.728032,9.860325,-0.046871,-0.084156,-0.051133
33.532203,1011.980825,4.542117,-0.023981,-0.006700,0.645806,0.023981,0.017420,7.323224,0.023981,-0.012060,1.360641,0.000000,0.028140,0.225140,-1.690852,9.691495,-0.034088,-0.090548,-0.054329
33.542609,1011.990291,4.540583,-0.023981,-0.008040,0.645806,0.000000,0.017420,7.321690,0.000000,-0.013400,1.360641,0.000000,0.028140,0.214349,-1.710079,9.649508,0.009587,-0.069242,-0.046871
33.552302,1011.999839,4.540583,-0.023981,-0.006700,0.645806,0.000000,0.017420,7.323224,0.000000,-0.012060,1.360641,0.000000,0.028140,0.095844,-1.768743,9.829129,0.047937,-0.044742,-0.039415
33.562626,1012.009330,4.540583,-0.047962,-0.005360,0.645806,0.000000,0.014740,7.321690,0.000000,-0.010720,1.360641,0.000000,0.028140,0.077793,-1.275300,9.825598,0.123571,-0.047937,-0.031959
33.572142,1012.018861,4.540583,-0.047962,-0.004020,0.647340,0.000000,0.012060,7.321690,0.000000,-0.008040,1.360641,0.000000,0.028140,0.001177,-1.366337,9.831582,0.034088,-0.059655,-0.031959
33.582184,1012.028392,4.539049,-0.047962,-0.002680,0.647340,0.000000,0.010720,7.320156,0.000000,-0.004020,1.360641,0.000000,0.028140,-0.039534,-1.169941,9.618411,-0.021305,-0.077765,-0.033023
33.592187,1012.038119,4.539049,-0.047962,-0.002680,0.648874,0.000000,0.008040,7.320156,0.000000,0.000000,1.360641,0.000000,0.028140,-0.056309,-1.010724,9.572892,0.017045,-0.077765,-0.026632
33.602260,1012.057126,4.537515,-0.047962,-0.001340,0.648874,0.023981,0.005360,7.317088,-0.023981,0.000000,1.360641,0.000000,0.028140,-0.173637,-0.529348,9.795677,0.126767,-0.049002,-0.012783
33.612471,1012.066838,4.537515,-0.047962,0.000000,0.648874,0.023981,0.004020,7.317088,-0.047962,0.001340,1.360641,0.000000,0.028140,-0.267028,-0.464602,9.811177,0.077765,-0.052198,-0.014914
33.622449,1012.076451,4.535981,-0.047962,0.000000,0.650408,0.023981,0.001340,7.315554,-0.071942,0.004020,1.360641,0.000000,0.028140,-0.252706,-0.374840,9.745352,0.019174,-0.064980,-0.023436
33.632469,1012.085711,4.534447,-0.047962,0.000000,0.650408,0.023981,0.000000,7.315554,-0.095923,0.000000,1.360641,0.000000,0.028140,-0.328145,-0.239462,9.733384,0.047937,-0.055393,-0.024501
33.642499,1012.095618,4.534447,-0.047962,0.000000,0.650408,0.023981,0.000000,7.312486,-0.095923,0.000000,1.360641,0.000000,0.028140,-0.349628,0.027566,9.611249,0.090548,-0.053264,-0.026632
33.652543,1012.104825,4.534447,-0.047962,0.000000,0.651942,0.047962,0.000000,7.312486,-0.095923,0.000000,1.360641,0.000000,0.028140,-0.379647,-0.040712,9.562101,0.007456,-0.069242,-0.037284
33.662098,1012.114741,4.534447,-0.047962,-0.002680,0.651942,0.047962,0.000000,7.312486,-0.095923,0.000000,1.360641,0.000000,0.028140,-0.366404,-0.123312,9.540519,-0.007456,-0.073503,-0.043675
33.672148,1012.124101,4.534447,-0.047962,-0.006700,0.653476,0.047962,0.000000,7.310952,-0.071942,0.000000,1.360641,0.000000,0.028140,-0.326967,-0.147248,9.614781,0.052198,-0.059655,-0.039415
33.682155,1012.133636,4.534447,-0.047962,-0.006700,0.653476,0.047962,0.000000,7.312486,-0.047962,0.000000,1.360641,0.000000,0.028140,-0.305385,-0.349628,9.910553,0.067111,-0.056460,-0.037284
33.692166,1012.143317,4.534447,-0.023981,-0.006700,0.653476,0.047962,0.000000,7.312486,-0.023981,-0.001340,1.360641,0.000000,0.028140,-0.267028,-0.455086,9.867487,0.026632,-0.059655,-0.038350
33.702198,1012.152654,4.534447,-0.023981,-0.005360,0.653476,0.047962,0.001340,7.312486,-0.023981,-0.004020,1.360641,0.000000,0.028140,-0.166476,-0.706516,9.801661,-0.046871,-0.077765,-0.041546
33.712234,1012.162472,4.534447,0.000000,-0.005360,0.653476,0.023981,0.002680,7.312486,0.000000,-0.004020,1.360641,0.000000,0.028140,-0.076616,-0.936463,9.722593,-0.044742,-0.074569,-0.037284
33.722269,1012.171730,4.534447,0.000000,-0.005360,0.655010,0.023981,0.002680,7.312486,0.000000,-0.004020,1.360641,0.000000,0.028140,-0.021582,-0.924494,9.653138,0.015978,-0.072438,-0.035154
33.732288,1012.181464,4.534447,0.000000,-0.005360,0.653476,0.023981,0.002680,7.315554,0.000000,-0.004020,1.360641,0.000000,0.028140,0.034727,-1.195152,9.715432,-0.014914,-0.071373,-0.037284
33.742321,1012.190934,4.534447,0.000000,-0.005360,0.653476,0.000000,0.002680,7.315554,0.000000,-0.004020,1.360641,0.000000,0.028140,0.083777,-1.281382,9.756143,0.008522,-0.064980,-0.036219
33.752361,1012.200497,4.534447,0.000000,-0.005360,0.653476,0.000000,0.002680,7.317088,0.000000,-0.005360,1.360641,0.000000,0.028140,0.110166,-1.298059,9.705818,0.034088,-0.060720,-0.037284
33.762448,1012.209841,4.534447,0.000000,-0.005360,0.653476,0.000000,0.002680,7.317088,0.023981,-0.006700,1.360641,0.000000,0.028140,0.114973,-1.500440,9.754868,0.001065,-0.060720,-0.042610
33.772434,1012.219568,4.534447,0.000000,-0.005360,0.653476,0.000000,0.002680,7.317088,0.023981,-0.006700,1.360641,0.000000,0.028140,0.112521,-1.433437,9.672268,0.022370,-0.066047,-0.043675
33.782486,1012.229145,4.534447,0.000000,-0.005360,0.653476,0.000000,0.002680,7.317088,0.023981,-0.006700,1.360641,0.000000,0.028140,0.101828,-1.480133,9.683059,0.023436,-0.062851,-0.042610
33.792492,1012.238781,4.534447,0.000000,-0.005360,0.653476,0.000000,0.002680,7.317088,0.023981,-0.006700,1.360641,0.000000,0.028140,0.083777,-1.392726,9.675897,0.045806,-0.062851,-0.040479
33.802135,1012.248068,4.534447,0.000000,-0.005360,0.653476,0.000000,0.002680,7.317088,0.023981,-0.006700,1.360641,0.000000,0.028140,0.028743,-1.262155,9.667461,0.052198,-0.060720,-0.036219
33.812590,1012.257931,4.534447,0.000000,-0.005360,0.653476,0.000000,0.002680,7.317088,0.023981,-0.005360,1.360641,0.000000,0.028140,-0.015598,-1.172393,9.689043,0.046871,-0.058589,-0.031959
33.822133,1012.276841,4.534447,0.000000,-0.005360,0.653476,0.000000,0.002680,7.315554,0.000000,-0.005360,1.360641,0.000000,0.028140,-0.114973,-0.816683,9.684236,0.054329,-0.061785,-0.025566
33.832171,1012.286302,4.534447,0.000000,-0.005360,0.653476,0.000000,0.002680,7.315554,0.000000,-0.005360,1.360641,0.000000,0.028140,-0.158039,-0.668257,9.702188,0.052198,-0.062851,-0.023436
33.842183,1012.295900,4.534447,0.000000,-0.005360,0.653476,0.000000,0.002680,7.312486,0.000000,-0.005360,1.360641,0.000000,0.028140,-0.200026,-0.554461,9.741722,0.057524,-0.061785,-0.021305
33.852111,1012.305439,4.534447,0.000000,-0.005360,0.653476,0.000000,0.002680,7.312486,-0.023981,-0.005360,1.360641,0.000000,0.028140,-0.255060,-0.506588,9.806370,0.047937,-0.062851,-0.023436
33.862140,1012.315088,4.534447,0.000000,-0.005360,0.653476,0.000000,0.002680,7.312486,-0.023981,-0.004020,1.360641,0.000000,0.028140,-0.271835,-0.392792,9.802839,0.042610,-0.063916,-0.024501
33.872453,1012.324734,4.534447,0.000000,-0.005360,0.653476,0.000000,0.002680,7.312486,-0.023981,-0.002680,1.360641,0.000000,0.028140,-0.292240,-0.312547,9.745352,0.033023,-0.063916,-0.029828
33.882491,1012.334040,4.534447,0.000000,-0.005360,0.653476,0.000000,0.002680,7.312486,-0.023981,-0.002680,1.360641,0.000000,0.028140,-0.289787,-0.300578,9.634009,0.019174,-0.067111,-0.035154
33.892118,1012.343830,4.534447,0.000000,-0.005360,0.653476,0.000000,0.002680,7.312486,-0.023981,-0.002680,1.360641,0.000000,0.028140,-0.265851,-0.376017,9.565731,0.000000,-0.070307,-0.039415
33.902301,1012.353396,4.534447,0.000000,-0.005360,0.653476,0.000000,0.002680,7.312486,-0.023981,-0.002680,1.360641,0.000000,0.028140,-0.241915,-0.494620,9.632733,0.008522,-0.067111,-0.041546
33.912086,1012.362901,4.534447,0.000000,-0.005360,0.653476,0.000000,0.002680,7.312486,0.000000,-0.002680,1.360641,0.000000,0.028140,-0.209542,-0.599980,9.715432,0.040479,-0.058589,-0.040479
33.922073,1012.372525,4.534447,0.000000,-0.005360,0.653476,0.000000,0.002680,7.312486,0.000000,-0.004020,1.360641,0.000000,0.028140,-0.171283,-0.699355,9.790871,0.033023,-0.059655,-0.039415
33.932124,1012.382039,4.534447,0.000000,-0.005360,0.653476,0.000000,0.002680,7.312486,0.000000,-0.004020,1.360641,0.000000,0.028140,-0.108989,-0.887315,9.783611,-0.003196,-0.066047,-0.038350
33.942420,1012.391504,4.534447,0.000000,-0.005360,0.653476,0.000000,0.002680,7.312486,0.000000,-0.004020,1.360641,0.000000,0.028140,-0.059841,-0.920865,9.680704,0.002131,-0.067111,-0.037284
33.952393,1012.401165,4.534447,0.000000,-0.005360,0.653476,0.000000,0.002680,7.312486,0.000000,-0.004020,1.360641,0.000000,0.028140,-0.033550,-0.980804,9.659122,0.022370,-0.061785,-0.033023
33.962044,1012.410421,4.534447,0.000000,-0.005360,0.653476,0.000000,0.002680,7.315554,0.000000,-0.004020,1.360641,0.000000,0.028140,-0.004807,-1.027499,9.669913,0.029828,-0.063916,-0.030892
33.972083,1012.420036,4.534447,0.000000,-0.005360,0.653476,0.000000,0.002680,7.315554,0.000000,-0.004020,1.360641,0.000000,0.028140,0.007161,-1.116084,9.667461,0.014914,-0.064980,-0.031959
33.982114,1012.429884,4.534447,0.000000,-0.005360,0.653476,0.000000,0.002680,7.315554,0.000000,-0.004020,1.360641,0.000000,0.028140,0.032373,-1.177200,9.718963,0.014914,-0.064980,-0.035154
33.992097,1012.439036,4.534447,0.000000,-0.005360,0.653476,0.000000,0.002680,7.315554,0.000000,-0.004020,1.360641,0.000000,0.028140,0.021582,-1.160425,9.757320,0.040479,-0.063916,-0.036219
34.002363,1012.448932,4.534447,0.000000,-0.005360,0.653476,0.000000,0.002680,7.312486,0.000000,-0.004020,1.360641,0.000000,0.028140,0.007161,-1.135213,9.765659,0.037284,-0.063916,-0.037284
34.012082,1012.458373,4.534447,0.000000,-0.005360,0.653476,0.000000,0.002680,7.315554,0.000000,-0.004020,1.360641,0.000000,0.028140,0.001177,-1.123245,9.735738,0.021305,-0.068176,-0.040479
34.022085,1012.467844,4.534447,0.000000,-0.005360,0.653476,0.000000,0.002680,7.315554,0.000000,-0.004020,1.360641,0.000000,0.028140,-0.025114,-1.099309,9.718963,0.017045,-0.064980,-0.041546
34.032312,1012.477254,4.534447,0.000000,-0.005360,0.653476,0.000000,0.002680,7.315554,0.000000,-0.004020,1.360641,0.000000,0.028140,-0.049050,-1.039468,9.739368,0.041546,-0.060720,-0.038350
34.042066,1012.496439,4.534447,0.000000,-0.005360,0.653476,0.000000,0.002680,7.315554,0.000000,-0.004020,1.360641,0.000000,0.028140,-0.103005,-0.872992,9.744175,0.034088,-0.063916,-0.031959
34.052382,1012.506091,4.534447,0.000000,-0.005360,0.655010,0.000000,0.002680,7.312486,0.000000,-0.004020,1.360641,0.000000,0.028140,-0.113796,-0.814328,9.699834,0.025566,-0.068176,-0.031959
34.062055,1012.515560,4.534447,0.000000,-0.005360,0.653476,0.000000,0.002680,7.312486,0.000000,-0.004020,1.360641,0.000000,0.028140,-0.124587,-0.785585,9.691495,0.031959,-0.066047,-0.029828
34.072115,1012.525105,4.534447,0.000000,-0.005360,0.653476,0.000000,0.002680,7.312486,0.000000,-0.004020,1.360641,0.000000,0.028140,-0.144894,-0.717307,9.704641,0.046871,-0.060720,-0.027697
34.082077,1012.534774,4.534447,0.000000,-0.005360,0.655010,0.000000,0.002680,7.312486,0.000000,-0.004020,1.360641,0.000000,0.028140,-0.140087,-0.656191,9.744175,0.049002,-0.058589,-0.026632
34.092042,1012.544440,4.534447,0.000000,-0.005360,0.653476,0.000000,0.002680,7.312486,0.000000,-0.004020,1.360641,0.000000,0.028140,-0.170007,-0.632254,9.752513,0.044742,-0.057524,-0.027697
34.102085,1012.553890,4.534447,0.000000,-0.005360,0.653476,0.000000,0.002680,7.312486,0.000000,-0.004020,1.360641,0.000000,0.028140,-0.173637,-0.609495,9.706995,0.037284,-0.060720,-0.029828
34.112122,1012.563497,4.534447,0.000000,-0.005360,0.653476,0.000000,0.002680,7.312486,0.000000,-0.004020,1.360641,0.000000,0.028140,-0.181976,-0.621464,9.677075,0.020241,-0.063916,-0.035154
34.122076,1012.573095,4.534447,0.000000,-0.005360,0.653476,0.000000,0.002680,7.312486,0.000000,-0.004020,1.360641,0.000000,0.028140,-0.174814,-0.616755,9.665106,0.022370,-0.066047,-0.036219
34.132281,1012.582422,4.534447,0.000000,-0.005360,0.653476,0.000000,0.002680,7.312486,0.000000,-0.004020,1.360641,0.000000,0.028140,-0.180798,-0.651482,9.711802,0.031959,-0.063916,-0.037284
34.142048,1012.592106,4.534447,0.000000,-0.005360,0.655010,0.000000,0.002680,7.312486,0.000000,-0.004020,1.360641,0.000000,0.028140,-0.165299,-0.651482,9.714156,0.038350,-0.062851,-0.037284
34.152062,1012.601469,4.534447,0.000000,-0.005360,0.653476,0.000000,0.002680,7.312486,0.000000,-0.004020,1.360641,0.000000,0.028140,-0.146071,-0.766455,9.734561,0.015978,-0.064980,-0.037284
34.162047,1012.611250,4.534447,0.000000,-0.005360,0.653476,0.000000,0.002680,7.312486,0.000000,-0.004020,1.360641,0.000000,0.028140,-0.129296,-0.821489,9.733384,0.013849,-0.064980,-0.036219
34.172233,1012.620748,4.534447,0.000000,-0.005360,0.653476,0.000000,0.002680,7.312486,0.000000,-0.004020,1.360641,0.000000,0.028140,-0.101828,-0.840619,9.729754,0.028761,-0.062851,-0.033023
34.182547,1012.630069,4.534447,0.000000,-0.005360,0.655010,0.000000,0.002680,7.312486,0.000000,-0.004020,1.360641,0.000000,0.028140,-0.076616,-0.865831,9.739368,0.021305,-0.064980,-0.033023
34.192030,1012.639681,4.534447,0.000000,-0.005360,0.653476,0.000000,0.002680,7.312486,0.000000,-0.004020,1.360641,0.000000,0.028140,-0.062294,-0.917333,9.704641,0.007456,-0.070307,-0.033023
34.202102,1012.649400,4.534447,0.000000,-0.005360,0.653476,0.000000,0.002680,7.312486,0.000000,-0.004020,1.360641,0.000000,0.028140,-0.033550,-1.007095,9.715432,0.005327,-0.068176,-0.034088
34.212048,1012.659018,4.534447,0.000000,-0.005360,0.653476,0.000000,0.002680,7.312486,0.000000,-0.004020,1.360641,0.000000,0.028140,-0.017952,-1.003465,9.740545,0.034088,-0.062851,-0.033023
34.222023,1012.668248,4.534447,0.000000,-0.005360,0.655010,0.000000,0.002680,7.312486,0.000000,-0.004020,1.360641,0.000000,0.028140,-0.020405,-1.007095,9.760950,0.038350,-0.060720,-0.035154
34.232042,1012.678037,4.534447,0.000000,-0.005360,0.653476,0.000000,0.002680,7.312486,0.000000,-0.004020,1.360641,0.000000,0.028140,-0.005984,-1.053790,9.752513,0.021305,-0.062851,-0.035154
34.242060,1012.687378,4.534447,0.000000,-0.005360,0.653476,0.000000,0.002680,7.312486,0.000000,-0.004020,1.360641,0.000000,0.028140,-0.020405,-1.081356,9.727400,0.021305,-0.063916,-0.036219
34.252467,1012.706561,4.534447,0.000000,-0.005360,0.655010,0.000000,0.002680,7.312486,0.000000,-0.004020,1.360641,0.000000,0.028140,-0.047873,-1.029854,9.702188,0.038350,-0.060720,-0.036219
34.262036,1012.715984,4.534447,0.000000,-0.005360,0.653476,0.000000,0.002680,7.312486,0.000000,-0.004020,1.360641,0.000000,0.028140,-0.074262,-0.937640,9.697479,0.041546,-0.061785,-0.035154
34.272053,1012.725705,4.534447,0.000000,-0.005360,0.655010,0.000000,0.002680,7.312486,0.000000,-0.004020,1.360641,0.000000,0.028140,-0.092214,-0.908896,9.709448,0.041546,-0.060720,-0.033023
34.282546,1012.735442,4.534447,0.000000,-0.005360,0.655010,0.000000,0.002680,7.312486,0.000000,-0.004020,1.360641,0.000000,0.028140,-0.108989,-0.802360,9.698657,0.042610,-0.061785,-0.031959
34.292066,1012.744882,4.534447,0.000000,-0.005360,0.653476,0.000000,0.002680,7.312486,0.000000,-0.004020,1.360641,0.000000,0.028140,-0.138910,-0.769987,9.696204,0.037284,-0.062851,-0.030892
34.302457,1012.754336,4.534447,0.000000,-0.005360,0.653476,0.000000,0.002680,7.312486,0.000000,-0.004020,1.360641,0.000000,0.028140,-0.149701,-0.714953,9.726223,0.037284,-0.063916,-0.030892
34.312239,1012.763889,4.534447,0.000000,-0.005360,0.653476,0.000000,0.002680,7.312486,0.000000,-0.004020,1.360641,0.000000,0.028140,-0.167653,-0.665805,9.747707,0.040479,-0.063916,-0.030892
34.322046,1012.773641,4.534447,0.000000,-0.005360,0.653476,0.000000,0.002680,7.312486,0.000000,-0.004020,1.360641,0.000000,0.028140,-0.168830,-0.639514,9.714156,0.030892,-0.064980,-0.031959
34.332247,1012.783105,4.534447,0.000000,-0.005360,0.653476,0.000000,0.002680,7.312486,0.000000,-0.004020,1.360641,0.000000,0.028140,-0.166476,-0.634707,9.720140,0.025566,-0.063916,-0.033023
34.342069,1012.792773,4.534447,0.000000,-0.005360,0.655010,0.000000,0.002680,7.312486,0.000000,-0.004020,1.360641,0.000000,0.028140,-0.166476,-0.639514,9.709448,0.026632,-0.063916,-0.035154
34.352067,1012.802092,4.534447,0.000000,-0.005360,0.653476,0.000000,0.002680,7.312486,0.000000,-0.004020,1.362175,0.000000,0.028140,-0.168830,-0.662175,9.721416,0.028761,-0.062851,-0.035154
34.362037,1012.811517,4.534447,0.000000,-0.005360,0.653476,0.000000,0.002680,7.312486,0.000000,-0.004020,1.360641,0.000000,0.028140,-0.152055,-0.693371,9.703463,0.021305,-0.064980,-0.036219
34.372051,1012.821303,4.534447,0.000000,-0.005360,0.653476,0.000000,0.002680,7.312486,0.000000,-0.004020,1.360641,0.000000,0.028140,-0.148523,-0.753212,9.708172,0.018110,-0.067111,-0.036219
34.382422,1012.830721,4.534447,0.000000,-0.005360,0.655010,0.000000,0.002680,7.312486,0.000000,-0.004020,1.360641,0.000000,0.028140,-0.118505,-0.820312,9.727400,0.024501,-0.064980,-0.035154
34.392058,1012.840247,4.534447,0.000000,-0.005360,0.653476,0.000000,0.002680,7.312486,0.000000,-0.004020,1.360641,0.000000,0.028140,-0.087407,-0.859847,9.740545,0.028761,-0.063916,-0.035154
34.402414,1012.849952,4.534447,0.000000,-0.005360,0.655010,0.000000,0.002680,7.312486,0.000000,-0.004020,1.360641,0.000000,0.028140,-0.074262,-0.911349,9.734561,0.024501,-0.063916,-0.034088
34.412046,1012.859551,4.534447,0.000000,-0.005360,0.653476,0.000000,0.002680,7.312486,0.000000,-0.004020,1.360641,0.000000,0.028140,-0.053857,-0.944801,9.711802,0.022370,-0.063916,-0.034088
34.422051,1012.869112,4.534447,0.000000,-0.005360,0.655010,0.000000,0.002680,7.312486,0.000000,-0.004020,1.360641,0.000000,0.028140,-0.040712,-0.975997,9.680704,0.022370,-0.064980,-0.033023
34.432046,1012.878500,4.534447,0.000000,-0.005360,0.655010,0.000000,0.002680,7.312486,0.000000,-0.004020,1.360641,0.000000,0.028140,-0.038357,-1.008272,9.692672,0.021305,-0.066047,-0.035154
34.442048,1012.888157,4.534447,0.000000,-0.005360,0.653476,0.000000,0.002680,7.312486,0.000000,-0.004020,1.360641,0.000000,0.028140,-0.022759,-1.015531,9.714156,0.030892,-0.064980,-0.035154
34.452312,1012.897723,4.534447,0.000000,-0.005360,0.653476,0.000000,0.002680,7.312486,0.000000,-0.004020,1.360641,0.000000,0.028140,-0.029921,-0.999933,9.744175,0.034088,-0.063916,-0.034088
34.462117,1012.916639,4.534447,0.000000,-0.005360,0.655010,0.000000,0.002680,7.312486,0.000000,-0.004020,1.360641,0.000000,0.028140,-0.061116,-0.967560,9.701011,0.025566,-0.064980,-0.035154
34.472069,1012.926446,4.534447,0.000000,-0.005360,0.653476,0.000000,0.002680,7.312486,0.000000,-0.004020,1.360641,0.000000,0.028140,-0.071809,-0.912526,9.699834,0.033023,-0.063916,-0.034088
34.482396,1012.935841,4.534447,0.000000,-0.005360,0.653476,0.000000,0.002680,7.312486,0.000000,-0.004020,1.360641,0.000000,0.028140,-0.093391,-0.870637,9.701011,0.038350,-0.062851,-0.035154
34.492094,1012.945226,4.534447,0.000000,-0.005360,0.653476,0.000000,0.002680,7.312486,0.000000,-0.004020,1.360641,0.000000,0.028140,-0.113796,-0.828651,9.716609,0.035154,-0.063916,-0.036219
34.502357,1012.954845,4.534447,0.000000,-0.005360,0.653476,0.000000,0.002680,7.312486,0.000000,-0.004020,1.360641,0.000000,0.028140,-0.131748,-0.785585,9.711802,0.034088,-0.063916,-0.035154
34.512082,1012.964485,4.534447,0.000000,-0.005360,0.653476,0.000000,0.002680,7.312486,0.000000,-0.004020,1.360641,0.000000,0.028140,-0.140087,-0.746051,9.710625,0.034088,-0.063916,-0.034088
34.522107,1012.973828,4.534447,0.000000,-0.005360,0.653476,0.000000,0.002680,7.312486,0.000000,-0.004020,1.360641,0.000000,0.028140,-0.137732,-0.720937,9.711802,0.034088,-0.064980,-0.031959
34.532394,1012.983558,4.534447,0.000000,-0.005360,0.653476,0.000000,0.002680,7.312486,0.000000,-0.004020,1.360641,0.000000,0.028140,-0.148523,-0.707693,9.717786,0.033023,-0.063916,-0.033023
34.542509,1012.993041,4.534447,0.000000,-0.005360,0.653476,0.000000,0.002680,7.312486,0.000000,-0.004020,1.360641,0.000000,0.028140,-0.154508,-0.702985,9.699834,0.030892,-0.061785,-0.033023
34.552111,1013.002642,4.534447,0.000000,-0.005360,0.653476,0.000000,0.002680,7.312486,0.000000,-0.004020,1.360641,0.000000,0.028140,-0.146071,-0.714953,9.705818,0.029828,-0.060720,-0.031959
34.562128,1013.012069,4.534447,0.000000,-0.005360,0.653476,0.000000,0.002680,7.312486,0.000000,-0.004020,1.360641,0.000000,0.028140,-0.129296,-0.735260,9.720140,0.031959,-0.061785,-0.033023
34.572193,1013.021842,4.534447,0.000000,-0.005360,0.653476,0.000000,0.002680,7.312486,0.000000,-0.004020,1.360641,0.000000,0.028140,-0.130571,-0.738889,9.730931,0.035154,-0.062851,-0.033023
34.582169,1013.031385,4.534447,0.000000,-0.005360,0.655010,0.000000,0.002680,7.312486,0.000000,-0.004020,1.360641,0.000000,0.028140,-0.119780,-0.791569,9.721416,0.024501,-0.062851,-0.034088
34.592304,1013.041035,4.534447,0.000000,-0.005360,0.653476,0.000000,0.002680,7.312486,0.000000,-0.004020,1.360641,0.000000,0.028140,-0.113796,-0.838265,9.698657,0.019174,-0.063916,-0.036219
34.602256,1013.050477,4.534447,0.000000,-0.005360,0.653476,0.000000,0.002680,7.312486,0.000000,-0.004020,1.360641,0.000000,0.028140,-0.087407,-0.861024,9.720140,0.024501,-0.063916,-0.035154
34.612540,1013.060137,4.534447,0.000000,-0.005360,0.653476,0.000000,0.002680,7.312486,0.000000,-0.004020,1.360641,0.000000,0.028140,-0.080246,-0.868185,9.718963,0.030892,-0.062851,-0.034088
34.622548,1013.069352,4.534447,0.000000,-0.005360,0.653476,0.000000,0.002680,7.312486,0.000000,-0.004020,1.360641,0.000000,0.028140,-0.077793,-0.902912,9.712979,0.023436,-0.064980,-0.034088
34.632208,1013.078934,4.534447,0.000000,-0.005360,0.653476,0.000000,0.002680,7.312486,0.000000,-0.004020,1.360641,0.000000,0.028140,-0.068278,-0.914881,9.710625,0.021305,-0.064980,-0.035154
34.642250,1013.088526,4.534447,0.000000,-0.005360,0.653476,0.000000,0.002680,7.312486,0.000000,-0.004020,1.360641,0.000000,0.028140,-0.074262,-0.937640,9.693850,0.024501,-0.064980,-0.034088
34.652460,1013.098296,4.534447,0.000000,-0.005360,0.653476,0.000000,0.002680,7.312486,0.000000,-0.004020,1.360641,0.000000,0.028140,-0.064648,-0.923317,9.710625,0.028761,-0.064980,-0.033023
34.662557,1013.117441,4.534447,0.000000,-0.005360,0.653476,0.000000,0.002680,7.312486,0.000000,-0.004020,1.360641,0.000000,0.028140,-0.053857,-0.940092,9.730931,0.028761,-0.062851,-0.033023
34.672067,1013.126700,4.534447,0.000000,-0.005360,0.653476,0.000000,0.002680,7.312486,0.000000,-0.004020,1.360641,0.000000,0.028140,-0.068278,-0.906542,9.714156,0.033023,-0.062851,-0.035154
34.682146,1013.136398,4.534447,0.000000,-0.005360,0.653476,0.000000,0.002680,7.312486,0.000000,-0.004020,1.360641,0.000000,0.028140,-0.075439,-0.895751,9.722593,0.031959,-0.061785,-0.036219
34.692042,1013.145743,4.534447,0.000000,-0.005360,0.653476,0.000000,0.002680,7.312486,0.000000,-0.004020,1.360641,0.000000,0.028140,-0.077793,-0.869362,9.723770,0.033023,-0.062851,-0.035154
34.702388,1013.155441,4.534447,0.000000,-0.005360,0.655010,0.000000,0.002680,7.312486,0.000000,-0.004020,1.360641,0.000000,0.028140,-0.089860,-0.846603,9.704641,0.034088,-0.064980,-0.034088
34.712540,1013.165066,4.534447,0.000000,-0.005360,0.653476,0.000000,0.002680,7.312486,0.000000,-0.004020,1.360641,0.000000,0.028140,-0.107812,-0.837087,9.721416,0.031959,-0.062851,-0.033023
34.722535,1013.174522,4.534447,0.000000,-0.005360,0.655010,0.000000,0.002680,7.312486,0.000000,-0.004020,1.360641,0.000000,0.028140,-0.111344,-0.813151,9.702188,0.035154,-0.063916,-0.033023
34.732095,1013.183939,4.534447,0.000000,-0.005360,0.653476,0.000000,0.002680,7.312486,0.000000,-0.004020,1.360641,0.000000,0.028140,-0.123312,-0.793923,9.706995,0.034088,-0.062851,-0.034088
34.742090,1013.193829,4.534447,0.000000,-0.005360,0.653476,0.000000,0.002680,7.312486,0.000000,-0.004020,1.360641,0.000000,0.028140,-0.135280,-0.780778,9.716609,0.031959,-0.062851,-0.033023
34.752145,1013.203205,4.534447,0.000000,-0.005360,0.655010,0.000000,0.002680,7.312486,0.000000,-0.004020,1.360641,0.000000,0.028140,-0.144894,-0.775971,9.726223,0.030892,-0.060720,-0.033023
34.762206,1013.212890,4.534447,0.000000,-0.005360,0.655010,0.000000,0.002680,7.312486,0.000000,-0.004020,1.360641,0.000000,0.028140,-0.140087,-0.747228,9.712979,0.033023,-0.061785,-0.036219
34.772110,1013.222394,4.534447,0.000000,-0.005360,0.653476,0.000000,0.004020,7.312486,0.000000,-0.004020,1.360641,0.000000,0.028140,-0.117328,-0.790392,9.746529,0.026632,-0.058589,-0.035154
34.782168,1013.231939,4.534447,0.000000,-0.005360,0.655010,0.000000,0.004020,7.312486,0.000000,-0.004020,1.360641,0.000000,0.028140,-0.143716,-0.713677,9.697479,0.038350,-0.063916,-0.035154
34.792208,1013.241506,4.534447,0.000000,-0.005360,0.655010,0.000000,0.004020,7.312486,0.000000,-0.004020,1.360641,0.000000,0.028140,-0.135280,-0.814328,9.717786,0.022370,-0.059655,-0.035154
34.802287,1013.251104,4.534447,0.000000,-0.005360,0.655010,0.000000,0.004020,7.312486,0.000000,-0.004020,1.360641,0.000000,0.028140,-0.110166,-0.769987,9.689043,0.033023,-0.061785,-0.035154
34.812339,1013.260651,4.534447,0.000000,-0.005360,0.653476,0.000000,0.004020,7.312486,0.000000,-0.004020,1.360641,0.000000,0.028140,-0.126941,-0.844249,9.709448,0.031959,-0.058589,-0.035154
34.822337,1013.269931,4.534447,0.000000,-0.005360,0.653476,0.000000,0.004020,7.312486,0.000000,-0.004020,1.360641,0.000000,0.028140,-0.100553,-0.825119,9.720140,0.034088,-0.061785,-0.033023
34.832380,1013.279640,4.534447,0.000000,-0.005360,0.653476,0.000000,0.004020,7.312486,0.000000,-0.004020,1.360641,0.000000,0.028140,-0.079069,-0.855040,9.732207,0.027697,-0.066047,-0.034088
34.842441,1013.289056,4.534447,0.000000,-0.004020,0.653476,0.000000,0.004020,7.312486,0.000000,-0.004020,1.360641,0.000000,0.028140,-0.077793,-0.905365,9.705818,0.014914,-0.064980,-0.034088
34.852453,1013.298622,4.534447,0.000000,-0.004020,0.653476,0.000000,0.004020,7.312486,0.000000,-0.004020,1.360641,0.000000,0.028140,-0.089860,-0.907719,9.692672,0.027697,-0.063916,-0.034088
34.862560,1013.308078,4.534447,0.000000,-0.004020,0.653476,0.000000,0.004020,7.312486,0.000000,-0.004020,1.360641,0.000000,0.028140,-0.075439,-0.912526,9.726223,0.035154,-0.060720,-0.034088
34.872500,1013.317641,4.534447,0.000000,-0.004020,0.653476,0.000000,0.004020,7.312486,0.000000,-0.004020,1.360641,0.000000,0.028140,-0.070632,-0.876622,9.718963,0.036219,-0.062851,-0.033023
34.882546,1013.336997,4.534447,0.000000,-0.004020,0.653476,0.000000,0.004020,7.312486,0.000000,-0.004020,1.360641,0.000000,0.028140,-0.079069,-0.912526,9.696204,0.028761,-0.062851,-0.034088
34.892523,1013.346590,4.534447,0.000000,-0.004020,0.653476,0.000000,0.004020,7.312486,0.000000,-0.004020,1.360641,0.000000,0.028140,-0.082600,-0.904090,9.714156,0.035154,-0.061785,-0.033023
34.902538,1013.355950,4.534447,0.000000,-0.004020,0.653476,0.000000,0.004020,7.312486,0.000000,-0.004020,1.362175,0.000000,0.028140,-0.093391,-0.880153,9.718963,0.037284,-0.062851,-0.034088
34.912503,1013.365720,4.534447,0.000000,-0.004020,0.655010,0.000000,0.004020,7.312486,0.000000,-0.004020,1.360641,0.000000,0.028140,-0.094568,-0.868185,9.698657,0.030892,-0.061785,-0.035154
34.922393,1013.375136,4.534447,0.000000,-0.004020,0.653476,0.000000,0.004020,7.312486,0.000000,-0.004020,1.360641,0.000000,0.028140,-0.104182,-0.841894,9.690220,0.029828,-0.063916,-0.033023
34.932564,1013.384659,4.534447,0.000000,-0.004020,0.653476,0.000000,0.004020,7.312486,0.000000,-0.004020,1.360641,0.000000,0.028140,-0.111344,-0.826296,9.702188,0.035154,-0.062851,-0.033023
34.942035,1013.394091,4.534447,0.000000,-0.004020,0.653476,0.000000,0.004020,7.312486,0.000000,-0.004020,1.360641,0.000000,0.028140,-0.112521,-0.779601,9.716609,0.038350,-0.062851,-0.031959
34.952102,1013.403924,4.534447,0.000000,-0.004020,0.653476,0.000000,0.004020,7.312486,0.000000,-0.004020,1.360641,0.000000,0.028140,-0.136555,-0.777148,9.706995,0.029828,-0.063916,-0.034088
34.962564,1013.413441,4.534447,0.000000,-0.004020,0.655010,0.000000,0.004020,7.312486,0.000000,-0.004020,1.360641,0.000000,0.028140,-0.134103,-0.771164,9.684236,0.026632,-0.062851,-0.034088
34.972515,1013.422941,4.534447,0.000000,-0.004020,0.653476,0.000000,0.004020,7.312486,0.000000,-0.004020,1.360641,0.000000,0.028140,-0.142539,-0.764003,9.705818,0.033023,-0.062851,-0.034088
34.982040,1013.432559,4.534447,0.000000,-0.004020,0.653476,0.000000,0.004020,7.312486,0.000000,-0.004020,1.360641,0.000000,0.028140,-0.126941,-0.764003,9.722593,0.034088,-0.062851,-0.033023
34.992082,1013.442056,4.534447,0.000000,-0.004020,0.653476,0.000000,0.004020,7.312486,0.000000,-0.004020,1.360641,0.000000,0.028140,-0.136555,-0.759196,9.696204,0.028761,-0.063916,-0.034088
35.002142,1013.451564,4.534447,0.000000,-0.004020,0.653476,0.000000,0.004020,7.312486,0.000000,-0.004020,1.360641,0.000000,0.028140,-0.130571,-0.807167,9.690220,0.022370,-0.063916,-0.033023
35.012148,1013.461091,4.534447,0.000000,-0.004020,0.653476,0.000000,0.004020,7.312486,0.000000,-0.004020,1.360641,0.000000,0.028140,-0.136555,-0.803537,9.695027,0.029828,-0.062851,-0.034088
35.022196,1013.470759,4.534447,0.000000,-0.004020,0.653476,0.000000,0.004020,7.312486,0.000000,-0.004020,1.360641,0.000000,0.028140,-0.118505,-0.832280,9.723770,0.034088,-0.060720,-0.034088
35.032265,1013.480298,4.534447,0.000000,-0.004020,0.653476,0.000000,0.004020,7.312486,0.000000,-0.004020,1.360641,0.000000,0.028140,-0.105359,-0.816683,9.734561,0.031959,-0.062851,-0.035154
35.042305,1013.489845,4.534447,0.000000,-0.004020,0.653476,0.000000,0.004020,7.312486,0.000000,-0.004020,1.360641,0.000000,0.028140,-0.091037,-0.889767,9.720140,0.019174,-0.060720,-0.035154
35.052358,1013.499276,4.534447,0.000000,-0.004020,0.653476,0.000000,0.004020,7.312486,0.000000,-0.004020,1.360641,0.000000,0.028140,-0.074262,-0.857394,9.687866,0.027697,-0.061785,-0.035154
35.062421,1013.508975,4.534447,0.000000,-0.004020,0.653476,0.000000,0.004020,7.312486,0.000000,-0.004020,1.360641,0.000000,0.028140,-0.082600,-0.942447,9.732207,0.031959,-0.057524,-0.034088
35.072471,1013.518546,4.534447,0.000000,-0.004020,0.653476,0.000000,0.004020,7.312486,0.000000,-0.004020,1.360641,0.000000,0.028140,-0.083777,-0.862201,9.716609,0.044742,-0.059655,-0.033023
35.082504,1013.527853,4.534447,0.000000,-0.004020,0.655010,0.000000,0.004020,7.312486,0.000000,-0.004020,1.360641,0.000000,0.028140,-0.083777,-0.911349,9.729754,0.025566,-0.061785,-0.035154
35.092479,1013.537488,4.534447,0.000000,-0.004020,0.653476,0.000000,0.004020,7.312486,0.000000,-0.004020,1.360641,0.000000,0.028140,-0.082600,-0.923317,9.711802,0.018110,-0.063916,-0.035154
35.102379,1013.547147,4.534447,0.000000,-0.004020,0.653476,0.000000,0.004020,7.312486,0.000000,-0.004020,1.360641,0.000000,0.028140,-0.087407,-0.890944,9.711802,0.036219,-0.061785,-0.034088
35.112410,1013.566247,4.534447,0.000000,-0.004020,0.653476,0.000000,0.004020,7.312486,0.000000,-0.004020,1.360641,0.000000,0.028140,-0.095844,-0.850233,9.714156,0.029828,-0.062851,-0.034088
35.122417,1013.575558,4.534447,0.000000,-0.004020,0.655010,0.000000,0.004020,7.312486,0.000000,-0.004020,1.360641,0.000000,0.028140,-0.103005,-0.841894,9.706995,0.027697,-0.062851,-0.033023
35.132434,1013.585248,4.534447,0.000000,-0.004020,0.655010,0.000000,0.004020,7.312486,0.000000,-0.004020,1.360641,0.000000,0.028140,-0.113796,-0.832280,9.704641,0.030892,-0.061785,-0.034088
35.142426,1013.594930,4.534447,0.000000,-0.004020,0.655010,0.000000,0.004020,7.312486,0.000000,-0.004020,1.360641,0.000000,0.028140,-0.138910,-0.780778,9.703463,0.037284,-0.060720,-0.034088
35.152437,1013.604169,4.534447,0.000000,-0.004020,0.653476,0.000000,0.004020,7.312486,0.000000,-0.004020,1.360641,0.000000,0.028140,-0.116150,-0.781955,9.705818,0.034088,-0.061785,-0.035154
35.162709,1013.613790,4.534447,0.000000,-0.004020,0.653476,0.000000,0.004020,7.312486,0.000000,-0.004020,1.360641,0.000000,0.028140,-0.130571,-0.792746,9.693850,0.027697,-0.062851,-0.034088
35.172149,1013.623439,4.534447,0.000000,-0.004020,0.655010,0.000000,0.004020,7.312486,0.000000,-0.004020,1.360641,0.000000,0.028140,-0.138910,-0.791569,9.701011,0.030892,-0.060720,-0.034088
35.182489,1013.633129,4.534447,0.000000,-0.004020,0.653476,0.000000,0.004020,7.312486,0.000000,-0.004020,1.360641,0.000000,0.028140,-0.134103,-0.775971,9.702188,0.035154,-0.060720,-0.034088
35.192354,1013.642419,4.534447,0.000000,-0.004020,0.653476,0.000000,0.004020,7.312486,0.000000,-0.004020,1.360641,0.000000,0.028140,-0.129296,-0.781955,9.695027,0.031959,-0.062851,-0.034088
35.202487,1013.652035,4.534447,0.000000,-0.004020,0.653476,0.000000,0.004020,7.312486,0.000000,-0.004020,1.360641,0.000000,0.028140,-0.119780,-0.809521,9.692672,0.022370,-0.062851,-0.035154
35.212516,1013.661638,4.534447,0.000000,-0.004020,0.653476,0.000000,0.004020,7.312486,0.000000,-0.004020,1.360641,0.000000,0.028140,-0.122134,-0.822667,9.686688,0.026632,-0.063916,-0.034088
35.222492,1013.671294,4.534447,0.000000,-0.004020,0.655010,0.000000,0.004020,7.312486,0.000000,-0.004020,1.360641,0.000000,0.028140,-0.124587,-0.817860,9.702188,0.033023,-0.063916,-0.034088
35.232464,1013.680807,4.534447,0.000000,-0.004020,0.653476,0.000000,0.004020,7.312486,0.000000,-0.004020,1.360641,0.000000,0.028140,-0.106537,-0.828651,9.708172,0.027697,-0.063916,-0.034088
35.242481,1013.690155,4.534447,0.000000,-0.004020,0.653476,0.000000,0.004020,7.312486,0.000000,-0.004020,1.360641,0.000000,0.028140,-0.107812,-0.851410,9.705818,0.024501,-0.063916,-0.035154
35.252534,1013.699844,4.534447,0.000000,-0.004020,0.653476,0.000000,0.004020,7.312486,0.000000,-0.004020,1.360641,0.000000,0.028140,-0.106537,-0.859847,9.697479,0.028761,-0.064980,-0.035154
35.262578,1013.709385,4.534447,0.000000,-0.004020,0.653476,0.000000,0.004020,7.312486,0.000000,-0.004020,1.360641,0.000000,0.028140,-0.104182,-0.855040,9.698657,0.033023,-0.064980,-0.035154
35.272488,1013.718999,4.534447,0.000000,-0.004020,0.655010,0.000000,0.004020,7.312486,0.000000,-0.004020,1.360641,0.000000,0.028140,-0.101828,-0.858571,9.708172,0.030892,-0.064980,-0.034088
35.282533,1013.728495,4.534447,0.000000,-0.004020,0.653476,0.000000,0.004020,7.312486,0.000000,-0.004020,1.360641,0.000000,0.028140,-0.092214,-0.883783,9.712979,0.027697,-0.063916,-0.034088
35.292514,1013.747357,4.534447,0.000000,-0.004020,0.653476,0.000000,0.004020,7.312486,0.000000,-0.004020,1.360641,0.000000,0.028140,-0.099375,-0.925672,9.744175,0.027697,-0.064980,-0.030892
35.302528,1013.757293,4.534447,0.000000,-0.004020,0.653476,0.000000,0.004020,7.312486,0.000000,-0.004020,1.360641,0.000000,0.028140,-0.088584,-0.883783,9.699834,0.014914,-0.066047,-0.036219
35.312554,1013.766842,4.534447,0.000000,-0.004020,0.653476,0.000000,0.004020,7.312486,0.000000,-0.004020,1.360641,0.000000,0.028140,-0.104182,-0.898106,9.708172,0.028761,-0.064980,-0.035154
35.322556,1013.776295,4.534447,0.000000,-0.004020,0.653476,0.000000,0.004020,7.312486,0.000000,-0.004020,1.360641,0.000000,0.028140,-0.095844,-0.822667,9.745352,0.045806,-0.062851,-0.033023
35.332492,1013.785648,4.534447,0.000000,-0.004020,0.653476,0.000000,0.004020,7.312486,0.000000,-0.004020,1.360641,0.000000,0.028140,-0.100553,-0.834635,9.716609,0.029828,-0.063916,-0.034088
35.342462,1013.795245,4.534447,0.000000,-0.004020,0.653476,0.000000,0.004020,7.312486,0.000000,-0.004020,1.360641,0.000000,0.028140,-0.110166,-0.832280,9.702188,0.022370,-0.061785,-0.035154
35.352459,1013.804844,4.534447,0.000000,-0.004020,0.653476,0.000000,0.004020,7.312486,0.000000,-0.004020,1.360641,0.000000,0.028140,-0.116150,-0.814328,9.718963,0.036219,-0.062851,-0.034088
35.362527,1013.814504,4.534447,0.000000,-0.004020,0.653476,0.000000,0.004020,7.312486,0.000000,-0.004020,1.360641,0.000000,0.028140,-0.114973,-0.781955,9.721416,0.037284,-0.061785,-0.033023
35.372461,1013.823757,4.534447,0.000000,-0.004020,0.653476,0.000000,0.004020,7.312486,0.000000,-0.004020,1.360641,0.000000,0.028140,-0.117328,-0.814328,9.712979,0.024501,-0.063916,-0.034088
35.382468,1013.833463,4.534447,0.000000,-0.004020,0.653476,0.000000,0.004020,7.312486,0.000000,-0.004020,1.360641,0.000000,0.028140,-0.122134,-0.819135,9.718963,0.027697,-0.063916,-0.033023
35.392042,1013.843161,4.534447,0.000000,-0.004020,0.655010,0.000000,0.004020,7.312486,0.000000,-0.004020,1.360641,0.000000,0.028140,-0.114973,-0.789116,9.706995,0.033023,-0.062851,-0.034088
35.402085,1013.852518,4.534447,0.000000,-0.004020,0.653476,0.000000,0.004020,7.312486,0.000000,-0.004020,1.360641,0.000000,0.028140,-0.114973,-0.791569,9.715432,0.028761,-0.062851,-0.035154
35.412096,1013.862141,4.534447,0.000000,-0.004020,0.655010,0.000000,0.004020,7.312486,0.000000,-0.004020,1.360641,0.000000,0.028140,-0.124587,-0.827473,9.710625,0.024501,-0.062851,-0.034088
35.422451,1013.871860,4.534447,0.000000,-0.004020,0.653476,0.000000,0.004020,7.312486,0.000000,-0.004020,1.360641,0.000000,0.028140,-0.114973,-0.815505,9.715432,0.030892,-0.063916,-0.035154
35.432471,1013.881085,4.534447,0.000000,-0.004020,0.655010,0.000000,0.004020,7.312486,0.000000,-0.004020,1.360641,0.000000,0.028140,-0.110166,-0.816683,9.710625,0.029828,-0.062851,-0.034088
35.442500,1013.890786,4.534447,0.000000,-0.004020,0.653476,0.000000,0.004020,7.312486,0.000000,-0.004020,1.360641,0.000000,0.028140,-0.108989,-0.837087,9.720140,0.024501,-0.064980,-0.033023
35.452500,1013.900293,4.534447,0.000000,-0.004020,0.653476,0.000000,0.004020,7.312486,0.000000,-0.004020,1.360641,0.000000,0.028140,-0.110166,-0.846603,9.717786,0.027697,-0.063916,-0.033023
35.462763,1013.909788,4.534447,0.000000,-0.004020,0.655010,0.000000,0.004020,7.312486,0.000000,-0.004020,1.360641,0.000000,0.028140,-0.110166,-0.849056,9.734561,0.031959,-0.064980,-0.034088
35.472392,1013.919492,4.534447,0.000000,-0.004020,0.655010,0.000000,0.004020,7.312486,0.000000,-0.004020,1.360641,0.000000,0.028140,-0.106537,-0.847878,9.715432,0.025566,-0.063916,-0.034088
35.482189,1013.928978,4.534447,0.000000,-0.004020,0.653476,0.000000,0.004020,7.312486,0.000000,-0.004020,1.360641,0.000000,0.028140,-0.093391,-0.880153,9.723770,0.026632,-0.063916,-0.034088
35.492372,1013.938490,4.534447,0.000000,-0.004020,0.655010,0.000000,0.004020,7.312486,0.000000,-0.004020,1.360641,0.000000,0.028140,-0.083777,-0.851410,9.730931,0.034088,-0.062851,-0.034088
35.502122,1013.948120,4.534447,0.000000,-0.004020,0.653476,0.000000,0.004020,7.312486,0.000000,-0.004020,1.360641,0.000000,0.028140,-0.094568,-0.863378,9.733384,0.028761,-0.063916,-0.034088
35.512333,1013.957715,4.534447,0.000000,-0.004020,0.655010,0.000000,0.004020,7.312486,0.000000,-0.004020,1.360641,0.000000,0.028140,-0.088584,-0.883783,9.728577,0.027697,-0.062851,-0.034088
35.522072,1013.976618,4.534447,0.000000,-0.004020,0.653476,0.000000,0.004020,7.312486,0.000000,-0.004020,1.360641,0.000000,0.028140,-0.082600,-0.846603,9.724947,0.031959,-0.062851,-0.035154
35.532204,1013.986243,4.534447,0.000000,-0.004020,0.653476,0.000000,0.004020,7.312486,0.000000,-0.004020,1.360641,0.000000,0.028140,-0.094568,-0.865831,9.718963,0.027697,-0.062851,-0.034088
35.542542,1013.995924,4.534447,0.000000,-0.004020,0.653476,0.000000,0.004020,7.312486,0.000000,-0.004020,1.360641,0.000000,0.028140,-0.101828,-0.839442,9.709448,0.033023,-0.062851,-0.034088
35.552477,1014.005466,4.534447,0.000000,-0.004020,0.655010,0.000000,0.004020,7.312486,0.000000,-0.004020,1.360641,0.000000,0.028140,-0.108989,-0.835910,9.715432,0.033023,-0.063916,-0.034088
35.562616,1014.015030,4.534447,0.000000,-0.004020,0.653476,0.000000,0.004020,7.312486,0.000000,-0.004020,1.360641,0.000000,0.028140,-0.113796,-0.817860,9.711802,0.030892,-0.063916,-0.034088
35.572258,1014.024637,4.534447,0.000000,-0.004020,0.653476,0.000000,0.004020,7.312486,0.000000,-0.004020,1.360641,0.000000,0.028140,-0.119780,-0.811876,9.726223,0.029828,-0.063916,-0.034088
35.582448,1014.034029,4.534447,0.000000,-0.004020,0.653476,0.000000,0.004020,7.312486,0.000000,-0.004020,1.360641,0.000000,0.028140,-0.118505,-0.820312,9.711802,0.030892,-0.063916,-0.035154
35.592549,1014.043415,4.534447,0.000000,-0.004020,0.653476,0.000000,0.004020,7.312486,0.000000,-0.004020,1.360641,0.000000,0.028140,-0.123312,-0.797553,9.708172,0.033023,-0.062851,-0.034088
35.602244,1014.053061,4.534447,0.000000,-0.004020,0.653476,0.000000,0.004020,7.312486,0.000000,-0.004020,1.360641,0.000000,0.028140,-0.119780,-0.799907,9.718963,0.030892,-0.062851,-0.034088
35.612558,1014.062545,4.534447,0.000000,-0.004020,0.653476,0.000000,0.004020,7.312486,0.000000,-0.004020,1.360641,0.000000,0.028140,-0.114973,-0.811876,9.722593,0.028761,-0.063916,-0.036219
35.622276,1014.072340,4.534447,0.000000,-0.004020,0.653476,0.000000,0.004020,7.312486,0.000000,-0.004020,1.360641,0.000000,0.028140,-0.122134,-0.807167,9.712979,0.029828,-0.062851,-0.035154
35.632478,1014.081947,4.534447,0.000000,-0.004020,0.653476,0.000000,0.002680,7.312486,0.000000,-0.004020,1.360641,0.000000,0.028140,-0.120957,-0.805892,9.720140,0.027697,-0.063916,-0.035154
35.642143,1014.091351,4.534447,0.000000,-0.004020,0.655010,0.000000,0.002680,7.312486,0.000000,-0.004020,1.360641,0.000000,0.028140,-0.119780,-0.831103,9.708172,0.026632,-0.062851,-0.034088
35.652261,1014.100927,4.534447,0.000000,-0.004020,0.653476,0.000000,0.002680,7.312486,0.000000,-0.004020,1.360641,0.000000,0.028140,-0.118505,-0.839442,9.710625,0.027697,-0.062851,-0.033023
35.662714,1014.110488,4.534447,0.000000,-0.004020,0.653476,0.000000,0.002680,7.312486,0.000000,-0.004020,1.360641,0.000000,0.028140,-0.104182,-0.851410,9.718963,0.028761,-0.064980,-0.033023
35.672510,1014.119996,4.534447,0.000000,-0.004020,0.653476,0.000000,0.002680,7.312486,0.000000,-0.004020,1.360641,0.000000,0.028140,-0.094568,-0.865831,9.724947,0.027697,-0.064980,-0.033023
35.682361,1014.129418,4.534447,0.000000,-0.004020,0.653476,0.000000,0.002680,7.312486,0.000000,-0.004020,1.360641,0.000000,0.028140,-0.089860,-0.868185,9.720140,0.028761,-0.063916,-0.035154
35.692406,1014.139280,4.534447,0.000000,-0.004020,0.655010,0.000000,0.002680,7.312486,0.000000,-0.004020,1.360641,0.000000,0.028140,-0.087407,-0.876622,9.720140,0.028761,-0.063916,-0.034088
35.702487,1014.148754,4.534447,0.000000,-0.004020,0.653476,0.000000,0.002680,7.312486,0.000000,-0.004020,1.360641,0.000000,0.028140,-0.087407,-0.869362,9.730931,0.028761,-0.062851,-0.034088
35.712473,1014.158036,4.534447,0.000000,-0.004020,0.653476,0.000000,0.002680,7.312486,0.000000,-0.004020,1.360641,0.000000,0.028140,-0.091037,-0.877799,9.705818,0.029828,-0.062851,-0.034088
35.722533,1014.177241,4.534447,0.000000,-0.004020,0.653476,0.000000,0.002680,7.312486,0.000000,-0.004020,1.360641,0.000000,0.028140,-0.091037,-0.864555,9.718963,0.029828,-0.063916,-0.035154
35.732064,1014.186930,4.534447,0.000000,-0.004020,0.653476,0.000000,0.002680,7.312486,0.000000,-0.004020,1.360641,0.000000,0.028140,-0.105359,-0.844249,9.704641,0.029828,-0.062851,-0.036219
35.742103,1014.196435,4.534447,0.000000,-0.004020,0.653476,0.000000,0.002680,7.312486,0.000000,-0.004020,1.360641,0.000000,0.028140,-0.111344,-0.838265,9.722593,0.031959,-0.063916,-0.034088
35.752153,1014.205838,4.534447,0.000000,-0.004020,0.653476,0.000000,0.002680,7.312486,0.000000,-0.004020,1.360641,0.000000,0.028140,-0.110166,-0.816683,9.701011,0.031959,-0.061785,-0.033023
35.762203,1014.215634,4.534447,0.000000,-0.004020,0.653476,0.000000,0.002680,7.312486,0.000000,-0.004020,1.360641,0.000000,0.028140,-0.114973,-0.825119,9.710625,0.029828,-0.062851,-0.033023
35.772244,1014.224955,4.534447,0.000000,-0.004020,0.653476,0.000000,0.002680,7.312486,0.000000,-0.004020,1.360641,0.000000,0.028140,-0.117328,-0.814328,9.712979,0.030892,-0.062851,-0.034088
35.782293,1014.234561,4.534447,0.000000,-0.004020,0.653476,0.000000,0.002680,7.312486,0.000000,-0.004020,1.360641,0.000000,0.028140,-0.122134,-0.816683,9.718963,0.029828,-0.063916,-0.033023
35.792370,1014.244060,4.534447,0.000000,-0.004020,0.653476,0.000000,0.002680,7.312486,0.000000,-0.004020,1.360641,0.000000,0.028140,-0.132926,-0.803537,9.720140,0.029828,-0.063916,-0.033023
35.802403,1014.253773,4.534447,0.000000,-0.004020,0.653476,0.000000,0.002680,7.310952,0.000000,-0.004020,1.360641,0.000000,0.028140,-0.120957,-0.797553,9.715432,0.029828,-0.064980,-0.034088
35.812588,1014.263349,4.534447,0.000000,-0.004020,0.653476,0.000000,0.002680,7.312486,0.000000,-0.004020,1.360641,0.000000,0.028140,-0.124587,-0.808344,9.708172,0.028761,-0.063916,-0.034088
35.822461,1014.272673,4.534447,0.000000,-0.004020,0.653476,0.000000,0.002680,7.312486,0.000000,-0.004020,1.360641,0.000000,0.028140,-0.124587,-0.821489,9.708172,0.028761,-0.063916,-0.035154
35.832538,1014.282400,4.532913,0.000000,-0.004020,0.653476,0.000000,0.002680,7.312486,0.000000,-0.004020,1.360641,0.000000,0.028140,-0.117328,-0.820312,9.703463,0.030892,-0.066047,-0.033023
35.842057,1014.291716,4.534447,0.000000,-0.004020,0.653476,0.000000,0.002680,7.312486,0.000000,-0.004020,1.360641,0.000000,0.028140,-0.111344,-0.833458,9.706995,0.028761,-0.063916,-0.034088
35.852119,1014.301341,4.534447,0.000000,-0.004020,0.655010,0.000000,0.002680,7.310952,0.000000,-0.004020,1.360641,0.000000,0.028140,-0.105359,-0.843071,9.715432,0.028761,-0.063916,-0.034088
35.862231,1014.311071,4.534447,0.000000,-0.004020,0.653476,0.000000,0.002680,7.312486,0.000000,-0.004020,1.360641,0.000000,0.028140,-0.111344,-0.847878,9.712979,0.028761,-0.063916,-0.035154
35.872280,1014.320636,4.534447,0.000000,-0.014740,0.653476,0.000000,0.000000,7.312486,0.000000,-0.010720,1.360641,0.000000,0.006700,-0.114973,-0.852587,9.711802,0.027697,-0.062851,-0.034088
35.882306,1014.330245,4.532913,0.000000,-0.010720,0.653476,0.000000,0.000000,7.312486,0.000000,-0.009380,1.360641,0.000000,0.000000,-0.106537,-0.847878,9.706995,0.028761,-0.062851,-0.034088
35.892435,1014.339437,4.532913,0.000000,-0.013400,0.651942,0.000000,0.000000,7.310952,0.000000,-0.009380,1.360641,0.000000,-0.002680,-0.103005,-0.859847,9.722593,0.030892,-0.063916,-0.034088
35.902501,1014.349369,4.531379,0.000000,-0.014740,0.650408,0.000000,-0.001340,7.309418,0.000000,-0.009380,1.360641,0.000000,-0.013400,-0.104182,-0.870637,9.715432,0.026632,-0.063916,-0.034088
35.912558,1014.358647,4.529845,-0.023981,-0.016080,0.648874,-0.023981,-0.002680,7.307884,-0.023981,-0.012060,1.360641,0.000000,-0.021440,-0.104182,-0.899283,9.689043,0.024501,-0.063916,-0.033023
35.922094,1014.368343,4.525243,-0.047962,-0.017420,0.645806,-0.047962,-0.006700,7.306350,-0.047962,-0.013400,1.360641,0.000000,-0.026800,-0.106537,-0.917333,9.720140,0.025566,-0.067111,-0.030892
35.932121,1014.377927,4.522175,-0.095923,-0.017420,0.642738,-0.071942,-0.008040,7.303283,-0.071942,-0.014740,1.359107,0.000000,-0.029480,-0.114973,-0.926849,9.736916,0.026632,-0.064980,-0.027697
35.942159,1014.387554,4.519107,-0.143885,-0.017420,0.641204,-0.119904,-0.008040,7.300215,-0.095923,-0.016080,1.359107,0.000000,-0.032160,-0.108989,-0.922042,9.696204,0.028761,-0.066047,-0.024501
35.952194,1014.406338,4.516039,-0.191847,-0.018760,0.636602,-0.167866,-0.008040,7.297147,-0.143885,-0.018760,1.359107,0.000000,-0.042880,-0.113796,-0.990320,9.693850,0.023436,-0.066047,-0.017045
35.962274,1014.415841,4.511437,-0.239808,-0.017420,0.633534,-0.191847,-0.009380,7.292545,-0.191847,-0.020100,1.357573,0.000000,-0.054940,-0.100553,-0.924494,9.683059,0.033023,-0.068176,-0.014914
35.972488,1014.425418,4.506836,-0.263789,-0.018760,0.632000,-0.215827,-0.010720,7.289477,-0.215827,-0.021440,1.356039,-0.023981,-0.060300,-0.081423,-0.930479,9.739368,0.034088,-0.063916,-0.011718
35.982072,1014.435313,4.502234,-0.311751,-0.020100,0.628932,-0.239808,-0.012060,7.284875,-0.263789,-0.021440,1.354505,-0.047962,-0.058960,-0.085053,-0.890944,9.698657,0.033023,-0.064980,-0.013849
35.992044,1014.444663,4.497632,-0.335732,-0.017420,0.624330,-0.263789,-0.013400,7.281807,-0.287770,-0.024120,1.351437,-0.071942,-0.058960,-0.152055,-0.970013,9.764482,0.017045,-0.063916,-0.012783
36.002104,1014.454295,4.493030,-0.383693,-0.018760,0.621262,-0.287770,-0.014740,7.277205,-0.335732,-0.026800,1.348369,-0.095923,-0.057620,-0.174814,-0.839442,9.770466,0.051133,-0.062851,-0.008522
36.012155,1014.463862,4.488428,-0.407674,-0.018760,0.616660,-0.287770,-0.017420,7.272603,-0.359712,-0.028140,1.345301,-0.143885,-0.061640,-0.173637,-0.664628,9.687866,0.061785,-0.061785,-0.006391
36.022090,1014.473314,4.482292,-0.407674,-0.018760,0.613592,-0.311751,-0.018760,7.268001,-0.359712,-0.029480,1.340699,-0.191847,-0.060300,-0.175991,-0.752035,9.624395,0.004260,-0.064980,-0.006391
36.032586,1014.483017,4.477690,-0.431655,-0.018760,0.605922,-0.335732,-0.020100,7.263399,-0.383693,-0.032160,1.336097,-0.239808,-0.065660,-0.181976,-0.772439,9.693850,0.020241,-0.066047,-0.002131
36.042497,1014.492420,4.473088,-0.455636,-0.020100,0.602854,-0.359712,-0.021440,7.258797,-0.407674,-0.033500,1.331495,-0.263789,-0.067000,-0.211994,-0.620286,9.620765,0.062851,-0.059655,0.004260
36.052198,1014.502053,4.466952,-0.479616,-0.021440,0.596719,-0.383693,-0.022780,7.254195,-0.407674,-0.036180,1.328427,-0.311751,-0.071020,-0.213171,-0.602334,9.651961,0.036219,-0.063916,0.007456
36.062058,1014.511719,4.462350,-0.479616,-0.021440,0.592117,-0.431655,-0.025460,7.248059,-0.431655,-0.037520,1.323825,-0.359712,-0.069680,-0.204735,-0.781955,9.886616,0.017045,-0.067111,0.007456
36.072310,1014.520978,4.456214,-0.503597,-0.022780,0.584447,-0.455636,-0.025460,7.241923,-0.455636,-0.038860,1.319223,-0.383693,-0.073700,-0.197573,-0.809521,9.835114,0.009587,-0.070307,0.008522
36.082175,1014.530829,4.450078,-0.527578,-0.022780,0.578311,-0.479616,-0.026800,7.237321,-0.479616,-0.042880,1.313088,-0.407674,-0.073700,-0.194042,-0.747228,9.673445,0.003196,-0.066047,0.010653
36.092216,1014.540035,4.443942,-0.551559,-0.024120,0.572175,-0.527578,-0.029480,7.229651,-0.503597,-0.044220,1.306952,-0.431655,-0.073700,-0.166476,-0.726921,9.766934,0.037284,-0.060720,0.015978
36.102441,1014.549752,4.436272,-0.575540,-0.024120,0.564505,-0.551559,-0.032160,7.225050,-0.503597,-0.049580,1.300816,-0.479616,-0.077720,-0.200026,-0.781955,9.830405,0.030892,-0.060720,0.015978
36.112543,1014.568973,4.428603,-0.599521,-0.025460,0.558369,-0.575540,-0.032160,7.217380,-0.527578,-0.053600,1.294680,-0.503597,-0.079060,-0.143716,-0.681403,9.553763,0.041546,-0.063916,0.017045
36.122261,1014.578280,4.422467,-0.623501,-0.026800,0.550699,-0.599521,-0.032160,7.209710,-0.551559,-0.058960,1.287010,-0.527578,-0.081740,-0.108989,-0.717307,9.568085,0.031959,-0.063916,0.019174
36.132292,1014.587830,4.413263,-0.647482,-0.028140,0.541495,-0.623501,-0.034840,7.203574,-0.575540,-0.058960,1.279340,-0.551559,-0.084420,-0.192767,-0.922042,9.729754,0.001065,-0.062851,0.019174
36.142488,1014.597498,4.405593,-0.671463,-0.028140,0.536893,-0.647482,-0.036180,7.195904,-0.599521,-0.058960,1.273204,-0.599521,-0.088440,-0.083777,-0.855040,9.765659,0.049002,-0.060720,0.022370
36.152446,1014.606902,4.397923,-0.695444,-0.028140,0.527689,-0.695444,-0.037520,7.189768,-0.623501,-0.060300,1.265534,-0.623501,-0.088440,-0.144894,-0.779601,9.697479,0.041546,-0.056460,0.021305
36.162500,1014.616527,4.388719,-0.719425,-0.029480,0.518486,-0.719425,-0.041540,7.182098,-0.647482,-0.064320,1.256330,-0.647482,-0.088440,-0.051503,-0.792746,9.776450,0.029828,-0.068176,0.019174
36.172453,1014.626142,4.377981,-0.767386,-0.030820,0.510816,-0.743406,-0.042880,7.172894,-0.671463,-0.068340,1.248660,-0.695444,-0.087100,0.008339,-0.684934,9.508244,0.017045,-0.071373,0.018110
36.182077,1014.635844,4.370311,-0.791367,-0.033500,0.501612,-0.767386,-0.044220,7.163690,-0.695444,-0.075040,1.239456,-0.719425,-0.088440,0.052680,-0.732905,9.346576,-0.025566,-0.087352,0.013849
36.192507,1014.645356,4.359573,-0.839329,-0.034840,0.492408,-0.791367,-0.046900,7.154486,-0.743406,-0.073700,1.230253,-0.767386,-0.088440,-0.026389,-0.833458,9.492647,0.019174,-0.061785,0.021305
36.202409,1014.654719,4.350370,-0.863310,-0.034840,0.483204,-0.839329,-0.048240,7.145283,-0.767386,-0.075040,1.219515,-0.791367,-0.089780,-0.041889,-0.530525,9.720140,0.119309,-0.066047,0.023436
36.212164,1014.664298,4.339632,-0.887290,-0.034840,0.474000,-0.839329,-0.049580,7.136079,-0.791367,-0.076380,1.210311,-0.815348,-0.093800,-0.198751,-0.896928,9.859050,-0.006391,-0.057524,0.018110
36.222416,1014.673933,4.328894,-0.911271,-0.036180,0.461728,-0.887290,-0.050920,7.126875,-0.839329,-0.080400,1.199573,-0.863310,-0.091120,-0.188058,-0.798730,9.758498,0.001065,-0.075634,0.015978
36.232334,1014.683586,4.318156,-0.935252,-0.037520,0.452524,-0.911271,-0.050920,7.116137,-0.863310,-0.079060,1.188835,-0.887290,-0.092460,-0.147248,-0.946076,9.745352,0.012783,-0.064980,0.020241
36.242427,1014.692918,4.307418,-0.959233,-0.042880,0.441786,-0.935252,-0.053600,7.105399,-0.887290,-0.079060,1.179631,-0.935252,-0.093800,-0.156862,-0.936463,9.663929,-0.001065,-0.073503,0.020241
36.252257,1014.702638,4.296680,-0.983214,-0.046900,0.431049,-0.959233,-0.056280,7.096195,-0.935252,-0.079060,1.167359,-0.959233,-0.101840,-0.015598,-0.992772,9.818339,0.040479,-0.060720,0.030892
36.262482,1014.711962,4.285942,-1.007195,-0.049580,0.418777,-0.983214,-0.050920,7.083923,-0.959233,-0.081740,1.156622,-0.983214,-0.104520,0.033550,-0.572414,9.523842,0.067111,-0.068176,0.030892
36.272380,1014.721649,4.275204,-1.031175,-0.053600,0.406505,-1.031175,-0.046900,7.071651,-0.983214,-0.080400,1.145884,-1.007195,-0.101840,0.347274,-0.985513,9.613604,-0.046871,-0.070307,0.030892
36.282455,1014.731225,4.264467,-1.055156,-0.056280,0.394233,-1.055156,-0.050920,7.060914,-1.031175,-0.080400,1.133612,-1.031175,-0.100500,0.185605,-0.975997,9.351383,-0.037284,-0.084156,0.028761
36.292439,1014.740916,4.252195,-1.055156,-0.057620,0.381961,-1.103118,-0.053600,7.048642,-1.055156,-0.083080,1.122874,-1.055156,-0.105860,0.419083,-1.556749,9.758498,-0.091612,-0.088417,0.026632
36.302405,1014.750087,4.241457,-1.079137,-0.060300,0.369689,-1.127099,-0.054940,7.036370,-1.079137,-0.083080,1.112136,-1.079137,-0.099160,0.336483,-1.202314,9.866309,0.129962,-0.042610,0.045806
36.312456,1014.759637,4.229185,-1.103118,-0.062980,0.355884,-1.151080,-0.054940,7.024098,-1.103118,-0.080400,1.099864,-1.103118,-0.096480,0.516104,-0.520911,9.786064,0.182160,-0.058589,0.049002
36.322418,1014.769332,4.216913,-1.103118,-0.062980,0.343612,-1.175060,-0.054940,7.008758,-1.127099,-0.080400,1.086058,-1.127099,-0.097820,0.175991,-1.373498,9.668736,-0.084156,-0.062851,0.044742
36.332443,1014.778840,4.204641,-1.127099,-0.064320,0.332874,-1.199041,-0.054940,6.998020,-1.175060,-0.083080,1.073787,-1.151080,-0.095140,0.075439,-0.429874,9.154986,0.053264,-0.086286,0.053264
36.342438,1014.788331,4.192369,-1.151080,-0.067000,0.319068,-1.223022,-0.056280,6.984215,-1.199041,-0.076380,1.059981,-1.175060,-0.096480,-0.046696,-1.487294,9.904568,0.022370,-0.057524,0.071373
36.352427,1014.798013,4.180098,-1.151080,-0.067000,0.305262,-1.247003,-0.058960,6.970409,-1.223022,-0.072360,1.047709,-1.223022,-0.096480,0.131748,-0.653837,10.141676,0.147007,-0.068176,0.078830
36.362896,1014.816989,4.164758,-1.175060,-0.068340,0.291456,-1.247003,-0.058960,6.955069,-1.247003,-0.072360,1.033903,-1.247003,-0.099160,-0.008339,-0.935285,10.072221,-0.033023,-0.071373,0.075634
36.372464,1014.826598,4.152486,-1.199041,-0.069680,0.279185,-1.247003,-0.058960,6.942797,-1.270984,-0.069680,1.020097,-1.247003,-0.097820,-0.354435,-0.801183,9.475871,-0.014914,-0.079894,0.079894
36.382524,1014.836087,4.140214,-1.199041,-0.065660,0.266913,-1.270984,-0.060300,6.928991,-1.294964,-0.067000,1.006291,-1.270984,-0.100500,-0.350904,-0.705339,9.539342,-0.010653,-0.073503,0.083090
36.392450,1014.845936,4.126408,-1.223022,-0.067000,0.253107,-1.270984,-0.064320,6.915185,-1.318945,-0.069680,0.992486,-1.294964,-0.100500,-0.280174,-0.805892,10.011203,0.119309,-0.057524,0.089483
36.402418,1014.855160,4.112602,-1.247003,-0.068340,0.239301,-1.294964,-0.060300,6.899846,-1.342926,-0.068340,0.980214,-1.318945,-0.100500,-0.263497,-0.479022,9.866309,0.077765,-0.066047,0.080961
36.412489,1014.864916,4.100331,-1.247003,-0.068340,0.225495,-1.294964,-0.061640,6.886040,-1.342926,-0.067000,0.966408,-1.318945,-0.095140,-0.335306,-0.924494,9.657945,-0.078830,-0.079894,0.069242
36.422415,1014.874489,4.086525,-1.270984,-0.068340,0.211689,-1.318945,-0.060300,6.872234,-1.366907,-0.071020,0.952602,-1.318945,-0.096480,-0.213171,-0.857394,9.348930,-0.058589,-0.094808,0.070307
36.432415,1014.883964,4.074253,-1.294964,-0.071020,0.197884,-1.318945,-0.058960,6.858428,-1.390888,-0.068340,0.938796,-1.342926,-0.097820,-0.178444,-1.123245,9.377673,-0.038350,-0.085221,0.073503
36.442103,1014.893384,4.061981,-1.294964,-0.071020,0.185612,-1.318945,-0.057620,6.846156,-1.390888,-0.067000,0.924990,-1.342926,-0.093800,-0.234753,-0.913703,9.631556,0.094808,-0.053264,0.085221
36.452268,1014.902934,4.048175,-1.318945,-0.071020,0.171806,-1.342926,-0.057620,6.830816,-1.390888,-0.069680,0.911185,-1.342926,-0.100500,-0.348451,-0.506588,9.638717,0.171508,-0.054329,0.087352
36.462911,1014.912825,4.034369,-1.318945,-0.072360,0.156466,-1.342926,-0.056280,6.813943,-1.390888,-0.068340,0.897379,-1.366907,-0.099160,-0.214349,-0.971190,9.847082,-0.023436,-0.061785,0.077765
36.472386,1014.922013,4.020564,-1.318945,-0.073700,0.142660,-1.366907,-0.056280,6.800137,-1.390888,-0.068340,0.882039,-1.366907,-0.101840,-0.112521,-0.977174,9.639993,-0.013849,-0.084156,0.077765
36.482431,1014.931678,4.006758,-1.318945,-0.073700,0.128854,-1.366907,-0.058960,6.786331,-1.390888,-0.072360,0.868233,-1.366907,-0.100500,-0.023936,-0.826296,9.754868,0.054329,-0.069242,0.084156
36.492427,1014.941450,3.992952,-1.342926,-0.073700,0.115049,-1.366907,-0.057620,6.772525,-1.390888,-0.072360,0.854427,-1.366907,-0.103180,-0.100553,-0.869362,10.068690,0.105462,-0.049002,0.088417
36.502450,1014.950635,3.980680,-1.342926,-0.072360,0.099709,-1.366907,-0.057620,6.758719,-1.390888,-0.075040,0.840621,-1.366907,-0.095140,-0.154508,-0.495797,9.831582,0.071373,-0.058589,0.084156
36.512646,1014.960513,3.965340,-1.342926,-0.072360,0.085903,-1.390888,-0.058960,6.744914,-1.390888,-0.080400,0.826816,-1.366907,-0.095140,-0.134103,-1.071743,9.757320,-0.083090,-0.076698,0.076698
36.522372,1014.969963,3.951535,-1.342926,-0.076380,0.072097,-1.390888,-0.056280,6.731108,-1.390888,-0.076380,0.813010,-1.366907,-0.100500,-0.031098,-0.759196,9.601636,-0.020241,-0.083090,0.080961
36.532608,1014.979636,3.939263,-1.342926,-0.077720,0.058291,-1.390888,-0.054940,6.717302,-1.390888,-0.073700,0.799204,-1.390888,-0.093800,-0.124587,-0.804714,9.813630,0.082025,-0.060720,0.088417
36.542082,1014.988840,3.925457,-1.342926,-0.077720,0.044485,-1.390888,-0.054940,6.703496,-1.390888,-0.079060,0.785398,-1.390888,-0.101840,-0.155685,-0.629900,9.774095,0.045806,-0.063916,0.085221
36.552258,1014.998400,3.911651,-1.342926,-0.080400,0.030680,-1.390888,-0.054940,6.691224,-1.366907,-0.073700,0.770058,-1.390888,-0.097820,-0.200026,-1.011902,9.705818,-0.045806,-0.073503,0.079894
36.562357,1015.007926,3.899379,-1.342926,-0.083080,0.015340,-1.390888,-0.053600,6.675884,-1.366907,-0.071020,0.757787,-1.390888,-0.100500,-0.025114,-0.935285,9.393271,-0.061785,-0.091612,0.077765
36.572410,1015.027136,3.884039,-1.342926,-0.085760,0.001534,-1.390888,-0.053600,6.662079,-1.366907,-0.077720,0.743981,-1.390888,-0.101840,-0.022759,-0.609495,9.982460,0.182160,-0.041546,0.096939
36.582043,1015.036733,3.870234,-1.342926,-0.087100,-0.012272,-1.390888,-0.053600,6.648273,-1.366907,-0.072360,0.731709,-1.390888,-0.101840,-0.087407,-0.722114,9.832759,0.056460,-0.054329,0.089483
36.592095,1015.046223,3.856428,-1.342926,-0.088440,-0.029146,-1.414869,-0.054940,6.634467,-1.366907,-0.072360,0.717903,-1.390888,-0.100500,-0.063471,-1.229880,9.571715,-0.152332,-0.078830,0.075634
36.602214,1015.055987,3.842622,-1.342926,-0.085760,-0.042951,-1.414869,-0.053600,6.617593,-1.390888,-0.073700,0.702563,-1.390888,-0.095140,-0.025114,-1.151988,9.425644,-0.012783,-0.082025,0.082025
36.612521,1015.065242,3.828816,-1.342926,-0.091120,-0.058291,-1.414869,-0.053600,6.603787,-1.390888,-0.072360,0.688757,-1.390888,-0.097820,0.053857,-1.258623,10.115385,0.116113,-0.041546,0.094808
36.622549,1015.074839,3.816544,-1.342926,-0.093800,-0.072097,-1.414869,-0.054940,6.589981,-1.390888,-0.069680,0.673418,-1.390888,-0.092460,-0.119780,-0.591543,9.934587,0.213052,-0.031959,0.100135
36.632387,1015.084329,3.802738,-1.342926,-0.091120,-0.087437,-1.414869,-0.052260,6.574642,-1.390888,-0.069680,0.659612,-1.390888,-0.095140,-0.050325,-0.711323,9.635186,-0.020241,-0.069242,0.083090
36.642434,1015.094062,3.788933,-1.342926,-0.095140,-0.102777,-1.414869,-0.050920,6.560836,-1.390888,-0.067000,0.645806,-1.390888,-0.100500,-0.089860,-1.459728,9.449581,-0.158724,-0.080961,0.073503
36.652257,1015.103569,3.778195,-1.342926,-0.097820,-0.115049,-1.414869,-0.052260,6.547030,-1.414869,-0.062980,0.630466,-1.414869,-0.097820,-0.011968,-0.705339,9.176470,0.052198,-0.091612,0.083090
36.662574,1015.113119,3.764389,-1.342926,-0.097820,-0.130388,-1.414869,-0.052260,6.531690,-1.414869,-0.062980,0.616660,-1.414869,-0.104520,-0.005984,-1.041822,9.884262,0.115049,-0.046871,0.095874
36.672413,1015.122579,3.750583,-1.342926,-0.100500,-0.144194,-1.414869,-0.050920,6.516350,-1.414869,-0.061640,0.602854,-1.414869,-0.104520,-0.053857,-0.626270,9.996782,0.137418,-0.045806,0.094808
36.682388,1015.132293,3.736777,-1.342926,-0.101840,-0.158000,-1.414869,-0.053600,6.502545,-1.414869,-0.061640,0.589049,-1.414869,-0.105860,-0.094568,-0.737712,9.578876,-0.030892,-0.070307,0.084156
36.692394,1015.141680,3.722971,-1.342926,-0.097820,-0.173340,-1.414869,-0.054940,6.488739,-1.438849,-0.064320,0.575243,-1.414869,-0.105860,-0.071809,-1.259800,9.863857,-0.075634,-0.072438,0.080961
36.702332,1015.151292,3.710700,-1.342926,-0.099160,-0.187146,-1.414869,-0.054940,6.473399,-1.438849,-0.062980,0.561437,-1.390888,-0.104520,-0.188058,-0.554461,9.663929,0.138485,-0.062851,0.088417
36.713249,1015.161104,3.693826,-1.342926,-0.101840,-0.202485,-1.414869,-0.054940,6.458059,-1.438849,-0.064320,0.546097,-1.390888,-0.107200,-0.190412,-0.694548,9.836389,0.067111,-0.054329,0.083090
36.722416,1015.170301,3.683088,-1.342926,-0.100500,-0.214757,-1.390888,-0.054940,6.444253,-1.438849,-0.062980,0.533825,-1.390888,-0.104520,-0.122134,-0.960399,9.907021,-0.040479,-0.072438,0.075634
36.732484,1015.180118,3.667748,-1.342926,-0.101840,-0.228563,-1.390888,-0.053600,6.430447,-1.438849,-0.058960,0.520019,-1.390888,-0.111220,-0.153330,-1.008272,9.726223,-0.022370,-0.080961,0.076698
36.742391,1015.189662,3.653942,-1.342926,-0.104520,-0.242369,-1.390888,-0.053600,6.416642,-1.438849,-0.061640,0.506214,-1.366907,-0.105860,-0.092214,-0.979529,9.787241,0.041546,-0.059655,0.083090
36.752227,1015.199281,3.640136,-1.342926,-0.105860,-0.257709,-1.390888,-0.054940,6.402836,-1.438849,-0.062980,0.492408,-1.366907,-0.112560,-0.131748,-0.771164,9.454388,0.058589,-0.059655,0.080961
36.762453,1015.208553,3.626331,-1.342926,-0.105860,-0.273049,-1.390888,-0.053600,6.387496,-1.438849,-0.064320,0.478602,-1.366907,-0.111220,-0.234753,-1.135213,9.723770,-0.030892,-0.064980,0.076698
36.772296,1015.218118,3.612525,-1.342926,-0.108540,-0.285320,-1.390888,-0.054940,6.373690,-1.438849,-0.064320,0.464796,-1.366907,-0.111220,-0.122134,-0.989142,9.754868,0.073503,-0.058589,0.083090
36.782160,1015.227600,3.600253,-1.342926,-0.105860,-0.300660,-1.390888,-0.053600,6.359884,-1.414869,-0.064320,0.450990,-1.366907,-0.112560,-0.235930,-0.769987,9.630379,0.060720,-0.057524,0.083090
36.792416,1015.246976,3.586447,-1.342926,-0.101840,-0.314466,-1.390888,-0.054940,6.344545,-1.414869,-0.065660,0.437185,-1.366907,-0.112560,-0.289787,-0.750857,9.576522,0.047937,-0.059655,0.077765
36.802510,1015.256227,3.571107,-1.342926,-0.104520,-0.328272,-1.390888,-0.056280,6.330739,-1.414869,-0.068340,0.423379,-1.366907,-0.109880,-0.174814,-0.932833,9.645977,-0.017045,-0.067111,0.074569
36.812943,1015.266010,3.557301,-1.342926,-0.103180,-0.345146,-1.390888,-0.056280,6.315399,-1.414869,-0.065660,0.409573,-1.366907,-0.108540,-0.131748,-0.950785,9.774095,0.040479,-0.055393,0.080961
36.822249,1015.275517,3.543496,-1.366907,-0.103180,-0.357418,-1.390888,-0.053600,6.303127,-1.414869,-0.062980,0.395767,-1.366907,-0.115240,-0.244269,-0.548477,9.614781,0.064980,-0.067111,0.077765
36.832300,1015.285056,3.529690,-1.366907,-0.105860,-0.371223,-1.390888,-0.052260,6.289321,-1.414869,-0.064320,0.381961,-1.366907,-0.111220,-0.251430,-1.032208,9.765659,-0.028761,-0.056460,0.077765
36.842386,1015.294662,3.515884,-1.366907,-0.108540,-0.386563,-1.390888,-0.053600,6.273981,-1.414869,-0.061640,0.368155,-1.366907,-0.115240,-0.099375,-0.635884,9.592022,0.047937,-0.072438,0.078830
36.852376,1015.304308,3.502078,-1.366907,-0.107200,-0.400369,-1.390888,-0.050920,6.257108,-1.414869,-0.061640,0.354350,-1.366907,-0.113900,-0.308917,-0.791569,9.649508,0.023436,-0.057524,0.079894
36.862625,1015.313553,3.488272,-1.366907,-0.111220,-0.415709,-1.390888,-0.050920,6.243302,-1.414869,-0.064320,0.340544,-1.366907,-0.116580,-0.228769,-0.859847,9.977653,0.046871,-0.060720,0.077765
36.872448,1015.323327,3.474466,-1.366907,-0.111220,-0.429515,-1.414869,-0.052260,6.229496,-1.414869,-0.061640,0.326738,-1.366907,-0.117920,-0.206010,-0.744873,9.738191,0.051133,-0.054329,0.077765
36.882430,1015.332944,3.460661,-1.366907,-0.107200,-0.443320,-1.414869,-0.052260,6.214156,-1.414869,-0.062980,0.312932,-1.366907,-0.119260,-0.451456,-0.702985,9.583683,0.004260,-0.071373,0.075634
36.892166,1015.342172,3.446855,-1.366907,-0.105860,-0.457126,-1.414869,-0.053600,6.198816,-1.414869,-0.065660,0.299126,-1.366907,-0.115240,-0.435858,-0.981981,9.598006,-0.037284,-0.071373,0.076698
36.902353,1015.351989,3.433049,-1.366907,-0.103180,-0.470932,-1.414869,-0.053600,6.185011,-1.414869,-0.064320,0.285320,-1.366907,-0.113900,-0.397599,-0.886137,9.527374,0.029828,-0.072438,0.084156
36.912608,1015.361578,3.417709,-1.390888,-0.103180,-0.486272,-1.414869,-0.050920,6.169671,-1.414869,-0.061640,0.271515,-1.366907,-0.116580,-0.259867,-0.737712,9.615958,0.052198,-0.067111,0.088417
36.922404,1015.370940,3.403903,-1.390888,-0.104520,-0.500078,-1.414869,-0.050920,6.155865,-1.414869,-0.060300,0.257709,-1.366907,-0.109880,-0.332951,-0.916058,10.005219,0.075634,-0.060720,0.093743
36.932348,1015.380517,3.390098,-1.390888,-0.104520,-0.513884,-1.414869,-0.049580,6.142059,-1.414869,-0.058960,0.243903,-1.366907,-0.115240,-0.240737,-0.451456,9.806370,0.096939,-0.057524,0.098004
36.942374,1015.390078,3.374758,-1.390888,-0.105860,-0.529223,-1.414869,-0.049580,6.128253,-1.414869,-0.058960,0.230097,-1.366907,-0.113900,-0.221510,-0.832280,9.620765,-0.040479,-0.071373,0.089483
36.952405,1015.399782,3.360952,-1.390888,-0.108540,-0.543029,-1.414869,-0.049580,6.112913,-1.414869,-0.057620,0.216291,-1.366907,-0.113900,-0.165299,-0.835910,9.450758,-0.061785,-0.085221,0.087352
36.962384,1015.409151,3.347146,-1.390888,-0.108540,-0.556835,-1.414869,-0.049580,6.100642,-1.414869,-0.057620,0.202485,-1.390888,-0.117920,-0.282626,-0.944801,9.673445,0.047937,-0.070307,0.095874
36.972151,1015.418911,3.333340,-1.390888,-0.075040,-0.570641,-1.414869,-0.018760,6.085302,-1.414869,-0.028140,0.188680,-1.390888,-0.087100,-0.243092,-0.588011,9.677075,0.082025,-0.060720,0.100135
36.982524,1015.428306,3.321068,-1.366907,-0.081740,-0.584447,-1.390888,-0.025460,6.073030,-1.414869,-0.034840,0.176408,-1.390888,-0.089780,-0.220333,-0.767633,9.795677,0.015978,-0.069242,0.098004
36.992401,1015.437921,3.310331,-1.342926,-0.083080,-0.595185,-1.390888,-0.026800,6.062292,-1.390888,-0.036180,0.165670,-1.366907,-0.089780,-0.126941,-0.807167,9.890246,-0.001065,-0.070307,0.095874
37.002400,1015.456839,3.301127,-1.318945,-0.080400,-0.604388,-1.342926,-0.024120,6.051554,-1.342926,-0.036180,0.156466,-1.318945,-0.089780,0.098198,-0.669434,9.757320,0.010653,-0.070307,0.091612
37.012578,1015.466411,3.293457,-1.270984,-0.083080,-0.612058,-1.294964,-0.024120,6.043884,-1.294964,-0.037520,0.145728,-1.270984,-0.088440,0.138910,-0.861024,9.772918,-0.027697,-0.061785,0.078830
37.022387,1015.476148,3.285787,-1.199041,-0.084420,-0.621262,-1.199041,-0.022780,6.036214,-1.223022,-0.037520,0.139592,-1.199041,-0.087100,-0.004807,-0.391615,9.531004,0.079894,-0.060720,0.067111
37.032275,1015.485558,3.278117,-1.103118,-0.084420,-0.627398,-1.127099,-0.022780,6.030078,-1.127099,-0.037520,0.131922,-1.103118,-0.083080,-0.249076,-0.312547,9.559747,0.055393,-0.061785,0.047937
37.042503,1015.495141,3.273515,-1.007195,-0.085760,-0.632000,-1.007195,-0.025460,6.023943,-1.007195,-0.037520,0.125786,-1.007195,-0.085760,-0.451456,-0.955592,9.454388,-0.106526,-0.069242,0.023436
37.052400,1015.504818,3.268913,-0.887290,-0.088440,-0.638136,-0.911271,-0.025460,6.017807,-0.887290,-0.037520,0.119651,-0.911271,-0.088440,-0.324515,-0.876622,9.297427,-0.077765,-0.094808,0.009587
37.062580,1015.514322,3.264311,-0.791367,-0.088440,-0.641204,-0.791367,-0.026800,6.013205,-0.791367,-0.037520,0.116583,-0.815348,-0.088440,-0.148523,-1.201136,10.144129,0.103330,-0.035154,0.017045
37.072436,1015.523920,3.262777,-0.695444,-0.093800,-0.645806,-0.695444,-0.029480,6.011671,-0.695444,-0.037520,0.113515,-0.719425,-0.093800,-0.282626,-0.434681,10.394382,0.274839,-0.030892,0.012783
37.082482,1015.533492,3.259709,-0.599521,-0.095140,-0.648874,-0.623501,-0.030820,6.008603,-0.599521,-0.042880,0.110447,-0.647482,-0.091120,-0.415552,-0.374840,9.867487,0.052198,-0.041546,-0.008522
37.092465,1015.542931,3.256641,-0.527578,-0.099160,-0.651942,-0.527578,-0.032160,6.005535,-0.527578,-0.045560,0.107379,-0.551559,-0.093800,-0.250253,-0.828651,9.335785,-0.184291,-0.108657,-0.035154
37.102250,1015.552389,3.255107,-0.431655,-0.107200,-0.653476,-0.455636,-0.034840,6.004001,-0.455636,-0.050920,0.104311,-0.479616,-0.101840,-0.244269,-1.383112,9.333430,-0.165115,-0.110788,-0.041546
37.112442,1015.561926,3.253573,-0.383693,-0.108540,-0.655010,-0.383693,-0.036180,6.002467,-0.383693,-0.052260,0.104311,-0.407674,-0.107200,-0.320885,-1.286091,9.995605,0.119309,-0.045806,-0.019174
37.122373,1015.571557,3.252039,-0.311751,-0.108540,-0.656544,-0.335732,-0.037520,6.000933,-0.335732,-0.052260,0.102777,-0.335732,-0.108540,-0.299401,-0.570059,10.176404,0.290817,-0.010653,-0.006391
37.132350,1015.581148,3.250505,-0.263789,-0.112560,-0.658078,-0.287770,-0.037520,5.999399,-0.263789,-0.052260,0.101243,-0.287770,-0.112560,-0.211994,-0.568784,9.426821,-0.057524,-0.072438,-0.028761
37.142376,1015.590664,3.250505,-0.215827,-0.116580,-0.658078,-0.239808,-0.038860,5.997865,-0.215827,-0.054940,0.101243,-0.239808,-0.116580,-0.136555,-1.581863,9.230425,-0.315318,-0.126767,-0.050068
37.152441,1015.600218,3.250505,-0.167866,-0.120600,-0.659612,-0.191847,-0.040200,5.997865,-0.191847,-0.054940,0.101243,-0.191847,-0.120600,-0.113796,-0.930479,9.004109,0.040479,-0.080961,-0.029828
37.162916,1015.609797,3.250505,-0.119904,-0.123280,-0.661146,-0.167866,-0.040200,5.997865,-0.143885,-0.058960,0.099709,-0.143885,-0.123280,-0.178444,-1.044274,10.197985,0.285490,-0.003196,-0.001065
37.172554,1015.619246,3.250505,-0.095923,-0.123280,-0.661146,-0.143885,-0.045560,5.996331,-0.119904,-0.058960,0.101243,-0.095923,-0.123280,-0.178444,-0.092214,10.027978,0.276968,-0.021305,-0.007456
37.182434,1015.628891,3.250505,-0.071942,-0.121940,-0.661146,-0.119904,-0.045560,5.996331,-0.095923,-0.061640,0.101243,-0.071942,-0.123280,-0.122134,-1.021515,9.968039,-0.122505,-0.071373,-0.037284
37.192391,1015.638428,3.250505,-0.047962,-0.123280,-0.661146,-0.095923,-0.044220,5.996331,-0.071942,-0.062980,0.101243,-0.047962,-0.121940,-0.136555,-0.966383,9.474694,-0.131027,-0.095874,-0.052198
37.202389,1015.647937,3.250505,-0.023981,-0.121940,-0.661146,-0.071942,-0.044220,5.996331,-0.071942,-0.062980,0.101243,-0.023981,-0.121940,-0.179621,-0.948431,9.630379,0.046871,-0.070307,-0.041546
37.212449,1015.666911,3.250505,0.000000,-0.120600,-0.661146,-0.047962,-0.044220,5.996331,-0.047962,-0.062980,0.101243,0.000000,-0.121940,-0.167653,-0.547300,9.601636,0.060720,-0.062851,-0.040479
37.222367,1015.676769,3.250505,0.000000,-0.121940,-0.661146,-0.023981,-0.046900,5.996331,-0.023981,-0.062980,0.101243,0.000000,-0.121940,-0.152055,-1.071743,9.533358,-0.101199,-0.078830,-0.046871
37.232511,1015.685954,3.250505,0.000000,-0.120600,-0.661146,-0.023981,-0.046900,5.996331,-0.023981,-0.062980,0.099709,0.000000,-0.121940,-0.194042,-1.054967,9.574070,0.000000,-0.069242,-0.037284
37.242442,1015.695832,3.250505,0.000000,-0.121940,-0.661146,-0.023981,-0.046900,5.997865,0.000000,-0.062980,0.101243,0.000000,-0.121940,-0.181976,-0.641868,9.748884,0.153399,-0.051133,-0.023436
37.252414,1015.705038,3.250505,0.000000,-0.121940,-0.664214,0.000000,-0.046900,5.996331,0.000000,-0.062980,0.101243,0.000000,-0.121940,-0.164023,-0.810698,9.869841,0.059655,-0.051133,-0.025566
37.262845,1015.714689,3.250505,0.000000,-0.121940,-0.661146,0.000000,-0.046900,5.996331,0.000000,-0.062980,0.101243,0.000000,-0.121940,-0.171283,-0.906542,9.778902,-0.018110,-0.070307,-0.033023
37.272375,1015.724408,3.250505,0.000000,-0.121940,-0.661146,0.000000,-0.046900,5.996331,0.000000,-0.062980,0.101243,0.000000,-0.121940,-0.189235,-0.986788,9.842373,0.003196,-0.066047,-0.030892
37.282364,1015.733831,3.250505,0.000000,-0.121940,-0.661146,0.000000,-0.046900,5.996331,0.000000,-0.062980,0.101243,0.000000,-0.121940,-0.189235,-0.695725,9.717786,0.077765,-0.063916,-0.030892
37.292346,1015.743569,3.250505,0.000000,-0.120600,-0.661146,0.000000,-0.046900,5.997865,0.000000,-0.062980,0.099709,0.000000,-0.121940,-0.181976,-0.881330,9.696204,-0.009587,-0.066047,-0.037284
37.302399,1015.752939,3.250505,0.000000,-0.121940,-0.661146,0.000000,-0.046900,5.996331,0.000000,-0.062980,0.101243,0.000000,-0.121940,-0.207187,-0.954415,9.565731,-0.013849,-0.067111,-0.040479
37.312105,1015.762539,3.250505,0.000000,-0.121940,-0.664214,0.000000,-0.046900,5.996331,0.000000,-0.062980,0.101243,0.000000,-0.121940,-0.213171,-0.826296,9.595652,0.047937,-0.063916,-0.037284
37.322543,1015.772216,3.250505,0.000000,-0.121940,-0.661146,0.000000,-0.046900,5.996331,0.000000,-0.062980,0.101243,0.000000,-0.121940,-0.217978,-0.850233,9.683059,0.052198,-0.061785,-0.037284
37.332417,1015.781629,3.250505,0.000000,-0.084420,-0.661146,0.000000,-0.012060,5.996331,0.000000,-0.025460,0.101243,0.000000,-0.085760,-0.207187,-0.902912,9.732207,0.026632,-0.062851,-0.038350
37.342448,1015.791342,3.250505,0.000000,-0.062980,-0.661146,0.000000,-0.009380,5.996331,0.000000,-0.017420,0.101243,0.000000,-0.067000,-0.197573,-0.875346,9.702188,0.034088,-0.064980,-0.036219
37.352375,1015.800701,3.250505,0.000000,-0.045560,-0.659612,0.000000,-0.005360,5.997865,0.000000,-0.016080,0.101243,0.000000,-0.048240,-0.188058,-0.856217,9.801661,0.042610,-0.062851,-0.030892
37.362378,1015.810303,3.250505,0.000000,-0.032160,-0.658078,0.000000,-0.004020,5.999399,0.000000,-0.012060,0.101243,0.000000,-0.028140,-0.156862,-0.771164,9.832759,0.056460,-0.061785,-0.028761
37.372407,1015.819706,3.252039,0.000000,-0.030820,-0.655010,0.023981,-0.002680,6.002467,0.023981,-0.010720,0.101243,0.000000,-0.018760,-0.158039,-0.760373,9.788418,0.026632,-0.059655,-0.029828
37.382466,1015.829479,3.252039,0.000000,-0.024120,-0.651942,0.071942,-0.002680,6.005535,0.047962,-0.010720,0.102777,0.000000,-0.008040,-0.160492,-0.767633,9.656670,0.003196,-0.064980,-0.036219
37.392440,1015.838830,3.255107,0.023981,-0.010720,-0.647340,0.119904,0.000000,6.008603,0.095923,0.000000,0.104311,0.000000,0.004020,-0.155685,-0.828651,9.644702,0.008522,-0.064980,-0.040479
37.402616,1015.857844,3.259709,0.047962,-0.008040,-0.641204,0.167866,0.000000,6.014739,0.143885,0.000000,0.105845,0.023981,0.009380,-0.152055,-0.737712,9.566908,0.018110,-0.068176,-0.053264
37.412508,1015.867427,3.264311,0.095923,-0.006700,-0.633534,0.263789,0.002680,6.020875,0.215827,0.000000,0.110447,0.047962,0.010720,-0.126941,-0.765180,9.574070,0.020241,-0.070307,-0.060720
37.422400,1015.877322,3.270447,0.167866,0.000000,-0.627398,0.335732,0.012060,6.028544,0.287770,0.005360,0.116583,0.095923,0.017420,-0.140087,-0.737712,9.605265,0.047937,-0.067111,-0.068176
37.432424,1015.886607,3.278117,0.239808,0.002680,-0.616660,0.431655,0.020100,6.039282,0.383693,0.012060,0.125786,0.191847,0.022780,-0.141264,-0.781955,9.628025,0.029828,-0.064980,-0.079894
37.442136,1015.896043,3.288855,0.335732,0.004020,-0.602854,0.527578,0.024120,6.051554,0.503597,0.016080,0.133456,0.287770,0.025460,-0.126941,-0.861024,9.684236,0.033023,-0.066047,-0.091612
37.452430,1015.905927,3.301127,0.479616,0.005360,-0.590583,0.647482,0.025460,6.063826,0.623501,0.021440,0.144194,0.407674,0.030820,-0.062294,-0.726921,9.711802,0.061785,-0.068176,-0.104395
37.462588,1015.915194,3.316466,0.623501,0.008040,-0.575243,0.791367,0.032160,6.079166,0.767386,0.025460,0.159534,0.527578,0.036180,-0.063471,-0.750857,9.722593,0.041546,-0.069242,-0.120375
37.472377,1015.924710,3.331806,0.791367,0.009380,-0.561437,0.911271,0.032160,6.094506,0.911271,0.026800,0.174874,0.695444,0.038860,-0.067100,-0.710146,9.637540,0.027697,-0.072438,-0.134223
37.482406,1015.934583,3.350214,0.959233,0.012060,-0.543029,1.031175,0.036180,6.111379,1.055156,0.030820,0.191748,0.863310,0.044220,-0.143716,-0.632254,9.575247,0.044742,-0.068176,-0.147007
37.492508,1015.943887,3.368622,1.127099,0.012060,-0.523087,1.199041,0.036180,6.129787,1.175060,0.037520,0.210155,1.031175,0.049580,-0.119780,-0.735260,9.565731,0.030892,-0.066047,-0.160855
37.502140,1015.953466,3.391632,1.294964,0.010720,-0.501612,1.342926,0.040200,6.149729,1.342926,0.042880,0.230097,1.199041,0.056280,-0.147248,-0.847878,9.686688,0.028761,-0.071373,-0.174704
37.512540,1015.963234,3.414641,1.510792,0.010720,-0.477068,1.534773,0.041540,6.174273,1.486811,0.048240,0.251573,1.390888,0.056280,-0.154508,-0.716130,9.666284,0.061785,-0.071373,-0.184291
37.522377,1015.972581,3.439185,1.678658,0.010720,-0.454058,1.678658,0.042880,6.195748,1.630696,0.052260,0.274583,1.558754,0.064320,-0.094568,-0.718484,9.775273,0.044742,-0.078830,-0.196009
37.532541,1015.982052,3.463729,1.822543,0.010720,-0.427981,1.870504,0.045560,6.221826,1.774581,0.058960,0.299126,1.726619,0.072360,-0.055132,-0.756842,9.853066,0.023436,-0.083090,-0.205596
37.542530,1015.991639,3.488272,1.990408,0.010720,-0.403437,2.014389,0.046900,6.246370,1.918466,0.060300,0.323670,1.894485,0.071020,-0.010791,-0.695725,9.786064,0.044742,-0.094808,-0.214119
37.552412,1016.001283,3.515884,2.134293,0.010720,-0.378893,2.158274,0.050920,6.272447,2.062351,0.060300,0.349748,2.038370,0.068340,0.014323,-0.645498,9.582506,-0.010653,-0.108657,-0.226902
37.562070,1016.010686,3.541962,2.254197,0.009380,-0.349748,2.278178,0.053600,6.298525,2.182255,0.064320,0.374291,2.182255,0.067000,-0.067100,-0.880153,9.491469,-0.071373,-0.120375,-0.235424
37.572453,1016.020357,3.571107,2.374102,0.008040,-0.320602,2.398082,0.053600,6.327671,2.302159,0.068340,0.403437,2.302159,0.065660,-0.034727,-0.869362,9.560924,0.007456,-0.109722,-0.235424
37.582478,1016.029934,3.595651,2.470025,0.009380,-0.291456,2.494006,0.054940,6.353748,2.398082,0.068340,0.431049,2.398082,0.068340,-0.235930,-1.131682,10.000412,0.057524,-0.093743,-0.233293
37.592351,1016.039572,3.623263,2.541967,0.009380,-0.265379,2.565948,0.057620,6.381360,2.470025,0.072360,0.461728,2.517987,0.068340,-0.162846,-0.791569,10.062706,0.100135,-0.089483,-0.230097
37.602361,1016.049091,3.650874,2.589929,0.009380,-0.234699,2.613910,0.061640,6.408972,2.541967,0.077720,0.489340,2.589929,0.061640,-0.250253,-0.690918,9.788418,0.029828,-0.101199,-0.233293
37.612504,1016.058504,3.680020,2.637891,0.010720,-0.205553,2.685852,0.068340,6.438117,2.613910,0.080400,0.520019,2.685852,0.060300,-0.179621,-1.235864,9.768111,-0.099070,-0.098004,-0.234358
37.622372,1016.068003,3.712234,2.685852,0.010720,-0.177942,2.733814,0.071020,6.464195,2.661871,0.087100,0.549165,2.757795,0.061640,-0.402406,-0.861024,9.705818,0.053264,-0.083090,-0.223706
37.632170,1016.077725,3.741379,2.733814,0.010720,-0.148796,2.781776,0.075040,6.493341,2.709833,0.089780,0.579845,2.805756,0.060300,-0.469409,-1.136390,10.181210,0.075634,-0.052198,-0.213052
37.642126,1016.087153,3.772059,2.781776,0.009380,-0.119651,2.805756,0.079060,6.522486,2.733814,0.087100,0.610524,2.877699,0.054940,-0.461070,-0.517281,9.747707,0.075634,-0.061785,-0.214119
37.652336,1016.106215,3.804272,2.853718,0.009380,-0.088971,2.829737,0.084420,6.550098,2.757795,0.092460,0.642738,2.925661,0.052260,-0.175991,-0.837087,9.915359,0.026632,-0.080961,-0.223706
37.662399,1016.115919,3.834952,2.925661,0.008040,-0.058291,2.877699,0.087100,6.579244,2.781776,0.096480,0.673418,2.973622,0.053600,-0.033550,-0.231124,9.922521,0.151268,-0.064980,-0.224770
37.672406,1016.125303,3.868700,2.997603,0.006700,-0.027612,2.901680,0.085760,6.608389,2.805756,0.095140,0.707165,3.021584,0.046900,0.173637,-0.487361,10.004042,0.019174,-0.057524,-0.236489
37.682434,1016.134954,3.900913,3.045565,0.006700,0.003068,2.925661,0.085760,6.637535,2.829737,0.099160,0.736311,3.045565,0.048240,0.210719,-0.320885,9.651961,-0.012783,-0.059655,-0.245011
37.692206,1016.144699,3.931593,3.093526,0.006700,0.033748,2.925661,0.087100,6.665147,2.829737,0.099160,0.766990,3.093526,0.045560,0.252706,-0.680225,9.678252,-0.067111,-0.060720,-0.257794
37.702205,1016.153960,3.965340,3.117507,0.006700,0.062893,2.949641,0.089780,6.692758,2.829737,0.097820,0.799204,3.117507,0.050920,0.203558,-0.657466,9.432806,-0.014914,-0.047937,-0.268447
37.712510,1016.163455,3.999088,3.141488,0.006700,0.093573,2.973622,0.089780,6.723438,2.829737,0.100500,0.832952,3.141488,0.049580,0.209542,-0.714953,9.412401,-0.005327,-0.067111,-0.286557
37.722270,1016.173096,4.029768,3.189450,0.006700,0.122718,2.973622,0.087100,6.749515,2.829737,0.095140,0.863631,3.141488,0.046900,0.097021,-1.027499,9.691495,0.018110,-0.060720,-0.295078
37.732447,1016.182918,4.061981,3.189450,0.006700,0.153398,2.973622,0.087100,6.778661,2.829737,0.089780,0.895845,3.165469,0.048240,0.153330,-0.452633,9.601636,0.133158,-0.064980,-0.303600
37.742522,1016.192232,4.092661,3.189450,0.006700,0.184078,2.973622,0.088440,6.809341,2.829737,0.089780,0.929592,3.165469,0.041540,0.126941,-0.741244,9.478324,0.000000,-0.063916,-0.319579
37.752228,1016.202003,4.123340,3.189450,0.006700,0.211689,2.973622,0.089780,6.838486,2.829737,0.089780,0.958738,3.165469,0.048240,0.144894,-0.908896,9.505792,-0.027697,-0.069242,-0.330232
37.762453,1016.211373,4.157088,3.213430,-0.054940,0.242369,2.973622,0.030820,6.866098,2.829737,0.040200,0.992486,3.165469,-0.010720,0.008339,-0.865831,9.772918,0.093743,-0.049002,-0.323841
37.772366,1016.220908,4.186234,3.189450,-0.041540,0.268447,2.949641,0.033500,6.892176,2.829737,0.041540,1.018563,3.165469,-0.006700,-0.081423,-1.062227,10.291377,0.116113,-0.038350,-0.320645
37.782261,1016.230281,4.210777,3.141488,-0.037520,0.289922,2.901680,0.037520,6.913651,2.805756,0.041540,1.044641,3.117507,-0.009380,-0.110166,-0.734082,10.041124,0.073503,-0.059655,-0.329167
37.792533,1016.240023,4.232253,3.045565,-0.033500,0.311398,2.829737,0.036180,6.936661,2.733814,0.040200,1.066117,3.045565,-0.002680,0.031098,-1.119713,9.939296,-0.057524,-0.083090,-0.335559
37.802562,1016.249723,4.249127,2.901680,-0.030820,0.329806,2.709833,0.037520,6.953535,2.637891,0.045560,1.084524,2.925661,-0.004020,0.061116,-1.162779,9.857873,-0.030892,-0.077765,-0.322776
37.812317,1016.259155,4.266001,2.733814,-0.026800,0.345146,2.565948,0.036180,6.968875,2.494006,0.044220,1.101398,2.757795,0.000000,0.147248,-0.632254,9.897407,0.150203,-0.052198,-0.294013
37.822353,1016.268509,4.281340,2.517987,-0.024120,0.360485,2.398082,0.033500,6.982681,2.326140,0.042880,1.115204,2.541967,0.000000,0.118505,-0.597527,9.781257,0.077765,-0.041546,-0.272708
37.832446,1016.278076,4.292078,2.278178,-0.020100,0.372757,2.182255,0.034840,6.994952,2.134293,0.041540,1.127476,2.302159,0.005360,0.076616,-1.003465,9.368158,-0.137418,-0.069242,-0.265252
37.842579,1016.297289,4.304350,2.014389,-0.017420,0.383495,1.942447,0.033500,7.005690,1.918466,0.041540,1.136680,2.062351,0.006700,-0.105359,-1.480133,9.612427,0.068176,-0.054329,-0.194943
37.852248,1016.306687,4.312020,1.774581,-0.014740,0.392699,1.750600,0.034840,7.014894,1.726619,0.041540,1.145884,1.822543,0.010720,-0.076616,-0.956769,10.151290,0.264185,-0.033023,-0.148072
37.862420,1016.316270,4.319690,1.558754,-0.012060,0.400369,1.534773,0.037520,7.024098,1.534773,0.050920,1.153554,1.582734,0.014740,-0.028743,-0.708969,9.792048,0.078830,-0.064980,-0.131027
37.872454,1016.326109,4.325826,1.366907,-0.010720,0.408039,1.366907,0.041540,7.030234,1.342926,0.052260,1.159689,1.390888,0.017420,0.020405,-1.425001,9.553763,-0.206661,-0.095874,-0.121440
37.882493,1016.335374,4.331962,1.175060,-0.009380,0.412641,1.199041,0.044220,7.036370,1.175060,0.062980,1.165825,1.199041,0.018760,-0.028743,-1.247832,9.511776,-0.015978,-0.084156,-0.091612
37.892548,1016.345215,4.336564,1.007195,-0.006700,0.418777,1.031175,0.048240,7.042506,1.031175,0.067000,1.168893,1.031175,0.022780,-0.198751,-1.106470,9.980007,0.182160,-0.023436,-0.057524
37.902060,1016.354474,4.339632,0.887290,-0.006700,0.423379,0.911271,0.046900,7.045574,0.887290,0.062980,1.173495,0.863310,0.025460,-0.233478,-0.554461,9.966862,0.193878,-0.033023,-0.051133
37.912101,1016.364093,4.344234,0.767386,-0.004020,0.426447,0.791367,0.049580,7.048642,0.767386,0.062980,1.176563,0.743406,0.025460,-0.250253,-1.060952,9.762127,-0.076698,-0.070307,-0.067111
37.922127,1016.373551,4.347302,0.647482,-0.004020,0.429515,0.671463,0.050920,7.051710,0.647482,0.064320,1.179631,0.623501,0.029480,-0.240737,-1.223896,9.465080,-0.121440,-0.086286,-0.074569
37.932160,1016.383454,4.350370,0.551559,-0.002680,0.432583,0.575540,0.056280,7.054778,0.551559,0.064320,1.181165,0.527578,0.032160,-0.330499,-0.996304,9.507067,0.095874,-0.044742,-0.060720
37.942185,1016.392980,4.351903,0.479616,-0.001340,0.434117,0.479616,0.061640,7.057846,0.479616,0.065660,1.182699,0.455636,0.036180,-0.380824,-0.827473,9.871116,0.164050,-0.023436,-0.056460
37.952318,1016.402424,4.353437,0.407674,0.000000,0.435651,0.407674,0.061640,7.059380,0.407674,0.061640,1.184233,0.359712,0.034840,-0.420359,-0.843071,9.820791,0.068176,-0.045806,-0.069242
37.962517,1016.411791,4.356505,0.335732,0.000000,0.437185,0.359712,0.061640,7.062448,0.359712,0.061640,1.185767,0.311751,0.034840,-0.404761,-1.102938,9.582506,-0.067111,-0.075634,-0.082025
37.972327,1016.421301,4.358039,0.287770,0.000000,0.438719,0.287770,0.062980,7.063982,0.311751,0.065660,1.187301,0.263789,0.034840,-0.393970,-1.249009,9.663929,-0.042610,-0.090548,-0.079894
37.982059,1016.431129,4.358039,0.263789,0.000000,0.440252,0.239808,0.064320,7.065516,0.263789,0.065660,1.188835,0.215827,0.037520,-0.348451,-0.861024,9.643524,0.088417,-0.084156,-0.071373
37.992085,1016.440705,4.359573,0.215827,0.000000,0.440252,0.215827,0.065660,7.067049,0.239808,0.064320,1.188835,0.167866,0.037520,-0.286158,-0.959222,9.598006,0.007456,-0.086286,-0.070307
38.002174,1016.449965,4.361107,0.191847,0.000000,0.441786,0.167866,0.064320,7.068583,0.215827,0.060300,1.190369,0.143885,0.041540,-0.214349,-1.213105,9.529826,-0.079894,-0.099070,-0.067111
38.012151,1016.459853,4.361107,0.167866,0.000000,0.441786,0.143885,0.065660,7.068583,0.191847,0.061640,1.190369,0.119904,0.042880,-0.186782,-1.186716,9.583683,0.018110,-0.084156,-0.049002
38.022379,1016.469144,4.362641,0.143885,0.000000,0.443320,0.119904,0.068340,7.070117,0.167866,0.065660,1.190369,0.095923,0.044220,-0.201203,-1.149634,9.918989,0.102266,-0.057524,-0.030892
38.032411,1016.478918,4.362641,0.119904,0.000000,0.441786,0.095923,0.069680,7.070117,0.143885,0.065660,1.190369,0.071942,0.045560,-0.166476,-0.929301,9.941748,0.101199,-0.062851,-0.023436
38.042434,1016.488530,4.362641,0.095923,0.000000,0.441786,0.071942,0.072360,7.071651,0.119904,0.072360,1.190369,0.047962,0.045560,-0.125764,-1.022693,9.648331,-0.018110,-0.073503,-0.021305
38.052499,1016.497720,4.362641,0.071942,0.000000,0.441786,0.047962,0.072360,7.070117,0.095923,0.072360,1.190369,0.047962,0.045560,0.009614,-0.966383,9.461549,-0.034088,-0.085221,-0.018110
38.062545,1016.517151,4.364175,0.071942,0.000000,0.443320,0.023981,0.072360,7.071651,0.095923,0.073700,1.190369,0.023981,0.045560,0.075439,-0.789116,9.891423,0.111853,-0.053264,-0.007456
38.072104,1016.526702,4.364175,0.047962,0.000000,0.441786,0.023981,0.072360,7.071651,0.071942,0.073700,1.190369,0.023981,0.045560,0.073085,-0.844249,9.735738,0.006391,-0.069242,-0.018110
38.082173,1016.536111,4.364175,0.047962,0.000000,0.441786,0.000000,0.072360,7.071651,0.047962,0.073700,1.190369,0.000000,0.045560,0.148523,-0.840619,9.613604,-0.026632,-0.078830,-0.029828
38.092213,1016.545542,4.365709,0.023981,0.000000,0.441786,0.000000,0.072360,7.070117,0.023981,0.073700,1.190369,0.000000,0.045560,0.156862,-0.795100,9.581231,0.038350,-0.074569,-0.031959
38.102303,1016.555002,4.365709,0.023981,0.000000,0.441786,0.000000,0.072360,7.070117,0.023981,0.073700,1.190369,0.000000,0.045560,0.152055,-0.856217,9.820791,0.039415,-0.073503,-0.038350
38.112679,1016.564653,4.364175,0.023981,0.000000,0.443320,0.000000,0.072360,7.071651,0.000000,0.073700,1.190369,0.000000,0.045560,0.111344,-0.747228,9.948910,0.084156,-0.067111,-0.040479
38.122490,1016.574107,4.365709,0.023981,0.000000,0.441786,0.000000,0.072360,7.070117,0.000000,0.073700,1.190369,0.000000,0.045560,0.104182,-0.774794,9.802839,0.020241,-0.067111,-0.046871
38.132519,1016.583917,4.365709,0.023981,0.000000,0.443320,0.000000,0.072360,7.070117,0.000000,0.073700,1.190369,0.000000,0.045560,0.041889,-1.162779,9.831582,-0.049002,-0.068176,-0.050068
38.142046,1016.593531,4.365709,0.023981,0.000000,0.441786,0.000000,0.072360,7.071651,0.000000,0.073700,1.190369,0.000000,0.045560,0.015598,-0.902912,9.845905,0.059655,-0.064980,-0.039415
38.152065,1016.602873,4.365709,0.023981,0.000000,0.441786,0.000000,0.072360,7.071651,0.000000,0.073700,1.190369,0.000000,0.045560,-0.041889,-0.911349,9.851889,0.064980,-0.055393,-0.034088
38.162124,1016.612287,4.365709,0.000000,0.000000,0.443320,0.000000,0.072360,7.071651,0.000000,0.073700,1.190369,0.000000,0.045560,-0.045518,-1.095679,9.788418,-0.020241,-0.059655,-0.035154
38.172094,1016.621928,4.365709,0.000000,0.000000,0.443320,0.000000,0.072360,7.071651,0.000000,0.073700,1.190369,0.000000,0.045560,-0.053857,-1.089695,9.704641,0.003196,-0.061785,-0.029828
38.182394,1016.631635,4.365709,0.000000,0.000000,0.443320,0.000000,0.072360,7.071651,0.000000,0.073700,1.190369,0.000000,0.045560,-0.067100,-0.928026,9.701011,0.053264,-0.054329,-0.026632
38.192377,1016.641091,4.365709,0.000000,0.000000,0.441786,0.000000,0.072360,7.070117,0.000000,0.073700,1.190369,0.000000,0.045560,-0.080246,-0.956769,9.582506,0.026632,-0.053264,-0.029828
38.202419,1016.650685,4.365709,0.000000,0.000000,0.441786,0.000000,0.072360,7.070117,0.000000,0.073700,1.190369,0.000000,0.045560,-0.051503,-0.973544,9.479501,-0.001065,-0.061785,-0.034088
38.212479,1016.660304,4.365709,0.000000,0.000000,0.441786,0.000000,0.072360,7.071651,0.000000,0.073700,1.190369,0.000000,0.045560,-0.085053,-1.045452,9.592022,0.031959,-0.056460,-0.034088
38.222200,1016.669673,4.365709,0.000000,0.000000,0.443320,0.000000,0.072360,7.071651,0.000000,0.073700,1.190369,0.000000,0.045560,-0.082600,-0.841894,9.686688,0.090548,-0.056460,-0.031959
38.232310,1016.679259,4.365709,0.000000,0.000000,0.441786,0.000000,0.072360,7.071651,0.000000,0.073700,1.190369,0.000000,0.045560,-0.057487,-0.863378,9.748884,0.052198,-0.059655,-0.035154
38.242313,1016.688908,4.365709,0.000000,0.000000,0.443320,0.000000,0.072360,7.071651,0.000000,0.073700,1.190369,0.000000,0.045560,-0.067100,-0.874169,9.716609,0.008522,-0.066047,-0.040479
38.252481,1016.698603,4.365709,0.000000,0.000000,0.443320,0.000000,0.072360,7.071651,0.000000,0.073700,1.190369,0.000000,0.045560,-0.065825,-0.832280,9.758498,0.041546,-0.061785,-0.036219
38.262594,1016.708021,4.365709,0.000000,0.000000,0.443320,0.000000,0.072360,7.071651,0.000000,0.073700,1.190369,0.000000,0.045560,-0.040712,-0.726921,9.778902,0.063916,-0.062851,-0.033023
38.272064,1016.717654,4.365709,0.000000,0.000000,0.443320,0.000000,0.072360,7.071651,0.000000,0.073700,1.190369,0.000000,0.045560,-0.059841,-0.807167,9.807646,0.019174,-0.062851,-0.030892
38.282106,1016.727243,4.365709,0.000000,0.000000,0.441786,0.000000,0.072360,7.071651,0.000000,0.073700,1.190369,0.000000,0.045560,-0.032373,-0.744873,9.742900,0.029828,-0.062851,-0.029828
38.292145,1016.746108,4.365709,0.000000,0.000000,0.441786,0.000000,0.072360,7.071651,0.000000,0.073700,1.190369,0.000000,0.045560,-0.032373,-0.755664,9.675897,0.018110,-0.061785,-0.028761
38.302195,1016.755534,4.365709,0.000000,0.000000,0.441786,0.000000,0.072360,7.071651,0.000000,0.073700,1.190369,0.000000,0.045560,-0.046696,-0.762826,9.669913,0.024501,-0.061785,-0.030892
38.312219,1016.765234,4.365709,0.000000,0.000000,0.441786,0.000000,0.072360,7.071651,0.000000,0.073700,1.190369,0.000000,0.045560,-0.058664,-0.799907,9.650686,0.024501,-0.062851,-0.035154
38.322258,1016.774655,4.365709,0.000000,0.000000,0.441786,0.000000,0.072360,7.071651,0.000000,0.073700,1.190369,0.000000,0.045560,-0.073085,-0.845426,9.668736,0.014914,-0.066047,-0.037284
38.332310,1016.784321,4.365709,0.000000,0.000000,0.443320,0.000000,0.072360,7.071651,0.000000,0.073700,1.190369,0.000000,0.045560,-0.085053,-0.899283,9.668736,0.020241,-0.069242,-0.039415
38.342327,1016.793830,4.365709,0.000000,0.000000,0.443320,0.000000,0.072360,7.071651,0.000000,0.073700,1.190369,0.000000,0.045560,-0.087407,-0.914881,9.677075,0.027697,-0.070307,-0.042610
38.352444,1016.803590,4.367243,0.000000,0.000000,0.441786,0.000000,0.072360,7.071651,0.000000,0.073700,1.190369,0.000000,0.045560,-0.089860,-0.964029,9.711802,0.024501,-0.070307,-0.042610
38.362454,1016.812917,4.367243,0.000000,0.000000,0.443320,0.000000,0.072360,7.071651,0.000000,0.073700,1.190369,0.000000,0.045560,-0.086230,-1.045452,9.727400,0.015978,-0.070307,-0.039415
38.372280,1016.822427,4.367243,0.000000,0.000000,0.443320,0.000000,0.072360,7.071651,0.000000,0.073700,1.190369,0.000000,0.045560,-0.091037,-1.023870,9.763304,0.031959,-0.069242,-0.036219
38.382055,1016.832234,4.365709,0.000000,0.000000,0.443320,0.000000,0.072360,7.071651,0.000000,0.073700,1.190369,0.000000,0.045560,-0.087407,-0.978351,9.757320,0.037284,-0.068176,-0.031959
38.392304,1016.841638,4.365709,0.000000,0.000000,0.441786,0.000000,0.072360,7.071651,0.000000,0.073700,1.190369,0.000000,0.045560,-0.047873,-1.011902,9.733384,0.019174,-0.069242,-0.030892
38.402264,1016.851077,4.365709,0.000000,0.000000,0.441786,0.000000,0.072360,7.071651,0.000000,0.073700,1.190369,0.000000,0.045560,0.009614,-0.971190,9.711802,0.025566,-0.067111,-0.028761
38.412354,1016.860876,4.365709,0.000000,0.000000,0.443320,0.000000,0.072360,7.071651,0.000000,0.073700,1.190369,0.000000,0.045560,0.052680,-0.918510,9.703463,0.039415,-0.064980,-0.027697
38.422462,1016.870357,4.365709,0.000000,0.000000,0.441786,0.000000,0.072360,7.071651,0.000000,0.073700,1.190369,0.000000,0.045560,0.053857,-0.888590,9.763304,0.036219,-0.066047,-0.026632
38.432055,1016.879980,4.365709,0.000000,0.000000,0.441786,0.000000,0.072360,7.071651,0.000000,0.073700,1.190369,0.000000,0.045560,0.046696,-0.870637,9.753691,0.027697,-0.067111,-0.029828
38.442372,1016.889303,4.365709,0.000000,0.000000,0.441786,0.000000,0.072360,7.071651,0.000000,0.073700,1.190369,0.000000,0.045560,0.046696,-0.869362,9.741722,0.025566,-0.069242,-0.033023
38.452301,1016.899077,4.365709,0.000000,0.000000,0.441786,0.000000,0.072360,7.071651,0.000000,0.073700,1.190369,0.000000,0.045560,0.077793,-0.864555,9.764482,0.033023,-0.066047,-0.035154
38.462538,1016.908482,4.367243,0.000000,0.000000,0.441786,0.000000,0.072360,7.071651,0.000000,0.073700,1.190369,0.000000,0.045560,0.065825,-0.844249,9.769289,0.038350,-0.064980,-0.037284
38.472293,1016.917861,4.367243,0.000000,0.000000,0.441786,0.000000,0.072360,7.070117,0.000000,0.073700,1.190369,0.000000,0.045560,0.017952,-0.871815,9.847082,0.034088,-0.061785,-0.038350
38.482342,1016.937111,4.365709,0.000000,0.000000,0.441786,0.000000,0.072360,7.071651,0.000000,0.073700,1.190369,0.000000,0.045560,0.001177,-0.914881,9.777627,0.025566,-0.057524,-0.038350
38.492398,1016.946629,4.367243,0.000000,0.000000,0.443320,0.000000,0.072360,7.071651,0.000000,0.073700,1.190369,0.000000,0.045560,-0.025114,-0.916058,9.748884,0.025566,-0.056460,-0.037284
38.502338,1016.956265,4.367243,0.000000,0.000000,0.441786,0.000000,0.072360,7.071651,0.000000,0.073700,1.190369,0.000000,0.045560,-0.061116,-0.908896,9.712979,0.029828,-0.054329,-0.035154
38.512490,1016.965831,4.367243,0.000000,0.000000,0.443320,0.000000,0.072360,7.071651,0.000000,0.073700,1.190369,0.000000,0.045560,-0.093391,-0.898106,9.672268,0.029828,-0.057524,-0.033023
38.522333,1016.975408,4.367243,0.000000,0.000000,0.443320,0.000000,0.072360,7.071651,0.000000,0.073700,1.190369,0.000000,0.045560,-0.077793,-0.919687,9.666284,0.022370,-0.057524,-0.031959
38.532336,1016.984876,4.367243,0.000000,0.000000,0.441786,0.000000,0.072360,7.071651,0.000000,0.073700,1.190369,0.000000,0.045560,-0.068278,-0.918510,9.628025,0.024501,-0.057524,-0.031959
38.542439,1016.994333,4.365709,0.000000,0.000000,0.441786,0.000000,0.072360,7.071651,0.000000,0.073700,1.190369,0.000000,0.045560,-0.070632,-0.893299,9.607620,0.035154,-0.059655,-0.031959
38.552543,1017.004005,4.365709,0.000000,0.000000,0.443320,0.000000,0.072360,7.071651,0.000000,0.073700,1.190369,0.000000,0.045560,-0.079069,-0.889767,9.623218,0.033023,-0.063916,-0.033023
38.562394,1017.013533,4.367243,0.000000,0.000000,0.441786,0.000000,0.072360,7.071651,0.000000,0.073700,1.190369,0.000000,0.045560,-0.110166,-0.877799,9.631556,0.031959,-0.066047,-0.035154
38.572528,1017.022925,4.367243,0.000000,0.000000,0.441786,0.000000,0.072360,7.071651,0.000000,0.073700,1.190369,0.000000,0.045560,-0.129296,-0.870637,9.705818,0.036219,-0.066047,-0.033023
38.582185,1017.032505,4.365709,0.000000,0.000000,0.441786,0.000000,0.072360,7.071651,0.000000,0.073700,1.190369,0.000000,0.045560,-0.136555,-0.839442,9.754868,0.038350,-0.067111,-0.033023
38.592201,1017.042152,4.367243,0.000000,0.000000,0.441786,0.000000,0.072360,7.071651,0.000000,0.073700,1.190369,0.000000,0.045560,-0.120957,-0.833458,9.735738,0.033023,-0.068176,-0.034088
38.602260,1017.051909,4.365709,0.000000,0.000000,0.441786,0.000000,0.072360,7.071651,0.000000,0.073700,1.190369,0.000000,0.045560,-0.089860,-0.849056,9.762127,0.026632,-0.068176,-0.033023
38.612311,1017.061265,4.367243,0.000000,0.000000,0.441786,0.000000,0.072360,7.071651,0.000000,0.073700,1.190369,0.000000,0.045560,-0.052680,-0.832280,9.759675,0.028761,-0.067111,-0.033023
38.622115,1017.071005,4.365709,0.000000,0.000000,0.441786,0.000000,0.072360,7.071651,0.000000,0.073700,1.190369,0.000000,0.045560,-0.008339,-0.821489,9.748884,0.031959,-0.067111,-0.030892
38.632080,1017.080409,4.367243,0.000000,0.000000,0.443320,0.000000,0.072360,7.071651,0.000000,0.073700,1.190369,0.000000,0.045560,0.020405,-0.825119,9.748884,0.027697,-0.064980,-0.030892
38.642345,1017.090048,4.367243,0.000000,0.000000,0.441786,0.000000,0.072360,7.071651,0.000000,0.073700,1.190369,0.000000,0.045560,0.028743,-0.814328,9.726223,0.025566,-0.066047,-0.030892
38.652337,1017.099409,4.367243,0.000000,0.000000,0.441786,0.000000,0.072360,7.071651,0.000000,0.073700,1.190369,0.000000,0.045560,0.021582,-0.858571,9.704641,0.023436,-0.067111,-0.034088
38.662788,1017.109092,4.367243,0.000000,0.000000,0.443320,0.000000,0.072360,7.071651,0.000000,0.073700,1.190369,0.000000,0.045560,0.034727,-0.884960,9.706995,0.023436,-0.068176,-0.035154
38.672279,1017.118768,4.367243,0.000000,0.000000,0.441786,0.000000,0.072360,7.071651,0.000000,0.073700,1.190369,0.000000,0.045560,0.002354,-0.901735,9.739368,0.027697,-0.069242,-0.036219
38.682177,1017.128004,4.365709,0.000000,0.000000,0.441786,0.000000,0.072360,7.071651,0.000000,0.073700,1.190369,0.000000,0.045560,-0.025114,-0.916058,9.716609,0.029828,-0.069242,-0.037284
38.692207,1017.137629,4.365709,0.000000,0.000000,0.443320,0.000000,0.072360,7.071651,0.000000,0.073700,1.190369,0.000000,0.045560,-0.004807,-0.948431,9.728577,0.020241,-0.069242,-0.037284
38.702340,1017.156629,4.367243,0.000000,0.000000,0.443320,0.000000,0.072360,7.071651,0.000000,0.073700,1.190369,0.000000,0.045560,-0.051503,-0.964029,9.782434,0.031959,-0.066047,-0.035154
38.712380,1017.166216,4.365709,0.000000,0.000000,0.443320,0.000000,0.072360,7.070117,0.000000,0.073700,1.190369,0.000000,0.045560,-0.063471,-0.973544,9.765659,0.031959,-0.063916,-0.033023
38.722333,1017.176004,4.367243,0.000000,0.000000,0.443320,0.000000,0.072360,7.070117,0.000000,0.073700,1.190369,0.000000,0.045560,-0.057487,-0.973544,9.763304,0.025566,-0.063916,-0.031959
38.732314,1017.185533,4.365709,0.000000,0.000000,0.441786,0.000000,0.072360,7.071651,0.000000,0.073700,1.190369,0.000000,0.045560,-0.056309,-0.958045,9.741722,0.027697,-0.061785,-0.031959
38.742276,1017.194983,4.367243,0.000000,0.000000,0.443320,0.000000,0.072360,7.071651,0.000000,0.073700,1.190369,0.000000,0.045560,-0.050325,-0.920865,9.741722,0.030892,-0.060720,-0.030892
38.752262,1017.204427,4.367243,0.000000,0.000000,0.443320,0.000000,0.072360,7.071651,0.000000,0.073700,1.190369,0.000000,0.045560,-0.027566,-0.905365,9.715432,0.034088,-0.060720,-0.031959
38.762384,1017.214092,4.365709,0.000000,0.000000,0.441786,0.000000,0.072360,7.071651,0.000000,0.073700,1.190369,0.000000,0.045560,-0.014323,-0.896928,9.712979,0.031959,-0.061785,-0.031959
38.772314,1017.223541,4.367243,0.000000,0.000000,0.441786,0.000000,0.072360,7.071651,0.000000,0.073700,1.190369,0.000000,0.045560,0.001177,-0.862201,9.695027,0.034088,-0.061785,-0.031959
38.782343,1017.233234,4.367243,0.000000,0.000000,0.441786,0.000000,0.072360,7.071651,0.000000,0.073700,1.190369,0.000000,0.045560,-0.002354,-0.851410,9.721416,0.033023,-0.062851,-0.033023
38.792287,1017.242941,4.367243,0.000000,0.000000,0.443320,0.000000,0.072360,7.071651,0.000000,0.073700,1.190369,0.000000,0.045560,-0.013145,-0.861024,9.766934,0.037284,-0.062851,-0.034088
38.802432,1017.252108,4.367243,0.000000,0.000000,0.443320,0.000000,0.072360,7.070117,0.000000,0.073700,1.190369,0.000000,0.045560,-0.015598,-0.841894,9.753691,0.039415,-0.061785,-0.034088
38.812043,1017.261923,4.365709,0.000000,0.000000,0.441786,0.000000,0.073700,7.071651,0.000000,0.073700,1.190369,0.000000,0.045560,0.003630,-0.855040,9.754868,0.030892,-0.060720,-0.035154
38.822342,1017.271366,4.367243,0.000000,0.000000,0.441786,0.000000,0.073700,7.071651,0.000000,0.073700,1.190369,0.000000,0.045560,-0.019130,-0.863378,9.756143,0.028761,-0.061785,-0.036219
38.832290,1017.280849,4.367243,0.000000,0.000000,0.443320,0.000000,0.073700,7.071651,0.000000,0.073700,1.190369,0.000000,0.045560,-0.065825,-0.839442,9.763304,0.033023,-0.059655,-0.035154
38.842324,1017.290536,4.365709,0.000000,0.000000,0.443320,0.000000,0.073700,7.070117,0.000000,0.073700,1.190369,0.000000,0.045560,-0.080246,-0.874169,9.712979,0.026632,-0.059655,-0.036219
38.852307,1017.300121,4.367243,0.000000,0.000000,0.441786,0.000000,0.073700,7.071651,0.000000,0.073700,1.190369,0.000000,0.045560,-0.083777,-0.889767,9.721416,0.023436,-0.060720,-0.036219
38.862430,1017.309591,4.365709,0.000000,0.000000,0.441786,0.000000,0.073700,7.071651,0.000000,0.073700,1.190369,0.000000,0.045560,-0.092214,-0.884960,9.679429,0.024501,-0.060720,-0.036219
38.872312,1017.319092,4.365709,0.000000,0.000000,0.441786,0.000000,0.073700,7.071651,0.000000,0.073700,1.190369,0.000000,0.045560,-0.074262,-0.882606,9.665106,0.026632,-0.061785,-0.034088
38.882295,1017.328850,4.367243,0.000000,0.000000,0.441786,0.000000,0.073700,7.071651,0.000000,0.073700,1.190369,0.000000,0.045560,-0.056309,-0.871815,9.660299,0.028761,-0.063916,-0.034088
38.892299,1017.338235,4.365709,0.000000,0.000000,0.443320,0.000000,0.073700,7.070117,0.000000,0.073700,1.190369,0.000000,0.045560,-0.069455,-0.884960,9.660299,0.025566,-0.064980,-0.034088
38.902304,1017.347918,4.365709,0.000000,0.000000,0.443320,0.000000,0.073700,7.070117,0.000000,0.073700,1.190369,0.000000,0.045560,-0.077793,-0.881330,9.653138,0.028761,-0.066047,-0.035154
38.912488,1017.366986,4.367243,0.000000,0.000000,0.441786,0.000000,0.073700,7.071651,0.000000,0.073700,1.190369,0.000000,0.045560,-0.071809,-0.886137,9.708172,0.029828,-0.068176,-0.034088
38.922516,1017.376469,4.365709,0.000000,0.000000,0.441786,0.000000,0.073700,7.071651,0.000000,0.073700,1.190369,0.000000,0.045560,-0.050325,-0.887315,9.733384,0.031959,-0.069242,-0.033023
38.932281,1017.385910,4.365709,0.000000,0.000000,0.443320,0.000000,0.073700,7.071651,0.000000,0.073700,1.190369,0.000000,0.045560,-0.037082,-0.877799,9.720140,0.030892,-0.070307,-0.033023
38.942277,1017.395568,4.367243,0.000000,0.000000,0.441786,0.000000,0.073700,7.071651,0.000000,0.073700,1.190369,0.000000,0.045560,-0.027566,-0.899283,9.735738,0.027697,-0.068176,-0.033023
38.952061,1017.405224,4.365709,0.000000,0.000000,0.441786,0.000000,0.073700,7.071651,0.000000,0.073700,1.190369,0.000000,0.045560,-0.007161,-0.882606,9.744175,0.028761,-0.068176,-0.031959
38.962587,1017.414643,4.365709,0.000000,0.000000,0.441786,0.000000,0.073700,7.071651,0.000000,0.073700,1.190369,0.000000,0.045560,-0.001177,-0.881330,9.747707,0.029828,-0.066047,-0.030892
38.972309,1017.424045,4.365709,0.000000,0.000000,0.443320,0.000000,0.073700,7.071651,0.000000,0.073700,1.190369,0.000000,0.045560,0.008339,-0.875346,9.753691,0.028761,-0.064980,-0.033023
38.982318,1017.433893,4.367243,0.000000,0.000000,0.441786,0.000000,0.073700,7.071651,0.000000,0.073700,1.190369,0.000000,0.045560,0.020405,-0.883783,9.735738,0.027697,-0.063916,-0.034088
38.992304,1017.443237,4.365709,0.000000,0.000000,0.443320,0.000000,0.073700,7.071651,0.000000,0.073700,1.190369,0.000000,0.045560,0.020405,-0.902912,9.728577,0.025566,-0.063916,-0.035154
39.002384,1017.452966,4.367243,0.000000,0.000000,0.441786,0.000000,0.073700,7.070117,0.000000,0.073700,1.190369,0.000000,0.045560,0.031098,-0.898106,9.738191,0.028761,-0.064980,-0.036219
39.012263,1017.462360,4.365709,0.000000,0.000000,0.443320,0.000000,0.073700,7.071651,0.000000,0.073700,1.190369,0.000000,0.045560,0.020405,-0.906542,9.730931,0.028761,-0.064980,-0.035154
39.022086,1017.472026,4.367243,0.000000,0.000000,0.443320,0.000000,0.073700,7.071651,0.000000,0.073700,1.190369,0.000000,0.045560,0.016775,-0.922042,9.718963,0.024501,-0.063916,-0.035154
39.032228,1017.481367,4.367243,0.000000,0.000000,0.441786,0.000000,0.073700,7.070117,0.000000,0.073700,1.190369,0.000000,0.045560,0.001177,-0.929301,9.726223,0.027697,-0.061785,-0.036219
39.042283,1017.490939,4.365709,0.000000,0.000000,0.441786,0.000000,0.073700,7.071651,0.000000,0.073700,1.190369,0.000000,0.045560,-0.025114,-0.919687,9.736916,0.031959,-0.062851,-0.035154
39.052302,1017.500728,4.365709,0.000000,0.000000,0.443320,0.000000,0.073700,7.071651,0.000000,0.073700,1.190369,0.000000,0.045560,-0.034727,-0.934010,9.739368,0.030892,-0.061785,-0.035154
39.062365,1017.510342,4.367243,0.000000,0.000000,0.441786,0.000000,0.073700,7.071651,0.000000,0.073700,1.190369,0.000000,0.045560,-0.043066,-0.934010,9.714156,0.029828,-0.060720,-0.033023
39.072259,1017.519575,4.365709,0.000000,0.000000,0.441786,0.000000,0.073700,7.071651,0.000000,0.073700,1.190369,0.000000,0.045560,-0.034727,-0.919687,9.724947,0.030892,-0.061785,-0.033023
39.082287,1017.529340,4.365709,0.000000,0.000000,0.441786,0.000000,0.073700,7.070117,0.000000,0.073700,1.190369,0.000000,0.045560,-0.058664,-0.906542,9.705818,0.033023,-0.060720,-0.033023
39.092440,1017.538968,4.367243,0.000000,0.000000,0.441786,0.000000,0.073700,7.071651,0.000000,0.073700,1.190369,0.000000,0.045560,-0.049050,-0.913703,9.709448,0.034088,-0.059655,-0.034088
39.102284,1017.548194,4.365709,0.000000,0.000000,0.441786,0.000000,0.073700,7.071651,0.000000,0.073700,1.190369,0.000000,0.045560,-0.053857,-0.890944,9.705818,0.031959,-0.061785,-0.033023
39.112270,1017.567431,4.367243,0.000000,0.000000,0.443320,0.000000,0.073700,7.071651,0.000000,0.073700,1.190369,0.000000,0.045560,-0.043066,-0.852587,9.715432,0.033023,-0.062851,-0.033023
39.122276,1017.577120,4.365709,0.000000,0.000000,0.441786,0.000000,0.073700,7.071651,0.000000,0.073700,1.190369,0.000000,0.045560,-0.046696,-0.850233,9.722593,0.031959,-0.063916,-0.033023
39.132318,1017.586534,4.365709,0.000000,0.000000,0.443320,0.000000,0.073700,7.071651,0.000000,0.073700,1.190369,0.000000,0.045560,-0.056309,-0.851410,9.733384,0.031959,-0.062851,-0.034088
39.142344,1017.596038,4.365709,0.000000,0.000000,0.443320,0.000000,0.073700,7.071651,0.000000,0.073700,1.190369,0.000000,0.045560,-0.035905,-0.837087,9.726223,0.030892,-0.063916,-0.034088
39.152308,1017.605639,4.367243,0.000000,0.000000,0.443320,0.000000,0.073700,7.071651,0.000000,0.073700,1.190369,0.000000,0.045560,-0.037082,-0.852587,9.723770,0.027697,-0.062851,-0.036219
39.162716,1017.615216,4.367243,0.000000,0.000000,0.441786,0.000000,0.073700,7.071651,0.000000,0.073700,1.190369,0.000000,0.045560,-0.022759,-0.870637,9.724947,0.027697,-0.063916,-0.034088
39.172269,1017.624588,4.367243,0.000000,0.000000,0.443320,0.000000,0.073700,7.071651,0.000000,0.073700,1.190369,0.000000,0.045560,-0.039534,-0.867008,9.728577,0.029828,-0.064980,-0.035154
39.182305,1017.634113,4.367243,0.000000,0.000000,0.441786,0.000000,0.073700,7.071651,0.000000,0.073700,1.190369,0.000000,0.045560,-0.044341,-0.864555,9.726223,0.025566,-0.064980,-0.034088
39.192484,1017.643860,4.365709,0.000000,0.000000,0.443320,0.000000,0.073700,7.071651,0.000000,0.073700,1.190369,0.000000,0.045560,-0.045518,-0.877799,9.709448,0.024501,-0.064980,-0.034088
39.202314,1017.653284,4.367243,0.000000,0.000000,0.441786,0.000000,0.073700,7.071651,0.000000,0.073700,1.190369,0.000000,0.045560,-0.041889,-0.877799,9.708172,0.024501,-0.064980,-0.034088
39.212380,1017.662922,4.365709,0.000000,0.000000,0.443320,0.000000,0.073700,7.071651,0.000000,0.073700,1.190369,0.000000,0.045560,-0.047873,-0.884960,9.715432,0.028761,-0.064980,-0.035154
39.222302,1017.672533,4.367243,0.000000,0.000000,0.443320,0.000000,0.073700,7.071651,0.000000,0.073700,1.190369,0.000000,0.045560,-0.050325,-0.892121,9.716609,0.025566,-0.066047,-0.035154
39.232427,1017.681890,4.367243,0.000000,0.000000,0.443320,0.000000,0.073700,7.071651,0.000000,0.073700,1.190369,0.000000,0.045560,-0.046696,-0.896928,9.721416,0.026632,-0.066047,-0.035154
39.242254,1017.691427,4.367243,0.000000,0.000000,0.441786,0.000000,0.073700,7.071651,0.000000,0.073700,1.190369,0.000000,0.045560,-0.040712,-0.911349,9.723770,0.028761,-0.067111,-0.034088
39.252268,1017.701129,4.367243,0.000000,0.000000,0.441786,0.000000,0.073700,7.071651,0.000000,0.073700,1.190369,0.000000,0.045560,-0.035905,-0.911349,9.720140,0.028761,-0.067111,-0.034088
39.262352,1017.710859,4.367243,0.000000,0.000000,0.443320,0.000000,0.073700,7.071651,0.000000,0.073700,1.190369,0.000000,0.045560,-0.031098,-0.912526,9.741722,0.030892,-0.068176,-0.035154
39.272270,1017.720078,4.367243,0.000000,0.000000,0.441786,0.000000,0.073700,7.071651,0.000000,0.073700,1.190369,0.000000,0.045560,-0.031098,-0.928026,9.747707,0.028761,-0.067111,-0.034088
39.282508,1017.729651,4.367243,0.000000,0.000000,0.441786,0.000000,0.073700,7.071651,0.000000,0.073700,1.190369,0.000000,0.045560,-0.008339,-0.906542,9.742900,0.029828,-0.066047,-0.033023
39.292541,1017.739488,4.367243,0.000000,0.000000,0.443320,0.000000,0.073700,7.071651,0.000000,0.073700,1.190369,0.000000,0.045560,0.002354,-0.912526,9.748884,0.030892,-0.066047,-0.033023
39.302105,1017.748703,4.367243,0.000000,0.000000,0.441786,0.000000,0.073700,7.071651,0.000000,0.073700,1.190369,0.000000,0.045560,-0.002354,-0.901735,9.740545,0.028761,-0.066047,-0.033023
39.312117,1017.758546,4.367243,0.000000,0.000000,0.443320,0.000000,0.073700,7.071651,0.000000,0.073700,1.190369,0.000000,0.045560,0.011968,-0.880153,9.764482,0.029828,-0.063916,-0.033023
39.322156,1017.767930,4.367243,0.000000,0.000000,0.441786,0.000000,0.073700,7.071651,0.000000,0.073700,1.190369,0.000000,0.045560,0.001177,-0.896928,9.751336,0.028761,-0.063916,-0.034088
39.332231,1017.777607,4.367243,0.000000,0.000000,0.441786,0.000000,0.073700,7.071651,0.000000,0.073700,1.190369,0.000000,0.045560,-0.001177,-0.896928,9.742900,0.028761,-0.062851,-0.033023
39.342263,1017.787132,4.367243,0.000000,0.000000,0.441786,0.000000,0.073700,7.071651,0.000000,0.073700,1.190369,0.000000,0.045560,0.011968,-0.892121,9.740545,0.030892,-0.061785,-0.034088
39.352331,1017.806047,4.365709,0.000000,0.000000,0.441786,0.000000,0.073700,7.070117,0.000000,0.073700,1.188835,0.000000,0.045560,-0.014323,-0.898106,9.735738,0.030892,-0.061785,-0.035154
39.362578,1017.815570,4.367243,0.000000,0.000000,0.441786,0.000000,0.073700,7.071651,0.000000,0.073700,1.190369,0.000000,0.045560,-0.027566,-0.884960,9.730931,0.030892,-0.061785,-0.035154
39.372393,1017.825238,4.365709,0.000000,0.000000,0.441786,0.000000,0.073700,7.071651,0.000000,0.073700,1.190369,0.000000,0.045560,-0.041889,-0.896928,9.722593,0.029828,-0.061785,-0.035154
39.382440,1017.834758,4.367243,0.000000,0.000000,0.441786,0.000000,0.073700,7.071651,0.000000,0.073700,1.190369,0.000000,0.045560,-0.033550,-0.882606,9.724947,0.031959,-0.060720,-0.034088
39.392472,1017.844237,4.365709,0.000000,0.000000,0.441786,0.000000,0.073700,7.070117,0.000000,0.073700,1.190369,0.000000,0.045560,-0.059841,-0.878976,9.712979,0.031959,-0.060720,-0.034088
39.402261,1017.853780,4.367243,0.000000,0.000000,0.443320,0.000000,0.073700,7.071651,0.000000,0.073700,1.190369,0.000000,0.045560,-0.069455,-0.877799,9.710625,0.029828,-0.060720,-0.033023
39.412388,1017.863689,4.367243,0.000000,0.000000,0.443320,0.000000,0.073700,7.071651,0.000000,0.073700,1.190369,0.000000,0.045560,-0.065825,-0.855040,9.692672,0.029828,-0.061785,-0.034088
39.422233,1017.873044,4.367243,0.000000,0.000000,0.443320,0.000000,0.073700,7.071651,0.000000,0.073700,1.190369,0.000000,0.045560,-0.065825,-0.877799,9.705818,0.029828,-0.061785,-0.035154
39.432284,1017.882536,4.367243,0.000000,0.000000,0.443320,0.000000,0.073700,7.071651,0.000000,0.073700,1.190369,0.000000,0.045560,-0.061116,-0.870637,9.689043,0.030892,-0.063916,-0.035154
39.442228,1017.892152,4.365709,0.000000,0.000000,0.443320,0.000000,0.073700,7.071651,0.000000,0.073700,1.190369,0.000000,0.045560,-0.067100,-0.857394,9.702188,0.029828,-0.063916,-0.035154
39.452273,1017.901838,4.367243,0.000000,0.000000,0.441786,0.000000,0.073700,7.071651,0.000000,0.073700,1.190369,0.000000,0.045560,-0.059841,-0.874169,9.702188,0.027697,-0.063916,-0.033023
39.462252,1017.911190,4.365709,0.000000,0.000000,0.443320,0.000000,0.073700,7.071651,0.000000,0.073700,1.190369,0.000000,0.045560,-0.052680,-0.874169,9.692672,0.029828,-0.064980,-0.033023
39.472232,1017.920910,4.367243,0.000000,0.000000,0.443320,0.000000,0.073700,7.071651,0.000000,0.073700,1.190369,0.000000,0.045560,-0.037082,-0.877799,9.728577,0.029828,-0.066047,-0.034088
39.482479,1017.930137,4.367243,0.000000,0.000000,0.443320,0.000000,0.073700,7.071651,0.000000,0.073700,1.190369,0.000000,0.045560,-0.027566,-0.863378,9.729754,0.028761,-0.064980,-0.034088
39.492273,1017.939831,4.365709,0.000000,0.000000,0.443320,0.000000,0.073700,7.071651,0.000000,0.073700,1.190369,0.000000,0.045560,-0.019130,-0.875346,9.728577,0.029828,-0.066047,-0.034088
39.502511,1017.949550,4.365709,0.000000,0.000000,0.441786,0.000000,0.073700,7.071651,0.000000,0.073700,1.190369,0.000000,0.045560,-0.028743,-0.886137,9.726223,0.027697,-0.066047,-0.034088
39.512344,1017.959131,4.367243,0.000000,0.000000,0.441786,0.000000,0.073700,7.071651,0.000000,0.073700,1.188835,0.000000,0.045560,-0.032373,-0.871815,9.702188,0.028761,-0.063916,-0.031959
39.522510,1017.968335,4.365709,0.000000,0.000000,0.443320,0.000000,0.073700,7.071651,0.000000,0.073700,1.190369,0.000000,0.045560,-0.021582,-0.890944,9.727400,0.026632,-0.064980,-0.034088
39.532255,1017.978004,4.365709,0.000000,0.000000,0.443320,0.000000,0.073700,7.071651,0.000000,0.073700,1.190369,0.000000,0.045560,-0.027566,-0.888590,9.716609,0.027697,-0.064980,-0.034088
39.542308,1017.987475,4.367243,0.000000,0.000000,0.441786,0.000000,0.073700,7.071651,0.000000,0.073700,1.190369,0.000000,0.045560,-0.028743,-0.887315,9.701011,0.027697,-0.064980,-0.034088
39.552451,1018.006630,4.367243,0.000000,0.000000,0.443320,0.000000,0.073700,7.071651,0.000000,0.073700,1.190369,0.000000,0.045560,-0.020405,-0.894574,9.726223,0.029828,-0.064980,-0.033023
39.562546,1018.016092,4.365709,0.000000,0.000000,0.441786,0.000000,0.073700,7.071651,0.000000,0.073700,1.190369,0.000000,0.045560,-0.020405,-0.886137,9.724947,0.028761,-0.064980,-0.034088
39.572596,1018.025891,4.367243,0.000000,0.000000,0.443320,0.000000,0.073700,7.071651,0.000000,0.073700,1.190369,0.000000,0.045560,-0.032373,-0.923317,9.718963,0.025566,-0.064980,-0.033023
39.582103,1018.035427,4.365709,0.000000,0.000000,0.443320,0.000000,0.073700,7.071651,0.000000,0.073700,1.190369,0.000000,0.045560,-0.023936,-0.912526,9.727400,0.030892,-0.064980,-0.035154
39.592120,1018.044983,4.367243,0.000000,0.000000,0.441786,0.000000,0.073700,7.071651,0.000000,0.073700,1.190369,0.000000,0.045560,-0.025114,-0.893299,9.729754,0.030892,-0.064980,-0.034088
39.602140,1018.054504,4.365709,0.000000,0.000000,0.443320,0.000000,0.073700,7.071651,0.000000,0.073700,1.190369,0.000000,0.045560,-0.021582,-0.898106,9.734561,0.030892,-0.063916,-0.034088
39.612220,1018.063942,4.365709,0.000000,0.000000,0.441786,0.000000,0.073700,7.071651,0.000000,0.073700,1.190369,0.000000,0.045560,-0.020405,-0.913703,9.729754,0.029828,-0.064980,-0.034088
39.622363,1018.073647,4.367243,0.000000,0.000000,0.443320,0.000000,0.073700,7.071651,0.000000,0.073700,1.190369,0.000000,0.045560,-0.009614,-0.904090,9.722593,0.030892,-0.064980,-0.034088
39.632273,1018.083062,4.367243,0.000000,0.000000,0.441786,0.000000,0.073700,7.071651,0.000000,0.073700,1.190369,0.000000,0.045560,-0.019130,-0.889767,9.733384,0.033023,-0.063916,-0.033023
39.642318,1018.092532,4.367243,0.000000,0.000000,0.443320,0.000000,0.073700,7.071651,0.000000,0.073700,1.190369,0.000000,0.045560,-0.016775,-0.898106,9.736916,0.028761,-0.062851,-0.034088
39.652514,1018.102057,4.367243,0.000000,0.000000,0.443320,0.000000,0.073700,7.071651,0.000000,0.073700,1.190369,0.000000,0.045560,-0.022759,-0.872992,9.726223,0.031959,-0.063916,-0.033023
39.662198,1018.111688,4.365709,0.000000,0.000000,0.441786,0.000000,0.073700,7.071651,0.000000,0.073700,1.190369,0.000000,0.045560,-0.023936,-0.876622,9.729754,0.031959,-0.062851,-0.034088
39.672061,1018.121272,4.367243,0.000000,0.000000,0.443320,0.000000,0.073700,7.071651,0.000000,0.073700,1.190369,0.000000,0.045560,-0.017952,-0.882606,9.734561,0.031959,-0.062851,-0.034088
39.682101,1018.130936,4.367243,0.000000,0.000000,0.441786,0.000000,0.073700,7.071651,0.000000,0.073700,1.190369,0.000000,0.045560,-0.026389,-0.874169,9.741722,0.031959,-0.066047,-0.035154
39.692109,1018.140244,4.365709,0.000000,0.000000,0.441786,0.000000,0.073700,7.071651,0.000000,0.073700,1.190369,0.000000,0.045560,-0.035905,-0.867008,9.720140,0.027697,-0.068176,-0.035154
39.702395,1018.149887,4.367243,0.000000,0.000000,0.441786,0.000000,0.073700,7.071651,0.000000,0.073700,1.190369,0.000000,0.045560,-0.032373,-0.888590,9.709448,0.018110,-0.069242,-0.036219
39.712533,1018.159342,4.367243,0.000000,0.000000,0.443320,0.000000,0.073700,7.071651,0.000000,0.073700,1.190369,0.000000,0.045560,-0.040712,-0.893299,9.687866,0.023436,-0.063916,-0.035154
39.722294,1018.169003,4.367243,0.000000,0.000000,0.441786,0.000000,0.073700,7.071651,0.000000,0.073700,1.190369,0.000000,0.045560,-0.063471,-0.833458,9.728577,0.039415,-0.061785,-0.035154
39.732261,1018.178489,4.367243,0.000000,0.000000,0.441786,0.000000,0.073700,7.071651,0.000000,0.073700,1.190369,0.000000,0.045560,-0.052680,-0.894574,9.744175,0.031959,-0.062851,-0.034088
39.742337,1018.188234,4.365709,0.000000,0.000000,0.441786,0.000000,0.073700,7.071651,0.000000,0.073700,1.190369,0.000000,0.045560,-0.061116,-0.874169,9.698657,0.020241,-0.063916,-0.036219
39.752295,1018.207157,4.367243,0.000000,0.000000,0.443320,0.000000,0.073700,7.071651,0.000000,0.073700,1.190369,0.000000,0.045560,-0.009614,-0.865831,9.715432,0.039415,-0.062851,-0.034088
39.762357,1018.216830,4.365709,0.000000,0.000000,0.443320,0.000000,0.073700,7.071651,0.000000,0.073700,1.190369,0.000000,0.045560,-0.049050,-0.894574,9.709448,0.026632,-0.062851,-0.035154
39.772435,1018.226543,4.365709,0.000000,0.000000,0.441786,0.000000,0.073700,7.071651,0.000000,0.073700,1.190369,0.000000,0.045560,-0.055132,-0.889767,9.686688,0.020241,-0.064980,-0.035154
39.782272,1018.236077,4.367243,0.000000,0.000000,0.441786,0.000000,0.073700,7.071651,0.000000,0.073700,1.190369,0.000000,0.045560,-0.040712,-0.875346,9.692672,0.035154,-0.062851,-0.034088
39.792290,1018.245302,4.367243,0.000000,0.000000,0.443320,0.000000,0.073700,7.071651,0.000000,0.073700,1.190369,0.000000,0.045560,-0.038357,-0.886137,9.723770,0.037284,-0.064980,-0.033023
39.802130,1018.254946,4.367243,0.000000,0.000000,0.443320,0.000000,0.073700,7.071651,0.000000,0.073700,1.190369,0.000000,0.045560,-0.029921,-0.893299,9.714156,0.021305,-0.066047,-0.033023
39.812107,1018.264607,4.367243,0.000000,0.000000,0.441786,0.000000,0.073700,7.071651,0.000000,0.073700,1.190369,0.000000,0.045560,-0.029921,-0.896928,9.709448,0.027697,-0.066047,-0.034088
39.822333,1018.274141,4.367243,0.000000,0.000000,0.441786,0.000000,0.073700,7.071651,0.000000,0.073700,1.190369,0.000000,0.045560,-0.014323,-0.880153,9.697479,0.033023,-0.064980,-0.033023
39.832264,1018.283734,4.365709,0.000000,0.000000,0.443320,0.000000,0.073700,7.071651,0.000000,0.073700,1.190369,0.000000,0.045560,-0.025114,-0.917333,9.724947,0.029828,-0.061785,-0.034088
39.842275,1018.293090,4.365709,0.000000,0.000000,0.441786,0.000000,0.073700,7.071651,0.000000,0.073700,1.190369,0.000000,0.045560,-0.008339,-0.849056,9.724947,0.035154,-0.063916,-0.034088
39.852332,1018.302724,4.365709,0.000000,0.000000,0.443320,0.000000,0.073700,7.071651,0.000000,0.073700,1.190369,0.000000,0.045560,-0.016775,-0.935285,9.745352,0.024501,-0.061785,-0.034088
39.862235,1018.312378,4.367243,0.000000,0.000000,0.441786,0.000000,0.073700,7.071651,0.000000,0.073700,1.190369,0.000000,0.045560,0.001177,-0.874169,9.696204,0.030892,-0.060720,-0.036219
39.872387,1018.321917,4.367243,0.000000,0.000000,0.443320,0.000000,0.073700,7.071651,0.000000,0.073700,1.190369,0.000000,0.045560,0.000000,-0.923317,9.740545,0.036219,-0.056460,-0.033023
39.882796,1018.331553,4.367243,0.000000,0.000000,0.441786,0.000000,0.073700,7.071651,0.000000,0.073700,1.190369,0.000000,0.045560,-0.016775,-0.851410,9.741722,0.039415,-0.062851,-0.034088
39.892242,1018.340923,4.365709,0.000000,0.000000,0.441786,0.000000,0.073700,7.071651,0.000000,0.073700,1.190369,0.000000,0.045560,-0.022759,-0.947254,9.728577,0.014914,-0.060720,-0.035154
39.902524,1018.350549,4.365709,0.000000,0.000000,0.443320,0.000000,0.073700,7.071651,0.000000,0.073700,1.190369,0.000000,0.045560,-0.015598,-0.895751,9.701011,0.029828,-0.061785,-0.035154
39.912104,1018.360108,4.367243,0.000000,0.000000,0.443320,0.000000,0.073700,7.071651,0.000000,0.073700,1.190369,0.000000,0.045560,-0.023936,-0.877799,9.727400,0.037284,-0.059655,-0.033023
39.922142,1018.369489,4.365709,0.000000,0.000000,0.441786,0.000000,0.073700,7.071651,0.000000,0.073700,1.190369,0.000000,0.045560,-0.028743,-0.872992,9.717786,0.031959,-0.062851,-0.033023
39.932190,1018.379287,4.367243,0.000000,0.000000,0.443320,0.000000,0.073700,7.071651,0.000000,0.073700,1.190369,0.000000,0.045560,-0.032373,-0.908896,9.732207,0.018110,-0.062851,-0.035154
39.942242,1018.388668,4.367243,0.000000,0.000000,0.441786,0.000000,0.073700,7.071651,0.000000,0.073700,1.190369,0.000000,0.045560,-0.040712,-0.905365,9.699834,0.030892,-0.061785,-0.035154
39.952240,1018.398337,4.367243,0.000000,0.000000,0.441786,0.000000,0.073700,7.071651,0.000000,0.073700,1.190369,0.000000,0.045560,-0.039534,-0.895751,9.716609,0.031959,-0.061785,-0.034088
39.962275,1018.407628,4.367243,0.000000,0.000000,0.443320,0.000000,0.073700,7.071651,0.000000,0.073700,1.190369,0.000000,0.045560,-0.044341,-0.907719,9.712979,0.027697,-0.059655,-0.034088
39.972403,1018.426919,4.367243,0.000000,0.000000,0.443320,0.000000,0.073700,7.071651,0.000000,0.073700,1.190369,0.000000,0.045560,-0.039534,-0.890944,9.718963,0.033023,-0.056460,-0.033023
39.982220,1018.436406,4.367243,0.000000,0.000000,0.441786,0.000000,0.073700,7.071651,0.000000,0.073700,1.190369,0.000000,0.045560,-0.033550,-0.859847,9.706995,0.037284,-0.058589,-0.033023
39.992433,1018.445830,4.367243,0.000000,0.000000,0.443320,0.000000,0.073700,7.071651,0.000000,0.073700,1.190369,0.000000,0.045560,-0.038357,-0.892121,9.734561,0.029828,-0.057524,-0.031959
40.002486,1018.455537,4.367243,0.000000,0.000000,0.443320,0.000000,0.073700,7.071651,0.000000,0.073700,1.190369,0.000000,0.045560,-0.034727,-0.850233,9.721416,0.038350,-0.059655,-0.035154
40.012556,1018.465054,4.367243,0.000000,0.000000,0.441786,0.000000,0.073700,7.071651,0.000000,0.073700,1.190369,0.000000,0.045560,-0.037082,-0.835910,9.708172,0.030892,-0.061785,-0.034088
40.022044,1018.474722,4.367243,0.000000,0.000000,0.443320,0.000000,0.073700,7.071651,0.000000,0.073700,1.190369,0.000000,0.045560,-0.035905,-0.876622,9.704641,0.024501,-0.063916,-0.034088
40.032093,1018.484301,4.367243,0.000000,0.000000,0.441786,0.000000,0.073700,7.071651,0.000000,0.073700,1.190369,0.000000,0.045560,-0.037082,-0.876622,9.715432,0.030892,-0.063916,-0.035154
40.042155,1018.493705,4.365709,0.000000,0.000000,0.443320,0.000000,0.073700,7.071651,0.000000,0.073700,1.190369,0.000000,0.045560,-0.046696,-0.874169,9.712979,0.034088,-0.063916,-0.034088
40.052260,1018.503332,4.367243,0.000000,0.000000,0.443320,0.000000,0.073700,7.071651,0.000000,0.073700,1.190369,0.000000,0.045560,-0.035905,-0.880153,9.716609,0.029828,-0.064980,-0.036219
40.062951,1018.512700,4.367243,0.000000,0.000000,0.443320,0.000000,0.073700,7.071651,0.000000,0.073700,1.190369,0.000000,0.045560,-0.058664,-0.878976,9.732207,0.034088,-0.066047,-0.030892
40.072415,1018.522241,4.367243,0.000000,0.000000,0.443320,0.000000,0.073700,7.071651,0.000000,0.073700,1.190369,0.000000,0.045560,-0.031098,-0.881330,9.696204,0.002131,-0.064980,-0.034088
40.082494,1018.531868,4.367243,0.000000,0.000000,0.443320,0.000000,0.073700,7.071651,0.000000,0.073700,1.190369,0.000000,0.045560,-0.020405,-0.934010,9.704641,0.023436,-0.068176,-0.035154
40.092531,1018.541717,4.367243,0.000000,0.000000,0.443320,0.000000,0.073700,7.071651,0.000000,0.073700,1.190369,0.000000,0.045560,-0.021582,-0.816683,9.740545,0.057524,-0.063916,-0.035154
40.102076,1018.551154,4.367243,0.000000,0.000000,0.441786,0.000000,0.073700,7.071651,0.000000,0.073700,1.190369,0.000000,0.045560,-0.037082,-0.859847,9.712979,0.028761,-0.063916,-0.034088
40.112095,1018.560557,4.365709,0.000000,0.000000,0.443320,0.000000,0.073700,7.071651,0.000000,0.073700,1.190369,0.000000,0.045560,-0.028743,-0.937640,9.690220,0.009587,-0.067111,-0.036219
40.122141,1018.570050,4.367243,0.000000,0.000000,0.441786,0.000000,0.073700,7.070117,0.000000,0.073700,1.190369,0.000000,0.045560,-0.034727,-0.916058,9.718963,0.037284,-0.064980,-0.031959
40.132187,1018.579702,4.367243,0.000000,0.000000,0.443320,0.000000,0.073700,7.071651,0.000000,0.073700,1.190369,0.000000,0.045560,-0.031098,-0.855040,9.735738,0.043675,-0.064980,-0.031959
40.142235,1018.589090,4.367243,0.000000,0.000000,0.441786,0.000000,0.073700,7.070117,0.000000,0.073700,1.190369,0.000000,0.045560,-0.026389,-0.937640,9.722593,0.017045,-0.064980,-0.034088
40.152307,1018.598827,4.367243,0.000000,0.000000,0.443320,0.000000,0.073700,7.071651,0.000000,0.073700,1.188835,0.000000,0.045560,-0.021582,-0.926849,9.711802,0.024501,-0.066047,-0.034088
40.162246,1018.608541,4.365709,0.000000,0.000000,0.443320,0.000000,0.073700,7.071651,0.000000,0.073700,1.190369,0.000000,0.045560,-0.020405,-0.855040,9.740545,0.042610,-0.063916,-0.030892
40.172212,1018.618108,4.367243,0.000000,0.000000,0.441786,0.000000,0.073700,7.071651,0.000000,0.073700,1.190369,0.000000,0.045560,-0.019130,-0.895751,9.745352,0.027697,-0.062851,-0.034088
40.182247,1018.636914,4.365709,0.000000,0.000000,0.443320,0.000000,0.073700,7.071651,0.000000,0.073700,1.190369,0.000000,0.045560,-0.019130,-0.893299,9.740545,0.036219,-0.061785,-0.033023
40.192480,1018.646542,4.367243,0.000000,0.000000,0.441786,0.000000,0.073700,7.071651,0.000000,0.073700,1.190369,0.000000,0.045560,-0.023936,-0.864555,9.732207,0.036219,-0.062851,-0.034088
40.202291,1018.656123,4.365709,0.000000,0.000000,0.443320,0.000000,0.073700,7.071651,0.000000,0.073700,1.190369,0.000000,0.045560,-0.019130,-0.917333,9.708172,0.017045,-0.061785,-0.035154
40.212093,1018.665468,4.367243,0.000000,0.000000,0.443320,0.000000,0.073700,7.071651,0.000000,0.073700,1.190369,0.000000,0.045560,-0.032373,-0.870637,9.711802,0.030892,-0.061785,-0.035154
40.222194,1018.675112,4.367243,0.000000,0.000000,0.441786,0.000000,0.073700,7.071651,0.000000,0.073700,1.190369,0.000000,0.045560,-0.028743,-0.893299,9.733384,0.036219,-0.061785,-0.035154
40.232223,1018.684827,4.367243,0.000000,0.000000,0.441786,0.000000,0.073700,7.071651,0.000000,0.073700,1.190369,0.000000,0.045560,-0.033550,-0.868185,9.726223,0.027697,-0.061785,-0.034088
40.242282,1018.694500,4.367243,0.000000,0.000000,0.443320,0.000000,0.073700,7.070117,0.000000,0.073700,1.190369,0.000000,0.045560,-0.043066,-0.910074,9.697479,0.024501,-0.060720,-0.035154
40.252260,1018.703722,4.365709,0.000000,0.000000,0.441786,0.000000,0.073700,7.071651,0.000000,0.073700,1.190369,0.000000,0.045560,-0.055132,-0.888590,9.706995,0.033023,-0.059655,-0.034088
40.262341,1018.713322,4.367243,0.000000,0.000000,0.443320,0.000000,0.073700,7.071651,0.000000,0.073700,1.190369,0.000000,0.045560,-0.045518,-0.883783,9.717786,0.037284,-0.058589,-0.033023
40.272276,1018.723125,4.365709,0.000000,0.000000,0.443320,0.000000,0.073700,7.071651,0.000000,0.073700,1.190369,0.000000,0.045560,-0.044341,-0.889767,9.718963,0.029828,-0.059655,-0.033023
40.282172,1018.732422,4.367243,0.000000,0.000000,0.443320,0.000000,0.073700,7.071651,0.000000,0.073700,1.190369,0.000000,0.045560,-0.051503,-0.887315,9.718963,0.029828,-0.061785,-0.034088
40.292174,1018.741913,4.365709,0.000000,0.000000,0.441786,0.000000,0.073700,7.071651,0.000000,0.073700,1.190369,0.000000,0.045560,-0.049050,-0.888590,9.721416,0.033023,-0.062851,-0.034088
40.302191,1018.751583,4.365709,0.000000,0.000000,0.441786,0.000000,0.073700,7.071651,0.000000,0.073700,1.190369,0.000000,0.045560,-0.047873,-0.872992,9.718963,0.030892,-0.063916,-0.033023
40.312218,1018.761229,4.365709,0.000000,0.000000,0.443320,0.000000,0.073700,7.071651,0.000000,0.073700,1.190369,0.000000,0.045560,-0.051503,-0.872992,9.712979,0.025566,-0.063916,-0.033023
40.322167,1018.770825,4.367243,0.000000,0.000000,0.443320,0.000000,0.073700,7.071651,0.000000,0.073700,1.190369,0.000000,0.045560,-0.049050,-0.874169,9.703463,0.028761,-0.062851,-0.034088
40.332237,1018.780421,4.365709,0.000000,0.000000,0.443320,0.000000,0.073700,7.071651,0.000000,0.073700,1.190369,0.000000,0.045560,-0.044341,-0.887315,9.714156,0.033023,-0.062851,-0.034088
40.342300,1018.789624,4.367243,0.000000,0.000000,0.441786,0.000000,0.073700,7.071651,0.000000,0.073700,1.190369,0.000000,0.045560,-0.039534,-0.878976,9.714156,0.031959,-0.063916,-0.034088
40.352403,1018.799421,4.367243,0.000000,0.000000,0.443320,0.000000,0.073700,7.071651,0.000000,0.073700,1.190369,0.000000,0.045560,-0.041889,-0.884960,9.712979,0.027697,-0.062851,-0.034088
40.362744,1018.809036,4.367243,0.000000,0.000000,0.443320,0.000000,0.073700,7.071651,0.000000,0.073700,1.190369,0.000000,0.045560,-0.043066,-0.900558,9.726223,0.028761,-0.066047,-0.034088
40.372426,1018.818262,4.367243,0.000000,0.000000,0.443320,0.000000,0.073700,7.071651,0.000000,0.073700,1.190369,0.000000,0.045560,-0.041889,-0.863378,9.722593,0.034088,-0.064980,-0.034088
40.382473,1018.827825,4.367243,0.000000,0.000000,0.443320,0.000000,0.073700,7.071651,0.000000,0.073700,1.190369,0.000000,0.045560,-0.033550,-0.883783,9.722593,0.026632,-0.066047,-0.033023
40.392509,1018.837665,4.367243,0.000000,0.000000,0.443320,0.000000,0.073700,7.071651,0.000000,0.073700,1.190369,0.000000,0.045560,-0.031098,-0.901735,9.720140,0.024501,-0.064980,-0.034088
40.402308,1018.856599,4.367243,0.000000,0.000000,0.441786,0.000000,0.073700,7.071651,0.000000,0.073700,1.190369,0.000000,0.045560,-0.033550,-0.876622,9.734561,0.029828,-0.063916,-0.034088
40.412156,1018.866045,4.367243,0.000000,0.000000,0.441786,0.000000,0.073700,7.071651,0.000000,0.073700,1.190369,0.000000,0.045560,-0.033550,-0.907719,9.734561,0.023436,-0.064980,-0.034088
40.422535,1018.875582,4.365709,0.000000,0.000000,0.443320,0.000000,0.073700,7.071651,0.000000,0.073700,1.190369,0.000000,0.045560,-0.022759,-0.899283,9.732207,0.033023,-0.064980,-0.033023
40.432270,1018.885369,4.367243,0.000000,0.000000,0.443320,0.000000,0.073700,7.071651,0.000000,0.073700,1.190369,0.000000,0.045560,-0.032373,-0.872992,9.739368,0.038350,-0.064980,-0.033023
40.442211,1018.894920,4.367243,0.000000,0.000000,0.441786,0.000000,0.073700,7.071651,0.000000,0.073700,1.190369,0.000000,0.045560,-0.026389,-0.913703,9.715432,0.022370,-0.064980,-0.035154
40.452524,1018.904228,4.367243,0.000000,0.000000,0.443320,0.000000,0.073700,7.071651,0.000000,0.073700,1.190369,0.000000,0.045560,-0.028743,-0.902912,9.705818,0.023436,-0.066047,-0.035154
40.462689,1018.914106,4.365709,0.000000,0.000000,0.443320,0.000000,0.073700,7.071651,0.000000,0.073700,1.190369,0.000000,0.045560,-0.039534,-0.895751,9.740545,0.038350,-0.063916,-0.033023
40.472448,1018.923693,4.367243,0.000000,0.000000,0.441786,0.000000,0.073700,7.071651,0.000000,0.073700,1.190369,0.000000,0.045560,-0.033550,-0.864555,9.711802,0.029828,-0.063916,-0.035154
40.482070,1018.933114,4.367243,0.000000,0.000000,0.443320,0.000000,0.073700,7.071651,0.000000,0.073700,1.190369,0.000000,0.045560,-0.022759,-0.920865,9.730931,0.026632,-0.062851,-0.035154
40.492129,1018.942424,4.367243,0.000000,0.000000,0.441786,0.000000,0.073700,7.071651,0.000000,0.073700,1.190369,0.000000,0.045560,-0.019130,-0.876622,9.715432,0.038350,-0.061785,-0.034088
40.502126,1018.952131,4.367243,0.000000,0.000000,0.443320,0.000000,0.073700,7.071651,0.000000,0.073700,1.190369,0.000000,0.045560,-0.021582,-0.874169,9.709448,0.034088,-0.062851,-0.034088
40.512149,1018.961824,4.365709,0.000000,0.000000,0.443320,0.000000,0.073700,7.071651,0.000000,0.073700,1.190369,0.000000,0.045560,-0.031098,-0.918510,9.726223,0.023436,-0.063916,-0.033023
40.522180,1018.971401,4.365709,0.000000,0.000000,0.441786,0.000000,0.073700,7.071651,0.000000,0.073700,1.190369,0.000000,0.045560,-0.017952,-0.872992,9.721416,0.030892,-0.063916,-0.033023
40.532428,1018.980703,4.367243,0.000000,0.000000,0.443320,0.000000,0.073700,7.071651,0.000000,0.073700,1.190369,0.000000,0.045560,-0.035905,-0.870637,9.714156,0.036219,-0.063916,-0.034088
40.542228,1018.990379,4.367243,0.000000,0.000000,0.441786,0.000000,0.073700,7.071651,0.000000,0.073700,1.190369,0.000000,0.045560,-0.034727,-0.880153,9.726223,0.027697,-0.061785,-0.035154
40.552193,1018.999719,4.365709,0.000000,0.000000,0.443320,0.000000,0.073700,7.071651,0.000000,0.073700,1.188835,0.000000,0.045560,-0.041889,-0.872992,9.712979,0.028761,-0.061785,-0.035154
40.562226,1019.009296,4.367243,0.000000,0.000000,0.443320,0.000000,0.073700,7.071651,0.000000,0.073700,1.188835,0.000000,0.045560,-0.045518,-0.870637,9.728577,0.030892,-0.061785,-0.033023
40.572222,1019.019185,4.365709,0.000000,0.000000,0.443320,0.000000,0.073700,7.071651,0.000000,0.073700,1.190369,0.000000,0.045560,-0.045518,-0.874169,9.716609,0.029828,-0.063916,-0.034088
40.582402,1019.028371,4.367243,0.000000,0.000000,0.441786,0.000000,0.073700,7.071651,0.000000,0.073700,1.190369,0.000000,0.045560,-0.040712,-0.878976,9.704641,0.027697,-0.062851,-0.035154
40.592187,1019.038089,4.367243,0.000000,0.000000,0.441786,0.000000,0.073700,7.071651,0.000000,0.073700,1.190369,0.000000,0.045560,-0.052680,-0.877799,9.714156,0.027697,-0.063916,-0.034088
40.602276,1019.047733,4.367243,0.000000,0.000000,0.441786,0.000000,0.073700,7.071651,0.000000,0.073700,1.190369,0.000000,0.045560,-0.043066,-0.869362,9.701011,0.034088,-0.063916,-0.033023
40.612175,1019.066715,4.367243,0.000000,0.000000,0.443320,0.000000,0.073700,7.071651,0.000000,0.073700,1.190369,0.000000,0.045560,-0.045518,-0.888590,9.699834,0.028761,-0.062851,-0.034088
40.622197,1019.076299,4.367243,0.000000,0.000000,0.441786,0.000000,0.073700,7.071651,0.000000,0.073700,1.190369,0.000000,0.045560,-0.051503,-0.869362,9.681881,0.030892,-0.063916,-0.034088
40.632224,1019.085997,4.365709,0.000000,0.000000,0.441786,0.000000,0.073700,7.071651,0.000000,0.073700,1.190369,0.000000,0.045560,-0.037082,-0.894574,9.718963,0.026632,-0.063916,-0.033023
40.642196,1019.095295,4.367243,0.000000,0.000000,0.441786,0.000000,0.073700,7.071651,0.000000,0.073700,1.190369,0.000000,0.045560,-0.034727,-0.868185,9.705818,0.029828,-0.066047,-0.033023
40.652540,1019.104955,4.365709,0.000000,0.000000,0.443320,0.000000,0.073700,7.071651,0.000000,0.073700,1.190369,0.000000,0.045560,-0.031098,-0.876622,9.706995,0.029828,-0.066047,-0.034088
40.662222,1019.114379,4.365709,0.000000,0.000000,0.441786,0.000000,0.073700,7.071651,0.000000,0.073700,1.190369,0.000000,0.045560,-0.029921,-0.896928,9.701011,0.025566,-0.064980,-0.035154
40.676114,1019.124184,4.367243,0.000000,0.000000,0.441786,0.000000,0.073700,7.071651,0.000000,0.073700,1.188835,0.000000,0.045560,-0.025114,-0.878976,9.718963,0.031959,-0.064980,-0.035154
40.686254,1019.133694,4.367243,0.000000,0.000000,0.443320,0.000000,0.073700,7.071651,0.000000,0.073700,1.190369,0.000000,0.045560,-0.026389,-0.874169,9.722593,0.034088,-0.063916,-0.034088
40.696256,1019.143294,4.367243,0.000000,0.000000,0.441786,0.000000,0.073700,7.071651,0.000000,0.073700,1.190369,0.000000,0.045560,-0.028743,-0.906542,9.712979,0.024501,-0.064980,-0.035154
40.706635,1019.152881,4.365709,0.000000,0.000000,0.441786,0.000000,0.073700,7.071651,0.000000,0.073700,1.190369,0.000000,0.045560,-0.017952,-0.901735,9.718963,0.026632,-0.063916,-0.035154
40.716156,1019.162187,4.365709,0.000000,0.000000,0.443320,0.000000,0.073700,7.070117,0.000000,0.073700,1.190369,0.000000,0.045560,-0.011968,-0.856217,9.728577,0.035154,-0.064980,-0.034088
40.726389,1019.181367,4.367243,0.000000,0.000000,0.441786,0.000000,0.073700,7.071651,0.000000,0.073700,1.190369,0.000000,0.045560,-0.037082,-0.888590,9.705818,0.029828,-0.062851,-0.034088
40.736257,1019.190913,4.367243,0.000000,0.000000,0.441786,0.000000,0.073700,7.071651,0.000000,0.073700,1.190369,0.000000,0.045560,-0.028743,-0.880153,9.727400,0.033023,-0.062851,-0.034088
40.746336,1019.200358,4.367243,0.000000,0.000000,0.443320,0.000000,0.073700,7.071651,0.000000,0.073700,1.190369,0.000000,0.045560,-0.031098,-0.887315,9.709448,0.025566,-0.062851,-0.034088
40.756206,1019.209918,4.367243,0.000000,0.000000,0.441786,0.000000,0.073700,7.070117,0.000000,0.073700,1.190369,0.000000,0.045560,-0.034727,-0.890944,9.708172,0.026632,-0.063916,-0.034088
40.766191,1019.219716,4.365709,0.000000,0.000000,0.443320,0.000000,0.073700,7.071651,0.000000,0.073700,1.190369,0.000000,0.045560,-0.034727,-0.893299,9.703463,0.031959,-0.062851,-0.034088
40.776247,1019.228910,4.365709,0.000000,0.000000,0.441786,0.000000,0.073700,7.071651,0.000000,0.073700,1.190369,0.000000,0.045560,-0.021582,-0.882606,9.715432,0.030892,-0.064980,-0.034088
40.786184,1019.238502,4.365709,0.000000,0.000000,0.443320,0.000000,0.073700,7.071651,0.000000,0.073700,1.190369,0.000000,0.045560,-0.023936,-0.881330,9.722593,0.028761,-0.062851,-0.034088
40.796611,1019.248227,4.367243,0.000000,0.000000,0.443320,0.000000,0.073700,7.070117,0.000000,0.073700,1.190369,0.000000,0.045560,-0.021582,-0.892121,9.718963,0.029828,-0.062851,-0.034088
40.806170,1019.257710,4.367243,0.000000,0.000000,0.441786,0.000000,0.073700,7.071651,0.000000,0.073700,1.190369,0.000000,0.045560,-0.034727,-0.882606,9.721416,0.033023,-0.062851,-0.036219
40.816613,1019.267121,4.367243,0.000000,0.000000,0.441786,0.000000,0.073700,7.070117,0.000000,0.073700,1.190369,0.000000,0.045560,-0.037082,-0.895751,9.766934,0.031959,-0.061785,-0.034088
40.826156,1019.276724,4.367243,0.000000,0.000000,0.441786,0.000000,0.073700,7.071651,0.000000,0.073700,1.190369,0.000000,0.045560,-0.038357,-0.882606,9.752513,0.029828,-0.067111,-0.034088
40.836222,1019.286301,4.367243,0.000000,0.000000,0.443320,0.000000,0.073700,7.071651,0.000000,0.073700,1.190369,0.000000,0.045560,-0.035905,-0.888590,9.708172,0.020241,-0.069242,-0.035154
40.846214,1019.296015,4.367243,0.000000,0.000000,0.443320,0.000000,0.073700,7.071651,0.000000,0.073700,1.190369,0.000000,0.045560,-0.025114,-0.928026,9.716609,0.020241,-0.068176,-0.034088
40.856191,1019.305630,4.365709,0.000000,0.000000,0.443320,0.000000,0.073700,7.071651,0.000000,0.073700,1.190369,0.000000,0.045560,-0.028743,-0.843071,9.771643,0.045806,-0.069242,-0.033023
40.866398,1019.315182,4.367243,0.000000,0.000000,0.441786,0.000000,0.073700,7.071651,0.000000,0.073700,1.190369,0.000000,0.045560,-0.034727,-0.801183,9.684236,0.021305,-0.077765,-0.035154
40.876719,1019.324620,4.367243,0.000000,0.000000,0.443320,0.000000,0.073700,7.071651,0.000000,0.073700,1.190369,0.000000,0.045560,-0.035905,-1.020240,9.680704,-0.024501,-0.072438,-0.036219
40.886169,1019.334293,4.367243,0.000000,0.000000,0.443320,0.000000,0.073700,7.070117,0.000000,0.073700,1.190369,0.000000,0.045560,-0.035905,-0.850233,9.683059,0.041546,-0.069242,-0.033023
40.896226,1019.343825,4.367243,0.000000,0.000000,0.441786,0.000000,0.073700,7.071651,0.000000,0.073700,1.190369,0.000000,0.045560,-0.035905,-0.834635,9.715432,0.045806,-0.061785,-0.033023
40.906365,1019.353421,4.367243,0.000000,0.000000,0.441786,0.000000,0.073700,7.070117,0.000000,0.073700,1.190369,0.000000,0.045560,-0.039534,-0.942447,9.691495,0.009587,-0.056460,-0.035154
40.916181,1019.362858,4.367243,0.000000,0.000000,0.441786,0.000000,0.073700,7.071651,0.000000,0.073700,1.190369,0.000000,0.045560,-0.043066,-0.918510,9.734561,0.039415,-0.054329,-0.033023
40.926326,1019.372536,4.367243,0.000000,0.000000,0.443320,0.000000,0.073700,7.071651,0.000000,0.073700,1.190369,0.000000,0.045560,-0.041889,-0.801183,9.756143,0.058589,-0.059655,-0.031959
40.936200,1019.381864,4.367243,0.000000,0.000000,0.443320,0.000000,0.073700,7.071651,0.000000,0.073700,1.190369,0.000000,0.045560,-0.040712,-0.919687,9.710625,0.004260,-0.062851,-0.035154
40.946155,1019.400894,4.365709,0.000000,0.000000,0.443320,0.000000,0.073700,7.071651,0.000000,0.073700,1.190369,0.000000,0.045560,-0.037082,-0.840619,9.710625,0.054329,-0.062851,-0.031959
40.956243,1019.410471,4.367243,0.000000,0.000000,0.443320,0.000000,0.073700,7.071651,0.000000,0.073700,1.190369,0.000000,0.045560,-0.029921,-0.870637,9.738191,0.031959,-0.059655,-0.033023
40.966197,1019.420278,4.365709,0.000000,0.000000,0.441786,0.000000,0.073700,7.071651,0.000000,0.073700,1.190369,0.000000,0.045560,-0.028743,-0.902912,9.690220,0.012783,-0.063916,-0.034088
40.976177,1019.429803,4.367243,0.000000,0.000000,0.443320,0.000000,0.073700,7.071651,0.000000,0.073700,1.190369,0.000000,0.045560,-0.019130,-0.898106,9.704641,0.029828,-0.062851,-0.033023
40.986160,1019.439178,4.365709,0.000000,0.000000,0.441786,0.000000,0.073700,7.071651,0.000000,0.073700,1.190369,0.000000,0.045560,-0.023936,-0.858571,9.722593,0.041546,-0.063916,-0.031959
40.996155,1019.448821,4.367243,0.000000,0.000000,0.443320,0.000000,0.073700,7.071651,0.000000,0.073700,1.190369,0.000000,0.045560,-0.029921,-0.882606,9.716609,0.024501,-0.063916,-0.034088
41.006376,1019.458084,4.365709,0.000000,0.000000,0.441786,0.000000,0.073700,7.071651,0.000000,0.073700,1.190369,0.000000,0.045560,-0.025114,-0.896928,9.704641,0.022370,-0.064980,-0.035154
41.016591,1019.467990,4.367243,0.000000,0.000000,0.443320,0.000000,0.073700,7.071651,0.000000,0.073700,1.190369,0.000000,0.045560,-0.028743,-0.865831,9.712979,0.037284,-0.063916,-0.034088
41.026162,1019.477288,4.365709,0.000000,0.000000,0.441786,0.000000,0.073700,7.071651,0.000000,0.073700,1.190369,0.000000,0.045560,-0.022759,-0.878976,9.736916,0.036219,-0.062851,-0.035154
41.036144,1019.486915,4.367243,0.000000,0.000000,0.443320,0.000000,0.073700,7.071651,0.000000,0.073700,1.190369,0.000000,0.045560,-0.029921,-0.875346,9.726223,0.031959,-0.061785,-0.034088
41.046180,1019.496611,4.367243,0.000000,0.000000,0.443320,0.000000,0.073700,7.071651,0.000000,0.073700,1.190369,0.000000,0.045560,-0.023936,-0.900558,9.736916,0.027697,-0.063916,-0.034088
41.056222,1019.505934,4.365709,0.000000,0.000000,0.443320,0.000000,0.073700,7.071651,0.000000,0.073700,1.190369,0.000000,0.045560,-0.028743,-0.889767,9.738191,0.026632,-0.063916,-0.034088
41.066557,1019.515491,4.365709,0.000000,0.000000,0.443320,0.000000,0.073700,7.071651,0.000000,0.073700,1.190369,0.000000,0.045560,-0.032373,-0.881330,9.726223,0.033023,-0.064980,-0.034088
41.076169,1019.525026,4.367243,0.000000,0.000000,0.441786,0.000000,0.073700,7.071651,0.000000,0.073700,1.190369,0.000000,0.045560,-0.037082,-0.894574,9.708172,0.024501,-0.064980,-0.034088
41.086619,1019.534594,4.365709,0.000000,0.000000,0.443320,0.000000,0.073700,7.071651,0.000000,0.073700,1.190369,0.000000,0.045560,-0.025114,-0.960399,9.728577,0.020241,-0.062851,-0.035154
41.096628,1019.544025,4.367243,0.000000,0.000000,0.443320,0.000000,0.073700,7.071651,0.000000,0.073700,1.190369,0.000000,0.045560,-0.017952,-0.862201,9.732207,0.040479,-0.063916,-0.033023
41.106162,1019.553966,4.367243,0.000000,0.000000,0.441786,0.000000,0.073700,7.071651,0.000000,0.073700,1.190369,0.000000,0.045560,-0.029921,-0.894574,9.716609,0.026632,-0.063916,-0.033023
41.116425,1019.573012,4.367243,0.000000,0.000000,0.443320,0.000000,0.073700,7.071651,0.000000,0.073700,1.190369,0.000000,0.045560,-0.035905,-0.862201,9.795677,0.040479,-0.069242,-0.029828
41.126131,1019.582267,4.367243,0.000000,0.000000,0.443320,0.000000,0.073700,7.071651,0.000000,0.073700,1.190369,0.000000,0.045560,-0.010791,-0.787939,9.624395,0.009587,-0.079894,-0.035154
41.136446,1019.591819,4.365709,0.000000,0.000000,0.443320,0.000000,0.073700,7.071651,0.000000,0.073700,1.190369,0.000000,0.045560,-0.015598,-1.064581,9.650686,-0.026632,-0.067111,-0.036219
41.146668,1019.601648,4.365709,0.000000,0.000000,0.441786,0.000000,0.073700,7.071651,0.000000,0.073700,1.190369,0.000000,0.045560,-0.039534,-0.816683,9.723770,0.076698,-0.058589,-0.029828
41.156648,1019.611114,4.365709,0.000000,0.000000,0.441786,0.000000,0.073700,7.071651,0.000000,0.073700,1.190369,0.000000,0.045560,-0.029921,-0.723291,9.497453,0.061785,-0.058589,-0.031959
41.166525,1019.620622,4.365709,0.000000,0.000000,0.441786,0.000000,0.073700,7.071651,0.000000,0.073700,1.190369,0.000000,0.045560,-0.071809,-0.977174,9.723770,0.003196,-0.052198,-0.033023
41.176552,1019.630223,4.367243,0.000000,0.000000,0.441786,0.000000,0.073700,7.071651,0.000000,0.073700,1.190369,0.000000,0.045560,-0.063471,-0.839442,9.726223,0.060720,-0.064980,-0.031959
41.186595,1019.639733,4.367243,0.000000,0.000000,0.443320,0.000000,0.073700,7.071651,0.000000,0.073700,1.190369,0.000000,0.045560,-0.040712,-0.916058,9.753691,0.025566,-0.062851,-0.034088
41.196686,1019.649223,4.367243,0.000000,0.000000,0.443320,0.000000,0.073700,7.071651,0.000000,0.073700,1.190369,0.000000,0.045560,-0.041889,-0.948431,9.686688,0.014914,-0.063916,-0.035154
41.206421,1019.658890,4.367243,0.000000,0.000000,0.441786,0.000000,0.073700,7.071651,0.000000,0.073700,1.190369,0.000000,0.045560,-0.026389,-0.838265,9.692672,0.035154,-0.066047,-0.034088
41.216441,1019.668304,4.367243,0.000000,0.000000,0.443320,0.000000,0.073700,7.071651,0.000000,0.073700,1.190369,0.000000,0.045560,-0.019130,-0.865831,9.742900,0.036219,-0.063916,-0.035154
41.226470,1019.678094,4.367243,0.000000,0.000000,0.441786,0.000000,0.073700,7.071651,0.000000,0.073700,1.190369,0.000000,0.045560,-0.026389,-0.851410,9.692672,0.023436,-0.064980,-0.035154
41.236228,1019.687647,4.367243,0.000000,0.000000,0.441786,0.000000,0.073700,7.071651,0.000000,0.073700,1.190369,0.000000,0.045560,-0.017952,-0.908896,9.717786,0.021305,-0.063916,-0.034088
41.246192,1019.696902,4.367243,0.000000,0.000000,0.441786,0.000000,0.073700,7.071651,0.000000,0.073700,1.190369,0.000000,0.045560,-0.026389,-0.864555,9.735738,0.037284,-0.063916,-0.033023
41.256164,1019.706475,4.367243,0.000000,0.000000,0.443320,0.000000,0.073700,7.071651,0.000000,0.073700,1.190369,0.000000,0.045560,-0.022759,-0.895751,9.726223,0.027697,-0.062851,-0.035154
41.266575,1019.716148,4.367243,0.000000,0.000000,0.441786,0.000000,0.073700,7.071651,0.000000,0.073700,1.190369,0.000000,0.045560,-0.023936,-0.926849,9.718963,0.020241,-0.063916,-0.035154
41.276254,1019.725566,4.367243,0.000000,0.000000,0.443320,0.000000,0.073700,7.071651,0.000000,0.073700,1.190369,0.000000,0.045560,-0.026389,-0.896928,9.721416,0.036219,-0.063916,-0.034088
41.286168,1019.735059,4.367243,0.000000,0.000000,0.441786,0.000000,0.073700,7.071651,0.000000,0.073700,1.190369,0.000000,0.045560,-0.025114,-0.887315,9.717786,0.033023,-0.063916,-0.034088
41.296164,1019.744647,4.367243,0.000000,0.000000,0.441786,0.000000,0.073700,7.071651,0.000000,0.073700,1.190369,0.000000,0.045560,-0.028743,-0.931656,9.695027,0.020241,-0.063916,-0.033023
41.306706,1019.754132,4.365709,0.000000,0.000000,0.441786,0.000000,0.073700,7.071651,0.000000,0.073700,1.188835,0.000000,0.045560,-0.025114,-0.910074,9.712979,0.030892,-0.063916,-0.033023
41.316639,1019.763736,4.367243,0.000000,0.000000,0.441786,0.000000,0.073700,7.071651,0.000000,0.073700,1.190369,0.000000,0.045560,-0.022759,-0.882606,9.720140,0.036219,-0.062851,-0.033023
41.326600,1019.773622,4.365709,0.000000,0.000000,0.443320,0.000000,0.073700,7.071651,0.000000,0.073700,1.190369,0.000000,0.045560,-0.028743,-0.888590,9.703463,0.029828,-0.063916,-0.035154
41.336260,1019.783005,4.367243,0.000000,0.000000,0.441786,0.000000,0.073700,7.071651,0.000000,0.073700,1.190369,0.000000,0.045560,-0.020405,-0.895751,9.721416,0.024501,-0.062851,-0.035154
41.346241,1019.792461,4.367243,0.000000,0.000000,0.443320,0.000000,0.073700,7.071651,0.000000,0.073700,1.190369,0.000000,0.045560,-0.028743,-0.894574,9.721416,0.031959,-0.061785,-0.035154
41.356274,1019.802133,4.367243,0.000000,0.000000,0.443320,0.000000,0.073700,7.071651,0.000000,0.073700,1.190369,0.000000,0.045560,-0.028743,-0.883783,9.733384,0.034088,-0.063916,-0.034088
41.366516,1019.811469,4.365709,0.000000,0.000000,0.443320,0.000000,0.073700,7.070117,0.000000,0.073700,1.190369,0.000000,0.045560,-0.031098,-0.896928,9.724947,0.022370,-0.061785,-0.034088
41.376127,1019.821120,4.365709,0.000000,0.000000,0.443320,0.000000,0.073700,7.071651,0.000000,0.073700,1.190369,0.000000,0.045560,-0.028743,-0.876622,9.709448,0.029828,-0.062851,-0.033023
41.386257,1019.840434,4.367243,0.000000,0.000000,0.443320,0.000000,0.073700,7.071651,0.000000,0.073700,1.190369,0.000000,0.045560,-0.027566,-0.880153,9.710625,0.027697,-0.063916,-0.031959
41.397042,1019.849635,4.367243,0.000000,0.000000,0.441786,0.000000,0.073700,7.071651,0.000000,0.073700,1.190369,0.000000,0.045560,-0.035905,-0.878976,9.715432,0.028761,-0.063916,-0.034088
41.406674,1019.859487,4.367243,0.000000,0.000000,0.443320,0.000000,0.073700,7.071651,0.000000,0.073700,1.190369,0.000000,0.045560,-0.029921,-0.882606,9.714156,0.030892,-0.062851,-0.034088
41.416371,1019.868891,4.367243,0.000000,0.000000,0.441786,0.000000,0.073700,7.071651,0.000000,0.073700,1.190369,0.000000,0.045560,-0.026389,-0.871815,9.724947,0.033023,-0.063916,-0.034088
41.426152,1019.878491,4.365709,0.000000,0.000000,0.441786,0.000000,0.073700,7.071651,0.000000,0.073700,1.190369,0.000000,0.045560,-0.043066,-0.886137,9.711802,0.028761,-0.064980,-0.034088
41.436471,1019.888137,4.367243,0.000000,0.000000,0.441786,0.000000,0.073700,7.071651,0.000000,0.073700,1.190369,0.000000,0.045560,-0.026389,-0.886137,9.715432,0.027697,-0.064980,-0.035154
41.446172,1019.897682,4.365709,0.000000,0.000000,0.443320,0.000000,0.073700,7.071651,0.000000,0.073700,1.190369,0.000000,0.045560,-0.032373,-0.892121,9.704641,0.029828,-0.064980,-0.035154
41.456143,1019.906985,4.367243,0.000000,0.000000,0.441786,0.000000,0.073700,7.071651,0.000000,0.073700,1.190369,0.000000,0.045560,-0.039534,-0.887315,9.718963,0.031959,-0.063916,-0.035154
41.466519,1019.916628,4.367243,0.000000,0.000000,0.441786,0.000000,0.073700,7.071651,0.000000,0.073700,1.190369,0.000000,0.045560,-0.029921,-0.890944,9.712979,0.028761,-0.064980,-0.034088
41.476575,1019.926041,4.365709,0.000000,0.000000,0.443320,0.000000,0.073700,7.071651,0.000000,0.073700,1.190369,0.000000,0.045560,-0.027566,-0.886137,9.711802,0.027697,-0.063916,-0.034088
41.486603,1019.935811,4.367243,0.000000,0.000000,0.441786,0.000000,0.073700,7.071651,0.000000,0.073700,1.190369,0.000000,0.045560,-0.032373,-0.883783,9.730931,0.030892,-0.064980,-0.034088
41.496307,1019.945486,4.365709,0.000000,0.000000,0.443320,0.000000,0.073700,7.071651,0.000000,0.073700,1.190369,0.000000,0.045560,-0.053857,-0.900558,9.721416,0.027697,-0.063916,-0.034088
41.506618,1019.954709,4.367243,0.000000,0.000000,0.441786,0.000000,0.073700,7.071651,0.000000,0.073700,1.190369,0.000000,0.045560,-0.039534,-0.892121,9.712979,0.026632,-0.063916,-0.033023
41.516266,1019.964408,4.367243,0.000000,0.000000,0.441786,0.000000,0.073700,7.071651,0.000000,0.073700,1.190369,0.000000,0.045560,-0.032373,-0.911349,9.712979,0.027697,-0.064980,-0.034088
41.526187,1019.974117,4.367243,0.000000,0.000000,0.443320,0.000000,0.073700,7.071651,0.000000,0.073700,1.190369,0.000000,0.045560,-0.034727,-0.881330,9.726223,0.029828,-0.064980,-0.033023
41.536539,1019.983688,4.367243,0.000000,0.000000,0.443320,0.000000,0.073700,7.071651,0.000000,0.073700,1.190369,0.000000,0.045560,-0.019130,-0.896928,9.730931,0.027697,-0.063916,-0.034088
41.546649,1019.992947,4.367243,0.000000,0.000000,0.441786,0.000000,0.073700,7.071651,0.000000,0.073700,1.190369,0.000000,0.045560,-0.027566,-0.874169,9.714156,0.028761,-0.061785,-0.035154
41.556744,1020.002586,4.367243,0.000000,0.000000,0.441786,0.000000,0.073700,7.071651,0.000000,0.073700,1.190369,0.000000,0.045560,-0.022759,-0.895751,9.715432,0.029828,-0.062851,-0.035154
41.566587,1020.012121,4.367243,0.000000,0.000000,0.441786,0.000000,0.073700,7.071651,0.000000,0.073700,1.190369,0.000000,0.045560,-0.016775,-0.892121,9.733384,0.030892,-0.063916,-0.035154
41.576161,1020.031265,4.367243,0.000000,0.000000,0.441786,0.000000,0.073700,7.071651,0.000000,0.073700,1.190369,0.000000,0.045560,-0.025114,-0.904090,9.726223,0.030892,-0.063916,-0.033023
41.586634,1020.040734,4.367243,0.000000,0.000000,0.441786,0.000000,0.073700,7.071651,0.000000,0.073700,1.190369,0.000000,0.045560,-0.013145,-0.883783,9.722593,0.030892,-0.062851,-0.033023
41.596135,1020.050530,4.365709,0.000000,0.000000,0.443320,0.000000,0.073700,7.071651,0.000000,0.073700,1.190369,0.000000,0.045560,-0.022759,-0.880153,9.734561,0.029828,-0.063916,-0.034088
41.606288,1020.059743,4.367243,0.000000,0.000000,0.443320,0.000000,0.073700,7.071651,0.000000,0.073700,1.190369,0.000000,0.045560,-0.038357,-0.904090,9.722593,0.028761,-0.063916,-0.035154
41.616637,1020.069529,4.365709,0.000000,0.000000,0.443320,0.000000,0.073700,7.071651,0.000000,0.073700,1.190369,0.000000,0.045560,-0.026389,-0.886137,9.722593,0.031959,-0.061785,-0.034088
41.626623,1020.078856,4.367243,0.000000,0.000000,0.441786,0.000000,0.073700,7.071651,0.000000,0.073700,1.190369,0.000000,0.045560,-0.016775,-0.880153,9.712979,0.030892,-0.063916,-0.034088
41.636626,1020.088436,4.365709,0.000000,0.000000,0.441786,0.000000,0.073700,7.071651,0.000000,0.073700,1.190369,0.000000,0.045560,-0.019130,-0.895751,9.734561,0.027697,-0.063916,-0.035154
41.646623,1020.098257,4.367243,0.000000,0.000000,0.441786,0.000000,0.073700,7.071651,0.000000,0.073700,1.190369,0.000000,0.045560,-0.039534,-0.904090,9.716609,0.028761,-0.062851,-0.034088
41.656136,1020.107557,4.367243,0.000000,0.000000,0.441786,0.000000,0.073700,7.071651,0.000000,0.073700,1.190369,0.000000,0.045560,-0.050325,-0.904090,9.726223,0.030892,-0.063916,-0.034088
41.666370,1020.117365,4.367243,0.000000,0.000000,0.443320,0.000000,0.073700,7.071651,0.000000,0.073700,1.190369,0.000000,0.045560,-0.050325,-0.874169,9.718963,0.027697,-0.062851,-0.034088
41.676588,1020.126719,4.367243,0.000000,0.000000,0.443320,0.000000,0.073700,7.071651,0.000000,0.073700,1.190369,0.000000,0.045560,-0.046696,-0.889767,9.708172,0.027697,-0.062851,-0.034088
41.686654,1020.136150,4.367243,0.000000,0.000000,0.443320,0.000000,0.073700,7.071651,0.000000,0.073700,1.190369,0.000000,0.045560,-0.035905,-0.884960,9.722593,0.026632,-0.064980,-0.034088
41.696532,1020.145846,4.367243,0.000000,0.000000,0.443320,0.000000,0.073700,7.071651,0.000000,0.073700,1.190369,0.000000,0.045560,-0.025114,-0.881330,9.706995,0.028761,-0.063916,-0.035154
41.706619,1020.155549,4.367243,0.000000,0.000000,0.443320,0.000000,0.073700,7.071651,0.000000,0.073700,1.190369,0.000000,0.045560,-0.031098,-0.895751,9.711802,0.026632,-0.063916,-0.034088
41.716268,1020.164915,4.365709,0.000000,0.000000,0.443320,0.000000,0.073700,7.071651,0.000000,0.073700,1.190369,0.000000,0.045560,-0.027566,-0.894574,9.709448,0.028761,-0.063916,-0.033023
41.726579,1020.174672,4.367243,0.000000,0.000000,0.443320,0.000000,0.073700,7.071651,0.000000,0.073700,1.190369,0.000000,0.045560,-0.022759,-0.881330,9.717786,0.031959,-0.064980,-0.033023
41.736419,1020.183950,4.367243,0.000000,0.000000,0.443320,0.000000,0.073700,7.071651,0.000000,0.073700,1.190369,0.000000,0.045560,-0.027566,-0.888590,9.711802,0.028761,-0.064980,-0.034088
41.746685,1020.193658,4.367243,0.000000,0.000000,0.441786,0.000000,0.073700,7.071651,0.000000,0.073700,1.190369,0.000000,0.045560,-0.035905,-0.888590,9.733384,0.028761,-0.063916,-0.033023
41.756195,1020.203142,4.365709,0.000000,0.000000,0.443320,0.000000,0.073700,7.071651,0.000000,0.073700,1.188835,0.000000,0.045560,-0.031098,-0.878976,9.716609,0.034088,-0.064980,-0.031959
41.766247,1020.212613,4.367243,0.000000,0.000000,0.441786,0.000000,0.073700,7.071651,0.000000,0.073700,1.190369,0.000000,0.045560,-0.021582,-0.884960,9.717786,0.028761,-0.066047,-0.034088
41.776637,1020.222288,4.367243,0.000000,0.000000,0.443320,0.000000,0.073700,7.071651,0.000000,0.073700,1.190369,0.000000,0.045560,-0.008339,-0.898106,9.709448,0.026632,-0.064980,-0.034088
41.786127,1020.231896,4.367243,0.000000,0.000000,0.441786,0.000000,0.073700,7.070117,0.000000,0.073700,1.190369,0.000000,0.045560,-0.015598,-0.893299,9.717786,0.029828,-0.063916,-0.033023
41.796309,1020.250715,4.367243,0.000000,0.000000,0.443320,0.000000,0.073700,7.071651,0.000000,0.073700,1.190369,0.000000,0.045560,-0.028743,-0.886137,9.721416,0.027697,-0.063916,-0.035154
41.806370,1020.260473,4.367243,0.000000,0.000000,0.441786,0.000000,0.073700,7.071651,0.000000,0.073700,1.190369,0.000000,0.045560,-0.026389,-0.899283,9.711802,0.027697,-0.063916,-0.034088
41.816151,1020.270009,4.367243,0.000000,0.000000,0.441786,0.000000,0.073700,7.071651,0.000000,0.073700,1.190369,0.000000,0.045560,-0.028743,-0.892121,9.716609,0.028761,-0.062851,-0.036219
41.826616,1020.279688,4.367243,0.000000,0.000000,0.443320,0.000000,0.073700,7.071651,0.000000,0.073700,1.190369,0.000000,0.045560,-0.029921,-0.883783,9.709448,0.028761,-0.063916,-0.035154
41.836489,1020.289204,4.367243,0.000000,0.000000,0.443320,0.000000,0.073700,7.071651,0.000000,0.073700,1.190369,0.000000,0.045560,-0.020405,-0.883783,9.703463,0.026632,-0.062851,-0.034088
41.846623,1020.298783,4.365709,0.000000,0.000000,0.441786,0.000000,0.073700,7.071651,0.000000,0.073700,1.190369,0.000000,0.045560,-0.029921,-0.882606,9.705818,0.029828,-0.063916,-0.034088
41.856218,1020.308271,4.367243,0.000000,0.000000,0.443320,0.000000,0.073700,7.071651,0.000000,0.073700,1.190369,0.000000,0.045560,-0.015598,-0.890944,9.724947,0.030892,-0.063916,-0.034088
41.866185,1020.317904,4.365709,0.000000,0.000000,0.441786,0.000000,0.073700,7.071651,0.000000,0.073700,1.190369,0.000000,0.045560,-0.027566,-0.880153,9.701011,0.027697,-0.063916,-0.034088
41.876566,1020.327480,4.365709,0.000000,0.000000,0.443320,0.000000,0.073700,7.071651,0.000000,0.073700,1.190369,0.000000,0.045560,-0.027566,-0.882606,9.723770,0.030892,-0.063916,-0.034088
41.886595,1020.337047,4.365709,0.000000,0.000000,0.441786,0.000000,0.073700,7.071651,0.000000,0.073700,1.190369,0.000000,0.045560,-0.025114,-0.874169,9.722593,0.033023,-0.063916,-0.033023
41.896158,1020.346397,4.367243,0.000000,0.000000,0.443320,0.000000,0.073700,7.071651,0.000000,0.073700,1.190369,0.000000,0.045560,-0.032373,-0.887315,9.718963,0.028761,-0.063916,-0.033023
41.906515,1020.355953,4.365709,0.000000,0.000000,0.443320,0.000000,0.073700,7.071651,0.000000,0.073700,1.190369,0.000000,0.045560,-0.031098,-0.883783,9.727400,0.030892,-0.064980,-0.033023
41.916387,1020.365307,4.367243,0.000000,0.000000,0.443320,0.000000,0.073700,7.071651,0.000000,0.073700,1.188835,0.000000,0.045560,-0.025114,-0.875346,9.733384,0.031959,-0.063916,-0.033023
41.926600,1020.374918,4.367243,0.000000,0.000000,0.441786,0.000000,0.073700,7.071651,0.000000,0.073700,1.190369,0.000000,0.045560,-0.032373,-0.882606,9.714156,0.028761,-0.062851,-0.034088
41.936177,1020.384673,4.365709,0.000000,0.000000,0.441786,0.000000,0.073700,7.071651,0.000000,0.073700,1.190369,0.000000,0.045560,-0.038357,-0.875346,9.720140,0.029828,-0.062851,-0.035154
41.946177,1020.394270,4.367243,0.000000,0.000000,0.441786,0.000000,0.073700,7.071651,0.000000,0.073700,1.190369,0.000000,0.045560,-0.028743,-0.881330,9.730931,0.028761,-0.062851,-0.033023
41.956224,1020.403612,4.367243,0.000000,0.000000,0.443320,0.000000,0.073700,7.071651,0.000000,0.073700,1.190369,0.000000,0.045560,-0.027566,-0.893299,9.721416,0.027697,-0.063916,-0.033023
41.966422,1020.413224,4.365709,0.000000,0.000000,0.441786,0.000000,0.073700,7.071651,0.000000,0.073700,1.190369,0.000000,0.045560,-0.025114,-0.895751,9.736916,0.029828,-0.061785,-0.034088
41.976656,1020.422731,4.367243,0.000000,0.000000,0.443320,0.000000,0.073700,7.071651,0.000000,0.073700,1.190369,0.000000,0.045560,-0.034727,-0.880153,9.720140,0.029828,-0.063916,-0.035154
41.986518,1020.441716,4.367243,0.000000,0.000000,0.443320,0.000000,0.073700,7.071651,0.000000,0.073700,1.190369,0.000000,0.045560,-0.032373,-0.869362,9.724947,0.030892,-0.064980,-0.034088
41.996645,1020.451651,4.367243,0.000000,0.000000,0.441786,0.000000,0.073700,7.071651,0.000000,0.073700,1.190369,0.000000,0.045560,-0.031098,-0.884960,9.717786,0.028761,-0.062851,-0.034088
42.006489,1020.460902,4.367243,0.000000,0.000000,0.443320,0.000000,0.073700,7.071651,0.000000,0.073700,1.190369,0.000000,0.045560,-0.034727,-0.900558,9.726223,0.029828,-0.063916,-0.034088
42.016682,1020.470533,4.367243,0.000000,0.000000,0.443320,0.000000,0.073700,7.071651,0.000000,0.073700,1.190369,0.000000,0.045560,-0.041889,-0.887315,9.726223,0.029828,-0.064980,-0.033023
42.026651,1020.480024,4.367243,0.000000,0.000000,0.441786,0.000000,0.073700,7.071651,0.000000,0.073700,1.190369,0.000000,0.045560,-0.033550,-0.883783,9.717786,0.027697,-0.063916,-0.034088
42.036549,1020.489816,4.365709,0.000000,0.000000,0.443320,0.000000,0.073700,7.071651,0.000000,0.073700,1.190369,0.000000,0.045560,-0.029921,-0.893299,9.728577,0.030892,-0.063916,-0.034088
42.046557,1020.499028,4.367243,0.000000,0.000000,0.443320,0.000000,0.073700,7.071651,0.000000,0.073700,1.190369,0.000000,0.045560,-0.029921,-0.878976,9.720140,0.030892,-0.064980,-0.033023
42.056657,1020.508623,4.367243,0.000000,0.000000,0.441786,0.000000,0.073700,7.071651,0.000000,0.073700,1.190369,0.000000,0.045560,-0.017952,-0.896928,9.727400,0.026632,-0.064980,-0.034088
42.066187,1020.518249,4.367243,0.000000,0.000000,0.443320,0.000000,0.073700,7.071651,0.000000,0.073700,1.190369,0.000000,0.045560,-0.017952,-0.877799,9.735738,0.029828,-0.063916,-0.033023
42.076216,1020.527717,4.367243,0.000000,0.000000,0.443320,0.000000,0.073700,7.071651,0.000000,0.073700,1.190369,0.000000,0.045560,-0.152055,-0.771164,9.644702,0.035154,-0.062851,-0.034088
42.086348,1020.537219,4.367243,0.000000,0.000000,0.443320,0.000000,0.073700,7.071651,0.000000,0.073700,1.190369,0.000000,0.045560,-0.016775,-0.898106,9.418385,-0.020241,-0.071373,-0.039415
42.096351,1020.547027,4.367243,0.000000,0.000000,0.441786,0.000000,0.073700,7.071651,0.000000,0.073700,1.190369,0.000000,0.045560,-0.136555,-1.086163,9.915359,0.018110,-0.070307,-0.035154
42.106401,1020.556416,4.367243,0.000000,0.000000,0.443320,0.000000,0.073700,7.071651,0.000000,0.073700,1.190369,0.000000,0.045560,-0.083777,-0.313724,9.528551,0.182160,-0.030892,-0.022370
42.116461,1020.565902,4.367243,0.000000,0.000000,0.441786,0.000000,0.073700,7.071651,0.000000,0.073700,1.190369,0.000000,0.045560,-0.037082,-1.312480,10.273424,-0.015978,-0.073503,-0.034088
42.126517,1020.575459,4.367243,0.000000,0.000000,0.443320,0.000000,0.073700,7.071651,0.000000,0.073700,1.190369,0.000000,0.045560,0.025114,-0.835910,9.693850,-0.024501,-0.079894,-0.038350
42.136610,1020.585068,4.365709,0.000000,0.000000,0.443320,0.000000,0.073700,7.071651,0.000000,0.073700,1.190369,0.000000,0.045560,0.050325,-0.991497,9.624395,-0.006391,-0.088417,-0.038350
42.146663,1020.594591,4.365709,0.000000,0.000000,0.441786,0.000000,0.073700,7.070117,0.000000,0.073700,1.190369,0.000000,0.045560,0.005984,-1.204668,9.878278,0.018110,-0.053264,-0.029828
42.156191,1020.604374,4.367243,0.000000,0.000000,0.441786,0.000000,0.073700,7.070117,0.000000,0.073700,1.190369,0.000000,0.045560,0.010791,-0.557993,9.712979,0.148072,-0.060720,-0.026632
42.166253,1020.613709,4.367243,0.000000,0.000000,0.441786,0.000000,0.073700,7.071651,0.000000,0.073700,1.190369,0.000000,0.045560,0.011968,-1.187893,9.951264,-0.041546,-0.047937,-0.033023
42.176302,1020.623530,4.367243,0.000000,0.000000,0.443320,0.000000,0.073700,7.071651,0.000000,0.073700,1.190369,0.000000,0.045560,0.000000,-0.719662,9.632733,0.050068,-0.055393,-0.034088
42.186309,1020.632993,4.365709,0.000000,0.000000,0.441786,0.000000,0.073700,7.071651,0.000000,0.073700,1.190369,0.000000,0.045560,0.011968,-0.851410,9.781257,0.047937,-0.051133,-0.031959
42.196349,1020.642639,4.365709,0.000000,0.000000,0.441786,0.000000,0.073700,7.071651,0.000000,0.073700,1.190369,0.000000,0.045560,0.000000,-0.767633,9.680704,0.028761,-0.056460,-0.036219
42.206388,1020.652205,4.367243,0.000000,0.000000,0.441786,0.000000,0.073700,7.071651,0.000000,0.073700,1.190369,0.000000,0.045560,-0.033550,-0.880153,9.710625,0.021305,-0.059655,-0.037284
42.216476,1020.670918,4.365709,0.000000,0.000000,0.443320,0.000000,0.073700,7.071651,0.000000,0.073700,1.190369,0.000000,0.045560,-0.085053,-0.889767,9.672268,0.006391,-0.062851,-0.038350
42.226503,1020.680716,4.367243,0.000000,0.000000,0.443320,0.000000,0.073700,7.071651,0.000000,0.073700,1.190369,0.000000,0.045560,-0.100553,-0.908896,9.760950,0.029828,-0.061785,-0.036219
42.236549,1020.690165,4.367243,0.000000,0.000000,0.443320,0.000000,0.073700,7.071651,0.000000,0.073700,1.190369,0.000000,0.045560,-0.092214,-0.734082,9.630379,0.055393,-0.062851,-0.034088
42.246657,1020.699572,4.365709,0.000000,0.000000,0.441786,0.000000,0.073700,7.071651,0.000000,0.073700,1.190369,0.000000,0.045560,-0.122134,-1.080179,9.686688,-0.024501,-0.061785,-0.038350
42.256638,1020.709475,4.365709,0.000000,0.000000,0.443320,0.000000,0.073700,7.071651,0.000000,0.073700,1.190369,0.000000,0.045560,-0.098198,-0.918510,9.771643,0.050068,-0.061785,-0.031959
42.266200,1020.718914,4.367243,0.000000,0.000000,0.443320,0.000000,0.073700,7.071651,0.000000,0.073700,1.190369,0.000000,0.045560,-0.106537,-0.701709,9.742900,0.086286,-0.059655,-0.029828
42.276369,1020.728398,4.367243,0.000000,0.000000,0.443320,0.000000,0.073700,7.071651,0.000000,0.073700,1.190369,0.000000,0.045560,-0.080246,-0.981981,9.647154,-0.031959,-0.066047,-0.034088
42.286482,1020.737943,4.367243,0.000000,0.000000,0.441786,0.000000,0.073700,7.071651,0.000000,0.073700,1.190369,0.000000,0.045560,-0.074262,-0.930479,9.605265,0.001065,-0.068176,-0.034088
42.296464,1020.747616,4.365709,0.000000,0.000000,0.443320,0.000000,0.073700,7.071651,0.000000,0.073700,1.190369,0.000000,0.045560,-0.080246,-0.758019,9.666284,0.079894,-0.066047,-0.029828
42.306599,1020.756994,4.367243,0.000000,0.000000,0.443320,0.000000,0.073700,7.071651,0.000000,0.073700,1.190369,0.000000,0.045560,-0.076616,-0.807167,9.674720,0.027697,-0.069242,-0.034088
42.316657,1020.766675,4.367243,0.000000,0.000000,0.443320,0.000000,0.073700,7.071651,0.000000,0.073700,1.190369,0.000000,0.045560,-0.065825,-0.947254,9.635186,-0.013849,-0.074569,-0.038350
42.326193,1020.776205,4.365709,0.000000,0.000000,0.443320,0.000000,0.073700,7.071651,0.000000,0.073700,1.190369,0.000000,0.045560,-0.019130,-0.798730,9.609974,0.043675,-0.069242,-0.036219
42.336220,1020.785576,4.365709,0.000000,0.000000,0.441786,0.000000,0.073700,7.071651,0.000000,0.073700,1.190369,0.000000,0.045560,-0.007161,-0.808344,9.690220,0.043675,-0.068176,-0.036219
42.346262,1020.795098,4.367243,0.000000,0.000000,0.441786,0.000000,0.073700,7.071651,0.000000,0.073700,1.190369,0.000000,0.045560,-0.026389,-0.914881,9.747707,0.012783,-0.069242,-0.036219
42.356322,1020.804845,4.367243,0.000000,0.000000,0.443320,0.000000,0.073700,7.071651,0.000000,0.073700,1.190369,0.000000,0.045560,0.002354,-0.869362,9.787241,0.038350,-0.068176,-0.033023
42.366523,1020.814447,4.367243,0.000000,0.000000,0.443320,0.000000,0.073700,7.071651,0.000000,0.073700,1.190369,0.000000,0.045560,-0.003630,-0.867008,9.786064,0.039415,-0.069242,-0.033023
42.376558,1020.823973,4.365709,0.000000,0.000000,0.441786,0.000000,0.073700,7.071651,0.000000,0.073700,1.190369,0.000000,0.045560,0.015598,-0.949608,9.759675,0.006391,-0.072438,-0.034088
42.386650,1020.833416,4.367243,0.000000,0.000000,0.443320,0.000000,0.073700,7.071651,0.000000,0.073700,1.190369,0.000000,0.045560,0.026389,-0.958045,9.747707,0.012783,-0.072438,-0.034088
42.396301,1020.842823,4.367243,0.000000,0.000000,0.443320,0.000000,0.073700,7.070117,0.000000,0.073700,1.190369,0.000000,0.045560,0.017952,-0.942447,9.775273,0.038350,-0.069242,-0.031959
42.406211,1020.852657,4.365709,0.000000,0.000000,0.441786,0.000000,0.073700,7.071651,0.000000,0.073700,1.190369,0.000000,0.045560,0.025114,-0.899283,9.716609,0.028761,-0.068176,-0.034088
42.416264,1020.862082,4.367243,0.000000,0.000000,0.443320,0.000000,0.073700,7.071651,0.000000,0.073700,1.190369,0.000000,0.045560,0.022759,-1.057420,9.715432,0.001065,-0.062851,-0.036219
42.426440,1020.871726,4.367243,0.000000,0.000000,0.441786,0.000000,0.073700,7.071651,0.000000,0.073700,1.190369,0.000000,0.045560,0.029921,-0.950785,9.742900,0.046871,-0.058589,-0.036219
42.436637,1020.890915,4.365709,0.000000,0.000000,0.441786,0.000000,0.073700,7.071651,0.000000,0.073700,1.190369,0.000000,0.045560,0.019130,-1.035838,9.695027,0.007456,-0.056460,-0.039415
42.446630,1020.900227,4.365709,0.000000,0.000000,0.443320,0.000000,0.073700,7.071651,0.000000,0.073700,1.190369,0.000000,0.045560,-0.002354,-0.958045,9.699834,0.044742,-0.056460,-0.037284
42.456248,1020.909808,4.367243,0.000000,0.000000,0.443320,0.000000,0.073700,7.071651,0.000000,0.073700,1.190369,0.000000,0.045560,-0.025114,-0.880153,9.722593,0.055393,-0.055393,-0.037284
42.466704,1020.919598,4.365709,0.000000,0.000000,0.443320,0.000000,0.073700,7.071651,0.000000,0.073700,1.190369,0.000000,0.045560,-0.041889,-0.930479,9.672268,0.024501,-0.056460,-0.038350
42.476594,1020.928869,4.367243,0.000000,0.000000,0.443320,0.000000,0.073700,7.071651,0.000000,0.073700,1.190369,0.000000,0.045560,-0.056309,-0.888590,9.656670,0.031959,-0.056460,-0.036219
42.486637,1020.938419,4.367243,0.000000,0.000000,0.441786,0.000000,0.073700,7.071651,0.000000,0.073700,1.190369,0.000000,0.045560,-0.056309,-0.872992,9.702188,0.050068,-0.055393,-0.034088
42.496170,1020.947926,4.367243,0.000000,0.000000,0.441786,0.000000,0.073700,7.071651,0.000000,0.073700,1.190369,0.000000,0.045560,-0.074262,-0.803537,9.764482,0.047937,-0.060720,-0.035154
42.506256,1020.957743,4.367243,0.000000,0.000000,0.443320,0.000000,0.073700,7.071651,0.000000,0.073700,1.190369,0.000000,0.045560,-0.057487,-0.844249,9.796855,0.024501,-0.064980,-0.035154
42.516650,1020.967228,4.365709,0.000000,0.000000,0.441786,0.000000,0.073700,7.070117,0.000000,0.073700,1.190369,0.000000,0.045560,-0.016775,-0.814328,9.730931,0.022370,-0.068176,-0.033023
42.526286,1020.976901,4.367243,0.000000,0.000000,0.443320,0.000000,0.073700,7.071651,0.000000,0.073700,1.190369,0.000000,0.045560,0.015598,-0.771164,9.599281,0.014914,-0.067111,-0.033023
42.536505,1020.986069,4.367243,0.000000,0.000000,0.441786,0.000000,0.073700,7.071651,0.000000,0.073700,1.190369,0.000000,0.045560,0.033550,-0.880153,9.632733,0.008522,-0.063916,-0.029828
42.546534,1020.995650,4.367243,0.000000,0.000000,0.443320,0.000000,0.073700,7.071651,0.000000,0.073700,1.190369,0.000000,0.045560,0.044341,-0.779601,9.704641,0.055393,-0.057524,-0.025566
42.556308,1021.005419,4.367243,0.000000,0.000000,0.441786,0.000000,0.073700,7.071651,0.000000,0.073700,1.190369,0.000000,0.045560,0.045518,-0.801183,9.759675,0.053264,-0.056460,-0.025566
42.566283,1021.015016,4.365709,0.000000,0.000000,0.443320,0.000000,0.073700,7.071651,0.000000,0.073700,1.190369,0.000000,0.045560,0.057487,-0.931656,9.814807,0.017045,-0.060720,-0.028761
42.576363,1021.024602,4.367243,0.000000,0.000000,0.443320,0.000000,0.073700,7.071651,0.000000,0.073700,1.190369,0.000000,0.045560,0.065825,-0.880153,9.708172,0.033023,-0.063916,-0.030892
42.586292,1021.033922,4.367243,0.000000,0.000000,0.441786,0.000000,0.073700,7.071651,0.000000,0.073700,1.190369,0.000000,0.045560,0.033550,-1.004740,9.745352,0.015978,-0.066047,-0.034088
42.596243,1021.043630,4.367243,0.000000,0.000000,0.443320,0.000000,0.073700,7.071651,0.000000,0.073700,1.190369,0.000000,0.045560,0.011968,-0.962753,9.679429,0.036219,-0.062851,-0.036219
42.606241,1021.053022,4.365709,0.000000,0.000000,0.443320,0.000000,0.073700,7.071651,0.000000,0.073700,1.190369,0.000000,0.045560,0.000000,-1.045452,9.705818,0.036219,-0.057524,-0.039415
42.616644,1021.062621,4.365709,0.000000,0.000000,0.443320,0.000000,0.073700,7.071651,0.000000,0.073700,1.190369,0.000000,0.045560,-0.003630,-1.116084,9.741722,0.028761,-0.052198,-0.039415
42.626152,1021.072184,4.365709,0.000000,0.000000,0.443320,0.000000,0.073700,7.071651,0.000000,0.073700,1.190369,0.000000,0.045560,-0.023936,-1.017886,9.815984,0.069242,-0.044742,-0.037284
42.636330,1021.081698,4.367243,0.000000,0.000000,0.443320,0.000000,0.073700,7.071651,0.000000,0.073700,1.190369,0.000000,0.045560,-0.033550,-1.021515,9.856696,0.052198,-0.042610,-0.035154
42.646391,1021.100743,4.367243,0.000000,0.000000,0.441786,0.000000,0.073700,7.071651,0.000000,0.073700,1.190369,0.000000,0.045560,-0.052680,-0.942447,9.768111,0.028761,-0.052198,-0.028761
42.656402,1021.110497,4.365709,0.000000,0.000000,0.443320,0.000000,0.073700,7.071651,0.000000,0.073700,1.190369,0.000000,0.045560,-0.068278,-0.787939,9.704641,0.038350,-0.056460,-0.026632
42.666389,1021.119750,4.365709,0.000000,0.000000,0.443320,0.000000,0.073700,7.071651,0.000000,0.073700,1.190369,0.000000,0.045560,-0.058664,-0.796376,9.626749,0.019174,-0.057524,-0.026632
42.676437,1021.129580,4.367243,0.000000,0.000000,0.441786,0.000000,0.073700,7.071651,0.000000,0.073700,1.190369,0.000000,0.045560,-0.083777,-0.764003,9.538165,0.019174,-0.055393,-0.026632
42.686578,1021.138938,4.367243,0.000000,0.000000,0.441786,0.000000,0.073700,7.071651,0.000000,0.073700,1.190369,0.000000,0.045560,-0.076616,-0.693371,9.586038,0.043675,-0.050068,-0.029828
42.696320,1021.148523,4.365709,0.000000,0.000000,0.441786,0.000000,0.073700,7.071651,0.000000,0.073700,1.190369,0.000000,0.045560,-0.105359,-0.752035,9.668736,0.049002,-0.046871,-0.030892
42.706625,1021.158312,4.365709,0.000000,0.000000,0.443320,0.000000,0.073700,7.071651,0.000000,0.073700,1.190369,0.000000,0.045560,-0.134103,-0.693371,9.660299,0.046871,-0.049002,-0.035154
42.716555,1021.167631,4.367243,0.000000,0.000000,0.441786,0.000000,0.073700,7.071651,0.000000,0.073700,1.190369,0.000000,0.045560,-0.152055,-0.784408,9.739368,0.034088,-0.053264,-0.038350
42.726171,1021.177293,4.365709,0.000000,0.000000,0.443320,0.000000,0.073700,7.071651,0.000000,0.073700,1.190369,0.000000,0.045560,-0.166476,-0.729275,9.717786,0.047937,-0.060720,-0.040479
42.736608,1021.186807,4.365709,0.000000,0.000000,0.441786,0.000000,0.073700,7.071651,0.000000,0.073700,1.190369,0.000000,0.045560,-0.167653,-0.746051,9.651961,0.020241,-0.066047,-0.041546
42.746657,1021.196463,4.367243,0.000000,0.000000,0.443320,0.000000,0.073700,7.071651,0.000000,0.073700,1.190369,0.000000,0.045560,-0.185605,-0.914881,9.659122,-0.007456,-0.069242,-0.041546
42.756309,1021.205879,4.365709,0.000000,0.000000,0.441786,0.000000,0.073700,7.071651,0.000000,0.073700,1.190369,0.000000,0.045560,-0.201203,-0.780778,9.624395,0.042610,-0.070307,-0.038350
42.766503,1021.215474,4.365709,0.000000,0.000000,0.443320,0.000000,0.073700,7.071651,0.000000,0.073700,1.190369,0.000000,0.045560,-0.194042,-0.807167,9.637540,0.029828,-0.069242,-0.035154
42.776553,1021.225032,4.367243,0.000000,0.000000,0.441786,0.000000,0.073700,7.071651,0.000000,0.073700,1.190369,0.000000,0.045560,-0.180798,-0.884960,9.559747,-0.005327,-0.069242,-0.035154
42.786887,1021.234596,4.367243,0.000000,0.000000,0.443320,0.000000,0.072360,7.071651,0.000000,0.073700,1.190369,0.000000,0.045560,-0.122134,-0.835910,9.544149,0.022370,-0.072438,-0.031959
42.796344,1021.243900,4.367243,0.000000,0.000000,0.441786,0.000000,0.072360,7.071651,0.000000,0.073700,1.190369,0.000000,0.045560,-0.103005,-0.829828,9.649508,0.043675,-0.072438,-0.029828
42.806585,1021.253648,4.367243,0.000000,0.000000,0.441786,0.000000,0.073700,7.071651,0.000000,0.073700,1.190369,0.000000,0.045560,-0.056309,-0.876622,9.742900,0.033023,-0.077765,-0.030892
42.816200,1021.263230,4.365709,0.000000,0.000000,0.441786,0.000000,0.073700,7.071651,0.000000,0.073700,1.190369,0.000000,0.045560,-0.020405,-0.874169,9.717786,0.017045,-0.082025,-0.036219
42.826234,1021.272862,4.367243,0.000000,0.000000,0.441786,0.000000,0.073700,7.071651,0.000000,0.073700,1.190369,0.000000,0.045560,0.023936,-0.920865,9.696204,0.003196,-0.086286,-0.036219
42.836285,1021.282158,4.367243,0.000000,0.000000,0.443320,0.000000,0.073700,7.071651,0.000000,0.073700,1.190369,0.000000,0.045560,0.064648,-0.916058,9.708172,0.014914,-0.086286,-0.035154
42.846659,1021.291908,4.365709,0.000000,0.000000,0.441786,0.000000,0.073700,7.071651,0.000000,0.073700,1.190369,0.000000,0.045560,0.085053,-0.938817,9.830405,0.037284,-0.079894,-0.033023
42.856176,1021.311032,4.365709,0.000000,0.000000,0.443320,0.000000,0.073700,7.071651,0.000000,0.073700,1.190369,0.000000,0.045560,0.123312,-1.035838,9.945280,0.023436,-0.068176,-0.031959
42.866506,1021.320598,4.367243,0.000000,0.000000,0.441786,0.000000,0.073700,7.071651,0.000000,0.073700,1.190369,0.000000,0.045560,0.165299,-1.039468,9.939296,0.030892,-0.064980,-0.033023
42.876522,1021.329911,4.365709,0.000000,0.000000,0.443320,0.000000,0.073700,7.071651,0.000000,0.073700,1.190369,0.000000,0.045560,0.196396,-0.746051,9.705818,0.050068,-0.060720,-0.031959
42.886385,1021.339627,4.367243,0.000000,0.000000,0.441786,0.000000,0.073700,7.071651,0.000000,0.073700,1.190369,0.000000,0.045560,0.134103,-1.204668,9.942925,-0.008522,-0.060720,-0.034088
42.896436,1021.349206,4.367243,0.000000,0.000000,0.443320,0.000000,0.073700,7.071651,0.000000,0.073700,1.190369,0.000000,0.045560,0.097021,-0.986788,9.657945,0.011718,-0.055393,-0.036219
42.906544,1021.358564,4.365709,0.000000,0.000000,0.441786,0.000000,0.073700,7.071651,0.000000,0.073700,1.190369,0.000000,0.045560,0.100553,-0.834635,9.722593,0.078830,-0.057524,-0.031959
42.916334,1021.368399,4.367243,0.000000,0.000000,0.441786,0.000000,0.073700,7.071651,0.000000,0.073700,1.190369,0.000000,0.045560,-0.002354,-0.955592,9.736916,0.037284,-0.060720,-0.040479
42.926288,1021.377969,4.367243,0.000000,0.000000,0.443320,0.000000,0.073700,7.071651,0.000000,0.073700,1.188835,0.000000,0.045560,-0.045518,-1.050259,9.701011,-0.006391,-0.060720,-0.043675
42.936182,1021.387419,4.365709,0.000000,0.000000,0.441786,0.000000,0.073700,7.071651,0.000000,0.073700,1.190369,0.000000,0.045560,-0.052680,-0.958045,9.663929,0.042610,-0.054329,-0.039415
42.946570,1021.396910,4.365709,0.000000,0.000000,0.443320,0.000000,0.073700,7.071651,0.000000,0.073700,1.190369,0.000000,0.045560,-0.114973,-1.107745,9.854341,0.037284,-0.052198,-0.038350
42.956517,1021.406373,4.367243,0.000000,0.000000,0.441786,0.000000,0.073700,7.071651,0.000000,0.073700,1.190369,0.000000,0.045560,-0.125764,-0.666982,9.557294,0.059655,-0.055393,-0.038350
42.966654,1021.416124,4.367243,0.000000,0.000000,0.443320,0.000000,0.073700,7.071651,0.000000,0.073700,1.190369,0.000000,0.045560,-0.141264,-1.090970,9.691495,-0.020241,-0.057524,-0.040479
42.976327,1021.425651,4.367243,0.000000,0.000000,0.441786,0.000000,0.073700,7.071651,0.000000,0.073700,1.190369,0.000000,0.045560,-0.134103,-0.931656,9.758498,0.052198,-0.059655,-0.034088
42.986443,1021.435014,4.367243,0.000000,0.000000,0.441786,0.000000,0.073700,7.071651,0.000000,0.073700,1.190369,0.000000,0.045560,-0.123312,-0.548477,9.644702,0.102266,-0.056460,-0.027697
42.996589,1021.444769,4.365709,0.000000,0.000000,0.441786,0.000000,0.073700,7.071651,0.000000,0.073700,1.190369,0.000000,0.045560,-0.108989,-1.019063,9.805193,-0.029828,-0.063916,-0.031959
43.006643,1021.454043,4.367243,0.000000,0.000000,0.443320,0.000000,0.073700,7.071651,0.000000,0.073700,1.190369,0.000000,0.045560,-0.083777,-0.660998,9.577699,0.030892,-0.064980,-0.027697
43.016447,1021.463823,4.365709,0.000000,0.000000,0.441786,0.000000,0.073700,7.071651,0.000000,0.073700,1.190369,0.000000,0.045560,-0.073085,-0.656191,9.601636,0.052198,-0.064980,-0.025566
43.026572,1021.473083,4.367243,0.000000,0.000000,0.441786,0.000000,0.073700,7.071651,0.000000,0.073700,1.190369,0.000000,0.045560,-0.037082,-0.766455,9.580054,-0.002131,-0.063916,-0.030892
43.036615,1021.482911,4.365709,0.000000,0.000000,0.443320,0.000000,0.073700,7.071651,0.000000,0.073700,1.190369,0.000000,0.045560,-0.039534,-0.791569,9.631556,0.034088,-0.062851,-0.030892
43.046604,1021.492318,4.367243,0.000000,0.000000,0.443320,0.000000,0.073700,7.071651,0.000000,0.073700,1.190369,0.000000,0.045560,-0.044341,-0.717307,9.830405,0.079894,-0.061785,-0.029828
43.056257,1021.502033,4.367243,0.000000,0.000000,0.441786,0.000000,0.073700,7.071651,0.000000,0.073700,1.190369,0.000000,0.045560,-0.040712,-0.738889,9.769289,0.044742,-0.067111,-0.036219
43.066409,1021.520908,4.365709,0.000000,0.000000,0.441786,0.000000,0.073700,7.071651,0.000000,0.073700,1.190369,0.000000,0.045560,-0.035905,-0.900558,9.706995,0.022370,-0.070307,-0.039415
43.076273,1021.530699,4.365709,0.000000,0.000000,0.441786,0.000000,0.073700,7.071651,0.000000,0.073700,1.190369,0.000000,0.045560,-0.037082,-0.847878,9.827952,0.071373,-0.070307,-0.036219
43.086548,1021.540015,4.367243,0.000000,0.000000,0.441786,0.000000,0.073700,7.071651,0.000000,0.073700,1.190369,0.000000,0.045560,-0.045518,-0.978351,9.850712,0.012783,-0.071373,-0.036219
43.096314,1021.549698,4.367243,0.000000,0.000000,0.443320,0.000000,0.073700,7.071651,0.000000,0.073700,1.190369,0.000000,0.045560,-0.019130,-1.045452,9.732207,-0.014914,-0.070307,-0.036219
43.106300,1021.559261,4.365709,0.000000,0.000000,0.441786,0.000000,0.073700,7.071651,0.000000,0.073700,1.190369,0.000000,0.045560,-0.023936,-0.973544,9.711802,0.027697,-0.069242,-0.031959
43.116274,1021.568910,4.367243,0.000000,0.000000,0.443320,0.000000,0.073700,7.071651,0.000000,0.073700,1.190369,0.000000,0.045560,-0.028743,-0.912526,9.663929,0.033023,-0.063916,-0.031959
43.126578,1021.578419,4.367243,0.000000,0.000000,0.441786,0.000000,0.073700,7.071651,0.000000,0.073700,1.190369,0.000000,0.045560,-0.026389,-1.035838,9.644702,0.001065,-0.063916,-0.030892
43.136208,1021.587822,4.367243,0.000000,0.000000,0.441786,0.000000,0.073700,7.071651,0.000000,0.073700,1.190369,0.000000,0.045560,-0.008339,-0.953238,9.680704,0.038350,-0.061785,-0.029828
43.146238,1021.597477,4.367243,0.000000,0.000000,0.441786,0.000000,0.073700,7.071651,0.000000,0.073700,1.190369,0.000000,0.045560,-0.016775,-0.870637,9.697479,0.056460,-0.060720,-0.030892
43.156549,1021.607163,4.367243,0.000000,0.000000,0.441786,0.000000,0.073700,7.071651,0.000000,0.073700,1.190369,0.000000,0.045560,0.004807,-0.960399,9.736916,0.021305,-0.063916,-0.034088
43.166314,1021.616357,4.367243,0.000000,0.000000,0.441786,0.000000,0.073700,7.071651,0.000000,0.073700,1.190369,0.000000,0.045560,0.007161,-0.911349,9.726223,0.029828,-0.064980,-0.035154
43.176574,1021.626226,4.367243,0.000000,0.000000,0.443320,0.000000,0.073700,7.071651,0.000000,0.073700,1.190369,0.000000,0.045560,0.003630,-0.872992,9.752513,0.046871,-0.063916,-0.034088
43.186450,1021.635525,4.367243,0.000000,0.000000,0.441786,0.000000,0.073700,7.071651,0.000000,0.073700,1.190369,0.000000,0.045560,0.002354,-0.893299,9.756143,0.027697,-0.064980,-0.035154
43.196663,1021.645276,4.367243,0.000000,0.000000,0.443320,0.000000,0.073700,7.071651,0.000000,0.073700,1.190369,0.000000,0.045560,-0.015598,-0.904090,9.787241,0.031959,-0.062851,-0.036219
43.206519,1021.654851,4.367243,0.000000,0.000000,0.441786,0.000000,0.073700,7.071651,0.000000,0.073700,1.190369,0.000000,0.045560,-0.015598,-0.838265,9.800386,0.050068,-0.061785,-0.036219
43.216260,1021.664155,4.365709,0.000000,0.000000,0.443320,0.000000,0.073700,7.071651,0.000000,0.073700,1.190369,0.000000,0.045560,-0.028743,-0.834635,9.831582,0.039415,-0.058589,-0.035154
43.226252,1021.673631,4.365709,0.000000,0.000000,0.441786,0.000000,0.073700,7.071651,0.000000,0.073700,1.190369,0.000000,0.045560,-0.023936,-0.858571,9.774095,0.020241,-0.059655,-0.035154
43.236711,1021.683482,4.365709,0.000000,0.000000,0.441786,0.000000,0.073700,7.071651,0.000000,0.073700,1.190369,0.000000,0.045560,-0.021582,-0.890944,9.726223,0.014914,-0.057524,-0.035154
43.246248,1021.692915,4.365709,0.000000,0.000000,0.441786,0.000000,0.073700,7.071651,0.000000,0.073700,1.190369,0.000000,0.045560,-0.028743,-0.886137,9.692672,0.027697,-0.057524,-0.035154
43.256570,1021.702456,4.365709,0.000000,0.000000,0.443320,0.000000,0.073700,7.071651,0.000000,0.073700,1.190369,0.000000,0.045560,-0.032373,-0.844249,9.655492,0.033023,-0.058589,-0.034088
43.266580,1021.712125,4.367243,0.000000,0.000000,0.443320,0.000000,0.073700,7.071651,0.000000,0.073700,1.190369,0.000000,0.045560,-0.032373,-0.861024,9.623218,0.020241,-0.059655,-0.036219
43.276569,1021.731044,4.367243,0.000000,0.000000,0.441786,0.000000,0.073700,7.071651,0.000000,0.073700,1.190369,0.000000,0.045560,-0.040712,-0.857394,9.605265,0.035154,-0.057524,-0.034088
43.286535,1021.740502,4.367243,0.000000,0.000000,0.441786,0.000000,0.073700,7.071651,0.000000,0.073700,1.190369,0.000000,0.045560,-0.057487,-0.936463,9.697479,0.031959,-0.061785,-0.031959
43.296589,1021.750070,4.365709,0.000000,0.000000,0.441786,0.000000,0.073700,7.071651,0.000000,0.073700,1.190369,0.000000,0.045560,-0.057487,-0.887315,9.745352,0.046871,-0.066047,-0.030892
43.306526,1021.759899,4.367243,0.000000,0.000000,0.441786,0.000000,0.073700,7.071651,0.000000,0.073700,1.190369,0.000000,0.045560,-0.091037,-0.932833,9.739368,0.023436,-0.069242,-0.034088
43.316512,1021.769261,4.365709,0.000000,0.000000,0.441786,0.000000,0.073700,7.071651,0.000000,0.073700,1.190369,0.000000,0.045560,-0.106537,-0.981981,9.667461,0.008522,-0.071373,-0.035154
43.326603,1021.778808,4.365709,0.000000,0.000000,0.443320,0.000000,0.073700,7.071651,0.000000,0.073700,1.190369,0.000000,0.045560,-0.092214,-0.923317,9.671090,0.039415,-0.068176,-0.035154
43.336457,1021.788227,4.365709,0.000000,0.000000,0.443320,0.000000,0.073700,7.071651,0.000000,0.073700,1.190369,0.000000,0.045560,-0.065825,-0.907719,9.687866,0.044742,-0.066047,-0.035154
43.346517,1021.798121,4.367243,0.000000,0.000000,0.441786,0.000000,0.073700,7.071651,0.000000,0.073700,1.190369,0.000000,0.045560,-0.040712,-0.935285,9.678252,0.028761,-0.061785,-0.034088
43.356551,1021.807419,4.367243,0.000000,0.000000,0.441786,0.000000,0.073700,7.071651,0.000000,0.073700,1.190369,0.000000,0.045560,-0.020405,-0.929301,9.699834,0.038350,-0.058589,-0.034088
43.366668,1021.817083,4.367243,0.000000,0.000000,0.443320,0.000000,0.073700,7.071651,0.000000,0.073700,1.190369,0.000000,0.045560,-0.069455,-0.898106,9.879455,0.066047,-0.058589,-0.029828
43.376549,1021.826623,4.367243,0.000000,0.000000,0.441786,0.000000,0.073700,7.071651,0.000000,0.073700,1.190369,0.000000,0.045560,-0.073085,-0.705339,9.768111,0.075634,-0.059655,-0.027697
43.386298,1021.836324,4.367243,0.000000,0.000000,0.443320,0.000000,0.073700,7.071651,0.000000,0.073700,1.190369,0.000000,0.045560,-0.137732,-0.930479,9.881809,0.010653,-0.069242,-0.029828
43.396288,1021.845723,4.367243,0.000000,0.000000,0.443320,0.000000,0.073700,7.071651,0.000000,0.073700,1.190369,0.000000,0.045560,-0.128119,-0.565252,9.575247,0.033023,-0.069242,-0.030892
43.406669,1021.855459,4.367243,0.000000,0.000000,0.443320,0.000000,0.073700,7.071651,0.000000,0.073700,1.190369,0.000000,0.045560,-0.132926,-0.822667,9.748884,0.021305,-0.071373,-0.031959
43.416288,1021.864880,4.365709,0.000000,0.000000,0.443320,0.000000,0.073700,7.071651,0.000000,0.073700,1.190369,0.000000,0.045560,-0.120957,-0.584382,9.643524,0.036219,-0.069242,-0.035154
43.426230,1021.874356,4.367243,0.000000,0.000000,0.443320,0.000000,0.073700,7.071651,0.000000,0.073700,1.190369,0.000000,0.045560,-0.215526,-0.804714,9.703463,0.015978,-0.069242,-0.035154
43.436307,1021.884123,4.367243,0.000000,0.000000,0.443320,0.000000,0.073700,7.071651,0.000000,0.073700,1.190369,0.000000,0.045560,-0.173637,-0.834635,9.583683,0.001065,-0.073503,-0.039415
43.446557,1021.893277,4.365709,0.000000,0.000000,0.441786,0.000000,0.073700,7.071651,0.000000,0.073700,1.190369,0.000000,0.045560,-0.092214,-0.714953,9.348930,-0.002131,-0.085221,-0.042610
43.456146,1021.902899,4.367243,0.000000,0.000000,0.443320,0.000000,0.073700,7.071651,0.000000,0.073700,1.190369,0.000000,0.045560,-0.051503,-0.991497,9.772918,0.017045,-0.084156,-0.038350
43.466224,1021.912474,4.367243,0.000000,0.000000,0.441786,0.000000,0.073700,7.071651,0.000000,0.073700,1.190369,0.000000,0.045560,-0.021582,-0.731630,9.962055,0.100135,-0.069242,-0.028761
43.476260,1021.931495,4.367243,0.000000,0.000000,0.443320,0.000000,0.073700,7.071651,0.000000,0.073700,1.190369,0.000000,0.045560,0.136555,-1.116084,9.847082,-0.066047,-0.083090,-0.033023
43.486311,1021.941255,4.367243,0.000000,0.000000,0.443320,0.000000,0.073700,7.071651,0.000000,0.073700,1.190369,0.000000,0.045560,0.171283,-0.946076,9.714156,0.031959,-0.075634,-0.026632
43.496352,1021.950899,4.367243,0.000000,0.000000,0.443320,0.000000,0.073700,7.071651,0.000000,0.073700,1.190369,0.000000,0.045560,0.223962,-0.954415,9.884262,0.061785,-0.061785,-0.021305
43.506457,1021.960376,4.367243,0.000000,0.000000,0.443320,0.000000,0.073700,7.071651,0.000000,0.073700,1.190369,0.000000,0.045560,0.156862,-0.916058,9.928505,0.046871,-0.050068,-0.025566
43.516624,1021.969866,4.367243,0.000000,0.000000,0.443320,0.000000,0.073700,7.071651,0.000000,0.073700,1.190369,0.000000,0.045560,0.201203,-1.132859,9.911828,0.017045,-0.046871,-0.031959
43.526592,1021.979290,4.365709,0.000000,0.000000,0.441786,0.000000,0.073700,7.071651,0.000000,0.073700,1.190369,0.000000,0.045560,0.076616,-1.068211,9.946555,0.052198,-0.050068,-0.035154
43.536289,1021.988967,4.365709,0.000000,0.000000,0.441786,0.000000,0.073700,7.071651,0.000000,0.073700,1.190369,0.000000,0.045560,0.064648,-0.958045,9.875825,0.051133,-0.063916,-0.040479
43.546614,1021.998679,4.365709,0.000000,0.000000,0.441786,0.000000,0.073700,7.071651,0.000000,0.073700,1.190369,0.000000,0.045560,0.029921,-0.991497,9.601636,-0.015978,-0.073503,-0.053264
43.556641,1022.008031,4.367243,0.000000,0.000000,0.443320,0.000000,0.073700,7.071651,0.000000,0.073700,1.190369,0.000000,0.045560,0.041889,-1.235864,9.511776,-0.067111,-0.075634,-0.055393
43.566208,1022.017739,4.367243,0.000000,0.000000,0.441786,0.000000,0.073700,7.071651,0.000000,0.073700,1.190369,0.000000,0.045560,-0.027566,-0.998756,9.588490,0.070307,-0.056460,-0.044742
43.576218,1022.027342,4.367243,0.000000,0.000000,0.441786,0.000000,0.073700,7.071651,0.000000,0.073700,1.190369,0.000000,0.045560,-0.085053,-1.062227,9.843550,0.079894,-0.041546,-0.038350
43.586267,1022.036592,4.367243,0.000000,0.000000,0.443320,0.000000,0.073700,7.071651,0.000000,0.073700,1.190369,0.000000,0.045560,-0.122134,-1.108922,9.924973,0.045806,-0.034088,-0.034088
43.596304,1022.046398,4.367243,0.000000,0.000000,0.441786,0.000000,0.073700,7.071651,0.000000,0.071020,1.190369,0.000000,0.045560,-0.083777,-0.914881,9.770466,0.055393,-0.051133,-0.030892
43.606178,1022.055854,4.367243,0.000000,0.000000,0.441786,0.000000,0.073700,7.073185,0.000000,0.071020,1.190369,0.000000,0.045560,-0.099375,-0.965206,9.810000,0.011718,-0.052198,-0.024501
43.616580,1022.065490,4.367243,0.000000,0.000000,0.441786,0.000000,0.073700,7.071651,0.000000,0.071020,1.190369,0.000000,0.045560,-0.075439,-0.710146,9.661477,0.053264,-0.057524,-0.021305
43.626626,1022.075014,4.367243,0.000000,0.000000,0.441786,0.000000,0.073700,7.073185,0.000000,0.072360,1.190369,0.000000,0.045560,-0.068278,-0.713677,9.642347,0.025566,-0.053264,-0.022370
43.636664,1022.084378,4.365709,0.000000,0.000000,0.441786,0.000000,0.073700,7.073185,0.000000,0.072360,1.190369,0.000000,0.045560,-0.075439,-0.706516,9.623218,0.025566,-0.054329,-0.025566
43.646223,1022.093968,4.367243,0.000000,0.000000,0.443320,0.000000,0.073700,7.073185,0.000000,0.072360,1.190369,0.000000,0.045560,-0.070632,-0.596350,9.598006,0.052198,-0.052198,-0.029828
43.656272,1022.103497,4.367243,0.000000,0.000000,0.443320,0.000000,0.073700,7.073185,0.000000,0.072360,1.190369,0.000000,0.045560,-0.079069,-0.632254,9.603990,0.038350,-0.054329,-0.035154
43.666328,1022.113046,4.367243,0.000000,0.000000,0.441786,0.000000,0.073700,7.073185,0.000000,0.072360,1.190369,0.000000,0.045560,-0.083777,-0.638239,9.611249,0.031959,-0.060720,-0.039415
43.676372,1022.122489,4.367243,0.000000,0.000000,0.441786,0.000000,0.073700,7.073185,0.000000,0.072360,1.190369,0.000000,0.045560,-0.099375,-0.641868,9.637540,0.042610,-0.062851,-0.040479
43.686409,1022.132412,4.365709,0.000000,0.000000,0.441786,0.000000,0.073700,7.073185,0.000000,0.072360,1.190369,0.000000,0.045560,-0.118505,-0.722114,9.678252,0.025566,-0.066047,-0.040479
43.696501,1022.141913,4.367243,0.000000,0.000000,0.441786,0.000000,0.073700,7.073185,0.000000,0.072360,1.190369,0.000000,0.045560,-0.122134,-0.784408,9.686688,0.020241,-0.071373,-0.037284
43.706520,1022.160964,4.367243,0.000000,0.000000,0.441786,0.000000,0.073700,7.073185,0.000000,0.072360,1.190369,0.000000,0.045560,-0.132926,-0.922042,9.660299,0.007456,-0.073503,-0.031959
43.716655,1022.170274,4.367243,0.000000,0.000000,0.443320,0.000000,0.073700,7.071651,0.000000,0.072360,1.190369,0.000000,0.045560,-0.128119,-0.971190,9.714156,0.019174,-0.075634,-0.028761
43.726203,1022.179989,4.367243,0.000000,0.000000,0.441786,0.000000,0.073700,7.073185,0.000000,0.073700,1.190369,0.000000,0.045560,-0.124587,-0.980804,9.718963,0.022370,-0.075634,-0.027697
43.736227,1022.189490,4.365709,0.000000,0.000000,0.443320,0.000000,0.073700,7.073185,0.000000,0.071020,1.190369,0.000000,0.045560,-0.099375,-1.034661,9.722593,0.010653,-0.074569,-0.029828
43.746280,1022.198903,4.365709,0.000000,0.000000,0.441786,0.000000,0.073700,7.073185,0.000000,0.071020,1.190369,0.000000,0.045560,-0.063471,-1.026224,9.742900,0.021305,-0.075634,-0.031959
43.756315,1022.208519,4.367243,0.000000,0.000000,0.441786,0.000000,0.073700,7.073185,0.000000,0.071020,1.190369,0.000000,0.045560,-0.027566,-1.007095,9.723770,0.031959,-0.074569,-0.033023
43.766425,1022.218114,4.365709,0.000000,0.000000,0.443320,0.000000,0.073700,7.073185,0.000000,0.071020,1.190369,0.000000,0.045560,0.038357,-1.041822,9.746529,0.019174,-0.073503,-0.037284
43.776427,1022.227592,4.367243,0.000000,0.000000,0.443320,0.000000,0.073700,7.073185,0.000000,0.071020,1.190369,0.000000,0.045560,0.062294,-1.009547,9.746529,0.028761,-0.072438,-0.037284
43.786665,1022.237466,4.367243,0.000000,0.000000,0.441786,0.000000,0.073700,7.073185,0.000000,0.071020,1.190369,0.000000,0.045560,0.079069,-0.961576,9.777627,0.046871,-0.068176,-0.036219
43.796246,1022.246820,4.367243,0.000000,0.000000,0.443320,0.000000,0.073700,7.073185,0.000000,0.071020,1.190369,0.000000,0.045560,0.085053,-0.962753,9.790871,0.034088,-0.064980,-0.037284
43.806605,1022.256249,4.367243,0.000000,0.000000,0.443320,0.000000,0.073700,7.073185,0.000000,0.071020,1.190369,0.000000,0.045560,0.091037,-0.964029,9.808823,0.031959,-0.063916,-0.035154
43.816193,1022.265955,4.365709,0.000000,0.000000,0.443320,0.000000,0.073700,7.073185,0.000000,0.071020,1.190369,0.000000,0.045560,0.089860,-0.853862,9.787241,0.051133,-0.062851,-0.033023
43.826202,1022.275392,4.367243,0.000000,0.000000,0.441786,0.000000,0.073700,7.073185,0.000000,0.071020,1.190369,0.000000,0.045560,0.061116,-0.899283,9.794402,0.035154,-0.059655,-0.033023
43.836385,1022.284954,4.367243,0.000000,0.000000,0.443320,0.000000,0.073700,7.073185,0.000000,0.071020,1.190369,0.000000,0.045560,0.069455,-0.890944,9.776450,0.030892,-0.057524,-0.031959
43.846593,1022.294536,4.367243,0.000000,0.000000,0.441786,0.000000,0.073700,7.073185,0.000000,0.071020,1.190369,0.000000,0.045560,0.025114,-0.896928,9.807646,0.036219,-0.056460,-0.034088
43.856598,1022.303954,4.367243,0.000000,0.000000,0.441786,0.000000,0.073700,7.073185,0.000000,0.071020,1.190369,0.000000,0.045560,0.002354,-0.928026,9.829129,0.034088,-0.053264,-0.036219
43.866653,1022.313643,4.367243,0.000000,0.000000,0.443320,0.000000,0.073700,7.073185,0.000000,0.071020,1.190369,0.000000,0.045560,0.001177,-0.883783,9.765659,0.027697,-0.056460,-0.040479
43.876184,1022.323012,4.367243,0.000000,0.000000,0.441786,0.000000,0.073700,7.071651,0.000000,0.071020,1.190369,0.000000,0.045560,-0.027566,-0.926849,9.738191,0.019174,-0.059655,-0.039415
43.886235,1022.332718,4.367243,0.000000,0.000000,0.441786,0.000000,0.073700,7.073185,0.000000,0.071020,1.190369,0.000000,0.045560,-0.053857,-0.878976,9.635186,0.027697,-0.057524,-0.042610
43.896312,1022.342458,4.367243,0.000000,0.000000,0.443320,0.000000,0.073700,7.073185,0.000000,0.071020,1.190369,0.000000,0.045560,-0.067100,-0.888590,9.602813,0.018110,-0.054329,-0.041546
43.906523,1022.361372,4.365709,0.000000,0.000000,0.443320,0.000000,0.073700,7.073185,0.000000,0.071020,1.190369,0.000000,0.045560,-0.101828,-0.804714,9.598006,0.045806,-0.053264,-0.033023
43.916430,1022.370820,4.367243,0.000000,0.000000,0.441786,0.000000,0.073700,7.073185,0.000000,0.071020,1.190369,0.000000,0.045560,-0.119780,-0.821489,9.572892,0.033023,-0.054329,-0.031959
43.926478,1022.380460,4.367243,0.000000,0.000000,0.441786,0.000000,0.073700,7.073185,0.000000,0.071020,1.190369,0.000000,0.045560,-0.126941,-0.858571,9.620765,0.028761,-0.059655,-0.030892
43.936509,1022.389973,4.367243,0.000000,0.000000,0.443320,0.000000,0.073700,7.073185,0.000000,0.071020,1.190369,0.000000,0.045560,-0.134103,-0.779601,9.684236,0.054329,-0.064980,-0.027697
43.946573,1022.399764,4.365709,0.000000,0.000000,0.441786,0.000000,0.073700,7.073185,0.000000,0.071020,1.190369,0.000000,0.045560,-0.124587,-0.811876,9.717786,0.033023,-0.071373,-0.030892
43.956593,1022.408987,4.367243,0.000000,0.000000,0.441786,0.000000,0.073700,7.073185,0.000000,0.071020,1.190369,0.000000,0.045560,-0.108989,-0.852587,9.672268,0.005327,-0.076698,-0.035154
43.966167,1022.418749,4.367243,0.000000,0.000000,0.443320,0.000000,0.073700,7.073185,0.000000,0.071020,1.190369,0.000000,0.045560,-0.085053,-0.820312,9.672268,0.026632,-0.075634,-0.036219
43.976322,1022.428216,4.367243,0.000000,0.000000,0.443320,0.000000,0.073700,7.073185,0.000000,0.071020,1.190369,0.000000,0.045560,-0.057487,-0.829828,9.712979,0.039415,-0.071373,-0.037284
43.986510,1022.437612,4.367243,0.000000,0.000000,0.441786,0.000000,0.073700,7.073185,0.000000,0.071020,1.190369,0.000000,0.045560,-0.055132,-0.869362,9.751336,0.028761,-0.063916,-0.037284
43.996189,1022.447487,4.367243,0.000000,0.000000,0.441786,0.000000,0.073700,7.073185,0.000000,0.071020,1.190369,0.000000,0.045560,-0.023936,-0.895751,9.757320,0.028761,-0.061785,-0.037284
44.006280,1022.457076,4.367243,0.000000,0.000000,0.441786,0.000000,0.073700,7.073185,0.000000,0.071020,1.190369,0.000000,0.045560,-0.023936,-0.877799,9.783611,0.036219,-0.059655,-0.035154
44.016474,1022.466641,4.367243,0.000000,0.000000,0.443320,0.000000,0.073700,7.073185,0.000000,0.071020,1.190369,0.000000,0.045560,0.005984,-0.815505,9.765659,0.042610,-0.061785,-0.034088
44.026506,1022.476173,4.367243,0.000000,0.000000,0.441786,0.000000,0.073700,7.073185,0.000000,0.071020,1.190369,0.000000,0.045560,0.008339,-0.875346,9.683059,0.010653,-0.066047,-0.035154
44.036286,1022.485542,4.367243,0.000000,0.000000,0.441786,0.000000,0.073700,7.073185,0.000000,0.071020,1.190369,0.000000,0.045560,0.021582,-0.878976,9.653138,0.007456,-0.070307,-0.034088
44.046518,1022.494920,4.365709,0.000000,0.000000,0.441786,0.000000,0.073700,7.073185,0.000000,0.071020,1.190369,0.000000,0.045560,0.022759,-0.855040,9.624395,0.025566,-0.071373,-0.031959
44.056560,1022.504620,4.367243,0.000000,0.000000,0.441786,0.000000,0.073700,7.073185,0.000000,0.071020,1.190369,0.000000,0.045560,0.023936,-0.882606,9.637540,0.019174,-0.073503,-0.033023
44.066446,1022.514255,4.365709,0.000000,0.000000,0.443320,0.000000,0.073700,7.073185,0.000000,0.071020,1.190369,0.000000,0.045560,0.027566,-0.896928,9.636363,0.019174,-0.071373,-0.031959
44.076264,1022.523943,4.365709,0.000000,0.000000,0.443320,0.000000,0.073700,7.073185,0.000000,0.071020,1.190369,0.000000,0.045560,0.005984,-0.904090,9.732207,0.038350,-0.068176,-0.033023
44.086188,1022.533215,4.365709,0.000000,0.000000,0.443320,0.000000,0.073700,7.073185,0.000000,0.071020,1.190369,0.000000,0.045560,0.008339,-0.905365,9.789595,0.044742,-0.066047,-0.034088
44.096408,1022.542777,4.367243,0.000000,0.000000,0.441786,0.000000,0.073700,7.071651,0.000000,0.071020,1.190369,0.000000,0.045560,0.026389,-1.005917,9.838743,0.023436,-0.066047,-0.034088
44.106280,1022.552518,4.367243,0.000000,0.000000,0.441786,0.000000,0.073700,7.073185,0.000000,0.071020,1.190369,0.000000,0.045560,0.040712,-0.983158,9.815984,0.030892,-0.066047,-0.034088
44.116294,1022.561852,4.365709,0.000000,0.000000,0.441786,0.000000,0.073700,7.073185,0.000000,0.071020,1.190369,0.000000,0.045560,0.031098,-0.986788,9.806370,0.034088,-0.063916,-0.034088
44.126502,1022.571322,4.367243,0.000000,0.000000,0.441786,0.000000,0.073700,7.073185,0.000000,0.071020,1.190369,0.000000,0.045560,0.021582,-0.984335,9.821968,0.031959,-0.061785,-0.033023
44.136297,1022.590657,4.367243,0.000000,0.000000,0.441786,0.000000,0.073700,7.073185,0.000000,0.071020,1.190369,0.000000,0.045560,0.022759,-1.014256,9.642347,0.021305,-0.057524,-0.033023
44.146255,1022.600283,4.367243,0.000000,0.000000,0.441786,0.000000,0.073700,7.073185,0.000000,0.071020,1.190369,0.000000,0.045560,0.020405,-0.936463,9.560924,0.034088,-0.057524,-0.033023
44.156679,1022.609899,4.367243,0.000000,0.000000,0.441786,0.000000,0.073700,7.073185,0.000000,0.071020,1.190369,0.000000,0.045560,-0.008339,-0.958045,9.557294,0.037284,-0.054329,-0.033023
44.166545,1022.619213,4.367243,0.000000,0.000000,0.441786,0.000000,0.073700,7.073185,0.000000,0.071020,1.190369,0.000000,0.045560,-0.051503,-0.936463,9.582506,0.046871,-0.050068,-0.034088
44.176567,1022.628623,4.365709,0.000000,0.000000,0.441786,0.000000,0.073700,7.073185,0.000000,0.071020,1.190369,0.000000,0.045560,-0.146071,-0.856217,9.723770,0.069242,-0.053264,-0.036219
44.186645,1022.638242,4.367243,0.000000,0.000000,0.441786,0.000000,0.073700,7.073185,0.000000,0.071020,1.190369,0.000000,0.045560,-0.277819,-0.795100,9.926150,0.063916,-0.059655,-0.034088
44.196774,1022.647962,4.367243,0.000000,0.000000,0.441786,0.000000,0.073700,7.073185,0.000000,0.071020,1.190369,0.000000,0.045560,-0.177267,-0.595173,9.708172,0.050068,-0.071373,-0.034088
44.206531,1022.657609,4.367243,0.000000,0.000000,0.443320,0.000000,0.073700,7.073185,0.000000,0.071020,1.190369,0.000000,0.045560,-0.188058,-0.707693,9.687866,-0.023436,-0.078830,-0.038350
44.216573,1022.666930,4.367243,0.000000,0.000000,0.441786,0.000000,0.073700,7.073185,0.000000,0.071020,1.190369,0.000000,0.045560,-0.166476,-0.523265,9.577699,0.019174,-0.075634,-0.030892
44.226617,1022.676584,4.367243,0.000000,0.000000,0.441786,0.000000,0.073700,7.073185,0.000000,0.071020,1.190369,0.000000,0.045560,-0.144894,-0.694548,9.804016,0.049002,-0.068176,-0.027697
44.236655,1022.686150,4.365709,0.000000,0.000000,0.443320,0.000000,0.073700,7.073185,0.000000,0.071020,1.190369,0.000000,0.045560,-0.073085,-0.589189,9.678252,0.018110,-0.063916,-0.027697
44.246180,1022.695606,4.365709,0.000000,0.000000,0.441786,0.000000,0.073700,7.073185,0.000000,0.071020,1.190369,0.000000,0.045560,-0.021582,-0.792746,9.699834,0.007456,-0.063916,-0.027697
44.256241,1022.705070,4.367243,0.000000,0.000000,0.443320,0.000000,0.073700,7.073185,0.000000,0.071020,1.190369,0.000000,0.045560,0.052680,-0.827473,9.739368,0.020241,-0.067111,-0.029828
44.266294,1022.714821,4.365709,0.000000,0.000000,0.441786,0.000000,0.073700,7.073185,0.000000,0.071020,1.190369,0.000000,0.045560,0.092214,-0.723291,9.692672,0.044742,-0.073503,-0.031959
44.276342,1022.724193,4.367243,0.000000,0.000000,0.441786,0.000000,0.073700,7.073185,0.000000,0.071020,1.190369,0.000000,0.045560,0.107812,-0.983158,9.814807,-0.010653,-0.077765,-0.036219
44.286406,1022.733844,4.367243,0.000000,0.000000,0.441786,0.000000,0.073700,7.073185,0.000000,0.071020,1.190369,0.000000,0.045560,0.114973,-0.910074,9.758498,0.009587,-0.083090,-0.038350
44.296551,1022.743491,4.365709,0.000000,0.000000,0.443320,0.000000,0.073700,7.073185,0.000000,0.071020,1.190369,0.000000,0.045560,0.123312,-1.021515,9.860325,0.021305,-0.077765,-0.036219
44.306448,1022.752904,4.367243,0.000000,0.000000,0.441786,0.000000,0.073700,7.073185,0.000000,0.071020,1.190369,0.000000,0.045560,0.186782,-0.833458,9.660299,0.030892,-0.073503,-0.035154
44.316336,1022.762513,4.367243,0.000000,0.000000,0.441786,0.000000,0.073700,7.073185,0.000000,0.071020,1.190369,0.000000,0.045560,0.101828,-1.141197,9.968039,0.010653,-0.068176,-0.033023
44.326217,1022.772144,4.367243,0.000000,0.000000,0.441786,0.000000,0.073700,7.073185,0.000000,0.071020,1.190369,0.000000,0.045560,0.117328,-0.862201,9.553763,0.036219,-0.055393,-0.028761
44.336552,1022.781663,4.367243,0.000000,0.000000,0.443320,0.000000,0.073700,7.073185,0.000000,0.071020,1.190369,0.000000,0.045560,0.106537,-1.287366,9.843550,-0.004260,-0.050068,-0.027697
44.346630,1022.800794,4.367243,0.000000,0.000000,0.441786,0.000000,0.073700,7.073185,0.000000,0.071020,1.190369,0.000000,0.045560,-0.073085,-1.120891,9.776450,0.044742,-0.043675,-0.033023
44.356676,1022.810385,4.367243,0.000000,0.000000,0.443320,0.000000,0.073700,7.073185,0.000000,0.071020,1.190369,0.000000,0.045560,-0.130571,-1.092147,9.745352,0.035154,-0.049002,-0.040479
44.366265,1022.819679,4.365709,0.000000,0.000000,0.443320,0.000000,0.073700,7.073185,0.000000,0.071020,1.190369,0.000000,0.045560,-0.231124,-1.092147,9.752513,0.031959,-0.060720,-0.045806
44.376476,1022.829482,4.367243,0.000000,0.000000,0.443320,0.000000,0.073700,7.073185,0.000000,0.071020,1.190369,0.000000,0.045560,-0.250253,-1.057420,9.745352,0.020241,-0.071373,-0.051133
44.386524,1022.838773,4.367243,0.000000,0.000000,0.443320,0.000000,0.073700,7.073185,0.000000,0.071020,1.190369,0.000000,0.045560,-0.217978,-0.902912,9.625572,0.027697,-0.071373,-0.050068
44.396582,1022.848403,4.367243,0.000000,0.000000,0.443320,0.000000,0.073700,7.073185,0.000000,0.071020,1.190369,0.000000,0.045560,-0.174814,-0.991497,9.661477,0.011718,-0.066047,-0.046871
44.406396,1022.857834,4.367243,0.000000,0.000000,0.443320,0.000000,0.073700,7.073185,0.000000,0.071020,1.190369,0.000000,0.045560,-0.131748,-0.737712,9.653138,0.055393,-0.055393,-0.039415
44.416433,1022.867438,4.367243,0.000000,0.000000,0.443320,0.000000,0.072360,7.073185,0.000000,0.071020,1.190369,0.000000,0.045560,-0.070632,-0.767633,9.766934,0.057524,-0.047937,-0.028761
44.426486,1022.877058,4.367243,0.000000,0.000000,0.443320,0.000000,0.069680,7.073185,0.000000,0.071020,1.190369,0.000000,0.045560,-0.029921,-0.621464,9.659122,0.039415,-0.049002,-0.023436
44.436621,1022.886665,4.367243,0.000000,0.000000,0.443320,0.000000,0.068340,7.073185,0.000000,0.071020,1.190369,0.000000,0.045560,0.025114,-0.632254,9.656670,0.031959,-0.053264,-0.017045
44.446595,1022.896284,4.365709,0.000000,0.000000,0.443320,0.000000,0.068340,7.073185,0.000000,0.071020,1.190369,0.000000,0.045560,0.056309,-0.487361,9.550133,0.045806,-0.060720,-0.017045
44.456513,1022.905559,4.367243,0.000000,0.000000,0.443320,0.000000,0.068340,7.073185,0.000000,0.071020,1.190369,0.000000,0.045560,0.045518,-0.544847,9.486662,0.009587,-0.066047,-0.023436
44.466189,1022.915135,4.367243,0.000000,0.000000,0.443320,0.000000,0.068340,7.073185,0.000000,0.071020,1.190369,0.000000,0.045560,0.034727,-0.637061,9.501083,0.005327,-0.070307,-0.028761
44.476468,1022.924832,4.367243,0.000000,0.000000,0.443320,0.000000,0.072360,7.073185,0.000000,0.071020,1.190369,0.000000,0.045560,-0.026389,-0.616755,9.554940,0.046871,-0.071373,-0.034088
44.486598,1022.934314,4.367243,0.000000,0.000000,0.443320,0.000000,0.072360,7.073185,0.000000,0.071020,1.190369,0.000000,0.045560,-0.082600,-0.700532,9.693850,0.042610,-0.074569,-0.040479
44.496713,1022.943891,4.365709,0.000000,0.000000,0.443320,0.000000,0.072360,7.073185,0.000000,0.071020,1.190369,0.000000,0.045560,-0.120957,-0.807167,9.739368,0.021305,-0.076698,-0.046871
44.506144,1022.953337,4.367243,0.000000,0.000000,0.443320,0.000000,0.072360,7.073185,0.000000,0.071020,1.190369,0.000000,0.045560,-0.165299,-0.943624,9.838743,0.020241,-0.075634,-0.049002
44.516263,1022.963053,4.365709,0.000000,0.000000,0.443320,0.000000,0.072360,7.073185,0.000000,0.071020,1.190369,0.000000,0.045560,-0.152055,-0.950785,9.862680,0.031959,-0.076698,-0.046871
44.526257,1022.972456,4.367243,0.000000,0.000000,0.443320,0.000000,0.072360,7.073185,0.000000,0.071020,1.190369,0.000000,0.045560,-0.120957,-1.100486,9.850712,-0.003196,-0.079894,-0.042610
44.536520,1022.982086,4.367243,0.000000,0.000000,0.443320,0.000000,0.072360,7.073185,0.000000,0.071020,1.190369,0.000000,0.045560,-0.062294,-1.148457,9.771643,-0.011718,-0.079894,-0.036219
44.546617,1023.001056,4.367243,0.000000,0.000000,0.443320,0.000000,0.072360,7.073185,0.000000,0.071020,1.190369,0.000000,0.045560,0.053857,-1.143650,9.663929,0.003196,-0.074569,-0.020241
44.556544,1023.010791,4.365709,0.000000,0.000000,0.443320,0.000000,0.072360,7.071651,0.000000,0.071020,1.190369,0.000000,0.045560,0.098198,-1.083711,9.668736,0.017045,-0.071373,-0.017045
44.566609,1023.020227,4.367243,0.000000,0.000000,0.443320,0.000000,0.072360,7.073185,0.000000,0.071020,1.190369,0.000000,0.045560,0.112521,-0.998756,9.706995,0.051133,-0.067111,-0.015978
44.576524,1023.029884,4.367243,0.000000,0.000000,0.444854,0.000000,0.072360,7.073185,0.000000,0.071020,1.190369,0.000000,0.045560,0.137732,-0.959222,9.763304,0.045806,-0.064980,-0.015978
44.586520,1023.039480,4.367243,0.000000,0.000000,0.443320,0.000000,0.072360,7.073185,0.000000,0.071020,1.190369,0.000000,0.045560,0.161669,-0.872992,9.687866,0.037284,-0.062851,-0.021305
44.596628,1023.048882,4.367243,0.000000,0.000000,0.443320,0.000000,0.072360,7.073185,0.000000,0.071020,1.190369,0.000000,0.045560,0.184428,-0.993949,9.751336,0.029828,-0.059655,-0.027697
44.606180,1023.058465,4.367243,0.000000,0.000000,0.444854,0.000000,0.072360,7.073185,0.000000,0.071020,1.190369,0.000000,0.045560,0.152055,-0.919687,9.862680,0.066047,-0.056460,-0.031959
44.616184,1023.068112,4.367243,0.000000,0.000000,0.443320,0.000000,0.072360,7.073185,0.000000,0.071020,1.190369,0.000000,0.045560,0.091037,-1.007095,10.075851,0.071373,-0.051133,-0.036219
44.626298,1023.077651,4.365709,0.000000,0.000000,0.443320,0.000000,0.072360,7.073185,0.000000,0.071020,1.190369,0.000000,0.045560,0.079069,-0.914881,10.121369,0.062851,-0.051133,-0.040479
44.636515,1023.087276,4.367243,0.000000,0.000000,0.443320,0.000000,0.072360,7.073185,0.000000,0.071020,1.190369,0.000000,0.045560,0.058664,-0.857394,10.006396,0.041546,-0.058589,-0.043675
44.646364,1023.096616,4.367243,0.000000,0.000000,0.443320,0.000000,0.072360,7.073185,0.000000,0.071020,1.190369,0.000000,0.045560,0.011968,-0.949608,9.789595,-0.028761,-0.067111,-0.047937
44.656394,1023.106129,4.365709,0.000000,0.000000,0.443320,0.000000,0.072360,7.073185,0.000000,0.071020,1.190369,0.000000,0.045560,-0.008339,-0.990320,9.556117,-0.031959,-0.064980,-0.047937
44.666593,1023.115882,4.365709,0.000000,0.000000,0.443320,0.000000,0.072360,7.073185,0.000000,0.071020,1.190369,0.000000,0.045560,-0.051503,-0.948431,9.550133,0.026632,-0.044742,-0.039415
44.676513,1023.125542,4.367243,0.000000,0.000000,0.443320,0.000000,0.072360,7.073185,0.000000,0.071020,1.190369,0.000000,0.045560,-0.071809,-0.825119,9.495099,0.066047,-0.034088,-0.031959
44.686544,1023.134731,4.367243,0.000000,0.000000,0.443320,0.000000,0.072360,7.071651,0.000000,0.071020,1.188835,0.000000,0.045560,-0.088584,-0.793923,9.490292,0.039415,-0.037284,-0.029828
44.696535,1023.144366,4.367243,0.000000,0.000000,0.443320,0.000000,0.072360,7.073185,0.000000,0.071020,1.190369,0.000000,0.045560,-0.107812,-0.928026,9.478324,0.006391,-0.049002,-0.030892
44.706601,1023.154069,4.367243,0.000000,0.000000,0.443320,0.000000,0.072360,7.073185,0.000000,0.071020,1.190369,0.000000,0.045560,-0.135280,-0.828651,9.481855,0.036219,-0.060720,-0.028761
44.716297,1023.163729,4.367243,0.000000,0.000000,0.443320,0.000000,0.072360,7.073185,0.000000,0.071020,1.190369,0.000000,0.045560,-0.152055,-0.828651,9.568085,0.047937,-0.066047,-0.028761
44.726644,1023.173133,4.367243,0.000000,0.000000,0.443320,0.000000,0.072360,7.073185,0.000000,0.071020,1.190369,0.000000,0.045560,-0.137732,-0.760373,9.589667,0.037284,-0.074569,-0.029828
44.736739,1023.182585,4.365709,0.000000,0.000000,0.443320,0.000000,0.072360,7.073185,0.000000,0.071020,1.190369,0.000000,0.045560,-0.144894,-0.810698,9.629202,0.020241,-0.074569,-0.029828
44.746404,1023.192360,4.367243,0.000000,0.000000,0.443320,0.000000,0.072360,7.073185,0.000000,0.071020,1.190369,0.000000,0.045560,-0.155685,-0.843071,9.800386,0.043675,-0.070307,-0.030892
44.756343,1023.211258,4.367243,0.000000,0.000000,0.443320,0.000000,0.072360,7.071651,0.000000,0.071020,1.190369,0.000000,0.045560,-0.255060,-1.199861,10.260279,0.006391,-0.057524,-0.035154
44.766545,1023.220806,4.367243,0.000000,0.000000,0.443320,0.000000,0.072360,7.073185,0.000000,0.071020,1.190369,0.000000,0.045560,-0.105359,-0.336483,9.799209,0.213052,-0.017045,-0.022370
44.776692,1023.230238,4.367243,0.000000,0.000000,0.443320,0.000000,0.072360,7.073185,0.000000,0.071020,1.190369,0.000000,0.045560,-0.211994,-0.737712,10.181210,0.041546,-0.062851,-0.025566
44.786413,1023.239911,4.367243,0.000000,0.000000,0.443320,0.000000,0.072360,7.073185,0.000000,0.071020,1.190369,0.000000,0.045560,-0.123312,-0.665805,9.611249,-0.076698,-0.073503,-0.045806
44.796474,1023.249680,4.367243,0.000000,0.000000,0.443320,0.000000,0.072360,7.073185,0.000000,0.071020,1.190369,0.000000,0.045560,-0.025114,-0.607141,9.516583,-0.017045,-0.102266,-0.044742
44.806408,1023.259257,4.367243,0.000000,0.000000,0.443320,0.000000,0.072360,7.073185,0.000000,0.071020,1.190369,0.000000,0.045560,-0.032373,-1.031031,9.539342,-0.047937,-0.077765,-0.042610
44.816650,1023.268620,4.365709,0.000000,0.000000,0.443320,0.000000,0.072360,7.073185,0.000000,0.071020,1.190369,0.000000,0.045560,0.041889,-0.576043,9.308219,0.035154,-0.079894,-0.040479
44.826656,1023.278259,4.367243,0.000000,0.000000,0.443320,0.000000,0.072360,7.073185,0.000000,0.071020,1.190369,0.000000,0.045560,0.049050,-1.162779,9.587215,-0.040479,-0.070307,-0.038350
44.836702,1023.287806,4.365709,0.000000,0.000000,0.443320,0.000000,0.072360,7.073185,0.000000,0.071020,1.190369,0.000000,0.045560,0.041889,-0.805892,9.490292,0.056460,-0.073503,-0.036219
44.846651,1023.297299,4.367243,0.000000,0.000000,0.443320,0.000000,0.072360,7.073185,0.000000,0.071020,1.190369,0.000000,0.045560,0.095844,-1.054967,9.615958,0.012783,-0.085221,-0.035154
44.856149,1023.306943,4.367243,0.000000,0.000000,0.443320,0.000000,0.072360,7.073185,0.000000,0.071020,1.190369,0.000000,0.045560,0.056309,-1.031031,9.619588,-0.013849,-0.084156,-0.036219
44.866219,1023.316234,4.367243,0.000000,0.000000,0.443320,0.000000,0.072360,7.073185,0.000000,0.071020,1.190369,0.000000,0.045560,0.063471,-1.013079,9.729754,0.062851,-0.080961,-0.029828
44.876328,1023.326065,4.367243,0.000000,0.000000,0.443320,0.000000,0.072360,7.073185,0.000000,0.071020,1.190369,0.000000,0.045560,0.063471,-1.054967,9.942925,0.057524,-0.072438,-0.026632
44.886543,1023.335611,4.365709,0.000000,0.000000,0.443320,0.000000,0.072360,7.073185,0.000000,0.071020,1.190369,0.000000,0.045560,0.041889,-1.033483,9.863857,0.030892,-0.072438,-0.027697
44.896535,1023.344890,4.367243,0.000000,0.000000,0.443320,0.000000,0.072360,7.073185,0.000000,0.071020,1.190369,0.000000,0.045560,0.079069,-1.153166,9.921344,0.012783,-0.066047,-0.028761
44.906577,1023.354427,4.367243,0.000000,0.000000,0.443320,0.000000,0.072360,7.073185,0.000000,0.071020,1.190369,0.000000,0.045560,0.073085,-0.968738,9.817161,0.067111,-0.051133,-0.026632
44.916479,1023.363976,4.365709,0.000000,0.000000,0.443320,0.000000,0.072360,7.073185,0.000000,0.071020,1.190369,0.000000,0.045560,0.052680,-1.070565,9.877100,0.041546,-0.049002,-0.030892
44.926347,1023.373700,4.367243,0.000000,0.000000,0.443320,0.000000,0.072360,7.073185,0.000000,0.071020,1.190369,0.000000,0.045560,0.051503,-0.995126,9.896230,0.053264,-0.049002,-0.031959
44.936367,1023.383238,4.367243,0.000000,0.000000,0.443320,0.000000,0.072360,7.073185,0.000000,0.071020,1.190369,0.000000,0.045560,0.041889,-0.798730,9.730931,0.066047,-0.051133,-0.037284
44.946419,1023.392919,4.367243,0.000000,0.000000,0.443320,0.000000,0.072360,7.073185,0.000000,0.071020,1.190369,0.000000,0.045560,0.026389,-1.033483,9.599281,-0.020241,-0.058589,-0.043675
44.956509,1023.402505,4.365709,0.000000,0.000000,0.443320,0.000000,0.072360,7.073185,0.000000,0.071020,1.190369,0.000000,0.045560,-0.026389,-0.934010,9.628025,0.021305,-0.059655,-0.044742
44.966201,1023.411788,4.367243,0.000000,0.000000,0.443320,0.000000,0.072360,7.073185,0.000000,0.071020,1.190369,0.000000,0.045560,-0.038357,-0.720937,9.641170,0.083090,-0.053264,-0.041546
44.976529,1023.421611,4.367243,0.000000,0.000000,0.443320,0.000000,0.072360,7.073185,0.000000,0.071020,1.190369,0.000000,0.045560,-0.033550,-0.864555,9.614781,0.004260,-0.054329,-0.044742
44.986268,1023.440609,4.367243,0.000000,0.000000,0.443320,0.000000,0.072360,7.073185,0.000000,0.071020,1.190369,0.000000,0.045560,-0.108989,-0.686210,9.519035,0.061785,-0.059655,-0.035154
44.996346,1023.449882,4.367243,0.000000,0.000000,0.443320,0.000000,0.072360,7.073185,0.000000,0.071020,1.190369,0.000000,0.045560,-0.118505,-0.820312,9.724947,0.026632,-0.058589,-0.030892
45.006653,1023.459622,4.365709,0.000000,0.000000,0.443320,0.000000,0.072360,7.073185,0.000000,0.071020,1.190369,0.000000,0.045560,-0.114973,-0.789116,9.632733,0.023436,-0.062851,-0.029828
45.016556,1023.469116,4.367243,0.000000,0.000000,0.443320,0.000000,0.072360,7.073185,0.000000,0.071020,1.190369,0.000000,0.045560,-0.076616,-0.677773,9.649508,0.036219,-0.060720,-0.027697
45.026405,1023.478867,4.367243,0.000000,0.000000,0.443320,0.000000,0.072360,7.073185,0.000000,0.071020,1.190369,0.000000,0.045560,-0.103005,-0.825119,9.720140,0.033023,-0.061785,-0.026632
45.036545,1023.488400,4.367243,0.000000,0.000000,0.443320,0.000000,0.072360,7.073185,0.000000,0.071020,1.190369,0.000000,0.045560,-0.079069,-0.695725,9.562101,0.024501,-0.066047,-0.031959
45.046586,1023.497803,4.367243,0.000000,0.000000,0.444854,0.000000,0.072360,7.073185,0.000000,0.071020,1.190369,0.000000,0.045560,-0.058664,-0.749680,9.562101,0.015978,-0.066047,-0.033023
45.056623,1023.507400,4.367243,0.000000,0.000000,0.444854,0.000000,0.072360,7.073185,0.000000,0.071020,1.190369,0.000000,0.045560,-0.059841,-0.840619,9.669913,0.035154,-0.064980,-0.035154
45.066513,1023.516766,4.367243,0.000000,0.000000,0.443320,0.000000,0.072360,7.073185,0.000000,0.071020,1.190369,0.000000,0.045560,-0.040712,-0.629900,9.587215,0.063916,-0.068176,-0.035154
45.076548,1023.526399,4.367243,0.000000,0.000000,0.443320,0.000000,0.072360,7.073185,0.000000,0.071020,1.190369,0.000000,0.045560,-0.064648,-0.925672,9.680704,0.002131,-0.069242,-0.040479
45.086616,1023.536102,4.367243,0.000000,0.000000,0.443320,0.000000,0.072360,7.073185,0.000000,0.071020,1.190369,0.000000,0.045560,-0.063471,-0.874169,9.679429,0.034088,-0.072438,-0.038350
45.096647,1023.545680,4.367243,0.000000,0.000000,0.444854,0.000000,0.072360,7.073185,0.000000,0.071020,1.190369,0.000000,0.045560,-0.052680,-0.773617,9.690220,0.060720,-0.076698,-0.036219
45.106164,1023.555013,4.365709,0.000000,0.000000,0.443320,0.000000,0.072360,7.073185,0.000000,0.071020,1.190369,0.000000,0.045560,-0.052680,-1.037015,9.730931,-0.019174,-0.078830,-0.037284
45.116277,1023.564478,4.367243,0.000000,0.000000,0.443320,0.000000,0.072360,7.073185,0.000000,0.071020,1.190369,0.000000,0.045560,-0.043066,-0.974820,9.715432,0.020241,-0.075634,-0.033023
45.126380,1023.574236,4.367243,0.000000,0.000000,0.443320,0.000000,0.072360,7.073185,0.000000,0.071020,1.190369,0.000000,0.045560,-0.008339,-0.882606,9.766934,0.055393,-0.073503,-0.029828
45.136362,1023.583802,4.367243,0.000000,0.000000,0.443320,0.000000,0.072360,7.073185,0.000000,0.071020,1.190369,0.000000,0.045560,-0.013145,-1.019063,9.782434,0.001065,-0.072438,-0.029828
45.146382,1023.593340,4.365709,0.000000,0.000000,0.443320,0.000000,0.072360,7.073185,0.000000,0.071020,1.190369,0.000000,0.045560,0.017952,-1.027499,9.753691,0.009587,-0.068176,-0.029828
45.156448,1023.602902,4.367243,0.000000,0.000000,0.443320,0.000000,0.072360,7.073185,0.000000,0.072360,1.190369,0.000000,0.045560,0.058664,-1.020240,9.814807,0.044742,-0.066047,-0.028761
45.166789,1023.612334,4.367243,0.000000,0.000000,0.443320,0.000000,0.072360,7.073185,0.000000,0.072360,1.190369,0.000000,0.045560,0.052680,-0.986788,9.848357,0.033023,-0.064980,-0.030892
45.176570,1023.621923,4.367243,0.000000,0.000000,0.443320,0.000000,0.072360,7.073185,0.000000,0.072360,1.190369,0.000000,0.045560,0.051503,-1.002288,9.817161,0.019174,-0.066047,-0.034088
45.186604,1023.631507,4.367243,0.000000,0.000000,0.443320,0.000000,0.072360,7.073185,0.000000,0.072360,1.190369,0.000000,0.045560,0.100553,-0.962753,9.752513,0.025566,-0.064980,-0.037284
45.196638,1023.650654,4.367243,0.000000,0.000000,0.443320,0.000000,0.072360,7.073185,0.000000,0.072360,1.190369,0.000000,0.045560,0.088584,-0.931656,9.759675,0.041546,-0.058589,-0.036219
45.206150,1023.660205,4.365709,0.000000,0.000000,0.443320,0.000000,0.072360,7.073185,0.000000,0.072360,1.190369,0.000000,0.045560,0.073085,-0.906542,9.714156,0.031959,-0.057524,-0.035154
45.216193,1023.669695,4.365709,0.000000,0.000000,0.443320,0.000000,0.072360,7.073185,0.000000,0.072360,1.190369,0.000000,0.045560,0.061116,-0.929301,9.695027,0.028761,-0.054329,-0.035154
45.226250,1023.679123,4.367243,0.000000,0.000000,0.443320,0.000000,0.072360,7.073185,0.000000,0.072360,1.190369,0.000000,0.045560,0.029921,-0.865831,9.668736,0.045806,-0.053264,-0.033023
45.236555,1023.688874,4.367243,0.000000,0.000000,0.443320,0.000000,0.072360,7.073185,0.000000,0.072360,1.190369,0.000000,0.045560,0.007161,-0.817860,9.693850,0.047937,-0.053264,-0.031959
45.246328,1023.698219,4.367243,0.000000,0.000000,0.443320,0.000000,0.072360,7.073185,0.000000,0.072360,1.190369,0.000000,0.045560,-0.057487,-0.850233,9.678252,0.034088,-0.055393,-0.031959
45.256378,1023.708044,4.365709,0.000000,0.000000,0.443320,0.000000,0.072360,7.073185,0.000000,0.072360,1.190369,0.000000,0.045560,-0.077793,-0.817860,9.672268,0.033023,-0.056460,-0.031959
45.266450,1023.717304,4.367243,0.000000,0.000000,0.443320,0.000000,0.072360,7.073185,0.000000,0.072360,1.190369,0.000000,0.045560,-0.087407,-0.846603,9.638717,0.038350,-0.058589,-0.031959
45.276509,1023.726938,4.367243,0.000000,0.000000,0.443320,0.000000,0.072360,7.073185,0.000000,0.072360,1.190369,0.000000,0.045560,-0.065825,-0.390340,9.031576,0.018110,-0.073503,-0.040479
45.286579,1023.736450,4.367243,0.000000,0.000000,0.443320,0.000000,0.072360,7.073185,0.000000,0.072360,1.190369,0.000000,0.045560,-0.093391,-1.002288,9.347753,-0.085221,-0.098004,-0.045806
45.296297,1023.745927,4.365709,0.000000,0.000000,0.443320,0.000000,0.072360,7.073185,0.000000,0.072360,1.190369,0.000000,0.045560,-0.221510,-1.320818,10.214761,0.094808,-0.037284,-0.031959
45.306379,1023.755608,4.365709,0.000000,0.000000,0.443320,0.000000,0.072360,7.073185,0.000000,0.072360,1.190369,0.000000,0.045560,-0.190412,0.273012,9.608797,0.313187,-0.029828,-0.009587
45.316544,1023.765238,4.367243,0.000000,0.000000,0.443320,0.000000,0.072360,7.073185,0.000000,0.072360,1.190369,0.000000,0.045560,-0.194042,-1.323271,10.583617,-0.077765,-0.087352,-0.026632
45.326424,1023.774910,4.367243,0.000000,0.000000,0.443320,0.000000,0.072360,7.071651,0.000000,0.072360,1.190369,0.000000,0.045560,-0.160492,-0.998756,9.939296,-0.044742,-0.076698,-0.047937
45.336505,1023.784448,4.367243,0.000000,0.000000,0.443320,0.000000,0.072360,7.073185,0.000000,0.072360,1.190369,0.000000,0.045560,-0.108989,-1.113729,10.075851,0.015978,-0.075634,-0.031959
45.346659,1023.793723,4.367243,0.000000,0.000000,0.443320,0.000000,0.072360,7.073185,0.000000,0.072360,1.190369,0.000000,0.045560,-0.068278,-0.872992,10.065060,0.062851,-0.047937,-0.027697
45.356417,1023.803289,4.367243,0.000000,0.000000,0.443320,0.000000,0.072360,7.073185,0.000000,0.072360,1.190369,0.000000,0.045560,-0.011968,-0.919687,9.798032,0.004260,-0.049002,-0.035154
45.366213,1023.812924,4.367243,0.000000,0.000000,0.443320,0.000000,0.072360,7.073185,0.000000,0.072360,1.190369,0.000000,0.045560,0.057487,-0.910074,9.679429,-0.026632,-0.039415,-0.036219
45.376393,1023.822673,4.367243,0.000000,0.000000,0.443320,0.000000,0.072360,7.073185,0.000000,0.072360,1.190369,0.000000,0.045560,0.113796,-0.564075,9.451935,0.071373,-0.047937,-0.036219
45.386378,1023.832205,4.367243,0.000000,0.000000,0.443320,0.000000,0.072360,7.073185,0.000000,0.072360,1.190369,0.000000,0.045560,0.152055,-0.712500,9.301057,-0.024501,-0.054329,-0.043675
45.396415,1023.841597,4.367243,0.000000,0.000000,0.443320,0.000000,0.072360,7.073185,0.000000,0.072360,1.190369,0.000000,0.045560,0.136555,-0.844249,9.289089,-0.041546,-0.086286,-0.050068
45.406414,1023.860834,4.365709,0.000000,0.000000,0.443320,0.000000,0.072360,7.073185,0.000000,0.072360,1.190369,0.000000,0.045560,0.021582,-0.486184,9.371689,0.115049,-0.056460,-0.034088
45.416406,1023.870057,4.365709,0.000000,0.000000,0.443320,0.000000,0.072360,7.073185,0.000000,0.072360,1.190369,0.000000,0.045560,-0.063471,-1.301689,9.948910,-0.011718,-0.064980,-0.037284
45.426459,1023.879672,4.367243,0.000000,0.000000,0.443320,0.000000,0.072360,7.073185,0.000000,0.072360,1.190369,0.000000,0.045560,-0.094568,-0.680225,9.635186,0.056460,-0.082025,-0.036219
45.436504,1023.889249,4.365709,0.000000,0.000000,0.443320,0.000000,0.072360,7.073185,0.000000,0.072360,1.190369,0.000000,0.045560,-0.160492,-1.071743,9.921344,0.021305,-0.076698,-0.030892
45.446434,1023.898760,4.367243,0.000000,0.000000,0.443320,0.000000,0.072360,7.073185,0.000000,0.072360,1.190369,0.000000,0.045560,-0.192767,-1.108922,10.017187,0.024501,-0.067111,-0.028761
45.456407,1023.908551,4.367243,0.000000,0.000000,0.443320,0.000000,0.072360,7.073185,0.000000,0.072360,1.190369,0.000000,0.045560,-0.194042,-0.881330,10.035140,0.080961,-0.055393,-0.026632
45.466658,1023.918201,4.367243,0.000000,0.000000,0.443320,0.000000,0.072360,7.073185,0.000000,0.072360,1.190369,0.000000,0.045560,-0.146071,-0.993949,9.975299,0.020241,-0.050068,-0.029828
45.476425,1023.927553,4.367243,0.000000,0.000000,0.443320,0.000000,0.072360,7.073185,0.000000,0.072360,1.190369,0.000000,0.045560,-0.089860,-1.016708,9.674720,-0.020241,-0.051133,-0.037284
45.486575,1023.936910,4.367243,0.000000,0.000000,0.443320,0.000000,0.072360,7.073185,0.000000,0.072360,1.190369,0.000000,0.045560,-0.033550,-0.973544,9.645977,0.018110,-0.050068,-0.035154
45.496571,1023.946467,4.365709,0.000000,0.000000,0.443320,0.000000,0.072360,7.073185,0.000000,0.072360,1.190369,0.000000,0.045560,0.021582,-0.728098,9.480678,0.069242,-0.054329,-0.035154
45.506448,1023.956163,4.367243,0.000000,0.000000,0.443320,0.000000,0.072360,7.073185,0.000000,0.072360,1.190369,0.000000,0.045560,0.045518,-0.862201,9.449581,0.002131,-0.063916,-0.038350
45.516606,1023.965835,4.367243,0.000000,0.000000,0.443320,0.000000,0.072360,7.073185,0.000000,0.072360,1.190369,0.000000,0.045560,0.071809,-0.819135,9.449581,0.012783,-0.077765,-0.038350
45.526268,1023.975501,4.367243,0.000000,0.000000,0.443320,0.000000,0.072360,7.073185,0.000000,0.072360,1.190369,0.000000,0.045560,0.035905,-0.786762,9.520213,0.049002,-0.074569,-0.034088
45.536494,1023.984870,4.367243,0.000000,0.000000,0.443320,0.000000,0.072360,7.073185,0.000000,0.072360,1.190369,0.000000,0.045560,-0.009614,-0.827473,9.680704,0.043675,-0.073503,-0.033023
45.546364,1023.994250,4.365709,0.000000,0.000000,0.443320,0.000000,0.072360,7.073185,0.000000,0.072360,1.190369,0.000000,0.045560,-0.028743,-0.831103,9.819614,0.047937,-0.071373,-0.031959
45.556400,1024.003993,4.365709,0.000000,0.000000,0.443320,0.000000,0.072360,7.073185,0.000000,0.072360,1.190369,0.000000,0.045560,-0.065825,-0.853862,9.982460,0.056460,-0.068176,-0.027697
45.566481,1024.013509,4.367243,0.000000,0.000000,0.443320,0.000000,0.072360,7.073185,0.000000,0.072360,1.190369,0.000000,0.045560,-0.074262,-0.805892,10.049462,0.058589,-0.072438,-0.028761
45.576497,1024.023228,4.367243,0.000000,0.000000,0.443320,0.000000,0.072360,7.073185,0.000000,0.072360,1.190369,0.000000,0.045560,-0.052680,-0.861024,9.957248,0.002131,-0.069242,-0.031959
45.586472,1024.032436,4.367243,0.000000,0.000000,0.443320,0.000000,0.072360,7.073185,0.000000,0.072360,1.190369,0.000000,0.045560,-0.013145,-1.039468,9.933312,-0.009587,-0.058589,-0.033023
45.596754,1024.042249,4.367243,0.000000,0.000000,0.443320,0.000000,0.072360,7.073185,0.000000,0.072360,1.190369,0.000000,0.045560,0.021582,-0.813151,9.890246,0.063916,-0.051133,-0.030892
45.606283,1024.051701,4.367243,0.000000,0.000000,0.443320,0.000000,0.072360,7.073185,0.000000,0.072360,1.190369,0.000000,0.045560,0.028743,-0.870637,9.757320,0.021305,-0.049002,-0.036219
45.616492,1024.061333,4.367243,0.000000,0.000000,0.443320,0.000000,0.072360,7.073185,0.000000,0.072360,1.190369,0.000000,0.045560,0.049050,-1.047806,9.590845,-0.038350,-0.057524,-0.043675
45.626522,1024.080398,4.365709,0.000000,0.000000,0.444854,0.000000,0.072360,7.073185,0.000000,0.072360,1.190369,0.000000,0.045560,-0.005984,-0.955592,9.569263,0.046871,-0.056460,-0.039415
45.636422,1024.089906,4.367243,0.000000,0.000000,0.443320,0.000000,0.072360,7.073185,0.000000,0.072360,1.190369,0.000000,0.045560,-0.073085,-0.904090,9.624395,0.067111,-0.058589,-0.038350
45.646461,1024.099572,4.367243,0.000000,0.000000,0.443320,0.000000,0.072360,7.073185,0.000000,0.072360,1.190369,0.000000,0.045560,-0.113796,-0.835910,9.581231,0.030892,-0.070307,-0.039415
45.656380,1024.109155,4.367243,0.000000,0.000000,0.443320,0.000000,0.072360,7.073185,0.000000,0.072360,1.190369,0.000000,0.045560,-0.138910,-0.993949,9.614781,-0.010653,-0.074569,-0.037284
45.666200,1024.118447,4.365709,0.000000,0.000000,0.443320,0.000000,0.072360,7.073185,0.000000,0.072360,1.190369,0.000000,0.045560,-0.170007,-0.831103,9.675897,0.063916,-0.071373,-0.029828
45.676462,1024.128247,4.367243,0.000000,0.000000,0.443320,0.000000,0.072360,7.073185,0.000000,0.072360,1.190369,0.000000,0.045560,-0.181976,-0.769987,9.838743,0.071373,-0.066047,-0.026632
45.686286,1024.137568,4.367243,0.000000,0.000000,0.443320,0.000000,0.072360,7.073185,0.000000,0.072360,1.190369,0.000000,0.045560,-0.134103,-0.881330,9.850712,0.015978,-0.064980,-0.027697
45.696571,1024.147054,4.365709,0.000000,0.000000,0.443320,0.000000,0.072360,7.073185,0.000000,0.072360,1.190369,0.000000,0.045560,-0.106537,-0.918510,9.838743,0.010653,-0.062851,-0.028761
45.706572,1024.156564,4.367243,0.000000,0.000000,0.443320,0.000000,0.072360,7.073185,0.000000,0.072360,1.190369,0.000000,0.045560,-0.043066,-0.758019,9.817161,0.055393,-0.062851,-0.027697
45.716263,1024.166427,4.367243,0.000000,0.000000,0.443320,0.000000,0.072360,7.073185,0.000000,0.072360,1.190369,0.000000,0.045560,0.016775,-0.834635,9.814807,0.021305,-0.063916,-0.033023
45.726275,1024.175985,4.367243,0.000000,0.000000,0.443320,0.000000,0.072360,7.073185,0.000000,0.072360,1.190369,0.000000,0.045560,0.058664,-0.798730,9.641170,0.001065,-0.066047,-0.040479
45.736649,1024.185389,4.367243,0.000000,0.000000,0.443320,0.000000,0.072360,7.073185,0.000000,0.072360,1.190369,0.000000,0.045560,0.098198,-0.892121,9.618411,0.003196,-0.066047,-0.041546
45.746430,1024.194934,4.365709,0.000000,0.000000,0.443320,0.000000,0.072360,7.073185,0.000000,0.072360,1.190369,0.000000,0.045560,0.114973,-0.865831,9.628025,0.038350,-0.063916,-0.040479
45.756355,1024.204609,4.365709,0.000000,0.000000,0.443320,0.000000,0.072360,7.073185,0.000000,0.072360,1.190369,0.000000,0.045560,0.092214,-0.856217,9.665106,0.046871,-0.062851,-0.039415
45.766437,1024.213924,4.367243,0.000000,0.000000,0.443320,0.000000,0.072360,7.073185,0.000000,0.072360,1.188835,0.000000,0.045560,0.067100,-0.949608,9.754868,0.029828,-0.062851,-0.037284
45.776424,1024.223640,4.367243,0.000000,0.000000,0.443320,0.000000,0.072360,7.073185,0.000000,0.072360,1.190369,0.000000,0.045560,0.023936,-0.882606,9.712979,0.039415,-0.066047,-0.036219
45.786216,1024.233252,4.367243,0.000000,0.000000,0.443320,0.000000,0.072360,7.073185,0.000000,0.072360,1.190369,0.000000,0.045560,-0.025114,-0.940092,9.781257,0.028761,-0.067111,-0.034088
45.796259,1024.242613,4.367243,0.000000,0.000000,0.443320,0.000000,0.072360,7.073185,0.000000,0.072360,1.190369,0.000000,0.045560,-0.058664,-0.876622,9.814807,0.042610,-0.066047,-0.030892
45.806254,1024.252331,4.367243,0.000000,0.000000,0.443320,0.000000,0.072360,7.073185,0.000000,0.072360,1.190369,0.000000,0.045560,-0.059841,-0.796376,9.734561,0.041546,-0.064980,-0.028761
45.816294,1024.261626,4.367243,0.000000,0.000000,0.444854,0.000000,0.072360,7.073185,0.000000,0.072360,1.190369,0.000000,0.045560,-0.068278,-0.932833,9.690220,-0.002131,-0.063916,-0.030892
45.826667,1024.271505,4.367243,0.000000,0.000000,0.443320,0.000000,0.072360,7.073185,0.000000,0.072360,1.190369,0.000000,0.045560,-0.067100,-0.911349,9.635186,0.019174,-0.060720,-0.029828
45.836692,1024.290516,4.367243,0.000000,0.000000,0.443320,0.000000,0.072360,7.073185,0.000000,0.072360,1.190369,0.000000,0.045560,-0.062294,-0.892121,9.683059,0.034088,-0.060720,-0.033023
45.846283,1024.299811,4.367243,0.000000,0.000000,0.443320,0.000000,0.072360,7.073185,0.000000,0.072360,1.190369,0.000000,0.045560,-0.062294,-0.881330,9.661477,0.025566,-0.063916,-0.036219
45.856458,1024.309652,4.367243,0.000000,0.000000,0.443320,0.000000,0.072360,7.073185,0.000000,0.072360,1.190369,0.000000,0.045560,-0.049050,-0.913703,9.638717,0.019174,-0.066047,-0.036219
45.866891,1024.318986,4.367243,0.000000,0.000000,0.443320,0.000000,0.072360,7.073185,0.000000,0.072360,1.190369,0.000000,0.045560,-0.062294,-0.893299,9.647154,0.025566,-0.069242,-0.037284
45.876546,1024.328632,4.365709,0.000000,0.000000,0.443320,0.000000,0.072360,7.073185,0.000000,0.072360,1.190369,0.000000,0.045560,-0.047873,-0.905365,9.665106,0.030892,-0.068176,-0.035154
45.886984,1024.338073,4.367243,0.000000,0.000000,0.443320,0.000000,0.072360,7.073185,0.000000,0.072360,1.190369,0.000000,0.045560,-0.057487,-0.849056,9.690220,0.040479,-0.062851,-0.033023
45.896440,1024.347810,4.365709,0.000000,0.000000,0.444854,0.000000,0.072360,7.073185,0.000000,0.072360,1.190369,0.000000,0.045560,-0.007161,-0.900558,9.744175,0.037284,-0.059655,-0.031959
45.906245,1024.357417,4.367243,0.000000,0.000000,0.443320,0.000000,0.072360,7.073185,0.000000,0.072360,1.190369,0.000000,0.045560,-0.026389,-0.910074,9.709448,0.028761,-0.059655,-0.033023
45.916518,1024.366967,4.365709,0.000000,0.000000,0.443320,0.000000,0.072360,7.073185,0.000000,0.072360,1.190369,0.000000,0.045560,-0.005984,-0.947254,9.878278,0.040479,-0.061785,-0.031959
45.926618,1024.376528,4.367243,0.000000,0.000000,0.443320,0.000000,0.072360,7.073185,0.000000,0.072360,1.190369,0.000000,0.045560,0.016775,-0.773617,9.812354,0.061785,-0.067111,-0.030892
45.936672,1024.385759,4.365709,0.000000,0.000000,0.443320,0.000000,0.072360,7.073185,0.000000,0.072360,1.190369,0.000000,0.045560,0.045518,-0.932833,9.654315,-0.028761,-0.070307,-0.037284
45.946342,1024.395465,4.367243,0.000000,0.000000,0.443320,0.000000,0.072360,7.073185,0.000000,0.072360,1.190369,0.000000,0.045560,0.073085,-0.946076,9.492647,-0.018110,-0.072438,-0.039415
45.956566,1024.405208,4.367243,0.000000,0.000000,0.443320,0.000000,0.072360,7.073185,0.000000,0.072360,1.190369,0.000000,0.045560,0.055132,-0.905365,9.590845,0.047937,-0.060720,-0.033023
45.966398,1024.414704,4.367243,0.000000,0.000000,0.443320,0.000000,0.072360,7.073185,0.000000,0.072360,1.190369,0.000000,0.045560,0.031098,-0.767633,9.667461,0.075634,-0.055393,-0.031959
45.976437,1024.424039,4.367243,0.000000,0.000000,0.443320,0.000000,0.072360,7.073185,0.000000,0.072360,1.190369,0.000000,0.045560,0.013145,-0.975997,9.733384,0.015978,-0.053264,-0.033023
45.986449,1024.433626,4.367243,0.000000,0.000000,0.443320,0.000000,0.072360,7.071651,0.000000,0.072360,1.190369,0.000000,0.045560,-0.005984,-0.926849,9.747707,0.030892,-0.057524,-0.033023
45.996450,1024.443351,4.367243,0.000000,0.000000,0.444854,0.000000,0.072360,7.073185,0.000000,0.072360,1.190369,0.000000,0.045560,-0.017952,-0.816683,9.782434,0.062851,-0.059655,-0.028761
46.006455,1024.452639,4.365709,0.000000,0.000000,0.443320,0.000000,0.072360,7.073185,0.000000,0.072360,1.190369,0.000000,0.045560,-0.008339,-0.886137,9.753691,0.018110,-0.063916,-0.030892
46.016409,1024.462397,4.365709,0.000000,0.000000,0.443320,0.000000,0.072360,7.073185,0.000000,0.072360,1.190369,0.000000,0.045560,-0.061116,-0.912526,9.687866,0.002131,-0.066047,-0.031959
46.026396,1024.471890,4.365709,0.000000,0.000000,0.443320,0.000000,0.072360,7.073185,0.000000,0.072360,1.190369,0.000000,0.045560,-0.097021,-0.811876,9.362174,0.003196,-0.068176,-0.033023
46.036178,1024.481456,4.367243,0.000000,0.000000,0.443320,0.000000,0.072360,7.073185,0.000000,0.072360,1.190369,0.000000,0.045560,-0.147248,-1.374773,9.960878,0.017045,-0.053264,-0.031959
46.046418,1024.500377,4.367243,0.000000,0.000000,0.444854,0.000000,0.072360,7.073185,0.000000,0.072360,1.190369,0.000000,0.045560,-0.280174,-1.177200,10.182388,0.000000,-0.054329,-0.037284
46.056330,1024.510053,4.367243,0.000000,0.000000,0.443320,0.000000,0.072360,7.073185,0.000000,0.072360,1.190369,0.000000,0.045560,-0.160492,-0.629900,9.461549,-0.031959,-0.073503,-0.047937
46.066457,1024.519823,4.367243,0.000000,0.000000,0.443320,0.000000,0.072360,7.071651,0.000000,0.072360,1.190369,0.000000,0.045560,-0.122134,-1.053790,9.631556,-0.022370,-0.076698,-0.045806
46.076375,1024.529196,4.367243,0.000000,0.000000,0.443320,0.000000,0.072360,7.073185,0.000000,0.072360,1.190369,0.000000,0.045560,-0.144894,-0.682580,9.650686,0.071373,-0.066047,-0.039415
46.086542,1024.538671,4.367243,0.000000,0.000000,0.443320,0.000000,0.072360,7.073185,0.000000,0.072360,1.190369,0.000000,0.045560,-0.062294,-0.762826,9.608797,0.041546,-0.069242,-0.038350
46.096446,1024.548204,4.367243,0.000000,0.000000,0.443320,0.000000,0.072360,7.073185,0.000000,0.072360,1.190369,0.000000,0.045560,-0.027566,-0.990320,9.620765,-0.044742,-0.072438,-0.038350
46.106348,1024.557851,4.365709,0.000000,0.000000,0.443320,0.000000,0.072360,7.073185,0.000000,0.072360,1.190369,0.000000,0.045560,0.020405,-0.833458,9.536988,0.043675,-0.075634,-0.031959
46.116412,1024.567590,4.367243,0.000000,0.000000,0.444854,0.000000,0.072360,7.073185,0.000000,0.072360,1.190369,0.000000,0.045560,0.088584,-0.904090,9.583683,0.014914,-0.074569,-0.030892
46.126344,1024.577053,4.367243,0.000000,0.000000,0.443320,0.000000,0.072360,7.073185,0.000000,0.072360,1.190369,0.000000,0.045560,0.117328,-0.922042,9.603990,0.013849,-0.075634,-0.028761
46.136386,1024.586440,4.365709,0.000000,0.000000,0.443320,0.000000,0.072360,7.073185,0.000000,0.072360,1.190369,0.000000,0.045560,0.153330,-0.893299,9.675897,0.049002,-0.072438,-0.023436
46.146533,1024.596197,4.365709,0.000000,0.000000,0.443320,0.000000,0.072360,7.073185,0.000000,0.072360,1.190369,0.000000,0.045560,0.131748,-0.925672,9.764482,0.041546,-0.066047,-0.022370
46.156182,1024.605455,4.367243,0.000000,0.000000,0.443320,0.000000,0.072360,7.073185,0.000000,0.072360,1.190369,0.000000,0.045560,0.107812,-0.956769,9.896230,0.045806,-0.064980,-0.024501
46.166563,1024.615198,4.365709,0.000000,0.000000,0.443320,0.000000,0.072360,7.073185,0.000000,0.072360,1.190369,0.000000,0.045560,0.070632,-0.849056,9.959701,0.072438,-0.059655,-0.025566
46.176656,1024.624826,4.367243,0.000000,0.000000,0.443320,0.000000,0.072360,7.073185,0.000000,0.072360,1.190369,0.000000,0.045560,0.032373,-0.822667,9.832759,0.035154,-0.060720,-0.030892
46.186206,1024.634417,4.367243,0.000000,0.000000,0.443320,0.000000,0.072360,7.073185,0.000000,0.072360,1.190369,0.000000,0.045560,-0.023936,-1.062227,9.843550,-0.020241,-0.059655,-0.036219
46.196389,1024.643943,4.367243,0.000000,0.000000,0.443320,0.000000,0.072360,7.073185,0.000000,0.072360,1.190369,0.000000,0.045560,-0.080246,-0.859847,9.861503,0.070307,-0.053264,-0.034088
46.206409,1024.653235,4.365709,0.000000,0.000000,0.443320,0.000000,0.072360,7.073185,0.000000,0.072360,1.190369,0.000000,0.045560,-0.122134,-0.840619,9.829129,0.067111,-0.049002,-0.038350
46.216211,1024.662852,4.367243,0.000000,0.000000,0.443320,0.000000,0.072360,7.073185,0.000000,0.072360,1.190369,0.000000,0.045560,-0.155685,-1.039468,9.750159,-0.020241,-0.051133,-0.045806
46.226610,1024.672447,4.367243,0.000000,0.000000,0.443320,0.000000,0.072360,7.073185,0.000000,0.072360,1.190369,0.000000,0.045560,-0.162846,-0.993949,9.716609,0.020241,-0.053264,-0.045806
46.236206,1024.681967,4.367243,0.000000,0.000000,0.443320,0.000000,0.072360,7.073185,0.000000,0.072360,1.190369,0.000000,0.045560,-0.150878,-0.801183,9.594474,0.058589,-0.056460,-0.043675
46.246334,1024.691465,4.367243,0.000000,0.000000,0.443320,0.000000,0.072360,7.073185,0.000000,0.072360,1.190369,0.000000,0.045560,-0.149701,-1.005917,9.536988,-0.027697,-0.068176,-0.045806
46.256677,1024.710652,4.367243,0.000000,0.000000,0.443320,0.000000,0.072360,7.073185,0.000000,0.072360,1.190369,0.000000,0.045560,-0.059841,-0.857394,9.426821,0.041546,-0.067111,-0.036219
46.266705,1024.720072,4.367243,0.000000,0.000000,0.443320,0.000000,0.072360,7.073185,0.000000,0.072360,1.190369,0.000000,0.045560,-0.045518,-0.952060,9.540519,0.023436,-0.066047,-0.030892
46.276610,1024.729793,4.367243,0.000000,0.000000,0.443320,0.000000,0.072360,7.073185,0.000000,0.072360,1.190369,0.000000,0.045560,-0.004807,-0.852587,9.621942,0.052198,-0.064980,-0.026632
46.286386,1024.739116,4.365709,0.000000,0.000000,0.443320,0.000000,0.072360,7.073185,0.000000,0.072360,1.190369,0.000000,0.045560,0.014323,-0.777148,9.698657,0.061785,-0.066047,-0.021305
46.296430,1024.748797,4.367243,0.000000,0.000000,0.443320,0.000000,0.072360,7.073185,0.000000,0.072360,1.190369,0.000000,0.045560,0.046696,-0.814328,9.781257,0.038350,-0.069242,-0.021305
46.306483,1024.758228,4.367243,0.000000,0.000000,0.443320,0.000000,0.072360,7.073185,0.000000,0.072360,1.190369,0.000000,0.045560,0.069455,-0.730453,9.748884,0.038350,-0.069242,-0.023436
46.316401,1024.767827,4.367243,0.000000,0.000000,0.443320,0.000000,0.072360,7.073185,0.000000,0.072360,1.190369,0.000000,0.045560,0.043066,-0.765180,9.829129,0.040479,-0.063916,-0.025566
46.326272,1024.777654,4.367243,0.000000,0.000000,0.444854,0.000000,0.072360,7.073185,0.000000,0.072360,1.190369,0.000000,0.045560,-0.045518,-0.702985,9.884262,0.069242,-0.061785,-0.027697
46.336370,1024.787155,4.367243,0.000000,0.000000,0.443320,0.000000,0.072360,7.073185,0.000000,0.072360,1.190369,0.000000,0.045560,-0.049050,-0.740066,9.789595,0.022370,-0.063916,-0.036219
46.346427,1024.796650,4.365709,0.000000,0.000000,0.443320,0.000000,0.072360,7.073185,0.000000,0.072360,1.190369,0.000000,0.045560,-0.049050,-0.851410,9.853066,0.012783,-0.062851,-0.038350
46.356241,1024.806039,4.367243,0.000000,0.000000,0.443320,0.000000,0.072360,7.073185,0.000000,0.072360,1.190369,0.000000,0.045560,-0.068278,-0.675419,9.780080,0.063916,-0.062851,-0.039415
46.366679,1024.815608,4.367243,0.000000,0.000000,0.443320,0.000000,0.072360,7.073185,0.000000,0.072360,1.190369,0.000000,0.045560,-0.086230,-0.840619,9.770466,0.015978,-0.066047,-0.043675
46.376428,1024.825177,4.367243,0.000000,0.000000,0.443320,0.000000,0.072360,7.073185,0.000000,0.072360,1.190369,0.000000,0.045560,-0.083777,-1.019063,9.714156,-0.012783,-0.067111,-0.045806
46.386539,1024.834682,4.367243,0.000000,0.000000,0.443320,0.000000,0.072360,7.073185,0.000000,0.072360,1.190369,0.000000,0.045560,-0.089860,-0.936463,9.602813,0.013849,-0.067111,-0.041546
46.396592,1024.844415,4.365709,0.000000,0.000000,0.443320,0.000000,0.072360,7.073185,0.000000,0.072360,1.190369,0.000000,0.045560,-0.105359,-0.984335,9.639993,0.018110,-0.063916,-0.038350
46.406608,1024.853891,4.367243,0.000000,0.000000,0.443320,0.000000,0.072360,7.073185,0.000000,0.072360,1.190369,0.000000,0.045560,-0.074262,-1.054967,9.653138,0.011718,-0.068176,-0.034088
46.416645,1024.863516,4.367243,0.000000,0.000000,0.443320,0.000000,0.072360,7.073185,0.000000,0.072360,1.190369,0.000000,0.045560,-0.080246,-1.021515,9.654315,0.030892,-0.066047,-0.028761
46.426177,1024.872791,4.367243,0.000000,0.000000,0.443320,0.000000,0.072360,7.073185,0.000000,0.072360,1.190369,0.000000,0.045560,-0.059841,-0.964029,9.717786,0.050068,-0.069242,-0.025566
46.436365,1024.882669,4.367243,0.000000,0.000000,0.443320,0.000000,0.072360,7.073185,0.000000,0.072360,1.190369,0.000000,0.045560,-0.046696,-1.015531,9.764482,0.022370,-0.071373,-0.027697
46.446443,1024.892038,4.367243,0.000000,0.000000,0.443320,0.000000,0.072360,7.073185,0.000000,0.072360,1.190369,0.000000,0.045560,-0.021582,-0.942447,9.718963,0.025566,-0.073503,-0.027697
46.456478,1024.901708,4.367243,0.000000,0.000000,0.443320,0.000000,0.072360,7.073185,0.000000,0.072360,1.190369,0.000000,0.045560,0.011968,-0.911349,9.740545,0.040479,-0.071373,-0.028761
