t,imu_t,w1_pos,w1_vel,w1_cur,w2_pos,w2_vel,w2_cur,w3_pos,w3_vel,w3_cur,w4_pos,w4_vel,w4_cur,ax,ay,az,gx,gy,gz
0.000014,2027.685566,-1.234855,0.000000,-0.006700,-0.223961,0.000000,-0.004020,-10.917341,0.000000,-0.005360,-0.058291,0.000000,-0.010720,0.154508,-1.675352,9.632733,0.027697,-0.066047,-0.035154
0.010606,2027.695159,-1.236389,0.000000,-0.006700,-0.223961,0.000000,-0.004020,-10.917341,0.000000,-0.005360,-0.058291,0.000000,-0.010720,0.148523,-1.683690,9.623218,0.027697,-0.064980,-0.037284
0.020140,2027.704542,-1.234855,0.000000,-0.006700,-0.223961,0.000000,-0.004020,-10.917341,0.000000,-0.005360,-0.058291,0.000000,-0.010720,0.172460,-1.688497,9.632733,0.030892,-0.064980,-0.037284
0.030471,2027.714193,-1.234855,0.000000,-0.006700,-0.223961,0.000000,-0.004020,-10.917341,0.000000,-0.005360,-0.058291,0.000000,-0.010720,0.158039,-1.690852,9.642347,0.029828,-0.063916,-0.036219
0.040271,2027.723654,-1.234855,0.000000,-0.006700,-0.223961,0.000000,-0.004020,-10.917341,0.000000,-0.005360,-0.058291,0.000000,-0.010720,0.172460,-1.692127,9.620765,0.030892,-0.063916,-0.035154
0.050188,2027.733109,-1.236389,0.000000,-0.006700,-0.223961,0.000000,-0.004020,-10.917341,0.000000,-0.005360,-0.058291,0.000000,-0.010720,0.177267,-1.688497,9.632733,0.030892,-0.063916,-0.036219
0.060299,2027.742744,-1.234855,0.000000,-0.006700,-0.223961,0.000000,-0.004020,-10.917341,0.000000,-0.005360,-0.058291,0.000000,-0.010720,0.179621,-1.695659,9.641170,0.031959,-0.063916,-0.036219
0.070349,2027.752394,-1.236389,0.000000,-0.006700,-0.223961,0.000000,-0.004020,-10.917341,0.000000,-0.005360,-0.058291,0.000000,-0.010720,0.154508,-1.690852,9.620765,0.029828,-0.064980,-0.035154
0.080297,2027.761706,-1.236389,0.000000,-0.006700,-0.223961,0.000000,-0.004020,-10.917341,0.000000,-0.005360,-0.058291,0.000000,-0.010720,0.172460,-1.663384,9.632733,0.031959,-0.064980,-0.036219
0.090213,2027.771424,-1.236389,0.000000,-0.006700,-0.223961,0.000000,-0.004020,-10.917341,0.000000,-0.005360,-0.058291,0.000000,-0.010720,0.171283,-1.698111,9.637540,0.029828,-0.066047,-0.036219
0.100185,2027.780853,-1.236389,0.000000,-0.006700,-0.223961,0.000000,-0.004020,-10.917341,0.000000,-0.005360,-0.058291,0.000000,-0.010720,0.142539,-1.690852,9.629202,0.035154,-0.064980,-0.035154
0.110077,2027.790558,-1.236389,0.000000,-0.006700,-0.223961,0.000000,-0.004020,-10.917341,0.000000,-0.005360,-0.058291,0.000000,-0.010720,0.170007,-1.672899,9.631556,0.030892,-0.066047,-0.037284
0.120285,2027.799893,-1.236389,0.000000,-0.006700,-0.223961,0.000000,-0.004020,-10.917341,0.000000,-0.005360,-0.058291,0.000000,-0.010720,0.155685,-1.681336,9.630379,0.029828,-0.064980,-0.037284
0.130377,2027.809512,-1.236389,0.000000,-0.006700,-0.223961,0.000000,-0.004020,-10.917341,0.000000,-0.005360,-0.058291,0.000000,-0.010720,0.140087,-1.665738,9.635186,0.035154,-0.064980,-0.036219
0.140492,2027.819283,-1.236389,0.000000,-0.006700,-0.223961,0.000000,-0.004020,-10.917341,0.000000,-0.005360,-0.058291,0.000000,-0.010720,0.167653,-1.662108,9.634009,0.030892,-0.064980,-0.037284
0.150488,2027.828517,-1.236389,0.000000,-0.006700,-0.223961,0.000000,-0.004020,-10.917341,0.000000,-0.005360,-0.058291,0.000000,-0.010720,0.162846,-1.675352,9.649508,0.034088,-0.063916,-0.035154
0.160177,2027.838281,-1.236389,0.000000,-0.006700,-0.223961,0.000000,-0.004020,-10.917341,0.000000,-0.005360,-0.058291,0.000000,-0.010720,0.167653,-1.664561,9.641170,0.029828,-0.066047,-0.037284
0.170426,2027.847581,-1.234855,0.000000,-0.006700,-0.223961,0.000000,-0.004020,-10.917341,0.000000,-0.005360,-0.058291,0.000000,-0.010720,0.164023,-1.670545,9.630379,0.030892,-0.063916,-0.036219
0.180123,2027.857111,-1.236389,0.000000,-0.006700,-0.223961,0.000000,-0.004020,-10.917341,0.000000,-0.005360,-0.058291,0.000000,-0.010720,0.161669,-1.660931,9.639993,0.033023,-0.064980,-0.035154
0.190073,2027.866707,-1.236389,0.000000,-0.006700,-0.223961,0.000000,-0.004020,-10.917341,0.000000,-0.005360,-0.058291,0.000000,-0.010720,0.156862,-1.675352,9.634009,0.025566,-0.064980,-0.037284
0.200510,2027.876404,-1.234855,0.000000,-0.006700,-0.223961,0.000000,-0.004020,-10.917341,0.000000,-0.005360,-0.058291,0.000000,-0.010720,0.154508,-1.689674,9.625572,0.030892,-0.066047,-0.035154
0.210532,2027.885762,-1.236389,0.000000,-0.006700,-0.223961,0.000000,-0.004020,-10.917341,0.000000,-0.005360,-0.058291,0.000000,-0.010720,0.155685,-1.681336,9.623218,0.030892,-0.063916,-0.036219
0.220360,2027.895600,-1.236389,0.000000,-0.006700,-0.223961,0.000000,-0.004020,-10.917341,0.000000,-0.005360,-0.058291,0.000000,-0.010720,0.159314,-1.682513,9.621942,0.030892,-0.064980,-0.036219
0.230368,2027.905136,-1.236389,0.000000,-0.006700,-0.223961,0.000000,-0.004020,-10.917341,0.000000,-0.005360,-0.058291,0.000000,-0.010720,0.158039,-1.670545,9.631556,0.033023,-0.066047,-0.036219
0.240273,2027.914755,-1.236389,0.000000,-0.006700,-0.223961,0.000000,-0.004020,-10.917341,0.000000,-0.005360,-0.058291,0.000000,-0.010720,0.167653,-1.680061,9.615958,0.029828,-0.064980,-0.038350
0.250222,2027.924024,-1.234855,0.000000,-0.006700,-0.223961,0.000000,-0.004020,-10.917341,0.000000,-0.005360,-0.058291,0.000000,-0.010720,0.167653,-1.674076,9.630379,0.029828,-0.064980,-0.036219
0.260470,2027.933548,-1.234855,0.000000,-0.006700,-0.223961,0.000000,-0.004020,-10.917341,0.000000,-0.005360,-0.058291,0.000000,-0.010720,0.170007,-1.671722,9.619588,0.033023,-0.064980,-0.036219
0.270508,2027.952917,-1.236389,0.000000,-0.006700,-0.223961,0.000000,-0.004020,-10.917341,0.000000,-0.005360,-0.058291,0.000000,-0.010720,0.156862,-1.670545,9.632733,0.029828,-0.064980,-0.035154
0.280457,2027.962280,-1.236389,0.000000,-0.006700,-0.223961,0.000000,-0.004020,-10.917341,0.000000,-0.005360,-0.058291,0.000000,-0.010720,0.164023,-1.684868,9.619588,0.029828,-0.063916,-0.036219
0.290250,2027.971929,-1.236389,0.000000,-0.006700,-0.223961,0.000000,-0.004020,-10.917341,0.000000,-0.005360,-0.058291,0.000000,-0.010720,0.154508,-1.674076,9.634009,0.031959,-0.063916,-0.036219
0.300326,2027.981367,-1.236389,0.000000,-0.006700,-0.223961,0.000000,-0.004020,-10.917341,0.000000,-0.005360,-0.058291,0.000000,-0.010720,0.147248,-1.678883,9.635186,0.030892,-0.063916,-0.036219
0.310297,2027.990983,-1.236389,0.000000,-0.006700,-0.223961,0.000000,-0.004020,-10.917341,0.000000,-0.005360,-0.058291,0.000000,-0.010720,0.152055,-1.675352,9.632733,0.031959,-0.063916,-0.036219
0.320459,2028.000538,-1.236389,0.000000,-0.006700,-0.223961,0.000000,-0.004020,-10.917341,0.000000,-0.005360,-0.058291,0.000000,-0.010720,0.156862,-1.681336,9.634009,0.029828,-0.062851,-0.036219
0.330424,2028.009983,-1.234855,0.000000,-0.006700,-0.223961,0.000000,-0.004020,-10.917341,0.000000,-0.005360,-0.058291,0.000000,-0.010720,0.158039,-1.664561,9.625572,0.029828,-0.064980,-0.036219
0.340280,2028.019630,-1.234855,0.000000,-0.006700,-0.223961,0.000000,-0.004020,-10.917341,0.000000,-0.005360,-0.058291,0.000000,-0.010720,0.161669,-1.672899,9.635186,0.030892,-0.063916,-0.036219
0.350245,2028.029027,-1.236389,0.000000,-0.006700,-0.223961,0.000000,-0.004020,-10.917341,0.000000,-0.005360,-0.058291,0.000000,-0.010720,0.164023,-1.676529,9.623218,0.031959,-0.063916,-0.035154
0.360795,2028.038707,-1.236389,0.000000,-0.006700,-0.223961,0.000000,-0.004020,-10.917341,0.000000,-0.005360,-0.058291,0.000000,-0.010720,0.162846,-1.659754,9.628025,0.030892,-0.064980,-0.035154
0.370477,2028.048255,-1.234855,0.000000,-0.006700,-0.223961,0.000000,-0.004020,-10.917341,0.000000,-0.005360,-0.058291,0.000000,-0.010720,0.164023,-1.680061,9.626749,0.028761,-0.064980,-0.036219
0.380588,2028.058012,-1.234855,0.000000,-0.006700,-0.223961,0.000000,-0.004020,-10.917341,0.000000,-0.005360,-0.058291,0.000000,-0.010720,0.158039,-1.682513,9.625572,0.030892,-0.063916,-0.036219
0.390298,2028.067386,-1.236389,0.000000,-0.006700,-0.223961,0.000000,-0.004020,-10.917341,0.000000,-0.005360,-0.058291,0.000000,-0.010720,0.159314,-1.681336,9.628025,0.030892,-0.066047,-0.035154
0.400159,2028.077051,-1.236389,0.000000,-0.006700,-0.223961,0.000000,-0.004020,-10.917341,0.000000,-0.005360,-0.058291,0.000000,-0.010720,0.148523,-1.687320,9.626749,0.030892,-0.064980,-0.035154
0.410305,2028.086683,-1.234855,0.000000,-0.006700,-0.223961,0.000000,-0.004020,-10.917341,0.000000,-0.005360,-0.058291,0.000000,-0.010720,0.150878,-1.690852,9.624395,0.030892,-0.062851,-0.036219
0.420363,2028.096111,-1.236389,0.000000,-0.006700,-0.223961,0.000000,-0.004020,-10.917341,0.000000,-0.005360,-0.058291,0.000000,-0.010720,0.162846,-1.676529,9.630379,0.031959,-0.063916,-0.037284
0.430068,2028.105764,-1.234855,0.000000,-0.006700,-0.223961,0.000000,-0.004020,-10.917341,0.000000,-0.005360,-0.058291,0.000000,-0.010720,0.173637,-1.675352,9.625572,0.035154,-0.064980,-0.036219
0.440422,2028.115003,-1.236389,0.000000,-0.006700,-0.223961,0.000000,-0.004020,-10.917341,0.000000,-0.005360,-0.058291,0.000000,-0.010720,0.167653,-1.636995,9.628025,0.035154,-0.064980,-0.037284
0.450453,2028.124541,-1.236389,0.000000,-0.006700,-0.223961,0.000000,-0.004020,-10.917341,0.000000,-0.005360,-0.058291,0.000000,-0.010720,0.154508,-1.657399,9.645977,0.031959,-0.064980,-0.035154
0.460430,2028.134110,-1.234855,0.000000,-0.006700,-0.223961,0.000000,-0.004020,-10.917341,0.000000,-0.005360,-0.058291,0.000000,-0.010720,0.156862,-1.650140,9.653138,0.025566,-0.064980,-0.034088
0.470238,2028.143817,-1.236389,0.000000,-0.006700,-0.223961,0.000000,-0.004020,-10.917341,0.000000,-0.005360,-0.058291,0.000000,-0.010720,0.152055,-1.688497,9.625572,0.014914,-0.064980,-0.035154
0.480237,2028.162844,-1.236389,0.000000,-0.006700,-0.223961,0.000000,-0.004020,-10.917341,0.000000,-0.005360,-0.058291,0.000000,-0.010720,0.134103,-1.638172,9.613604,0.024501,-0.064980,-0.035154
0.490155,2028.172510,-1.234855,0.000000,-0.006700,-0.223961,0.000000,-0.004020,-10.917341,0.000000,-0.005360,-0.058291,0.000000,-0.010720,0.148523,-1.626204,9.645977,0.020241,-0.063916,-0.031959
0.500484,2028.181911,-1.236389,0.000000,-0.006700,-0.223961,0.000000,-0.004020,-10.917341,0.000000,-0.005360,-0.058291,0.000000,-0.010720,0.161669,-1.722047,9.613604,0.002131,-0.064980,-0.031959
0.510438,2028.191549,-1.236389,0.000000,-0.006700,-0.223961,0.000000,-0.004020,-10.917341,0.000000,-0.005360,-0.058291,0.000000,-0.010720,0.216703,-1.763936,9.614781,0.018110,-0.064980,-0.034088
0.520121,2028.201257,-1.236389,0.000000,-0.006700,-0.223961,0.000000,-0.004020,-10.917341,0.000000,-0.005360,-0.058291,0.000000,-0.010720,0.159314,-1.671722,9.660299,0.056460,-0.063916,-0.028761
0.530083,2028.210682,-1.234855,0.000000,-0.006700,-0.223961,0.000000,-0.004020,-10.917341,0.000000,-0.005360,-0.058291,0.000000,-0.010720,0.148523,-1.705272,9.629202,0.022370,-0.063916,-0.034088
0.540346,2028.220317,-1.236389,0.000000,-0.006700,-0.223961,0.000000,-0.004020,-10.917341,0.000000,-0.005360,-0.058291,0.000000,-0.010720,0.116150,-1.890878,9.669913,-0.004260,-0.067111,-0.037284
0.550421,2028.229704,-1.236389,0.000000,-0.006700,-0.223961,0.000000,-0.004020,-10.917341,0.000000,-0.005360,-0.058291,0.000000,-0.010720,0.262221,-1.565186,9.598006,0.052198,-0.066047,-0.038350
0.560790,2028.239147,-1.234855,0.000000,-0.006700,-0.223961,0.000000,-0.004020,-10.917341,0.000000,-0.005360,-0.058291,0.000000,-0.010720,0.125764,-1.625026,9.614781,0.061785,-0.062851,-0.031959
0.570165,2028.248862,-1.234855,0.000000,-0.006700,-0.223961,0.000000,-0.004020,-10.917341,0.000000,-0.005360,-0.058291,0.000000,-0.010720,0.153330,-1.749515,9.625572,0.027697,-0.064980,-0.038350
0.580604,2028.258549,-1.236389,0.000000,-0.006700,-0.223961,0.000000,-0.004020,-10.915807,0.000000,-0.005360,-0.058291,0.000000,-0.010720,0.178444,-1.652593,9.632733,0.045806,-0.066047,-0.044742
0.590665,2028.267855,-1.236389,0.000000,-0.006700,-0.223961,0.000000,-0.004020,-10.917341,0.000000,-0.005360,-0.058291,0.000000,-0.010720,0.119780,-1.603445,9.625572,0.047937,-0.064980,-0.040479
0.600083,2028.277602,-1.234855,0.000000,-0.006700,-0.223961,0.000000,-0.004020,-10.917341,0.000000,-0.005360,-0.058291,0.000000,-0.010720,0.129296,-1.745984,9.638717,0.023436,-0.064980,-0.033023
0.610066,2028.287175,-1.234855,0.000000,-0.006700,-0.223961,0.000000,-0.004020,-10.917341,0.000000,-0.005360,-0.058291,0.000000,-0.010720,0.162846,-1.696836,9.638717,0.014914,-0.066047,-0.037284
0.620492,2028.296365,-1.234855,0.000000,-0.006700,-0.223961,0.000000,-0.004020,-10.917341,0.000000,-0.005360,-0.058291,0.000000,-0.010720,0.149701,-1.706449,9.645977,0.027697,-0.064980,-0.035154
0.630369,2028.306109,-1.236389,0.000000,-0.006700,-0.223961,0.000000,-0.004020,-10.917341,0.000000,-0.005360,-0.058291,0.000000,-0.010720,0.178444,-1.710079,9.619588,0.033023,-0.064980,-0.040479
0.640438,2028.315726,-1.236389,0.000000,-0.006700,-0.223961,0.000000,-0.004020,-10.917341,0.000000,-0.005360,-0.058291,0.000000,-0.010720,0.194042,-1.695659,9.628025,0.066047,-0.062851,-0.042610
0.650548,2028.325011,-1.236389,0.000000,-0.006700,-0.223961,0.000000,-0.004020,-10.917341,0.000000,-0.005360,-0.058291,0.000000,-0.010720,0.174814,-1.566363,9.663929,0.094808,-0.063916,-0.037284
0.660395,2028.334582,-1.236389,0.000000,-0.006700,-0.223961,0.000000,-0.004020,-10.917341,0.000000,-0.005360,-0.058291,0.000000,-0.010720,0.180798,-1.568717,9.642347,0.027697,-0.066047,-0.040479
0.670169,2028.344428,-1.236389,0.000000,-0.006700,-0.223961,0.000000,-0.004020,-10.917341,0.000000,-0.005360,-0.058291,0.000000,-0.010720,0.162846,-1.736370,9.613604,-0.025566,-0.067111,-0.038350
0.680351,2028.353876,-1.236389,0.000000,-0.006700,-0.223961,0.000000,-0.004020,-10.917341,0.000000,-0.005360,-0.058291,0.000000,-0.010720,0.144894,-1.737547,9.614781,0.011718,-0.064980,-0.031959
0.690364,2028.372911,-1.236389,0.000000,-0.006700,-0.223961,0.000000,-0.004020,-10.917341,0.000000,-0.005360,-0.058291,0.000000,-0.010720,0.136555,-1.677706,9.623218,0.025566,-0.063916,-0.034088
0.700249,2028.382630,-1.236389,0.000000,-0.006700,-0.223961,0.000000,-0.004020,-10.917341,0.000000,-0.005360,-0.058291,0.000000,-0.010720,0.153330,-1.767566,9.612427,0.006391,-0.064980,-0.039415
0.710072,2028.392183,-1.236389,0.000000,-0.006700,-0.223961,0.000000,-0.004020,-10.917341,0.000000,-0.005360,-0.058291,0.000000,-0.010720,0.178444,-1.693304,9.626749,0.049002,-0.063916,-0.040479
0.720122,2028.401548,-1.236389,0.000000,-0.006700,-0.223961,0.000000,-0.004020,-10.917341,0.000000,-0.005360,-0.058291,0.000000,-0.010720,0.174814,-1.603445,9.660299,0.073503,-0.063916,-0.036219
0.730278,2028.410953,-1.236389,0.000000,-0.006700,-0.223961,0.000000,-0.004020,-10.917341,0.000000,-0.005360,-0.058291,0.000000,-0.010720,0.179621,-1.622672,9.651961,0.027697,-0.063916,-0.036219
0.740316,2028.420644,-1.234855,0.000000,-0.006700,-0.223961,0.000000,-0.004020,-10.917341,0.000000,-0.005360,-0.058291,0.000000,-0.010720,0.179621,-1.717241,9.611249,-0.004260,-0.066047,-0.036219
0.750080,2028.430163,-1.234855,0.000000,-0.006700,-0.223961,0.000000,-0.004020,-10.917341,0.000000,-0.005360,-0.058291,0.000000,-0.010720,0.170007,-1.736370,9.625572,0.015978,-0.064980,-0.034088
0.760780,2028.439682,-1.234855,0.000000,-0.006700,-0.223961,0.000000,-0.004020,-10.917341,0.000000,-0.005360,-0.058291,0.000000,-0.010720,0.150878,-1.686143,9.629202,0.045806,-0.063916,-0.035154
0.770513,2028.449302,-1.236389,0.000000,-0.006700,-0.223961,0.000000,-0.004020,-10.917341,0.000000,-0.005360,-0.058291,0.000000,-0.010720,0.159314,-1.647786,9.635186,0.044742,-0.063916,-0.036219
0.780402,2028.458731,-1.236389,0.000000,-0.006700,-0.223961,0.000000,-0.004020,-10.917341,0.000000,-0.005360,-0.058291,0.000000,-0.010720,0.142539,-1.689674,9.632733,0.023436,-0.063916,-0.038350
0.790289,2028.468508,-1.236389,0.000000,-0.006700,-0.223961,0.000000,-0.004020,-10.917341,0.000000,-0.005360,-0.058291,0.000000,-0.010720,0.166476,-1.704095,9.621942,0.024501,-0.064980,-0.036219
0.800182,2028.478162,-1.236389,0.000000,-0.006700,-0.223961,0.000000,-0.004020,-10.917341,0.000000,-0.005360,-0.058291,0.000000,-0.010720,0.167653,-1.666915,9.624395,0.040479,-0.066047,-0.036219
0.810792,2028.487421,-1.236389,0.000000,-0.006700,-0.223961,0.000000,-0.004020,-10.917341,0.000000,-0.005360,-0.058291,0.000000,-0.010720,0.164023,-1.642979,9.642347,0.044742,-0.066047,-0.037284
0.820390,2028.497107,-1.236389,0.000000,-0.006700,-0.223961,0.000000,-0.004020,-10.917341,0.000000,-0.005360,-0.058291,0.000000,-0.010720,0.173637,-1.645333,9.635186,0.028761,-0.064980,-0.037284
0.830355,2028.506680,-1.234855,0.000000,-0.006700,-0.223961,0.000000,-0.004020,-10.917341,0.000000,-0.005360,-0.058291,0.000000,-0.010720,0.167653,-1.656124,9.629202,0.023436,-0.063916,-0.037284
0.840497,2028.516325,-1.236389,0.000000,-0.006700,-0.223961,0.000000,-0.004020,-10.917341,0.000000,-0.005360,-0.058291,0.000000,-0.010720,0.154508,-1.659754,9.630379,0.033023,-0.064980,-0.035154
0.850390,2028.525758,-1.236389,0.000000,-0.006700,-0.223961,0.000000,-0.004020,-10.917341,0.000000,-0.005360,-0.058291,0.000000,-0.010720,0.142539,-1.652593,9.649508,0.035154,-0.063916,-0.036219
0.860247,2028.535350,-1.234855,0.000000,-0.006700,-0.223961,0.000000,-0.004020,-10.917341,0.000000,-0.005360,-0.058291,0.000000,-0.010720,0.138910,-1.669368,9.642347,0.025566,-0.064980,-0.037284
0.870447,2028.545015,-1.234855,0.000000,-0.006700,-0.223961,0.000000,-0.004020,-10.917341,0.000000,-0.005360,-0.058291,0.000000,-0.010720,0.142539,-1.687320,9.632733,0.022370,-0.064980,-0.036219
0.880529,2028.554257,-1.236389,0.000000,-0.006700,-0.223961,0.000000,-0.004020,-10.917341,0.000000,-0.005360,-0.058291,0.000000,-0.010720,0.156862,-1.684868,9.639993,0.029828,-0.064980,-0.035154
0.890331,2028.564090,-1.236389,0.000000,-0.006700,-0.223961,0.000000,-0.004020,-10.917341,0.000000,-0.005360,-0.058291,0.000000,-0.010720,0.177267,-1.665738,9.639993,0.039415,-0.063916,-0.034088
0.900231,2028.573464,-1.236389,0.000000,-0.006700,-0.223961,0.000000,-0.004020,-10.917341,0.000000,-0.005360,-0.058291,0.000000,-0.010720,0.184428,-1.665738,9.643524,0.035154,-0.064980,-0.036219
0.910374,2028.592651,-1.234855,0.000000,-0.006700,-0.223961,0.000000,-0.004020,-10.917341,0.000000,-0.005360,-0.058291,0.000000,-0.010720,0.175991,-1.663384,9.624395,0.028761,-0.062851,-0.036219
0.920512,2028.602198,-1.236389,0.000000,-0.006700,-0.223961,0.000000,-0.004020,-10.917341,0.000000,-0.005360,-0.058291,0.000000,-0.010720,0.172460,-1.689674,9.635186,0.025566,-0.066047,-0.034088
0.930507,2028.611817,-1.236389,0.000000,-0.006700,-0.223961,0.000000,-0.004020,-10.917341,0.000000,-0.005360,-0.058291,0.000000,-0.010720,0.158039,-1.702820,9.630379,0.022370,-0.064980,-0.036219
0.940456,2028.621423,-1.236389,0.000000,-0.006700,-0.223961,0.000000,-0.004020,-10.917341,0.000000,-0.005360,-0.058291,0.000000,-0.010720,0.146071,-1.711256,9.629202,0.025566,-0.066047,-0.036219
0.950388,2028.630988,-1.236389,0.000000,-0.006700,-0.223961,0.000000,-0.004020,-10.917341,0.000000,-0.005360,-0.058291,0.000000,-0.010720,0.148523,-1.722047,9.625572,0.029828,-0.064980,-0.037284
0.960518,2028.640536,-1.234855,0.000000,-0.006700,-0.223961,0.000000,-0.004020,-10.917341,0.000000,-0.005360,-0.058291,0.000000,-0.010720,0.141264,-1.698111,9.643524,0.036219,-0.066047,-0.037284
0.970068,2028.650090,-1.236389,0.000000,-0.006700,-0.223961,0.000000,-0.004020,-10.917341,0.000000,-0.005360,-0.058291,0.000000,-0.010720,0.170007,-1.676529,9.634009,0.036219,-0.063916,-0.036219
0.980392,2028.659508,-1.234855,0.000000,-0.006700,-0.223961,0.000000,-0.004020,-10.917341,0.000000,-0.005360,-0.058291,0.000000,-0.010720,0.173637,-1.668092,9.639993,0.034088,-0.063916,-0.038350
0.990309,2028.668858,-1.234855,0.000000,-0.006700,-0.223961,0.000000,-0.004020,-10.917341,0.000000,-0.005360,-0.058291,0.000000,-0.010720,0.183251,-1.654947,9.642347,0.035154,-0.064980,-0.037284
1.000369,2028.678508,-1.234855,0.000000,-0.006700,-0.223961,0.000000,-0.004020,-10.917341,0.000000,-0.005360,-0.058291,0.000000,-0.010720,0.178444,-1.659754,9.648331,0.030892,-0.064980,-0.037284
1.010543,2028.688028,-1.234855,0.000000,-0.006700,-0.223961,0.000000,-0.004020,-10.917341,0.000000,-0.005360,-0.058291,0.000000,-0.010720,0.160492,-1.668092,9.634009,0.027697,-0.066047,-0.037284
1.020521,2028.698874,-1.236389,0.000000,-0.006700,-0.223961,0.000000,-0.004020,-10.917341,0.000000,-0.005360,-0.058291,0.000000,-0.010720,0.147248,-1.682513,9.641170,0.028761,-0.066047,-0.037284
1.030562,2028.707257,-1.236389,0.000000,-0.006700,-0.223961,0.000000,-0.004020,-10.917341,0.000000,-0.005360,-0.058291,0.000000,-0.010720,0.142539,-1.678883,9.636363,0.030892,-0.066047,-0.036219
1.040122,2028.716912,-1.236389,0.000000,-0.006700,-0.223961,0.000000,-0.004020,-10.917341,0.000000,-0.005360,-0.058291,0.000000,-0.010720,0.140087,-1.681336,9.630379,0.034088,-0.064980,-0.036219
1.050217,2028.726259,-1.236389,0.000000,-0.006700,-0.223961,0.000000,-0.004020,-10.917341,0.000000,-0.005360,-0.058291,0.000000,-0.010720,0.137732,-1.672899,9.621942,0.033023,-0.063916,-0.038350
1.060526,2028.735809,-1.236389,0.000000,-0.006700,-0.223961,0.000000,-0.004020,-10.917341,0.000000,-0.005360,-0.058291,0.000000,-0.010720,0.150878,-1.676529,9.623218,0.031959,-0.063916,-0.036219
1.070397,2028.745372,-1.234855,0.000000,-0.006700,-0.223961,0.000000,-0.004020,-10.917341,0.000000,-0.005360,-0.058291,0.000000,-0.010720,0.168830,-1.657399,9.642347,0.031959,-0.066047,-0.036219
1.080692,2028.755110,-1.236389,0.000000,-0.006700,-0.223961,0.000000,-0.004020,-10.917341,0.000000,-0.005360,-0.058291,0.000000,-0.010720,0.178444,-1.662108,9.641170,0.033023,-0.063916,-0.037284
1.090449,2028.764587,-1.236389,0.000000,-0.006700,-0.223961,0.000000,-0.004020,-10.917341,0.000000,-0.005360,-0.058291,0.000000,-0.010720,0.188058,-1.669368,9.659122,0.029828,-0.064980,-0.036219
1.100438,2028.774192,-1.236389,0.000000,-0.006700,-0.223961,0.000000,-0.004020,-10.917341,0.000000,-0.005360,-0.058291,0.000000,-0.010720,0.170007,-1.648963,9.618411,0.028761,-0.066047,-0.036219
1.110915,2028.783736,-1.234855,0.000000,-0.006700,-0.223961,0.000000,-0.004020,-10.917341,0.000000,-0.005360,-0.058291,0.000000,-0.010720,0.173637,-1.684868,9.641170,0.026632,-0.064980,-0.036219
1.120415,2028.802618,-1.236389,0.000000,-0.006700,-0.223961,0.000000,-0.004020,-10.917341,0.000000,-0.005360,-0.058291,0.000000,-0.010720,0.136555,-1.698111,9.634009,0.031959,-0.066047,-0.036219
1.130289,2028.812389,-1.234855,0.000000,-0.006700,-0.223961,0.000000,-0.004020,-10.917341,0.000000,-0.005360,-0.058291,0.000000,-0.010720,0.142539,-1.694481,9.650686,0.029828,-0.063916,-0.036219
1.140492,2028.821880,-1.234855,0.000000,-0.006700,-0.223961,0.000000,-0.004020,-10.917341,0.000000,-0.005360,-0.058291,0.000000,-0.010720,0.166476,-1.689674,9.619588,0.028761,-0.064980,-0.037284
1.150148,2028.831185,-1.234855,0.000000,-0.006700,-0.223961,0.000000,-0.004020,-10.917341,0.000000,-0.005360,-0.058291,0.000000,-0.010720,0.165299,-1.700465,9.629202,0.029828,-0.066047,-0.037284
1.160383,2028.840683,-1.234855,0.000000,-0.006700,-0.223961,0.000000,-0.004020,-10.917341,0.000000,-0.005360,-0.058291,0.000000,-0.010720,0.177267,-1.686143,9.655492,0.038350,-0.063916,-0.036219
1.170458,2028.850563,-1.234855,0.000000,-0.006700,-0.223961,0.000000,-0.004020,-10.917341,0.000000,-0.005360,-0.058291,0.000000,-0.010720,0.192767,-1.674076,9.607620,0.027697,-0.064980,-0.038350
1.180345,2028.859999,-1.236389,0.000000,-0.006700,-0.223961,0.000000,-0.004020,-10.917341,0.000000,-0.005360,-0.058291,0.000000,-0.010720,0.174814,-1.690852,9.644702,0.029828,-0.063916,-0.035154
1.190357,2028.869659,-1.236389,0.000000,-0.006700,-0.223961,0.000000,-0.004020,-10.917341,0.000000,-0.005360,-0.058291,0.000000,-0.010720,0.166476,-1.677706,9.624395,0.029828,-0.063916,-0.037284
1.200085,2028.879127,-1.234855,0.000000,-0.006700,-0.223961,0.000000,-0.004020,-10.917341,0.000000,-0.005360,-0.058291,0.000000,-0.010720,0.155685,-1.689674,9.636363,0.028761,-0.064980,-0.038350
1.210097,2028.888810,-1.236389,0.000000,-0.006700,-0.223961,0.000000,-0.004020,-10.917341,0.000000,-0.005360,-0.058291,0.000000,-0.010720,0.125764,-1.696836,9.635186,0.036219,-0.066047,-0.035154
1.220365,2028.898013,-1.234855,0.000000,-0.006700,-0.223961,0.000000,-0.004020,-10.917341,0.000000,-0.005360,-0.058291,0.000000,-0.010720,0.142539,-1.683690,9.626749,0.026632,-0.067111,-0.039415
1.230578,2028.907649,-1.234855,0.000000,-0.006700,-0.223961,0.000000,-0.004020,-10.917341,0.000000,-0.005360,-0.058291,0.000000,-0.010720,0.140087,-1.682513,9.637540,0.034088,-0.063916,-0.034088
1.240477,2028.917198,-1.236389,0.000000,-0.006700,-0.223961,0.000000,-0.004020,-10.917341,0.000000,-0.005360,-0.058291,0.000000,-0.010720,0.148523,-1.662108,9.630379,0.035154,-0.063916,-0.035154
1.250171,2028.926655,-1.234855,0.000000,-0.006700,-0.223961,0.000000,-0.004020,-10.917341,0.000000,-0.005360,-0.058291,0.000000,-0.010720,0.179621,-1.662108,9.629202,0.027697,-0.064980,-0.038350
1.260524,2028.936561,-1.236389,0.000000,-0.006700,-0.223961,0.000000,-0.004020,-10.917341,0.000000,-0.005360,-0.058291,0.000000,-0.010720,0.173637,-1.654947,9.655492,0.035154,-0.063916,-0.033023
1.270342,2028.945735,-1.234855,0.000000,-0.006700,-0.223961,0.000000,-0.004020,-10.917341,0.000000,-0.005360,-0.058291,0.000000,-0.010720,0.175991,-1.657399,9.632733,0.026632,-0.064980,-0.036219
1.280358,2028.955561,-1.234855,0.000000,-0.006700,-0.223961,0.000000,-0.004020,-10.917341,0.000000,-0.005360,-0.058291,0.000000,-0.010720,0.170007,-1.662108,9.638717,0.028761,-0.064980,-0.034088
1.290161,2028.964932,-1.236389,0.000000,-0.006700,-0.223961,0.000000,-0.004020,-10.917341,0.000000,-0.005360,-0.058291,0.000000,-0.010720,0.152055,-1.668092,9.631556,0.029828,-0.063916,-0.035154
1.300209,2028.974514,-1.236389,0.000000,-0.006700,-0.223961,0.000000,-0.004020,-10.917341,0.000000,-0.005360,-0.058291,0.000000,-0.010720,0.142539,-1.681336,9.615958,0.024501,-0.064980,-0.037284
1.310305,2028.984250,-1.236389,0.000000,-0.006700,-0.223961,0.000000,-0.004020,-10.917341,0.000000,-0.005360,-0.058291,0.000000,-0.010720,0.141264,-1.689674,9.637540,0.031959,-0.064980,-0.035154
1.320215,2028.993747,-1.236389,0.000000,-0.006700,-0.223961,0.000000,-0.004020,-10.917341,0.000000,-0.005360,-0.058291,0.000000,-0.010720,0.153330,-1.684868,9.643524,0.029828,-0.064980,-0.036219
1.330515,2029.012706,-1.236389,0.000000,-0.006700,-0.223961,0.000000,-0.004020,-10.917341,0.000000,-0.005360,-0.058291,0.000000,-0.010720,0.181976,-1.680061,9.629202,0.027697,-0.063916,-0.033023
1.340173,2029.022303,-1.236389,0.000000,-0.006700,-0.223961,0.000000,-0.004020,-10.917341,0.000000,-0.005360,-0.058291,0.000000,-0.010720,0.178444,-1.686143,9.632733,0.025566,-0.063916,-0.031959
1.350273,2029.031665,-1.236389,0.000000,-0.006700,-0.223961,0.000000,-0.004020,-10.917341,0.000000,-0.005360,-0.058291,0.000000,-0.010720,0.217978,-1.684868,9.630379,0.027697,-0.063916,-0.033023
1.360345,2029.041337,-1.236389,0.000000,-0.006700,-0.223961,0.000000,-0.004020,-10.917341,0.000000,-0.005360,-0.058291,0.000000,-0.010720,0.223962,-1.665738,9.577699,0.026632,-0.063916,-0.033023
1.370452,2029.050822,-1.236389,0.000000,-0.006700,-0.223961,0.000000,-0.004020,-10.917341,0.000000,-0.005360,-0.058291,0.000000,-0.010720,0.117328,-1.747161,9.669913,0.020241,-0.063916,-0.034088
1.380243,2029.060459,-1.234855,0.000000,-0.006700,-0.223961,0.000000,-0.004020,-10.917341,0.000000,-0.005360,-0.058291,0.000000,-0.010720,0.129296,-1.686143,9.623218,0.030892,-0.064980,-0.037284
1.390147,2029.070156,-1.234855,0.000000,-0.006700,-0.223961,0.000000,-0.004020,-10.917341,0.000000,-0.005360,-0.058291,0.000000,-0.010720,0.143716,-1.704095,9.656670,0.038350,-0.063916,-0.037284
1.400158,2029.079602,-1.234855,0.000000,-0.006700,-0.223961,0.000000,-0.004020,-10.917341,0.000000,-0.005360,-0.058291,0.000000,-0.010720,0.144894,-1.694481,9.624395,0.035154,-0.064980,-0.035154
1.410097,2029.089151,-1.234855,0.000000,-0.006700,-0.223961,0.000000,-0.004020,-10.917341,0.000000,-0.005360,-0.058291,0.000000,-0.010720,0.162846,-1.693304,9.637540,0.027697,-0.066047,-0.037284
1.420442,2029.098811,-1.236389,0.000000,-0.006700,-0.223961,0.000000,-0.004020,-10.917341,0.000000,-0.005360,-0.058291,0.000000,-0.010720,0.161669,-1.702820,9.626749,0.034088,-0.063916,-0.035154
1.430500,2029.108301,-1.236389,0.000000,-0.006700,-0.223961,0.000000,-0.004020,-10.917341,0.000000,-0.005360,-0.058291,0.000000,-0.010720,0.168830,-1.651317,9.647154,0.043675,-0.064980,-0.037284
1.440239,2029.117687,-1.236389,0.000000,-0.006700,-0.223961,0.000000,-0.004020,-10.917341,0.000000,-0.005360,-0.058291,0.000000,-0.010720,0.174814,-1.663384,9.636363,0.031959,-0.066047,-0.039415
1.450113,2029.127197,-1.236389,0.000000,-0.006700,-0.223961,0.000000,-0.004020,-10.917341,0.000000,-0.005360,-0.058291,0.000000,-0.010720,0.172460,-1.663384,9.656670,0.031959,-0.064980,-0.037284
1.460429,2029.136757,-1.236389,0.000000,-0.006700,-0.223961,0.000000,-0.004020,-10.917341,0.000000,-0.005360,-0.058291,0.000000,-0.010720,0.162846,-1.662108,9.635186,0.029828,-0.067111,-0.040479
1.470100,2029.146515,-1.236389,0.000000,-0.006700,-0.223961,0.000000,-0.004020,-10.917341,0.000000,-0.005360,-0.058291,0.000000,-0.010720,0.129296,-1.678883,9.644702,0.037284,-0.064980,-0.038350
1.480112,2029.155858,-1.234855,0.000000,-0.006700,-0.223961,0.000000,-0.004020,-10.917341,0.000000,-0.005360,-0.058291,0.000000,-0.010720,0.137732,-1.664561,9.667461,0.036219,-0.064980,-0.041546
1.490147,2029.165713,-1.234855,0.000000,-0.006700,-0.223961,0.000000,-0.004020,-10.917341,0.000000,-0.005360,-0.058291,0.000000,-0.010720,0.135280,-1.635818,9.639993,0.036219,-0.064980,-0.041546
1.500389,2029.175009,-1.234855,0.000000,-0.006700,-0.223961,0.000000,-0.004020,-10.917341,0.000000,-0.005360,-0.058291,0.000000,-0.010720,0.111344,-1.642979,9.639993,0.034088,-0.064980,-0.036219
1.510178,2029.184567,-1.236389,0.000000,-0.006700,-0.223961,0.000000,-0.004020,-10.917341,0.000000,-0.005360,-0.058291,0.000000,-0.010720,0.128119,-1.714788,9.644702,0.021305,-0.063916,-0.036219
1.520207,2029.194209,-1.236389,0.000000,-0.006700,-0.223961,0.000000,-0.004020,-10.917341,0.000000,-0.005360,-0.058291,0.000000,-0.010720,0.185605,-1.662108,9.642347,0.036219,-0.064980,-0.038350
1.530441,2029.203815,-1.236389,0.000000,-0.006700,-0.223961,0.000000,-0.004020,-10.917341,0.000000,-0.005360,-0.058291,0.000000,-0.010720,0.138910,-1.610606,9.594474,0.037284,-0.064980,-0.035154
1.540395,2029.222905,-1.236389,0.000000,-0.006700,-0.223961,0.000000,-0.004020,-10.917341,0.000000,-0.005360,-0.058291,0.000000,-0.010720,0.194042,-1.713611,9.647154,0.024501,-0.064980,-0.038350
1.550141,2029.232563,-1.236389,0.000000,-0.006700,-0.223961,0.000000,-0.004020,-10.917341,0.000000,-0.005360,-0.058291,0.000000,-0.010720,0.144894,-1.702820,9.626749,0.039415,-0.066047,-0.037284
1.560500,2029.241883,-1.236389,0.000000,-0.006700,-0.223961,0.000000,-0.004020,-10.917341,0.000000,-0.005360,-0.058291,0.000000,-0.010720,0.175991,-1.694481,9.656670,0.034088,-0.064980,-0.034088
1.570198,2029.251687,-1.236389,0.000000,-0.006700,-0.223961,0.000000,-0.004020,-10.917341,0.000000,-0.005360,-0.058291,0.000000,-0.010720,0.156862,-1.680061,9.601636,0.022370,-0.067111,-0.039415
1.580381,2029.260948,-1.236389,0.000000,-0.006700,-0.223961,0.000000,-0.004020,-10.917341,0.000000,-0.005360,-0.058291,0.000000,-0.010720,0.150878,-1.712434,9.628025,0.026632,-0.064980,-0.037284
1.590513,2029.270570,-1.236389,0.000000,-0.006700,-0.223961,0.000000,-0.004020,-10.917341,0.000000,-0.005360,-0.058291,0.000000,-0.010720,0.170007,-1.710079,9.655492,0.043675,-0.063916,-0.033023
1.600099,2029.280168,-1.236389,0.000000,-0.006700,-0.223961,0.000000,-0.004020,-10.917341,0.000000,-0.005360,-0.058291,0.000000,-0.010720,0.170007,-1.665738,9.621942,0.028761,-0.066047,-0.039415
1.610134,2029.289642,-1.234855,0.000000,-0.006700,-0.223961,0.000000,-0.004020,-10.917341,0.000000,-0.005360,-0.058291,0.000000,-0.010720,0.156862,-1.701643,9.656670,0.030892,-0.064980,-0.031959
1.620495,2029.299303,-1.236389,0.000000,-0.006700,-0.223961,0.000000,-0.004020,-10.917341,0.000000,-0.005360,-0.058291,0.000000,-0.010720,0.188058,-1.707627,9.619588,0.021305,-0.064980,-0.035154
1.630371,2029.308819,-1.236389,0.000000,-0.006700,-0.223961,0.000000,-0.004020,-10.917341,0.000000,-0.005360,-0.058291,0.000000,-0.010720,0.175991,-1.702820,9.626749,0.026632,-0.064980,-0.039415
1.640508,2029.318399,-1.236389,0.000000,-0.006700,-0.223961,0.000000,-0.004020,-10.917341,0.000000,-0.005360,-0.058291,0.000000,-0.010720,0.161669,-1.687320,9.656670,0.047937,-0.064980,-0.031959
1.650169,2029.328078,-1.236389,0.000000,-0.006700,-0.223961,0.000000,-0.004020,-10.917341,0.000000,-0.005360,-0.058291,0.000000,-0.010720,0.179621,-1.678883,9.607620,0.022370,-0.066047,-0.041546
1.660557,2029.337391,-1.236389,0.000000,-0.006700,-0.223961,0.000000,-0.004020,-10.917341,0.000000,-0.005360,-0.058291,0.000000,-0.010720,0.150878,-1.692127,9.631556,0.031959,-0.064980,-0.037284
1.670386,2029.346956,-1.236389,0.000000,-0.006700,-0.223961,0.000000,-0.004020,-10.917341,0.000000,-0.005360,-0.058291,0.000000,-0.010720,0.142539,-1.665738,9.625572,0.041546,-0.063916,-0.036219
1.680432,2029.356395,-1.236389,0.000000,-0.006700,-0.223961,0.000000,-0.004020,-10.917341,0.000000,-0.005360,-0.058291,0.000000,-0.010720,0.147248,-1.651317,9.639993,0.026632,-0.064980,-0.041546
1.690531,2029.366006,-1.236389,0.000000,-0.006700,-0.223961,0.000000,-0.004020,-10.917341,0.000000,-0.005360,-0.058291,0.000000,-0.010720,0.140087,-1.623849,9.653138,0.040479,-0.064980,-0.034088
1.700237,2029.375736,-1.234855,0.000000,-0.006700,-0.223961,0.000000,-0.004020,-10.917341,0.000000,-0.005360,-0.058291,0.000000,-0.010720,0.159314,-1.639349,9.651961,0.024501,-0.064980,-0.037284
1.710248,2029.385304,-1.236389,0.000000,-0.006700,-0.223961,0.000000,-0.004020,-10.917341,0.000000,-0.005360,-0.058291,0.000000,-0.010720,0.161669,-1.642979,9.663929,0.029828,-0.064980,-0.033023
1.720427,2029.394898,-1.236389,0.000000,-0.006700,-0.223961,0.000000,-0.004020,-10.917341,0.000000,-0.005360,-0.058291,0.000000,-0.010720,0.170007,-1.636995,9.651961,0.031959,-0.064980,-0.031959
1.730390,2029.404268,-1.234855,0.000000,-0.006700,-0.223961,0.000000,-0.004020,-10.917341,0.000000,-0.005360,-0.058291,0.000000,-0.010720,0.148523,-1.663384,9.630379,0.022370,-0.064980,-0.035154
1.740198,2029.413861,-1.236389,0.000000,-0.006700,-0.223961,0.000000,-0.004020,-10.917341,0.000000,-0.005360,-0.058291,0.000000,-0.010720,0.153330,-1.653770,9.659122,0.028761,-0.064980,-0.029828
1.750291,2029.432933,-1.236389,0.000000,-0.006700,-0.223961,0.000000,-0.004020,-10.917341,0.000000,-0.005360,-0.058291,0.000000,-0.010720,0.158039,-1.712434,9.623218,0.024501,-0.064980,-0.030892
1.760175,2029.442304,-1.236389,0.000000,-0.006700,-0.223961,0.000000,-0.004020,-10.917341,0.000000,-0.005360,-0.058291,0.000000,-0.010720,0.131748,-1.705272,9.634009,0.025566,-0.062851,-0.034088
1.770353,2029.451989,-1.236389,0.000000,-0.006700,-0.223961,0.000000,-0.004020,-10.917341,0.000000,-0.005360,-0.058291,0.000000,-0.010720,0.170007,-1.682513,9.626749,0.033023,-0.064980,-0.036219
1.780079,2029.461731,-1.236389,0.000000,-0.006700,-0.223961,0.000000,-0.004020,-10.917341,0.000000,-0.005360,-0.058291,0.000000,-0.010720,0.162846,-1.694481,9.632733,0.028761,-0.064980,-0.034088
1.790172,2029.471188,-1.234855,0.000000,-0.006700,-0.223961,0.000000,-0.004020,-10.917341,0.000000,-0.005360,-0.058291,0.000000,-0.010720,0.204735,-1.702820,9.624395,0.033023,-0.064980,-0.037284
1.800313,2029.480770,-1.236389,0.000000,-0.006700,-0.223961,0.000000,-0.004020,-10.917341,0.000000,-0.005360,-0.058291,0.000000,-0.010720,0.184428,-1.695659,9.634009,0.037284,-0.063916,-0.040479
1.810385,2029.490124,-1.236389,0.000000,-0.006700,-0.223961,0.000000,-0.004020,-10.917341,0.000000,-0.005360,-0.058291,0.000000,-0.010720,0.174814,-1.683690,9.651961,0.038350,-0.063916,-0.038350
1.820259,2029.499617,-1.236389,0.000000,-0.006700,-0.223961,0.000000,-0.004020,-10.917341,0.000000,-0.005360,-0.058291,0.000000,-0.010720,0.168830,-1.693304,9.624395,0.028761,-0.064980,-0.041546
1.830180,2029.509204,-1.234855,0.000000,-0.006700,-0.223961,0.000000,-0.004020,-10.917341,0.000000,-0.005360,-0.058291,0.000000,-0.010720,0.141264,-1.698111,9.636363,0.035154,-0.064980,-0.039415
1.840095,2029.519057,-1.236389,0.000000,-0.006700,-0.223961,0.000000,-0.004020,-10.917341,0.000000,-0.005360,-0.058291,0.000000,-0.010720,0.147248,-1.687320,9.641170,0.039415,-0.063916,-0.039415
1.850487,2029.528370,-1.236389,0.000000,-0.006700,-0.223961,0.000000,-0.004020,-10.917341,0.000000,-0.005360,-0.058291,0.000000,-0.010720,0.152055,-1.700465,9.621942,0.034088,-0.066047,-0.039415
1.860528,2029.537884,-1.234855,0.000000,-0.006700,-0.223961,0.000000,-0.004020,-10.917341,0.000000,-0.005360,-0.058291,0.000000,-0.010720,0.208364,-1.669368,9.619588,0.034088,-0.066047,-0.040479
1.870508,2029.547707,-1.236389,0.000000,-0.006700,-0.223961,0.000000,-0.004020,-10.917341,0.000000,-0.005360,-0.058291,0.000000,-0.010720,0.171283,-1.642979,9.655492,0.042610,-0.063916,-0.040479
1.880299,2029.557260,-1.236389,0.000000,-0.006700,-0.223961,0.000000,-0.004020,-10.917341,0.000000,-0.005360,-0.058291,0.000000,-0.010720,0.180798,-1.543603,9.606442,0.042610,-0.064980,-0.038350
1.890396,2029.566743,-1.234855,0.000000,-0.006700,-0.223961,0.000000,-0.004020,-10.917341,0.000000,-0.005360,-0.058291,0.000000,-0.010720,0.171283,-1.657399,9.649508,0.023436,-0.064980,-0.038350
1.900226,2029.576188,-1.236389,0.000000,-0.006700,-0.223961,0.000000,-0.004020,-10.917341,0.000000,-0.005360,-0.058291,0.000000,-0.010720,0.174814,-1.658577,9.634009,0.026632,-0.064980,-0.040479
1.910569,2029.585852,-1.236389,0.000000,-0.006700,-0.223961,0.000000,-0.004020,-10.917341,0.000000,-0.005360,-0.058291,0.000000,-0.010720,0.160492,-1.657399,9.665106,0.037284,-0.063916,-0.038350
1.920444,2029.595075,-1.236389,0.000000,-0.006700,-0.223961,0.000000,-0.004020,-10.917341,0.000000,-0.005360,-0.058291,0.000000,-0.010720,0.147248,-1.657399,9.639993,0.026632,-0.063916,-0.035154
1.930198,2029.604636,-1.236389,0.000000,-0.006700,-0.223961,0.000000,-0.004020,-10.917341,0.000000,-0.005360,-0.058291,0.000000,-0.010720,0.132926,-1.686143,9.629202,0.021305,-0.064980,-0.036219
1.940341,2029.614437,-1.236389,0.000000,-0.006700,-0.223961,0.000000,-0.004020,-10.915807,0.000000,-0.005360,-0.058291,0.000000,-0.010720,0.140087,-1.694481,9.626749,0.025566,-0.066047,-0.037284
1.950201,2029.623980,-1.236389,0.000000,-0.006700,-0.223961,0.000000,-0.004020,-10.917341,0.000000,-0.005360,-0.058291,0.000000,-0.010720,0.156862,-1.716063,9.655492,0.035154,-0.063916,-0.034088
1.960152,2029.633359,-1.236389,0.000000,-0.006700,-0.223961,0.000000,-0.004020,-10.917341,0.000000,-0.005360,-0.058291,0.000000,-0.010720,0.173637,-1.666915,9.636363,0.037284,-0.064980,-0.036219
1.970293,2029.652731,-1.236389,0.000000,-0.006700,-0.223961,0.000000,-0.004020,-10.917341,0.000000,-0.005360,-0.058291,0.000000,-0.010720,0.192767,-1.863311,10.266263,0.033023,-0.063916,-0.031959
1.980529,2029.662126,-1.234855,0.000000,-0.006700,-0.223961,0.000000,-0.004020,-10.917341,0.000000,-0.005360,-0.058291,0.000000,-0.010720,-1.745984,-2.062160,11.341635,-0.051133,-0.091612,-0.046871
1.990547,2029.671856,-1.236389,0.000000,-0.006700,-0.223961,0.000000,-0.004020,-10.917341,0.000000,-0.005360,-0.058291,0.000000,-0.010720,1.492101,-1.481310,8.357433,-0.025566,-0.069242,0.042610
2.000356,2029.681094,-1.234855,0.000000,-0.006700,-0.223961,0.000000,-0.004020,-10.917341,0.000000,-0.005360,-0.058291,0.000000,-0.010720,-0.971190,-0.995126,9.268684,0.380300,-0.001065,-0.077765
2.010379,2029.690634,-1.236389,0.000000,-0.006700,-0.223961,0.000000,-0.004020,-10.917341,0.000000,-0.005360,-0.058291,0.000000,-0.010720,0.385631,-1.917168,10.181210,-0.018110,-0.096939,-0.015978
2.020494,2029.700187,-1.236389,0.000000,-0.006700,-0.223961,0.000000,-0.004020,-10.917341,0.000000,-0.005360,-0.058291,0.000000,-0.010720,0.168830,-2.278863,9.628025,-0.351537,-0.088417,-0.106526
2.030204,2029.709905,-1.236389,0.000000,-0.006700,-0.223961,0.000000,-0.004020,-10.917341,0.000000,-0.005360,-0.058291,0.000000,-0.010720,0.227494,-1.972301,9.545326,0.096939,-0.062851,-0.014914
2.040379,2029.719601,-1.236389,0.000000,-0.006700,-0.223961,0.000000,-0.004020,-10.917341,0.000000,-0.005360,-0.058291,0.000000,-0.010720,0.166476,-1.166409,9.650686,0.300404,-0.040479,0.006391
2.050231,2029.728915,-1.236389,0.000000,-0.006700,-0.223961,0.000000,-0.004020,-10.917341,0.000000,-0.005360,-0.058291,0.000000,-0.010720,0.159314,-1.187893,9.618411,0.077765,-0.061785,-0.045806
2.060545,2029.738401,-1.236389,0.000000,-0.006700,-0.223961,0.000000,-0.004020,-10.917341,0.000000,-0.005360,-0.058291,0.000000,-0.010720,0.137732,-1.706449,9.536988,-0.118244,-0.076698,-0.061785
2.070420,2029.748243,-1.236389,0.000000,-0.006700,-0.223961,0.000000,-0.004020,-10.917341,0.000000,-0.005360,-0.058291,0.000000,-0.010720,0.294594,-1.856150,9.560924,-0.069242,-0.074569,-0.049002
2.080237,2029.757811,-1.234855,0.000000,-0.006700,-0.223961,0.000000,-0.004020,-10.917341,0.000000,-0.005360,-0.058291,0.000000,-0.010720,0.160492,-1.870473,9.774095,0.103330,-0.056460,-0.013849
2.090127,2029.767340,-1.236389,0.000000,-0.006700,-0.223961,0.000000,-0.004020,-10.917341,0.000000,-0.005360,-0.058291,0.000000,-0.010720,0.099375,-1.499262,9.684236,0.138485,-0.059655,-0.030892
2.100327,2029.776906,-1.234855,0.000000,-0.006700,-0.223961,0.000000,-0.004020,-10.917341,0.000000,-0.005360,-0.058291,0.000000,-0.010720,0.118505,-1.652593,9.762127,-0.009587,-0.066047,-0.046871
2.110711,2029.786054,-1.234855,0.000000,-0.006700,-0.223961,0.000000,-0.004020,-10.917341,0.000000,-0.005360,-0.058291,0.000000,-0.010720,0.137732,-1.876457,9.644702,-0.062851,-0.076698,-0.051133
2.120371,2029.795763,-1.236389,0.000000,-0.006700,-0.223961,0.000000,-0.004020,-10.917341,0.000000,-0.005360,-0.058291,0.000000,-0.010720,0.288610,-1.791502,9.532181,0.014914,-0.064980,-0.041546
2.130642,2029.805360,-1.236389,0.000000,-0.006700,-0.223961,0.000000,-0.004020,-10.917341,0.000000,-0.005360,-0.058291,0.000000,-0.010720,0.130571,-1.638172,9.782434,0.137418,-0.052198,-0.004260
2.140449,2029.814978,-1.234855,0.000000,-0.006700,-0.223961,0.000000,-0.004020,-10.917341,0.000000,-0.005360,-0.058291,0.000000,-0.010720,0.124587,-1.708804,9.704641,0.025566,-0.063916,-0.040479
2.150495,2029.824495,-1.236389,0.000000,-0.006700,-0.223961,0.000000,-0.004020,-10.917341,0.000000,-0.005360,-0.058291,0.000000,-0.010720,0.146071,-1.680061,9.624395,-0.015978,-0.071373,-0.051133
2.160283,2029.833869,-1.236389,0.000000,-0.006700,-0.223961,0.000000,-0.004020,-10.917341,0.000000,-0.005360,-0.058291,0.000000,-0.010720,0.117328,-1.670545,9.612427,0.020241,-0.066047,-0.040479
2.170128,2029.852905,-1.234855,0.000000,-0.006700,-0.223961,0.000000,-0.004020,-10.917341,0.000000,-0.005360,-0.058291,0.000000,-0.010720,0.155685,-1.720870,9.665106,0.064980,-0.057524,-0.020241
2.180650,2029.862633,-1.234855,0.000000,-0.006700,-0.223961,0.000000,-0.004020,-10.917341,0.000000,-0.005360,-0.058291,0.000000,-0.010720,0.137732,-1.692127,9.571715,0.005327,-0.063916,-0.039415
2.190228,2029.872151,-1.234855,0.000000,-0.006700,-0.223961,0.000000,-0.004020,-10.917341,0.000000,-0.005360,-0.058291,0.000000,-0.010720,0.164023,-1.723225,9.601636,-0.003196,-0.069242,-0.047937
2.200602,2029.881948,-1.236389,0.000000,-0.006700,-0.223961,0.000000,-0.004020,-10.917341,0.000000,-0.005360,-0.058291,0.000000,-0.010720,0.178444,-1.629833,9.625572,0.064980,-0.067111,-0.037284
2.210507,2029.891374,-1.234855,0.000000,-0.006700,-0.223961,0.000000,-0.004020,-10.917341,0.000000,-0.005360,-0.058291,0.000000,-0.010720,0.190412,-1.604622,9.634009,0.060720,-0.062851,-0.029828
2.220161,2029.900763,-1.236389,0.000000,-0.006700,-0.223961,0.000000,-0.004020,-10.917341,0.000000,-0.005360,-0.058291,0.000000,-0.010720,0.123312,-1.755598,9.650686,0.011718,-0.061785,-0.026632
2.230236,2029.910353,-1.236389,0.000000,-0.006700,-0.223961,0.000000,-0.004020,-10.917341,0.000000,-0.005360,-0.058291,0.000000,-0.010720,0.161669,-1.793857,9.638717,-0.020241,-0.068176,-0.047937
2.240442,2029.919976,-1.234855,0.000000,-0.006700,-0.223961,0.000000,-0.004020,-10.917341,0.000000,-0.005360,-0.058291,0.000000,-0.010720,0.165299,-1.663384,9.678252,0.068176,-0.066047,-0.042610
2.250177,2029.929541,-1.234855,0.000000,-0.006700,-0.223961,0.000000,-0.004020,-10.917341,0.000000,-0.005360,-0.058291,0.000000,-0.010720,0.136555,-1.531635,9.673445,0.088417,-0.062851,-0.030892
2.260250,2029.939151,-1.236389,0.000000,-0.006700,-0.223961,0.000000,-0.004020,-10.917341,0.000000,-0.005360,-0.058291,0.000000,-0.010720,0.150878,-1.690852,9.617234,-0.006391,-0.064980,-0.035154
2.270477,2029.948598,-1.234855,0.000000,-0.006700,-0.223961,0.000000,-0.004020,-10.917341,0.000000,-0.005360,-0.058291,0.000000,-0.010720,0.118505,-1.789050,9.629202,-0.012783,-0.064980,-0.036219
2.280504,2029.958214,-1.234855,0.000000,-0.006700,-0.223961,0.000000,-0.004020,-10.917341,0.000000,-0.005360,-0.058291,0.000000,-0.010720,0.146071,-1.665738,9.625572,0.050068,-0.067111,-0.041546
2.290097,2029.967707,-1.236389,0.000000,-0.006700,-0.223961,0.000000,-0.004020,-10.917341,0.000000,-0.005360,-0.058291,0.000000,-0.010720,0.141264,-1.565186,9.661477,0.075634,-0.064980,-0.036219
2.300266,2029.977383,-1.236389,0.000000,-0.006700,-0.223961,0.000000,-0.004020,-10.917341,0.000000,-0.005360,-0.058291,0.000000,-0.010720,0.158039,-1.607074,9.665106,0.034088,-0.066047,-0.030892
2.310415,2029.986983,-1.236389,0.000000,-0.006700,-0.223961,0.000000,-0.004020,-10.917341,0.000000,-0.005360,-0.058291,0.000000,-0.010720,0.166476,-1.751968,9.625572,-0.015978,-0.066047,-0.035154
2.320381,2029.996305,-1.234855,0.000000,-0.006700,-0.223961,0.000000,-0.004020,-10.917341,0.000000,-0.005360,-0.058291,0.000000,-0.010720,0.149701,-1.713611,9.625572,0.023436,-0.064980,-0.034088
2.330551,2030.005706,-1.236389,0.000000,-0.006700,-0.223961,0.000000,-0.004020,-10.917341,0.000000,-0.005360,-0.058291,0.000000,-0.010720,0.159314,-1.638172,9.649508,0.056460,-0.066047,-0.037284
2.340161,2030.015605,-1.236389,0.000000,-0.006700,-0.223961,0.000000,-0.004020,-10.917341,0.000000,-0.005360,-0.058291,0.000000,-0.010720,0.152055,-1.592653,9.641170,0.046871,-0.064980,-0.035154
2.350453,2030.024988,-1.236389,0.000000,-0.006700,-0.223961,0.000000,-0.004020,-10.917341,0.000000,-0.005360,-0.058291,0.000000,-0.010720,0.162846,-1.686143,9.621942,0.001065,-0.064980,-0.037284
2.360145,2030.034604,-1.236389,0.000000,-0.006700,-0.223961,0.000000,-0.004020,-10.917341,0.000000,-0.005360,-0.058291,0.000000,-0.010720,0.160492,-1.751968,9.614781,0.007456,-0.064980,-0.038350
2.370215,2030.044073,-1.234855,0.000000,-0.006700,-0.223961,0.000000,-0.004020,-10.917341,0.000000,-0.005360,-0.058291,0.000000,-0.010720,0.156862,-1.660931,9.629202,0.059655,-0.063916,-0.034088
2.380328,2030.053508,-1.234855,0.000000,-0.006700,-0.223961,0.000000,-0.004020,-10.917341,0.000000,-0.005360,-0.058291,0.000000,-0.010720,0.173637,-1.628656,9.630379,0.044742,-0.067111,-0.037284
2.390303,2030.072753,-1.234855,0.000000,-0.006700,-0.223961,0.000000,-0.004020,-10.917341,0.000000,-0.005360,-0.058291,0.000000,-0.010720,0.191589,-1.731563,9.609974,0.013849,-0.063916,-0.035154
2.400558,2030.082106,-1.236389,0.000000,-0.006700,-0.223961,0.000000,-0.004020,-10.917341,0.000000,-0.005360,-0.058291,0.000000,-0.010720,0.186782,-1.687320,9.631556,0.039415,-0.062851,-0.031959
2.410630,2030.091781,-1.236389,0.000000,-0.006700,-0.223961,0.000000,-0.004020,-10.917341,0.000000,-0.005360,-0.058291,0.000000,-0.010720,0.159314,-1.653770,9.649508,0.038350,-0.062851,-0.033023
2.420156,2030.101221,-1.236389,0.000000,-0.006700,-0.223961,0.000000,-0.004020,-10.917341,0.000000,-0.005360,-0.058291,0.000000,-0.010720,0.175991,-1.674076,9.624395,0.018110,-0.063916,-0.035154
2.430602,2030.110820,-1.234855,0.000000,-0.006700,-0.223961,0.000000,-0.004020,-10.917341,0.000000,-0.005360,-0.058291,0.000000,-0.010720,0.173637,-1.718418,9.628025,0.020241,-0.066047,-0.031959
2.440238,2030.120538,-1.234855,0.000000,-0.006700,-0.223961,0.000000,-0.004020,-10.917341,0.000000,-0.005360,-0.058291,0.000000,-0.010720,0.137732,-1.718418,9.608797,0.028761,-0.064980,-0.031959
2.450468,2030.130027,-1.236389,0.000000,-0.006700,-0.223961,0.000000,-0.004020,-10.917341,0.000000,-0.005360,-0.058291,0.000000,-0.010720,0.114973,-1.701643,9.673445,0.039415,-0.062851,-0.029828
2.460115,2030.139411,-1.236389,0.000000,-0.006700,-0.223961,0.000000,-0.004020,-10.917341,0.000000,-0.005360,-0.058291,0.000000,-0.010720,0.120957,-1.660931,9.625572,0.028761,-0.063916,-0.035154
2.470575,2030.149184,-1.236389,0.000000,-0.006700,-0.223961,0.000000,-0.004020,-10.917341,0.000000,-0.005360,-0.058291,0.000000,-0.010720,0.165299,-1.686143,9.650686,0.031959,-0.066047,-0.036219
2.480466,2030.158589,-1.234855,0.000000,-0.006700,-0.223961,0.000000,-0.004020,-10.917341,0.000000,-0.005360,-0.058291,0.000000,-0.010720,0.170007,-1.678883,9.648331,0.037284,-0.063916,-0.035154
2.490258,2030.168424,-1.234855,0.000000,-0.006700,-0.223961,0.000000,-0.004020,-10.917341,0.000000,-0.005360,-0.058291,0.000000,-0.010720,0.181976,-1.652593,9.617234,0.033023,-0.063916,-0.037284
2.500530,2030.177776,-1.236389,0.000000,-0.006700,-0.223961,0.000000,-0.004020,-10.917341,0.000000,-0.005360,-0.058291,0.000000,-0.010720,0.166476,-1.672899,9.661477,0.036219,-0.064980,-0.037284
2.510760,2030.187302,-1.234855,0.000000,-0.006700,-0.223961,0.000000,-0.004020,-10.917341,0.000000,-0.005360,-0.058291,0.000000,-0.010720,0.117328,-1.632188,9.631556,0.040479,-0.066047,-0.037284
2.520442,2030.196964,-1.236389,0.000000,-0.006700,-0.223961,0.000000,-0.004020,-10.917341,0.000000,-0.005360,-0.058291,0.000000,-0.010720,0.166476,-1.615413,9.629202,0.029828,-0.066047,-0.041546
2.530556,2030.206543,-1.236389,0.000000,-0.006700,-0.223961,0.000000,-0.004020,-10.917341,0.000000,-0.005360,-0.058291,0.000000,-0.010720,0.120957,-1.677706,9.661477,0.036219,-0.063916,-0.035154
2.540263,2030.216008,-1.236389,0.000000,-0.006700,-0.223961,0.000000,-0.004020,-10.917341,0.000000,-0.005360,-0.058291,0.000000,-0.010720,0.131748,-1.641802,9.626749,0.028761,-0.064980,-0.039415
2.550503,2030.225454,-1.234855,0.000000,-0.006700,-0.223961,0.000000,-0.004020,-10.917341,0.000000,-0.005360,-0.058291,0.000000,-0.010720,0.216703,-1.707627,9.651961,0.027697,-0.066047,-0.040479
2.560349,2030.235152,-1.236389,0.000000,-0.006700,-0.223961,0.000000,-0.004020,-10.917341,0.000000,-0.005360,-0.058291,0.000000,-0.010720,0.142539,-1.696836,9.661477,0.049002,-0.063916,-0.039415
2.570425,2030.244827,-1.236389,0.000000,-0.006700,-0.223961,0.000000,-0.004020,-10.917341,0.000000,-0.005360,-0.058291,0.000000,-0.010720,0.227494,-1.587945,9.587215,0.044742,-0.066047,-0.041546
2.580544,2030.254175,-1.236389,0.000000,-0.006700,-0.223961,0.000000,-0.004020,-10.917341,0.000000,-0.005360,-0.058291,0.000000,-0.010720,0.181976,-1.748338,9.669913,0.018110,-0.064980,-0.039415
2.590592,2030.263784,-1.236389,0.000000,-0.006700,-0.223961,0.000000,-0.004020,-10.917341,0.000000,-0.005360,-0.058291,0.000000,-0.010720,0.164023,-1.737547,9.631556,0.019174,-0.064980,-0.041546
2.600379,2030.282855,-1.236389,0.000000,-0.006700,-0.223961,0.000000,-0.004020,-10.917341,0.000000,-0.005360,-0.058291,0.000000,-0.010720,0.162846,-1.669368,9.668736,0.039415,-0.063916,-0.033023
2.610768,2030.292298,-1.236389,0.000000,-0.006700,-0.223961,0.000000,-0.004020,-10.917341,0.000000,-0.005360,-0.058291,0.000000,-0.010720,0.159314,-1.701643,9.605265,0.009587,-0.067111,-0.038350
2.620483,2030.302108,-1.236389,0.000000,-0.006700,-0.223961,0.000000,-0.004020,-10.917341,0.000000,-0.005360,-0.058291,0.000000,-0.010720,0.168830,-1.728032,9.615958,0.017045,-0.066047,-0.034088
2.630150,2030.311444,-1.236389,0.000000,-0.006700,-0.223961,0.000000,-0.004020,-10.917341,0.000000,-0.005360,-0.058291,0.000000,-0.010720,0.144894,-1.718418,9.645977,0.034088,-0.061785,-0.030892
2.640251,2030.321091,-1.234855,0.000000,-0.006700,-0.223961,0.000000,-0.004020,-10.917341,0.000000,-0.005360,-0.058291,0.000000,-0.010720,0.159314,-1.695659,9.598006,0.027697,-0.066047,-0.036219
2.650201,2030.330716,-1.236389,0.000000,-0.006700,-0.223961,0.000000,-0.004020,-10.917341,0.000000,-0.005360,-0.058291,0.000000,-0.010720,0.170007,-1.678883,9.663929,0.039415,-0.064980,-0.031959
2.660355,2030.339999,-1.234855,0.000000,-0.006700,-0.223961,0.000000,-0.004020,-10.917341,0.000000,-0.005360,-0.058291,0.000000,-0.010720,0.183251,-1.708804,9.625572,0.024501,-0.063916,-0.034088
2.670510,2030.349864,-1.236389,0.000000,-0.006700,-0.223961,0.000000,-0.004020,-10.917341,0.000000,-0.005360,-0.058291,0.000000,-0.010720,0.181976,-1.670545,9.617234,0.027697,-0.066047,-0.039415
2.680191,2030.359106,-1.236389,0.000000,-0.006700,-0.223961,0.000000,-0.004020,-10.917341,0.000000,-0.005360,-0.058291,0.000000,-0.010720,0.174814,-1.634640,9.657945,0.050068,-0.063916,-0.036219
2.690079,2030.368848,-1.236389,0.000000,-0.006700,-0.223961,0.000000,-0.004020,-10.917341,0.000000,-0.005360,-0.058291,0.000000,-0.010720,0.173637,-1.642979,9.621942,0.035154,-0.064980,-0.036219
2.700299,2030.378183,-1.236389,0.000000,-0.006700,-0.223961,0.000000,-0.004020,-10.917341,0.000000,-0.005360,-0.058291,0.000000,-0.010720,0.155685,-1.662108,9.615958,0.019174,-0.064980,-0.036219
2.710434,2030.387821,-1.236389,0.000000,-0.006700,-0.223961,0.000000,-0.004020,-10.917341,0.000000,-0.005360,-0.058291,0.000000,-0.010720,0.134103,-1.674076,9.639993,0.027697,-0.064980,-0.035154
2.720208,2030.397577,-1.236389,0.000000,-0.006700,-0.223961,0.000000,-0.004020,-10.917341,0.000000,-0.005360,-0.058291,0.000000,-0.010720,0.142539,-1.674076,9.625572,0.030892,-0.064980,-0.038350
2.730647,2030.406872,-1.234855,0.000000,-0.006700,-0.223961,0.000000,-0.004020,-10.917341,0.000000,-0.005360,-0.058291,0.000000,-0.010720,0.134103,-1.652593,9.649508,0.041546,-0.063916,-0.035154
2.740547,2030.416565,-1.236389,0.000000,-0.006700,-0.223961,0.000000,-0.004020,-10.917341,0.000000,-0.005360,-0.058291,0.000000,-0.010720,0.153330,-1.628656,9.629202,0.030892,-0.064980,-0.036219
2.750357,2030.426256,-1.236389,0.000000,-0.006700,-0.223961,0.000000,-0.004020,-10.917341,0.000000,-0.005360,-0.058291,0.000000,-0.010720,0.159314,-1.663384,9.619588,0.011718,-0.066047,-0.036219
2.760466,2030.435415,-1.234855,0.000000,-0.006700,-0.223961,0.000000,-0.004020,-10.917341,0.000000,-0.005360,-0.058291,0.000000,-0.010720,0.165299,-1.717241,9.624395,0.014914,-0.063916,-0.036219
2.770251,2030.445277,-1.236389,0.000000,-0.006700,-0.223961,0.000000,-0.004020,-10.917341,0.000000,-0.005360,-0.058291,0.000000,-0.010720,0.167653,-1.704095,9.631556,0.039415,-0.063916,-0.038350
2.780346,2030.454899,-1.234855,0.000000,-0.006700,-0.223961,0.000000,-0.004020,-10.917341,0.000000,-0.005360,-0.058291,0.000000,-0.010720,0.152055,-1.641802,9.651961,0.054329,-0.064980,-0.038350
2.790458,2030.464051,-1.236389,0.000000,-0.006700,-0.223961,0.000000,-0.004020,-10.917341,0.000000,-0.005360,-0.058291,0.000000,-0.010720,0.178444,-1.609429,9.626749,0.037284,-0.063916,-0.039415
2.800287,2030.473911,-1.236389,0.000000,-0.006700,-0.223961,0.000000,-0.004020,-10.917341,0.000000,-0.005360,-0.058291,0.000000,-0.010720,0.165299,-1.712434,9.613604,0.014914,-0.067111,-0.039415
2.810471,2030.483221,-1.234855,0.000000,-0.006700,-0.223961,0.000000,-0.004020,-10.917341,0.000000,-0.005360,-0.058291,0.000000,-0.010720,0.160492,-1.718418,9.617234,0.029828,-0.066047,-0.039415
2.820371,2030.502454,-1.234855,0.000000,-0.006700,-0.223961,0.000000,-0.004020,-10.917341,0.000000,-0.005360,-0.058291,0.000000,-0.010720,0.117328,-1.627381,9.660299,0.056460,-0.064980,-0.036219
2.830432,2030.511911,-1.236389,0.000000,-0.006700,-0.223961,0.000000,-0.004020,-10.917341,0.000000,-0.005360,-0.058291,0.000000,-0.010720,0.158039,-1.635818,9.650686,0.018110,-0.064980,-0.036219
2.840385,2030.521611,-1.236389,0.000000,-0.006700,-0.223961,0.000000,-0.004020,-10.917341,0.000000,-0.005360,-0.058291,0.000000,-0.010720,0.162846,-1.740000,9.588490,-0.004260,-0.066047,-0.036219
2.850411,2030.531230,-1.236389,0.000000,-0.006700,-0.223961,0.000000,-0.004020,-10.917341,0.000000,-0.005360,-0.058291,0.000000,-0.010720,0.158039,-1.699288,9.631556,0.039415,-0.061785,-0.028761
2.860448,2030.540488,-1.234855,0.000000,-0.006700,-0.223961,0.000000,-0.004020,-10.917341,0.000000,-0.005360,-0.058291,0.000000,-0.010720,0.192767,-1.611881,9.648331,0.057524,-0.064980,-0.034088
2.870486,2030.550259,-1.234855,0.000000,-0.006700,-0.223961,0.000000,-0.004020,-10.917341,0.000000,-0.005360,-0.058291,0.000000,-0.010720,0.173637,-1.672899,9.628025,0.020241,-0.064980,-0.038350
2.880396,2030.559848,-1.236389,0.000000,-0.006700,-0.223961,0.000000,-0.004020,-10.917341,0.000000,-0.005360,-0.058291,0.000000,-0.010720,0.173637,-1.717241,9.624395,0.008522,-0.064980,-0.037284
2.890339,2030.569320,-1.236389,0.000000,-0.006700,-0.223961,0.000000,-0.004020,-10.917341,0.000000,-0.005360,-0.058291,0.000000,-0.010720,0.186782,-1.704095,9.607620,0.027697,-0.064980,-0.041546
2.900304,2030.579030,-1.236389,0.000000,-0.006700,-0.223961,0.000000,-0.004020,-10.917341,0.000000,-0.005360,-0.058291,0.000000,-0.010720,0.118505,-1.659754,9.648331,0.060720,-0.062851,-0.036219
2.910567,2030.588474,-1.236389,0.000000,-0.006700,-0.223961,0.000000,-0.004020,-10.915807,0.000000,-0.005360,-0.058291,0.000000,-0.010720,0.150878,-1.629833,9.634009,0.040479,-0.064980,-0.039415
2.920448,2030.598108,-1.234855,0.000000,-0.006700,-0.223961,0.000000,-0.004020,-10.917341,0.000000,-0.005360,-0.058291,0.000000,-0.010720,0.164023,-1.705272,9.613604,0.004260,-0.064980,-0.040479
2.930387,2030.607394,-1.234855,0.000000,-0.006700,-0.223961,0.000000,-0.004020,-10.917341,0.000000,-0.005360,-0.058291,0.000000,-0.010720,0.136555,-1.704095,9.625572,0.028761,-0.063916,-0.033023
2.940511,2030.617138,-1.236389,0.000000,-0.006700,-0.223961,0.000000,-0.004020,-10.917341,0.000000,-0.005360,-0.058291,0.000000,-0.010720,0.168830,-1.623849,9.626749,0.047937,-0.064980,-0.035154
2.950324,2030.626441,-1.236389,0.000000,-0.006700,-0.223961,0.000000,-0.004020,-10.917341,0.000000,-0.005360,-0.058291,0.000000,-0.010720,0.158039,-1.635818,9.641170,0.040479,-0.064980,-0.034088
2.960726,2030.636122,-1.236389,0.000000,-0.006700,-0.223961,0.000000,-0.004020,-10.917341,0.000000,-0.005360,-0.058291,0.000000,-0.010720,0.165299,-1.671722,9.635186,0.019174,-0.067111,-0.036219
2.970439,2030.645863,-1.236389,0.000000,-0.006700,-0.223961,0.000000,-0.004020,-10.917341,0.000000,-0.005360,-0.058291,0.000000,-0.010720,0.178444,-1.676529,9.626749,0.019174,-0.063916,-0.038350
2.980175,2030.655071,-1.236389,0.000000,-0.006700,-0.223961,0.000000,-0.004020,-10.917341,0.000000,-0.005360,-0.058291,0.000000,-0.010720,0.155685,-1.670545,9.644702,0.041546,-0.063916,-0.035154
2.990286,2030.664609,-1.236389,0.000000,-0.006700,-0.223961,0.000000,-0.004020,-10.917341,0.000000,-0.005360,-0.058291,0.000000,-0.010720,0.149701,-1.663384,9.642347,0.038350,-0.064980,-0.038350
3.000303,2030.674513,-1.236389,0.000000,-0.006700,-0.223961,0.000000,-0.004020,-10.917341,0.000000,-0.005360,-0.058291,0.000000,-0.010720,0.142539,-1.657399,9.637540,0.028761,-0.064980,-0.037284
3.010528,2030.683705,-1.234855,0.000000,-0.006700,-0.223961,0.000000,-0.004020,-10.917341,0.000000,-0.005360,-0.058291,0.000000,-0.010720,0.136555,-1.696836,9.631556,0.020241,-0.064980,-0.037284
3.020284,2030.693512,-1.236389,0.000000,-0.006700,-0.223961,0.000000,-0.004020,-10.917341,0.000000,-0.005360,-0.058291,0.000000,-0.010720,0.159314,-1.705272,9.620765,0.025566,-0.066047,-0.036219
3.030532,2030.712514,-1.234855,0.000000,-0.006700,-0.223961,0.000000,-0.004020,-10.917341,0.000000,-0.005360,-0.058291,0.000000,-0.010720,0.178444,-1.676529,9.636363,0.029828,-0.062851,-0.036219
3.040594,2030.722109,-1.236389,0.000000,-0.006700,-0.223961,0.000000,-0.004020,-10.917341,0.000000,-0.005360,-0.058291,0.000000,-0.010720,0.179621,-1.688497,9.624395,0.019174,-0.064980,-0.036219
3.050390,2030.731558,-1.236389,0.000000,-0.006700,-0.223961,0.000000,-0.004020,-10.917341,0.000000,-0.005360,-0.058291,0.000000,-0.010720,0.181976,-1.695659,9.634009,0.028761,-0.066047,-0.035154
3.060341,2030.741017,-1.236389,0.000000,-0.006700,-0.223961,0.000000,-0.004020,-10.917341,0.000000,-0.005360,-0.058291,0.000000,-0.010720,0.167653,-1.670545,9.629202,0.038350,-0.063916,-0.034088
3.070112,2030.750902,-1.236389,0.000000,-0.006700,-0.223961,0.000000,-0.004020,-10.917341,0.000000,-0.005360,-0.058291,0.000000,-0.010720,0.149701,-1.686143,9.634009,0.035154,-0.063916,-0.036219
3.080606,2030.760297,-1.236389,0.000000,-0.006700,-0.223961,0.000000,-0.004020,-10.917341,0.000000,-0.005360,-0.058291,0.000000,-0.010720,0.147248,-1.693304,9.632733,0.025566,-0.066047,-0.037284
3.090144,2030.769776,-1.236389,0.000000,-0.006700,-0.223961,0.000000,-0.004020,-10.917341,0.000000,-0.005360,-0.058291,0.000000,-0.010720,0.144894,-1.689674,9.628025,0.028761,-0.064980,-0.037284
3.100265,2030.779559,-1.236389,0.000000,-0.006700,-0.223961,0.000000,-0.004020,-10.917341,0.000000,-0.005360,-0.058291,0.000000,-0.010720,0.150878,-1.681336,9.624395,0.034088,-0.064980,-0.036219
3.110537,2030.789005,-1.236389,0.000000,-0.006700,-0.223961,0.000000,-0.004020,-10.917341,0.000000,-0.005360,-0.058291,0.000000,-0.010720,0.155685,-1.666915,9.635186,0.035154,-0.064980,-0.035154
3.120198,2030.798348,-1.236389,0.000000,-0.006700,-0.223961,0.000000,-0.004020,-10.917341,0.000000,-0.005360,-0.058291,0.000000,-0.010720,0.167653,-1.657399,9.634009,0.031959,-0.063916,-0.036219
3.130499,2030.808003,-1.236389,0.000000,-0.006700,-0.223961,0.000000,-0.004020,-10.917341,0.000000,-0.005360,-0.058291,0.000000,-0.010720,0.178444,-1.663384,9.636363,0.030892,-0.066047,-0.037284
3.140324,2030.817419,-1.236389,0.000000,-0.006700,-0.223961,0.000000,-0.004020,-10.917341,0.000000,-0.005360,-0.058291,0.000000,-0.010720,0.183251,-1.645333,9.638717,0.036219,-0.064980,-0.037284
3.150413,2030.827175,-1.234855,0.000000,-0.006700,-0.223961,0.000000,-0.004020,-10.917341,0.000000,-0.005360,-0.058291,0.000000,-0.010720,0.167653,-1.639349,9.620765,0.035154,-0.066047,-0.037284
3.160579,2030.836608,-1.236389,0.000000,-0.006700,-0.223961,0.000000,-0.004020,-10.917341,0.000000,-0.005360,-0.058291,0.000000,-0.010720,0.171283,-1.669368,9.634009,0.028761,-0.064980,-0.036219
3.170372,2030.846386,-1.236389,0.000000,-0.006700,-0.223961,0.000000,-0.004020,-10.917341,0.000000,-0.005360,-0.058291,0.000000,-0.010720,0.136555,-1.623849,9.606442,0.026632,-0.066047,-0.037284
3.180324,2030.855894,-1.236389,0.000000,-0.006700,-0.223961,0.000000,-0.004020,-10.917341,0.000000,-0.005360,-0.058291,0.000000,-0.010720,0.159314,-1.713611,9.663929,0.025566,-0.064980,-0.035154
3.190248,2030.865244,-1.236389,0.000000,-0.006700,-0.223961,0.000000,-0.004020,-10.917341,0.000000,-0.005360,-0.058291,0.000000,-0.010720,0.104182,-1.674076,9.630379,0.035154,-0.063916,-0.035154
3.200337,2030.874683,-1.236389,0.000000,-0.006700,-0.223961,0.000000,-0.004020,-10.917341,0.000000,-0.005360,-0.058291,0.000000,-0.010720,0.166476,-1.621397,9.607620,0.028761,-0.066047,-0.037284
3.210616,2030.884444,-1.236389,0.000000,-0.006700,-0.223961,0.000000,-0.004020,-10.917341,0.000000,-0.005360,-0.058291,0.000000,-0.010720,0.152055,-1.710079,9.639993,0.024501,-0.062851,-0.033023
3.220480,2030.894034,-1.236389,0.000000,-0.006700,-0.223961,0.000000,-0.004020,-10.917341,0.000000,-0.005360,-0.058291,0.000000,-0.010720,0.171283,-1.660931,9.615958,0.030892,-0.064980,-0.036219
3.230653,2030.903351,-1.236389,0.000000,-0.006700,-0.223961,0.000000,-0.004020,-10.917341,0.000000,-0.005360,-0.058291,0.000000,-0.010720,0.204735,-1.671722,9.625572,0.027697,-0.066047,-0.038350
3.240455,2030.922563,-1.236389,0.000000,-0.006700,-0.223961,0.000000,-0.004020,-10.917341,0.000000,-0.005360,-0.058291,0.000000,-0.010720,0.183251,-1.648963,9.621942,0.022370,-0.064980,-0.038350
3.250447,2030.932352,-1.236389,0.000000,-0.006700,-0.223961,0.000000,-0.004020,-10.917341,0.000000,-0.005360,-0.058291,0.000000,-0.010720,0.159314,-1.717241,9.641170,0.021305,-0.064980,-0.034088
3.260148,2030.941818,-1.236389,0.000000,-0.006700,-0.223961,0.000000,-0.004020,-10.917341,0.000000,-0.005360,-0.058291,0.000000,-0.010720,0.144894,-1.688497,9.639993,0.034088,-0.062851,-0.034088
3.270344,2030.951467,-1.236389,0.000000,-0.006700,-0.223961,0.000000,-0.004020,-10.917341,0.000000,-0.005360,-0.058291,0.000000,-0.010720,0.144894,-1.688497,9.621942,0.027697,-0.064980,-0.039415
3.280058,2030.960727,-1.236389,0.000000,-0.006700,-0.223961,0.000000,-0.004020,-10.917341,0.000000,-0.005360,-0.058291,0.000000,-0.010720,0.126941,-1.708804,9.650686,0.038350,-0.062851,-0.033023
3.290117,2030.970237,-1.236389,0.000000,-0.006700,-0.223961,0.000000,-0.004020,-10.917341,0.000000,-0.005360,-0.058291,0.000000,-0.010720,0.168830,-1.696836,9.609974,0.022370,-0.066047,-0.040479
3.300283,2030.980110,-1.236389,0.000000,-0.006700,-0.223961,0.000000,-0.004020,-10.917341,0.000000,-0.005360,-0.058291,0.000000,-0.010720,0.162846,-1.705272,9.624395,0.034088,-0.064980,-0.037284
3.310709,2030.989298,-1.236389,0.000000,-0.006700,-0.223961,0.000000,-0.004020,-10.917341,0.000000,-0.005360,-0.058291,0.000000,-0.010720,0.167653,-1.654947,9.650686,0.049002,-0.064980,-0.034088
3.320135,2030.998877,-1.236389,0.000000,-0.006700,-0.223961,0.000000,-0.004020,-10.917341,0.000000,-0.005360,-0.058291,0.000000,-0.010720,0.202380,-1.658577,9.620765,0.026632,-0.067111,-0.039415
3.330396,2031.008615,-1.236389,0.000000,-0.006700,-0.223961,0.000000,-0.004020,-10.917341,0.000000,-0.005360,-0.058291,0.000000,-0.010720,0.170007,-1.657399,9.645977,0.035154,-0.064980,-0.033023
3.340303,2031.018279,-1.236389,0.000000,-0.006700,-0.223961,0.000000,-0.004020,-10.917341,0.000000,-0.005360,-0.058291,0.000000,-0.010720,0.160492,-1.682513,9.642347,0.024501,-0.066047,-0.038350
3.350223,2031.027559,-1.236389,0.000000,-0.006700,-0.223961,0.000000,-0.004020,-10.915807,0.000000,-0.005360,-0.058291,0.000000,-0.010720,0.152055,-1.668092,9.629202,0.030892,-0.064980,-0.039415
3.360492,2031.037073,-1.236389,0.000000,-0.006700,-0.223961,0.000000,-0.004020,-10.917341,0.000000,-0.005360,-0.058291,0.000000,-0.010720,0.138910,-1.657399,9.638717,0.038350,-0.064980,-0.035154
3.370173,2031.046578,-1.236389,0.000000,-0.006700,-0.223961,0.000000,-0.004020,-10.917341,0.000000,-0.005360,-0.058291,0.000000,-0.010720,0.152055,-1.677706,9.613604,0.020241,-0.064980,-0.038350
3.380481,2031.056110,-1.236389,0.000000,-0.006700,-0.223961,0.000000,-0.004020,-10.917341,0.000000,-0.005360,-0.058291,0.000000,-0.010720,0.143716,-1.687320,9.634009,0.030892,-0.064980,-0.034088
3.390340,2031.065704,-1.234855,0.000000,-0.006700,-0.223961,0.000000,-0.004020,-10.917341,0.000000,-0.005360,-0.058291,0.000000,-0.010720,0.158039,-1.668092,9.628025,0.033023,-0.063916,-0.035154
3.400243,2031.075410,-1.234855,0.000000,-0.006700,-0.223961,0.000000,-0.004020,-10.917341,0.000000,-0.005360,-0.058291,0.000000,-0.010720,0.170007,-1.660931,9.632733,0.031959,-0.064980,-0.036219
3.410228,2031.085014,-1.236389,0.000000,-0.006700,-0.223961,0.000000,-0.004020,-10.917341,0.000000,-0.005360,-0.058291,0.000000,-0.010720,0.166476,-1.657399,9.632733,0.030892,-0.064980,-0.035154
3.420284,2031.094512,-1.236389,0.000000,-0.006700,-0.223961,0.000000,-0.004020,-10.917341,0.000000,-0.005360,-0.058291,0.000000,-0.010720,0.179621,-1.684868,9.620765,0.023436,-0.064980,-0.036219
3.430466,2031.104161,-1.236389,0.000000,-0.006700,-0.223961,0.000000,-0.004020,-10.917341,0.000000,-0.005360,-0.058291,0.000000,-0.010720,0.167653,-1.676529,9.626749,0.030892,-0.064980,-0.036219
3.440376,2031.123110,-1.236389,0.000000,-0.006700,-0.223961,0.000000,-0.004020,-10.917341,0.000000,-0.005360,-0.058291,0.000000,-0.010720,0.158039,-1.689674,9.631556,0.029828,-0.064980,-0.037284
3.450307,2031.132878,-1.236389,0.000000,-0.006700,-0.223961,0.000000,-0.004020,-10.917341,0.000000,-0.005360,-0.058291,0.000000,-0.010720,0.154508,-1.693304,9.625572,0.029828,-0.064980,-0.037284
3.460617,2031.142175,-1.236389,0.000000,-0.006700,-0.223961,0.000000,-0.004020,-10.917341,0.000000,-0.005360,-0.058291,0.000000,-0.010720,0.155685,-1.701643,9.619588,0.029828,-0.064980,-0.035154
3.470542,2031.151785,-1.236389,0.000000,-0.006700,-0.223961,0.000000,-0.004020,-10.917341,0.000000,-0.005360,-0.058291,0.000000,-0.010720,0.165299,-1.687320,9.630379,0.035154,-0.064980,-0.037284
3.480313,2031.161152,-1.236389,0.000000,-0.006700,-0.223961,0.000000,-0.004020,-10.917341,0.000000,-0.005360,-0.058291,0.000000,-0.010720,0.166476,-1.659754,9.629202,0.033023,-0.064980,-0.036219
3.490222,2031.171002,-1.236389,0.000000,-0.006700,-0.223961,0.000000,-0.004020,-10.917341,0.000000,-0.005360,-0.058291,0.000000,-0.010720,0.180798,-1.674076,9.634009,0.031959,-0.064980,-0.035154
3.500450,2031.180536,-1.236389,0.000000,-0.006700,-0.223961,0.000000,-0.004020,-10.917341,0.000000,-0.005360,-0.058291,0.000000,-0.010720,0.165299,-1.658577,9.628025,0.031959,-0.063916,-0.036219
3.510470,2031.189828,-1.236389,0.000000,-0.006700,-0.223961,0.000000,-0.004020,-10.917341,0.000000,-0.005360,-0.058291,0.000000,-0.010720,0.167653,-1.665738,9.635186,0.033023,-0.063916,-0.035154
3.520533,2031.199519,-1.236389,0.000000,-0.006700,-0.223961,0.000000,-0.004020,-10.917341,0.000000,-0.005360,-0.058291,0.000000,-0.010720,0.150878,-1.664561,9.629202,0.031959,-0.064980,-0.035154
3.530491,2031.209111,-1.236389,0.000000,-0.006700,-0.223961,0.000000,-0.004020,-10.917341,0.000000,-0.005360,-0.058291,0.000000,-0.010720,0.149701,-1.675352,9.628025,0.027697,-0.063916,-0.035154
3.540216,2031.218600,-1.236389,0.000000,-0.006700,-0.223961,0.000000,-0.004020,-10.917341,0.000000,-0.005360,-0.058291,0.000000,-0.010720,0.153330,-1.664561,9.629202,0.030892,-0.064980,-0.036219
3.550217,2031.228263,-1.236389,0.000000,-0.006700,-0.223961,0.000000,-0.004020,-10.917341,0.000000,-0.005360,-0.058291,0.000000,-0.010720,0.153330,-1.662108,9.628025,0.029828,-0.064980,-0.035154
3.560223,2031.237775,-1.236389,0.000000,-0.006700,-0.223961,0.000000,-0.004020,-10.917341,0.000000,-0.005360,-0.058291,0.000000,-0.010720,0.143716,-1.666915,9.639993,0.033023,-0.064980,-0.036219
3.570334,2031.247110,-1.236389,0.000000,-0.006700,-0.223961,0.000000,-0.004020,-10.917341,0.000000,-0.005360,-0.058291,0.000000,-0.010720,0.166476,-1.665738,9.637540,0.029828,-0.064980,-0.035154
3.580372,2031.256873,-1.234855,0.000000,-0.006700,-0.223961,0.000000,-0.004020,-10.917341,0.000000,-0.005360,-0.058291,0.000000,-0.010720,0.179621,-1.671722,9.632733,0.029828,-0.064980,-0.035154
3.590329,2031.266212,-1.236389,0.000000,-0.006700,-0.223961,0.000000,-0.004020,-10.917341,0.000000,-0.005360,-0.058291,0.000000,-0.010720,0.170007,-1.659754,9.629202,0.029828,-0.064980,-0.035154
3.600210,2031.276003,-1.236389,0.000000,-0.006700,-0.223961,0.000000,-0.004020,-10.917341,0.000000,-0.005360,-0.058291,0.000000,-0.010720,0.168830,-1.672899,9.630379,0.028761,-0.066047,-0.036219
3.610565,2031.285596,-1.234855,0.000000,-0.006700,-0.223961,0.000000,-0.004020,-10.917341,0.000000,-0.005360,-0.058291,0.000000,-0.010720,0.161669,-1.652593,9.620765,0.030892,-0.064980,-0.035154
3.620525,2031.295072,-1.236389,0.000000,-0.006700,-0.223961,0.000000,-0.004020,-10.917341,0.000000,-0.005360,-0.058291,0.000000,-0.010720,0.143716,-1.669368,9.621942,0.028761,-0.064980,-0.036219
3.630692,2031.304601,-1.236389,0.000000,-0.006700,-0.223961,0.000000,-0.004020,-10.917341,0.000000,-0.005360,-0.058291,0.000000,-0.010720,0.137732,-1.710079,9.655492,0.025566,-0.066047,-0.035154
3.640424,2031.314153,-1.236389,0.000000,-0.006700,-0.223961,0.000000,-0.004020,-10.917341,0.000000,-0.005360,-0.058291,0.000000,-0.010720,0.166476,-1.671722,9.643524,0.035154,-0.064980,-0.037284
3.650473,2031.323650,-1.234855,0.000000,-0.006700,-0.223961,0.000000,-0.004020,-10.917341,0.000000,-0.005360,-0.058291,0.000000,-0.010720,0.144894,-1.719595,9.623218,0.029828,-0.064980,-0.036219
3.660735,2031.342595,-1.236389,0.000000,-0.006700,-0.223961,0.000000,-0.004020,-10.917341,0.000000,-0.005360,-0.058291,0.000000,-0.010720,0.210719,-1.688497,9.611249,0.021305,-0.064980,-0.040479
3.670503,2031.352350,-1.234855,0.000000,-0.006700,-0.223961,0.000000,-0.004020,-10.917341,0.000000,-0.005360,-0.058291,0.000000,-0.010720,0.160492,-1.694481,9.638717,0.038350,-0.064980,-0.034088
3.680422,2031.361761,-1.234855,0.000000,-0.006700,-0.223961,0.000000,-0.004020,-10.917341,0.000000,-0.005360,-0.058291,0.000000,-0.010720,0.195219,-1.648963,9.650686,0.040479,-0.063916,-0.035154
3.690178,2031.371253,-1.236389,0.000000,-0.006700,-0.223961,0.000000,-0.004020,-10.917341,0.000000,-0.005360,-0.058291,0.000000,-0.010720,0.175991,-1.676529,9.607620,0.018110,-0.066047,-0.039415
3.700248,2031.381091,-1.234855,0.000000,-0.006700,-0.223961,0.000000,-0.004020,-10.917341,0.000000,-0.005360,-0.058291,0.000000,-0.010720,0.128119,-1.694481,9.647154,0.034088,-0.064980,-0.033023
3.710557,2031.390490,-1.236389,0.000000,-0.006700,-0.223961,0.000000,-0.004020,-10.917341,0.000000,-0.005360,-0.058291,0.000000,-0.010720,0.166476,-1.664561,9.607620,0.025566,-0.067111,-0.040479
3.720060,2031.400278,-1.234855,0.000000,-0.006700,-0.223961,0.000000,-0.004020,-10.917341,0.000000,-0.005360,-0.058291,0.000000,-0.010720,0.129296,-1.694481,9.634009,0.036219,-0.064980,-0.034088
3.730492,2031.409806,-1.236389,0.000000,-0.006700,-0.223961,0.000000,-0.004020,-10.917341,0.000000,-0.005360,-0.058291,0.000000,-0.010720,0.146071,-1.658577,9.653138,0.038350,-0.063916,-0.034088
3.740175,2031.419109,-1.234855,0.000000,-0.006700,-0.223961,0.000000,-0.004020,-10.917341,0.000000,-0.005360,-0.058291,0.000000,-0.010720,0.173637,-1.668092,9.625572,0.018110,-0.066047,-0.039415
3.750237,2031.428622,-1.236389,0.000000,-0.006700,-0.223961,0.000000,-0.004020,-10.917341,0.000000,-0.005360,-0.058291,0.000000,-0.010720,0.152055,-1.652593,9.666284,0.043675,-0.062851,-0.031959
3.760631,2031.438297,-1.234855,0.000000,-0.006700,-0.223961,0.000000,-0.004020,-10.917341,0.000000,-0.005360,-0.058291,0.000000,-0.010720,0.174814,-1.646609,9.643524,0.031959,-0.064980,-0.038350
3.770428,2031.447750,-1.236389,0.000000,-0.006700,-0.223961,0.000000,-0.004020,-10.917341,0.000000,-0.005360,-0.058291,0.000000,-0.010720,0.180798,-1.648963,9.651961,0.029828,-0.064980,-0.038350
3.780434,2031.457365,-1.234855,0.000000,-0.006700,-0.223961,0.000000,-0.004020,-10.917341,0.000000,-0.005360,-0.058291,0.000000,-0.010720,0.165299,-1.660931,9.655492,0.033023,-0.064980,-0.034088
3.790295,2031.466811,-1.236389,0.000000,-0.006700,-0.223961,0.000000,-0.004020,-10.917341,0.000000,-0.005360,-0.058291,0.000000,-0.010720,0.162846,-1.678883,9.625572,0.020241,-0.064980,-0.038350
3.800217,2031.476645,-1.236389,0.000000,-0.006700,-0.223961,0.000000,-0.004020,-10.917341,0.000000,-0.005360,-0.058291,0.000000,-0.010720,0.134103,-1.668092,9.650686,0.037284,-0.063916,-0.031959
3.810366,2031.485995,-1.236389,0.000000,-0.006700,-0.223961,0.000000,-0.004020,-10.917341,0.000000,-0.005360,-0.058291,0.000000,-0.010720,0.144894,-1.687320,9.630379,0.025566,-0.066047,-0.036219
3.820263,2031.495453,-1.236389,0.000000,-0.006700,-0.223961,0.000000,-0.004020,-10.917341,0.000000,-0.005360,-0.058291,0.000000,-0.010720,0.155685,-1.689674,9.641170,0.026632,-0.064980,-0.037284
3.830319,2031.505278,-1.234855,0.000000,-0.006700,-0.223961,0.000000,-0.004020,-10.917341,0.000000,-0.005360,-0.058291,0.000000,-0.010720,0.156862,-1.694481,9.641170,0.035154,-0.064980,-0.034088
3.840355,2031.514817,-1.234855,0.000000,-0.006700,-0.223961,0.000000,-0.004020,-10.917341,0.000000,-0.005360,-0.058291,0.000000,-0.010720,0.162846,-1.678883,9.625572,0.029828,-0.064980,-0.038350
3.850325,2031.524109,-1.236389,0.000000,-0.006700,-0.223961,0.000000,-0.004020,-10.917341,0.000000,-0.005360,-0.058291,0.000000,-0.010720,0.177267,-1.684868,9.636363,0.033023,-0.064980,-0.036219
3.860611,2031.533740,-1.236389,0.000000,-0.006700,-0.223961,0.000000,-0.004020,-10.917341,0.000000,-0.005360,-0.058291,0.000000,-0.010720,0.186782,-1.686143,9.636363,0.029828,-0.066047,-0.036219
3.870479,2031.552795,-1.236389,0.000000,-0.006700,-0.223961,0.000000,-0.004020,-10.917341,0.000000,-0.005360,-0.058291,0.000000,-0.010720,0.178444,-1.686143,9.623218,0.030892,-0.067111,-0.036219
3.880472,2031.562372,-1.236389,0.000000,-0.006700,-0.223961,0.000000,-0.004020,-10.917341,0.000000,-0.005360,-0.058291,0.000000,-0.010720,0.166476,-1.695659,9.637540,0.030892,-0.064980,-0.036219
3.890525,2031.572015,-1.234855,0.000000,-0.006700,-0.223961,0.000000,-0.004020,-10.917341,0.000000,-0.005360,-0.058291,0.000000,-0.010720,0.138910,-1.684868,9.619588,0.031959,-0.066047,-0.036219
3.900225,2031.581620,-1.236389,0.000000,-0.006700,-0.223961,0.000000,-0.004020,-10.917341,0.000000,-0.005360,-0.058291,0.000000,-0.010720,0.150878,-1.690852,9.644702,0.028761,-0.064980,-0.037284
3.910242,2031.591175,-1.236389,0.000000,-0.006700,-0.223961,0.000000,-0.004020,-10.917341,0.000000,-0.005360,-0.058291,0.000000,-0.010720,0.154508,-1.687320,9.648331,0.033023,-0.063916,-0.036219
3.920452,2031.600818,-1.234855,0.000000,-0.006700,-0.223961,0.000000,-0.004020,-10.917341,0.000000,-0.005360,-0.058291,0.000000,-0.010720,0.160492,-1.664561,9.637540,0.034088,-0.066047,-0.035154
3.930515,2031.610353,-1.234855,0.000000,-0.006700,-0.223961,0.000000,-0.004020,-10.917341,0.000000,-0.005360,-0.058291,0.000000,-0.010720,0.156862,-1.666915,9.634009,0.034088,-0.064980,-0.036219
3.940217,2031.619879,-1.234855,0.000000,-0.006700,-0.223961,0.000000,-0.004020,-10.917341,0.000000,-0.005360,-0.058291,0.000000,-0.010720,0.165299,-1.658577,9.647154,0.033023,-0.064980,-0.036219
3.950180,2031.629154,-1.236389,0.000000,-0.006700,-0.223961,0.000000,-0.004020,-10.917341,0.000000,-0.005360,-0.058291,0.000000,-0.010720,0.167653,-1.651317,9.631556,0.031959,-0.064980,-0.036219
3.960500,2031.638837,-1.236389,0.000000,-0.006700,-0.223961,0.000000,-0.004020,-10.917341,0.000000,-0.005360,-0.058291,0.000000,-0.010720,0.162846,-1.650140,9.644702,0.031959,-0.064980,-0.035154
3.970310,2031.648386,-1.236389,0.000000,-0.006700,-0.223961,0.000000,-0.004020,-10.917341,0.000000,-0.005360,-0.058291,0.000000,-0.010720,0.164023,-1.656124,9.635186,0.028761,-0.064980,-0.037284
3.980406,2031.658110,-1.236389,0.000000,-0.006700,-0.223961,0.000000,-0.004020,-10.917341,0.000000,-0.005360,-0.058291,0.000000,-0.010720,0.144894,-1.652593,9.649508,0.030892,-0.063916,-0.037284
3.990265,2031.667564,-1.236389,0.000000,-0.006700,-0.223961,0.000000,-0.004020,-10.917341,0.000000,-0.005360,-0.058291,0.000000,-0.010720,0.147248,-1.669368,9.621942,0.027697,-0.064980,-0.037284
4.000162,2031.677140,-1.236389,0.000000,-0.006700,-0.223961,0.000000,-0.004020,-10.917341,0.000000,-0.005360,-0.058291,0.000000,-0.010720,0.156862,-1.671722,9.631556,0.028761,-0.064980,-0.035154
4.010127,2031.686748,-1.236389,0.000000,-0.006700,-0.223961,0.000000,-0.004020,-10.917341,0.000000,-0.005360,-0.058291,0.000000,-0.010720,0.147248,-1.656124,9.637540,0.031959,-0.063916,-0.034088
4.020382,2031.696149,-1.234855,0.000000,-0.006700,-0.223961,0.000000,-0.004020,-10.917341,0.000000,-0.005360,-0.058291,0.000000,-0.010720,0.158039,-1.659754,9.634009,0.028761,-0.063916,-0.037284
4.030438,2031.705621,-1.236389,0.000000,-0.006700,-0.223961,0.000000,-0.004020,-10.917341,0.000000,-0.005360,-0.058291,0.000000,-0.010720,0.164023,-1.676529,9.642347,0.029828,-0.064980,-0.036219
4.040372,2031.715140,-1.234855,0.000000,-0.006700,-0.223961,0.000000,-0.004020,-10.917341,0.000000,-0.005360,-0.058291,0.000000,-0.010720,0.173637,-1.670545,9.638717,0.031959,-0.064980,-0.037284
4.050303,2031.724894,-1.236389,0.000000,-0.006700,-0.223961,0.000000,-0.004020,-10.917341,0.000000,-0.005360,-0.058291,0.000000,-0.010720,0.167653,-1.671722,9.626749,0.031959,-0.066047,-0.037284
4.060094,2031.734431,-1.236389,0.000000,-0.006700,-0.223961,0.000000,-0.004020,-10.917341,0.000000,-0.005360,-0.058291,0.000000,-0.010720,0.172460,-1.686143,9.625572,0.028761,-0.064980,-0.036219
4.070472,2031.743863,-1.236389,0.000000,-0.006700,-0.223961,0.000000,-0.004020,-10.917341,0.000000,-0.005360,-0.058291,0.000000,-0.010720,0.171283,-1.698111,9.629202,0.028761,-0.066047,-0.036219
4.080394,2031.753245,-1.236389,0.000000,-0.006700,-0.223961,0.000000,-0.004020,-10.917341,0.000000,-0.005360,-0.058291,0.000000,-0.010720,0.154508,-1.699288,9.637540,0.029828,-0.064980,-0.035154
4.090257,2031.772558,-1.234855,0.000000,-0.006700,-0.223961,0.000000,-0.004020,-10.917341,0.000000,-0.005360,-0.058291,0.000000,-0.010720,0.161669,-1.682513,9.631556,0.031959,-0.063916,-0.036219
4.100198,2031.782198,-1.236389,0.000000,-0.006700,-0.223961,0.000000,-0.004020,-10.917341,0.000000,-0.005360,-0.058291,0.000000,-0.010720,0.162846,-1.682513,9.635186,0.030892,-0.063916,-0.036219
4.110346,2031.791417,-1.236389,0.000000,-0.006700,-0.223961,0.000000,-0.004020,-10.917341,0.000000,-0.005360,-0.058291,0.000000,-0.010720,0.164023,-1.686143,9.650686,0.031959,-0.062851,-0.036219
4.120547,2031.801280,-1.236389,0.000000,-0.006700,-0.223961,0.000000,-0.004020,-10.917341,0.000000,-0.005360,-0.058291,0.000000,-0.010720,0.170007,-1.676529,9.630379,0.034088,-0.064980,-0.036219
4.130135,2031.810880,-1.236389,0.000000,-0.006700,-0.223961,0.000000,-0.004020,-10.917341,0.000000,-0.005360,-0.058291,0.000000,-0.010720,0.171283,-1.677706,9.632733,0.034088,-0.063916,-0.037284
4.140114,2031.820365,-1.236389,0.000000,-0.006700,-0.223961,0.000000,-0.004020,-10.917341,0.000000,-0.005360,-0.058291,0.000000,-0.010720,0.159314,-1.671722,9.630379,0.030892,-0.064980,-0.036219
4.150520,2031.829913,-1.236389,0.000000,-0.006700,-0.223961,0.000000,-0.004020,-10.917341,0.000000,-0.005360,-0.058291,0.000000,-0.010720,0.152055,-1.664561,9.630379,0.029828,-0.064980,-0.038350
4.160415,2031.839434,-1.236389,0.000000,-0.006700,-0.223961,0.000000,-0.004020,-10.917341,0.000000,-0.005360,-0.058291,0.000000,-0.010720,0.146071,-1.663384,9.631556,0.033023,-0.064980,-0.037284
4.170428,2031.848875,-1.236389,0.000000,-0.006700,-0.223961,0.000000,-0.004020,-10.917341,0.000000,-0.005360,-0.058291,0.000000,-0.010720,0.147248,-1.653770,9.644702,0.031959,-0.066047,-0.037284
4.180243,2031.858525,-1.234855,0.000000,-0.006700,-0.223961,0.000000,-0.004020,-10.917341,0.000000,-0.005360,-0.058291,0.000000,-0.010720,0.147248,-1.668092,9.634009,0.029828,-0.064980,-0.037284
4.190080,2031.867947,-1.236389,0.000000,-0.006700,-0.223961,0.000000,-0.004020,-10.917341,0.000000,-0.005360,-0.058291,0.000000,-0.010720,0.161669,-1.652593,9.629202,0.031959,-0.064980,-0.036219
4.200315,2031.877394,-1.234855,0.000000,-0.006700,-0.223961,0.000000,-0.004020,-10.917341,0.000000,-0.005360,-0.058291,0.000000,-0.010720,0.164023,-1.656124,9.637540,0.031959,-0.063916,-0.037284
4.210076,2031.887141,-1.236389,0.000000,-0.006700,-0.223961,0.000000,-0.004020,-10.917341,0.000000,-0.005360,-0.058291,0.000000,-0.010720,0.161669,-1.656124,9.638717,0.033023,-0.063916,-0.037284
4.220456,2031.896651,-1.234855,0.000000,-0.006700,-0.223961,0.000000,-0.004020,-10.917341,0.000000,-0.005360,-0.058291,0.000000,-0.010720,0.161669,-1.668092,9.644702,0.031959,-0.064980,-0.036219
4.230320,2031.906195,-1.236389,0.000000,-0.006700,-0.223961,0.000000,-0.004020,-10.917341,0.000000,-0.005360,-0.058291,0.000000,-0.010720,0.165299,-1.668092,9.631556,0.027697,-0.063916,-0.037284
4.240259,2031.915754,-1.236389,0.000000,-0.006700,-0.223961,0.000000,-0.004020,-10.917341,0.000000,-0.005360,-0.058291,0.000000,-0.010720,0.165299,-1.672899,9.637540,0.028761,-0.064980,-0.036219
4.250532,2031.925210,-1.234855,0.000000,-0.006700,-0.223961,0.000000,-0.004020,-10.917341,0.000000,-0.005360,-0.058291,0.000000,-0.010720,0.153330,-1.677706,9.624395,0.029828,-0.064980,-0.036219
4.260174,2031.935038,-1.236389,0.000000,-0.006700,-0.223961,0.000000,-0.004020,-10.917341,0.000000,-0.005360,-0.058291,0.000000,-0.010720,0.159314,-1.683690,9.634009,0.028761,-0.064980,-0.036219
4.270133,2031.944331,-1.234855,0.000000,-0.006700,-0.223961,0.000000,-0.004020,-10.917341,0.000000,-0.005360,-0.058291,0.000000,-0.010720,0.156862,-1.689674,9.638717,0.029828,-0.064980,-0.035154
4.280263,2031.953864,-1.236389,0.000000,-0.006700,-0.223961,0.000000,-0.004020,-10.917341,0.000000,-0.005360,-0.058291,0.000000,-0.010720,0.161669,-1.678883,9.641170,0.029828,-0.064980,-0.035154
4.290124,2031.963352,-1.236389,0.000000,-0.006700,-0.223961,0.000000,-0.004020,-10.917341,0.000000,-0.005360,-0.058291,0.000000,-0.010720,0.172460,-1.687320,9.631556,0.030892,-0.064980,-0.035154
4.300536,2031.972984,-1.236389,0.000000,-0.006700,-0.223961,0.000000,-0.004020,-10.917341,0.000000,-0.005360,-0.058291,0.000000,-0.010720,0.173637,-1.674076,9.623218,0.031959,-0.064980,-0.036219
4.310108,2031.992175,-1.236389,0.000000,-0.006700,-0.223961,0.000000,-0.004020,-10.917341,0.000000,-0.005360,-0.058291,0.000000,-0.010720,0.161669,-1.678883,9.638717,0.029828,-0.063916,-0.035154
4.320230,2032.001706,-1.236389,0.000000,-0.006700,-0.223961,0.000000,-0.004020,-10.917341,0.000000,-0.005360,-0.058291,0.000000,-0.010720,0.154508,-1.683690,9.634009,0.030892,-0.064980,-0.035154
4.330471,2032.011147,-1.234855,0.000000,-0.006700,-0.223961,0.000000,-0.004020,-10.917341,0.000000,-0.005360,-0.058291,0.000000,-0.010720,0.159314,-1.675352,9.642347,0.030892,-0.063916,-0.036219
4.340279,2032.020913,-1.234855,0.000000,-0.006700,-0.223961,0.000000,-0.004020,-10.917341,0.000000,-0.005360,-0.058291,0.000000,-0.010720,0.155685,-1.663384,9.629202,0.030892,-0.064980,-0.036219
4.350285,2032.030398,-1.236389,0.000000,-0.006700,-0.223961,0.000000,-0.004020,-10.917341,0.000000,-0.005360,-0.058291,0.000000,-0.010720,0.146071,-1.678883,9.632733,0.029828,-0.063916,-0.036219
4.360134,2032.039795,-1.234855,0.000000,-0.006700,-0.223961,0.000000,-0.004020,-10.917341,0.000000,-0.005360,-0.058291,0.000000,-0.010720,0.153330,-1.671722,9.631556,0.031959,-0.066047,-0.037284
4.370453,2032.049603,-1.236389,0.000000,-0.006700,-0.223961,0.000000,-0.004020,-10.917341,0.000000,-0.005360,-0.056757,0.000000,-0.010720,0.167653,-1.662108,9.641170,0.034088,-0.064980,-0.037284
4.380580,2032.059059,-1.236389,0.000000,-0.006700,-0.223961,0.000000,-0.004020,-10.917341,0.000000,-0.005360,-0.058291,0.000000,-0.010720,0.162846,-1.663384,9.625572,0.033023,-0.064980,-0.037284
4.390323,2032.068559,-1.236389,0.000000,-0.006700,-0.223961,0.000000,-0.004020,-10.917341,0.000000,-0.005360,-0.058291,0.000000,-0.010720,0.164023,-1.654947,9.623218,0.033023,-0.066047,-0.036219
4.400345,2032.078229,-1.236389,0.000000,-0.006700,-0.223961,0.000000,-0.004020,-10.917341,0.000000,-0.005360,-0.058291,0.000000,-0.010720,0.173637,-1.652593,9.641170,0.031959,-0.064980,-0.036219
4.410358,2032.087740,-1.236389,0.000000,-0.006700,-0.223961,0.000000,-0.004020,-10.917341,0.000000,-0.005360,-0.058291,0.000000,-0.010720,0.166476,-1.663384,9.623218,0.030892,-0.066047,-0.037284
4.420335,2032.097244,-1.236389,0.000000,-0.006700,-0.223961,0.000000,-0.004020,-10.917341,0.000000,-0.005360,-0.058291,0.000000,-0.010720,0.159314,-1.666915,9.630379,0.029828,-0.064980,-0.036219
4.430487,2032.106876,-1.236389,0.000000,-0.006700,-0.223961,0.000000,-0.004020,-10.917341,0.000000,-0.005360,-0.058291,0.000000,-0.010720,0.142539,-1.686143,9.629202,0.029828,-0.064980,-0.037284
4.440285,2032.116111,-1.236389,0.000000,-0.006700,-0.223961,0.000000,-0.004020,-10.917341,0.000000,-0.005360,-0.058291,0.000000,-0.010720,0.144894,-1.676529,9.629202,0.028761,-0.066047,-0.036219
4.450352,2032.125739,-1.234855,0.000000,-0.006700,-0.223961,0.000000,-0.004020,-10.917341,0.000000,-0.005360,-0.058291,0.000000,-0.010720,0.150878,-1.680061,9.624395,0.030892,-0.063916,-0.034088
4.460233,2032.135316,-1.236389,0.000000,-0.006700,-0.223961,0.000000,-0.004020,-10.917341,0.000000,-0.005360,-0.058291,0.000000,-0.010720,0.146071,-1.676529,9.623218,0.030892,-0.064980,-0.035154
4.470349,2032.145034,-1.234855,0.000000,-0.006700,-0.223961,0.000000,-0.004020,-10.917341,0.000000,-0.005360,-0.058291,0.000000,-0.010720,0.160492,-1.676529,9.617234,0.030892,-0.064980,-0.037284
4.480571,2032.154473,-1.236389,0.000000,-0.006700,-0.223961,0.000000,-0.004020,-10.917341,0.000000,-0.005360,-0.058291,0.000000,-0.010720,0.175991,-1.682513,9.629202,0.030892,-0.064980,-0.036219
4.490475,2032.163851,-1.236389,0.000000,-0.006700,-0.223961,0.000000,-0.004020,-10.917341,0.000000,-0.005360,-0.058291,0.000000,-0.010720,0.166476,-1.676529,9.620765,0.029828,-0.064980,-0.036219
4.500285,2032.173409,-1.236389,0.000000,-0.006700,-0.223961,0.000000,-0.004020,-10.917341,0.000000,-0.005360,-0.058291,0.000000,-0.010720,0.166476,-1.668092,9.623218,0.029828,-0.064980,-0.036219
4.510893,2032.192508,-1.236389,0.000000,-0.006700,-0.223961,0.000000,-0.004020,-10.917341,0.000000,-0.005360,-0.056757,0.000000,-0.010720,0.165299,-1.687320,9.628025,0.030892,-0.063916,-0.036219
4.520415,2032.202041,-1.236389,0.000000,-0.006700,-0.223961,0.000000,-0.004020,-10.917341,0.000000,-0.005360,-0.058291,0.000000,-0.010720,0.150878,-1.696836,9.618411,0.030892,-0.064980,-0.035154
4.530249,2032.211932,-1.234855,0.000000,-0.006700,-0.223961,0.000000,-0.004020,-10.917341,0.000000,-0.005360,-0.058291,0.000000,-0.010720,0.152055,-1.687320,9.629202,0.031959,-0.063916,-0.036219
4.540456,2032.221192,-1.234855,0.000000,-0.006700,-0.223961,0.000000,-0.004020,-10.917341,0.000000,-0.005360,-0.058291,0.000000,-0.010720,0.155685,-1.681336,9.630379,0.030892,-0.066047,-0.036219
4.550547,2032.230902,-1.236389,0.000000,-0.006700,-0.223961,0.000000,-0.004020,-10.917341,0.000000,-0.005360,-0.058291,0.000000,-0.010720,0.165299,-1.662108,9.628025,0.031959,-0.064980,-0.037284
4.560559,2032.240454,-1.236389,0.000000,-0.006700,-0.223961,0.000000,-0.004020,-10.917341,0.000000,-0.005360,-0.058291,0.000000,-0.010720,0.164023,-1.669368,9.631556,0.033023,-0.063916,-0.037284
4.570398,2032.249948,-1.236389,0.000000,-0.006700,-0.223961,0.000000,-0.004020,-10.917341,0.000000,-0.005360,-0.058291,0.000000,-0.010720,0.164023,-1.664561,9.624395,0.033023,-0.064980,-0.036219
4.580651,2032.259723,-1.234855,0.000000,-0.006700,-0.223961,0.000000,-0.004020,-10.917341,0.000000,-0.005360,-0.058291,0.000000,-0.010720,0.156862,-1.664561,9.638717,0.030892,-0.066047,-0.036219
4.590221,2032.269204,-1.236389,0.000000,-0.006700,-0.223961,0.000000,-0.004020,-10.917341,0.000000,-0.005360,-0.058291,0.000000,-0.010720,0.158039,-1.660931,9.630379,0.030892,-0.064980,-0.036219
4.600521,2032.278619,-1.236389,0.000000,-0.006700,-0.223961,0.000000,-0.004020,-10.917341,0.000000,-0.005360,-0.058291,0.000000,-0.010720,0.152055,-1.656124,9.643524,0.030892,-0.064980,-0.037284
4.610123,2032.288023,-1.234855,0.000000,-0.006700,-0.223961,0.000000,-0.004020,-10.917341,0.000000,-0.005360,-0.058291,0.000000,-0.010720,0.155685,-1.672899,9.628025,0.029828,-0.064980,-0.036219
4.620304,2032.297514,-1.234855,0.000000,-0.006700,-0.223961,0.000000,-0.004020,-10.917341,0.000000,-0.005360,-0.058291,0.000000,-0.010720,0.160492,-1.672899,9.630379,0.029828,-0.064980,-0.036219
4.630083,2032.307160,-1.234855,0.000000,-0.006700,-0.223961,0.000000,-0.004020,-10.917341,0.000000,-0.005360,-0.058291,0.000000,-0.010720,0.162846,-1.676529,9.625572,0.030892,-0.064980,-0.036219
4.640512,2032.316873,-1.236389,0.000000,-0.006700,-0.223961,0.000000,-0.004020,-10.917341,0.000000,-0.005360,-0.058291,0.000000,-0.010720,0.161669,-1.672899,9.620765,0.029828,-0.064980,-0.037284
4.650488,2032.326364,-1.236389,0.000000,-0.006700,-0.223961,0.000000,-0.004020,-10.917341,0.000000,-0.005360,-0.058291,0.000000,-0.010720,0.164023,-1.675352,9.625572,0.029828,-0.064980,-0.037284
4.660714,2032.335873,-1.236389,0.000000,-0.006700,-0.223961,0.000000,-0.004020,-10.917341,0.000000,-0.005360,-0.056757,0.000000,-0.010720,0.166476,-1.680061,9.615958,0.029828,-0.064980,-0.036219
4.670351,2032.345352,-1.236389,0.000000,-0.006700,-0.223961,0.000000,-0.004020,-10.917341,0.000000,-0.005360,-0.058291,0.000000,-0.010720,0.174814,-1.680061,9.619588,0.029828,-0.063916,-0.037284
4.680494,2032.354997,-1.236389,0.000000,-0.006700,-0.223961,0.000000,-0.004020,-10.917341,0.000000,-0.005360,-0.058291,0.000000,-0.010720,0.165299,-1.674076,9.620765,0.030892,-0.063916,-0.036219
4.690353,2032.364390,-1.236389,0.000000,-0.006700,-0.223961,0.000000,-0.004020,-10.917341,0.000000,-0.005360,-0.058291,0.000000,-0.010720,0.167653,-1.682513,9.630379,0.029828,-0.066047,-0.036219
4.700102,2032.374120,-1.236389,0.000000,-0.006700,-0.223961,0.000000,-0.004020,-10.917341,0.000000,-0.005360,-0.058291,0.000000,-0.010720,0.152055,-1.687320,9.631556,0.030892,-0.064980,-0.037284
4.710516,2032.383800,-1.236389,0.000000,-0.006700,-0.223961,0.000000,-0.004020,-10.917341,0.000000,-0.005360,-0.058291,0.000000,-0.010720,0.160492,-1.680061,9.630379,0.031959,-0.063916,-0.036219
4.720382,2032.402607,-1.236389,0.000000,-0.006700,-0.223961,0.000000,-0.004020,-10.917341,0.000000,-0.005360,-0.058291,0.000000,-0.010720,0.167653,-1.683690,9.620765,0.030892,-0.066047,-0.036219
4.730206,2032.412362,-1.234855,0.000000,-0.006700,-0.223961,0.000000,-0.004020,-10.917341,0.000000,-0.005360,-0.058291,0.000000,-0.010720,0.154508,-1.669368,9.625572,0.030892,-0.064980,-0.035154
4.740345,2032.421777,-1.234855,0.000000,-0.006700,-0.223961,0.000000,-0.004020,-10.917341,0.000000,-0.005360,-0.058291,0.000000,-0.010720,0.165299,-1.672899,9.635186,0.031959,-0.066047,-0.036219
4.750473,2032.431251,-1.236389,0.000000,-0.006700,-0.223961,0.000000,-0.004020,-10.917341,0.000000,-0.005360,-0.058291,0.000000,-0.010720,0.165299,-1.672899,9.625572,0.031959,-0.066047,-0.035154
4.760588,2032.441023,-1.234855,0.000000,-0.006700,-0.223961,0.000000,-0.004020,-10.917341,0.000000,-0.005360,-0.058291,0.000000,-0.010720,0.161669,-1.669368,9.635186,0.031959,-0.064980,-0.036219
4.770384,2032.450350,-1.236389,0.000000,-0.006700,-0.223961,0.000000,-0.004020,-10.917341,0.000000,-0.005360,-0.058291,0.000000,-0.010720,0.158039,-1.664561,9.620765,0.031959,-0.064980,-0.037284
4.780176,2032.460011,-1.234855,0.000000,-0.006700,-0.223961,0.000000,-0.004020,-10.917341,0.000000,-0.005360,-0.058291,0.000000,-0.010720,0.154508,-1.669368,9.618411,0.029828,-0.063916,-0.037284
4.790294,2032.469753,-1.236389,0.000000,-0.006700,-0.223961,0.000000,-0.004020,-10.917341,0.000000,-0.005360,-0.058291,0.000000,-0.010720,0.156862,-1.668092,9.628025,0.029828,-0.064980,-0.037284
4.800411,2032.479196,-1.234855,0.000000,-0.006700,-0.223961,0.000000,-0.004020,-10.917341,0.000000,-0.005360,-0.058291,0.000000,-0.010720,0.160492,-1.674076,9.631556,0.030892,-0.064980,-0.037284
4.810336,2032.488615,-1.234855,0.000000,-0.006700,-0.223961,0.000000,-0.004020,-10.917341,0.000000,-0.005360,-0.058291,0.000000,-0.010720,0.159314,-1.663384,9.632733,0.031959,-0.064980,-0.036219
4.820431,2032.498104,-1.236389,0.000000,-0.006700,-0.223961,0.000000,-0.004020,-10.917341,0.000000,-0.005360,-0.058291,0.000000,-0.010720,0.159314,-1.668092,9.645977,0.030892,-0.064980,-0.036219
4.830054,2032.507825,-1.236389,0.000000,-0.006700,-0.223961,0.000000,-0.004020,-10.917341,0.000000,-0.005360,-0.058291,0.000000,-0.010720,0.150878,-1.666915,9.625572,0.033023,-0.064980,-0.035154
4.840292,2032.517206,-1.236389,0.000000,-0.006700,-0.223961,0.000000,-0.004020,-10.917341,0.000000,-0.005360,-0.058291,0.000000,-0.010720,0.170007,-1.670545,9.624395,0.029828,-0.064980,-0.036219
4.850319,2032.526860,-1.234855,0.000000,-0.006700,-0.223961,0.000000,-0.004020,-10.917341,0.000000,-0.005360,-0.058291,0.000000,-0.010720,0.167653,-1.668092,9.631556,0.027697,-0.064980,-0.037284
4.860246,2032.536553,-1.236389,0.000000,-0.006700,-0.223961,0.000000,-0.004020,-10.917341,0.000000,-0.005360,-0.058291,0.000000,-0.010720,0.162846,-1.677706,9.638717,0.030892,-0.064980,-0.035154
4.870256,2032.545918,-1.236389,0.000000,-0.006700,-0.223961,0.000000,-0.004020,-10.917341,0.000000,-0.005360,-0.058291,0.000000,-0.010720,0.149701,-1.677706,9.626749,0.029828,-0.064980,-0.036219
4.880213,2032.555751,-1.236389,0.000000,-0.006700,-0.223961,0.000000,-0.004020,-10.917341,0.000000,-0.005360,-0.058291,0.000000,-0.010720,0.154508,-1.688497,9.630379,0.030892,-0.064980,-0.036219
4.890189,2032.565025,-1.236389,0.000000,-0.006700,-0.223961,0.000000,-0.004020,-10.917341,0.000000,-0.005360,-0.058291,0.000000,-0.010720,0.150878,-1.683690,9.634009,0.029828,-0.064980,-0.036219
4.900402,2032.574743,-1.236389,0.000000,-0.006700,-0.223961,0.000000,-0.004020,-10.917341,0.000000,-0.005360,-0.058291,0.000000,-0.010720,0.153330,-1.680061,9.621942,0.030892,-0.063916,-0.037284
4.910471,2032.584214,-1.234855,0.000000,-0.006700,-0.223961,0.000000,-0.004020,-10.917341,0.000000,-0.005360,-0.058291,0.000000,-0.010720,0.170007,-1.672899,9.626749,0.033023,-0.064980,-0.036219
4.920391,2032.593811,-1.236389,0.000000,-0.006700,-0.223961,0.000000,-0.004020,-10.917341,0.000000,-0.005360,-0.058291,0.000000,-0.010720,0.175991,-1.674076,9.624395,0.030892,-0.063916,-0.036219
4.930176,2032.612808,-1.236389,0.000000,-0.006700,-0.223961,0.000000,-0.004020,-10.917341,0.000000,-0.005360,-0.058291,0.000000,-0.010720,0.161669,-1.681336,9.628025,0.031959,-0.063916,-0.035154
4.940464,2032.622250,-1.236389,0.000000,-0.006700,-0.223961,0.000000,-0.004020,-10.917341,0.000000,-0.005360,-0.058291,0.000000,-0.010720,0.167653,-1.680061,9.620765,0.029828,-0.064980,-0.036219
4.950064,2032.631873,-1.236389,0.000000,-0.006700,-0.223961,0.000000,-0.004020,-10.917341,0.000000,-0.005360,-0.058291,0.000000,-0.010720,0.168830,-1.674076,9.619588,0.031959,-0.064980,-0.037284
4.960261,2032.641316,-1.234855,0.000000,-0.006700,-0.223961,0.000000,-0.004020,-10.917341,0.000000,-0.005360,-0.058291,0.000000,-0.010720,0.156862,-1.678883,9.630379,0.030892,-0.064980,-0.036219
4.970444,2032.651178,-1.234855,0.000000,-0.006700,-0.223961,0.000000,-0.004020,-10.917341,0.000000,-0.005360,-0.058291,0.000000,-0.010720,0.152055,-1.681336,9.629202,0.030892,-0.066047,-0.037284
4.980142,2032.660676,-1.236389,0.000000,-0.006700,-0.223961,0.000000,-0.004020,-10.917341,0.000000,-0.005360,-0.058291,0.000000,-0.010720,0.150878,-1.669368,9.620765,0.033023,-0.066047,-0.036219
4.990380,2032.670292,-1.236389,0.000000,-0.006700,-0.223961,0.000000,-0.004020,-10.917341,0.000000,-0.005360,-0.058291,0.000000,-0.010720,0.161669,-1.663384,9.619588,0.030892,-0.064980,-0.035154
5.000480,2032.679751,-1.236389,0.000000,-0.006700,-0.223961,0.000000,-0.004020,-10.917341,0.000000,-0.005360,-0.058291,0.000000,-0.010720,0.164023,-1.672899,9.636363,0.031959,-0.064980,-0.036219
5.010468,2032.689211,-1.236389,0.000000,-0.006700,-0.223961,0.000000,-0.004020,-10.917341,0.000000,-0.005360,-0.058291,0.000000,-0.010720,0.160492,-1.658577,9.618411,0.030892,-0.064980,-0.036219
5.020375,2032.698704,-1.234855,0.000000,-0.006700,-0.222427,0.000000,-0.004020,-10.917341,0.000000,-0.005360,-0.058291,0.000000,-0.010720,0.164023,-1.670545,9.639993,0.030892,-0.063916,-0.036219
5.030106,2032.708292,-1.236389,0.000000,-0.006700,-0.223961,0.000000,-0.004020,-10.917341,0.000000,-0.005360,-0.058291,0.000000,-0.010720,0.161669,-1.671722,9.635186,0.030892,-0.064980,-0.037284
5.040323,2032.718035,-1.236389,0.000000,-0.006700,-0.223961,0.000000,-0.004020,-10.917341,0.000000,-0.005360,-0.058291,0.000000,-0.010720,0.166476,-1.668092,9.628025,0.030892,-0.064980,-0.037284
5.050384,2032.727390,-1.236389,0.000000,-0.006700,-0.223961,0.000000,-0.004020,-10.917341,0.000000,-0.005360,-0.058291,0.000000,-0.010720,0.149701,-1.688497,9.632733,0.029828,-0.064980,-0.037284
5.060414,2032.737030,-1.236389,0.000000,-0.006700,-0.223961,0.000000,-0.004020,-10.917341,0.000000,-0.005360,-0.058291,0.000000,-0.010720,0.153330,-1.686143,9.635186,0.029828,-0.064980,-0.036219
5.070386,2032.746703,-1.236389,0.000000,-0.006700,-0.223961,0.000000,-0.004020,-10.917341,0.000000,-0.005360,-0.058291,0.000000,-0.010720,0.160492,-1.671722,9.636363,0.030892,-0.064980,-0.035154
5.080642,2032.756195,-1.234855,0.000000,-0.006700,-0.223961,0.000000,-0.004020,-10.917341,0.000000,-0.005360,-0.058291,0.000000,-0.010720,0.154508,-1.674076,9.624395,0.030892,-0.064980,-0.035154
5.090360,2032.765572,-1.234855,0.000000,-0.006700,-0.223961,0.000000,-0.004020,-10.917341,0.000000,-0.005360,-0.058291,0.000000,-0.010720,0.165299,-1.680061,9.628025,0.029828,-0.063916,-0.036219
5.100248,2032.775189,-1.234855,0.000000,-0.006700,-0.223961,0.000000,-0.004020,-10.917341,0.000000,-0.005360,-0.058291,0.000000,-0.010720,0.166476,-1.681336,9.617234,0.029828,-0.063916,-0.037284
5.110769,2032.784887,-1.234855,0.000000,-0.006700,-0.223961,0.000000,-0.004020,-10.917341,0.000000,-0.005360,-0.058291,0.000000,-0.010720,0.166476,-1.676529,9.618411,0.030892,-0.066047,-0.036219
5.120400,2032.794458,-1.236389,0.000000,-0.006700,-0.223961,0.000000,-0.004020,-10.917341,0.000000,-0.005360,-0.058291,0.000000,-0.010720,0.170007,-1.674076,9.624395,0.030892,-0.064980,-0.035154
5.130361,2032.803840,-1.236389,0.000000,-0.006700,-0.223961,0.000000,-0.004020,-10.917341,0.000000,-0.005360,-0.058291,0.000000,-0.010720,0.173637,-1.681336,9.631556,0.029828,-0.064980,-0.036219
5.140408,2032.822860,-1.236389,0.000000,-0.006700,-0.223961,0.000000,-0.004020,-10.917341,0.000000,-0.005360,-0.058291,0.000000,-0.010720,0.153330,-1.678883,9.614781,0.029828,-0.064980,-0.036219
5.150343,2032.832553,-1.236389,0.000000,-0.006700,-0.223961,0.000000,-0.004020,-10.917341,0.000000,-0.005360,-0.058291,0.000000,-0.010720,0.171283,-1.688497,9.618411,0.029828,-0.066047,-0.036219
5.160393,2032.841943,-1.234855,0.000000,-0.006700,-0.223961,0.000000,-0.004020,-10.917341,0.000000,-0.005360,-0.058291,0.000000,-0.010720,0.166476,-1.674076,9.625572,0.030892,-0.064980,-0.036219
5.170260,2032.851413,-1.236389,0.000000,-0.006700,-0.223961,0.000000,-0.004020,-10.917341,0.000000,-0.005360,-0.058291,0.000000,-0.010720,0.168830,-1.694481,9.629202,0.030892,-0.064980,-0.036219
5.180355,2032.860927,-1.234855,0.000000,-0.006700,-0.223961,0.000000,-0.004020,-10.917341,0.000000,-0.005360,-0.058291,0.000000,-0.010720,0.149701,-1.682513,9.635186,0.033023,-0.064980,-0.036219
5.190805,2032.870651,-1.234855,0.000000,-0.006700,-0.223961,0.000000,-0.004020,-10.917341,0.000000,-0.005360,-0.058291,0.000000,-0.010720,0.161669,-1.671722,9.634009,0.033023,-0.063916,-0.036219
5.200481,2032.880205,-1.236389,0.000000,-0.006700,-0.223961,0.000000,-0.004020,-10.917341,0.000000,-0.005360,-0.058291,0.000000,-0.010720,0.161669,-1.669368,9.621942,0.030892,-0.063916,-0.037284
5.210520,2032.889813,-1.236389,0.000000,-0.006700,-0.223961,0.000000,-0.004020,-10.917341,0.000000,-0.005360,-0.058291,0.000000,-0.010720,0.159314,-1.654947,9.626749,0.030892,-0.064980,-0.035154
5.220228,2032.899147,-1.236389,0.000000,-0.006700,-0.223961,0.000000,-0.004020,-10.917341,0.000000,-0.005360,-0.058291,0.000000,-0.010720,0.166476,-1.657399,9.641170,0.033023,-0.064980,-0.037284
5.230279,2032.908817,-1.236389,0.000000,-0.006700,-0.223961,0.000000,-0.004020,-10.917341,0.000000,-0.005360,-0.058291,0.000000,-0.010720,0.147248,-1.678883,9.614781,0.031959,-0.066047,-0.036219
5.240130,2032.918472,-1.234855,0.000000,-0.006700,-0.223961,0.000000,-0.004020,-10.917341,0.000000,-0.005360,-0.058291,0.000000,-0.010720,0.141264,-1.662108,9.623218,0.029828,-0.064980,-0.037284
5.250131,2032.927919,-1.236389,0.000000,-0.006700,-0.223961,0.000000,-0.004020,-10.917341,0.000000,-0.005360,-0.058291,0.000000,-0.010720,0.154508,-1.658577,9.631556,0.031959,-0.063916,-0.037284
5.260545,2032.937398,-1.236389,0.000000,-0.006700,-0.223961,0.000000,-0.004020,-10.917341,0.000000,-0.005360,-0.058291,0.000000,-0.010720,0.150878,-1.662108,9.634009,0.033023,-0.064980,-0.036219
5.270259,2032.947177,-1.236389,0.000000,-0.006700,-0.223961,0.000000,-0.004020,-10.917341,0.000000,-0.005360,-0.058291,0.000000,-0.010720,0.146071,-1.659754,9.632733,0.029828,-0.064980,-0.037284
5.280735,2032.956656,-1.236389,0.000000,-0.006700,-0.223961,0.000000,-0.004020,-10.917341,0.000000,-0.005360,-0.058291,0.000000,-0.010720,0.162846,-1.668092,9.634009,0.031959,-0.063916,-0.037284
5.290492,2032.966272,-1.236389,0.000000,-0.006700,-0.223961,0.000000,-0.004020,-10.917341,0.000000,-0.005360,-0.058291,0.000000,-0.010720,0.160492,-1.664561,9.620765,0.031959,-0.062851,-0.036219
5.300149,2032.975533,-1.236389,0.000000,-0.006700,-0.223961,0.000000,-0.004020,-10.917341,0.000000,-0.005360,-0.058291,0.000000,-0.010720,0.160492,-1.657399,9.624395,0.030892,-0.064980,-0.036219
5.310343,2032.985311,-1.234855,0.000000,-0.006700,-0.223961,0.000000,-0.004020,-10.917341,0.000000,-0.005360,-0.058291,0.000000,-0.010720,0.156862,-1.666915,9.614781,0.029828,-0.064980,-0.036219
5.320478,2032.994869,-1.236389,0.000000,-0.006700,-0.223961,0.000000,-0.004020,-10.917341,0.000000,-0.005360,-0.058291,0.000000,-0.010720,0.159314,-1.674076,9.635186,0.029828,-0.066047,-0.037284
5.330560,2033.004522,-1.236389,0.000000,-0.006700,-0.223961,0.000000,-0.004020,-10.917341,0.000000,-0.005360,-0.058291,0.000000,-0.010720,0.160492,-1.687320,9.617234,0.028761,-0.066047,-0.036219
5.340570,2033.013798,-1.236389,0.000000,-0.006700,-0.223961,0.000000,-0.004020,-10.917341,0.000000,-0.005360,-0.058291,0.000000,-0.010720,0.153330,-1.681336,9.636363,0.028761,-0.064980,-0.036219
5.350331,2033.023592,-1.236389,0.000000,-0.006700,-0.223961,0.000000,-0.004020,-10.917341,0.000000,-0.005360,-0.058291,0.000000,-0.010720,0.140087,-1.680061,9.625572,0.029828,-0.064980,-0.036219
5.360822,2033.042695,-1.236389,0.000000,-0.006700,-0.223961,0.000000,-0.004020,-10.917341,0.000000,-0.005360,-0.058291,0.000000,-0.010720,0.184428,-1.674076,9.608797,0.031959,-0.063916,-0.035154
5.370425,2033.052296,-1.236389,0.000000,-0.006700,-0.223961,0.000000,-0.004020,-10.917341,0.000000,-0.005360,-0.058291,0.000000,-0.010720,0.192767,-1.674076,9.615958,0.034088,-0.062851,-0.036219
5.380683,2033.061769,-1.236389,0.000000,-0.006700,-0.223961,0.000000,-0.004020,-10.917341,0.000000,-0.005360,-0.058291,0.000000,-0.010720,0.184428,-1.676529,9.615958,0.028761,-0.063916,-0.037284
5.390292,2033.071198,-1.236389,0.000000,-0.006700,-0.223961,0.000000,-0.004020,-10.917341,0.000000,-0.005360,-0.058291,0.000000,-0.010720,0.147248,-1.694481,9.624395,0.028761,-0.064980,-0.036219
5.400300,2033.080738,-1.236389,0.000000,-0.006700,-0.223961,0.000000,-0.004020,-10.917341,0.000000,-0.005360,-0.058291,0.000000,-0.010720,0.143716,-1.704095,9.615958,0.024501,-0.064980,-0.035154
5.410296,2033.090226,-1.236389,0.000000,-0.006700,-0.223961,0.000000,-0.004020,-10.917341,0.000000,-0.005360,-0.058291,0.000000,-0.010720,0.140087,-1.702820,9.617234,0.030892,-0.064980,-0.036219
5.420295,2033.099861,-1.236389,0.000000,-0.006700,-0.223961,0.000000,-0.004020,-10.917341,0.000000,-0.005360,-0.058291,0.000000,-0.010720,0.149701,-1.688497,9.628025,0.037284,-0.066047,-0.036219
5.430747,2033.109235,-1.236389,0.000000,-0.006700,-0.223961,0.000000,-0.004020,-10.917341,0.000000,-0.005360,-0.058291,0.000000,-0.010720,0.160492,-1.660931,9.618411,0.033023,-0.064980,-0.037284
5.440288,2033.119086,-1.236389,0.000000,-0.006700,-0.223961,0.000000,-0.004020,-10.917341,0.000000,-0.005360,-0.058291,0.000000,-0.010720,0.172460,-1.659754,9.620765,0.031959,-0.064980,-0.036219
5.450350,2033.128644,-1.236389,0.000000,-0.006700,-0.223961,0.000000,-0.004020,-10.917341,0.000000,-0.005360,-0.058291,0.000000,-0.010720,0.181976,-1.660931,9.618411,0.031959,-0.063916,-0.036219
5.460488,2033.138240,-1.236389,0.000000,-0.006700,-0.223961,0.000000,-0.004020,-10.917341,0.000000,-0.005360,-0.058291,0.000000,-0.010720,0.174814,-1.636995,9.626749,0.036219,-0.063916,-0.037284
5.470205,2033.147515,-1.236389,0.000000,-0.006700,-0.223961,0.000000,-0.004020,-10.917341,0.000000,-0.005360,-0.058291,0.000000,-0.010720,0.162846,-1.658577,9.621942,0.030892,-0.066047,-0.035154
5.480764,2033.157192,-1.236389,0.000000,-0.006700,-0.223961,0.000000,-0.004020,-10.917341,0.000000,-0.005360,-0.058291,0.000000,-0.010720,0.149701,-1.670545,9.618411,0.024501,-0.066047,-0.037284
5.490538,2033.166858,-1.234855,0.000000,-0.006700,-0.223961,0.000000,-0.004020,-10.917341,0.000000,-0.005360,-0.058291,0.000000,-0.010720,0.147248,-1.664561,9.612427,0.028761,-0.066047,-0.036219
5.500320,2033.176065,-1.236389,0.000000,-0.006700,-0.223961,0.000000,-0.004020,-10.917341,0.000000,-0.005360,-0.058291,0.000000,-0.010720,0.130571,-1.674076,9.611249,0.033023,-0.064980,-0.035154
5.510358,2033.185798,-1.236389,0.000000,-0.006700,-0.223961,0.000000,-0.004020,-10.917341,0.000000,-0.005360,-0.058291,0.000000,-0.010720,0.131748,-1.663384,9.621942,0.034088,-0.064980,-0.034088
5.520366,2033.195330,-1.236389,0.000000,-0.006700,-0.223961,0.000000,-0.004020,-10.917341,0.000000,-0.005360,-0.058291,0.000000,-0.010720,0.168830,-1.656124,9.609974,0.028761,-0.064980,-0.035154
5.530546,2033.204948,-1.236389,0.000000,-0.006700,-0.223961,0.000000,-0.004020,-10.917341,0.000000,-0.005360,-0.058291,0.000000,-0.010720,0.165299,-1.659754,9.621942,0.030892,-0.063916,-0.035154
5.540624,2033.214459,-1.236389,0.000000,-0.006700,-0.223961,0.000000,-0.004020,-10.917341,0.000000,-0.005360,-0.058291,0.000000,-0.010720,0.183251,-1.664561,9.609974,0.031959,-0.063916,-0.036219
5.550271,2033.224009,-1.234855,0.000000,-0.006700,-0.223961,0.000000,-0.004020,-10.917341,0.000000,-0.005360,-0.058291,0.000000,-0.010720,0.156862,-1.665738,9.621942,0.030892,-0.063916,-0.035154
5.560364,2033.233648,-1.234855,0.000000,-0.006700,-0.223961,0.000000,-0.004020,-10.917341,0.000000,-0.005360,-0.058291,0.000000,-0.010720,0.144894,-1.684868,9.631556,0.029828,-0.066047,-0.036219
5.570233,2033.252748,-1.234855,0.000000,-0.006700,-0.223961,0.000000,-0.004020,-10.917341,0.000000,-0.005360,-0.058291,0.000000,-0.010720,0.166476,-1.687320,9.619588,0.034088,-0.063916,-0.031959
5.580432,2033.262232,-1.236389,0.000000,-0.006700,-0.223961,0.000000,-0.004020,-10.917341,0.000000,-0.005360,-0.058291,0.000000,-0.010720,0.170007,-1.668092,9.603990,0.029828,-0.062851,-0.037284
5.590776,2033.271756,-1.236389,0.000000,-0.006700,-0.223961,0.000000,-0.004020,-10.917341,0.000000,-0.005360,-0.058291,0.000000,-0.010720,0.149701,-1.688497,9.613604,0.024501,-0.063916,-0.040479
5.600369,2033.281194,-1.234855,0.000000,-0.006700,-0.223961,0.000000,-0.004020,-10.917341,0.000000,-0.005360,-0.058291,0.000000,-0.010720,0.141264,-1.680061,9.631556,0.033023,-0.063916,-0.037284
5.610305,2033.290988,-1.234855,0.000000,-0.006700,-0.223961,0.000000,-0.004020,-10.917341,0.000000,-0.005360,-0.058291,0.000000,-0.010720,0.186782,-1.689674,9.609974,0.021305,-0.064980,-0.035154
5.620447,2033.300249,-1.234855,0.000000,-0.006700,-0.223961,0.000000,-0.004020,-10.917341,0.000000,-0.005360,-0.058291,0.000000,-0.010720,0.194042,-1.714788,9.594474,0.024501,-0.066047,-0.031959
5.630655,2033.309830,-1.236389,0.000000,-0.006700,-0.223961,0.000000,-0.004020,-10.917341,0.000000,-0.005360,-0.058291,0.000000,-0.010720,0.188058,-1.704095,9.634009,0.034088,-0.064980,-0.037284
5.640643,2033.319594,-1.236389,0.000000,-0.006700,-0.223961,0.000000,-0.004020,-10.917341,0.000000,-0.005360,-0.058291,0.000000,-0.010720,0.190412,-1.687320,9.629202,0.037284,-0.064980,-0.042610
5.650459,2033.328990,-1.236389,0.000000,-0.006700,-0.223961,0.000000,-0.004020,-10.917341,0.000000,-0.005360,-0.058291,0.000000,-0.010720,0.180798,-1.648963,9.635186,0.043675,-0.064980,-0.038350
5.660306,2033.338571,-1.236389,0.000000,-0.006700,-0.223961,0.000000,-0.004020,-10.917341,0.000000,-0.005360,-0.058291,0.000000,-0.010720,0.172460,-1.669368,9.631556,0.028761,-0.064980,-0.034088
5.670274,2033.348142,-1.236389,0.000000,-0.006700,-0.223961,0.000000,-0.004020,-10.917341,0.000000,-0.005360,-0.058291,0.000000,-0.010720,0.160492,-1.732838,9.612427,0.017045,-0.064980,-0.035154
5.680395,2033.357870,-1.236389,0.000000,-0.006700,-0.223961,0.000000,-0.004020,-10.917341,0.000000,-0.005360,-0.058291,0.000000,-0.010720,0.140087,-1.713611,9.619588,0.029828,-0.063916,-0.036219
5.690364,2033.367216,-1.236389,0.000000,-0.006700,-0.223961,0.000000,-0.004020,-10.917341,0.000000,-0.005360,-0.058291,0.000000,-0.010720,0.120957,-1.671722,9.626749,0.039415,-0.063916,-0.039415
5.700228,2033.376780,-1.234855,0.000000,-0.006700,-0.223961,0.000000,-0.004020,-10.917341,0.000000,-0.005360,-0.058291,0.000000,-0.010720,0.100553,-1.662108,9.630379,0.035154,-0.064980,-0.037284
5.710604,2033.386507,-1.236389,0.000000,-0.006700,-0.223961,0.000000,-0.004020,-10.917341,0.000000,-0.005360,-0.058291,0.000000,-0.010720,0.122134,-1.672899,9.626749,0.028761,-0.066047,-0.035154
5.720262,2033.395929,-1.236389,0.000000,-0.006700,-0.223961,0.000000,-0.004020,-10.917341,0.000000,-0.005360,-0.058291,0.000000,-0.010720,0.140087,-1.676529,9.630379,0.028761,-0.063916,-0.033023
5.730596,2033.405615,-1.236389,0.000000,-0.006700,-0.223961,0.000000,-0.004020,-10.915807,0.000000,-0.005360,-0.058291,0.000000,-0.010720,0.152055,-1.650140,9.636363,0.031959,-0.066047,-0.036219
5.740381,2033.415104,-1.236389,0.000000,-0.006700,-0.223961,0.000000,-0.004020,-10.917341,0.000000,-0.005360,-0.058291,0.000000,-0.010720,0.181976,-1.623849,9.639993,0.038350,-0.064980,-0.038350
5.750475,2033.424504,-1.236389,0.000000,-0.006700,-0.223961,0.000000,-0.004020,-10.917341,0.000000,-0.005360,-0.058291,0.000000,-0.010720,0.197573,-1.617865,9.632733,0.033023,-0.064980,-0.037284
5.760451,2033.433945,-1.234855,0.000000,-0.006700,-0.223961,0.000000,-0.004020,-10.917341,0.000000,-0.005360,-0.058291,0.000000,-0.010720,0.188058,-1.646609,9.628025,0.026632,-0.063916,-0.036219
5.770254,2033.443645,-1.236389,0.000000,-0.006700,-0.223961,0.000000,-0.004020,-10.917341,0.000000,-0.005360,-0.058291,0.000000,-0.010720,0.162846,-1.664561,9.625572,0.025566,-0.062851,-0.037284
5.780254,2033.462700,-1.236389,0.000000,-0.006700,-0.223961,0.000000,-0.004020,-10.917341,0.000000,-0.005360,-0.058291,0.000000,-0.010720,0.128119,-1.662108,9.619588,0.030892,-0.066047,-0.037284
5.790695,2033.472300,-1.236389,0.000000,-0.006700,-0.223961,0.000000,-0.004020,-10.917341,0.000000,-0.005360,-0.058291,0.000000,-0.010720,0.123312,-1.698111,9.615958,0.026632,-0.063916,-0.034088
5.800465,2033.481998,-1.234855,0.000000,-0.006700,-0.223961,0.000000,-0.004020,-10.917341,0.000000,-0.005360,-0.058291,0.000000,-0.010720,0.137732,-1.706449,9.620765,0.025566,-0.066047,-0.033023
5.810325,2033.491314,-1.234855,0.000000,-0.006700,-0.223961,0.000000,-0.004020,-10.917341,0.000000,-0.005360,-0.058291,0.000000,-0.010720,0.167653,-1.699288,9.612427,0.028761,-0.064980,-0.036219
5.820286,2033.500846,-1.234855,0.000000,-0.006700,-0.223961,0.000000,-0.004020,-10.917341,0.000000,-0.005360,-0.058291,0.000000,-0.010720,0.181976,-1.681336,9.626749,0.040479,-0.064980,-0.037284
5.830360,2033.510300,-1.236389,0.000000,-0.006700,-0.223961,0.000000,-0.004020,-10.917341,0.000000,-0.005360,-0.059825,0.000000,-0.010720,0.186782,-1.656124,9.618411,0.037284,-0.063916,-0.038350
5.840441,2033.519889,-1.236389,0.000000,-0.006700,-0.223961,0.000000,-0.004020,-10.917341,0.000000,-0.005360,-0.058291,0.000000,-0.010720,0.201203,-1.683690,9.623218,0.026632,-0.063916,-0.035154
5.850320,2033.529737,-1.236389,0.000000,-0.006700,-0.223961,0.000000,-0.004020,-10.917341,0.000000,-0.005360,-0.058291,0.000000,-0.010720,0.177267,-1.700465,9.631556,0.023436,-0.063916,-0.036219
5.860518,2033.538960,-1.234855,0.000000,-0.006700,-0.223961,0.000000,-0.004020,-10.917341,0.000000,-0.005360,-0.058291,0.000000,-0.010720,0.160492,-1.706449,9.617234,0.026632,-0.066047,-0.038350
5.870438,2033.548752,-1.236389,0.000000,-0.006700,-0.223961,0.000000,-0.004020,-10.917341,0.000000,-0.005360,-0.058291,0.000000,-0.010720,0.146071,-1.690852,9.636363,0.034088,-0.064980,-0.037284
5.880799,2033.558350,-1.236389,0.000000,-0.006700,-0.223961,0.000000,-0.004020,-10.917341,0.000000,-0.005360,-0.058291,0.000000,-0.010720,0.148523,-1.681336,9.623218,0.033023,-0.064980,-0.038350
5.890439,2033.567703,-1.236389,0.000000,-0.006700,-0.223961,0.000000,-0.004020,-10.917341,0.000000,-0.005360,-0.058291,0.000000,-0.010720,0.153330,-1.687320,9.626749,0.029828,-0.064980,-0.036219
5.900336,2033.577402,-1.234855,0.000000,-0.006700,-0.223961,0.000000,-0.004020,-10.917341,0.000000,-0.005360,-0.058291,0.000000,-0.010720,0.161669,-1.677706,9.625572,0.034088,-0.063916,-0.035154
5.910446,2033.586698,-1.236389,0.000000,-0.006700,-0.223961,0.000000,-0.004020,-10.917341,0.000000,-0.005360,-0.058291,0.000000,-0.010720,0.171283,-1.662108,9.630379,0.035154,-0.064980,-0.036219
5.920274,2033.596366,-1.236389,0.000000,-0.006700,-0.223961,0.000000,-0.004020,-10.917341,0.000000,-0.005360,-0.058291,0.000000,-0.010720,0.165299,-1.638172,9.636363,0.036219,-0.066047,-0.036219
5.930572,2033.605899,-1.236389,0.000000,-0.006700,-0.223961,0.000000,-0.004020,-10.917341,0.000000,-0.005360,-0.058291,0.000000,-0.010720,0.174814,-1.651317,9.629202,0.033023,-0.064980,-0.036219
5.940521,2033.615704,-1.236389,0.000000,-0.006700,-0.223961,0.000000,-0.004020,-10.917341,0.000000,-0.005360,-0.058291,0.000000,-0.010720,0.171283,-1.651317,9.621942,0.028761,-0.063916,-0.036219
5.950228,2033.624974,-1.236389,0.000000,-0.006700,-0.223961,0.000000,-0.004020,-10.917341,0.000000,-0.005360,-0.058291,0.000000,-0.010720,0.156862,-1.664561,9.624395,0.028761,-0.064980,-0.036219
5.960274,2033.634536,-1.234855,0.000000,-0.006700,-0.223961,0.000000,-0.004020,-10.917341,0.000000,-0.005360,-0.058291,0.000000,-0.010720,0.147248,-1.670545,9.621942,0.030892,-0.066047,-0.037284
5.970285,2033.644108,-1.236389,0.000000,-0.006700,-0.223961,0.000000,-0.004020,-10.917341,0.000000,-0.005360,-0.058291,0.000000,-0.010720,0.136555,-1.654947,9.623218,0.033023,-0.064980,-0.037284
5.980589,2033.653829,-1.236389,0.000000,-0.006700,-0.223961,0.000000,-0.004020,-10.917341,0.000000,-0.005360,-0.058291,0.000000,-0.010720,0.149701,-1.666915,9.619588,0.030892,-0.066047,-0.036219
5.990706,2033.663226,-1.236389,0.000000,-0.006700,-0.223961,0.000000,-0.004020,-10.917341,0.000000,-0.005360,-0.058291,0.000000,-0.010720,0.161669,-1.671722,9.620765,0.028761,-0.063916,-0.035154
6.000532,2033.682296,-1.236389,0.000000,-0.006700,-0.223961,0.000000,-0.004020,-10.917341,0.000000,-0.005360,-0.058291,0.000000,-0.010720,0.179621,-1.658577,9.619588,0.034088,-0.066047,-0.034088
6.010498,2033.691747,-1.236389,0.000000,-0.006700,-0.223961,0.000000,-0.004020,-10.917341,0.000000,-0.005360,-0.058291,0.000000,-0.010720,0.178444,-1.663384,9.623218,0.029828,-0.064980,-0.036219
6.020373,2033.701352,-1.236389,0.000000,-0.006700,-0.223961,0.000000,-0.004020,-10.917341,0.000000,-0.005360,-0.058291,0.000000,-0.010720,0.184428,-1.674076,9.606442,0.027697,-0.064980,-0.036219
6.030198,2033.710856,-1.236389,0.000000,-0.006700,-0.223961,0.000000,-0.004020,-10.917341,0.000000,-0.005360,-0.058291,0.000000,-0.010720,0.154508,-1.694481,9.617234,0.028761,-0.063916,-0.036219
6.040076,2033.720646,-1.236389,0.000000,-0.006700,-0.223961,0.000000,-0.004020,-10.917341,0.000000,-0.005360,-0.058291,0.000000,-0.010720,0.154508,-1.702820,9.617234,0.028761,-0.063916,-0.036219
6.050629,2033.730159,-1.236389,0.000000,-0.006700,-0.223961,0.000000,-0.004020,-10.917341,0.000000,-0.005360,-0.058291,0.000000,-0.010720,0.146071,-1.686143,9.607620,0.029828,-0.063916,-0.038350
6.060102,2033.739679,-1.234855,0.000000,-0.006700,-0.223961,0.000000,-0.004020,-10.917341,0.000000,-0.005360,-0.059825,0.000000,-0.010720,0.146071,-1.700465,9.618411,0.030892,-0.063916,-0.036219
6.070529,2033.749369,-1.236389,0.000000,-0.006700,-0.223961,0.000000,-0.004020,-10.917341,0.000000,-0.005360,-0.058291,0.000000,-0.010720,0.166476,-1.699288,9.603990,0.031959,-0.063916,-0.035154
6.080470,2033.758665,-1.234855,0.000000,-0.006700,-0.223961,0.000000,-0.004020,-10.917341,0.000000,-0.005360,-0.058291,0.000000,-0.010720,0.165299,-1.683690,9.609974,0.033023,-0.066047,-0.036219
6.090179,2033.768303,-1.236389,0.000000,-0.006700,-0.223961,0.000000,-0.004020,-10.917341,0.000000,-0.005360,-0.058291,0.000000,-0.010720,0.172460,-1.670545,9.614781,0.034088,-0.064980,-0.036219
6.100391,2033.777699,-1.236389,0.000000,-0.006700,-0.223961,0.000000,-0.004020,-10.917341,0.000000,-0.005360,-0.058291,0.000000,-0.010720,0.185605,-1.671722,9.621942,0.034088,-0.064980,-0.037284
6.110401,2033.787254,-1.236389,0.000000,-0.006700,-0.223961,0.000000,-0.004020,-10.917341,0.000000,-0.005360,-0.058291,0.000000,-0.010720,0.165299,-1.668092,9.619588,0.031959,-0.066047,-0.037284
6.120498,2033.796861,-1.236389,0.000000,-0.006700,-0.223961,0.000000,-0.004020,-10.917341,0.000000,-0.005360,-0.058291,0.000000,-0.010720,0.158039,-1.658577,9.613604,0.031959,-0.064980,-0.036219
6.130438,2033.806685,-1.236389,0.000000,-0.006700,-0.223961,0.000000,-0.004020,-10.917341,0.000000,-0.005360,-0.058291,0.000000,-0.010720,0.141264,-1.665738,9.612427,0.029828,-0.066047,-0.037284
6.140231,2033.815981,-1.236389,0.000000,-0.006700,-0.223961,0.000000,-0.004020,-10.917341,0.000000,-0.005360,-0.058291,0.000000,-0.010720,0.138910,-1.669368,9.619588,0.030892,-0.064980,-0.036219
6.150117,2033.825811,-1.236389,0.000000,-0.006700,-0.223961,0.000000,-0.004020,-10.917341,0.000000,-0.005360,-0.058291,0.000000,-0.010720,0.136555,-1.660931,9.624395,0.031959,-0.064980,-0.037284
6.160442,2033.835213,-1.236389,0.000000,-0.006700,-0.223961,0.000000,-0.004020,-10.917341,0.000000,-0.005360,-0.058291,0.000000,-0.010720,0.138910,-1.662108,9.629202,0.031959,-0.067111,-0.036219
6.170396,2033.844604,-1.234855,0.000000,-0.006700,-0.223961,0.000000,-0.004020,-10.917341,0.000000,-0.005360,-0.058291,0.000000,-0.010720,0.153330,-1.663384,9.612427,0.030892,-0.063916,-0.036219
6.180580,2033.854344,-1.236389,0.000000,-0.006700,-0.223961,0.000000,-0.004020,-10.917341,0.000000,-0.005360,-0.058291,0.000000,-0.010720,0.172460,-1.666915,9.618411,0.030892,-0.063916,-0.035154
6.190627,2033.863773,-1.234855,0.000000,-0.006700,-0.223961,0.000000,-0.004020,-10.917341,0.000000,-0.005360,-0.058291,0.000000,-0.010720,0.173637,-1.645333,9.614781,0.033023,-0.063916,-0.036219
6.200096,2033.873488,-1.236389,0.000000,-0.006700,-0.223961,0.000000,-0.004020,-10.917341,0.000000,-0.005360,-0.058291,0.000000,-0.010720,0.184428,-1.650140,9.631556,0.031959,-0.064980,-0.035154
6.210574,2033.892320,-1.236389,0.000000,-0.006700,-0.223961,0.000000,-0.004020,-10.917341,0.000000,-0.005360,-0.058291,0.000000,-0.010720,0.160492,-1.684868,9.634009,0.026632,-0.064980,-0.036219
6.220514,2033.902151,-1.236389,0.000000,-0.006700,-0.223961,0.000000,-0.004020,-10.917341,0.000000,-0.005360,-0.058291,0.000000,-0.010720,0.150878,-1.686143,9.618411,0.026632,-0.063916,-0.036219
6.230542,2033.911615,-1.234855,0.000000,-0.006700,-0.223961,0.000000,-0.004020,-10.917341,0.000000,-0.005360,-0.058291,0.000000,-0.010720,0.148523,-1.693304,9.619588,0.029828,-0.063916,-0.036219
6.240661,2033.920981,-1.236389,0.000000,-0.006700,-0.223961,0.000000,-0.004020,-10.917341,0.000000,-0.005360,-0.058291,0.000000,-0.010720,0.156862,-1.695659,9.618411,0.031959,-0.064980,-0.036219
6.250077,2033.930583,-1.234855,0.000000,-0.006700,-0.223961,0.000000,-0.004020,-10.917341,0.000000,-0.005360,-0.058291,0.000000,-0.010720,0.162846,-1.696836,9.606442,0.030892,-0.063916,-0.037284
6.260807,2033.940392,-1.236389,0.000000,-0.006700,-0.223961,0.000000,-0.004020,-10.917341,0.000000,-0.005360,-0.058291,0.000000,-0.010720,0.173637,-1.689674,9.602813,0.033023,-0.063916,-0.036219
6.270206,2033.949836,-1.236389,0.000000,-0.006700,-0.223961,0.000000,-0.004020,-10.917341,0.000000,-0.005360,-0.058291,0.000000,-0.010720,0.184428,-1.677706,9.617234,0.033023,-0.063916,-0.035154
6.280477,2033.959165,-1.236389,0.000000,-0.006700,-0.223961,0.000000,-0.004020,-10.917341,0.000000,-0.005360,-0.058291,0.000000,-0.010720,0.178444,-1.682513,9.618411,0.033023,-0.063916,-0.036219
6.290297,2033.968750,-1.236389,0.000000,-0.006700,-0.223961,0.000000,-0.004020,-10.917341,0.000000,-0.005360,-0.058291,0.000000,-0.010720,0.174814,-1.666915,9.609974,0.031959,-0.064980,-0.037284
6.300175,2033.978350,-1.236389,0.000000,-0.006700,-0.223961,0.000000,-0.004020,-10.917341,0.000000,-0.005360,-0.058291,0.000000,-0.010720,0.162846,-1.669368,9.618411,0.030892,-0.064980,-0.036219
6.310414,2033.988055,-1.234855,0.000000,-0.006700,-0.223961,0.000000,-0.004020,-10.917341,0.000000,-0.005360,-0.058291,0.000000,-0.010720,0.156862,-1.680061,9.619588,0.030892,-0.066047,-0.035154
6.320329,2033.997612,-1.236389,0.000000,-0.006700,-0.223961,0.000000,-0.004020,-10.917341,0.000000,-0.005360,-0.058291,0.000000,-0.010720,0.141264,-1.687320,9.623218,0.030892,-0.064980,-0.037284
6.330614,2034.006934,-1.236389,0.000000,-0.006700,-0.223961,0.000000,-0.004020,-10.917341,0.000000,-0.005360,-0.058291,0.000000,-0.010720,0.147248,-1.680061,9.620765,0.033023,-0.064980,-0.037284
6.340392,2034.016564,-1.236389,0.000000,-0.006700,-0.223961,0.000000,-0.004020,-10.917341,0.000000,-0.005360,-0.058291,0.000000,-0.010720,0.155685,-1.677706,9.623218,0.031959,-0.064980,-0.035154
6.350188,2034.026011,-1.236389,0.000000,-0.006700,-0.223961,0.000000,-0.004020,-10.917341,0.000000,-0.005360,-0.058291,0.000000,-0.010720,0.161669,-1.664561,9.626749,0.033023,-0.063916,-0.036219
6.360424,2034.035564,-1.236389,0.000000,-0.006700,-0.223961,0.000000,-0.004020,-10.917341,0.000000,-0.005360,-0.058291,0.000000,-0.010720,0.160492,-1.662108,9.625572,0.033023,-0.064980,-0.036219
6.370428,2034.045071,-1.236389,0.000000,-0.006700,-0.223961,0.000000,-0.004020,-10.917341,0.000000,-0.005360,-0.058291,0.000000,-0.010720,0.164023,-1.648963,9.623218,0.031959,-0.063916,-0.036219
6.380616,2034.054600,-1.234855,0.000000,-0.006700,-0.223961,0.000000,-0.004020,-10.917341,0.000000,-0.005360,-0.058291,0.000000,-0.010720,0.162846,-1.647786,9.631556,0.030892,-0.064980,-0.037284
6.390591,2034.064150,-1.236389,0.000000,-0.006700,-0.223961,0.000000,-0.004020,-10.917341,0.000000,-0.005360,-0.058291,0.000000,-0.010720,0.166476,-1.660931,9.615958,0.030892,-0.063916,-0.035154
6.400420,2034.073969,-1.236389,0.000000,-0.006700,-0.223961,0.000000,-0.004020,-10.917341,0.000000,-0.005360,-0.058291,0.000000,-0.010720,0.156862,-1.656124,9.612427,0.029828,-0.066047,-0.035154
6.410730,2034.093074,-1.236389,0.000000,-0.006700,-0.223961,0.000000,-0.004020,-10.917341,0.000000,-0.005360,-0.058291,0.000000,-0.010720,0.149701,-1.677706,9.619588,0.029828,-0.064980,-0.035154
6.420340,2034.102475,-1.236389,0.000000,-0.006700,-0.223961,0.000000,-0.004020,-10.917341,0.000000,-0.005360,-0.058291,0.000000,-0.010720,0.164023,-1.677706,9.620765,0.028761,-0.064980,-0.036219
6.430286,2034.111967,-1.236389,0.000000,-0.006700,-0.223961,0.000000,-0.004020,-10.917341,0.000000,-0.005360,-0.058291,0.000000,-0.010720,0.156862,-1.680061,9.624395,0.030892,-0.064980,-0.036219
6.440617,2034.121578,-1.236389,0.000000,-0.006700,-0.223961,0.000000,-0.004020,-10.917341,0.000000,-0.005360,-0.058291,0.000000,-0.010720,0.164023,-1.678883,9.608797,0.030892,-0.064980,-0.036219
6.450366,2034.131300,-1.236389,0.000000,-0.006700,-0.223961,0.000000,-0.004020,-10.917341,0.000000,-0.005360,-0.058291,0.000000,-0.010720,0.177267,-1.678883,9.614781,0.030892,-0.066047,-0.036219
6.460477,2034.140702,-1.236389,0.000000,-0.006700,-0.223961,0.000000,-0.004020,-10.917341,0.000000,-0.005360,-0.058291,0.000000,-0.010720,0.168830,-1.672899,9.617234,0.030892,-0.066047,-0.036219
6.470128,2034.150259,-1.236389,0.000000,-0.006700,-0.223961,0.000000,-0.004020,-10.917341,0.000000,-0.005360,-0.058291,0.000000,-0.010720,0.177267,-1.681336,9.617234,0.028761,-0.064980,-0.037284
6.480745,2034.159706,-1.236389,0.000000,-0.006700,-0.223961,0.000000,-0.004020,-10.917341,0.000000,-0.005360,-0.058291,0.000000,-0.010720,0.168830,-1.689674,9.620765,0.030892,-0.063916,-0.036219
6.490732,2034.169435,-1.236389,0.000000,-0.006700,-0.223961,0.000000,-0.004020,-10.917341,0.000000,-0.005360,-0.058291,0.000000,-0.010720,0.162846,-1.682513,9.626749,0.030892,-0.064980,-0.037284
6.500343,2034.178998,-1.234855,0.000000,-0.006700,-0.223961,0.000000,-0.004020,-10.917341,0.000000,-0.005360,-0.058291,0.000000,-0.010720,0.160492,-1.695659,9.620765,0.030892,-0.064980,-0.037284
6.510135,2034.188643,-1.236389,0.000000,-0.006700,-0.223961,0.000000,-0.004020,-10.917341,0.000000,-0.005360,-0.058291,0.000000,-0.010720,0.150878,-1.692127,9.629202,0.033023,-0.064980,-0.036219
6.520474,2034.197851,-1.236389,0.000000,-0.006700,-0.223961,0.000000,-0.004020,-10.917341,0.000000,-0.005360,-0.058291,0.000000,-0.010720,0.160492,-1.675352,9.613604,0.031959,-0.063916,-0.036219
6.530063,2034.207549,-1.236389,0.000000,-0.006700,-0.223961,0.000000,-0.004020,-10.917341,0.000000,-0.005360,-0.058291,0.000000,-0.010720,0.173637,-1.664561,9.624395,0.031959,-0.064980,-0.035154
6.540483,2034.217115,-1.236389,0.000000,-0.006700,-0.223961,0.000000,-0.004020,-10.917341,0.000000,-0.005360,-0.058291,0.000000,-0.010720,0.172460,-1.672899,9.618411,0.031959,-0.064980,-0.036219
6.550575,2034.226512,-1.236389,0.000000,-0.006700,-0.223961,0.000000,-0.004020,-10.917341,0.000000,-0.005360,-0.058291,0.000000,-0.010720,0.155685,-1.662108,9.619588,0.031959,-0.063916,-0.038350
6.560547,2034.236319,-1.236389,0.000000,-0.006700,-0.223961,0.000000,-0.004020,-10.917341,0.000000,-0.005360,-0.058291,0.000000,-0.010720,0.159314,-1.665738,9.619588,0.031959,-0.064980,-0.036219
6.570370,2034.245767,-1.236389,0.000000,-0.006700,-0.223961,0.000000,-0.004020,-10.915807,0.000000,-0.005360,-0.058291,0.000000,-0.010720,0.167653,-1.664561,9.620765,0.031959,-0.064980,-0.036219
6.580334,2034.255304,-1.234855,0.000000,-0.006700,-0.223961,0.000000,-0.004020,-10.917341,0.000000,-0.005360,-0.058291,0.000000,-0.010720,0.144894,-1.664561,9.621942,0.029828,-0.063916,-0.036219
6.590262,2034.265058,-1.236389,0.000000,-0.006700,-0.223961,0.000000,-0.004020,-10.917341,0.000000,-0.005360,-0.058291,0.000000,-0.010720,0.142539,-1.669368,9.620765,0.029828,-0.064980,-0.037284
6.600246,2034.274401,-1.236389,0.000000,-0.006700,-0.223961,0.000000,-0.004020,-10.917341,0.000000,-0.005360,-0.058291,0.000000,-0.010720,0.144894,-1.662108,9.623218,0.030892,-0.064980,-0.035154
6.610323,2034.283818,-1.236389,0.000000,-0.006700,-0.223961,0.000000,-0.004020,-10.917341,0.000000,-0.005360,-0.058291,0.000000,-0.010720,0.152055,-1.663384,9.617234,0.030892,-0.063916,-0.036219
6.620289,2034.293610,-1.236389,0.000000,-0.006700,-0.223961,0.000000,-0.004020,-10.917341,0.000000,-0.005360,-0.058291,0.000000,-0.010720,0.167653,-1.668092,9.631556,0.030892,-0.064980,-0.035154
6.630376,2034.312616,-1.236389,0.000000,-0.006700,-0.223961,0.000000,-0.004020,-10.917341,0.000000,-0.005360,-0.058291,0.000000,-0.010720,0.166476,-1.663384,9.634009,0.030892,-0.063916,-0.037284
6.640753,2034.322188,-1.236389,0.000000,-0.006700,-0.223961,0.000000,-0.004020,-10.917341,0.000000,-0.005360,-0.058291,0.000000,-0.010720,0.165299,-1.668092,9.635186,0.029828,-0.064980,-0.036219
6.650237,2034.331617,-1.234855,0.000000,-0.006700,-0.223961,0.000000,-0.004020,-10.917341,0.000000,-0.005360,-0.058291,0.000000,-0.010720,0.161669,-1.677706,9.632733,0.028761,-0.067111,-0.036219
6.660310,2034.341302,-1.236389,0.000000,-0.006700,-0.223961,0.000000,-0.004020,-10.917341,0.000000,-0.005360,-0.058291,0.000000,-0.010720,0.162846,-1.683690,9.624395,0.028761,-0.067111,-0.036219
6.670513,2034.350653,-1.236389,0.000000,-0.006700,-0.223961,0.000000,-0.004020,-10.917341,0.000000,-0.005360,-0.058291,0.000000,-0.010720,0.152055,-1.692127,9.621942,0.029828,-0.064980,-0.036219
6.680710,2034.360355,-1.234855,0.000000,-0.006700,-0.223961,0.000000,-0.004020,-10.917341,0.000000,-0.005360,-0.058291,0.000000,-0.010720,0.156862,-1.689674,9.629202,0.033023,-0.064980,-0.035154
6.690719,2034.369821,-1.234855,0.000000,-0.006700,-0.223961,0.000000,-0.004020,-10.917341,0.000000,-0.005360,-0.058291,0.000000,-0.010720,0.154508,-1.690852,9.625572,0.030892,-0.066047,-0.035154
6.700297,2034.379391,-1.234855,0.000000,-0.006700,-0.223961,0.000000,-0.004020,-10.917341,0.000000,-0.005360,-0.058291,0.000000,-0.010720,0.161669,-1.665738,9.615958,0.031959,-0.064980,-0.036219
6.710523,2034.389130,-1.236389,0.000000,-0.006700,-0.223961,0.000000,-0.004020,-10.917341,0.000000,-0.005360,-0.058291,0.000000,-0.010720,0.170007,-1.677706,9.620765,0.033023,-0.064980,-0.036219
6.720349,2034.398687,-1.236389,0.000000,-0.006700,-0.223961,0.000000,-0.004020,-10.917341,0.000000,-0.005360,-0.058291,0.000000,-0.010720,0.173637,-1.672899,9.619588,0.033023,-0.064980,-0.036219
6.730272,2034.407935,-1.234855,0.000000,-0.006700,-0.223961,0.000000,-0.004020,-10.917341,0.000000,-0.005360,-0.058291,0.000000,-0.010720,0.173637,-1.668092,9.625572,0.030892,-0.064980,-0.036219
6.740566,2034.417662,-1.236389,0.000000,-0.006700,-0.223961,0.000000,-0.004020,-10.917341,0.000000,-0.005360,-0.058291,0.000000,-0.010720,0.164023,-1.668092,9.628025,0.031959,-0.066047,-0.036219
6.750187,2034.427150,-1.236389,0.000000,-0.006700,-0.223961,0.000000,-0.004020,-10.917341,0.000000,-0.005360,-0.058291,0.000000,-0.010720,0.147248,-1.672899,9.626749,0.030892,-0.064980,-0.036219
6.760351,2034.436762,-1.236389,0.000000,-0.006700,-0.223961,0.000000,-0.004020,-10.917341,0.000000,-0.005360,-0.058291,0.000000,-0.010720,0.146071,-1.675352,9.624395,0.030892,-0.066047,-0.035154
6.770329,2034.446515,-1.236389,0.000000,-0.006700,-0.223961,0.000000,-0.004020,-10.917341,0.000000,-0.005360,-0.058291,0.000000,-0.010720,0.137732,-1.665738,9.619588,0.031959,-0.064980,-0.036219
6.780522,2034.455801,-1.234855,0.000000,-0.006700,-0.223961,0.000000,-0.004020,-10.917341,0.000000,-0.005360,-0.058291,0.000000,-0.010720,0.153330,-1.659754,9.623218,0.030892,-0.064980,-0.036219
6.790442,2034.465302,-1.236389,0.000000,-0.006700,-0.223961,0.000000,-0.004020,-10.917341,0.000000,-0.005360,-0.058291,0.000000,-0.010720,0.154508,-1.657399,9.620765,0.031959,-0.064980,-0.036219
6.800279,2034.474888,-1.236389,0.000000,-0.006700,-0.223961,0.000000,-0.004020,-10.917341,0.000000,-0.005360,-0.058291,0.000000,-0.010720,0.161669,-1.654947,9.625572,0.031959,-0.064980,-0.036219
6.810268,2034.484563,-1.236389,0.000000,-0.006700,-0.223961,0.000000,-0.004020,-10.917341,0.000000,-0.005360,-0.058291,0.000000,-0.010720,0.170007,-1.664561,9.615958,0.029828,-0.064980,-0.036219
6.820331,2034.494019,-1.236389,0.000000,-0.006700,-0.223961,0.000000,-0.004020,-10.917341,0.000000,-0.005360,-0.058291,0.000000,-0.010720,0.166476,-1.664561,9.623218,0.030892,-0.064980,-0.037284
6.830469,2034.503617,-1.234855,0.000000,-0.006700,-0.223961,0.000000,-0.004020,-10.917341,0.000000,-0.005360,-0.058291,0.000000,-0.010720,0.158039,-1.664561,9.620765,0.030892,-0.064980,-0.037284
6.840253,2034.513112,-1.236389,0.000000,-0.006700,-0.223961,0.000000,-0.004020,-10.917341,0.000000,-0.005360,-0.058291,0.000000,-0.010720,0.171283,-1.664561,9.623218,0.030892,-0.066047,-0.036219
6.850253,2034.532143,-1.234855,0.000000,-0.006700,-0.223961,0.000000,-0.004020,-10.917341,0.000000,-0.005360,-0.058291,0.000000,-0.010720,0.148523,-1.690852,9.631556,0.029828,-0.063916,-0.037284
6.860754,2034.541834,-1.234855,0.000000,-0.006700,-0.223961,0.000000,-0.004020,-10.917341,0.000000,-0.005360,-0.058291,0.000000,-0.010720,0.152055,-1.686143,9.621942,0.029828,-0.063916,-0.037284
6.870300,2034.551210,-1.236389,0.000000,-0.006700,-0.223961,0.000000,-0.004020,-10.917341,0.000000,-0.005360,-0.058291,0.000000,-0.010720,0.161669,-1.682513,9.625572,0.030892,-0.064980,-0.036219
6.880469,2034.560886,-1.236389,0.000000,-0.006700,-0.223961,0.000000,-0.004020,-10.917341,0.000000,-0.005360,-0.058291,0.000000,-0.010720,0.171283,-1.681336,9.609974,0.030892,-0.063916,-0.037284
6.890084,2034.570517,-1.236389,0.000000,-0.006700,-0.223961,0.000000,-0.004020,-10.917341,0.000000,-0.005360,-0.058291,0.000000,-0.010720,0.175991,-1.677706,9.615958,0.031959,-0.064980,-0.036219
6.900370,2034.580153,-1.234855,0.000000,-0.006700,-0.223961,0.000000,-0.004020,-10.917341,0.000000,-0.005360,-0.058291,0.000000,-0.010720,0.171283,-1.684868,9.625572,0.031959,-0.063916,-0.036219
6.910259,2034.589390,-1.236389,0.000000,-0.006700,-0.223961,0.000000,-0.004020,-10.917341,0.000000,-0.005360,-0.058291,0.000000,-0.010720,0.168830,-1.690852,9.632733,0.031959,-0.064980,-0.036219
6.920339,2034.598917,-1.236389,0.000000,-0.006700,-0.223961,0.000000,-0.004020,-10.917341,0.000000,-0.005360,-0.058291,0.000000,-0.010720,0.158039,-1.668092,9.628025,0.029828,-0.066047,-0.035154
6.930426,2034.608622,-1.236389,0.000000,-0.006700,-0.223961,0.000000,-0.004020,-10.917341,0.000000,-0.005360,-0.058291,0.000000,-0.010720,0.158039,-1.675352,9.620765,0.031959,-0.066047,-0.037284
6.940289,2034.618262,-1.236389,0.000000,-0.006700,-0.223961,0.000000,-0.004020,-10.917341,0.000000,-0.005360,-0.058291,0.000000,-0.010720,0.150878,-1.683690,9.618411,0.031959,-0.063916,-0.036219
6.950254,2034.627811,-1.236389,0.000000,-0.006700,-0.223961,0.000000,-0.004020,-10.917341,0.000000,-0.005360,-0.058291,0.000000,-0.010720,0.159314,-1.656124,9.628025,0.031959,-0.066047,-0.036219
6.960078,2034.637113,-1.236389,0.000000,-0.006700,-0.223961,0.000000,-0.004020,-10.917341,0.000000,-0.005360,-0.058291,0.000000,-0.010720,0.164023,-1.660931,9.607620,0.030892,-0.064980,-0.036219
6.970297,2034.646758,-1.236389,0.000000,-0.006700,-0.223961,0.000000,-0.004020,-10.917341,0.000000,-0.005360,-0.058291,0.000000,-0.010720,0.161669,-1.665738,9.617234,0.030892,-0.064980,-0.035154
6.980380,2034.656344,-1.234855,0.000000,-0.006700,-0.223961,0.000000,-0.004020,-10.917341,0.000000,-0.005360,-0.058291,0.000000,-0.010720,0.160492,-1.653770,9.637540,0.030892,-0.064980,-0.036219
6.990325,2034.665918,-1.236389,0.000000,-0.006700,-0.223961,0.000000,-0.004020,-10.917341,0.000000,-0.005360,-0.058291,0.000000,-0.010720,0.165299,-1.656124,9.631556,0.031959,-0.064980,-0.036219
7.000281,2034.675563,-1.236389,0.000000,-0.006700,-0.223961,0.000000,-0.004020,-10.917341,0.000000,-0.005360,-0.058291,0.000000,-0.010720,0.148523,-1.665738,9.625572,0.031959,-0.063916,-0.036219
7.010580,2034.684918,-1.236389,0.000000,-0.006700,-0.223961,0.000000,-0.004020,-10.917341,0.000000,-0.005360,-0.058291,0.000000,-0.010720,0.155685,-1.657399,9.621942,0.030892,-0.064980,-0.035154
7.020124,2034.694410,-1.236389,0.000000,-0.006700,-0.223961,0.000000,-0.004020,-10.917341,0.000000,-0.005360,-0.058291,0.000000,-0.010720,0.158039,-1.681336,9.623218,0.029828,-0.062851,-0.035154
7.030433,2034.704337,-1.236389,0.000000,-0.006700,-0.223961,0.000000,-0.004020,-10.917341,0.000000,-0.005360,-0.058291,0.000000,-0.010720,0.153330,-1.678883,9.629202,0.029828,-0.064980,-0.036219
7.040453,2034.713657,-1.236389,0.000000,-0.006700,-0.223961,0.000000,-0.004020,-10.917341,0.000000,-0.005360,-0.058291,0.000000,-0.010720,0.160492,-1.677706,9.609974,0.028761,-0.064980,-0.036219
7.050279,2034.723154,-1.236389,0.000000,-0.006700,-0.223961,0.000000,-0.004020,-10.917341,0.000000,-0.005360,-0.058291,0.000000,-0.010720,0.159314,-1.669368,9.621942,0.030892,-0.066047,-0.036219
7.060739,2034.742304,-1.234855,0.000000,-0.006700,-0.223961,0.000000,-0.004020,-10.917341,0.000000,-0.005360,-0.058291,0.000000,-0.010720,0.172460,-1.675352,9.620765,0.030892,-0.064980,-0.036219
7.070309,2034.751900,-1.236389,0.000000,-0.006700,-0.223961,0.000000,-0.004020,-10.917341,0.000000,-0.005360,-0.058291,0.000000,-0.010720,0.175991,-1.676529,9.620765,0.031959,-0.064980,-0.036219
7.080573,2034.761524,-1.236389,0.000000,-0.006700,-0.223961,0.000000,-0.004020,-10.917341,0.000000,-0.005360,-0.058291,0.000000,-0.010720,0.172460,-1.671722,9.619588,0.030892,-0.062851,-0.036219
7.090377,2034.770962,-1.234855,0.000000,-0.006700,-0.223961,0.000000,-0.004020,-10.917341,0.000000,-0.005360,-0.058291,0.000000,-0.010720,0.166476,-1.687320,9.606442,0.031959,-0.063916,-0.036219
7.100302,2034.780708,-1.236389,0.000000,-0.006700,-0.223961,0.000000,-0.004020,-10.917341,0.000000,-0.005360,-0.058291,0.000000,-0.010720,0.172460,-1.676529,9.621942,0.030892,-0.063916,-0.037284
7.110083,2034.789956,-1.236389,0.000000,-0.006700,-0.223961,0.000000,-0.004020,-10.917341,0.000000,-0.005360,-0.058291,0.000000,-0.010720,0.162846,-1.666915,9.609974,0.028761,-0.064980,-0.037284
7.120482,2034.799564,-1.236389,0.000000,-0.006700,-0.223961,0.000000,-0.004020,-10.917341,0.000000,-0.005360,-0.058291,0.000000,-0.010720,0.165299,-1.687320,9.618411,0.030892,-0.066047,-0.036219
7.130148,2034.809333,-1.234855,0.000000,-0.006700,-0.223961,0.000000,-0.004020,-10.915807,0.000000,-0.005360,-0.058291,0.000000,-0.010720,0.162846,-1.686143,9.614781,0.030892,-0.066047,-0.036219
7.140300,2034.818615,-1.236389,0.000000,-0.006700,-0.223961,0.000000,-0.004020,-10.917341,0.000000,-0.005360,-0.058291,0.000000,-0.010720,0.167653,-1.677706,9.632733,0.030892,-0.063916,-0.037284
7.150215,2034.828172,-1.236389,0.000000,-0.006700,-0.223961,0.000000,-0.004020,-10.917341,0.000000,-0.005360,-0.058291,0.000000,-0.010720,0.164023,-1.665738,9.626749,0.031959,-0.066047,-0.036219
7.160097,2034.837919,-1.234855,0.000000,-0.006700,-0.223961,0.000000,-0.004020,-10.917341,0.000000,-0.005360,-0.058291,0.000000,-0.010720,0.167653,-1.668092,9.621942,0.031959,-0.064980,-0.036219
7.170086,2034.847245,-1.234855,0.000000,-0.006700,-0.223961,0.000000,-0.004020,-10.917341,0.000000,-0.005360,-0.058291,0.000000,-0.010720,0.165299,-1.668092,9.621942,0.030892,-0.066047,-0.036219
7.180168,2034.856970,-1.236389,0.000000,-0.006700,-0.223961,0.000000,-0.004020,-10.917341,0.000000,-0.005360,-0.058291,0.000000,-0.010720,0.159314,-1.668092,9.628025,0.029828,-0.064980,-0.035154
7.190315,2034.866431,-1.236389,0.000000,-0.006700,-0.223961,0.000000,-0.004020,-10.917341,0.000000,-0.005360,-0.058291,0.000000,-0.010720,0.162846,-1.674076,9.628025,0.030892,-0.064980,-0.037284
7.200417,2034.876179,-1.236389,0.000000,-0.006700,-0.223961,0.000000,-0.004020,-10.917341,0.000000,-0.005360,-0.058291,0.000000,-0.010720,0.162846,-1.671722,9.621942,0.030892,-0.063916,-0.037284
7.210767,2034.885753,-1.236389,0.000000,-0.006700,-0.223961,0.000000,-0.004020,-10.917341,0.000000,-0.005360,-0.058291,0.000000,-0.010720,0.156862,-1.657399,9.619588,0.029828,-0.064980,-0.037284
7.220474,2034.895303,-1.236389,0.000000,-0.006700,-0.223961,0.000000,-0.004020,-10.917341,0.000000,-0.005360,-0.058291,0.000000,-0.010720,0.147248,-1.672899,9.619588,0.030892,-0.064980,-0.037284
7.230139,2034.904623,-1.236389,0.000000,-0.006700,-0.223961,0.000000,-0.004020,-10.917341,0.000000,-0.005360,-0.058291,0.000000,-0.010720,0.150878,-1.674076,9.625572,0.031959,-0.066047,-0.037284
7.240502,2034.914220,-1.236389,0.000000,-0.006700,-0.223961,0.000000,-0.004020,-10.917341,0.000000,-0.005360,-0.058291,0.000000,-0.010720,0.160492,-1.674076,9.632733,0.030892,-0.064980,-0.037284
7.250076,2034.923883,-1.234855,0.000000,-0.006700,-0.223961,0.000000,-0.004020,-10.917341,0.000000,-0.005360,-0.058291,0.000000,-0.010720,0.159314,-1.666915,9.634009,0.033023,-0.064980,-0.035154
7.260487,2034.933361,-1.236389,0.000000,-0.006700,-0.223961,0.000000,-0.004020,-10.917341,0.000000,-0.005360,-0.058291,0.000000,-0.010720,0.174814,-1.674076,9.615958,0.029828,-0.064980,-0.036219
7.270219,2034.952413,-1.234855,0.000000,-0.006700,-0.223961,0.000000,-0.004020,-10.917341,0.000000,-0.005360,-0.058291,0.000000,-0.010720,0.164023,-1.675352,9.634009,0.029828,-0.063916,-0.037284
7.280236,2034.962058,-1.234855,0.000000,-0.006700,-0.223961,0.000000,-0.004020,-10.917341,0.000000,-0.005360,-0.058291,0.000000,-0.010720,0.158039,-1.680061,9.625572,0.029828,-0.064980,-0.036219
7.290170,2034.971413,-1.236389,0.000000,-0.006700,-0.223961,0.000000,-0.004020,-10.917341,0.000000,-0.005360,-0.058291,0.000000,-0.010720,0.160492,-1.682513,9.625572,0.029828,-0.066047,-0.035154
7.300162,2034.981112,-1.234855,0.000000,-0.006700,-0.223961,0.000000,-0.004020,-10.917341,0.000000,-0.005360,-0.058291,0.000000,-0.010720,0.158039,-1.683690,9.620765,0.029828,-0.063916,-0.036219
7.310427,2034.990823,-1.234855,0.000000,-0.006700,-0.223961,0.000000,-0.004020,-10.917341,0.000000,-0.005360,-0.058291,0.000000,-0.010720,0.154508,-1.680061,9.624395,0.031959,-0.063916,-0.036219
7.320224,2035.000030,-1.236389,0.000000,-0.006700,-0.223961,0.000000,-0.004020,-10.917341,0.000000,-0.005360,-0.058291,0.000000,-0.010720,0.162846,-1.682513,9.641170,0.031959,-0.063916,-0.037284
7.330259,2035.009582,-1.234855,0.000000,-0.006700,-0.223961,0.000000,-0.004020,-10.917341,0.000000,-0.005360,-0.058291,0.000000,-0.010720,0.172460,-1.680061,9.614781,0.031959,-0.066047,-0.038350
7.340364,2035.019329,-1.236389,0.000000,-0.006700,-0.223961,0.000000,-0.004020,-10.917341,0.000000,-0.005360,-0.058291,0.000000,-0.010720,0.173637,-1.681336,9.612427,0.031959,-0.064980,-0.036219
7.350406,2035.028780,-1.236389,0.000000,-0.006700,-0.223961,0.000000,-0.004020,-10.917341,0.000000,-0.005360,-0.058291,0.000000,-0.010720,0.171283,-1.664561,9.626749,0.031959,-0.064980,-0.036219
7.360457,2035.038202,-1.236389,0.000000,-0.006700,-0.223961,0.000000,-0.004020,-10.917341,0.000000,-0.005360,-0.058291,0.000000,-0.010720,0.164023,-1.671722,9.628025,0.029828,-0.064980,-0.036219
7.370337,2035.047968,-1.236389,0.000000,-0.006700,-0.223961,0.000000,-0.004020,-10.917341,0.000000,-0.005360,-0.058291,0.000000,-0.010720,0.165299,-1.671722,9.629202,0.031959,-0.063916,-0.036219
7.380245,2035.057303,-1.236389,0.000000,-0.006700,-0.223961,0.000000,-0.004020,-10.917341,0.000000,-0.005360,-0.058291,0.000000,-0.010720,0.158039,-1.670545,9.629202,0.030892,-0.064980,-0.037284
7.390249,2035.067150,-1.236389,0.000000,-0.006700,-0.223961,0.000000,-0.004020,-10.917341,0.000000,-0.005360,-0.058291,0.000000,-0.010720,0.152055,-1.680061,9.628025,0.029828,-0.066047,-0.036219
7.400410,2035.076432,-1.236389,0.000000,-0.006700,-0.223961,0.000000,-0.004020,-10.917341,0.000000,-0.005360,-0.058291,0.000000,-0.010720,0.154508,-1.663384,9.626749,0.031959,-0.064980,-0.037284
7.410132,2035.086177,-1.234855,0.000000,-0.006700,-0.223961,0.000000,-0.004020,-10.917341,0.000000,-0.005360,-0.058291,0.000000,-0.010720,0.160492,-1.668092,9.632733,0.030892,-0.064980,-0.037284
7.420224,2035.095763,-1.236389,0.000000,-0.006700,-0.223961,0.000000,-0.004020,-10.917341,0.000000,-0.005360,-0.058291,0.000000,-0.010720,0.162846,-1.665738,9.629202,0.030892,-0.064980,-0.036219
7.430377,2035.105211,-1.234855,0.000000,-0.006700,-0.223961,0.000000,-0.004020,-10.917341,0.000000,-0.005360,-0.058291,0.000000,-0.010720,0.155685,-1.666915,9.626749,0.030892,-0.066047,-0.035154
7.440307,2035.114951,-1.236389,0.000000,-0.006700,-0.223961,0.000000,-0.004020,-10.917341,0.000000,-0.005360,-0.058291,0.000000,-0.010720,0.165299,-1.671722,9.621942,0.029828,-0.063916,-0.036219
7.450205,2035.124379,-1.236389,0.000000,-0.006700,-0.223961,0.000000,-0.004020,-10.917341,0.000000,-0.005360,-0.058291,0.000000,-0.010720,0.171283,-1.656124,9.624395,0.030892,-0.064980,-0.037284
7.460376,2035.133930,-1.236389,0.000000,-0.006700,-0.223961,0.000000,-0.004020,-10.917341,0.000000,-0.005360,-0.058291,0.000000,-0.010720,0.162846,-1.664561,9.629202,0.030892,-0.064980,-0.037284
7.470300,2035.143216,-1.234855,0.000000,-0.006700,-0.223961,0.000000,-0.004020,-10.917341,0.000000,-0.005360,-0.058291,0.000000,-0.010720,0.155685,-1.671722,9.626749,0.029828,-0.064980,-0.037284
7.480294,2035.162685,-1.236389,0.000000,-0.006700,-0.223961,0.000000,-0.004020,-10.917341,0.000000,-0.005360,-0.058291,0.000000,-0.010720,0.153330,-1.674076,9.624395,0.029828,-0.064980,-0.035154
7.490242,2035.171951,-1.236389,0.000000,-0.006700,-0.223961,0.000000,-0.004020,-10.917341,0.000000,-0.005360,-0.058291,0.000000,-0.010720,0.159314,-1.672899,9.625572,0.029828,-0.064980,-0.036219
7.500557,2035.181709,-1.234855,0.000000,-0.006700,-0.223961,0.000000,-0.004020,-10.917341,0.000000,-0.005360,-0.058291,0.000000,-0.010720,0.161669,-1.676529,9.621942,0.031959,-0.064980,-0.035154
7.510635,2035.191303,-1.236389,0.000000,-0.006700,-0.223961,0.000000,-0.004020,-10.917341,0.000000,-0.005360,-0.058291,0.000000,-0.010720,0.158039,-1.682513,9.619588,0.031959,-0.064980,-0.037284
7.520128,2035.200817,-1.236389,0.000000,-0.006700,-0.223961,0.000000,-0.004020,-10.917341,0.000000,-0.005360,-0.058291,0.000000,-0.010720,0.170007,-1.678883,9.620765,0.029828,-0.064980,-0.036219
7.530146,2035.210127,-1.236389,0.000000,-0.006700,-0.223961,0.000000,-0.004020,-10.917341,0.000000,-0.005360,-0.058291,0.000000,-0.010720,0.166476,-1.680061,9.624395,0.029828,-0.063916,-0.037284
7.540170,2035.219929,-1.234855,0.000000,-0.006700,-0.223961,0.000000,-0.004020,-10.917341,0.000000,-0.005360,-0.058291,0.000000,-0.010720,0.166476,-1.669368,9.613604,0.030892,-0.066047,-0.036219
7.550149,2035.229438,-1.236389,0.000000,-0.006700,-0.223961,0.000000,-0.004020,-10.917341,0.000000,-0.005360,-0.058291,0.000000,-0.010720,0.161669,-1.683690,9.617234,0.030892,-0.064980,-0.037284
7.560173,2035.238710,-1.236389,0.000000,-0.006700,-0.223961,0.000000,-0.004020,-10.917341,0.000000,-0.005360,-0.058291,0.000000,-0.010720,0.165299,-1.686143,9.613604,0.030892,-0.064980,-0.038350
7.570493,2035.248608,-1.236389,0.000000,-0.006700,-0.223961,0.000000,-0.004020,-10.917341,0.000000,-0.005360,-0.058291,0.000000,-0.010720,0.153330,-1.671722,9.617234,0.031959,-0.064980,-0.037284
7.580544,2035.257990,-1.236389,0.000000,-0.006700,-0.223961,0.000000,-0.004020,-10.917341,0.000000,-0.005360,-0.058291,0.000000,-0.010720,0.161669,-1.672899,9.637540,0.031959,-0.064980,-0.036219
7.590130,2035.267373,-1.236389,0.000000,-0.006700,-0.223961,0.000000,-0.004020,-10.917341,0.000000,-0.005360,-0.058291,0.000000,-0.010720,0.167653,-1.671722,9.625572,0.030892,-0.063916,-0.036219
7.600338,2035.277011,-1.234855,0.000000,-0.006700,-0.223961,0.000000,-0.004020,-10.917341,0.000000,-0.005360,-0.058291,0.000000,-0.010720,0.164023,-1.676529,9.615958,0.031959,-0.064980,-0.036219
7.610206,2035.286615,-1.236389,0.000000,-0.006700,-0.223961,0.000000,-0.004020,-10.917341,0.000000,-0.005360,-0.058291,0.000000,-0.010720,0.159314,-1.670545,9.630379,0.030892,-0.064980,-0.036219
7.620304,2035.296196,-1.236389,0.000000,-0.006700,-0.223961,0.000000,-0.004020,-10.917341,0.000000,-0.005360,-0.058291,0.000000,-0.010720,0.159314,-1.658577,9.625572,0.031959,-0.064980,-0.036219
7.630478,2035.305710,-1.234855,0.000000,-0.006700,-0.223961,0.000000,-0.004020,-10.917341,0.000000,-0.005360,-0.058291,0.000000,-0.010720,0.164023,-1.663384,9.614781,0.031959,-0.063916,-0.036219
7.640710,2035.315206,-1.236389,0.000000,-0.006700,-0.223961,0.000000,-0.004020,-10.917341,0.000000,-0.005360,-0.058291,0.000000,-0.010720,0.164023,-1.670545,9.621942,0.029828,-0.063916,-0.036219
7.650435,2035.324708,-1.236389,0.000000,-0.006700,-0.223961,0.000000,-0.004020,-10.917341,0.000000,-0.005360,-0.058291,0.000000,-0.010720,0.170007,-1.665738,9.631556,0.029828,-0.064980,-0.038350
7.660168,2035.334429,-1.234855,0.000000,-0.006700,-0.223961,0.000000,-0.004020,-10.917341,0.000000,-0.005360,-0.058291,0.000000,-0.010720,0.153330,-1.678883,9.632733,0.031959,-0.064980,-0.037284
7.670282,2035.343825,-1.236389,0.000000,-0.006700,-0.223961,0.000000,-0.004020,-10.917341,0.000000,-0.005360,-0.058291,0.000000,-0.010720,0.162846,-1.674076,9.620765,0.030892,-0.066047,-0.035154
7.680104,2035.353304,-1.234855,0.000000,-0.006700,-0.223961,0.000000,-0.004020,-10.917341,0.000000,-0.005360,-0.058291,0.000000,-0.010720,0.170007,-1.675352,9.625572,0.030892,-0.066047,-0.036219
7.690158,2035.372638,-1.234855,0.000000,-0.006700,-0.223961,0.000000,-0.004020,-10.917341,0.000000,-0.005360,-0.058291,0.000000,-0.010720,0.162846,-1.670545,9.612427,0.029828,-0.064980,-0.036219
7.700110,2035.382307,-1.236389,0.000000,-0.006700,-0.223961,0.000000,-0.004020,-10.917341,0.000000,-0.005360,-0.058291,0.000000,-0.010720,0.167653,-1.676529,9.625572,0.031959,-0.062851,-0.036219
7.710330,2035.391766,-1.236389,0.000000,-0.006700,-0.223961,0.000000,-0.004020,-10.917341,0.000000,-0.005360,-0.058291,0.000000,-0.010720,0.159314,-1.676529,9.621942,0.031959,-0.064980,-0.036219
7.720557,2035.401172,-1.234855,0.000000,-0.006700,-0.223961,0.000000,-0.004020,-10.917341,0.000000,-0.005360,-0.058291,0.000000,-0.010720,0.161669,-1.666915,9.618411,0.029828,-0.066047,-0.036219
7.730541,2035.410711,-1.234855,0.000000,-0.006700,-0.223961,0.000000,-0.004020,-10.917341,0.000000,-0.005360,-0.058291,0.000000,-0.010720,0.161669,-1.676529,9.617234,0.030892,-0.064980,-0.037284
7.740296,2035.420312,-1.234855,0.000000,-0.006700,-0.223961,0.000000,-0.004020,-10.917341,0.000000,-0.005360,-0.058291,0.000000,-0.010720,0.152055,-1.687320,9.626749,0.030892,-0.064980,-0.036219
7.750545,2035.429792,-1.234855,0.000000,-0.006700,-0.223961,0.000000,-0.004020,-10.917341,0.000000,-0.005360,-0.058291,0.000000,-0.010720,0.155685,-1.672899,9.614781,0.031959,-0.063916,-0.036219
7.760242,2035.439589,-1.236389,0.000000,-0.006700,-0.223961,0.000000,-0.004020,-10.917341,0.000000,-0.005360,-0.058291,0.000000,-0.010720,0.158039,-1.675352,9.626749,0.029828,-0.064980,-0.036219
7.770222,2035.449192,-1.236389,0.000000,-0.006700,-0.223961,0.000000,-0.004020,-10.917341,0.000000,-0.005360,-0.058291,0.000000,-0.010720,0.167653,-1.682513,9.620765,0.031959,-0.064980,-0.036219
7.780396,2035.458637,-1.236389,0.000000,-0.006700,-0.223961,0.000000,-0.004020,-10.917341,0.000000,-0.005360,-0.058291,0.000000,-0.010720,0.170007,-1.683690,9.619588,0.031959,-0.064980,-0.035154
7.790291,2035.468160,-1.234855,0.000000,-0.006700,-0.223961,0.000000,-0.004020,-10.917341,0.000000,-0.005360,-0.058291,0.000000,-0.010720,0.161669,-1.677706,9.623218,0.031959,-0.064980,-0.035154
7.800076,2035.477824,-1.236389,0.000000,-0.006700,-0.223961,0.000000,-0.004020,-10.917341,0.000000,-0.005360,-0.058291,0.000000,-0.010720,0.158039,-1.670545,9.623218,0.030892,-0.064980,-0.038350
7.810398,2035.487130,-1.234855,0.000000,-0.006700,-0.223961,0.000000,-0.004020,-10.917341,0.000000,-0.005360,-0.058291,0.000000,-0.010720,0.168830,-1.669368,9.615958,0.030892,-0.064980,-0.038350
7.820311,2035.496718,-1.236389,0.000000,-0.006700,-0.223961,0.000000,-0.004020,-10.917341,0.000000,-0.005360,-0.058291,0.000000,-0.010720,0.168830,-1.670545,9.618411,0.031959,-0.064980,-0.036219
7.830145,2035.506480,-1.234855,0.000000,-0.006700,-0.223961,0.000000,-0.004020,-10.917341,0.000000,-0.005360,-0.058291,0.000000,-0.010720,0.164023,-1.671722,9.630379,0.030892,-0.064980,-0.036219
7.840241,2035.515710,-1.236389,0.000000,-0.006700,-0.223961,0.000000,-0.004020,-10.917341,0.000000,-0.005360,-0.058291,0.000000,-0.010720,0.165299,-1.660931,9.605265,0.029828,-0.063916,-0.036219
7.850548,2035.525330,-1.234855,0.000000,-0.006700,-0.223961,0.000000,-0.004020,-10.917341,0.000000,-0.005360,-0.058291,0.000000,-0.010720,0.155685,-1.675352,9.625572,0.029828,-0.063916,-0.037284
7.860364,2035.534758,-1.234855,0.000000,-0.006700,-0.223961,0.000000,-0.004020,-10.917341,0.000000,-0.005360,-0.058291,0.000000,-0.010720,0.166476,-1.670545,9.623218,0.030892,-0.064980,-0.036219
7.870163,2035.544356,-1.234855,0.000000,-0.006700,-0.223961,0.000000,-0.004020,-10.917341,0.000000,-0.005360,-0.058291,0.000000,-0.010720,0.154508,-1.672899,9.643524,0.030892,-0.064980,-0.036219
7.880215,2035.554197,-1.234855,0.000000,-0.006700,-0.223961,0.000000,-0.004020,-10.917341,0.000000,-0.005360,-0.058291,0.000000,-0.010720,0.168830,-1.663384,9.620765,0.030892,-0.064980,-0.036219
7.890109,2035.563623,-1.236389,0.000000,-0.006700,-0.223961,0.000000,-0.004020,-10.917341,0.000000,-0.005360,-0.058291,0.000000,-0.010720,0.162846,-1.670545,9.620765,0.029828,-0.064980,-0.036219
7.900587,2035.582497,-1.236389,0.000000,-0.006700,-0.223961,0.000000,-0.004020,-10.917341,0.000000,-0.005360,-0.058291,0.000000,-0.010720,0.161669,-1.680061,9.606442,0.031959,-0.064980,-0.036219
7.910310,2035.592050,-1.236389,0.000000,-0.006700,-0.223961,0.000000,-0.004020,-10.917341,0.000000,-0.005360,-0.058291,0.000000,-0.010720,0.174814,-1.672899,9.626749,0.030892,-0.063916,-0.036219
7.920178,2035.601910,-1.236389,0.000000,-0.006700,-0.223961,0.000000,-0.004020,-10.917341,0.000000,-0.005360,-0.058291,0.000000,-0.010720,0.172460,-1.668092,9.623218,0.030892,-0.064980,-0.037284
7.930335,2035.611417,-1.236389,0.000000,-0.006700,-0.223961,0.000000,-0.004020,-10.917341,0.000000,-0.005360,-0.058291,0.000000,-0.010720,0.160492,-1.687320,9.624395,0.031959,-0.064980,-0.036219
7.940309,2035.620988,-1.236389,0.000000,-0.006700,-0.223961,0.000000,-0.004020,-10.917341,0.000000,-0.005360,-0.058291,0.000000,-0.010720,0.164023,-1.674076,9.626749,0.033023,-0.063916,-0.036219
7.950539,2035.630515,-1.234855,0.000000,-0.006700,-0.223961,0.000000,-0.004020,-10.917341,0.000000,-0.005360,-0.058291,0.000000,-0.010720,0.164023,-1.676529,9.614781,0.030892,-0.064980,-0.037284
7.960108,2035.639969,-1.236389,0.000000,-0.006700,-0.223961,0.000000,-0.004020,-10.917341,0.000000,-0.005360,-0.058291,0.000000,-0.010720,0.171283,-1.672899,9.626749,0.030892,-0.064980,-0.036219
7.970160,2035.649456,-1.236389,0.000000,-0.006700,-0.223961,0.000000,-0.004020,-10.917341,0.000000,-0.005360,-0.058291,0.000000,-0.010720,0.164023,-1.672899,9.626749,0.031959,-0.063916,-0.035154
7.980273,2035.658906,-1.234855,0.000000,-0.006700,-0.223961,0.000000,-0.004020,-10.915807,0.000000,-0.005360,-0.058291,0.000000,-0.010720,0.159314,-1.666915,9.613604,0.031959,-0.064980,-0.036219
7.990335,2035.668585,-1.236389,0.000000,-0.006700,-0.223961,0.000000,-0.004020,-10.917341,0.000000,-0.005360,-0.058291,0.000000,-0.010720,0.165299,-1.677706,9.612427,0.033023,-0.064980,-0.035154
8.000478,2035.678227,-1.234855,0.000000,-0.006700,-0.223961,0.000000,-0.004020,-10.917341,0.000000,-0.005360,-0.058291,0.000000,-0.010720,0.162846,-1.676529,9.614781,0.029828,-0.064980,-0.036219
8.010373,2035.687546,-1.236389,0.000000,-0.006700,-0.223961,0.000000,-0.004020,-10.917341,0.000000,-0.005360,-0.058291,0.000000,-0.010720,0.154508,-1.671722,9.623218,0.030892,-0.064980,-0.036219
8.020349,2035.697096,-1.236389,0.000000,-0.006700,-0.223961,0.000000,-0.004020,-10.917341,0.000000,-0.005360,-0.058291,0.000000,-0.010720,0.159314,-1.656124,9.629202,0.031959,-0.064980,-0.036219
8.030304,2035.706845,-1.236389,0.000000,-0.006700,-0.223961,0.000000,-0.004020,-10.917341,0.000000,-0.005360,-0.058291,0.000000,-0.010720,0.165299,-1.666915,9.631556,0.029828,-0.064980,-0.036219
8.040312,2035.716362,-1.236389,0.000000,-0.006700,-0.223961,0.000000,-0.004020,-10.917341,0.000000,-0.005360,-0.058291,0.000000,-0.010720,0.168830,-1.676529,9.619588,0.029828,-0.064980,-0.037284
8.050614,2035.725943,-1.236389,0.000000,-0.006700,-0.223961,0.000000,-0.004020,-10.917341,0.000000,-0.005360,-0.058291,0.000000,-0.010720,0.168830,-1.670545,9.614781,0.031959,-0.063916,-0.037284
8.060512,2035.735601,-1.236389,0.000000,-0.006700,-0.223961,0.000000,-0.004020,-10.917341,0.000000,-0.005360,-0.058291,0.000000,-0.010720,0.170007,-1.660931,9.624395,0.031959,-0.064980,-0.036219
8.070501,2035.745169,-1.236389,0.000000,-0.006700,-0.223961,0.000000,-0.004020,-10.917341,0.000000,-0.005360,-0.058291,0.000000,-0.010720,0.156862,-1.675352,9.617234,0.031959,-0.064980,-0.036219
8.080434,2035.754745,-1.234855,0.000000,-0.006700,-0.223961,0.000000,-0.004020,-10.917341,0.000000,-0.005360,-0.058291,0.000000,-0.010720,0.168830,-1.676529,9.615958,0.030892,-0.064980,-0.036219
8.090659,2035.773601,-1.236389,0.000000,-0.006700,-0.223961,0.000000,-0.004020,-10.917341,0.000000,-0.005360,-0.058291,0.000000,-0.010720,0.161669,-1.672899,9.613604,0.031959,-0.063916,-0.037284
8.100139,2035.783123,-1.234855,0.000000,-0.006700,-0.223961,0.000000,-0.004020,-10.917341,0.000000,-0.005360,-0.058291,0.000000,-0.010720,0.159314,-1.675352,9.621942,0.030892,-0.064980,-0.036219
8.110405,2035.792687,-1.234855,0.000000,-0.006700,-0.223961,0.000000,-0.004020,-10.917341,0.000000,-0.005360,-0.058291,0.000000,-0.010720,0.171283,-1.678883,9.619588,0.030892,-0.064980,-0.037284
8.120337,2035.802266,-1.236389,0.000000,-0.006700,-0.223961,0.000000,-0.004020,-10.917341,0.000000,-0.005360,-0.058291,0.000000,-0.010720,0.160492,-1.674076,9.621942,0.030892,-0.064980,-0.036219
8.130326,2035.811819,-1.236389,0.000000,-0.006700,-0.223961,0.000000,-0.004020,-10.917341,0.000000,-0.005360,-0.058291,0.000000,-0.010720,0.159314,-1.686143,9.626749,0.030892,-0.066047,-0.037284
8.140638,2035.821444,-1.234855,0.000000,-0.006700,-0.223961,0.000000,-0.004020,-10.917341,0.000000,-0.005360,-0.058291,0.000000,-0.010720,0.170007,-1.664561,9.624395,0.030892,-0.064980,-0.037284
8.150231,2035.830800,-1.234855,0.000000,-0.006700,-0.223961,0.000000,-0.004020,-10.917341,0.000000,-0.005360,-0.058291,0.000000,-0.010720,0.167653,-1.670545,9.611249,0.028761,-0.066047,-0.037284
8.160514,2035.840706,-1.236389,0.000000,-0.006700,-0.223961,0.000000,-0.004020,-10.917341,0.000000,-0.005360,-0.058291,0.000000,-0.010720,0.170007,-1.670545,9.621942,0.029828,-0.064980,-0.037284
8.170146,2035.850005,-1.234855,0.000000,-0.006700,-0.223961,0.000000,-0.004020,-10.917341,0.000000,-0.005360,-0.058291,0.000000,-0.010720,0.162846,-1.677706,9.618411,0.031959,-0.063916,-0.037284
8.180493,2035.859561,-1.236389,0.000000,-0.006700,-0.223961,0.000000,-0.004020,-10.917341,0.000000,-0.005360,-0.058291,0.000000,-0.010720,0.159314,-1.668092,9.618411,0.030892,-0.063916,-0.038350
8.190680,2035.869178,-1.236389,0.000000,-0.006700,-0.223961,0.000000,-0.004020,-10.917341,0.000000,-0.005360,-0.058291,0.000000,-0.010720,0.159314,-1.668092,9.630379,0.031959,-0.064980,-0.037284
8.200148,2035.878687,-1.234855,0.000000,-0.006700,-0.223961,0.000000,-0.004020,-10.917341,0.000000,-0.005360,-0.058291,0.000000,-0.010720,0.162846,-1.663384,9.614781,0.030892,-0.063916,-0.036219
8.210342,2035.888246,-1.236389,0.000000,-0.006700,-0.223961,0.000000,-0.004020,-10.917341,0.000000,-0.005360,-0.058291,0.000000,-0.010720,0.165299,-1.670545,9.628025,0.030892,-0.063916,-0.035154
8.220321,2035.897836,-1.236389,0.000000,-0.006700,-0.223961,0.000000,-0.004020,-10.917341,0.000000,-0.005360,-0.058291,0.000000,-0.010720,0.165299,-1.665738,9.617234,0.031959,-0.063916,-0.036219
8.230469,2035.907196,-1.236389,0.000000,-0.006700,-0.223961,0.000000,-0.004020,-10.917341,0.000000,-0.005360,-0.058291,0.000000,-0.010720,0.154508,-1.671722,9.615958,0.030892,-0.064980,-0.036219
8.240296,2035.916843,-1.236389,0.000000,-0.006700,-0.223961,0.000000,-0.004020,-10.917341,0.000000,-0.005360,-0.058291,0.000000,-0.010720,0.160492,-1.657399,9.608797,0.031959,-0.064980,-0.036219
8.250167,2035.926599,-1.236389,0.000000,-0.006700,-0.223961,0.000000,-0.004020,-10.917341,0.000000,-0.005360,-0.058291,0.000000,-0.010720,0.162846,-1.671722,9.621942,0.030892,-0.064980,-0.036219
8.260662,2035.935966,-1.234855,0.000000,-0.006700,-0.223961,0.000000,-0.004020,-10.917341,0.000000,-0.005360,-0.058291,0.000000,-0.010720,0.158039,-1.672899,9.624395,0.030892,-0.064980,-0.037284
8.270185,2035.945664,-1.236389,0.000000,-0.006700,-0.223961,0.000000,-0.004020,-10.917341,0.000000,-0.005360,-0.058291,0.000000,-0.010720,0.159314,-1.675352,9.621942,0.030892,-0.063916,-0.037284
8.280409,2035.955166,-1.236389,0.000000,-0.006700,-0.223961,0.000000,-0.004020,-10.917341,0.000000,-0.005360,-0.058291,0.000000,-0.010720,0.161669,-1.677706,9.618411,0.029828,-0.063916,-0.036219
8.290117,2035.964611,-1.236389,0.000000,-0.006700,-0.223961,0.000000,-0.004020,-10.917341,0.000000,-0.005360,-0.058291,0.000000,-0.010720,0.159314,-1.671722,9.626749,0.030892,-0.063916,-0.035154
8.300150,2035.974127,-1.236389,0.000000,-0.006700,-0.223961,0.000000,-0.004020,-10.917341,0.000000,-0.005360,-0.058291,0.000000,-0.010720,0.159314,-1.666915,9.621942,0.030892,-0.064980,-0.036219
8.310304,2035.983824,-1.234855,0.000000,-0.006700,-0.223961,0.000000,-0.004020,-10.917341,0.000000,-0.005360,-0.058291,0.000000,-0.010720,0.160492,-1.672899,9.612427,0.030892,-0.064980,-0.036219
8.320484,2035.993369,-1.236389,0.000000,-0.006700,-0.223961,0.000000,-0.004020,-10.917341,0.000000,-0.005360,-0.058291,0.000000,-0.010720,0.167653,-1.675352,9.619588,0.030892,-0.064980,-0.036219
8.330562,2036.012388,-1.236389,0.000000,-0.006700,-0.223961,0.000000,-0.004020,-10.917341,0.000000,-0.005360,-0.058291,0.000000,-0.010720,0.156862,-1.680061,9.626749,0.029828,-0.062851,-0.036219
8.340411,2036.021949,-1.234855,0.000000,-0.006700,-0.223961,0.000000,-0.004020,-10.917341,0.000000,-0.005360,-0.058291,0.000000,-0.010720,0.170007,-1.670545,9.625572,0.029828,-0.063916,-0.037284
8.350252,2036.031564,-1.234855,0.000000,-0.006700,-0.223961,0.000000,-0.004020,-10.917341,0.000000,-0.005360,-0.058291,0.000000,-0.010720,0.159314,-1.678883,9.630379,0.030892,-0.064980,-0.037284
8.360214,2036.041115,-1.236389,0.000000,-0.006700,-0.223961,0.000000,-0.004020,-10.917341,0.000000,-0.005360,-0.058291,0.000000,-0.010720,0.162846,-1.680061,9.624395,0.029828,-0.064980,-0.036219
8.370103,2036.050684,-1.234855,0.000000,-0.006700,-0.223961,0.000000,-0.004020,-10.917341,0.000000,-0.005360,-0.058291,0.000000,-0.010720,0.168830,-1.678883,9.609974,0.030892,-0.064980,-0.036219
8.380522,2036.060093,-1.234855,0.000000,-0.006700,-0.223961,0.000000,-0.004020,-10.917341,0.000000,-0.005360,-0.058291,0.000000,-0.010720,0.174814,-1.675352,9.620765,0.031959,-0.066047,-0.036219
8.390404,2036.069579,-1.236389,0.000000,-0.006700,-0.223961,0.000000,-0.004020,-10.917341,0.000000,-0.005360,-0.058291,0.000000,-0.010720,0.153330,-1.678883,9.636363,0.031959,-0.064980,-0.036219
8.400274,2036.079406,-1.236389,0.000000,-0.006700,-0.223961,0.000000,-0.004020,-10.917341,0.000000,-0.005360,-0.058291,0.000000,-0.010720,0.154508,-1.681336,9.624395,0.030892,-0.064980,-0.035154
8.410683,2036.088604,-1.236389,0.000000,-0.006700,-0.223961,0.000000,-0.004020,-10.917341,0.000000,-0.005360,-0.058291,0.000000,-0.010720,0.174814,-1.669368,9.611249,0.031959,-0.063916,-0.036219
8.420287,2036.098387,-1.236389,0.000000,-0.006700,-0.223961,0.000000,-0.004020,-10.917341,0.000000,-0.005360,-0.058291,0.000000,-0.010720,0.156862,-1.672899,9.624395,0.030892,-0.063916,-0.037284
8.430395,2036.107707,-1.236389,0.000000,-0.006700,-0.223961,0.000000,-0.004020,-10.917341,0.000000,-0.005360,-0.058291,0.000000,-0.010720,0.167653,-1.670545,9.631556,0.029828,-0.064980,-0.036219
8.440348,2036.117258,-1.236389,0.000000,-0.006700,-0.223961,0.000000,-0.004020,-10.917341,0.000000,-0.005360,-0.058291,0.000000,-0.010720,0.175991,-1.682513,9.632733,0.031959,-0.064980,-0.036219
8.450134,2036.127175,-1.236389,0.000000,-0.006700,-0.223961,0.000000,-0.004020,-10.917341,0.000000,-0.005360,-0.058291,0.000000,-0.010720,0.167653,-1.671722,9.629202,0.029828,-0.064980,-0.037284
8.460559,2036.136517,-1.234855,0.000000,-0.006700,-0.223961,0.000000,-0.004020,-10.917341,0.000000,-0.005360,-0.058291,0.000000,-0.010720,0.165299,-1.678883,9.629202,0.030892,-0.066047,-0.037284
8.470451,2036.145914,-1.236389,0.000000,-0.006700,-0.223961,0.000000,-0.004020,-10.917341,0.000000,-0.005360,-0.058291,0.000000,-0.010720,0.155685,-1.676529,9.620765,0.031959,-0.066047,-0.036219
8.480553,2036.155728,-1.234855,0.000000,-0.006700,-0.223961,0.000000,-0.004020,-10.917341,0.000000,-0.005360,-0.058291,0.000000,-0.010720,0.166476,-1.675352,9.625572,0.030892,-0.064980,-0.036219
8.490372,2036.165116,-1.236389,0.000000,-0.006700,-0.223961,0.000000,-0.004020,-10.917341,0.000000,-0.005360,-0.058291,0.000000,-0.010720,0.162846,-1.671722,9.625572,0.030892,-0.064980,-0.035154
8.500494,2036.174598,-1.236389,0.000000,-0.006700,-0.223961,0.000000,-0.004020,-10.917341,0.000000,-0.005360,-0.058291,0.000000,-0.010720,0.156862,-1.672899,9.614781,0.030892,-0.063916,-0.036219
8.510459,2036.184198,-1.234855,0.000000,-0.006700,-0.223961,0.000000,-0.004020,-10.917341,0.000000,-0.005360,-0.058291,0.000000,-0.010720,0.165299,-1.675352,9.624395,0.030892,-0.064980,-0.036219
8.520236,2036.193769,-1.234855,0.000000,-0.006700,-0.223961,0.000000,-0.004020,-10.917341,0.000000,-0.005360,-0.058291,0.000000,-0.010720,0.156862,-1.675352,9.625572,0.030892,-0.063916,-0.036219
8.530399,2036.203423,-1.234855,0.000000,-0.006700,-0.223961,0.000000,-0.004020,-10.917341,0.000000,-0.005360,-0.058291,0.000000,-0.010720,0.159314,-1.674076,9.625572,0.031959,-0.063916,-0.037284
8.540430,2036.222522,-1.234855,0.000000,-0.006700,-0.223961,0.000000,-0.004020,-10.917341,0.000000,-0.005360,-0.058291,0.000000,-0.010720,0.156862,-1.680061,9.623218,0.030892,-0.063916,-0.036219
8.550350,2036.232205,-1.236389,0.000000,-0.006700,-0.223961,0.000000,-0.004020,-10.917341,0.000000,-0.005360,-0.058291,0.000000,-0.010720,0.166476,-1.683690,9.615958,0.030892,-0.066047,-0.036219
8.560438,2036.241683,-1.234855,0.000000,-0.006700,-0.223961,0.000000,-0.004020,-10.917341,0.000000,-0.005360,-0.058291,0.000000,-0.010720,0.165299,-1.678883,9.621942,0.030892,-0.064980,-0.037284
8.570520,2036.251092,-1.234855,0.000000,-0.006700,-0.223961,0.000000,-0.004020,-10.917341,0.000000,-0.005360,-0.058291,0.000000,-0.010720,0.164023,-1.680061,9.628025,0.029828,-0.066047,-0.037284
8.580509,2036.260491,-1.236389,0.000000,-0.006700,-0.223961,0.000000,-0.004020,-10.917341,0.000000,-0.005360,-0.058291,0.000000,-0.010720,0.160492,-1.680061,9.620765,0.031959,-0.063916,-0.037284
8.590481,2036.270261,-1.236389,0.000000,-0.006700,-0.223961,0.000000,-0.004020,-10.917341,0.000000,-0.005360,-0.058291,0.000000,-0.010720,0.153330,-1.675352,9.621942,0.030892,-0.064980,-0.036219
8.600324,2036.279853,-1.236389,0.000000,-0.006700,-0.223961,0.000000,-0.004020,-10.917341,0.000000,-0.005360,-0.058291,0.000000,-0.010720,0.165299,-1.669368,9.620765,0.030892,-0.064980,-0.036219
8.610416,2036.289175,-1.236389,0.000000,-0.006700,-0.223961,0.000000,-0.004020,-10.917341,0.000000,-0.005360,-0.058291,0.000000,-0.010720,0.165299,-1.683690,9.617234,0.031959,-0.064980,-0.037284
8.620321,2036.298952,-1.236389,0.000000,-0.006700,-0.223961,0.000000,-0.004020,-10.917341,0.000000,-0.005360,-0.058291,0.000000,-0.010720,0.165299,-1.674076,9.618411,0.031959,-0.063916,-0.037284
8.630280,2036.308385,-1.234855,0.000000,-0.006700,-0.223961,0.000000,-0.004020,-10.917341,0.000000,-0.005360,-0.058291,0.000000,-0.010720,0.156862,-1.677706,9.626749,0.031959,-0.064980,-0.035154
8.640093,2036.317925,-1.236389,0.000000,-0.006700,-0.223961,0.000000,-0.004020,-10.917341,0.000000,-0.005360,-0.058291,0.000000,-0.010720,0.161669,-1.662108,9.626749,0.030892,-0.064980,-0.036219
8.650410,2036.327702,-1.236389,0.000000,-0.006700,-0.223961,0.000000,-0.004020,-10.917341,0.000000,-0.005360,-0.058291,0.000000,-0.010720,0.158039,-1.682513,9.614781,0.030892,-0.063916,-0.036219
8.660725,2036.336927,-1.236389,0.000000,-0.006700,-0.223961,0.000000,-0.004020,-10.917341,0.000000,-0.005360,-0.058291,0.000000,-0.010720,0.161669,-1.666915,9.623218,0.030892,-0.064980,-0.035154
8.670441,2036.346540,-1.234855,0.000000,-0.006700,-0.223961,0.000000,-0.004020,-10.917341,0.000000,-0.005360,-0.058291,0.000000,-0.010720,0.166476,-1.671722,9.623218,0.031959,-0.063916,-0.036219
8.680455,2036.356225,-1.234855,0.000000,-0.006700,-0.223961,0.000000,-0.004020,-10.917341,0.000000,-0.005360,-0.058291,0.000000,-0.010720,0.161669,-1.678883,9.617234,0.029828,-0.064980,-0.035154
8.690384,2036.365864,-1.234855,0.000000,-0.006700,-0.223961,0.000000,-0.004020,-10.917341,0.000000,-0.005360,-0.058291,0.000000,-0.010720,0.160492,-1.677706,9.630379,0.029828,-0.064980,-0.036219
8.700271,2036.375367,-1.234855,0.000000,-0.006700,-0.223961,0.000000,-0.004020,-10.917341,0.000000,-0.005360,-0.058291,0.000000,-0.010720,0.161669,-1.684868,9.629202,0.030892,-0.063916,-0.036219
8.710685,2036.384685,-1.236389,0.000000,-0.006700,-0.223961,0.000000,-0.004020,-10.917341,0.000000,-0.005360,-0.058291,0.000000,-0.010720,0.165299,-1.674076,9.625572,0.031959,-0.063916,-0.037284
8.720121,2036.394281,-1.236389,0.000000,-0.006700,-0.223961,0.000000,-0.004020,-10.917341,0.000000,-0.005360,-0.058291,0.000000,-0.010720,0.168830,-1.671722,9.632733,0.030892,-0.063916,-0.036219
8.730454,2036.403815,-1.236389,0.000000,-0.006700,-0.223961,0.000000,-0.004020,-10.917341,0.000000,-0.005360,-0.058291,0.000000,-0.010720,0.162846,-1.675352,9.632733,0.031959,-0.064980,-0.036219
8.740773,2036.422895,-1.234855,0.000000,-0.006700,-0.223961,0.000000,-0.004020,-10.917341,0.000000,-0.005360,-0.058291,0.000000,-0.010720,0.171283,-1.688497,9.628025,0.033023,-0.063916,-0.036219
8.750306,2036.432596,-1.234855,0.000000,-0.006700,-0.223961,0.000000,-0.004020,-10.917341,0.000000,-0.005360,-0.058291,0.000000,-0.010720,0.158039,-1.671722,9.625572,0.031959,-0.063916,-0.035154
8.760609,2036.441964,-1.236389,0.000000,-0.006700,-0.223961,0.000000,-0.004020,-10.917341,0.000000,-0.005360,-0.058291,0.000000,-0.010720,0.164023,-1.681336,9.634009,0.031959,-0.064980,-0.037284
8.770261,2036.451777,-1.236389,0.000000,-0.006700,-0.223961,0.000000,-0.004020,-10.917341,0.000000,-0.005360,-0.058291,0.000000,-0.010720,0.164023,-1.684868,9.628025,0.031959,-0.064980,-0.037284
8.780489,2036.461281,-1.234855,0.000000,-0.006700,-0.223961,0.000000,-0.004020,-10.917341,0.000000,-0.005360,-0.058291,0.000000,-0.010720,0.155685,-1.680061,9.612427,0.031959,-0.062851,-0.036219
8.790333,2036.470838,-1.236389,0.000000,-0.006700,-0.223961,0.000000,-0.004020,-10.917341,0.000000,-0.005360,-0.058291,0.000000,-0.010720,0.160492,-1.674076,9.614781,0.031959,-0.064980,-0.036219
8.800332,2036.480474,-1.236389,0.000000,-0.006700,-0.223961,0.000000,-0.004020,-10.917341,0.000000,-0.005360,-0.058291,0.000000,-0.010720,0.162846,-1.665738,9.634009,0.033023,-0.063916,-0.036219
8.810177,2036.489978,-1.236389,0.000000,-0.006700,-0.223961,0.000000,-0.004020,-10.917341,0.000000,-0.005360,-0.058291,0.000000,-0.010720,0.166476,-1.666915,9.635186,0.031959,-0.064980,-0.036219
8.820081,2036.499256,-1.236389,0.000000,-0.006700,-0.223961,0.000000,-0.004020,-10.917341,0.000000,-0.005360,-0.058291,0.000000,-0.010720,0.172460,-1.668092,9.619588,0.030892,-0.063916,-0.035154
8.830508,2036.508902,-1.236389,0.000000,-0.006700,-0.223961,0.000000,-0.004020,-10.917341,0.000000,-0.005360,-0.058291,0.000000,-0.010720,0.161669,-1.671722,9.631556,0.031959,-0.063916,-0.037284
8.840331,2036.518510,-1.236389,0.000000,-0.006700,-0.223961,0.000000,-0.004020,-10.917341,0.000000,-0.005360,-0.058291,0.000000,-0.010720,0.167653,-1.666915,9.632733,0.030892,-0.064980,-0.036219
8.850432,2036.527905,-1.236389,0.000000,-0.006700,-0.223961,0.000000,-0.004020,-10.917341,0.000000,-0.005360,-0.058291,0.000000,-0.010720,0.153330,-1.668092,9.619588,0.030892,-0.064980,-0.036219
8.860723,2036.537578,-1.236389,0.000000,-0.006700,-0.223961,0.000000,-0.004020,-10.917341,0.000000,-0.005360,-0.058291,0.000000,-0.010720,0.156862,-1.674076,9.624395,0.030892,-0.064980,-0.036219
8.870230,2036.547105,-1.234855,0.000000,-0.006700,-0.223961,0.000000,-0.004020,-10.917341,0.000000,-0.005360,-0.058291,0.000000,-0.010720,0.162846,-1.668092,9.620765,0.029828,-0.063916,-0.037284
8.880381,2036.556863,-1.236389,0.000000,-0.006700,-0.223961,0.000000,-0.004020,-10.917341,0.000000,-0.005360,-0.058291,0.000000,-0.010720,0.160492,-1.680061,9.618411,0.029828,-0.063916,-0.036219
8.890445,2036.566437,-1.236389,0.000000,-0.006700,-0.223961,0.000000,-0.004020,-10.917341,0.000000,-0.005360,-0.058291,0.000000,-0.010720,0.161669,-1.678883,9.626749,0.031959,-0.064980,-0.036219
8.900248,2036.575707,-1.236389,0.000000,-0.006700,-0.223961,0.000000,-0.004020,-10.917341,0.000000,-0.005360,-0.058291,0.000000,-0.010720,0.164023,-1.671722,9.624395,0.030892,-0.063916,-0.036219
8.910581,2036.585429,-1.234855,0.000000,-0.006700,-0.223961,0.000000,-0.004020,-10.917341,0.000000,-0.005360,-0.058291,0.000000,-0.010720,0.170007,-1.677706,9.626749,0.029828,-0.064980,-0.035154
8.920279,2036.594777,-1.236389,0.000000,-0.006700,-0.223961,0.000000,-0.004020,-10.917341,0.000000,-0.005360,-0.058291,0.000000,-0.010720,0.164023,-1.670545,9.630379,0.030892,-0.064980,-0.037284
8.930445,2036.604514,-1.236389,0.000000,-0.006700,-0.223961,0.000000,-0.004020,-10.917341,0.000000,-0.005360,-0.058291,0.000000,-0.010720,0.171283,-1.677706,9.625572,0.029828,-0.066047,-0.036219
8.940245,2036.613894,-1.236389,0.000000,-0.006700,-0.223961,0.000000,-0.004020,-10.917341,0.000000,-0.005360,-0.058291,0.000000,-0.010720,0.160492,-1.672899,9.626749,0.030892,-0.063916,-0.036219
8.950509,2036.623465,-1.236389,0.000000,-0.006700,-0.223961,0.000000,-0.004020,-10.917341,0.000000,-0.005360,-0.058291,0.000000,-0.010720,0.161669,-1.686143,9.623218,0.029828,-0.064980,-0.036219
8.960609,2036.642774,-1.234855,0.000000,-0.006700,-0.223961,0.000000,-0.004020,-10.917341,0.000000,-0.005360,-0.058291,0.000000,-0.010720,0.164023,-1.680061,9.619588,0.030892,-0.064980,-0.037284
8.970158,2036.652091,-1.234855,0.000000,-0.006700,-0.223961,0.000000,-0.004020,-10.917341,0.000000,-0.005360,-0.058291,0.000000,-0.010720,0.171283,-1.675352,9.625572,0.033023,-0.063916,-0.037284
8.980506,2036.661775,-1.236389,0.000000,-0.006700,-0.223961,0.000000,-0.004020,-10.917341,0.000000,-0.005360,-0.058291,0.000000,-0.010720,0.170007,-1.681336,9.619588,0.030892,-0.063916,-0.035154
8.990288,2036.671372,-1.236389,0.000000,-0.006700,-0.223961,0.000000,-0.004020,-10.917341,0.000000,-0.005360,-0.058291,0.000000,-0.010720,0.164023,-1.676529,9.635186,0.030892,-0.066047,-0.036219
9.000148,2036.680913,-1.236389,0.000000,-0.006700,-0.223961,0.000000,-0.004020,-10.917341,0.000000,-0.005360,-0.058291,0.000000,-0.010720,0.166476,-1.669368,9.623218,0.031959,-0.064980,-0.037284
9.010577,2036.690198,-1.236389,0.000000,-0.006700,-0.223961,0.000000,-0.004020,-10.917341,0.000000,-0.005360,-0.058291,0.000000,-0.010720,0.160492,-1.675352,9.637540,0.030892,-0.063916,-0.037284
9.020246,2036.699922,-1.234855,0.000000,-0.006700,-0.223961,0.000000,-0.004020,-10.917341,0.000000,-0.005360,-0.058291,0.000000,-0.010720,0.173637,-1.669368,9.623218,0.029828,-0.062851,-0.038350
9.030530,2036.709385,-1.236389,0.000000,-0.006700,-0.223961,0.000000,-0.004020,-10.917341,0.000000,-0.005360,-0.058291,0.000000,-0.010720,0.159314,-1.677706,9.618411,0.030892,-0.063916,-0.037284
9.040297,2036.718949,-1.234855,0.000000,-0.006700,-0.223961,0.000000,-0.004020,-10.917341,0.000000,-0.005360,-0.058291,0.000000,-0.010720,0.164023,-1.663384,9.620765,0.030892,-0.063916,-0.035154
9.050125,2036.728513,-1.236389,0.000000,-0.006700,-0.223961,0.000000,-0.004020,-10.917341,0.000000,-0.005360,-0.058291,0.000000,-0.010720,0.162846,-1.686143,9.638717,0.030892,-0.062851,-0.036219
9.060239,2036.738279,-1.236389,0.000000,-0.006700,-0.223961,0.000000,-0.004020,-10.917341,0.000000,-0.005360,-0.058291,0.000000,-0.010720,0.159314,-1.671722,9.617234,0.031959,-0.066047,-0.036219
9.070300,2036.747683,-1.236389,0.000000,-0.006700,-0.223961,0.000000,-0.004020,-10.917341,0.000000,-0.005360,-0.058291,0.000000,-0.010720,0.159314,-1.664561,9.630379,0.030892,-0.066047,-0.037284
9.080416,2036.757348,-1.236389,0.000000,-0.006700,-0.223961,0.000000,-0.004020,-10.917341,0.000000,-0.005360,-0.058291,0.000000,-0.010720,0.172460,-1.669368,9.625572,0.030892,-0.064980,-0.036219
9.090288,2036.766747,-1.236389,0.000000,-0.006700,-0.223961,0.000000,-0.004020,-10.917341,0.000000,-0.005360,-0.058291,0.000000,-0.010720,0.161669,-1.675352,9.635186,0.030892,-0.063916,-0.035154
9.100203,2036.776317,-1.236389,0.000000,-0.006700,-0.223961,0.000000,-0.004020,-10.917341,0.000000,-0.005360,-0.058291,0.000000,-0.010720,0.167653,-1.680061,9.632733,0.030892,-0.063916,-0.035154
9.110671,2036.785885,-1.236389,0.000000,-0.006700,-0.223961,0.000000,-0.004020,-10.917341,0.000000,-0.005360,-0.058291,0.000000,-0.010720,0.160492,-1.668092,9.625572,0.031959,-0.066047,-0.036219
9.120353,2036.795514,-1.236389,0.000000,-0.006700,-0.223961,0.000000,-0.004020,-10.917341,0.000000,-0.005360,-0.058291,0.000000,-0.010720,0.165299,-1.676529,9.632733,0.030892,-0.064980,-0.036219
9.130442,2036.804903,-1.236389,0.000000,-0.006700,-0.223961,0.000000,-0.004020,-10.917341,0.000000,-0.005360,-0.058291,0.000000,-0.010720,0.153330,-1.677706,9.625572,0.030892,-0.064980,-0.036219
9.140421,2036.814408,-1.236389,0.000000,-0.006700,-0.223961,0.000000,-0.004020,-10.917341,0.000000,-0.005360,-0.058291,0.000000,-0.010720,0.162846,-1.678883,9.628025,0.031959,-0.063916,-0.036219
9.150383,2036.824061,-1.234855,0.000000,-0.006700,-0.223961,0.000000,-0.004020,-10.917341,0.000000,-0.005360,-0.058291,0.000000,-0.010720,0.155685,-1.675352,9.626749,0.030892,-0.064980,-0.036219
9.160652,2036.843126,-1.236389,0.000000,-0.006700,-0.223961,0.000000,-0.004020,-10.917341,0.000000,-0.005360,-0.058291,0.000000,-0.010720,0.166476,-1.675352,9.623218,0.031959,-0.062851,-0.037284
9.170181,2036.852668,-1.236389,0.000000,-0.006700,-0.223961,0.000000,-0.004020,-10.917341,0.000000,-0.005360,-0.058291,0.000000,-0.010720,0.177267,-1.675352,9.636363,0.031959,-0.064980,-0.036219
9.180346,2036.862336,-1.234855,0.000000,-0.006700,-0.223961,0.000000,-0.004020,-10.917341,0.000000,-0.005360,-0.058291,0.000000,-0.010720,0.159314,-1.672899,9.636363,0.031959,-0.063916,-0.036219
9.190525,2036.872004,-1.236389,0.000000,-0.006700,-0.223961,0.000000,-0.004020,-10.917341,0.000000,-0.005360,-0.058291,0.000000,-0.010720,0.166476,-1.670545,9.634009,0.029828,-0.063916,-0.037284
9.200373,2036.881280,-1.234855,0.000000,-0.006700,-0.223961,0.000000,-0.004020,-10.917341,0.000000,-0.005360,-0.058291,0.000000,-0.010720,0.156862,-1.678883,9.624395,0.031959,-0.064980,-0.037284
9.210206,2036.890955,-1.234855,0.000000,-0.006700,-0.223961,0.000000,-0.004020,-10.917341,0.000000,-0.005360,-0.058291,0.000000,-0.010720,0.164023,-1.676529,9.621942,0.030892,-0.064980,-0.036219
9.220428,2036.900368,-1.236389,0.000000,-0.006700,-0.223961,0.000000,-0.004020,-10.917341,0.000000,-0.005360,-0.058291,0.000000,-0.010720,0.160492,-1.672899,9.629202,0.029828,-0.063916,-0.037284
9.230191,2036.909934,-1.236389,0.000000,-0.006700,-0.223961,0.000000,-0.004020,-10.917341,0.000000,-0.005360,-0.058291,0.000000,-0.010720,0.161669,-1.675352,9.629202,0.031959,-0.064980,-0.036219
9.240448,2036.919604,-1.236389,0.000000,-0.006700,-0.223961,0.000000,-0.004020,-10.917341,0.000000,-0.005360,-0.058291,0.000000,-0.010720,0.172460,-1.669368,9.629202,0.031959,-0.064980,-0.035154
9.250293,2036.929300,-1.236389,0.000000,-0.006700,-0.223961,0.000000,-0.004020,-10.917341,0.000000,-0.005360,-0.058291,0.000000,-0.010720,0.167653,-1.672899,9.636363,0.030892,-0.063916,-0.036219
9.260216,2036.938529,-1.234855,0.000000,-0.006700,-0.223961,0.000000,-0.004020,-10.917341,0.000000,-0.005360,-0.058291,0.000000,-0.010720,0.162846,-1.670545,9.629202,0.030892,-0.063916,-0.037284
9.270312,2036.948423,-1.236389,0.000000,-0.006700,-0.223961,0.000000,-0.004020,-10.917341,0.000000,-0.005360,-0.058291,0.000000,-0.010720,0.161669,-1.680061,9.624395,0.029828,-0.063916,-0.036219
9.280400,2036.957952,-1.236389,0.000000,-0.006700,-0.223961,0.000000,-0.004020,-10.917341,0.000000,-0.005360,-0.058291,0.000000,-0.010720,0.164023,-1.677706,9.614781,0.029828,-0.064980,-0.037284
9.290121,2036.967259,-1.236389,0.000000,-0.006700,-0.223961,0.000000,-0.004020,-10.915807,0.000000,-0.005360,-0.058291,0.000000,-0.010720,0.158039,-1.676529,9.632733,0.031959,-0.062851,-0.036219
9.300254,2036.976826,-1.234855,0.000000,-0.006700,-0.223961,0.000000,-0.004020,-10.917341,0.000000,-0.005360,-0.058291,0.000000,-0.010720,0.159314,-1.672899,9.641170,0.030892,-0.063916,-0.035154
9.310587,2036.986514,-1.234855,0.000000,-0.006700,-0.223961,0.000000,-0.004020,-10.917341,0.000000,-0.005360,-0.058291,0.000000,-0.010720,0.153330,-1.676529,9.628025,0.031959,-0.064980,-0.036219
9.320104,2036.996138,-1.234855,0.000000,-0.006700,-0.223961,0.000000,-0.004020,-10.917341,0.000000,-0.005360,-0.058291,0.000000,-0.010720,0.160492,-1.672899,9.629202,0.031959,-0.066047,-0.036219
9.330302,2037.005355,-1.236389,0.000000,-0.006700,-0.223961,0.000000,-0.004020,-10.917341,0.000000,-0.005360,-0.058291,0.000000,-0.010720,0.166476,-1.674076,9.636363,0.031959,-0.066047,-0.036219
9.340206,2037.014968,-1.236389,0.000000,-0.006700,-0.223961,0.000000,-0.004020,-10.917341,0.000000,-0.005360,-0.058291,0.000000,-0.010720,0.167653,-1.681336,9.632733,0.031959,-0.066047,-0.036219
9.350524,2037.024516,-1.236389,0.000000,-0.006700,-0.223961,0.000000,-0.004020,-10.917341,0.000000,-0.005360,-0.058291,0.000000,-0.010720,0.155685,-1.675352,9.611249,0.030892,-0.063916,-0.035154
9.360282,2037.034333,-1.236389,0.000000,-0.006700,-0.223961,0.000000,-0.004020,-10.917341,0.000000,-0.005360,-0.058291,0.000000,-0.010720,0.154508,-1.676529,9.642347,0.029828,-0.064980,-0.035154
9.370316,2037.043812,-1.236389,0.000000,-0.006700,-0.223961,0.000000,-0.004020,-10.917341,0.000000,-0.005360,-0.058291,0.000000,-0.010720,0.158039,-1.669368,9.638717,0.029828,-0.063916,-0.036219
9.380373,2037.053266,-1.236389,0.000000,-0.006700,-0.223961,0.000000,-0.004020,-10.917341,0.000000,-0.005360,-0.058291,0.000000,-0.010720,0.165299,-1.671722,9.636363,0.029828,-0.064980,-0.036219
9.390413,2037.072248,-1.236389,0.000000,-0.006700,-0.223961,0.000000,-0.004020,-10.917341,0.000000,-0.005360,-0.058291,0.000000,-0.010720,0.154508,-1.681336,9.631556,0.030892,-0.064980,-0.037284
9.400376,2037.081992,-1.236389,0.000000,-0.006700,-0.223961,0.000000,-0.004020,-10.917341,0.000000,-0.005360,-0.058291,0.000000,-0.010720,0.160492,-1.666915,9.638717,0.030892,-0.063916,-0.036219
9.410677,2037.091286,-1.236389,0.000000,-0.006700,-0.223961,0.000000,-0.004020,-10.917341,0.000000,-0.005360,-0.058291,0.000000,-0.010720,0.162846,-1.666915,9.635186,0.031959,-0.064980,-0.036219
9.420137,2037.101129,-1.234855,0.000000,-0.006700,-0.223961,0.000000,-0.004020,-10.917341,0.000000,-0.005360,-0.058291,0.000000,-0.010720,0.167653,-1.659754,9.631556,0.030892,-0.063916,-0.036219
9.430500,2037.110623,-1.236389,0.000000,-0.006700,-0.223961,0.000000,-0.004020,-10.917341,0.000000,-0.005360,-0.058291,0.000000,-0.010720,0.170007,-1.663384,9.632733,0.030892,-0.062851,-0.037284
9.440298,2037.119927,-1.236389,0.000000,-0.006700,-0.223961,0.000000,-0.004020,-10.917341,0.000000,-0.005360,-0.058291,0.000000,-0.010720,0.159314,-1.670545,9.636363,0.029828,-0.062851,-0.036219
9.450277,2037.129552,-1.234855,0.000000,-0.006700,-0.223961,0.000000,-0.004020,-10.917341,0.000000,-0.005360,-0.058291,0.000000,-0.010720,0.159314,-1.678883,9.632733,0.029828,-0.064980,-0.038350
9.460546,2037.139223,-1.236389,0.000000,-0.006700,-0.223961,0.000000,-0.004020,-10.917341,0.000000,-0.005360,-0.058291,0.000000,-0.010720,0.167653,-1.690852,9.636363,0.029828,-0.064980,-0.036219
9.470088,2037.148917,-1.236389,0.000000,-0.006700,-0.223961,0.000000,-0.004020,-10.915807,0.000000,-0.005360,-0.058291,0.000000,-0.010720,0.154508,-1.682513,9.624395,0.031959,-0.066047,-0.036219
9.480400,2037.158498,-1.236389,0.000000,-0.006700,-0.223961,0.000000,-0.004020,-10.917341,0.000000,-0.005360,-0.058291,0.000000,-0.010720,0.172460,-1.676529,9.629202,0.029828,-0.063916,-0.036219
9.490090,2037.167872,-1.236389,0.000000,-0.006700,-0.223961,0.000000,-0.004020,-10.917341,0.000000,-0.005360,-0.058291,0.000000,-0.010720,0.155685,-1.681336,9.632733,0.030892,-0.064980,-0.036219
9.500435,2037.177612,-1.234855,0.000000,-0.006700,-0.223961,0.000000,-0.004020,-10.917341,0.000000,-0.005360,-0.058291,0.000000,-0.010720,0.166476,-1.668092,9.631556,0.029828,-0.063916,-0.036219
9.510128,2037.186787,-1.234855,0.000000,-0.006700,-0.223961,0.000000,-0.004020,-10.917341,0.000000,-0.005360,-0.058291,0.000000,-0.010720,0.164023,-1.663384,9.643524,0.029828,-0.064980,-0.036219
9.520266,2037.196375,-1.234855,0.000000,-0.006700,-0.223961,0.000000,-0.004020,-10.917341,0.000000,-0.005360,-0.058291,0.000000,-0.010720,0.172460,-1.675352,9.632733,0.030892,-0.063916,-0.036219
9.530392,2037.206249,-1.236389,0.000000,-0.006700,-0.223961,0.000000,-0.004020,-10.917341,0.000000,-0.005360,-0.058291,0.000000,-0.010720,0.162846,-1.677706,9.630379,0.029828,-0.064980,-0.037284
9.540075,2037.215551,-1.236389,0.000000,-0.006700,-0.223961,0.000000,-0.004020,-10.917341,0.000000,-0.005360,-0.058291,0.000000,-0.010720,0.173637,-1.672899,9.628025,0.030892,-0.062851,-0.036219
9.550301,2037.225287,-1.236389,0.000000,-0.006700,-0.223961,0.000000,-0.004020,-10.917341,0.000000,-0.005360,-0.058291,0.000000,-0.010720,0.152055,-1.684868,9.628025,0.029828,-0.063916,-0.036219
9.560616,2037.234831,-1.236389,0.000000,-0.006700,-0.223961,0.000000,-0.004020,-10.917341,0.000000,-0.005360,-0.058291,0.000000,-0.010720,0.161669,-1.680061,9.619588,0.030892,-0.064980,-0.036219
9.570096,2037.244360,-1.236389,0.000000,-0.006700,-0.223961,0.000000,-0.004020,-10.917341,0.000000,-0.005360,-0.058291,0.000000,-0.010720,0.154508,-1.683690,9.629202,0.031959,-0.064980,-0.035154
9.580511,2037.263376,-1.236389,0.000000,-0.006700,-0.223961,0.000000,-0.004020,-10.917341,0.000000,-0.005360,-0.058291,0.000000,-0.010720,0.158039,-1.674076,9.637540,0.030892,-0.063916,-0.036219
9.590398,2037.272935,-1.236389,0.000000,-0.006700,-0.223961,0.000000,-0.004020,-10.917341,0.000000,-0.005360,-0.058291,0.000000,-0.010720,0.158039,-1.674076,9.626749,0.030892,-0.064980,-0.037284
9.600394,2037.282554,-1.236389,0.000000,-0.006700,-0.223961,0.000000,-0.004020,-10.917341,0.000000,-0.005360,-0.058291,0.000000,-0.010720,0.172460,-1.680061,9.631556,0.029828,-0.064980,-0.035154
9.610639,2037.291919,-1.236389,0.000000,-0.006700,-0.223961,0.000000,-0.004020,-10.917341,0.000000,-0.005360,-0.058291,0.000000,-0.010720,0.161669,-1.670545,9.624395,0.030892,-0.066047,-0.036219
9.620149,2037.301576,-1.234855,0.000000,-0.006700,-0.223961,0.000000,-0.004020,-10.917341,0.000000,-0.005360,-0.058291,0.000000,-0.010720,0.162846,-1.674076,9.625572,0.030892,-0.063916,-0.036219
9.630473,2037.311100,-1.236389,0.000000,-0.006700,-0.223961,0.000000,-0.004020,-10.917341,0.000000,-0.005360,-0.058291,0.000000,-0.010720,0.155685,-1.672899,9.634009,0.029828,-0.063916,-0.036219
9.640136,2037.320568,-1.236389,0.000000,-0.006700,-0.223961,0.000000,-0.004020,-10.917341,0.000000,-0.005360,-0.058291,0.000000,-0.010720,0.159314,-1.664561,9.620765,0.029828,-0.063916,-0.036219
9.650397,2037.330374,-1.236389,0.000000,-0.006700,-0.223961,0.000000,-0.004020,-10.917341,0.000000,-0.005360,-0.058291,0.000000,-0.010720,0.161669,-1.676529,9.625572,0.030892,-0.063916,-0.035154
9.660128,2037.339709,-1.236389,0.000000,-0.006700,-0.223961,0.000000,-0.004020,-10.917341,0.000000,-0.005360,-0.058291,0.000000,-0.010720,0.165299,-1.677706,9.625572,0.029828,-0.064980,-0.036219
9.670456,2037.349115,-1.236389,0.000000,-0.006700,-0.223961,0.000000,-0.004020,-10.917341,0.000000,-0.005360,-0.058291,0.000000,-0.010720,0.167653,-1.682513,9.626749,0.030892,-0.063916,-0.036219
9.680470,2037.358949,-1.236389,0.000000,-0.006700,-0.223961,0.000000,-0.004020,-10.917341,0.000000,-0.005360,-0.058291,0.000000,-0.010720,0.161669,-1.665738,9.639993,0.030892,-0.064980,-0.036219
9.690212,2037.368424,-1.236389,0.000000,-0.006700,-0.223961,0.000000,-0.004020,-10.917341,0.000000,-0.005360,-0.058291,0.000000,-0.010720,0.167653,-1.678883,9.615958,0.029828,-0.063916,-0.036219
9.700239,2037.378133,-1.234855,0.000000,-0.006700,-0.223961,0.000000,-0.004020,-10.917341,0.000000,-0.005360,-0.058291,0.000000,-0.010720,0.160492,-1.681336,9.630379,0.030892,-0.064980,-0.036219
9.710659,2037.387586,-1.236389,0.000000,-0.006700,-0.223961,0.000000,-0.004020,-10.917341,0.000000,-0.005360,-0.058291,0.000000,-0.010720,0.167653,-1.675352,9.611249,0.030892,-0.064980,-0.036219
9.720249,2037.397159,-1.236389,0.000000,-0.006700,-0.223961,0.000000,-0.004020,-10.917341,0.000000,-0.005360,-0.058291,0.000000,-0.010720,0.156862,-1.669368,9.629202,0.030892,-0.064980,-0.035154
9.730525,2037.406498,-1.236389,0.000000,-0.006700,-0.223961,0.000000,-0.004020,-10.917341,0.000000,-0.005360,-0.058291,0.000000,-0.010720,0.165299,-1.675352,9.631556,0.029828,-0.064980,-0.035154
9.740378,2037.416019,-1.236389,0.000000,-0.006700,-0.223961,0.000000,-0.004020,-10.917341,0.000000,-0.005360,-0.058291,0.000000,-0.010720,0.160492,-1.675352,9.630379,0.029828,-0.063916,-0.035154
9.750364,2037.425498,-1.234855,0.000000,-0.006700,-0.223961,0.000000,-0.004020,-10.917341,0.000000,-0.005360,-0.058291,0.000000,-0.010720,0.162846,-1.681336,9.629202,0.030892,-0.064980,-0.036219
9.760524,2037.435440,-1.236389,0.000000,-0.006700,-0.223961,0.000000,-0.004020,-10.917341,0.000000,-0.005360,-0.058291,0.000000,-0.010720,0.164023,-1.668092,9.624395,0.030892,-0.064980,-0.036219
9.770294,2037.444614,-1.234855,0.000000,-0.006700,-0.223961,0.000000,-0.004020,-10.917341,0.000000,-0.005360,-0.058291,0.000000,-0.010720,0.158039,-1.672899,9.632733,0.030892,-0.064980,-0.037284
9.780566,2037.454374,-1.234855,0.000000,-0.006700,-0.223961,0.000000,-0.004020,-10.917341,0.000000,-0.005360,-0.058291,0.000000,-0.010720,0.162846,-1.664561,9.635186,0.030892,-0.063916,-0.036219
9.790174,2037.463933,-1.236389,0.000000,-0.006700,-0.223961,0.000000,-0.004020,-10.917341,0.000000,-0.005360,-0.058291,0.000000,-0.010720,0.167653,-1.677706,9.620765,0.030892,-0.064980,-0.037284
9.800327,2037.473476,-1.234855,0.000000,-0.006700,-0.223961,0.000000,-0.004020,-10.917341,0.000000,-0.005360,-0.058291,0.000000,-0.010720,0.155685,-1.670545,9.630379,0.030892,-0.066047,-0.036219
9.810463,2037.492412,-1.236389,0.000000,-0.006700,-0.223961,0.000000,-0.004020,-10.917341,0.000000,-0.005360,-0.058291,0.000000,-0.010720,0.162846,-1.675352,9.641170,0.028761,-0.066047,-0.035154
9.820543,2037.502041,-1.236389,0.000000,-0.006700,-0.223961,0.000000,-0.004020,-10.917341,0.000000,-0.005360,-0.058291,0.000000,-0.010720,0.158039,-1.672899,9.624395,0.030892,-0.064980,-0.036219
9.830623,2037.511657,-1.236389,0.000000,-0.006700,-0.223961,0.000000,-0.004020,-10.917341,0.000000,-0.005360,-0.058291,0.000000,-0.010720,0.159314,-1.683690,9.630379,0.031959,-0.063916,-0.037284
9.840320,2037.521195,-1.236389,0.000000,-0.006700,-0.223961,0.000000,-0.004020,-10.917341,0.000000,-0.005360,-0.058291,0.000000,-0.010720,0.162846,-1.686143,9.624395,0.031959,-0.066047,-0.037284
9.850302,2037.530788,-1.236389,0.000000,-0.006700,-0.223961,0.000000,-0.004020,-10.917341,0.000000,-0.005360,-0.058291,0.000000,-0.010720,0.166476,-1.672899,9.634009,0.031959,-0.064980,-0.036219
9.860373,2037.540376,-1.234855,0.000000,-0.006700,-0.223961,0.000000,-0.004020,-10.917341,0.000000,-0.005360,-0.058291,0.000000,-0.010720,0.167653,-1.671722,9.641170,0.029828,-0.066047,-0.037284
9.870262,2037.549974,-1.236389,0.000000,-0.006700,-0.223961,0.000000,-0.004020,-10.917341,0.000000,-0.005360,-0.058291,0.000000,-0.010720,0.172460,-1.672899,9.625572,0.030892,-0.064980,-0.036219
9.880491,2037.559588,-1.234855,0.000000,-0.006700,-0.223961,0.000000,-0.004020,-10.917341,0.000000,-0.005360,-0.058291,0.000000,-0.010720,0.171283,-1.678883,9.636363,0.030892,-0.064980,-0.035154
9.890446,2037.568763,-1.234855,0.000000,-0.006700,-0.223961,0.000000,-0.004020,-10.917341,0.000000,-0.005360,-0.058291,0.000000,-0.010720,0.161669,-1.672899,9.623218,0.030892,-0.066047,-0.036219
9.900271,2037.578376,-1.236389,0.000000,-0.006700,-0.223961,0.000000,-0.004020,-10.917341,0.000000,-0.005360,-0.058291,0.000000,-0.010720,0.158039,-1.676529,9.621942,0.030892,-0.063916,-0.036219
9.910309,2037.588118,-1.236389,0.000000,-0.006700,-0.223961,0.000000,-0.004020,-10.917341,0.000000,-0.005360,-0.058291,0.000000,-0.010720,0.155685,-1.678883,9.619588,0.030892,-0.064980,-0.037284
9.920348,2037.597395,-1.236389,0.000000,-0.006700,-0.223961,0.000000,-0.004020,-10.917341,0.000000,-0.005360,-0.058291,0.000000,-0.010720,0.166476,-1.686143,9.614781,0.033023,-0.063916,-0.036219
9.930269,2037.607012,-1.236389,0.000000,-0.006700,-0.223961,0.000000,-0.004020,-10.917341,0.000000,-0.005360,-0.058291,0.000000,-0.010720,0.161669,-1.681336,9.631556,0.030892,-0.063916,-0.035154
9.940193,2037.616871,-1.236389,0.000000,-0.006700,-0.223961,0.000000,-0.004020,-10.917341,0.000000,-0.005360,-0.058291,0.000000,-0.010720,0.160492,-1.674076,9.613604,0.028761,-0.062851,-0.037284
9.950525,2037.626365,-1.236389,0.000000,-0.006700,-0.223961,0.000000,-0.004020,-10.917341,0.000000,-0.005360,-0.058291,0.000000,-0.010720,0.161669,-1.670545,9.626749,0.031959,-0.062851,-0.036219
9.960588,2037.635912,-1.236389,0.000000,-0.006700,-0.223961,0.000000,-0.004020,-10.917341,0.000000,-0.005360,-0.058291,0.000000,-0.010720,0.161669,-1.670545,9.621942,0.031959,-0.063916,-0.036219
9.970329,2037.645215,-1.234855,0.000000,-0.006700,-0.223961,0.000000,-0.004020,-10.917341,0.000000,-0.005360,-0.059825,0.000000,-0.010720,0.161669,-1.672899,9.630379,0.030892,-0.063916,-0.037284
9.980547,2037.654941,-1.234855,0.000000,-0.006700,-0.223961,0.000000,-0.004020,-10.917341,0.000000,-0.005360,-0.058291,0.000000,-0.010720,0.160492,-1.676529,9.630379,0.029828,-0.064980,-0.036219
9.990209,2037.664449,-1.234855,0.000000,-0.006700,-0.223961,0.000000,-0.004020,-10.917341,0.000000,-0.005360,-0.058291,0.000000,-0.010720,0.152055,-1.683690,9.641170,0.029828,-0.063916,-0.036219
10.000336,2037.673805,-1.236389,0.000000,-0.006700,-0.223961,0.000000,-0.004020,-10.917341,0.000000,-0.005360,-0.058291,0.000000,-0.010720,0.158039,-1.674076,9.634009,0.030892,-0.063916,-0.036219
10.010699,2037.693045,-1.236389,0.000000,-0.006700,-0.223961,0.000000,-0.004020,-10.917341,0.000000,-0.005360,-0.058291,0.000000,-0.010720,0.161669,-1.677706,9.634009,0.029828,-0.064980,-0.036219
10.020498,2037.702787,-1.236389,0.000000,-0.006700,-0.223961,0.000000,-0.004020,-10.917341,0.000000,-0.005360,-0.058291,0.000000,-0.010720,0.168830,-1.668092,9.628025,0.031959,-0.063916,-0.036219
10.030589,2037.712247,-1.236389,0.000000,-0.006700,-0.223961,0.000000,-0.004020,-10.917341,0.000000,-0.005360,-0.058291,0.000000,-0.010720,0.172460,-1.677706,9.631556,0.031959,-0.063916,-0.036219
10.040538,2037.721715,-1.234855,0.000000,-0.006700,-0.223961,0.000000,-0.004020,-10.917341,0.000000,-0.005360,-0.058291,0.000000,-0.010720,0.171283,-1.674076,9.637540,0.029828,-0.064980,-0.036219
10.050345,2037.731196,-1.236389,0.000000,-0.006700,-0.223961,0.000000,-0.004020,-10.917341,0.000000,-0.005360,-0.058291,0.000000,-0.010720,0.166476,-1.677706,9.621942,0.029828,-0.064980,-0.036219
10.060700,2037.741011,-1.234855,0.000000,-0.006700,-0.223961,0.000000,-0.004020,-10.917341,0.000000,-0.005360,-0.058291,0.000000,-0.010720,0.159314,-1.669368,9.632733,0.030892,-0.063916,-0.036219
10.070096,2037.750423,-1.234855,0.000000,-0.006700,-0.223961,0.000000,-0.004020,-10.917341,0.000000,-0.005360,-0.058291,0.000000,-0.010720,0.156862,-1.680061,9.635186,0.030892,-0.063916,-0.037284
10.080543,2037.760002,-1.236389,0.000000,-0.006700,-0.223961,0.000000,-0.004020,-10.917341,0.000000,-0.005360,-0.058291,0.000000,-0.010720,0.159314,-1.678883,9.631556,0.030892,-0.063916,-0.036219
10.090275,2037.769445,-1.234855,0.000000,-0.006700,-0.223961,0.000000,-0.004020,-10.917341,0.000000,-0.005360,-0.058291,0.000000,-0.010720,0.156862,-1.674076,9.621942,0.029828,-0.062851,-0.037284
10.100303,2037.779119,-1.234855,0.000000,-0.006700,-0.223961,0.000000,-0.004020,-10.917341,0.000000,-0.005360,-0.058291,0.000000,-0.010720,0.156862,-1.683690,9.630379,0.028761,-0.064980,-0.037284
10.110715,2037.788618,-1.234855,0.000000,-0.006700,-0.223961,0.000000,-0.004020,-10.917341,0.000000,-0.005360,-0.058291,0.000000,-0.010720,0.162846,-1.684868,9.639993,0.031959,-0.064980,-0.037284
10.120315,2037.797976,-1.234855,0.000000,-0.006700,-0.223961,0.000000,-0.004020,-10.917341,0.000000,-0.005360,-0.058291,0.000000,-0.010720,0.164023,-1.683690,9.637540,0.031959,-0.062851,-0.037284
10.130402,2037.807807,-1.236389,0.000000,-0.006700,-0.223961,0.000000,-0.004020,-10.917341,0.000000,-0.005360,-0.058291,0.000000,-0.010720,0.158039,-1.674076,9.618411,0.030892,-0.064980,-0.037284
10.140317,2037.817125,-1.236389,0.000000,-0.006700,-0.223961,0.000000,-0.004020,-10.917341,0.000000,-0.005360,-0.058291,0.000000,-0.010720,0.164023,-1.686143,9.641170,0.030892,-0.064980,-0.036219
10.150284,2037.826644,-1.234855,0.000000,-0.006700,-0.223961,0.000000,-0.004020,-10.917341,0.000000,-0.005360,-0.058291,0.000000,-0.010720,0.166476,-1.670545,9.626749,0.030892,-0.066047,-0.036219
10.160552,2037.836523,-1.236389,0.000000,-0.006700,-0.223961,0.000000,-0.004020,-10.917341,0.000000,-0.005360,-0.058291,0.000000,-0.010720,0.168830,-1.675352,9.631556,0.031959,-0.064980,-0.038350
10.170326,2037.846027,-1.236389,0.000000,-0.006700,-0.223961,0.000000,-0.004020,-10.917341,0.000000,-0.005360,-0.058291,0.000000,-0.010720,0.154508,-1.676529,9.634009,0.030892,-0.063916,-0.035154
10.180138,2037.855455,-1.234855,0.000000,-0.006700,-0.223961,0.000000,-0.004020,-10.917341,0.000000,-0.005360,-0.058291,0.000000,-0.010720,0.152055,-1.670545,9.630379,0.030892,-0.064980,-0.035154
10.190258,2037.864875,-1.236389,0.000000,-0.006700,-0.223961,0.000000,-0.004020,-10.917341,0.000000,-0.005360,-0.058291,0.000000,-0.010720,0.147248,-1.680061,9.637540,0.029828,-0.063916,-0.035154
10.200530,2037.874668,-1.236389,0.000000,-0.006700,-0.223961,0.000000,-0.004020,-10.917341,0.000000,-0.005360,-0.058291,0.000000,-0.010720,0.159314,-1.678883,9.626749,0.033023,-0.063916,-0.036219
10.210379,2037.884022,-1.236389,0.000000,-0.006700,-0.223961,0.000000,-0.004020,-10.917341,0.000000,-0.005360,-0.058291,0.000000,-0.010720,0.160492,-1.671722,9.624395,0.029828,-0.064980,-0.036219
10.220065,2037.893807,-1.236389,0.000000,-0.006700,-0.223961,0.000000,-0.004020,-10.917341,0.000000,-0.005360,-0.058291,0.000000,-0.010720,0.164023,-1.675352,9.620765,0.029828,-0.066047,-0.034088
10.230694,2037.912647,-1.236389,0.000000,-0.006700,-0.223961,0.000000,-0.004020,-10.917341,0.000000,-0.005360,-0.058291,0.000000,-0.010720,0.166476,-1.672899,9.609974,0.029828,-0.063916,-0.036219
10.240147,2037.922206,-1.234855,0.000000,-0.006700,-0.223961,0.000000,-0.004020,-10.917341,0.000000,-0.005360,-0.058291,0.000000,-0.010720,0.159314,-1.675352,9.636363,0.031959,-0.063916,-0.036219
10.250519,2037.932011,-1.234855,0.000000,-0.006700,-0.223961,0.000000,-0.004020,-10.917341,0.000000,-0.005360,-0.058291,0.000000,-0.010720,0.158039,-1.668092,9.615958,0.029828,-0.063916,-0.037284
10.260491,2037.941350,-1.236389,0.000000,-0.006700,-0.223961,0.000000,-0.004020,-10.917341,0.000000,-0.005360,-0.058291,0.000000,-0.010720,0.159314,-1.681336,9.629202,0.030892,-0.063916,-0.035154
10.270465,2037.950917,-1.234855,0.000000,-0.006700,-0.223961,0.000000,-0.004020,-10.917341,0.000000,-0.005360,-0.058291,0.000000,-0.010720,0.161669,-1.674076,9.614781,0.030892,-0.064980,-0.035154
10.280318,2037.960444,-1.236389,0.000000,-0.006700,-0.223961,0.000000,-0.004020,-10.917341,0.000000,-0.005360,-0.058291,0.000000,-0.010720,0.158039,-1.672899,9.614781,0.030892,-0.064980,-0.036219
10.290137,2037.970187,-1.236389,0.000000,-0.006700,-0.223961,0.000000,-0.004020,-10.917341,0.000000,-0.005360,-0.058291,0.000000,-0.010720,0.154508,-1.669368,9.626749,0.033023,-0.063916,-0.035154
10.300101,2037.979671,-1.236389,0.000000,-0.006700,-0.223961,0.000000,-0.004020,-10.917341,0.000000,-0.005360,-0.058291,0.000000,-0.010720,0.168830,-1.664561,9.621942,0.031959,-0.064980,-0.036219
10.310280,2037.989160,-1.234855,0.000000,-0.006700,-0.223961,0.000000,-0.004020,-10.917341,0.000000,-0.005360,-0.058291,0.000000,-0.010720,0.166476,-1.665738,9.637540,0.031959,-0.064980,-0.036219
10.320069,2037.998700,-1.236389,0.000000,-0.006700,-0.223961,0.000000,-0.004020,-10.917341,0.000000,-0.005360,-0.058291,0.000000,-0.010720,0.170007,-1.669368,9.637540,0.031959,-0.064980,-0.034088
10.330545,2038.008034,-1.236389,0.000000,-0.006700,-0.223961,0.000000,-0.004020,-10.917341,0.000000,-0.005360,-0.058291,0.000000,-0.010720,0.156862,-1.658577,9.637540,0.029828,-0.066047,-0.035154
10.340309,2038.017667,-1.234855,0.000000,-0.006700,-0.223961,0.000000,-0.004020,-10.917341,0.000000,-0.005360,-0.058291,0.000000,-0.010720,0.158039,-1.670545,9.623218,0.031959,-0.064980,-0.036219
10.350384,2038.027160,-1.236389,0.000000,-0.006700,-0.223961,0.000000,-0.004020,-10.917341,0.000000,-0.005360,-0.058291,0.000000,-0.010720,0.154508,-1.665738,9.643524,0.029828,-0.064980,-0.036219
10.360295,2038.037001,-1.236389,0.000000,-0.006700,-0.223961,0.000000,-0.004020,-10.917341,0.000000,-0.005360,-0.058291,0.000000,-0.010720,0.162846,-1.677706,9.614781,0.030892,-0.064980,-0.036219
10.370385,2038.046457,-1.236389,0.000000,-0.006700,-0.223961,0.000000,-0.004020,-10.917341,0.000000,-0.005360,-0.058291,0.000000,-0.010720,0.156862,-1.671722,9.626749,0.031959,-0.064980,-0.036219
10.380528,2038.056013,-1.234855,0.000000,-0.006700,-0.223961,0.000000,-0.004020,-10.917341,0.000000,-0.005360,-0.058291,0.000000,-0.010720,0.174814,-1.666915,9.620765,0.030892,-0.064980,-0.037284
10.390233,2038.065399,-1.236389,0.000000,-0.006700,-0.223961,0.000000,-0.004020,-10.917341,0.000000,-0.005360,-0.058291,0.000000,-0.010720,0.168830,-1.683690,9.620765,0.031959,-0.063916,-0.036219
10.400456,2038.074871,-1.236389,0.000000,-0.006700,-0.223961,0.000000,-0.004020,-10.917341,0.000000,-0.005360,-0.058291,0.000000,-0.010720,0.175991,-1.670545,9.624395,0.030892,-0.064980,-0.035154
10.410313,2038.084610,-1.236389,0.000000,-0.006700,-0.223961,0.000000,-0.004020,-10.917341,0.000000,-0.005360,-0.058291,0.000000,-0.010720,0.166476,-1.664561,9.625572,0.030892,-0.063916,-0.035154
10.420499,2038.094271,-1.236389,0.000000,-0.006700,-0.223961,0.000000,-0.004020,-10.917341,0.000000,-0.005360,-0.058291,0.000000,-0.010720,0.159314,-1.668092,9.634009,0.030892,-0.064980,-0.035154
10.430584,2038.113156,-1.236389,0.000000,-0.006700,-0.223961,0.000000,-0.004020,-10.917341,0.000000,-0.005360,-0.058291,0.000000,-0.010720,0.162846,-1.668092,9.618411,0.029828,-0.064980,-0.035154
10.440528,2038.122835,-1.236389,0.000000,-0.006700,-0.223961,0.000000,-0.004020,-10.917341,0.000000,-0.005360,-0.058291,0.000000,-0.010720,0.144894,-1.677706,9.637540,0.030892,-0.064980,-0.036219
10.450486,2038.132162,-1.236389,0.000000,-0.006700,-0.223961,0.000000,-0.004020,-10.917341,0.000000,-0.005360,-0.058291,0.000000,-0.010720,0.164023,-1.687320,9.623218,0.030892,-0.063916,-0.036219
10.460322,2038.142045,-1.236389,0.000000,-0.006700,-0.223961,0.000000,-0.004020,-10.917341,0.000000,-0.005360,-0.058291,0.000000,-0.010720,0.165299,-1.666915,9.618411,0.030892,-0.064980,-0.036219
10.470564,2038.151452,-1.236389,0.000000,-0.006700,-0.223961,0.000000,-0.004020,-10.917341,0.000000,-0.005360,-0.058291,0.000000,-0.010720,0.158039,-1.681336,9.637540,0.031959,-0.064980,-0.036219
10.480276,2038.160893,-1.234855,0.000000,-0.006700,-0.223961,0.000000,-0.004020,-10.917341,0.000000,-0.005360,-0.058291,0.000000,-0.010720,0.172460,-1.678883,9.634009,0.031959,-0.063916,-0.036219
10.490361,2038.170484,-1.236389,0.000000,-0.006700,-0.223961,0.000000,-0.004020,-10.917341,0.000000,-0.005360,-0.058291,0.000000,-0.010720,0.175991,-1.663384,9.617234,0.030892,-0.064980,-0.036219
10.500360,2038.180208,-1.236389,0.000000,-0.006700,-0.223961,0.000000,-0.004020,-10.917341,0.000000,-0.005360,-0.058291,0.000000,-0.010720,0.147248,-1.674076,9.620765,0.030892,-0.064980,-0.035154
10.510312,2038.189526,-1.234855,0.000000,-0.006700,-0.223961,0.000000,-0.004020,-10.917341,0.000000,-0.005360,-0.058291,0.000000,-0.010720,0.164023,-1.680061,9.642347,0.029828,-0.064980,-0.036219
10.520615,2038.199217,-1.236389,0.000000,-0.006700,-0.223961,0.000000,-0.004020,-10.917341,0.000000,-0.005360,-0.058291,0.000000,-0.010720,0.159314,-1.675352,9.628025,0.030892,-0.064980,-0.037284
10.530470,2038.208715,-1.236389,0.000000,-0.006700,-0.223961,0.000000,-0.004020,-10.917341,0.000000,-0.005360,-0.058291,0.000000,-0.010720,0.160492,-1.677706,9.613604,0.030892,-0.063916,-0.036219
10.540323,2038.218206,-1.234855,0.000000,-0.006700,-0.223961,0.000000,-0.004020,-10.917341,0.000000,-0.005360,-0.058291,0.000000,-0.010720,0.156862,-1.666915,9.625572,0.030892,-0.063916,-0.036219
10.550445,2038.227653,-1.236389,0.000000,-0.006700,-0.223961,0.000000,-0.004020,-10.917341,0.000000,-0.005360,-0.058291,0.000000,-0.010720,0.161669,-1.670545,9.626749,0.031959,-0.064980,-0.036219
10.560104,2038.237382,-1.234855,0.000000,-0.006700,-0.223961,0.000000,-0.004020,-10.917341,0.000000,-0.005360,-0.058291,0.000000,-0.010720,0.161669,-1.681336,9.641170,0.030892,-0.064980,-0.035154
10.570380,2038.246909,-1.236389,0.000000,-0.006700,-0.223961,0.000000,-0.004020,-10.917341,0.000000,-0.005360,-0.058291,0.000000,-0.010720,0.161669,-1.660931,9.630379,0.030892,-0.063916,-0.036219
10.580155,2038.256403,-1.236389,0.000000,-0.006700,-0.223961,0.000000,-0.004020,-10.917341,0.000000,-0.005360,-0.058291,0.000000,-0.010720,0.165299,-1.666915,9.628025,0.031959,-0.064980,-0.036219
10.590315,2038.265880,-1.234855,0.000000,-0.006700,-0.223961,0.000000,-0.004020,-10.917341,0.000000,-0.005360,-0.058291,0.000000,-0.010720,0.159314,-1.665738,9.634009,0.030892,-0.064980,-0.036219
10.600523,2038.275789,-1.234855,0.000000,-0.006700,-0.223961,0.000000,-0.004020,-10.917341,0.000000,-0.005360,-0.058291,0.000000,-0.010720,0.162846,-1.680061,9.624395,0.029828,-0.066047,-0.036219
10.610744,2038.285064,-1.234855,0.000000,-0.006700,-0.223961,0.000000,-0.004020,-10.917341,0.000000,-0.005360,-0.058291,0.000000,-0.010720,0.156862,-1.670545,9.628025,0.031959,-0.064980,-0.036219
10.620155,2038.294891,-1.234855,0.000000,-0.006700,-0.223961,0.000000,-0.004020,-10.917341,0.000000,-0.005360,-0.058291,0.000000,-0.010720,0.167653,-1.672899,9.600458,0.030892,-0.064980,-0.036219
10.630164,2038.304294,-1.236389,0.000000,-0.006700,-0.223961,0.000000,-0.004020,-10.917341,0.000000,-0.005360,-0.058291,0.000000,-0.010720,0.162846,-1.684868,9.629202,0.029828,-0.064980,-0.035154
10.640150,2038.313767,-1.236389,0.000000,-0.006700,-0.223961,0.000000,-0.004020,-10.917341,0.000000,-0.005360,-0.058291,0.000000,-0.010720,0.150878,-1.681336,9.631556,0.033023,-0.064980,-0.035154
10.650493,2038.332931,-1.236389,0.000000,-0.006700,-0.223961,0.000000,-0.004020,-10.917341,0.000000,-0.005360,-0.058291,0.000000,-0.010720,0.172460,-1.663384,9.631556,0.030892,-0.063916,-0.037284
10.660648,2038.342417,-1.236389,0.000000,-0.006700,-0.223961,0.000000,-0.004020,-10.917341,0.000000,-0.005360,-0.058291,0.000000,-0.010720,0.162846,-1.671722,9.621942,0.030892,-0.064980,-0.037284
10.670229,2038.351838,-1.236389,0.000000,-0.006700,-0.223961,0.000000,-0.004020,-10.917341,0.000000,-0.005360,-0.058291,0.000000,-0.010720,0.166476,-1.678883,9.623218,0.029828,-0.064980,-0.036219
10.680285,2038.361583,-1.236389,0.000000,-0.006700,-0.223961,0.000000,-0.004020,-10.917341,0.000000,-0.005360,-0.058291,0.000000,-0.010720,0.156862,-1.660931,9.628025,0.034088,-0.063916,-0.035154
10.690157,2038.371295,-1.236389,0.000000,-0.006700,-0.223961,0.000000,-0.004020,-10.917341,0.000000,-0.005360,-0.058291,0.000000,-0.010720,0.150878,-1.665738,9.628025,0.028761,-0.064980,-0.036219
10.700399,2038.380629,-1.236389,0.000000,-0.006700,-0.223961,0.000000,-0.004020,-10.917341,0.000000,-0.005360,-0.058291,0.000000,-0.010720,0.156862,-1.676529,9.621942,0.029828,-0.064980,-0.035154
10.710185,2038.390015,-1.234855,0.000000,-0.006700,-0.223961,0.000000,-0.004020,-10.917341,0.000000,-0.005360,-0.058291,0.000000,-0.010720,0.149701,-1.676529,9.621942,0.029828,-0.062851,-0.036219
10.720245,2038.399720,-1.236389,0.000000,-0.006700,-0.223961,0.000000,-0.004020,-10.917341,0.000000,-0.005360,-0.058291,0.000000,-0.010720,0.160492,-1.693304,9.639993,0.030892,-0.063916,-0.036219
10.730533,2038.409408,-1.234855,0.000000,-0.006700,-0.223961,0.000000,-0.004020,-10.917341,0.000000,-0.005360,-0.058291,0.000000,-0.010720,0.160492,-1.658577,9.605265,0.031959,-0.063916,-0.036219
10.740486,2038.419011,-1.234855,0.000000,-0.006700,-0.223961,0.000000,-0.004020,-10.917341,0.000000,-0.005360,-0.058291,0.000000,-0.010720,0.167653,-1.664561,9.637540,0.027697,-0.063916,-0.036219
10.750277,2038.428316,-1.236389,0.000000,-0.006700,-0.223961,0.000000,-0.004020,-10.917341,0.000000,-0.005360,-0.059825,0.000000,-0.010720,0.171283,-1.684868,9.632733,0.031959,-0.063916,-0.036219
10.760283,2038.437844,-1.236389,0.000000,-0.006700,-0.223961,0.000000,-0.004020,-10.917341,0.000000,-0.005360,-0.058291,0.000000,-0.010720,0.171283,-1.674076,9.607620,0.033023,-0.064980,-0.036219
10.770237,2038.447390,-1.236389,0.000000,-0.006700,-0.223961,0.000000,-0.004020,-10.917341,0.000000,-0.005360,-0.058291,0.000000,-0.010720,0.168830,-1.674076,9.625572,0.029828,-0.063916,-0.036219
10.780264,2038.457224,-1.236389,0.000000,-0.006700,-0.223961,0.000000,-0.004020,-10.917341,0.000000,-0.005360,-0.058291,0.000000,-0.010720,0.156862,-1.671722,9.628025,0.029828,-0.063916,-0.037284
10.790300,2038.466447,-1.236389,0.000000,-0.006700,-0.223961,0.000000,-0.004020,-10.917341,0.000000,-0.005360,-0.058291,0.000000,-0.010720,0.175991,-1.674076,9.618411,0.028761,-0.064980,-0.037284
10.800439,2038.476179,-1.234855,0.000000,-0.006700,-0.223961,0.000000,-0.004020,-10.917341,0.000000,-0.005360,-0.058291,0.000000,-0.010720,0.137732,-1.680061,9.637540,0.030892,-0.063916,-0.036219
10.810316,2038.485841,-1.234855,0.000000,-0.006700,-0.223961,0.000000,-0.004020,-10.917341,0.000000,-0.005360,-0.058291,0.000000,-0.010720,0.173637,-1.669368,9.614781,0.030892,-0.064980,-0.034088
10.820302,2038.495179,-1.236389,0.000000,-0.006700,-0.223961,0.000000,-0.004020,-10.917341,0.000000,-0.005360,-0.058291,0.000000,-0.010720,0.161669,-1.688497,9.647154,0.030892,-0.064980,-0.036219
10.830636,2038.504970,-1.234855,0.000000,-0.006700,-0.223961,0.000000,-0.004020,-10.917341,0.000000,-0.005360,-0.058291,0.000000,-0.010720,0.167653,-1.654947,9.620765,0.031959,-0.064980,-0.035154
10.840142,2038.514417,-1.236389,0.000000,-0.006700,-0.223961,0.000000,-0.004020,-10.917341,0.000000,-0.005360,-0.058291,0.000000,-0.010720,0.173637,-1.680061,9.630379,0.030892,-0.064980,-0.035154
10.850585,2038.523950,-1.236389,0.000000,-0.006700,-0.223961,0.000000,-0.004020,-10.917341,0.000000,-0.005360,-0.058291,0.000000,-0.010720,0.164023,-1.654947,9.631556,0.031959,-0.064980,-0.036219
10.860355,2038.533456,-1.236389,0.000000,-0.006700,-0.223961,0.000000,-0.004020,-10.917341,0.000000,-0.005360,-0.058291,0.000000,-0.010720,0.170007,-1.666915,9.620765,0.030892,-0.064980,-0.036219
10.870334,2038.542870,-1.236389,0.000000,-0.006700,-0.223961,0.000000,-0.004020,-10.917341,0.000000,-0.005360,-0.058291,0.000000,-0.010720,0.159314,-1.675352,9.628025,0.030892,-0.063916,-0.036219
10.880660,2038.561978,-1.234855,0.000000,-0.006700,-0.223961,0.000000,-0.004020,-10.917341,0.000000,-0.005360,-0.058291,0.000000,-0.010720,0.160492,-1.677706,9.618411,0.029828,-0.063916,-0.038350
10.890341,2038.571482,-1.236389,0.000000,-0.006700,-0.223961,0.000000,-0.004020,-10.917341,0.000000,-0.005360,-0.058291,0.000000,-0.010720,0.155685,-1.675352,9.623218,0.030892,-0.064980,-0.036219
10.900109,2038.580982,-1.236389,0.000000,-0.006700,-0.223961,0.000000,-0.004020,-10.917341,0.000000,-0.005360,-0.058291,0.000000,-0.010720,0.166476,-1.683690,9.606442,0.029828,-0.063916,-0.036219
10.910592,2038.590910,-1.236389,0.000000,-0.006700,-0.223961,0.000000,-0.004020,-10.917341,0.000000,-0.005360,-0.058291,0.000000,-0.010720,0.167653,-1.670545,9.612427,0.030892,-0.064980,-0.036219
10.920484,2038.600226,-1.234855,0.000000,-0.006700,-0.223961,0.000000,-0.004020,-10.917341,0.000000,-0.005360,-0.058291,0.000000,-0.010720,0.165299,-1.688497,9.626749,0.030892,-0.064980,-0.037284
10.930153,2038.609792,-1.236389,0.000000,-0.006700,-0.223961,0.000000,-0.004020,-10.917341,0.000000,-0.005360,-0.058291,0.000000,-0.010720,0.158039,-1.675352,9.630379,0.029828,-0.064980,-0.037284
10.940201,2038.619420,-1.236389,0.000000,-0.006700,-0.223961,0.000000,-0.004020,-10.917341,0.000000,-0.005360,-0.058291,0.000000,-0.010720,0.166476,-1.678883,9.634009,0.031959,-0.063916,-0.036219
10.950060,2038.628921,-1.236389,0.000000,-0.006700,-0.223961,0.000000,-0.004020,-10.917341,0.000000,-0.005360,-0.058291,0.000000,-0.010720,0.156862,-1.669368,9.634009,0.033023,-0.064980,-0.036219
10.960373,2038.638575,-1.236389,0.000000,-0.006700,-0.223961,0.000000,-0.004020,-10.917341,0.000000,-0.005360,-0.058291,0.000000,-0.010720,0.156862,-1.664561,9.619588,0.031959,-0.063916,-0.037284
10.970291,2038.647982,-1.236389,0.000000,-0.006700,-0.223961,0.000000,-0.004020,-10.917341,0.000000,-0.005360,-0.058291,0.000000,-0.010720,0.141264,-1.672899,9.623218,0.029828,-0.064980,-0.037284
10.980158,2038.657529,-1.234855,0.000000,-0.006700,-0.223961,0.000000,-0.004020,-10.917341,0.000000,-0.005360,-0.058291,0.000000,-0.010720,0.159314,-1.660931,9.632733,0.030892,-0.063916,-0.037284
10.990360,2038.667193,-1.234855,0.000000,-0.006700,-0.223961,0.000000,-0.004020,-10.917341,0.000000,-0.005360,-0.058291,0.000000,-0.010720,0.159314,-1.668092,9.628025,0.030892,-0.063916,-0.036219
11.000046,2038.676508,-1.236389,0.000000,-0.006700,-0.223961,0.000000,-0.004020,-10.917341,0.000000,-0.005360,-0.058291,0.000000,-0.010720,0.148523,-1.664561,9.626749,0.031959,-0.063916,-0.036219
11.010498,2038.686233,-1.236389,0.000000,-0.006700,-0.223961,0.000000,-0.004020,-10.918875,0.000000,-0.005360,-0.058291,0.000000,-0.010720,0.158039,-1.659754,9.617234,0.031959,-0.063916,-0.035154
11.020170,2038.695793,-1.236389,0.000000,-0.006700,-0.223961,0.000000,-0.004020,-10.917341,0.000000,-0.005360,-0.058291,0.000000,-0.010720,0.160492,-1.665738,9.630379,0.030892,-0.063916,-0.037284
11.030556,2038.705434,-1.234855,0.000000,-0.006700,-0.223961,0.000000,-0.004020,-10.917341,0.000000,-0.005360,-0.058291,0.000000,-0.010720,0.155685,-1.674076,9.624395,0.031959,-0.064980,-0.036219
11.040131,2038.714801,-1.236389,0.000000,-0.006700,-0.223961,0.000000,-0.004020,-10.917341,0.000000,-0.005360,-0.058291,0.000000,-0.010720,0.164023,-1.674076,9.617234,0.030892,-0.064980,-0.036219
11.050475,2038.724349,-1.234855,0.000000,-0.006700,-0.223961,0.000000,-0.004020,-10.917341,0.000000,-0.005360,-0.058291,0.000000,-0.010720,0.165299,-1.684868,9.608797,0.029828,-0.063916,-0.035154
11.060467,2038.734070,-1.234855,0.000000,-0.006700,-0.223961,0.000000,-0.004020,-10.917341,0.000000,-0.005360,-0.058291,0.000000,-0.010720,0.160492,-1.671722,9.628025,0.028761,-0.066047,-0.035154
11.070089,2038.743529,-1.236389,0.000000,-0.006700,-0.223961,0.000000,-0.004020,-10.917341,0.000000,-0.005360,-0.058291,0.000000,-0.010720,0.164023,-1.675352,9.625572,0.029828,-0.064980,-0.035154
11.080666,2038.762777,-1.236389,0.000000,-0.006700,-0.223961,0.000000,-0.004020,-10.917341,0.000000,-0.005360,-0.058291,0.000000,-0.010720,0.160492,-1.678883,9.634009,0.030892,-0.063916,-0.037284
11.090480,2038.772317,-1.236389,0.000000,-0.006700,-0.223961,0.000000,-0.004020,-10.917341,0.000000,-0.005360,-0.058291,0.000000,-0.010720,0.160492,-1.676529,9.619588,0.031959,-0.064980,-0.036219
11.100460,2038.781774,-1.236389,0.000000,-0.006700,-0.223961,0.000000,-0.004020,-10.917341,0.000000,-0.005360,-0.058291,0.000000,-0.010720,0.161669,-1.682513,9.630379,0.031959,-0.063916,-0.036219
11.110409,2038.791442,-1.236389,0.000000,-0.006700,-0.223961,0.000000,-0.004020,-10.917341,0.000000,-0.005360,-0.058291,0.000000,-0.010720,0.162846,-1.671722,9.619588,0.030892,-0.063916,-0.036219
11.120272,2038.800957,-1.236389,0.000000,-0.006700,-0.223961,0.000000,-0.004020,-10.917341,0.000000,-0.005360,-0.058291,0.000000,-0.010720,0.161669,-1.670545,9.632733,0.031959,-0.064980,-0.037284
11.130652,2038.810417,-1.236389,0.000000,-0.006700,-0.223961,0.000000,-0.004020,-10.917341,0.000000,-0.005360,-0.058291,0.000000,-0.010720,0.155685,-1.672899,9.618411,0.031959,-0.064980,-0.037284
11.140211,2038.819747,-1.234855,0.000000,-0.006700,-0.223961,0.000000,-0.004020,-10.917341,0.000000,-0.005360,-0.058291,0.000000,-0.010720,0.170007,-1.657399,9.623218,0.030892,-0.064980,-0.036219
11.150421,2038.829476,-1.236389,0.000000,-0.006700,-0.223961,0.000000,-0.004020,-10.917341,0.000000,-0.005360,-0.059825,0.000000,-0.010720,0.166476,-1.660931,9.621942,0.030892,-0.063916,-0.037284
11.160491,2038.838836,-1.234855,0.000000,-0.006700,-0.223961,0.000000,-0.004020,-10.917341,0.000000,-0.005360,-0.058291,0.000000,-0.010720,0.159314,-1.670545,9.628025,0.030892,-0.064980,-0.036219
11.170363,2038.848671,-1.236389,0.000000,-0.006700,-0.223961,0.000000,-0.004020,-10.917341,0.000000,-0.005360,-0.058291,0.000000,-0.010720,0.156862,-1.670545,9.619588,0.028761,-0.064980,-0.037284
11.180530,2038.857963,-1.236389,0.000000,-0.006700,-0.223961,0.000000,-0.004020,-10.917341,0.000000,-0.005360,-0.058291,0.000000,-0.010720,0.159314,-1.676529,9.621942,0.029828,-0.064980,-0.036219
11.190536,2038.867570,-1.234855,0.000000,-0.006700,-0.223961,0.000000,-0.004020,-10.917341,0.000000,-0.005360,-0.058291,0.000000,-0.010720,0.158039,-1.681336,9.615958,0.029828,-0.066047,-0.036219
11.200183,2038.877017,-1.236389,0.000000,-0.006700,-0.223961,0.000000,-0.004020,-10.917341,0.000000,-0.005360,-0.058291,0.000000,-0.010720,0.158039,-1.675352,9.624395,0.030892,-0.064980,-0.037284
11.210117,2038.886626,-1.236389,0.000000,-0.006700,-0.223961,0.000000,-0.004020,-10.917341,0.000000,-0.005360,-0.058291,0.000000,-0.010720,0.167653,-1.671722,9.623218,0.031959,-0.063916,-0.035154
11.220303,2038.896336,-1.236389,0.000000,-0.006700,-0.223961,0.000000,-0.004020,-10.917341,0.000000,-0.005360,-0.058291,0.000000,-0.010720,0.165299,-1.671722,9.619588,0.029828,-0.064980,-0.036219
11.230613,2038.905835,-1.234855,0.000000,-0.006700,-0.223961,0.000000,-0.004020,-10.917341,0.000000,-0.005360,-0.058291,0.000000,-0.010720,0.154508,-1.678883,9.623218,0.031959,-0.066047,-0.036219
11.240487,2038.915405,-1.236389,0.000000,-0.006700,-0.223961,0.000000,-0.004020,-10.917341,0.000000,-0.005360,-0.058291,0.000000,-0.010720,0.156862,-1.678883,9.620765,0.031959,-0.064980,-0.036219
11.250279,2038.925005,-1.234855,0.000000,-0.006700,-0.223961,0.000000,-0.004020,-10.917341,0.000000,-0.005360,-0.058291,0.000000,-0.010720,0.154508,-1.670545,9.614781,0.029828,-0.063916,-0.037284
11.260739,2038.934528,-1.236389,0.000000,-0.006700,-0.223961,0.000000,-0.004020,-10.917341,0.000000,-0.005360,-0.058291,0.000000,-0.010720,0.165299,-1.677706,9.601636,0.030892,-0.063916,-0.036219
11.270256,2038.943995,-1.236389,0.000000,-0.006700,-0.223961,0.000000,-0.004020,-10.917341,0.000000,-0.005360,-0.058291,0.000000,-0.010720,0.161669,-1.684868,9.621942,0.030892,-0.063916,-0.036219
11.280602,2038.962982,-1.236389,0.000000,-0.006700,-0.223961,0.000000,-0.004020,-10.917341,0.000000,-0.005360,-0.058291,0.000000,-0.010720,0.164023,-1.674076,9.619588,0.031959,-0.064980,-0.036219
11.290414,2038.972830,-1.234855,0.000000,-0.006700,-0.223961,0.000000,-0.004020,-10.917341,0.000000,-0.005360,-0.058291,0.000000,-0.010720,0.146071,-1.666915,9.628025,0.031959,-0.063916,-0.035154
11.300309,2038.982276,-1.236389,0.000000,-0.006700,-0.223961,0.000000,-0.004020,-10.917341,0.000000,-0.005360,-0.058291,0.000000,-0.010720,0.153330,-1.665738,9.613604,0.031959,-0.063916,-0.036219
11.310392,2038.991814,-1.236389,0.000000,-0.006700,-0.223961,0.000000,-0.004020,-10.917341,0.000000,-0.005360,-0.058291,0.000000,-0.010720,0.156862,-1.681336,9.619588,0.030892,-0.063916,-0.036219
11.320090,2039.001277,-1.234855,0.000000,-0.006700,-0.223961,0.000000,-0.004020,-10.917341,0.000000,-0.005360,-0.058291,0.000000,-0.010720,0.154508,-1.663384,9.606442,0.033023,-0.064980,-0.036219
11.330609,2039.010794,-1.236389,0.000000,-0.006700,-0.223961,0.000000,-0.004020,-10.917341,0.000000,-0.005360,-0.058291,0.000000,-0.010720,0.160492,-1.660931,9.613604,0.030892,-0.064980,-0.036219
11.340401,2039.020530,-1.236389,0.000000,-0.006700,-0.223961,0.000000,-0.004020,-10.917341,0.000000,-0.005360,-0.058291,0.000000,-0.010720,0.159314,-1.675352,9.613604,0.030892,-0.064980,-0.036219
11.350291,2039.029887,-1.236389,0.000000,-0.006700,-0.223961,0.000000,-0.004020,-10.917341,0.000000,-0.005360,-0.058291,0.000000,-0.010720,0.170007,-1.671722,9.618411,0.029828,-0.064980,-0.037284
11.360423,2039.039685,-1.234855,0.000000,-0.006700,-0.223961,0.000000,-0.004020,-10.917341,0.000000,-0.005360,-0.058291,0.000000,-0.010720,0.168830,-1.678883,9.614781,0.029828,-0.064980,-0.036219
11.370438,2039.048903,-1.236389,0.000000,-0.006700,-0.223961,0.000000,-0.004020,-10.917341,0.000000,-0.005360,-0.058291,0.000000,-0.010720,0.160492,-1.675352,9.606442,0.031959,-0.063916,-0.037284
11.380639,2039.058673,-1.234855,0.000000,-0.006700,-0.223961,0.000000,-0.004020,-10.917341,0.000000,-0.005360,-0.058291,0.000000,-0.010720,0.171283,-1.677706,9.612427,0.030892,-0.064980,-0.037284
11.390541,2039.068003,-1.234855,0.000000,-0.006700,-0.223961,0.000000,-0.004020,-10.917341,0.000000,-0.005360,-0.058291,0.000000,-0.010720,0.171283,-1.682513,9.614781,0.028761,-0.063916,-0.036219
11.400162,2039.077766,-1.234855,0.000000,-0.006700,-0.223961,0.000000,-0.004020,-10.917341,0.000000,-0.005360,-0.058291,0.000000,-0.010720,0.167653,-1.669368,9.609974,0.028761,-0.063916,-0.036219
11.410289,2039.087446,-1.234855,0.000000,-0.006700,-0.223961,0.000000,-0.004020,-10.917341,0.000000,-0.005360,-0.058291,0.000000,-0.010720,0.168830,-1.671722,9.612427,0.030892,-0.064980,-0.037284
11.420263,2039.096782,-1.236389,0.000000,-0.006700,-0.223961,0.000000,-0.004020,-10.917341,0.000000,-0.005360,-0.058291,0.000000,-0.010720,0.166476,-1.688497,9.621942,0.030892,-0.064980,-0.036219
11.430386,2039.106210,-1.234855,0.000000,-0.006700,-0.223961,0.000000,-0.004020,-10.917341,0.000000,-0.005360,-0.058291,0.000000,-0.010720,0.174814,-1.674076,9.605265,0.030892,-0.064980,-0.037284
11.440619,2039.115896,-1.234855,0.000000,-0.006700,-0.223961,0.000000,-0.004020,-10.917341,0.000000,-0.005360,-0.058291,0.000000,-0.010720,0.167653,-1.686143,9.613604,0.031959,-0.063916,-0.036219
11.450103,2039.125529,-1.234855,0.000000,-0.006700,-0.223961,0.000000,-0.004020,-10.917341,0.000000,-0.005360,-0.058291,0.000000,-0.010720,0.162846,-1.668092,9.626749,0.029828,-0.064980,-0.037284
11.460390,2039.135003,-1.236389,0.000000,-0.006700,-0.223961,0.000000,-0.004020,-10.917341,0.000000,-0.005360,-0.058291,0.000000,-0.010720,0.158039,-1.669368,9.621942,0.030892,-0.063916,-0.037284
11.470235,2039.144475,-1.234855,0.000000,-0.006700,-0.223961,0.000000,-0.004020,-10.917341,0.000000,-0.005360,-0.058291,0.000000,-0.010720,0.153330,-1.682513,9.611249,0.029828,-0.063916,-0.037284
11.480358,2039.154052,-1.236389,0.000000,-0.006700,-0.223961,0.000000,-0.004020,-10.917341,0.000000,-0.005360,-0.058291,0.000000,-0.010720,0.164023,-1.668092,9.608797,0.030892,-0.066047,-0.037284
11.490412,2039.173183,-1.234855,0.000000,-0.006700,-0.223961,0.000000,-0.004020,-10.917341,0.000000,-0.005360,-0.058291,0.000000,-0.010720,0.160492,-1.684868,9.618411,0.029828,-0.064980,-0.035154
11.500235,2039.182671,-1.234855,0.000000,-0.006700,-0.223961,0.000000,-0.004020,-10.917341,0.000000,-0.005360,-0.058291,0.000000,-0.010720,0.166476,-1.674076,9.615958,0.030892,-0.064980,-0.036219
11.510518,2039.192386,-1.236389,0.000000,-0.006700,-0.223961,0.000000,-0.004020,-10.917341,0.000000,-0.005360,-0.058291,0.000000,-0.010720,0.197573,-1.631011,9.603990,0.033023,-0.063916,-0.031959
11.520269,2039.201781,-1.236389,0.000000,-0.006700,-0.223961,0.000000,-0.004020,-10.917341,0.000000,-0.005360,-0.058291,0.000000,-0.010720,0.150878,-1.706449,9.634009,0.013849,-0.063916,-0.028761
11.530727,2039.211623,-1.236389,0.000000,-0.006700,-0.223961,0.000000,-0.004020,-10.917341,0.000000,-0.005360,-0.058291,0.000000,-0.010720,0.134103,-1.791502,9.608797,0.011718,-0.066047,-0.043675
11.540162,2039.221127,-1.236389,0.000000,-0.006700,-0.223961,0.000000,-0.004020,-10.917341,0.000000,-0.005360,-0.058291,0.000000,-0.010720,0.216703,-1.449035,9.595652,0.072438,-0.067111,-0.035154
11.550443,2039.230630,-1.234855,0.000000,-0.006700,-0.223961,0.000000,-0.004020,-10.917341,0.000000,-0.005360,-0.058291,0.000000,-0.010720,0.135280,-1.785518,9.649508,0.011718,-0.062851,-0.029828
11.560549,2039.240018,-1.236389,0.000000,-0.006700,-0.223961,0.000000,-0.004020,-10.917341,0.000000,-0.005360,-0.058291,0.000000,-0.010720,0.147248,-1.659754,9.592022,0.021305,-0.064980,-0.038350
11.570337,2039.249815,-1.234855,0.000000,-0.006700,-0.223961,0.000000,-0.004020,-10.917341,0.000000,-0.005360,-0.058291,0.000000,-0.010720,0.225140,-1.626204,9.611249,0.040479,-0.066047,-0.041546
11.580425,2039.259195,-1.234855,0.000000,-0.006700,-0.223961,0.000000,-0.004020,-10.917341,0.000000,-0.005360,-0.058291,0.000000,-0.010720,0.111344,-1.718418,9.647154,0.038350,-0.061785,-0.029828
11.590330,2039.268624,-1.236389,0.000000,-0.006700,-0.223961,0.000000,-0.004020,-10.917341,0.000000,-0.005360,-0.058291,0.000000,-0.010720,0.183251,-1.633365,9.607620,0.029828,-0.066047,-0.039415
11.600491,2039.278204,-1.234855,0.000000,-0.006700,-0.223961,0.000000,-0.004020,-10.917341,0.000000,-0.005360,-0.058291,0.000000,-0.010720,0.140087,-1.706449,9.625572,0.017045,-0.064980,-0.039415
11.610716,2039.287785,-1.236389,0.000000,-0.006700,-0.223961,0.000000,-0.004020,-10.917341,0.000000,-0.005360,-0.058291,0.000000,-0.010720,0.135280,-1.728032,9.620765,0.038350,-0.062851,-0.028761
11.620324,2039.297184,-1.236389,0.000000,-0.006700,-0.223961,0.000000,-0.004020,-10.917341,0.000000,-0.005360,-0.058291,0.000000,-0.010720,0.186782,-1.669368,9.595652,0.024501,-0.066047,-0.041546
11.630436,2039.307070,-1.236389,0.000000,-0.006700,-0.223961,0.000000,-0.004020,-10.917341,0.000000,-0.005360,-0.058291,0.000000,-0.010720,0.164023,-1.646609,9.623218,0.046871,-0.064980,-0.031959
11.640341,2039.316608,-1.236389,0.000000,-0.006700,-0.223961,0.000000,-0.004020,-10.917341,0.000000,-0.005360,-0.058291,0.000000,-0.010720,0.184428,-1.657399,9.631556,0.027697,-0.063916,-0.036219
11.650259,2039.325887,-1.234855,0.000000,-0.006700,-0.223961,0.000000,-0.004020,-10.917341,0.000000,-0.005360,-0.058291,0.000000,-0.010720,0.185605,-1.710079,9.595652,0.014914,-0.063916,-0.040479
11.660343,2039.335688,-1.236389,0.000000,-0.006700,-0.223961,0.000000,-0.004020,-10.917341,0.000000,-0.005360,-0.058291,0.000000,-0.010720,0.144894,-1.648963,9.644702,0.050068,-0.062851,-0.034088
11.670310,2039.345005,-1.236389,0.000000,-0.006700,-0.223961,0.000000,-0.004020,-10.917341,0.000000,-0.005360,-0.058291,0.000000,-0.010720,0.162846,-1.647786,9.620765,0.031959,-0.064980,-0.038350
11.680479,2039.354843,-1.236389,0.000000,-0.006700,-0.223961,0.000000,-0.004020,-10.917341,0.000000,-0.005360,-0.058291,0.000000,-0.010720,0.148523,-1.666915,9.611249,0.026632,-0.064980,-0.037284
11.690286,2039.364038,-1.236389,0.000000,-0.006700,-0.223961,0.000000,-0.004020,-10.917341,0.000000,-0.005360,-0.058291,0.000000,-0.010720,0.158039,-1.670545,9.630379,0.029828,-0.062851,-0.035154
11.700225,2039.373653,-1.236389,0.000000,-0.006700,-0.223961,0.000000,-0.004020,-10.917341,0.000000,-0.005360,-0.058291,0.000000,-0.010720,0.140087,-1.672899,9.631556,0.030892,-0.064980,-0.038350
11.710596,2039.392723,-1.236389,0.000000,-0.006700,-0.223961,0.000000,-0.004020,-10.917341,0.000000,-0.005360,-0.058291,0.000000,-0.010720,0.149701,-1.669368,9.623218,0.027697,-0.064980,-0.036219
11.720202,2039.402226,-1.236389,0.000000,-0.006700,-0.223961,0.000000,-0.004020,-10.917341,0.000000,-0.005360,-0.058291,0.000000,-0.010720,0.161669,-1.671722,9.625572,0.026632,-0.064980,-0.035154
11.730176,2039.411828,-1.234855,0.000000,-0.006700,-0.223961,0.000000,-0.004020,-10.917341,0.000000,-0.005360,-0.058291,0.000000,-0.010720,0.162846,-1.700465,9.614781,0.021305,-0.063916,-0.036219
11.740109,2039.421669,-1.234855,0.000000,-0.006700,-0.223961,0.000000,-0.004020,-10.917341,0.000000,-0.005360,-0.058291,0.000000,-0.010720,0.171283,-1.676529,9.635186,0.038350,-0.063916,-0.038350
11.750336,2039.430937,-1.236389,0.000000,-0.006700,-0.223961,0.000000,-0.004020,-10.917341,0.000000,-0.005360,-0.058291,0.000000,-0.010720,0.170007,-1.656124,9.614781,0.039415,-0.062851,-0.036219
11.760690,2039.440724,-1.236389,0.000000,-0.006700,-0.223961,0.000000,-0.004020,-10.917341,0.000000,-0.005360,-0.058291,0.000000,-0.010720,0.170007,-1.669368,9.620765,0.027697,-0.064980,-0.036219
11.770330,2039.450207,-1.236389,0.000000,-0.006700,-0.223961,0.000000,-0.004020,-10.917341,0.000000,-0.005360,-0.058291,0.000000,-0.010720,0.173637,-1.707627,9.611249,0.025566,-0.064980,-0.037284
11.780546,2039.459636,-1.234855,0.000000,-0.006700,-0.223961,0.000000,-0.004020,-10.917341,0.000000,-0.005360,-0.058291,0.000000,-0.010720,0.173637,-1.696836,9.601636,0.030892,-0.064980,-0.037284
11.790090,2039.469431,-1.236389,0.000000,-0.006700,-0.223961,0.000000,-0.004020,-10.917341,0.000000,-0.005360,-0.058291,0.000000,-0.010720,0.149701,-1.690852,9.641170,0.035154,-0.064980,-0.037284
11.800251,2039.478938,-1.234855,0.000000,-0.006700,-0.223961,0.000000,-0.004020,-10.917341,0.000000,-0.005360,-0.058291,0.000000,-0.010720,0.177267,-1.693304,9.629202,0.030892,-0.066047,-0.039415
11.810677,2039.488322,-1.234855,0.000000,-0.006700,-0.223961,0.000000,-0.004020,-10.917341,0.000000,-0.005360,-0.058291,0.000000,-0.010720,0.175991,-1.690852,9.600458,0.036219,-0.064980,-0.037284
11.820201,2039.498095,-1.234855,0.000000,-0.006700,-0.223961,0.000000,-0.004020,-10.917341,0.000000,-0.005360,-0.058291,0.000000,-0.010720,0.154508,-1.647786,9.624395,0.042610,-0.062851,-0.035154
11.830325,2039.507621,-1.236389,0.000000,-0.006700,-0.223961,0.000000,-0.004020,-10.917341,0.000000,-0.005360,-0.058291,0.000000,-0.010720,0.148523,-1.678883,9.626749,0.025566,-0.064980,-0.037284
11.840308,2039.516948,-1.236389,0.000000,-0.006700,-0.223961,0.000000,-0.004020,-10.917341,0.000000,-0.005360,-0.058291,0.000000,-0.010720,0.144894,-1.708804,9.596829,0.022370,-0.066047,-0.037284
11.850229,2039.526669,-1.236389,0.000000,-0.006700,-0.223961,0.000000,-0.004020,-10.917341,0.000000,-0.005360,-0.058291,0.000000,-0.010720,0.136555,-1.653770,9.619588,0.038350,-0.063916,-0.036219
11.860339,2039.536027,-1.236389,0.000000,-0.006700,-0.223961,0.000000,-0.004020,-10.917341,0.000000,-0.005360,-0.058291,0.000000,-0.010720,0.149701,-1.674076,9.629202,0.029828,-0.062851,-0.035154
11.870162,2039.545834,-1.236389,0.000000,-0.006700,-0.223961,0.000000,-0.004020,-10.917341,0.000000,-0.005360,-0.058291,0.000000,-0.010720,0.164023,-1.692127,9.618411,0.021305,-0.063916,-0.035154
11.880521,2039.555392,-1.234855,0.000000,-0.006700,-0.223961,0.000000,-0.004020,-10.917341,0.000000,-0.005360,-0.058291,0.000000,-0.010720,0.201203,-1.646609,9.613604,0.030892,-0.066047,-0.037284
11.890485,2039.564643,-1.236389,0.000000,-0.006700,-0.223961,0.000000,-0.004020,-10.917341,0.000000,-0.005360,-0.058291,0.000000,-0.010720,0.198751,-1.653770,9.641170,0.042610,-0.064980,-0.035154
11.900286,2039.574188,-1.234855,0.000000,-0.006700,-0.223961,0.000000,-0.004020,-10.917341,0.000000,-0.005360,-0.058291,0.000000,-0.010720,0.198751,-1.653770,9.634009,0.034088,-0.064980,-0.036219
11.910585,2039.593257,-1.236389,0.000000,-0.006700,-0.223961,0.000000,-0.004020,-10.917341,0.000000,-0.005360,-0.058291,0.000000,-0.010720,0.137732,-1.681336,9.614781,0.023436,-0.064980,-0.036219
11.920515,2039.603095,-1.234855,0.000000,-0.006700,-0.223961,0.000000,-0.004020,-10.917341,0.000000,-0.005360,-0.058291,0.000000,-0.010720,0.123312,-1.681336,9.632733,0.028761,-0.064980,-0.035154
11.930531,2039.612488,-1.234855,0.000000,-0.006700,-0.223961,0.000000,-0.004020,-10.917341,0.000000,-0.005360,-0.058291,0.000000,-0.010720,0.132926,-1.681336,9.621942,0.029828,-0.066047,-0.034088
11.940114,2039.621864,-1.234855,0.000000,-0.006700,-0.223961,0.000000,-0.004020,-10.917341,0.000000,-0.005360,-0.058291,0.000000,-0.010720,0.144894,-1.692127,9.618411,0.028761,-0.062851,-0.033023
11.950325,2039.631801,-1.236389,0.000000,-0.006700,-0.223961,0.000000,-0.004020,-10.917341,0.000000,-0.005360,-0.058291,0.000000,-0.010720,0.153330,-1.669368,9.630379,0.026632,-0.062851,-0.035154
11.960537,2039.640989,-1.236389,0.000000,-0.006700,-0.223961,0.000000,-0.004020,-10.917341,0.000000,-0.005360,-0.058291,0.000000,-0.010720,0.174814,-1.654947,9.620765,0.030892,-0.064980,-0.033023
11.970449,2039.650548,-1.236389,0.000000,-0.006700,-0.223961,0.000000,-0.004020,-10.917341,0.000000,-0.005360,-0.058291,0.000000,-0.010720,0.153330,-1.656124,9.634009,0.027697,-0.062851,-0.033023
11.980427,2039.660421,-1.236389,0.000000,-0.006700,-0.223961,0.000000,-0.004020,-10.917341,0.000000,-0.005360,-0.058291,0.000000,-0.010720,0.177267,-1.674076,9.631556,0.005327,-0.064980,-0.035154
11.990313,2039.669871,-1.236389,0.000000,-0.006700,-0.223961,0.000000,-0.004020,-10.917341,0.000000,-0.005360,-0.058291,0.000000,-0.010720,0.166476,-1.797486,9.606442,-0.003196,-0.064980,-0.035154
12.000251,2039.679515,-1.234855,0.000000,-0.006700,-0.223961,0.000000,-0.004020,-10.917341,0.000000,-0.005360,-0.058291,0.000000,-0.010720,0.155685,-1.678883,9.619588,0.044742,-0.063916,-0.035154
12.010676,2039.688875,-1.234855,0.000000,-0.006700,-0.223961,0.000000,-0.004020,-10.917341,0.000000,-0.005360,-0.058291,0.000000,-0.010720,0.152055,-1.678883,9.621942,0.046871,-0.064980,-0.038350
12.020315,2039.698622,-1.236389,0.000000,-0.006700,-0.223961,0.000000,-0.004020,-10.917341,0.000000,-0.005360,-0.058291,0.000000,-0.010720,0.152055,-1.663384,9.611249,0.035154,-0.064980,-0.039415
12.030392,2039.708132,-1.234855,0.000000,-0.006700,-0.223961,0.000000,-0.004020,-10.917341,0.000000,-0.005360,-0.059825,0.000000,-0.010720,0.162846,-1.732838,9.601636,0.020241,-0.064980,-0.041546
12.040089,2039.717541,-1.236389,0.000000,-0.006700,-0.223961,0.000000,-0.004020,-10.917341,0.000000,-0.005360,-0.058291,0.000000,-0.010720,0.137732,-1.698111,9.637540,0.049002,-0.063916,-0.036219
12.050237,2039.726999,-1.236389,0.000000,-0.006700,-0.223961,0.000000,-0.004020,-10.917341,0.000000,-0.005360,-0.058291,0.000000,-0.010720,0.174814,-1.620220,9.632733,0.046871,-0.064980,-0.038350
12.060141,2039.736819,-1.234855,0.000000,-0.006700,-0.223961,0.000000,-0.004020,-10.917341,0.000000,-0.005360,-0.058291,0.000000,-0.010720,0.184428,-1.722047,9.606442,0.011718,-0.064980,-0.037284
12.070268,2039.746198,-1.234855,0.000000,-0.006700,-0.223961,0.000000,-0.004020,-10.917341,0.000000,-0.005360,-0.058291,0.000000,-0.010720,0.177267,-1.716063,9.603990,0.039415,-0.064980,-0.035154
12.080599,2039.755554,-1.236389,0.000000,-0.006700,-0.223961,0.000000,-0.004020,-10.917341,0.000000,-0.005360,-0.058291,0.000000,-0.010720,0.167653,-1.587945,9.621942,0.067111,-0.066047,-0.039415
12.090368,2039.765221,-1.236389,0.000000,-0.006700,-0.223961,0.000000,-0.004020,-10.917341,0.000000,-0.005360,-0.058291,0.000000,-0.010720,0.141264,-1.621397,9.648331,0.042610,-0.063916,-0.035154
12.100222,2039.774656,-1.236389,0.000000,-0.006700,-0.223961,0.000000,-0.004020,-10.917341,0.000000,-0.005360,-0.058291,0.000000,-0.010720,0.159314,-1.728032,9.605265,-0.006391,-0.066047,-0.037284
12.110802,2039.784307,-1.236389,0.000000,-0.006700,-0.223961,0.000000,-0.004020,-10.917341,0.000000,-0.005360,-0.058291,0.000000,-0.010720,0.148523,-1.682513,9.620765,0.022370,-0.066047,-0.033023
12.120358,2039.793936,-1.234855,0.000000,-0.006700,-0.223961,0.000000,-0.004020,-10.917341,0.000000,-0.005360,-0.058291,0.000000,-0.010720,0.135280,-1.639349,9.642347,0.047937,-0.063916,-0.029828
12.130189,2039.803601,-1.236389,0.000000,-0.006700,-0.223961,0.000000,-0.004020,-10.917341,0.000000,-0.005360,-0.058291,0.000000,-0.010720,0.155685,-1.668092,9.614781,0.017045,-0.064980,-0.036219
12.140493,2039.822460,-1.236389,0.000000,-0.006700,-0.223961,0.000000,-0.004020,-10.917341,0.000000,-0.005360,-0.058291,0.000000,-0.010720,0.172460,-1.658577,9.618411,0.044742,-0.062851,-0.036219
12.150054,2039.831939,-1.234855,0.000000,-0.006700,-0.223961,0.000000,-0.004020,-10.917341,0.000000,-0.005360,-0.058291,0.000000,-0.010720,0.171283,-1.626204,9.630379,0.049002,-0.063916,-0.035154
12.160647,2039.841514,-1.236389,0.000000,-0.006700,-0.223961,0.000000,-0.004020,-10.917341,0.000000,-0.005360,-0.058291,0.000000,-0.010720,0.167653,-1.654947,9.621942,0.027697,-0.064980,-0.036219
12.170314,2039.851208,-1.234855,0.000000,-0.006700,-0.223961,0.000000,-0.004020,-10.917341,0.000000,-0.005360,-0.058291,0.000000,-0.010720,0.167653,-1.704095,9.621942,0.012783,-0.066047,-0.038350
12.180181,2039.860847,-1.236389,0.000000,-0.006700,-0.223961,0.000000,-0.004020,-10.917341,0.000000,-0.005360,-0.058291,0.000000,-0.010720,0.154508,-1.707627,9.614781,0.030892,-0.064980,-0.037284
12.190063,2039.870477,-1.236389,0.000000,-0.006700,-0.223961,0.000000,-0.004020,-10.917341,0.000000,-0.005360,-0.058291,0.000000,-0.010720,0.154508,-1.682513,9.617234,0.041546,-0.064980,-0.036219
12.200326,2039.879962,-1.236389,0.000000,-0.006700,-0.223961,0.000000,-0.004020,-10.917341,0.000000,-0.005360,-0.058291,0.000000,-0.010720,0.164023,-1.692127,9.613604,0.036219,-0.063916,-0.036219
12.210258,2039.889278,-1.236389,0.000000,-0.006700,-0.223961,0.000000,-0.004020,-10.917341,0.000000,-0.005360,-0.058291,0.000000,-0.010720,0.152055,-1.705272,9.608797,0.024501,-0.064980,-0.036219
12.220141,2039.899093,-1.236389,0.000000,-0.006700,-0.223961,0.000000,-0.004020,-10.917341,0.000000,-0.005360,-0.058291,0.000000,-0.010720,0.159314,-1.706449,9.612427,0.024501,-0.066047,-0.037284
12.230273,2039.908532,-1.236389,0.000000,-0.006700,-0.223961,0.000000,-0.004020,-10.917341,0.000000,-0.005360,-0.058291,0.000000,-0.010720,0.167653,-1.672899,9.613604,0.040479,-0.064980,-0.037284
12.240393,2039.918024,-1.236389,0.000000,-0.006700,-0.223961,0.000000,-0.004020,-10.917341,0.000000,-0.005360,-0.058291,0.000000,-0.010720,0.170007,-1.660931,9.636363,0.041546,-0.063916,-0.036219
12.250463,2039.927759,-1.236389,0.000000,-0.006700,-0.223961,0.000000,-0.004020,-10.917341,0.000000,-0.005360,-0.058291,0.000000,-0.010720,0.185605,-1.677706,9.623218,0.023436,-0.064980,-0.037284
12.260519,2039.937021,-1.234855,0.000000,-0.006700,-0.223961,0.000000,-0.004020,-10.917341,0.000000,-0.005360,-0.058291,0.000000,-0.010720,0.185605,-1.708804,9.602813,0.021305,-0.064980,-0.036219
12.270324,2039.946561,-1.236389,0.000000,-0.006700,-0.223961,0.000000,-0.004020,-10.917341,0.000000,-0.005360,-0.058291,0.000000,-0.010720,0.154508,-1.684868,9.624395,0.039415,-0.063916,-0.037284
12.280596,2039.956305,-1.234855,0.000000,-0.006700,-0.223961,0.000000,-0.004020,-10.917341,0.000000,-0.005360,-0.058291,0.000000,-0.010720,0.150878,-1.660931,9.621942,0.040479,-0.063916,-0.036219
12.290411,2039.965642,-1.236389,0.000000,-0.006700,-0.223961,0.000000,-0.004020,-10.917341,0.000000,-0.005360,-0.058291,0.000000,-0.010720,0.149701,-1.681336,9.617234,0.024501,-0.064980,-0.037284
12.300285,2039.975232,-1.236389,0.000000,-0.006700,-0.223961,0.000000,-0.004020,-10.917341,0.000000,-0.005360,-0.058291,0.000000,-0.010720,0.146071,-1.689674,9.612427,0.021305,-0.064980,-0.038350
12.310351,2039.985018,-1.236389,0.000000,-0.006700,-0.223961,0.000000,-0.004020,-10.917341,0.000000,-0.005360,-0.058291,0.000000,-0.010720,0.149701,-1.684868,9.623218,0.035154,-0.066047,-0.036219
12.320154,2039.994445,-1.236389,0.000000,-0.006700,-0.223961,0.000000,-0.004020,-10.917341,0.000000,-0.005360,-0.058291,0.000000,-0.010720,0.156862,-1.641802,9.636363,0.044742,-0.063916,-0.036219
12.330549,2040.004112,-1.236389,0.000000,-0.006700,-0.223961,0.000000,-0.004020,-10.917341,0.000000,-0.005360,-0.058291,0.000000,-0.010720,0.171283,-1.640624,9.624395,0.033023,-0.064980,-0.037284
12.340369,2040.023017,-1.236389,0.000000,-0.006700,-0.223961,0.000000,-0.004020,-10.917341,0.000000,-0.005360,-0.058291,0.000000,-0.010720,0.156862,-1.662108,9.629202,0.028761,-0.064980,-0.035154
12.350208,2040.032703,-1.236389,0.000000,-0.006700,-0.223961,0.000000,-0.004020,-10.917341,0.000000,-0.005360,-0.058291,0.000000,-0.010720,0.159314,-1.680061,9.635186,0.030892,-0.063916,-0.034088
12.360276,2040.042286,-1.234855,0.000000,-0.006700,-0.223961,0.000000,-0.004020,-10.917341,0.000000,-0.005360,-0.058291,0.000000,-0.010720,0.150878,-1.671722,9.625572,0.027697,-0.064980,-0.035154
12.370488,2040.051653,-1.236389,0.000000,-0.006700,-0.223961,0.000000,-0.004020,-10.917341,0.000000,-0.005360,-0.058291,0.000000,-0.010720,0.158039,-1.677706,9.620765,0.025566,-0.064980,-0.037284
12.380448,2040.061185,-1.236389,0.000000,-0.006700,-0.223961,0.000000,-0.004020,-10.917341,0.000000,-0.005360,-0.058291,0.000000,-0.010720,0.162846,-1.689674,9.613604,0.031959,-0.066047,-0.036219
12.390287,2040.070851,-1.234855,0.000000,-0.006700,-0.223961,0.000000,-0.004020,-10.917341,0.000000,-0.005360,-0.058291,0.000000,-0.010720,0.159314,-1.696836,9.617234,0.034088,-0.064980,-0.037284
12.400092,2040.080268,-1.236389,0.000000,-0.006700,-0.223961,0.000000,-0.004020,-10.917341,0.000000,-0.005360,-0.058291,0.000000,-0.010720,0.168830,-1.701643,9.628025,0.031959,-0.064980,-0.037284
12.410153,2040.090050,-1.234855,0.000000,-0.006700,-0.223961,0.000000,-0.004020,-10.917341,0.000000,-0.005360,-0.058291,0.000000,-0.010720,0.158039,-1.690852,9.620765,0.028761,-0.066047,-0.035154
12.420409,2040.099416,-1.236389,0.000000,-0.006700,-0.223961,0.000000,-0.004020,-10.917341,0.000000,-0.005360,-0.058291,0.000000,-0.010720,0.183251,-1.694481,9.617234,0.028761,-0.064980,-0.036219
12.430475,2040.109035,-1.234855,0.000000,-0.006700,-0.223961,0.000000,-0.004020,-10.917341,0.000000,-0.005360,-0.058291,0.000000,-0.010720,0.177267,-1.693304,9.623218,0.031959,-0.066047,-0.035154
12.440280,2040.118549,-1.236389,0.000000,-0.006700,-0.223961,0.000000,-0.004020,-10.917341,0.000000,-0.005360,-0.058291,0.000000,-0.010720,0.170007,-1.670545,9.623218,0.034088,-0.064980,-0.035154
12.450740,2040.128114,-1.236389,0.000000,-0.006700,-0.223961,0.000000,-0.004020,-10.917341,0.000000,-0.005360,-0.058291,0.000000,-0.010720,0.170007,-1.682513,9.614781,0.033023,-0.064980,-0.038350
12.460691,2040.137800,-1.236389,0.000000,-0.006700,-0.223961,0.000000,-0.004020,-10.917341,0.000000,-0.005360,-0.058291,0.000000,-0.010720,0.166476,-1.680061,9.613604,0.033023,-0.066047,-0.036219
12.470425,2040.147280,-1.236389,0.000000,-0.006700,-0.223961,0.000000,-0.004020,-10.917341,0.000000,-0.005360,-0.058291,0.000000,-0.010720,0.150878,-1.678883,9.620765,0.031959,-0.063916,-0.036219
12.480548,2040.156907,-1.236389,0.000000,-0.006700,-0.223961,0.000000,-0.004020,-10.917341,0.000000,-0.005360,-0.058291,0.000000,-0.010720,0.155685,-1.668092,9.620765,0.031959,-0.063916,-0.036219
12.490347,2040.166361,-1.236389,0.000000,-0.006700,-0.223961,0.000000,-0.004020,-10.917341,0.000000,-0.005360,-0.058291,0.000000,-0.010720,0.149701,-1.656124,9.647154,0.033023,-0.063916,-0.037284
12.500327,2040.176114,-1.236389,0.000000,-0.006700,-0.223961,0.000000,-0.004020,-10.917341,0.000000,-0.005360,-0.058291,0.000000,-0.010720,0.146071,-1.654947,9.637540,0.029828,-0.066047,-0.037284
12.510677,2040.185421,-1.236389,0.000000,-0.006700,-0.223961,0.000000,-0.004020,-10.917341,0.000000,-0.005360,-0.058291,0.000000,-0.010720,0.161669,-1.657399,9.623218,0.029828,-0.064980,-0.036219
12.520137,2040.195027,-1.236389,0.000000,-0.006700,-0.223961,0.000000,-0.004020,-10.917341,0.000000,-0.005360,-0.058291,0.000000,-0.010720,0.161669,-1.650140,9.621942,0.033023,-0.066047,-0.036219
12.530600,2040.204582,-1.236389,0.000000,-0.006700,-0.223961,0.000000,-0.004020,-10.917341,0.000000,-0.005360,-0.058291,0.000000,-0.010720,0.158039,-1.636995,9.625572,0.033023,-0.064980,-0.037284
12.540482,2040.214048,-1.236389,0.000000,-0.006700,-0.223961,0.000000,-0.004020,-10.917341,0.000000,-0.005360,-0.058291,0.000000,-0.010720,0.153330,-1.653770,9.626749,0.029828,-0.063916,-0.036219
12.550383,2040.233038,-1.234855,0.000000,-0.006700,-0.223961,0.000000,-0.004020,-10.917341,0.000000,-0.005360,-0.058291,0.000000,-0.010720,0.154508,-1.666915,9.612427,0.030892,-0.064980,-0.035154
12.560173,2040.242806,-1.236389,0.000000,-0.006700,-0.223961,0.000000,-0.004020,-10.917341,0.000000,-0.005360,-0.058291,0.000000,-0.010720,0.135280,-1.659754,9.645977,0.029828,-0.064980,-0.033023
12.570465,2040.252234,-1.236389,0.000000,-0.006700,-0.223961,0.000000,-0.004020,-10.917341,0.000000,-0.005360,-0.058291,0.000000,-0.010720,0.147248,-1.699288,9.644702,0.019174,-0.066047,-0.034088
12.580532,2040.262041,-1.236389,0.000000,-0.006700,-0.223961,0.000000,-0.004020,-10.917341,0.000000,-0.005360,-0.058291,0.000000,-0.010720,0.149701,-1.690852,9.617234,0.019174,-0.064980,-0.033023
12.590351,2040.271323,-1.236389,0.000000,-0.006700,-0.223961,0.000000,-0.004020,-10.917341,0.000000,-0.005360,-0.058291,0.000000,-0.010720,0.149701,-1.690852,9.636363,0.018110,-0.064980,-0.034088
12.600399,2040.280860,-1.236389,0.000000,-0.006700,-0.223961,0.000000,-0.004020,-10.917341,0.000000,-0.005360,-0.058291,0.000000,-0.010720,0.183251,-1.734016,9.619588,0.018110,-0.066047,-0.036219
12.610167,2040.290340,-1.234855,0.000000,-0.006700,-0.223961,0.000000,-0.004020,-10.917341,0.000000,-0.005360,-0.058291,0.000000,-0.010720,0.204735,-1.621397,9.607620,0.052198,-0.064980,-0.036219
12.620124,2040.300229,-1.234855,0.000000,-0.006700,-0.223961,0.000000,-0.004020,-10.917341,0.000000,-0.005360,-0.058291,0.000000,-0.010720,0.172460,-1.647786,9.624395,0.047937,-0.064980,-0.035154
12.630614,2040.309705,-1.236389,0.000000,-0.006700,-0.223961,0.000000,-0.004020,-10.917341,0.000000,-0.005360,-0.058291,0.000000,-0.010720,0.150878,-1.780711,9.625572,0.014914,-0.064980,-0.038350
12.640550,2040.319130,-1.236389,0.000000,-0.006700,-0.223961,0.000000,-0.004020,-10.917341,0.000000,-0.005360,-0.058291,0.000000,-0.010720,0.197573,-1.669368,9.588490,0.037284,-0.064980,-0.044742
12.650362,2040.328802,-1.236389,0.000000,-0.006700,-0.223961,0.000000,-0.004020,-10.917341,0.000000,-0.005360,-0.058291,0.000000,-0.010720,0.144894,-1.666915,9.626749,0.045806,-0.063916,-0.036219
12.660074,2040.338324,-1.236389,0.000000,-0.006700,-0.223961,0.000000,-0.004020,-10.917341,0.000000,-0.005360,-0.058291,0.000000,-0.010720,0.128119,-1.717241,9.630379,0.033023,-0.064980,-0.033023
12.670289,2040.347799,-1.236389,0.000000,-0.006700,-0.223961,0.000000,-0.004020,-10.917341,0.000000,-0.005360,-0.058291,0.000000,-0.010720,0.175991,-1.690852,9.602813,0.019174,-0.066047,-0.042610
12.680619,2040.357534,-1.234855,0.000000,-0.006700,-0.223961,0.000000,-0.004020,-10.917341,0.000000,-0.005360,-0.058291,0.000000,-0.010720,0.154508,-1.690852,9.619588,0.043675,-0.064980,-0.035154
12.690356,2040.366799,-1.236389,0.000000,-0.006700,-0.223961,0.000000,-0.004020,-10.917341,0.000000,-0.005360,-0.058291,0.000000,-0.010720,0.171283,-1.639349,9.624395,0.042610,-0.062851,-0.036219
12.700448,2040.376486,-1.234855,0.000000,-0.006700,-0.223961,0.000000,-0.004020,-10.917341,0.000000,-0.005360,-0.058291,0.000000,-0.010720,0.183251,-1.658577,9.628025,0.028761,-0.064980,-0.037284
12.710204,2040.385916,-1.236389,0.000000,-0.006700,-0.223961,0.000000,-0.004020,-10.917341,0.000000,-0.005360,-0.058291,0.000000,-0.010720,0.162846,-1.671722,9.609974,0.022370,-0.064980,-0.033023
12.720331,2040.395566,-1.234855,0.000000,-0.006700,-0.223961,0.000000,-0.004020,-10.917341,0.000000,-0.005360,-0.058291,0.000000,-0.010720,0.173637,-1.700465,9.614781,0.017045,-0.064980,-0.037284
12.730533,2040.405175,-1.234855,0.000000,-0.006700,-0.223961,0.000000,-0.004020,-10.917341,0.000000,-0.005360,-0.058291,0.000000,-0.010720,0.148523,-1.678883,9.615958,0.035154,-0.066047,-0.037284
12.740364,2040.414801,-1.234855,0.000000,-0.006700,-0.223961,0.000000,-0.004020,-10.917341,0.000000,-0.005360,-0.058291,0.000000,-0.010720,0.130571,-1.657399,9.630379,0.043675,-0.064980,-0.039415
12.750442,2040.433561,-1.234855,0.000000,-0.006700,-0.223961,0.000000,-0.004020,-10.917341,0.000000,-0.005360,-0.058291,0.000000,-0.010720,0.146071,-1.677706,9.607620,0.030892,-0.064980,-0.036219
12.760329,2040.443390,-1.236389,0.000000,-0.006700,-0.223961,0.000000,-0.004020,-10.917341,0.000000,-0.005360,-0.058291,0.000000,-0.010720,0.166476,-1.671722,9.614781,0.030892,-0.064980,-0.035154
12.770416,2040.452687,-1.234855,0.000000,-0.006700,-0.223961,0.000000,-0.004020,-10.917341,0.000000,-0.005360,-0.058291,0.000000,-0.010720,0.179621,-1.653770,9.619588,0.035154,-0.064980,-0.034088
12.780135,2040.462406,-1.234855,0.000000,-0.006700,-0.223961,0.000000,-0.004020,-10.917341,0.000000,-0.005360,-0.058291,0.000000,-0.010720,0.191589,-1.648963,9.603990,0.027697,-0.066047,-0.036219
12.790347,2040.471988,-1.236389,0.000000,-0.006700,-0.223961,0.000000,-0.004020,-10.917341,0.000000,-0.005360,-0.058291,0.000000,-0.010720,0.183251,-1.682513,9.596829,0.024501,-0.066047,-0.034088
12.800192,2040.481565,-1.236389,0.000000,-0.006700,-0.223961,0.000000,-0.004020,-10.917341,0.000000,-0.005360,-0.058291,0.000000,-0.010720,0.159314,-1.687320,9.611249,0.027697,-0.064980,-0.035154
12.810469,2040.490936,-1.236389,0.000000,-0.006700,-0.223961,0.000000,-0.004020,-10.917341,0.000000,-0.005360,-0.058291,0.000000,-0.010720,0.138910,-1.677706,9.606442,0.030892,-0.064980,-0.038350
12.820481,2040.500665,-1.236389,0.000000,-0.006700,-0.223961,0.000000,-0.004020,-10.917341,0.000000,-0.005360,-0.058291,0.000000,-0.010720,0.140087,-1.671722,9.623218,0.038350,-0.064980,-0.036219
12.830322,2040.509986,-1.234855,0.000000,-0.006700,-0.223961,0.000000,-0.004020,-10.917341,0.000000,-0.005360,-0.058291,0.000000,-0.010720,0.138910,-1.662108,9.620765,0.034088,-0.066047,-0.037284
12.840540,2040.519635,-1.236389,0.000000,-0.006700,-0.223961,0.000000,-0.004020,-10.917341,0.000000,-0.005360,-0.058291,0.000000,-0.010720,0.144894,-1.687320,9.609974,0.027697,-0.064980,-0.036219
12.850400,2040.529380,-1.236389,0.000000,-0.006700,-0.223961,0.000000,-0.004020,-10.917341,0.000000,-0.005360,-0.058291,0.000000,-0.010720,0.156862,-1.678883,9.606442,0.030892,-0.063916,-0.036219
12.860278,2040.538798,-1.236389,0.000000,-0.006700,-0.223961,0.000000,-0.004020,-10.917341,0.000000,-0.005360,-0.058291,0.000000,-0.010720,0.160492,-1.622672,9.607620,0.034088,-0.066047,-0.034088
12.870404,2040.548216,-1.236389,0.000000,-0.006700,-0.223961,0.000000,-0.004020,-10.917341,0.000000,-0.005360,-0.058291,0.000000,-0.010720,0.140087,-1.692127,9.691495,0.025566,-0.061785,-0.029828
12.880357,2040.558071,-1.234855,0.000000,-0.006700,-0.223961,0.000000,-0.004020,-10.917341,0.000000,-0.005360,-0.058291,0.000000,-0.010720,0.216703,-1.801018,9.560924,-0.003196,-0.063916,-0.039415
12.890286,2040.567457,-1.236389,0.000000,-0.006700,-0.223961,0.000000,-0.004020,-10.917341,0.000000,-0.005360,-0.058291,0.000000,-0.010720,0.238285,-1.543603,9.589667,0.055393,-0.066047,-0.039415
12.900121,2040.576906,-1.234855,0.000000,-0.006700,-0.223961,0.000000,-0.004020,-10.917341,0.000000,-0.005360,-0.058291,0.000000,-0.010720,0.170007,-1.688497,9.632733,0.040479,-0.064980,-0.030892
12.910315,2040.586653,-1.236389,0.000000,-0.006700,-0.223961,0.000000,-0.004020,-10.917341,0.000000,-0.005360,-0.058291,0.000000,-0.010720,0.098198,-1.812986,9.649508,0.007456,-0.063916,-0.035154
12.920371,2040.595926,-1.236389,0.000000,-0.006700,-0.223961,0.000000,-0.004020,-10.917341,0.000000,-0.005360,-0.058291,0.000000,-0.010720,0.197573,-1.607074,9.575247,0.034088,-0.067111,-0.047937
12.930289,2040.605839,-1.234855,0.000000,-0.006700,-0.223961,0.000000,-0.004020,-10.917341,0.000000,-0.005360,-0.058291,0.000000,-0.010720,0.126941,-1.698111,9.615958,0.053264,-0.062851,-0.034088
12.940368,2040.614986,-1.236389,0.000000,-0.006700,-0.223961,0.000000,-0.004020,-10.917341,0.000000,-0.005360,-0.058291,0.000000,-0.010720,0.140087,-1.683690,9.620765,0.047937,-0.063916,-0.029828
12.950379,2040.624806,-1.234855,0.000000,-0.006700,-0.223961,0.000000,-0.004020,-10.917341,0.000000,-0.005360,-0.058291,0.000000,-0.010720,0.202380,-1.660931,9.612427,0.009587,-0.064980,-0.042610
12.960739,2040.643687,-1.234855,0.000000,-0.006700,-0.223961,0.000000,-0.004020,-10.917341,0.000000,-0.005360,-0.058291,0.000000,-0.010720,0.195219,-1.671722,9.589667,0.027697,-0.066047,-0.038350
12.970146,2040.653373,-1.236389,0.000000,-0.006700,-0.223961,0.000000,-0.004020,-10.917341,0.000000,-0.005360,-0.058291,0.000000,-0.010720,0.191589,-1.625026,9.632733,0.050068,-0.063916,-0.034088
12.980588,2040.662917,-1.236389,0.000000,-0.006700,-0.223961,0.000000,-0.004020,-10.917341,0.000000,-0.005360,-0.058291,0.000000,-0.010720,0.161669,-1.670545,9.635186,0.030892,-0.064980,-0.031959
12.990249,2040.672486,-1.236389,0.000000,-0.006700,-0.223961,0.000000,-0.004020,-10.917341,0.000000,-0.005360,-0.058291,0.000000,-0.010720,0.186782,-1.740000,9.586038,-0.004260,-0.067111,-0.041546
13.000497,2040.681839,-1.234855,0.000000,-0.006700,-0.223961,0.000000,-0.004020,-10.917341,0.000000,-0.005360,-0.058291,0.000000,-0.010720,0.138910,-1.696836,9.628025,0.047937,-0.063916,-0.036219
13.010332,2040.691570,-1.236389,0.000000,-0.006700,-0.223961,0.000000,-0.004020,-10.917341,0.000000,-0.005360,-0.058291,0.000000,-0.010720,0.124587,-1.617865,9.632733,0.058589,-0.064980,-0.036219
13.020343,2040.701169,-1.234855,0.000000,-0.006700,-0.223961,0.000000,-0.004020,-10.917341,0.000000,-0.005360,-0.058291,0.000000,-0.010720,0.147248,-1.652593,9.596829,0.019174,-0.066047,-0.036219
13.030197,2040.710749,-1.236389,0.000000,-0.006700,-0.223961,0.000000,-0.004020,-10.917341,0.000000,-0.005360,-0.058291,0.000000,-0.010720,0.154508,-1.726854,9.588490,0.008522,-0.064980,-0.031959
13.040321,2040.720381,-1.236389,0.000000,-0.006700,-0.223961,0.000000,-0.004020,-10.917341,0.000000,-0.005360,-0.059825,0.000000,-0.010720,0.172460,-1.692127,9.606442,0.026632,-0.063916,-0.036219
13.050428,2040.729605,-1.236389,0.000000,-0.006700,-0.223961,0.000000,-0.004020,-10.917341,0.000000,-0.005360,-0.058291,0.000000,-0.010720,0.168830,-1.640624,9.619588,0.050068,-0.064980,-0.038350
13.060449,2040.739443,-1.236389,0.000000,-0.006700,-0.223961,0.000000,-0.004020,-10.917341,0.000000,-0.005360,-0.058291,0.000000,-0.010720,0.168830,-1.632188,9.624395,0.040479,-0.064980,-0.037284
13.070093,2040.748688,-1.236389,0.000000,-0.006700,-0.223961,0.000000,-0.004020,-10.917341,0.000000,-0.005360,-0.058291,0.000000,-0.010720,0.178444,-1.670545,9.596829,0.022370,-0.064980,-0.037284
13.080733,2040.758319,-1.236389,0.000000,-0.006700,-0.223961,0.000000,-0.004020,-10.917341,0.000000,-0.005360,-0.058291,0.000000,-0.010720,0.152055,-1.707627,9.606442,0.020241,-0.064980,-0.035154
13.090190,2040.767906,-1.234855,0.000000,-0.006700,-0.223961,0.000000,-0.004020,-10.917341,0.000000,-0.005360,-0.058291,0.000000,-0.010720,0.144894,-1.696836,9.607620,0.030892,-0.064980,-0.037284
13.100250,2040.777448,-1.236389,0.000000,-0.006700,-0.223961,0.000000,-0.004020,-10.917341,0.000000,-0.005360,-0.058291,0.000000,-0.010720,0.136555,-1.669368,9.608797,0.039415,-0.066047,-0.037284
13.110480,2040.787130,-1.236389,0.000000,-0.006700,-0.223961,0.000000,-0.004020,-10.917341,0.000000,-0.005360,-0.058291,0.000000,-0.010720,0.144894,-1.666915,9.606442,0.029828,-0.064980,-0.036219
13.120468,2040.796423,-1.236389,0.000000,-0.006700,-0.223961,0.000000,-0.004020,-10.917341,0.000000,-0.005360,-0.058291,0.000000,-0.010720,0.160492,-1.687320,9.608797,0.020241,-0.064980,-0.036219
13.130370,2040.806093,-1.234855,0.000000,-0.006700,-0.223961,0.000000,-0.004020,-10.917341,0.000000,-0.005360,-0.058291,0.000000,-0.010720,0.167653,-1.699288,9.611249,0.034088,-0.063916,-0.037284
13.140601,2040.815861,-1.234855,0.000000,-0.006700,-0.223961,0.000000,-0.004020,-10.917341,0.000000,-0.005360,-0.058291,0.000000,-0.010720,0.189235,-1.634640,9.607620,0.044742,-0.066047,-0.035154
13.150136,2040.825406,-1.236389,0.000000,-0.006700,-0.223961,0.000000,-0.004020,-10.917341,0.000000,-0.005360,-0.058291,0.000000,-0.010720,0.179621,-1.634640,9.618411,0.031959,-0.066047,-0.037284
13.160783,2040.834725,-1.234855,0.000000,-0.006700,-0.223961,0.000000,-0.004020,-10.917341,0.000000,-0.005360,-0.058291,0.000000,-0.010720,0.190412,-1.689674,9.609974,0.020241,-0.066047,-0.036219
13.170294,2040.844427,-1.234855,0.000000,-0.006700,-0.223961,0.000000,-0.004020,-10.917341,0.000000,-0.005360,-0.058291,0.000000,-0.010720,0.167653,-1.677706,9.600458,0.027697,-0.064980,-0.035154
13.180334,2040.853829,-1.234855,0.000000,-0.006700,-0.223961,0.000000,-0.004020,-10.917341,0.000000,-0.005360,-0.058291,0.000000,-0.010720,0.155685,-1.674076,9.605265,0.034088,-0.064980,-0.036219
13.190156,2040.863657,-1.236389,0.000000,-0.006700,-0.223961,0.000000,-0.004020,-10.917341,0.000000,-0.005360,-0.058291,0.000000,-0.010720,0.146071,-1.687320,9.613604,0.028761,-0.063916,-0.037284
13.200563,2040.882707,-1.234855,0.000000,-0.006700,-0.223961,0.000000,-0.004020,-10.917341,0.000000,-0.005360,-0.058291,0.000000,-0.010720,0.155685,-1.672899,9.613604,0.035154,-0.063916,-0.036219
13.210429,2040.891941,-1.234855,0.000000,-0.006700,-0.223961,0.000000,-0.004020,-10.917341,0.000000,-0.005360,-0.058291,0.000000,-0.010720,0.150878,-1.680061,9.605265,0.033023,-0.063916,-0.036219
13.220361,2040.901782,-1.236389,0.000000,-0.006700,-0.223961,0.000000,-0.004020,-10.917341,0.000000,-0.005360,-0.058291,0.000000,-0.010720,0.159314,-1.696836,9.608797,0.024501,-0.064980,-0.036219
13.230827,2040.911011,-1.236389,0.000000,-0.006700,-0.223961,0.000000,-0.004020,-10.917341,0.000000,-0.005360,-0.058291,0.000000,-0.010720,0.162846,-1.686143,9.611249,0.029828,-0.063916,-0.036219
13.240404,2040.920750,-1.234855,0.000000,-0.006700,-0.223961,0.000000,-0.004020,-10.917341,0.000000,-0.005360,-0.058291,0.000000,-0.010720,0.183251,-1.669368,9.601636,0.034088,-0.063916,-0.036219
13.250305,2040.930340,-1.236389,0.000000,-0.006700,-0.223961,0.000000,-0.004020,-10.917341,0.000000,-0.005360,-0.058291,0.000000,-0.010720,0.179621,-1.666915,9.606442,0.033023,-0.063916,-0.035154
13.260088,2040.939725,-1.236389,0.000000,-0.006700,-0.223961,0.000000,-0.004020,-10.917341,0.000000,-0.005360,-0.058291,0.000000,-0.010720,0.178444,-1.670545,9.598006,0.028761,-0.064980,-0.036219
13.270377,2040.949281,-1.236389,0.000000,-0.006700,-0.223961,0.000000,-0.004020,-10.917341,0.000000,-0.005360,-0.058291,0.000000,-0.010720,0.172460,-1.699288,9.596829,0.026632,-0.066047,-0.037284
13.280081,2040.958866,-1.236389,0.000000,-0.006700,-0.223961,0.000000,-0.004020,-10.917341,0.000000,-0.005360,-0.058291,0.000000,-0.010720,0.152055,-1.683690,9.612427,0.036219,-0.064980,-0.035154
13.290340,2040.968667,-1.236389,0.000000,-0.006700,-0.223961,0.000000,-0.004020,-10.917341,0.000000,-0.005360,-0.058291,0.000000,-0.010720,0.156862,-1.672899,9.605265,0.033023,-0.066047,-0.036219
13.300731,2040.978037,-1.234855,0.000000,-0.006700,-0.223961,0.000000,-0.004020,-10.917341,0.000000,-0.005360,-0.058291,0.000000,-0.010720,0.148523,-1.684868,9.611249,0.027697,-0.064980,-0.036219
13.310572,2040.987708,-1.234855,0.000000,-0.006700,-0.223961,0.000000,-0.004020,-10.917341,0.000000,-0.005360,-0.058291,0.000000,-0.010720,0.162846,-1.689674,9.593297,0.026632,-0.064980,-0.036219
13.320276,2040.996980,-1.236389,0.000000,-0.006700,-0.223961,0.000000,-0.004020,-10.917341,0.000000,-0.005360,-0.058291,0.000000,-0.010720,0.167653,-1.686143,9.590845,0.031959,-0.064980,-0.037284
13.330408,2041.006622,-1.236389,0.000000,-0.006700,-0.223961,0.000000,-0.004020,-10.917341,0.000000,-0.005360,-0.058291,0.000000,-0.010720,0.174814,-1.660931,9.614781,0.039415,-0.064980,-0.037284
13.340332,2041.016208,-1.236389,0.000000,-0.006700,-0.223961,0.000000,-0.004020,-10.917341,0.000000,-0.005360,-0.058291,0.000000,-0.010720,0.172460,-1.639349,9.613604,0.031959,-0.062851,-0.038350
13.350262,2041.025774,-1.236389,0.000000,-0.006700,-0.223961,0.000000,-0.004020,-10.917341,0.000000,-0.005360,-0.058291,0.000000,-0.010720,0.172460,-1.657399,9.619588,0.028761,-0.063916,-0.036219
13.360492,2041.035303,-1.236389,0.000000,-0.006700,-0.223961,0.000000,-0.004020,-10.917341,0.000000,-0.005360,-0.058291,0.000000,-0.010720,0.164023,-1.668092,9.600458,0.030892,-0.063916,-0.036219
13.370116,2041.044980,-1.236389,0.000000,-0.006700,-0.223961,0.000000,-0.004020,-10.917341,0.000000,-0.005360,-0.058291,0.000000,-0.010720,0.158039,-1.669368,9.602813,0.029828,-0.064980,-0.036219
13.380480,2041.054584,-1.236389,0.000000,-0.006700,-0.223961,0.000000,-0.004020,-10.917341,0.000000,-0.005360,-0.059825,0.000000,-0.010720,0.150878,-1.677706,9.599281,0.030892,-0.064980,-0.035154
13.390412,2041.063909,-1.236389,0.000000,-0.006700,-0.223961,0.000000,-0.004020,-10.917341,0.000000,-0.005360,-0.058291,0.000000,-0.010720,0.148523,-1.681336,9.609974,0.028761,-0.066047,-0.037284
13.400395,2041.083138,-1.234855,0.000000,-0.006700,-0.223961,0.000000,-0.004020,-10.917341,0.000000,-0.005360,-0.058291,0.000000,-0.010720,0.154508,-1.684868,9.612427,0.033023,-0.063916,-0.034088
13.410684,2041.092792,-1.236389,0.000000,-0.006700,-0.223961,0.000000,-0.004020,-10.917341,0.000000,-0.005360,-0.058291,0.000000,-0.010720,0.171283,-1.671722,9.602813,0.029828,-0.064980,-0.037284
13.420349,2041.102135,-1.234855,0.000000,-0.006700,-0.223961,0.000000,-0.004020,-10.917341,0.000000,-0.005360,-0.058291,0.000000,-0.010720,0.172460,-1.672899,9.617234,0.027697,-0.064980,-0.037284
13.430383,2041.111785,-1.236389,0.000000,-0.006700,-0.223961,0.000000,-0.004020,-10.917341,0.000000,-0.005360,-0.058291,0.000000,-0.010720,0.181976,-1.671722,9.596829,0.030892,-0.063916,-0.036219
13.440113,2041.121284,-1.234855,0.000000,-0.006700,-0.223961,0.000000,-0.004020,-10.917341,0.000000,-0.005360,-0.058291,0.000000,-0.010720,0.174814,-1.680061,9.607620,0.027697,-0.064980,-0.036219
13.450524,2041.130793,-1.236389,0.000000,-0.006700,-0.223961,0.000000,-0.004020,-10.917341,0.000000,-0.005360,-0.058291,0.000000,-0.010720,0.164023,-1.692127,9.612427,0.029828,-0.063916,-0.036219
13.460502,2041.140463,-1.236389,0.000000,-0.006700,-0.223961,0.000000,-0.004020,-10.917341,0.000000,-0.005360,-0.058291,0.000000,-0.010720,0.168830,-1.686143,9.605265,0.028761,-0.066047,-0.037284
13.470156,2041.149842,-1.236389,0.000000,-0.006700,-0.223961,0.000000,-0.004020,-10.917341,0.000000,-0.005360,-0.058291,0.000000,-0.010720,0.166476,-1.683690,9.606442,0.033023,-0.064980,-0.035154
13.480270,2041.159379,-1.234855,0.000000,-0.006700,-0.223961,0.000000,-0.004020,-10.917341,0.000000,-0.005360,-0.058291,0.000000,-0.010720,0.155685,-1.683690,9.609974,0.034088,-0.063916,-0.035154
13.490318,2041.168893,-1.234855,0.000000,-0.006700,-0.223961,0.000000,-0.004020,-10.917341,0.000000,-0.005360,-0.058291,0.000000,-0.010720,0.170007,-1.686143,9.595652,0.028761,-0.063916,-0.035154
13.500095,2041.178729,-1.236389,0.000000,-0.006700,-0.223961,0.000000,-0.004020,-10.917341,0.000000,-0.005360,-0.058291,0.000000,-0.010720,0.166476,-1.696836,9.602813,0.031959,-0.066047,-0.036219
13.510486,2041.188014,-1.236389,0.000000,-0.006700,-0.223961,0.000000,-0.004020,-10.917341,0.000000,-0.005360,-0.058291,0.000000,-0.010720,0.181976,-1.681336,9.598006,0.033023,-0.064980,-0.037284
13.520286,2041.197548,-1.236389,0.000000,-0.006700,-0.223961,0.000000,-0.004020,-10.917341,0.000000,-0.005360,-0.058291,0.000000,-0.010720,0.159314,-1.668092,9.614781,0.034088,-0.063916,-0.037284
13.530261,2041.207055,-1.236389,0.000000,-0.006700,-0.223961,0.000000,-0.004020,-10.917341,0.000000,-0.005360,-0.058291,0.000000,-0.010720,0.177267,-1.674076,9.590845,0.031959,-0.064980,-0.036219
13.540405,2041.216890,-1.234855,0.000000,-0.006700,-0.223961,0.000000,-0.004020,-10.917341,0.000000,-0.005360,-0.058291,0.000000,-0.010720,0.159314,-1.686143,9.615958,0.027697,-0.063916,-0.036219
13.550433,2041.226427,-1.236389,0.000000,-0.006700,-0.223961,0.000000,-0.004020,-10.917341,0.000000,-0.005360,-0.058291,0.000000,-0.010720,0.155685,-1.670545,9.614781,0.029828,-0.064980,-0.036219
13.560450,2041.235909,-1.236389,0.000000,-0.006700,-0.222427,0.000000,-0.004020,-10.917341,0.000000,-0.005360,-0.058291,0.000000,-0.010720,0.166476,-1.680061,9.605265,0.033023,-0.064980,-0.037284
13.570304,2041.245540,-1.236389,0.000000,-0.006700,-0.223961,0.000000,-0.004020,-10.917341,0.000000,-0.005360,-0.058291,0.000000,-0.010720,0.172460,-1.670545,9.601636,0.030892,-0.064980,-0.037284
13.580279,2041.254856,-1.236389,0.000000,-0.006700,-0.223961,0.000000,-0.004020,-10.917341,0.000000,-0.005360,-0.058291,0.000000,-0.010720,0.156862,-1.668092,9.602813,0.029828,-0.063916,-0.036219
13.590353,2041.264588,-1.236389,0.000000,-0.006700,-0.223961,0.000000,-0.004020,-10.917341,0.000000,-0.005360,-0.058291,0.000000,-0.010720,0.159314,-1.669368,9.599281,0.029828,-0.064980,-0.037284
13.600169,2041.273910,-1.234855,0.000000,-0.006700,-0.223961,0.000000,-0.004020,-10.915807,0.000000,-0.005360,-0.058291,0.000000,-0.010720,0.165299,-1.663384,9.608797,0.031959,-0.066047,-0.036219
13.610598,2041.293012,-1.234855,0.000000,-0.006700,-0.223961,0.000000,-0.004020,-10.917341,0.000000,-0.005360,-0.058291,0.000000,-0.010720,0.171283,-1.689674,9.619588,0.029828,-0.063916,-0.037284
13.620455,2041.302684,-1.236389,0.000000,-0.006700,-0.223961,0.000000,-0.004020,-10.917341,0.000000,-0.005360,-0.058291,0.000000,-0.010720,0.166476,-1.687320,9.617234,0.027697,-0.063916,-0.036219
13.630312,2041.312362,-1.236389,0.000000,-0.006700,-0.223961,0.000000,-0.004020,-10.917341,0.000000,-0.005360,-0.058291,0.000000,-0.010720,0.168830,-1.690852,9.608797,0.029828,-0.064980,-0.037284
13.640393,2041.321836,-1.236389,0.000000,-0.006700,-0.223961,0.000000,-0.004020,-10.917341,0.000000,-0.005360,-0.058291,0.000000,-0.010720,0.165299,-1.680061,9.611249,0.031959,-0.064980,-0.036219
13.650169,2041.331328,-1.234855,0.000000,-0.006700,-0.223961,0.000000,-0.004020,-10.917341,0.000000,-0.005360,-0.058291,0.000000,-0.010720,0.147248,-1.660931,9.634009,0.029828,-0.063916,-0.035154
13.660481,2041.341058,-1.234855,0.000000,-0.006700,-0.223961,0.000000,-0.004020,-10.917341,0.000000,-0.005360,-0.058291,0.000000,-0.010720,0.155685,-1.698111,9.617234,0.025566,-0.064980,-0.036219
13.670098,2041.350432,-1.234855,0.000000,-0.006700,-0.223961,0.000000,-0.004020,-10.917341,0.000000,-0.005360,-0.058291,0.000000,-0.010720,0.168830,-1.682513,9.598006,0.030892,-0.064980,-0.038350
13.680408,2041.359883,-1.236389,0.000000,-0.006700,-0.223961,0.000000,-0.004020,-10.917341,0.000000,-0.005360,-0.058291,0.000000,-0.010720,0.189235,-1.632188,9.594474,0.042610,-0.063916,-0.036219
13.690108,2041.369685,-1.236389,0.000000,-0.006700,-0.223961,0.000000,-0.004020,-10.917341,0.000000,-0.005360,-0.058291,0.000000,-0.010720,0.147248,-1.705272,9.617234,0.024501,-0.063916,-0.036219
13.700541,2041.378945,-1.236389,0.000000,-0.006700,-0.223961,0.000000,-0.004020,-10.917341,0.000000,-0.005360,-0.058291,0.000000,-0.010720,0.159314,-1.686143,9.605265,0.025566,-0.066047,-0.038350
13.710497,2041.388779,-1.236389,0.000000,-0.006700,-0.223961,0.000000,-0.004020,-10.917341,0.000000,-0.005360,-0.058291,0.000000,-0.010720,0.178444,-1.677706,9.595652,0.034088,-0.066047,-0.038350
13.720310,2041.398234,-1.236389,0.000000,-0.006700,-0.223961,0.000000,-0.004020,-10.917341,0.000000,-0.005360,-0.058291,0.000000,-0.010720,0.148523,-1.687320,9.613604,0.034088,-0.063916,-0.034088
13.730285,2041.407839,-1.236389,0.000000,-0.006700,-0.223961,0.000000,-0.004020,-10.917341,0.000000,-0.005360,-0.058291,0.000000,-0.010720,0.158039,-1.682513,9.583683,0.026632,-0.063916,-0.038350
13.740237,2041.417430,-1.236389,0.000000,-0.006700,-0.223961,0.000000,-0.004020,-10.917341,0.000000,-0.005360,-0.058291,0.000000,-0.010720,0.149701,-1.687320,9.609974,0.029828,-0.063916,-0.038350
13.750502,2041.426735,-1.236389,0.000000,-0.006700,-0.223961,0.000000,-0.004020,-10.917341,0.000000,-0.005360,-0.058291,0.000000,-0.010720,0.161669,-1.687320,9.625572,0.030892,-0.063916,-0.036219
13.760426,2041.436588,-1.236389,0.000000,-0.006700,-0.223961,0.000000,-0.004020,-10.917341,0.000000,-0.005360,-0.058291,0.000000,-0.010720,0.171283,-1.674076,9.600458,0.029828,-0.064980,-0.037284
13.770173,2041.445995,-1.236389,0.000000,-0.006700,-0.223961,0.000000,-0.004020,-10.917341,0.000000,-0.005360,-0.058291,0.000000,-0.010720,0.160492,-1.671722,9.611249,0.036219,-0.063916,-0.035154
13.780221,2041.455331,-1.234855,0.000000,-0.006700,-0.223961,0.000000,-0.004020,-10.917341,0.000000,-0.005360,-0.058291,0.000000,-0.010720,0.183251,-1.675352,9.606442,0.026632,-0.063916,-0.036219
13.790102,2041.465152,-1.236389,0.000000,-0.006700,-0.223961,0.000000,-0.004020,-10.917341,0.000000,-0.005360,-0.058291,0.000000,-0.010720,0.177267,-1.693304,9.612427,0.026632,-0.064980,-0.037284
13.800204,2041.474825,-1.236389,0.000000,-0.006700,-0.223961,0.000000,-0.004020,-10.917341,0.000000,-0.005360,-0.058291,0.000000,-0.010720,0.164023,-1.674076,9.614781,0.036219,-0.064980,-0.037284
13.810427,2041.493538,-1.234855,0.000000,-0.006700,-0.223961,0.000000,-0.004020,-10.917341,0.000000,-0.005360,-0.058291,0.000000,-0.010720,0.167653,-1.664561,9.592022,0.026632,-0.063916,-0.034088
13.820181,2041.503177,-1.234855,0.000000,-0.006700,-0.223961,0.000000,-0.004020,-10.917341,0.000000,-0.005360,-0.058291,0.000000,-0.010720,0.140087,-1.716063,9.617234,0.015978,-0.063916,-0.034088
13.830221,2041.512845,-1.234855,0.000000,-0.006700,-0.223961,0.000000,-0.004020,-10.917341,0.000000,-0.005360,-0.058291,0.000000,-0.010720,0.172460,-1.671722,9.595652,0.025566,-0.063916,-0.037284
13.840095,2041.522421,-1.236389,0.000000,-0.006700,-0.223961,0.000000,-0.004020,-10.917341,0.000000,-0.005360,-0.058291,0.000000,-0.010720,0.172460,-1.713611,9.603990,0.030892,-0.066047,-0.038350
13.850158,2041.531857,-1.236389,0.000000,-0.006700,-0.223961,0.000000,-0.004020,-10.917341,0.000000,-0.005360,-0.058291,0.000000,-0.010720,0.148523,-1.656124,9.630379,0.050068,-0.063916,-0.033023
13.860694,2041.541542,-1.234855,0.000000,-0.006700,-0.223961,0.000000,-0.004020,-10.917341,0.000000,-0.005360,-0.058291,0.000000,-0.010720,0.195219,-1.619042,9.598006,0.030892,-0.066047,-0.038350
13.870280,2041.551156,-1.236389,0.000000,-0.006700,-0.223961,0.000000,-0.004020,-10.917341,0.000000,-0.005360,-0.058291,0.000000,-0.010720,0.161669,-1.736370,9.608797,0.004260,-0.063916,-0.037284
13.880230,2041.560550,-1.236389,0.000000,-0.006700,-0.223961,0.000000,-0.004020,-10.917341,0.000000,-0.005360,-0.058291,0.000000,-0.010720,0.162846,-1.684868,9.592022,0.037284,-0.063916,-0.033023
13.890536,2041.570085,-1.234855,0.000000,-0.006700,-0.223961,0.000000,-0.004020,-10.917341,0.000000,-0.005360,-0.058291,0.000000,-0.010720,0.181976,-1.639349,9.608797,0.041546,-0.064980,-0.039415
13.900129,2041.579739,-1.236389,0.000000,-0.006700,-0.223961,0.000000,-0.004020,-10.917341,0.000000,-0.005360,-0.058291,0.000000,-0.010720,0.120957,-1.662108,9.636363,0.038350,-0.063916,-0.034088
13.910131,2041.589287,-1.236389,0.000000,-0.006700,-0.223961,0.000000,-0.004020,-10.917341,0.000000,-0.005360,-0.058291,0.000000,-0.010720,0.156862,-1.711256,9.583683,0.008522,-0.066047,-0.040479
13.920340,2041.598609,-1.236389,0.000000,-0.006700,-0.223961,0.000000,-0.004020,-10.917341,0.000000,-0.005360,-0.058291,0.000000,-0.010720,0.147248,-1.714788,9.613604,0.027697,-0.066047,-0.038350
13.930217,2041.608159,-1.236389,0.000000,-0.006700,-0.223961,0.000000,-0.004020,-10.917341,0.000000,-0.005360,-0.058291,0.000000,-0.010720,0.154508,-1.614236,9.630379,0.067111,-0.062851,-0.030892
13.940207,2041.617671,-1.236389,0.000000,-0.006700,-0.223961,0.000000,-0.004020,-10.917341,0.000000,-0.005360,-0.058291,0.000000,-0.010720,0.185605,-1.650140,9.595652,0.017045,-0.066047,-0.039415
13.950558,2041.627591,-1.236389,0.000000,-0.006700,-0.223961,0.000000,-0.004020,-10.917341,0.000000,-0.005360,-0.058291,0.000000,-0.010720,0.166476,-1.716063,9.620765,0.018110,-0.063916,-0.034088
13.960439,2041.636795,-1.236389,0.000000,-0.006700,-0.223961,0.000000,-0.004020,-10.917341,0.000000,-0.005360,-0.058291,0.000000,-0.010720,0.181976,-1.678883,9.595652,0.035154,-0.064980,-0.036219
13.970363,2041.646334,-1.236389,0.000000,-0.006700,-0.223961,0.000000,-0.004020,-10.917341,0.000000,-0.005360,-0.058291,0.000000,-0.010720,0.167653,-1.665738,9.619588,0.039415,-0.064980,-0.038350
13.980251,2041.656249,-1.236389,0.000000,-0.006700,-0.223961,0.000000,-0.004020,-10.917341,0.000000,-0.005360,-0.058291,0.000000,-0.010720,0.144894,-1.674076,9.615958,0.036219,-0.066047,-0.034088
13.990559,2041.665542,-1.234855,0.000000,-0.006700,-0.223961,0.000000,-0.004020,-10.917341,0.000000,-0.005360,-0.058291,0.000000,-0.010720,0.174814,-1.701643,9.588490,0.015978,-0.066047,-0.040479
14.000515,2041.675125,-1.236389,0.000000,-0.006700,-0.223961,0.000000,-0.004020,-10.917341,0.000000,-0.005360,-0.058291,0.000000,-0.010720,0.147248,-1.700465,9.615958,0.039415,-0.064980,-0.034088
14.010368,2041.684843,-1.234855,0.000000,-0.006700,-0.223961,0.000000,-0.004020,-10.917341,0.000000,-0.005360,-0.058291,0.000000,-0.010720,0.154508,-1.700465,9.611249,0.034088,-0.064980,-0.036219
14.020339,2041.694067,-1.236389,0.000000,-0.006700,-0.223961,0.000000,-0.004020,-10.917341,0.000000,-0.005360,-0.058291,0.000000,-0.010720,0.160492,-1.683690,9.609974,0.026632,-0.063916,-0.037284
14.030258,2041.703766,-1.234855,0.000000,-0.006700,-0.223961,0.000000,-0.004020,-10.917341,0.000000,-0.005360,-0.058291,0.000000,-0.010720,0.158039,-1.701643,9.611249,0.029828,-0.063916,-0.035154
14.040398,2041.722790,-1.236389,0.000000,-0.006700,-0.223961,0.000000,-0.004020,-10.917341,0.000000,-0.005360,-0.058291,0.000000,-0.010720,0.172460,-1.654947,9.606442,0.036219,-0.063916,-0.036219
14.050344,2041.732546,-1.236389,0.000000,-0.006700,-0.223961,0.000000,-0.004020,-10.917341,0.000000,-0.005360,-0.058291,0.000000,-0.010720,0.167653,-1.690852,9.629202,0.031959,-0.063916,-0.037284
14.060653,2041.741968,-1.236389,0.000000,-0.006700,-0.223961,0.000000,-0.004020,-10.917341,0.000000,-0.005360,-0.058291,0.000000,-0.010720,0.168830,-1.680061,9.603990,0.030892,-0.064980,-0.038350
14.070336,2041.751686,-1.236389,0.000000,-0.006700,-0.223961,0.000000,-0.004020,-10.917341,0.000000,-0.005360,-0.058291,0.000000,-0.010720,0.155685,-1.675352,9.602813,0.034088,-0.063916,-0.036219
14.080200,2041.761288,-1.236389,0.000000,-0.006700,-0.223961,0.000000,-0.004020,-10.917341,0.000000,-0.005360,-0.058291,0.000000,-0.010720,0.134103,-1.664561,9.609974,0.033023,-0.064980,-0.035154
14.090478,2041.770570,-1.236389,0.000000,-0.006700,-0.223961,0.000000,-0.004020,-10.917341,0.000000,-0.005360,-0.058291,0.000000,-0.010720,0.153330,-1.672899,9.601636,0.028761,-0.064980,-0.035154
14.100074,2041.780164,-1.236389,0.000000,-0.006700,-0.223961,0.000000,-0.004020,-10.917341,0.000000,-0.005360,-0.058291,0.000000,-0.010720,0.148523,-1.698111,9.599281,0.027697,-0.063916,-0.035154
14.110475,2041.789645,-1.236389,0.000000,-0.006700,-0.223961,0.000000,-0.004020,-10.917341,0.000000,-0.005360,-0.058291,0.000000,-0.010720,0.155685,-1.670545,9.600458,0.028761,-0.064980,-0.035154
14.120244,2041.799179,-1.236389,0.000000,-0.006700,-0.223961,0.000000,-0.004020,-10.917341,0.000000,-0.005360,-0.058291,0.000000,-0.010720,0.155685,-1.662108,9.613604,0.028761,-0.064980,-0.036219
14.130335,2041.808651,-1.236389,0.000000,-0.006700,-0.223961,0.000000,-0.004020,-10.917341,0.000000,-0.005360,-0.058291,0.000000,-0.010720,0.174814,-1.684868,9.598006,0.027697,-0.066047,-0.035154
14.140251,2041.818466,-1.236389,0.000000,-0.006700,-0.223961,0.000000,-0.004020,-10.917341,0.000000,-0.005360,-0.058291,0.000000,-0.010720,0.181976,-1.680061,9.606442,0.030892,-0.064980,-0.035154
14.150545,2041.827828,-1.236389,0.000000,-0.006700,-0.223961,0.000000,-0.004020,-10.917341,0.000000,-0.005360,-0.058291,0.000000,-0.010720,0.172460,-1.660931,9.611249,0.035154,-0.063916,-0.037284
14.160558,2041.837590,-1.236389,0.000000,-0.006700,-0.223961,0.000000,-0.004020,-10.917341,0.000000,-0.005360,-0.058291,0.000000,-0.010720,0.165299,-1.681336,9.614781,0.028761,-0.064980,-0.037284
14.170288,2041.846959,-1.236389,0.000000,-0.006700,-0.223961,0.000000,-0.004020,-10.917341,0.000000,-0.005360,-0.058291,0.000000,-0.010720,0.146071,-1.684868,9.594474,0.022370,-0.062851,-0.036219
14.180196,2041.856629,-1.236389,0.000000,-0.006700,-0.223961,0.000000,-0.004020,-10.917341,0.000000,-0.005360,-0.058291,0.000000,-0.010720,0.142539,-1.689674,9.607620,0.028761,-0.063916,-0.033023
14.190102,2041.866310,-1.234855,0.000000,-0.006700,-0.223961,0.000000,-0.004020,-10.917341,0.000000,-0.005360,-0.058291,0.000000,-0.010720,0.146071,-1.692127,9.615958,0.022370,-0.063916,-0.034088
14.200162,2041.875782,-1.234855,0.000000,-0.006700,-0.223961,0.000000,-0.004020,-10.917341,0.000000,-0.005360,-0.058291,0.000000,-0.010720,0.154508,-1.710079,9.596829,0.023436,-0.066047,-0.035154
14.210497,2041.885184,-1.236389,0.000000,-0.006700,-0.223961,0.000000,-0.004020,-10.917341,0.000000,-0.005360,-0.058291,0.000000,-0.010720,0.168830,-1.699288,9.614781,0.035154,-0.063916,-0.035154
14.220326,2041.894694,-1.234855,0.000000,-0.006700,-0.223961,0.000000,-0.004020,-10.917341,0.000000,-0.005360,-0.058291,0.000000,-0.010720,0.185605,-1.683690,9.602813,0.035154,-0.064980,-0.036219
14.230203,2041.904288,-1.236389,0.000000,-0.006700,-0.223961,0.000000,-0.004020,-10.917341,0.000000,-0.005360,-0.058291,0.000000,-0.010720,0.175991,-1.682513,9.603990,0.028761,-0.064980,-0.036219
14.240120,2041.913839,-1.236389,0.000000,-0.006700,-0.223961,0.000000,-0.004020,-10.917341,0.000000,-0.005360,-0.058291,0.000000,-0.010720,0.202380,-1.689674,9.609974,0.030892,-0.063916,-0.036219
14.250178,2041.923400,-1.236389,0.000000,-0.006700,-0.223961,0.000000,-0.004020,-10.917341,0.000000,-0.005360,-0.058291,0.000000,-0.010720,0.198751,-1.720870,9.581231,0.029828,-0.066047,-0.035154
14.260571,2041.942627,-1.236389,0.000000,-0.006700,-0.223961,0.000000,-0.004020,-10.917341,0.000000,-0.005360,-0.058291,0.000000,-0.010720,0.181976,-1.658577,9.593297,0.033023,-0.064980,-0.037284
14.270420,2041.952033,-1.236389,0.000000,-0.006700,-0.223961,0.000000,-0.004020,-10.917341,0.000000,-0.005360,-0.058291,0.000000,-0.010720,0.136555,-1.714788,9.620765,0.030892,-0.062851,-0.036219
14.280419,2041.961551,-1.234855,0.000000,-0.006700,-0.223961,0.000000,-0.004020,-10.917341,0.000000,-0.005360,-0.058291,0.000000,-0.010720,0.159314,-1.654947,9.596829,0.037284,-0.064980,-0.038350
14.290334,2041.971295,-1.236389,0.000000,-0.006700,-0.223961,0.000000,-0.004020,-10.917341,0.000000,-0.005360,-0.058291,0.000000,-0.010720,0.158039,-1.662108,9.621942,0.039415,-0.066047,-0.039415
14.300259,2041.980649,-1.236389,0.000000,-0.006700,-0.223961,0.000000,-0.004020,-10.917341,0.000000,-0.005360,-0.058291,0.000000,-0.010720,0.149701,-1.646609,9.615958,0.039415,-0.064980,-0.036219
14.310871,2041.990313,-1.236389,0.000000,-0.006700,-0.223961,0.000000,-0.004020,-10.917341,0.000000,-0.005360,-0.058291,0.000000,-0.010720,0.141264,-1.666915,9.626749,0.027697,-0.064980,-0.038350
14.320452,2042.000039,-1.236389,0.000000,-0.006700,-0.223961,0.000000,-0.004020,-10.917341,0.000000,-0.005360,-0.058291,0.000000,-0.010720,0.118505,-1.662108,9.678252,0.030892,-0.063916,-0.036219
14.330564,2042.009383,-1.236389,0.000000,-0.006700,-0.223961,0.000000,-0.004020,-10.917341,0.000000,-0.005360,-0.058291,0.000000,-0.010720,0.178444,-1.659754,9.571715,0.036219,-0.063916,-0.038350
14.340498,2042.019045,-1.236389,0.000000,-0.006700,-0.223961,0.000000,-0.004020,-10.917341,0.000000,-0.005360,-0.058291,0.000000,-0.010720,0.164023,-1.645333,9.642347,0.041546,-0.063916,-0.036219
14.350472,2042.028591,-1.236389,0.000000,-0.006700,-0.223961,0.000000,-0.004020,-10.917341,0.000000,-0.005360,-0.058291,0.000000,-0.010720,0.155685,-1.680061,9.608797,0.018110,-0.064980,-0.035154
14.360239,2042.038061,-1.236389,0.000000,-0.006700,-0.223961,0.000000,-0.004020,-10.917341,0.000000,-0.005360,-0.058291,0.000000,-0.010720,0.155685,-1.717241,9.639993,0.025566,-0.064980,-0.038350
14.370088,2042.047469,-1.236389,0.000000,-0.006700,-0.223961,0.000000,-0.004020,-10.917341,0.000000,-0.005360,-0.058291,0.000000,-0.010720,0.165299,-1.621397,9.612427,0.038350,-0.063916,-0.039415
14.380524,2042.057034,-1.234855,0.000000,-0.006700,-0.223961,0.000000,-0.004020,-10.917341,0.000000,-0.005360,-0.058291,0.000000,-0.010720,0.161669,-1.680061,9.626749,0.035154,-0.066047,-0.036219
14.390254,2042.066762,-1.236389,0.000000,-0.006700,-0.223961,0.000000,-0.004020,-10.917341,0.000000,-0.005360,-0.058291,0.000000,-0.010720,0.177267,-1.689674,9.596829,0.019174,-0.064980,-0.037284
14.400338,2042.076196,-1.236389,0.000000,-0.006700,-0.223961,0.000000,-0.004020,-10.917341,0.000000,-0.005360,-0.058291,0.000000,-0.010720,0.174814,-1.723225,9.617234,0.025566,-0.064980,-0.035154
14.410662,2042.085717,-1.236389,0.000000,-0.006700,-0.223961,0.000000,-0.004020,-10.917341,0.000000,-0.005360,-0.058291,0.000000,-0.010720,0.177267,-1.710079,9.611249,0.034088,-0.064980,-0.034088
14.420315,2042.095142,-1.236389,0.000000,-0.006700,-0.223961,0.000000,-0.004020,-10.917341,0.000000,-0.005360,-0.058291,0.000000,-0.010720,0.168830,-1.680061,9.626749,0.035154,-0.064980,-0.037284
14.430534,2042.104918,-1.236389,0.000000,-0.006700,-0.223961,0.000000,-0.004020,-10.917341,0.000000,-0.005360,-0.058291,0.000000,-0.010720,0.172460,-1.678883,9.617234,0.034088,-0.066047,-0.035154
14.440349,2042.114269,-1.234855,0.000000,-0.006700,-0.223961,0.000000,-0.004020,-10.917341,0.000000,-0.005360,-0.058291,0.000000,-0.010720,0.189235,-1.700465,9.608797,0.021305,-0.063916,-0.037284
14.450468,2042.124089,-1.236389,0.000000,-0.006700,-0.223961,0.000000,-0.004020,-10.917341,0.000000,-0.005360,-0.058291,0.000000,-0.010720,0.168830,-1.714788,9.605265,0.029828,-0.066047,-0.036219
14.460320,2042.142972,-1.236389,0.000000,-0.006700,-0.223961,0.000000,-0.004020,-10.917341,0.000000,-0.005360,-0.058291,0.000000,-0.010720,0.165299,-1.674076,9.613604,0.034088,-0.064980,-0.036219
14.470415,2042.152545,-1.236389,0.000000,-0.006700,-0.223961,0.000000,-0.004020,-10.917341,0.000000,-0.005360,-0.058291,0.000000,-0.010720,0.167653,-1.681336,9.607620,0.029828,-0.064980,-0.036219
14.480259,2042.162253,-1.236389,0.000000,-0.006700,-0.223961,0.000000,-0.004020,-10.917341,0.000000,-0.005360,-0.058291,0.000000,-0.010720,0.154508,-1.680061,9.607620,0.029828,-0.064980,-0.037284
14.490280,2042.171912,-1.236389,0.000000,-0.006700,-0.223961,0.000000,-0.004020,-10.917341,0.000000,-0.005360,-0.058291,0.000000,-0.010720,0.161669,-1.665738,9.618411,0.035154,-0.064980,-0.035154
14.500653,2042.181331,-1.234855,0.000000,-0.006700,-0.223961,0.000000,-0.004020,-10.917341,0.000000,-0.005360,-0.058291,0.000000,-0.010720,0.148523,-1.660931,9.631556,0.033023,-0.064980,-0.037284
14.510659,2042.190686,-1.234855,0.000000,-0.006700,-0.223961,0.000000,-0.004020,-10.917341,0.000000,-0.005360,-0.058291,0.000000,-0.010720,0.149701,-1.658577,9.625572,0.028761,-0.066047,-0.037284
14.520333,2042.200311,-1.236389,0.000000,-0.006700,-0.223961,0.000000,-0.004020,-10.917341,0.000000,-0.005360,-0.058291,0.000000,-0.010720,0.154508,-1.669368,9.617234,0.029828,-0.063916,-0.036219
14.530266,2042.209976,-1.236389,0.000000,-0.006700,-0.223961,0.000000,-0.004020,-10.917341,0.000000,-0.005360,-0.058291,0.000000,-0.010720,0.154508,-1.670545,9.621942,0.031959,-0.064980,-0.036219
14.540321,2042.219430,-1.236389,0.000000,-0.006700,-0.223961,0.000000,-0.004020,-10.917341,0.000000,-0.005360,-0.058291,0.000000,-0.010720,0.162846,-1.662108,9.620765,0.035154,-0.064980,-0.036219
14.550598,2042.228836,-1.236389,0.000000,-0.006700,-0.223961,0.000000,-0.004020,-10.917341,0.000000,-0.005360,-0.058291,0.000000,-0.010720,0.168830,-1.671722,9.624395,0.029828,-0.064980,-0.037284
14.560352,2042.238426,-1.234855,0.000000,-0.006700,-0.223961,0.000000,-0.004020,-10.917341,0.000000,-0.005360,-0.058291,0.000000,-0.010720,0.165299,-1.669368,9.624395,0.028761,-0.064980,-0.036219
14.570095,2042.248277,-1.236389,0.000000,-0.006700,-0.223961,0.000000,-0.004020,-10.917341,0.000000,-0.005360,-0.058291,0.000000,-0.010720,0.166476,-1.683690,9.618411,0.026632,-0.062851,-0.035154
14.580562,2042.257546,-1.236389,0.000000,-0.006700,-0.223961,0.000000,-0.004020,-10.917341,0.000000,-0.005360,-0.058291,0.000000,-0.010720,0.147248,-1.688497,9.624395,0.030892,-0.064980,-0.034088
14.590340,2042.267174,-1.236389,0.000000,-0.006700,-0.223961,0.000000,-0.004020,-10.917341,0.000000,-0.005360,-0.058291,0.000000,-0.010720,0.159314,-1.690852,9.617234,0.026632,-0.063916,-0.035154
14.600414,2042.276837,-1.236389,0.000000,-0.006700,-0.223961,0.000000,-0.004020,-10.917341,0.000000,-0.005360,-0.058291,0.000000,-0.010720,0.165299,-1.688497,9.625572,0.027697,-0.064980,-0.036219
14.610419,2042.286178,-1.236389,0.000000,-0.006700,-0.223961,0.000000,-0.004020,-10.917341,0.000000,-0.005360,-0.058291,0.000000,-0.010720,0.162846,-1.677706,9.614781,0.034088,-0.063916,-0.035154
14.620305,2042.295883,-1.234855,0.000000,-0.006700,-0.223961,0.000000,-0.004020,-10.917341,0.000000,-0.005360,-0.058291,0.000000,-0.010720,0.171283,-1.682513,9.617234,0.029828,-0.063916,-0.035154
14.630269,2042.305382,-1.236389,0.000000,-0.006700,-0.223961,0.000000,-0.004020,-10.917341,0.000000,-0.005360,-0.058291,0.000000,-0.010720,0.155685,-1.695659,9.614781,0.030892,-0.063916,-0.037284
14.640281,2042.314806,-1.236389,0.000000,-0.006700,-0.223961,0.000000,-0.004020,-10.917341,0.000000,-0.005360,-0.058291,0.000000,-0.010720,0.183251,-1.684868,9.617234,0.029828,-0.063916,-0.036219
14.650478,2042.324543,-1.234855,0.000000,-0.006700,-0.223961,0.000000,-0.004020,-10.917341,0.000000,-0.005360,-0.058291,0.000000,-0.010720,0.168830,-1.690852,9.613604,0.034088,-0.066047,-0.036219
14.660746,2042.334035,-1.236389,0.000000,-0.006700,-0.223961,0.000000,-0.004020,-10.917341,0.000000,-0.005360,-0.058291,0.000000,-0.010720,0.166476,-1.676529,9.612427,0.033023,-0.064980,-0.036219
14.670301,2042.353295,-1.236389,0.000000,-0.006700,-0.223961,0.000000,-0.004020,-10.917341,0.000000,-0.005360,-0.058291,0.000000,-0.010720,0.156862,-1.706449,9.613604,0.030892,-0.063916,-0.035154
14.680544,2042.362736,-1.236389,0.000000,-0.006700,-0.223961,0.000000,-0.004020,-10.917341,0.000000,-0.005360,-0.058291,0.000000,-0.010720,0.152055,-1.668092,9.620765,0.037284,-0.064980,-0.036219
14.690444,2042.372185,-1.236389,0.000000,-0.006700,-0.223961,0.000000,-0.004020,-10.917341,0.000000,-0.005360,-0.058291,0.000000,-0.010720,0.153330,-1.670545,9.619588,0.035154,-0.064980,-0.036219
14.700508,2042.381685,-1.236389,0.000000,-0.006700,-0.223961,0.000000,-0.004020,-10.917341,0.000000,-0.005360,-0.058291,0.000000,-0.010720,0.150878,-1.670545,9.615958,0.033023,-0.063916,-0.035154
14.710798,2042.391372,-1.236389,0.000000,-0.006700,-0.223961,0.000000,-0.004020,-10.917341,0.000000,-0.005360,-0.058291,0.000000,-0.010720,0.164023,-1.680061,9.615958,0.027697,-0.063916,-0.038350
14.720250,2042.400847,-1.236389,0.000000,-0.006700,-0.223961,0.000000,-0.004020,-10.917341,0.000000,-0.005360,-0.058291,0.000000,-0.010720,0.153330,-1.666915,9.631556,0.036219,-0.064980,-0.036219
14.730591,2042.410332,-1.234855,0.000000,-0.006700,-0.223961,0.000000,-0.004020,-10.917341,0.000000,-0.005360,-0.058291,0.000000,-0.010720,0.155685,-1.640624,9.632733,0.036219,-0.063916,-0.036219
14.740311,2042.420063,-1.236389,0.000000,-0.006700,-0.223961,0.000000,-0.004020,-10.917341,0.000000,-0.005360,-0.058291,0.000000,-0.010720,0.166476,-1.652593,9.615958,0.027697,-0.063916,-0.037284
14.750422,2042.429717,-1.234855,0.000000,-0.006700,-0.223961,0.000000,-0.004020,-10.917341,0.000000,-0.005360,-0.058291,0.000000,-0.010720,0.159314,-1.647786,9.628025,0.029828,-0.063916,-0.035154
14.760318,2042.438979,-1.234855,0.000000,-0.006700,-0.223961,0.000000,-0.004020,-10.917341,0.000000,-0.005360,-0.058291,0.000000,-0.010720,0.155685,-1.653770,9.624395,0.028761,-0.066047,-0.036219
14.770293,2042.448499,-1.234855,0.000000,-0.006700,-0.223961,0.000000,-0.004020,-10.917341,0.000000,-0.005360,-0.058291,0.000000,-0.010720,0.155685,-1.658577,9.631556,0.030892,-0.064980,-0.035154
14.780235,2042.458041,-1.236389,0.000000,-0.006700,-0.223961,0.000000,-0.004020,-10.917341,0.000000,-0.005360,-0.058291,0.000000,-0.010720,0.164023,-1.670545,9.611249,0.028761,-0.066047,-0.034088
14.790265,2042.467631,-1.234855,0.000000,-0.006700,-0.223961,0.000000,-0.004020,-10.917341,0.000000,-0.005360,-0.058291,0.000000,-0.010720,0.154508,-1.687320,9.623218,0.024501,-0.066047,-0.034088
14.800403,2042.477142,-1.236389,0.000000,-0.006700,-0.223961,0.000000,-0.004020,-10.917341,0.000000,-0.005360,-0.058291,0.000000,-0.010720,0.147248,-1.690852,9.613604,0.029828,-0.066047,-0.036219
14.810700,2042.486688,-1.236389,0.000000,-0.006700,-0.223961,0.000000,-0.004020,-10.917341,0.000000,-0.005360,-0.058291,0.000000,-0.010720,0.154508,-1.677706,9.625572,0.031959,-0.064980,-0.036219
14.820430,2042.496312,-1.236389,0.000000,-0.006700,-0.223961,0.000000,-0.004020,-10.917341,0.000000,-0.005360,-0.058291,0.000000,-0.010720,0.152055,-1.683690,9.628025,0.031959,-0.063916,-0.035154
14.830267,2042.505875,-1.236389,0.000000,-0.006700,-0.223961,0.000000,-0.004020,-10.917341,0.000000,-0.005360,-0.058291,0.000000,-0.010720,0.161669,-1.693304,9.621942,0.027697,-0.063916,-0.035154
14.840415,2042.515594,-1.234855,0.000000,-0.006700,-0.223961,0.000000,-0.004020,-10.917341,0.000000,-0.005360,-0.058291,0.000000,-0.010720,0.171283,-1.698111,9.620765,0.029828,-0.064980,-0.037284
14.850553,2042.525024,-1.236389,0.000000,-0.006700,-0.223961,0.000000,-0.004020,-10.917341,0.000000,-0.005360,-0.058291,0.000000,-0.010720,0.173637,-1.690852,9.615958,0.033023,-0.064980,-0.036219
14.860528,2042.534399,-1.236389,0.000000,-0.006700,-0.223961,0.000000,-0.004020,-10.917341,0.000000,-0.005360,-0.058291,0.000000,-0.010720,0.178444,-1.701643,9.621942,0.031959,-0.063916,-0.037284
14.870218,2042.544249,-1.236389,0.000000,-0.006700,-0.223961,0.000000,-0.004020,-10.917341,0.000000,-0.005360,-0.058291,0.000000,-0.010720,0.175991,-1.687320,9.612427,0.027697,-0.064980,-0.037284
14.880268,2042.553716,-1.236389,0.000000,-0.006700,-0.223961,0.000000,-0.004020,-10.917341,0.000000,-0.005360,-0.058291,0.000000,-0.010720,0.164023,-1.696836,9.618411,0.028761,-0.064980,-0.036219
14.890350,2042.572951,-1.236389,0.000000,-0.006700,-0.223961,0.000000,-0.004020,-10.917341,0.000000,-0.005360,-0.058291,0.000000,-0.010720,0.165299,-1.683690,9.612427,0.031959,-0.066047,-0.036219
14.900281,2042.582524,-1.236389,0.000000,-0.006700,-0.223961,0.000000,-0.004020,-10.917341,0.000000,-0.005360,-0.058291,0.000000,-0.010720,0.158039,-1.692127,9.614781,0.029828,-0.064980,-0.034088
14.910091,2042.592092,-1.236389,0.000000,-0.006700,-0.223961,0.000000,-0.004020,-10.917341,0.000000,-0.005360,-0.058291,0.000000,-0.010720,0.159314,-1.678883,9.615958,0.034088,-0.066047,-0.036219
14.920298,2042.601436,-1.234855,0.000000,-0.006700,-0.223961,0.000000,-0.004020,-10.917341,0.000000,-0.005360,-0.058291,0.000000,-0.010720,0.173637,-1.658577,9.632733,0.034088,-0.063916,-0.036219
14.930480,2042.610940,-1.236389,0.000000,-0.006700,-0.223961,0.000000,-0.004020,-10.917341,0.000000,-0.005360,-0.058291,0.000000,-0.010720,0.165299,-1.652593,9.624395,0.029828,-0.066047,-0.035154
14.940569,2042.620361,-1.236389,0.000000,-0.006700,-0.223961,0.000000,-0.004020,-10.917341,0.000000,-0.005360,-0.058291,0.000000,-0.010720,0.159314,-1.657399,9.623218,0.026632,-0.064980,-0.036219
14.950544,2042.629910,-1.236389,0.000000,-0.006700,-0.223961,0.000000,-0.004020,-10.917341,0.000000,-0.005360,-0.058291,0.000000,-0.010720,0.160492,-1.660931,9.614781,0.027697,-0.064980,-0.034088
14.960407,2042.639456,-1.236389,0.000000,-0.006700,-0.223961,0.000000,-0.004020,-10.917341,0.000000,-0.005360,-0.058291,0.000000,-0.010720,0.153330,-1.674076,9.619588,0.026632,-0.064980,-0.034088
14.970425,2042.649124,-1.236389,0.000000,-0.006700,-0.223961,0.000000,-0.004020,-10.917341,0.000000,-0.005360,-0.058291,0.000000,-0.010720,0.147248,-1.660931,9.618411,0.028761,-0.063916,-0.034088
14.980486,2042.658668,-1.236389,0.000000,-0.006700,-0.223961,0.000000,-0.004020,-10.917341,0.000000,-0.005360,-0.058291,0.000000,-0.010720,0.160492,-1.671722,9.617234,0.026632,-0.063916,-0.035154
14.990083,2042.668330,-1.236389,0.000000,-0.006700,-0.223961,0.000000,-0.004020,-10.917341,0.000000,-0.005360,-0.058291,0.000000,-0.010720,0.144894,-1.671722,9.634009,0.028761,-0.063916,-0.035154
15.000545,2042.677841,-1.236389,0.000000,-0.006700,-0.223961,0.000000,-0.004020,-10.917341,0.000000,-0.005360,-0.058291,0.000000,-0.010720,0.156862,-1.659754,9.621942,0.033023,-0.066047,-0.035154
15.010345,2042.687499,-1.236389,0.000000,-0.006700,-0.223961,0.000000,-0.004020,-10.917341,0.000000,-0.005360,-0.058291,0.000000,-0.010720,0.166476,-1.659754,9.615958,0.028761,-0.064980,-0.035154
15.020354,2042.697072,-1.234855,0.000000,-0.006700,-0.223961,0.000000,-0.004020,-10.917341,0.000000,-0.005360,-0.058291,0.000000,-0.010720,0.160492,-1.681336,9.621942,0.029828,-0.063916,-0.036219
15.030817,2042.706542,-1.234855,0.000000,-0.006700,-0.223961,0.000000,-0.004020,-10.917341,0.000000,-0.005360,-0.058291,0.000000,-0.010720,0.162846,-1.680061,9.614781,0.028761,-0.064980,-0.036219
15.040118,2042.715928,-1.236389,0.000000,-0.006700,-0.223961,0.000000,-0.004020,-10.917341,0.000000,-0.005360,-0.058291,0.000000,-0.010720,0.153330,-1.688497,9.615958,0.031959,-0.064980,-0.037284
15.050728,2042.725402,-1.236389,0.000000,-0.006700,-0.223961,0.000000,-0.004020,-10.915807,0.000000,-0.005360,-0.058291,0.000000,-0.010720,0.152055,-1.687320,9.619588,0.033023,-0.063916,-0.037284
15.060549,2042.735224,-1.236389,0.000000,-0.006700,-0.223961,0.000000,-0.004020,-10.917341,0.000000,-0.005360,-0.058291,0.000000,-0.010720,0.158039,-1.688497,9.618411,0.031959,-0.064980,-0.038350
15.070415,2042.744540,-1.236389,0.000000,-0.006700,-0.223961,0.000000,-0.004020,-10.917341,0.000000,-0.005360,-0.058291,0.000000,-0.010720,0.152055,-1.687320,9.625572,0.033023,-0.062851,-0.036219
15.080245,2042.754062,-1.236389,0.000000,-0.006700,-0.223961,0.000000,-0.004020,-10.917341,0.000000,-0.005360,-0.058291,0.000000,-0.010720,0.164023,-1.695659,9.613604,0.031959,-0.067111,-0.037284
15.090496,2042.773217,-1.234855,0.000000,-0.006700,-0.223961,0.000000,-0.004020,-10.917341,0.000000,-0.005360,-0.058291,0.000000,-0.010720,0.173637,-1.642979,9.620765,0.037284,-0.064980,-0.036219
15.100535,2042.782960,-1.236389,0.000000,-0.006700,-0.223961,0.000000,-0.004020,-10.917341,0.000000,-0.005360,-0.058291,0.000000,-0.010720,0.180798,-1.671722,9.617234,0.028761,-0.064980,-0.037284
15.110757,2042.792343,-1.236389,0.000000,-0.006700,-0.223961,0.000000,-0.004020,-10.917341,0.000000,-0.005360,-0.058291,0.000000,-0.010720,0.155685,-1.672899,9.625572,0.031959,-0.064980,-0.034088
15.120301,2042.801843,-1.236389,0.000000,-0.006700,-0.223961,0.000000,-0.004020,-10.917341,0.000000,-0.005360,-0.058291,0.000000,-0.010720,0.196396,-1.676529,9.611249,0.025566,-0.066047,-0.036219
15.130518,2042.811487,-1.234855,0.000000,-0.006700,-0.223961,0.000000,-0.004020,-10.917341,0.000000,-0.005360,-0.058291,0.000000,-0.010720,0.144894,-1.688497,9.628025,0.029828,-0.064980,-0.034088
15.140376,2042.821089,-1.236389,0.000000,-0.006700,-0.223961,0.000000,-0.004020,-10.917341,0.000000,-0.005360,-0.058291,0.000000,-0.010720,0.155685,-1.671722,9.630379,0.031959,-0.064980,-0.034088
15.150414,2042.830483,-1.236389,0.000000,-0.006700,-0.223961,0.000000,-0.004020,-10.917341,0.000000,-0.005360,-0.058291,0.000000,-0.010720,0.165299,-1.672899,9.614781,0.024501,-0.063916,-0.036219
15.160731,2042.840034,-1.236389,0.000000,-0.006700,-0.223961,0.000000,-0.004020,-10.917341,0.000000,-0.005360,-0.058291,0.000000,-0.010720,0.146071,-1.675352,9.619588,0.030892,-0.064980,-0.034088
15.170304,2042.849653,-1.236389,0.000000,-0.006700,-0.223961,0.000000,-0.004020,-10.917341,0.000000,-0.005360,-0.058291,0.000000,-0.010720,0.162846,-1.700465,9.608797,0.025566,-0.066047,-0.036219
15.180212,2042.859243,-1.236389,0.000000,-0.006700,-0.223961,0.000000,-0.004020,-10.917341,0.000000,-0.005360,-0.058291,0.000000,-0.010720,0.123312,-1.680061,9.625572,0.033023,-0.066047,-0.035154
15.190113,2042.868975,-1.236389,0.000000,-0.006700,-0.223961,0.000000,-0.004020,-10.917341,0.000000,-0.005360,-0.058291,0.000000,-0.010720,0.112521,-1.672899,9.647154,0.031959,-0.064980,-0.037284
15.200398,2042.878418,-1.234855,0.000000,-0.006700,-0.223961,0.000000,-0.004020,-10.917341,0.000000,-0.005360,-0.058291,0.000000,-0.010720,0.153330,-1.723225,9.612427,0.022370,-0.064980,-0.036219
15.210755,2042.887841,-1.234855,0.000000,-0.006700,-0.223961,0.000000,-0.004020,-10.917341,0.000000,-0.005360,-0.058291,0.000000,-0.010720,0.170007,-1.700465,9.641170,0.038350,-0.064980,-0.035154
15.220222,2042.897311,-1.236389,0.000000,-0.006700,-0.223961,0.000000,-0.004020,-10.917341,0.000000,-0.005360,-0.058291,0.000000,-0.010720,0.214349,-1.640624,9.598006,0.031959,-0.064980,-0.037284
15.230307,2042.907101,-1.234855,0.000000,-0.006700,-0.223961,0.000000,-0.004020,-10.917341,0.000000,-0.005360,-0.058291,0.000000,-0.010720,0.150878,-1.724402,9.636363,0.026632,-0.062851,-0.033023
15.240326,2042.916455,-1.234855,0.000000,-0.006700,-0.223961,0.000000,-0.004020,-10.917341,0.000000,-0.005360,-0.058291,0.000000,-0.010720,0.168830,-1.653770,9.606442,0.029828,-0.063916,-0.039415
15.250327,2042.926204,-1.236389,0.000000,-0.006700,-0.223961,0.000000,-0.004020,-10.917341,0.000000,-0.005360,-0.058291,0.000000,-0.010720,0.135280,-1.686143,9.617234,0.034088,-0.064980,-0.038350
15.260192,2042.935610,-1.236389,0.000000,-0.006700,-0.223961,0.000000,-0.004020,-10.917341,0.000000,-0.005360,-0.058291,0.000000,-0.010720,0.130571,-1.663384,9.632733,0.039415,-0.064980,-0.035154
15.270255,2042.945042,-1.236389,0.000000,-0.006700,-0.223961,0.000000,-0.004020,-10.917341,0.000000,-0.005360,-0.058291,0.000000,-0.010720,0.158039,-1.690852,9.608797,0.022370,-0.066047,-0.041546
15.280285,2042.954666,-1.234855,0.000000,-0.006700,-0.223961,0.000000,-0.004020,-10.917341,0.000000,-0.005360,-0.058291,0.000000,-0.010720,0.131748,-1.674076,9.631556,0.042610,-0.063916,-0.037284
15.290416,2042.964141,-1.236389,0.000000,-0.006700,-0.223961,0.000000,-0.004020,-10.917341,0.000000,-0.005360,-0.058291,0.000000,-0.010720,0.135280,-1.657399,9.629202,0.037284,-0.063916,-0.039415
15.300502,2042.973893,-1.234855,0.000000,-0.006700,-0.223961,0.000000,-0.004020,-10.917341,0.000000,-0.005360,-0.058291,0.000000,-0.010720,0.080246,-1.688497,9.669913,0.034088,-0.064980,-0.040479
15.310489,2042.992862,-1.234855,0.000000,-0.006700,-0.223961,0.000000,-0.004020,-10.917341,0.000000,-0.005360,-0.058291,0.000000,-0.010720,0.178444,-1.662108,9.647154,0.042610,-0.066047,-0.039415
15.320260,2043.002524,-1.234855,0.000000,-0.006700,-0.223961,0.000000,-0.004020,-10.917341,0.000000,-0.005360,-0.058291,0.000000,-0.010720,0.146071,-1.680061,9.615958,0.022370,-0.064980,-0.035154
15.330458,2043.012049,-1.236389,0.000000,-0.006700,-0.223961,0.000000,-0.004020,-10.917341,0.000000,-0.005360,-0.058291,0.000000,-0.010720,0.179621,-1.742354,9.615958,0.026632,-0.064980,-0.039415
15.340295,2043.021524,-1.236389,0.000000,-0.006700,-0.223961,0.000000,-0.004020,-10.917341,0.000000,-0.005360,-0.058291,0.000000,-0.010720,0.197573,-1.605897,9.629202,0.053264,-0.064980,-0.038350
15.350093,2043.031361,-1.234855,0.000000,-0.006700,-0.223961,0.000000,-0.004020,-10.917341,0.000000,-0.005360,-0.058291,0.000000,-0.010720,0.192767,-1.644156,9.601636,0.037284,-0.067111,-0.034088
15.360352,2043.040593,-1.236389,0.000000,-0.006700,-0.223961,0.000000,-0.004020,-10.917341,0.000000,-0.005360,-0.058291,0.000000,-0.010720,0.171283,-1.718418,9.613604,0.008522,-0.066047,-0.036219
15.370197,2043.050332,-1.236389,0.000000,-0.006700,-0.223961,0.000000,-0.004020,-10.917341,0.000000,-0.005360,-0.058291,0.000000,-0.010720,0.153330,-1.698111,9.611249,0.026632,-0.062851,-0.035154
15.380241,2043.060014,-1.236389,0.000000,-0.006700,-0.223961,0.000000,-0.004020,-10.917341,0.000000,-0.005360,-0.058291,0.000000,-0.010720,0.136555,-1.695659,9.628025,0.034088,-0.063916,-0.035154
15.390341,2043.069391,-1.234855,0.000000,-0.006700,-0.223961,0.000000,-0.004020,-10.917341,0.000000,-0.005360,-0.058291,0.000000,-0.010720,0.136555,-1.684868,9.609974,0.027697,-0.063916,-0.034088
15.400478,2043.078794,-1.234855,0.000000,-0.006700,-0.223961,0.000000,-0.004020,-10.917341,0.000000,-0.005360,-0.058291,0.000000,-0.010720,0.152055,-1.705272,9.606442,0.028761,-0.063916,-0.034088
15.410308,2043.088332,-1.234855,0.000000,-0.006700,-0.223961,0.000000,-0.004020,-10.917341,0.000000,-0.005360,-0.058291,0.000000,-0.010720,0.161669,-1.677706,9.621942,0.038350,-0.064980,-0.036219
15.420296,2043.098198,-1.236389,0.000000,-0.006700,-0.223961,0.000000,-0.004020,-10.917341,0.000000,-0.005360,-0.058291,0.000000,-0.010720,0.162846,-1.672899,9.623218,0.036219,-0.063916,-0.038350
15.430527,2043.107676,-1.236389,0.000000,-0.006700,-0.223961,0.000000,-0.004020,-10.917341,0.000000,-0.005360,-0.058291,0.000000,-0.010720,0.173637,-1.652593,9.628025,0.036219,-0.064980,-0.036219
15.440265,2043.116967,-1.236389,0.000000,-0.006700,-0.223961,0.000000,-0.004020,-10.917341,0.000000,-0.005360,-0.058291,0.000000,-0.010720,0.183251,-1.631011,9.626749,0.031959,-0.064980,-0.036219
15.450292,2043.126631,-1.236389,0.000000,-0.006700,-0.223961,0.000000,-0.004020,-10.917341,0.000000,-0.005360,-0.058291,0.000000,-0.010720,0.162846,-1.682513,9.624395,0.019174,-0.067111,-0.036219
15.460242,2043.136092,-1.236389,0.000000,-0.006700,-0.223961,0.000000,-0.004020,-10.917341,0.000000,-0.005360,-0.058291,0.000000,-0.010720,0.156862,-1.698111,9.613604,0.026632,-0.064980,-0.038350
15.470278,2043.145852,-1.236389,0.000000,-0.006700,-0.223961,0.000000,-0.004020,-10.917341,0.000000,-0.005360,-0.058291,0.000000,-0.010720,0.142539,-1.657399,9.631556,0.044742,-0.066047,-0.039415
15.480601,2043.155406,-1.236389,0.000000,-0.006700,-0.223961,0.000000,-0.004020,-10.917341,0.000000,-0.005360,-0.058291,0.000000,-0.010720,0.144894,-1.651317,9.621942,0.036219,-0.064980,-0.037284
15.490423,2043.164737,-1.236389,0.000000,-0.006700,-0.223961,0.000000,-0.004020,-10.917341,0.000000,-0.005360,-0.058291,0.000000,-0.010720,0.150878,-1.676529,9.609974,0.022370,-0.064980,-0.036219
15.500476,2043.174243,-1.234855,0.000000,-0.006700,-0.223961,0.000000,-0.004020,-10.917341,0.000000,-0.005360,-0.058291,0.000000,-0.010720,0.154508,-1.677706,9.609974,0.024501,-0.064980,-0.034088
15.510763,2043.184019,-1.236389,0.000000,-0.006700,-0.223961,0.000000,-0.004020,-10.917341,0.000000,-0.005360,-0.058291,0.000000,-0.010720,0.152055,-1.682513,9.624395,0.033023,-0.063916,-0.033023
15.520434,2043.193556,-1.236389,0.000000,-0.006700,-0.223961,0.000000,-0.004020,-10.917341,0.000000,-0.005360,-0.058291,0.000000,-0.010720,0.147248,-1.714788,9.659122,0.020241,-0.064980,-0.038350
15.530476,2043.212796,-1.236389,0.000000,-0.006700,-0.223961,0.000000,-0.004020,-10.917341,0.000000,-0.005360,-0.058291,0.000000,-0.010720,0.185605,-1.646609,9.637540,0.045806,-0.064980,-0.030892
15.540306,2043.222052,-1.236389,0.000000,-0.006700,-0.223961,0.000000,-0.004020,-10.917341,0.000000,-0.005360,-0.058291,0.000000,-0.010720,0.153330,-1.731563,9.628025,0.009587,-0.063916,-0.033023
15.550548,2043.231852,-1.236389,0.000000,-0.006700,-0.223961,0.000000,-0.004020,-10.917341,0.000000,-0.005360,-0.058291,0.000000,-0.010720,0.166476,-1.726854,9.609974,0.017045,-0.066047,-0.041546
15.560535,2043.241240,-1.236389,0.000000,-0.006700,-0.223961,0.000000,-0.004020,-10.917341,0.000000,-0.005360,-0.058291,0.000000,-0.010720,0.135280,-1.658577,9.630379,0.052198,-0.066047,-0.037284
15.570371,2043.250633,-1.236389,0.000000,-0.006700,-0.223961,0.000000,-0.004020,-10.917341,0.000000,-0.005360,-0.058291,0.000000,-0.010720,0.142539,-1.645333,9.636363,0.044742,-0.063916,-0.031959
15.580232,2043.260435,-1.236389,0.000000,-0.006700,-0.223961,0.000000,-0.004020,-10.917341,0.000000,-0.005360,-0.058291,0.000000,-0.010720,0.181976,-1.693304,9.592022,0.007456,-0.064980,-0.038350
15.590304,2043.269917,-1.236389,0.000000,-0.006700,-0.223961,0.000000,-0.004020,-10.917341,0.000000,-0.005360,-0.058291,0.000000,-0.010720,0.143716,-1.712434,9.621942,0.030892,-0.063916,-0.033023
15.600416,2043.279351,-1.236389,0.000000,-0.006700,-0.223961,0.000000,-0.004020,-10.917341,0.000000,-0.005360,-0.058291,0.000000,-0.010720,0.168830,-1.647786,9.611249,0.044742,-0.064980,-0.036219
15.610756,2043.289011,-1.234855,0.000000,-0.006700,-0.223961,0.000000,-0.004020,-10.917341,0.000000,-0.005360,-0.058291,0.000000,-0.010720,0.172460,-1.650140,9.629202,0.034088,-0.063916,-0.037284
15.620243,2043.298448,-1.234855,0.000000,-0.006700,-0.223961,0.000000,-0.004020,-10.917341,0.000000,-0.005360,-0.058291,0.000000,-0.010720,0.173637,-1.671722,9.628025,0.027697,-0.064980,-0.035154
15.630466,2043.308256,-1.236389,0.000000,-0.006700,-0.223961,0.000000,-0.004020,-10.917341,0.000000,-0.005360,-0.058291,0.000000,-0.010720,0.173637,-1.719595,9.603990,0.013849,-0.064980,-0.039415
15.640269,2043.317554,-1.234855,0.000000,-0.006700,-0.223961,0.000000,-0.004020,-10.917341,0.000000,-0.005360,-0.058291,0.000000,-0.010720,0.149701,-1.707627,9.620765,0.038350,-0.063916,-0.038350
15.650324,2043.327182,-1.234855,0.000000,-0.006700,-0.223961,0.000000,-0.004020,-10.917341,0.000000,-0.005360,-0.058291,0.000000,-0.010720,0.148523,-1.652593,9.638717,0.051133,-0.062851,-0.039415
15.660639,2043.336678,-1.236389,0.000000,-0.006700,-0.223961,0.000000,-0.004020,-10.917341,0.000000,-0.005360,-0.058291,0.000000,-0.010720,0.164023,-1.652593,9.624395,0.034088,-0.064980,-0.039415
15.670264,2043.346143,-1.236389,0.000000,-0.006700,-0.223961,0.000000,-0.004020,-10.917341,0.000000,-0.005360,-0.058291,0.000000,-0.010720,0.159314,-1.696836,9.615958,0.024501,-0.064980,-0.036219
15.680520,2043.355856,-1.234855,0.000000,-0.006700,-0.223961,0.000000,-0.004020,-10.917341,0.000000,-0.005360,-0.058291,0.000000,-0.010720,0.164023,-1.696836,9.617234,0.025566,-0.064980,-0.035154
15.690507,2043.365546,-1.236389,0.000000,-0.006700,-0.223961,0.000000,-0.004020,-10.917341,0.000000,-0.005360,-0.058291,0.000000,-0.010720,0.165299,-1.659754,9.625572,0.037284,-0.063916,-0.035154
15.700321,2043.374950,-1.236389,0.000000,-0.006700,-0.223961,0.000000,-0.004020,-10.917341,0.000000,-0.005360,-0.058291,0.000000,-0.010720,0.164023,-1.633365,9.628025,0.031959,-0.064980,-0.036219
15.710291,2043.384618,-1.236389,0.000000,-0.006700,-0.223961,0.000000,-0.004020,-10.917341,0.000000,-0.005360,-0.058291,0.000000,-0.010720,0.170007,-1.672899,9.623218,0.024501,-0.064980,-0.034088
15.720474,2043.394049,-1.236389,0.000000,-0.006700,-0.223961,0.000000,-0.004020,-10.917341,0.000000,-0.005360,-0.058291,0.000000,-0.010720,0.173637,-1.684868,9.611249,0.026632,-0.066047,-0.035154
15.730501,2043.403478,-1.236389,0.000000,-0.006700,-0.223961,0.000000,-0.004020,-10.917341,0.000000,-0.005360,-0.058291,0.000000,-0.010720,0.159314,-1.681336,9.613604,0.031959,-0.064980,-0.036219
15.740219,2043.422642,-1.236389,0.000000,-0.006700,-0.223961,0.000000,-0.004020,-10.917341,0.000000,-0.005360,-0.058291,0.000000,-0.010720,0.160492,-1.644156,9.605265,0.034088,-0.063916,-0.037284
15.750168,2043.432270,-1.236389,0.000000,-0.006700,-0.223961,0.000000,-0.004020,-10.917341,0.000000,-0.005360,-0.058291,0.000000,-0.010720,0.149701,-1.674076,9.635186,0.026632,-0.064980,-0.035154
15.760132,2043.441612,-1.234855,0.000000,-0.006700,-0.223961,0.000000,-0.004020,-10.917341,0.000000,-0.005360,-0.058291,0.000000,-0.010720,0.143716,-1.693304,9.625572,0.024501,-0.063916,-0.035154
15.770248,2043.451404,-1.236389,0.000000,-0.006700,-0.223961,0.000000,-0.004020,-10.917341,0.000000,-0.005360,-0.058291,0.000000,-0.010720,0.161669,-1.669368,9.617234,0.030892,-0.063916,-0.035154
15.780353,2043.460858,-1.236389,0.000000,-0.006700,-0.223961,0.000000,-0.004020,-10.917341,0.000000,-0.005360,-0.058291,0.000000,-0.010720,0.174814,-1.660931,9.626749,0.033023,-0.063916,-0.035154
15.790639,2043.470552,-1.236389,0.000000,-0.006700,-0.223961,0.000000,-0.004020,-10.917341,0.000000,-0.005360,-0.058291,0.000000,-0.010720,0.168830,-1.662108,9.620765,0.027697,-0.064980,-0.035154
15.800177,2043.479801,-1.234855,0.000000,-0.006700,-0.223961,0.000000,-0.004020,-10.917341,0.000000,-0.005360,-0.058291,0.000000,-0.010720,0.173637,-1.668092,9.618411,0.029828,-0.063916,-0.036219
15.810762,2043.489593,-1.236389,0.000000,-0.006700,-0.223961,0.000000,-0.004020,-10.917341,0.000000,-0.005360,-0.058291,0.000000,-0.010720,0.171283,-1.672899,9.612427,0.031959,-0.063916,-0.036219
15.820274,2043.499039,-1.236389,0.000000,-0.006700,-0.223961,0.000000,-0.004020,-10.917341,0.000000,-0.005360,-0.058291,0.000000,-0.010720,0.155685,-1.674076,9.600458,0.029828,-0.064980,-0.036219
15.830262,2043.508716,-1.236389,0.000000,-0.006700,-0.223961,0.000000,-0.004020,-10.917341,0.000000,-0.005360,-0.058291,0.000000,-0.010720,0.158039,-1.676529,9.601636,0.028761,-0.066047,-0.036219
15.840230,2043.518382,-1.236389,0.000000,-0.006700,-0.223961,0.000000,-0.004020,-10.917341,0.000000,-0.005360,-0.058291,0.000000,-0.010720,0.155685,-1.682513,9.600458,0.028761,-0.064980,-0.036219
15.850283,2043.527596,-1.234855,0.000000,-0.006700,-0.223961,0.000000,-0.004020,-10.917341,0.000000,-0.005360,-0.058291,0.000000,-0.010720,0.159314,-1.693304,9.608797,0.025566,-0.064980,-0.035154
15.860529,2043.537429,-1.236389,0.000000,-0.006700,-0.223961,0.000000,-0.004020,-10.917341,0.000000,-0.005360,-0.058291,0.000000,-0.010720,0.167653,-1.701643,9.600458,0.027697,-0.063916,-0.034088
15.870525,2043.546901,-1.236389,0.000000,-0.006700,-0.223961,0.000000,-0.004020,-10.917341,0.000000,-0.005360,-0.058291,0.000000,-0.010720,0.178444,-1.682513,9.587215,0.030892,-0.063916,-0.036219
15.880450,2043.556387,-1.236389,0.000000,-0.006700,-0.223961,0.000000,-0.004020,-10.917341,0.000000,-0.005360,-0.058291,0.000000,-0.010720,0.183251,-1.677706,9.602813,0.033023,-0.064980,-0.036219
15.890279,2043.566089,-1.236389,0.000000,-0.006700,-0.223961,0.000000,-0.004020,-10.917341,0.000000,-0.005360,-0.058291,0.000000,-0.010720,0.202380,-1.645333,9.608797,0.035154,-0.064980,-0.035154
15.900137,2043.575387,-1.234855,0.000000,-0.006700,-0.223961,0.000000,-0.004020,-10.917341,0.000000,-0.005360,-0.058291,0.000000,-0.010720,0.165299,-1.662108,9.608797,0.019174,-0.063916,-0.031959
15.910484,2043.585208,-1.236389,0.000000,-0.006700,-0.223961,0.000000,-0.004020,-10.917341,0.000000,-0.005360,-0.058291,0.000000,-0.010720,0.153330,-1.708804,9.603990,0.001065,-0.064980,-0.037284
15.920531,2043.594592,-1.236389,0.000000,-0.006700,-0.223961,0.000000,-0.004020,-10.917341,0.000000,-0.005360,-0.058291,0.000000,-0.010720,0.180798,-1.734016,9.580054,0.025566,-0.066047,-0.038350
15.930643,2043.603931,-1.234855,0.000000,-0.006700,-0.222427,0.000000,-0.004020,-10.917341,0.000000,-0.005360,-0.058291,0.000000,-0.010720,0.161669,-1.622672,9.614781,0.069242,-0.064980,-0.033023
15.940282,2043.623143,-1.236389,0.000000,-0.006700,-0.223961,0.000000,-0.004020,-10.917341,0.000000,-0.005360,-0.058291,0.000000,-0.010720,0.170007,-1.662108,9.592022,0.021305,-0.066047,-0.043675
15.950149,2043.632790,-1.236389,0.000000,-0.006700,-0.223961,0.000000,-0.004020,-10.917341,0.000000,-0.005360,-0.058291,0.000000,-0.010720,0.180798,-1.689674,9.600458,0.044742,-0.064980,-0.038350
15.960472,2043.642142,-1.236389,0.000000,-0.006700,-0.223961,0.000000,-0.004020,-10.917341,0.000000,-0.005360,-0.058291,0.000000,-0.010720,0.156862,-1.555572,9.637540,0.067111,-0.063916,-0.034088
15.970270,2043.651990,-1.236389,0.000000,-0.006700,-0.223961,0.000000,-0.004020,-10.917341,0.000000,-0.005360,-0.058291,0.000000,-0.010720,0.165299,-1.625026,9.619588,0.014914,-0.064980,-0.034088
15.980422,2043.661233,-1.236389,0.000000,-0.006700,-0.223961,0.000000,-0.004020,-10.917341,0.000000,-0.005360,-0.058291,0.000000,-0.010720,0.159314,-1.754322,9.588490,-0.022370,-0.064980,-0.037284
15.990195,2043.671162,-1.236389,0.000000,-0.006700,-0.223961,0.000000,-0.004020,-10.917341,0.000000,-0.005360,-0.058291,0.000000,-0.010720,0.155685,-1.699288,9.600458,0.029828,-0.064980,-0.036219
16.000400,2043.680717,-1.236389,0.000000,-0.006700,-0.223961,0.000000,-0.004020,-10.917341,0.000000,-0.005360,-0.058291,0.000000,-0.010720,0.146071,-1.626204,9.634009,0.070307,-0.062851,-0.035154
16.010219,2043.689969,-1.236389,0.000000,-0.006700,-0.223961,0.000000,-0.004020,-10.917341,0.000000,-0.005360,-0.058291,0.000000,-0.010720,0.162846,-1.632188,9.619588,0.038350,-0.064980,-0.037284
16.020250,2043.699681,-1.236389,0.000000,-0.006700,-0.223961,0.000000,-0.004020,-10.917341,0.000000,-0.005360,-0.058291,0.000000,-0.010720,0.168830,-1.729209,9.595652,0.002131,-0.066047,-0.040479
16.030468,2043.709352,-1.236389,0.000000,-0.006700,-0.223961,0.000000,-0.004020,-10.917341,0.000000,-0.005360,-0.058291,0.000000,-0.010720,0.156862,-1.718418,9.598006,0.031959,-0.064980,-0.037284
16.040100,2043.718673,-1.236389,0.000000,-0.006700,-0.223961,0.000000,-0.004020,-10.917341,0.000000,-0.005360,-0.058291,0.000000,-0.010720,0.166476,-1.609429,9.631556,0.059655,-0.062851,-0.036219
16.050282,2043.728250,-1.236389,0.000000,-0.006700,-0.223961,0.000000,-0.004020,-10.917341,0.000000,-0.005360,-0.058291,0.000000,-0.010720,0.180798,-1.659754,9.614781,0.026632,-0.064980,-0.036219
16.060684,2043.737703,-1.236389,0.000000,-0.006700,-0.223961,0.000000,-0.004020,-10.917341,0.000000,-0.005360,-0.058291,0.000000,-0.010720,0.185605,-1.724402,9.594474,0.004260,-0.066047,-0.035154
16.070362,2043.747293,-1.236389,0.000000,-0.006700,-0.223961,0.000000,-0.004020,-10.917341,0.000000,-0.005360,-0.058291,0.000000,-0.010720,0.162846,-1.717241,9.602813,0.025566,-0.064980,-0.035154
16.080531,2043.757048,-1.236389,0.000000,-0.006700,-0.223961,0.000000,-0.004020,-10.917341,0.000000,-0.005360,-0.058291,0.000000,-0.010720,0.162846,-1.678883,9.618411,0.045806,-0.066047,-0.035154
16.090502,2043.766441,-1.236389,0.000000,-0.006700,-0.223961,0.000000,-0.004020,-10.917341,0.000000,-0.005360,-0.058291,0.000000,-0.010720,0.167653,-1.657399,9.606442,0.037284,-0.063916,-0.036219
16.100114,2043.776149,-1.234855,0.000000,-0.006700,-0.223961,0.000000,-0.004020,-10.917341,0.000000,-0.005360,-0.058291,0.000000,-0.010720,0.170007,-1.695659,9.602813,0.020241,-0.063916,-0.037284
16.110195,2043.785564,-1.236389,0.000000,-0.006700,-0.223961,0.000000,-0.004020,-10.917341,0.000000,-0.005360,-0.058291,0.000000,-0.010720,0.173637,-1.707627,9.596829,0.023436,-0.066047,-0.036219
16.120186,2043.794988,-1.234855,0.000000,-0.006700,-0.223961,0.000000,-0.004020,-10.917341,0.000000,-0.005360,-0.058291,0.000000,-0.010720,0.172460,-1.676529,9.600458,0.040479,-0.063916,-0.035154
16.130486,2043.804602,-1.236389,0.000000,-0.006700,-0.223961,0.000000,-0.004020,-10.915807,0.000000,-0.005360,-0.058291,0.000000,-0.010720,0.165299,-1.648963,9.619588,0.043675,-0.063916,-0.035154
16.140222,2043.814228,-1.236389,0.000000,-0.006700,-0.223961,0.000000,-0.004020,-10.917341,0.000000,-0.005360,-0.058291,0.000000,-0.010720,0.174814,-1.672899,9.603990,0.028761,-0.063916,-0.036219
16.150346,2043.823790,-1.236389,0.000000,-0.006700,-0.223961,0.000000,-0.004020,-10.917341,0.000000,-0.005360,-0.058291,0.000000,-0.010720,0.184428,-1.672899,9.601636,0.023436,-0.064980,-0.037284
16.160655,2043.843048,-1.234855,0.000000,-0.006700,-0.223961,0.000000,-0.004020,-10.917341,0.000000,-0.005360,-0.058291,0.000000,-0.010720,0.155685,-1.646609,9.611249,0.035154,-0.063916,-0.034088
16.170227,2043.852426,-1.234855,0.000000,-0.006700,-0.223961,0.000000,-0.004020,-10.917341,0.000000,-0.005360,-0.058291,0.000000,-0.010720,0.147248,-1.666915,9.606442,0.027697,-0.064980,-0.037284
16.180590,2043.862141,-1.236389,0.000000,-0.006700,-0.223961,0.000000,-0.004020,-10.917341,0.000000,-0.005360,-0.058291,0.000000,-0.010720,0.147248,-1.668092,9.608797,0.026632,-0.063916,-0.040479
16.190410,2043.871611,-1.236389,0.000000,-0.006700,-0.223961,0.000000,-0.004020,-10.917341,0.000000,-0.005360,-0.058291,0.000000,-0.010720,0.142539,-1.650140,9.623218,0.037284,-0.062851,-0.038350
16.200150,2043.881064,-1.236389,0.000000,-0.006700,-0.223961,0.000000,-0.004020,-10.917341,0.000000,-0.005360,-0.058291,0.000000,-0.010720,0.149701,-1.653770,9.613604,0.037284,-0.064980,-0.038350
16.210482,2043.890501,-1.236389,0.000000,-0.006700,-0.223961,0.000000,-0.004020,-10.917341,0.000000,-0.005360,-0.058291,0.000000,-0.010720,0.154508,-1.654947,9.611249,0.028761,-0.064980,-0.036219
16.220266,2043.900208,-1.234855,0.000000,-0.006700,-0.223961,0.000000,-0.004020,-10.917341,0.000000,-0.005360,-0.058291,0.000000,-0.010720,0.156862,-1.671722,9.611249,0.025566,-0.064980,-0.037284
16.230310,2043.909850,-1.236389,0.000000,-0.006700,-0.223961,0.000000,-0.004020,-10.917341,0.000000,-0.005360,-0.058291,0.000000,-0.010720,0.168830,-1.665738,9.615958,0.030892,-0.064980,-0.036219
16.240812,2043.919292,-1.236389,0.000000,-0.006700,-0.223961,0.000000,-0.004020,-10.917341,0.000000,-0.005360,-0.058291,0.000000,-0.010720,0.155685,-1.668092,9.609974,0.030892,-0.064980,-0.035154
16.250522,2043.928644,-1.234855,0.000000,-0.006700,-0.223961,0.000000,-0.004020,-10.917341,0.000000,-0.005360,-0.058291,0.000000,-0.010720,0.156862,-1.676529,9.607620,0.025566,-0.064980,-0.037284
16.260438,2043.938364,-1.234855,0.000000,-0.006700,-0.223961,0.000000,-0.004020,-10.917341,0.000000,-0.005360,-0.058291,0.000000,-0.010720,0.160492,-1.708804,9.605265,0.026632,-0.066047,-0.036219
16.270389,2043.947794,-1.236389,0.000000,-0.006700,-0.223961,0.000000,-0.004020,-10.917341,0.000000,-0.005360,-0.058291,0.000000,-0.010720,0.150878,-1.682513,9.613604,0.035154,-0.064980,-0.037284
16.280280,2043.957447,-1.236389,0.000000,-0.006700,-0.223961,0.000000,-0.004020,-10.917341,0.000000,-0.005360,-0.058291,0.000000,-0.010720,0.164023,-1.672899,9.618411,0.035154,-0.064980,-0.037284
16.290415,2043.967196,-1.236389,0.000000,-0.006700,-0.223961,0.000000,-0.004020,-10.917341,0.000000,-0.005360,-0.058291,0.000000,-0.010720,0.178444,-1.689674,9.607620,0.028761,-0.063916,-0.037284
16.300486,2043.976400,-1.236389,0.000000,-0.006700,-0.223961,0.000000,-0.004020,-10.917341,0.000000,-0.005360,-0.058291,0.000000,-0.010720,0.167653,-1.696836,9.601636,0.025566,-0.063916,-0.035154
16.310489,2043.986105,-1.236389,0.000000,-0.006700,-0.223961,0.000000,-0.004020,-10.917341,0.000000,-0.005360,-0.058291,0.000000,-0.010720,0.168830,-1.689674,9.603990,0.029828,-0.063916,-0.035154
16.320320,2043.995736,-1.234855,0.000000,-0.006700,-0.223961,0.000000,-0.004020,-10.917341,0.000000,-0.005360,-0.058291,0.000000,-0.010720,0.171283,-1.680061,9.601636,0.033023,-0.064980,-0.036219
16.330147,2044.005333,-1.236389,0.000000,-0.006700,-0.223961,0.000000,-0.004020,-10.917341,0.000000,-0.005360,-0.058291,0.000000,-0.010720,0.166476,-1.682513,9.613604,0.031959,-0.066047,-0.036219
16.340333,2044.014644,-1.234855,0.000000,-0.006700,-0.223961,0.000000,-0.004020,-10.917341,0.000000,-0.005360,-0.058291,0.000000,-0.010720,0.167653,-1.693304,9.613604,0.029828,-0.063916,-0.036219
16.350558,2044.024418,-1.236389,0.000000,-0.006700,-0.223961,0.000000,-0.004020,-10.917341,0.000000,-0.005360,-0.058291,0.000000,-0.010720,0.160492,-1.692127,9.615958,0.033023,-0.063916,-0.036219
16.360448,2044.034021,-1.236389,0.000000,-0.006700,-0.223961,0.000000,-0.004020,-10.917341,0.000000,-0.005360,-0.058291,0.000000,-0.010720,0.152055,-1.670545,9.621942,0.037284,-0.063916,-0.038350
16.370469,2044.052738,-1.236389,0.000000,-0.006700,-0.223961,0.000000,-0.004020,-10.917341,0.000000,-0.005360,-0.058291,0.000000,-0.010720,0.165299,-1.664561,9.603990,0.030892,-0.066047,-0.035154
16.380305,2044.062656,-1.236389,0.000000,-0.006700,-0.223961,0.000000,-0.004020,-10.917341,0.000000,-0.005360,-0.058291,0.000000,-0.010720,0.159314,-1.671722,9.620765,0.027697,-0.066047,-0.036219
16.390338,2044.072141,-1.236389,0.000000,-0.006700,-0.223961,0.000000,-0.004020,-10.917341,0.000000,-0.005360,-0.058291,0.000000,-0.010720,0.161669,-1.669368,9.624395,0.031959,-0.066047,-0.035154
16.400160,2044.081691,-1.234855,0.000000,-0.006700,-0.223961,0.000000,-0.004020,-10.917341,0.000000,-0.005360,-0.058291,0.000000,-0.010720,0.171283,-1.658577,9.613604,0.035154,-0.066047,-0.036219
16.410560,2044.091205,-1.234855,0.000000,-0.006700,-0.223961,0.000000,-0.004020,-10.917341,0.000000,-0.005360,-0.058291,0.000000,-0.010720,0.165299,-1.662108,9.635186,0.030892,-0.063916,-0.036219
16.420165,2044.100716,-1.236389,0.000000,-0.006700,-0.223961,0.000000,-0.004020,-10.915807,0.000000,-0.005360,-0.058291,0.000000,-0.010720,0.170007,-1.670545,9.619588,0.030892,-0.064980,-0.037284
16.430076,2044.110194,-1.236389,0.000000,-0.006700,-0.223961,0.000000,-0.004020,-10.917341,0.000000,-0.005360,-0.058291,0.000000,-0.010720,0.159314,-1.671722,9.612427,0.030892,-0.066047,-0.036219
16.440431,2044.119959,-1.236389,0.000000,-0.006700,-0.223961,0.000000,-0.004020,-10.917341,0.000000,-0.005360,-0.058291,0.000000,-0.010720,0.168830,-1.669368,9.623218,0.030892,-0.064980,-0.036219
16.450117,2044.129165,-1.236389,0.000000,-0.006700,-0.223961,0.000000,-0.004020,-10.917341,0.000000,-0.005360,-0.058291,0.000000,-0.010720,0.155685,-1.660931,9.620765,0.030892,-0.064980,-0.036219
16.460536,2044.139016,-1.236389,0.000000,-0.006700,-0.223961,0.000000,-0.004020,-10.917341,0.000000,-0.005360,-0.058291,0.000000,-0.010720,0.162846,-1.674076,9.617234,0.028761,-0.066047,-0.035154
16.470372,2044.148331,-1.234855,0.000000,-0.006700,-0.223961,0.000000,-0.004020,-10.917341,0.000000,-0.005360,-0.058291,0.000000,-0.010720,0.155685,-1.683690,9.617234,0.028761,-0.066047,-0.034088
16.480215,2044.158155,-1.236389,0.000000,-0.006700,-0.223961,0.000000,-0.004020,-10.917341,0.000000,-0.005360,-0.058291,0.000000,-0.010720,0.166476,-1.689674,9.614781,0.030892,-0.066047,-0.036219
16.490074,2044.167331,-1.234855,0.000000,-0.006700,-0.223961,0.000000,-0.004020,-10.917341,0.000000,-0.005360,-0.058291,0.000000,-0.010720,0.167653,-1.676529,9.611249,0.031959,-0.062851,-0.038350
16.500498,2044.177196,-1.236389,0.000000,-0.006700,-0.223961,0.000000,-0.004020,-10.917341,0.000000,-0.005360,-0.058291,0.000000,-0.010720,0.173637,-1.684868,9.608797,0.033023,-0.063916,-0.037284
16.510424,2044.186499,-1.236389,0.000000,-0.006700,-0.223961,0.000000,-0.004020,-10.917341,0.000000,-0.005360,-0.058291,0.000000,-0.010720,0.175991,-1.682513,9.613604,0.031959,-0.064980,-0.037284
16.520431,2044.196349,-1.236389,0.000000,-0.006700,-0.223961,0.000000,-0.004020,-10.917341,0.000000,-0.005360,-0.058291,0.000000,-0.010720,0.167653,-1.688497,9.617234,0.029828,-0.063916,-0.036219
16.530342,2044.205782,-1.236389,0.000000,-0.006700,-0.223961,0.000000,-0.004020,-10.917341,0.000000,-0.005360,-0.058291,0.000000,-0.010720,0.156862,-1.688497,9.612427,0.030892,-0.064980,-0.036219
16.540291,2044.215238,-1.236389,0.000000,-0.006700,-0.223961,0.000000,-0.004020,-10.917341,0.000000,-0.005360,-0.058291,0.000000,-0.010720,0.154508,-1.678883,9.625572,0.033023,-0.063916,-0.037284
16.550740,2044.224715,-1.236389,0.000000,-0.006700,-0.223961,0.000000,-0.004020,-10.917341,0.000000,-0.005360,-0.058291,0.000000,-0.010720,0.160492,-1.680061,9.623218,0.030892,-0.066047,-0.037284
16.560377,2044.234546,-1.236389,0.000000,-0.006700,-0.223961,0.000000,-0.004020,-10.917341,0.000000,-0.005360,-0.058291,0.000000,-0.010720,0.164023,-1.678883,9.620765,0.030892,-0.064980,-0.036219
16.570150,2044.243928,-1.236389,0.000000,-0.006700,-0.223961,0.000000,-0.004020,-10.917341,0.000000,-0.005360,-0.058291,0.000000,-0.010720,0.160492,-1.676529,9.611249,0.030892,-0.063916,-0.036219
16.580352,2044.262937,-1.236389,0.000000,-0.006700,-0.223961,0.000000,-0.004020,-10.917341,0.000000,-0.005360,-0.058291,0.000000,-0.010720,0.172460,-1.658577,9.625572,0.033023,-0.064980,-0.036219
16.590484,2044.272498,-1.236389,0.000000,-0.006700,-0.223961,0.000000,-0.004020,-10.917341,0.000000,-0.005360,-0.058291,0.000000,-0.010720,0.159314,-1.658577,9.618411,0.030892,-0.063916,-0.036219
16.600101,2044.282158,-1.236389,0.000000,-0.006700,-0.223961,0.000000,-0.004020,-10.917341,0.000000,-0.005360,-0.058291,0.000000,-0.010720,0.161669,-1.671722,9.618411,0.030892,-0.063916,-0.036219
16.610405,2044.291612,-1.234855,0.000000,-0.006700,-0.223961,0.000000,-0.004020,-10.917341,0.000000,-0.005360,-0.058291,0.000000,-0.010720,0.158039,-1.680061,9.623218,0.029828,-0.066047,-0.036219
16.620389,2044.301243,-1.236389,0.000000,-0.006700,-0.223961,0.000000,-0.004020,-10.917341,0.000000,-0.005360,-0.058291,0.000000,-0.010720,0.159314,-1.676529,9.624395,0.029828,-0.064980,-0.036219
16.630269,2044.310781,-1.236389,0.000000,-0.006700,-0.223961,0.000000,-0.004020,-10.917341,0.000000,-0.005360,-0.058291,0.000000,-0.010720,0.158039,-1.678883,9.617234,0.029828,-0.064980,-0.037284
16.640068,2044.320383,-1.236389,0.000000,-0.006700,-0.223961,0.000000,-0.004020,-10.917341,0.000000,-0.005360,-0.058291,0.000000,-0.010720,0.164023,-1.676529,9.608797,0.029828,-0.063916,-0.036219
16.650061,2044.329685,-1.236389,0.000000,-0.006700,-0.223961,0.000000,-0.004020,-10.917341,0.000000,-0.005360,-0.058291,0.000000,-0.010720,0.167653,-1.690852,9.608797,0.031959,-0.062851,-0.036219
16.660496,2044.339288,-1.236389,0.000000,-0.006700,-0.223961,0.000000,-0.004020,-10.917341,0.000000,-0.005360,-0.058291,0.000000,-0.010720,0.161669,-1.684868,9.613604,0.029828,-0.063916,-0.034088
16.670391,2044.348951,-1.234855,0.000000,-0.006700,-0.223961,0.000000,-0.004020,-10.917341,0.000000,-0.005360,-0.058291,0.000000,-0.010720,0.167653,-1.674076,9.628025,0.029828,-0.063916,-0.036219
16.680192,2044.358478,-1.234855,0.000000,-0.006700,-0.223961,0.000000,-0.004020,-10.917341,0.000000,-0.005360,-0.058291,0.000000,-0.010720,0.156862,-1.670545,9.609974,0.030892,-0.064980,-0.037284
16.690524,2044.367928,-1.236389,0.000000,-0.006700,-0.223961,0.000000,-0.004020,-10.917341,0.000000,-0.005360,-0.058291,0.000000,-0.010720,0.171283,-1.680061,9.613604,0.031959,-0.066047,-0.037284
16.700099,2044.377792,-1.236389,0.000000,-0.006700,-0.223961,0.000000,-0.004020,-10.917341,0.000000,-0.005360,-0.058291,0.000000,-0.010720,0.166476,-1.681336,9.611249,0.030892,-0.063916,-0.037284
16.710338,2044.387250,-1.236389,0.000000,-0.006700,-0.223961,0.000000,-0.004020,-10.917341,0.000000,-0.005360,-0.058291,0.000000,-0.010720,0.159314,-1.684868,9.636363,0.029828,-0.064980,-0.036219
16.720175,2044.396597,-1.236389,0.000000,-0.006700,-0.223961,0.000000,-0.004020,-10.917341,0.000000,-0.005360,-0.058291,0.000000,-0.010720,0.156862,-1.683690,9.623218,0.030892,-0.067111,-0.037284
16.730091,2044.406398,-1.236389,0.000000,-0.006700,-0.223961,0.000000,-0.004020,-10.917341,0.000000,-0.005360,-0.059825,0.000000,-0.010720,0.143716,-1.674076,9.621942,0.030892,-0.066047,-0.036219
16.740359,2044.415739,-1.236389,0.000000,-0.006700,-0.223961,0.000000,-0.004020,-10.917341,0.000000,-0.005360,-0.058291,0.000000,-0.010720,0.152055,-1.681336,9.620765,0.031959,-0.064980,-0.036219
16.750702,2044.425549,-1.236389,0.000000,-0.006700,-0.223961,0.000000,-0.004020,-10.917341,0.000000,-0.005360,-0.058291,0.000000,-0.010720,0.154508,-1.688497,9.615958,0.031959,-0.063916,-0.035154
16.760338,2044.435018,-1.236389,0.000000,-0.006700,-0.223961,0.000000,-0.004020,-10.917341,0.000000,-0.005360,-0.058291,0.000000,-0.010720,0.159314,-1.672899,9.612427,0.034088,-0.063916,-0.036219
16.770156,2044.444383,-1.236389,0.000000,-0.006700,-0.223961,0.000000,-0.004020,-10.917341,0.000000,-0.005360,-0.058291,0.000000,-0.010720,0.156862,-1.668092,9.619588,0.034088,-0.063916,-0.036219
16.780201,2044.454055,-1.236389,0.000000,-0.006700,-0.223961,0.000000,-0.004020,-10.917341,0.000000,-0.005360,-0.058291,0.000000,-0.010720,0.166476,-1.662108,9.619588,0.033023,-0.064980,-0.036219
16.790181,2044.472983,-1.234855,0.000000,-0.006700,-0.223961,0.000000,-0.004020,-10.917341,0.000000,-0.005360,-0.058291,0.000000,-0.010720,0.161669,-1.675352,9.629202,0.027697,-0.064980,-0.036219
16.800083,2044.482843,-1.236389,0.000000,-0.006700,-0.223961,0.000000,-0.004020,-10.915807,0.000000,-0.005360,-0.058291,0.000000,-0.010720,0.156862,-1.681336,9.621942,0.028761,-0.066047,-0.037284
16.810411,2044.492184,-1.234855,0.000000,-0.006700,-0.223961,0.000000,-0.004020,-10.917341,0.000000,-0.005360,-0.058291,0.000000,-0.010720,0.158039,-1.671722,9.619588,0.033023,-0.063916,-0.037284
16.820289,2044.501594,-1.236389,0.000000,-0.006700,-0.223961,0.000000,-0.004020,-10.917341,0.000000,-0.005360,-0.058291,0.000000,-0.010720,0.159314,-1.677706,9.611249,0.030892,-0.063916,-0.036219
16.830317,2044.511452,-1.236389,0.000000,-0.006700,-0.223961,0.000000,-0.004020,-10.917341,0.000000,-0.005360,-0.058291,0.000000,-0.010720,0.158039,-1.686143,9.615958,0.029828,-0.066047,-0.035154
16.840345,2044.520736,-1.236389,0.000000,-0.006700,-0.223961,0.000000,-0.004020,-10.917341,0.000000,-0.005360,-0.058291,0.000000,-0.010720,0.154508,-1.675352,9.612427,0.029828,-0.064980,-0.036219
16.850189,2044.530591,-1.236389,0.000000,-0.006700,-0.223961,0.000000,-0.004020,-10.917341,0.000000,-0.005360,-0.058291,0.000000,-0.010720,0.155685,-1.687320,9.620765,0.029828,-0.062851,-0.036219
16.860544,2044.539928,-1.234855,0.000000,-0.006700,-0.223961,0.000000,-0.004020,-10.917341,0.000000,-0.005360,-0.058291,0.000000,-0.010720,0.172460,-1.677706,9.603990,0.030892,-0.063916,-0.036219
16.870185,2044.549545,-1.236389,0.000000,-0.006700,-0.223961,0.000000,-0.004020,-10.917341,0.000000,-0.005360,-0.058291,0.000000,-0.010720,0.160492,-1.678883,9.625572,0.030892,-0.064980,-0.036219
16.880211,2044.559225,-1.236389,0.000000,-0.006700,-0.223961,0.000000,-0.004020,-10.917341,0.000000,-0.005360,-0.058291,0.000000,-0.010720,0.183251,-1.659754,9.612427,0.029828,-0.064980,-0.036219
16.890307,2044.568792,-1.234855,0.000000,-0.006700,-0.223961,0.000000,-0.004020,-10.917341,0.000000,-0.005360,-0.058291,0.000000,-0.010720,0.156862,-1.681336,9.636363,0.029828,-0.063916,-0.034088
16.900512,2044.578055,-1.236389,0.000000,-0.006700,-0.223961,0.000000,-0.004020,-10.917341,0.000000,-0.005360,-0.058291,0.000000,-0.010720,0.150878,-1.708804,9.626749,0.020241,-0.066047,-0.035154
16.910368,2044.587791,-1.236389,0.000000,-0.006700,-0.223961,0.000000,-0.004020,-10.917341,0.000000,-0.005360,-0.058291,0.000000,-0.010720,0.186782,-1.689674,9.601636,0.026632,-0.067111,-0.038350
16.920372,2044.597225,-1.236389,0.000000,-0.006700,-0.223961,0.000000,-0.004020,-10.917341,0.000000,-0.005360,-0.058291,0.000000,-0.010720,0.173637,-1.652593,9.628025,0.047937,-0.064980,-0.033023
16.930241,2044.606716,-1.236389,0.000000,-0.006700,-0.223961,0.000000,-0.004020,-10.917341,0.000000,-0.005360,-0.058291,0.000000,-0.010720,0.140087,-1.705272,9.643524,0.025566,-0.063916,-0.035154
16.940417,2044.616401,-1.236389,0.000000,-0.006700,-0.223961,0.000000,-0.004020,-10.917341,0.000000,-0.005360,-0.058291,0.000000,-0.010720,0.172460,-1.694481,9.600458,0.018110,-0.066047,-0.041546
16.950242,2044.626079,-1.236389,0.000000,-0.006700,-0.223961,0.000000,-0.004020,-10.917341,0.000000,-0.005360,-0.058291,0.000000,-0.010720,0.160492,-1.676529,9.624395,0.041546,-0.064980,-0.039415
16.960362,2044.635437,-1.236389,0.000000,-0.006700,-0.223961,0.000000,-0.004020,-10.917341,0.000000,-0.005360,-0.058291,0.000000,-0.010720,0.148523,-1.627381,9.632733,0.055393,-0.064980,-0.033023
16.970101,2044.644929,-1.236389,0.000000,-0.006700,-0.223961,0.000000,-0.004020,-10.917341,0.000000,-0.005360,-0.058291,0.000000,-0.010720,0.166476,-1.663384,9.623218,0.022370,-0.064980,-0.038350
16.980472,2044.654653,-1.236389,0.000000,-0.006700,-0.223961,0.000000,-0.004020,-10.917341,0.000000,-0.005360,-0.058291,0.000000,-0.010720,0.137732,-1.690852,9.615958,0.018110,-0.064980,-0.035154
16.990336,2044.663980,-1.236389,0.000000,-0.006700,-0.223961,0.000000,-0.004020,-10.915807,0.000000,-0.005360,-0.058291,0.000000,-0.010720,0.154508,-1.663384,9.617234,0.035154,-0.063916,-0.037284
17.000140,2044.673808,-1.236389,0.000000,-0.006700,-0.223961,0.000000,-0.004020,-10.917341,0.000000,-0.005360,-0.058291,0.000000,-0.010720,0.152055,-1.636995,9.624395,0.039415,-0.063916,-0.036219
17.010507,2044.692558,-1.234855,0.000000,-0.006700,-0.223961,0.000000,-0.004020,-10.917341,0.000000,-0.005360,-0.058291,0.000000,-0.010720,0.162846,-1.710079,9.603990,0.013849,-0.066047,-0.037284
17.020098,2044.702417,-1.236389,0.000000,-0.006700,-0.223961,0.000000,-0.004020,-10.917341,0.000000,-0.005360,-0.058291,0.000000,-0.010720,0.158039,-1.689674,9.608797,0.036219,-0.063916,-0.034088
17.030428,2044.711688,-1.236389,0.000000,-0.006700,-0.223961,0.000000,-0.004020,-10.917341,0.000000,-0.005360,-0.058291,0.000000,-0.010720,0.159314,-1.636995,9.634009,0.047937,-0.064980,-0.035154
17.040396,2044.721541,-1.234855,0.000000,-0.006700,-0.223961,0.000000,-0.004020,-10.917341,0.000000,-0.005360,-0.058291,0.000000,-0.010720,0.167653,-1.654947,9.628025,0.028761,-0.064980,-0.037284
17.050224,2044.730911,-1.236389,0.000000,-0.006700,-0.223961,0.000000,-0.004020,-10.917341,0.000000,-0.005360,-0.058291,0.000000,-0.010720,0.167653,-1.700465,9.614781,0.021305,-0.064980,-0.036219
17.060553,2044.740431,-1.236389,0.000000,-0.006700,-0.223961,0.000000,-0.004020,-10.917341,0.000000,-0.005360,-0.058291,0.000000,-0.010720,0.164023,-1.674076,9.612427,0.027697,-0.064980,-0.036219
17.070273,2044.750032,-1.236389,0.000000,-0.006700,-0.223961,0.000000,-0.004020,-10.917341,0.000000,-0.005360,-0.058291,0.000000,-0.010720,0.165299,-1.672899,9.617234,0.037284,-0.063916,-0.036219
17.080482,2044.759523,-1.236389,0.000000,-0.006700,-0.223961,0.000000,-0.004020,-10.917341,0.000000,-0.005360,-0.058291,0.000000,-0.010720,0.168830,-1.671722,9.609974,0.029828,-0.064980,-0.037284
17.090186,2044.769311,-1.236389,0.000000,-0.006700,-0.223961,0.000000,-0.004020,-10.917341,0.000000,-0.005360,-0.058291,0.000000,-0.010720,0.159314,-1.687320,9.612427,0.023436,-0.063916,-0.036219
17.100706,2044.778723,-1.236389,0.000000,-0.006700,-0.223961,0.000000,-0.004020,-10.917341,0.000000,-0.005360,-0.058291,0.000000,-0.010720,0.161669,-1.710079,9.619588,0.028761,-0.064980,-0.035154
17.110158,2044.788102,-1.234855,0.000000,-0.006700,-0.223961,0.000000,-0.004020,-10.917341,0.000000,-0.005360,-0.058291,0.000000,-0.010720,0.160492,-1.693304,9.625572,0.035154,-0.064980,-0.037284
17.120433,2044.797869,-1.236389,0.000000,-0.006700,-0.223961,0.000000,-0.004020,-10.917341,0.000000,-0.005360,-0.058291,0.000000,-0.010720,0.167653,-1.674076,9.613604,0.039415,-0.064980,-0.037284
17.130591,2044.807311,-1.236389,0.000000,-0.006700,-0.223961,0.000000,-0.004020,-10.917341,0.000000,-0.005360,-0.058291,0.000000,-0.010720,0.160492,-1.671722,9.612427,0.031959,-0.064980,-0.037284
17.140383,2044.816688,-1.234855,0.000000,-0.006700,-0.223961,0.000000,-0.004020,-10.917341,0.000000,-0.005360,-0.058291,0.000000,-0.010720,0.158039,-1.692127,9.620765,0.025566,-0.064980,-0.036219
17.150219,2044.826609,-1.236389,0.000000,-0.006700,-0.223961,0.000000,-0.004020,-10.917341,0.000000,-0.005360,-0.058291,0.000000,-0.010720,0.164023,-1.690852,9.623218,0.029828,-0.064980,-0.036219
17.160541,2044.836032,-1.236389,0.000000,-0.006700,-0.223961,0.000000,-0.004020,-10.917341,0.000000,-0.005360,-0.058291,0.000000,-0.010720,0.171283,-1.663384,9.618411,0.034088,-0.064980,-0.035154
17.170370,2044.845329,-1.236389,0.000000,-0.006700,-0.223961,0.000000,-0.004020,-10.917341,0.000000,-0.005360,-0.058291,0.000000,-0.010720,0.166476,-1.677706,9.624395,0.030892,-0.064980,-0.037284
17.180387,2044.855074,-1.234855,0.000000,-0.006700,-0.223961,0.000000,-0.004020,-10.917341,0.000000,-0.005360,-0.058291,0.000000,-0.010720,0.165299,-1.684868,9.613604,0.026632,-0.066047,-0.036219
17.190161,2044.864648,-1.234855,0.000000,-0.006700,-0.223961,0.000000,-0.004020,-10.917341,0.000000,-0.005360,-0.058291,0.000000,-0.010720,0.159314,-1.682513,9.613604,0.033023,-0.063916,-0.037284
17.200147,2044.874138,-1.236389,0.000000,-0.006700,-0.223961,0.000000,-0.004020,-10.917341,0.000000,-0.005360,-0.058291,0.000000,-0.010720,0.160492,-1.668092,9.618411,0.035154,-0.064980,-0.037284
17.210741,2044.883649,-1.236389,0.000000,-0.006700,-0.223961,0.000000,-0.004020,-10.917341,0.000000,-0.005360,-0.058291,0.000000,-0.010720,0.152055,-1.677706,9.630379,0.031959,-0.064980,-0.037284
17.220100,2044.902913,-1.236389,0.000000,-0.006700,-0.223961,0.000000,-0.004020,-10.917341,0.000000,-0.005360,-0.058291,0.000000,-0.010720,0.168830,-1.674076,9.613604,0.031959,-0.064980,-0.035154
17.230093,2044.912177,-1.236389,0.000000,-0.006700,-0.223961,0.000000,-0.004020,-10.917341,0.000000,-0.005360,-0.058291,0.000000,-0.010720,0.161669,-1.675352,9.625572,0.033023,-0.064980,-0.035154
17.240531,2044.921871,-1.236389,0.000000,-0.006700,-0.223961,0.000000,-0.004020,-10.917341,0.000000,-0.005360,-0.058291,0.000000,-0.010720,0.162846,-1.660931,9.629202,0.029828,-0.063916,-0.036219
17.250512,2044.931427,-1.236389,0.000000,-0.006700,-0.223961,0.000000,-0.004020,-10.917341,0.000000,-0.005360,-0.058291,0.000000,-0.010720,0.154508,-1.669368,9.614781,0.028761,-0.064980,-0.036219
17.260060,2044.941204,-1.236389,0.000000,-0.006700,-0.223961,0.000000,-0.004020,-10.917341,0.000000,-0.005360,-0.058291,0.000000,-0.010720,0.159314,-1.674076,9.611249,0.029828,-0.064980,-0.036219
17.270069,2044.950571,-1.236389,0.000000,-0.006700,-0.223961,0.000000,-0.004020,-10.917341,0.000000,-0.005360,-0.058291,0.000000,-0.010720,0.159314,-1.669368,9.620765,0.033023,-0.063916,-0.035154
17.280077,2044.960040,-1.236389,0.000000,-0.006700,-0.223961,0.000000,-0.004020,-10.917341,0.000000,-0.005360,-0.058291,0.000000,-0.010720,0.160492,-1.675352,9.615958,0.030892,-0.066047,-0.036219
17.290776,2044.969635,-1.236389,0.000000,-0.006700,-0.223961,0.000000,-0.004020,-10.917341,0.000000,-0.005360,-0.058291,0.000000,-0.010720,0.159314,-1.676529,9.613604,0.028761,-0.064980,-0.036219
17.300531,2044.979224,-1.236389,0.000000,-0.006700,-0.223961,0.000000,-0.004020,-10.917341,0.000000,-0.005360,-0.058291,0.000000,-0.010720,0.155685,-1.681336,9.623218,0.029828,-0.064980,-0.036219
17.310176,2044.988611,-1.236389,0.000000,-0.006700,-0.223961,0.000000,-0.004020,-10.917341,0.000000,-0.005360,-0.058291,0.000000,-0.010720,0.155685,-1.665738,9.631556,0.030892,-0.066047,-0.035154
17.320420,2044.998352,-1.236389,0.000000,-0.006700,-0.223961,0.000000,-0.004020,-10.917341,0.000000,-0.005360,-0.058291,0.000000,-0.010720,0.160492,-1.678883,9.615958,0.029828,-0.064980,-0.035154
17.330074,2045.007840,-1.236389,0.000000,-0.006700,-0.223961,0.000000,-0.004020,-10.917341,0.000000,-0.005360,-0.058291,0.000000,-0.010720,0.161669,-1.683690,9.621942,0.026632,-0.064980,-0.036219
17.340172,2045.017462,-1.234855,0.000000,-0.006700,-0.223961,0.000000,-0.004020,-10.917341,0.000000,-0.005360,-0.058291,0.000000,-0.010720,0.159314,-1.675352,9.615958,0.031959,-0.064980,-0.036219
17.350514,2045.027011,-1.236389,0.000000,-0.006700,-0.223961,0.000000,-0.004020,-10.917341,0.000000,-0.005360,-0.058291,0.000000,-0.010720,0.168830,-1.668092,9.611249,0.031959,-0.066047,-0.036219
17.360514,2045.036383,-1.236389,0.000000,-0.006700,-0.223961,0.000000,-0.004020,-10.917341,0.000000,-0.005360,-0.058291,0.000000,-0.010720,0.164023,-1.671722,9.619588,0.030892,-0.064980,-0.035154
17.370409,2045.046034,-1.236389,0.000000,-0.006700,-0.223961,0.000000,-0.004020,-10.917341,0.000000,-0.005360,-0.058291,0.000000,-0.010720,0.156862,-1.672899,9.611249,0.029828,-0.064980,-0.036219
17.380235,2045.055578,-1.236389,0.000000,-0.006700,-0.223961,0.000000,-0.004020,-10.917341,0.000000,-0.005360,-0.058291,0.000000,-0.010720,0.155685,-1.681336,9.620765,0.029828,-0.064980,-0.036219
17.390149,2045.065252,-1.234855,0.000000,-0.006700,-0.223961,0.000000,-0.004020,-10.917341,0.000000,-0.005360,-0.058291,0.000000,-0.010720,0.159314,-1.681336,9.615958,0.031959,-0.063916,-0.036219
17.400196,2045.074675,-1.234855,0.000000,-0.006700,-0.223961,0.000000,-0.004020,-10.917341,0.000000,-0.005360,-0.058291,0.000000,-0.010720,0.173637,-1.660931,9.605265,0.030892,-0.064980,-0.037284
17.410434,2045.084184,-1.236389,0.000000,-0.006700,-0.223961,0.000000,-0.004020,-10.917341,0.000000,-0.005360,-0.058291,0.000000,-0.010720,0.167653,-1.662108,9.611249,0.029828,-0.066047,-0.036219
17.420250,2045.093689,-1.236389,0.000000,-0.006700,-0.223961,0.000000,-0.004020,-10.917341,0.000000,-0.005360,-0.058291,0.000000,-0.010720,0.154508,-1.676529,9.624395,0.030892,-0.066047,-0.037284
17.430295,2045.112970,-1.236389,0.000000,-0.006700,-0.223961,0.000000,-0.004020,-10.917341,0.000000,-0.005360,-0.058291,0.000000,-0.010720,0.150878,-1.659754,9.617234,0.033023,-0.064980,-0.038350
17.440289,2045.122254,-1.234855,0.000000,-0.006700,-0.223961,0.000000,-0.004020,-10.917341,0.000000,-0.005360,-0.058291,0.000000,-0.010720,0.166476,-1.668092,9.617234,0.029828,-0.064980,-0.036219
17.450223,2045.131948,-1.236389,0.000000,-0.006700,-0.223961,0.000000,-0.004020,-10.917341,0.000000,-0.005360,-0.058291,0.000000,-0.010720,0.160492,-1.682513,9.624395,0.028761,-0.062851,-0.037284
17.460358,2045.141717,-1.236389,0.000000,-0.006700,-0.223961,0.000000,-0.004020,-10.917341,0.000000,-0.005360,-0.058291,0.000000,-0.010720,0.153330,-1.677706,9.619588,0.028761,-0.066047,-0.037284
17.470470,2045.150997,-1.236389,0.000000,-0.006700,-0.223961,0.000000,-0.004020,-10.917341,0.000000,-0.005360,-0.058291,0.000000,-0.010720,0.156862,-1.668092,9.629202,0.029828,-0.063916,-0.037284
17.480523,2045.160715,-1.236389,0.000000,-0.006700,-0.223961,0.000000,-0.004020,-10.917341,0.000000,-0.005360,-0.058291,0.000000,-0.010720,0.152055,-1.674076,9.623218,0.029828,-0.066047,-0.036219
17.490142,2045.170261,-1.236389,0.000000,-0.006700,-0.223961,0.000000,-0.004020,-10.917341,0.000000,-0.005360,-0.058291,0.000000,-0.010720,0.161669,-1.677706,9.620765,0.028761,-0.064980,-0.036219
17.500104,2045.179633,-1.236389,0.000000,-0.006700,-0.223961,0.000000,-0.004020,-10.917341,0.000000,-0.005360,-0.058291,0.000000,-0.010720,0.172460,-1.686143,9.612427,0.029828,-0.063916,-0.035154
17.510234,2045.189215,-1.234855,0.000000,-0.006700,-0.223961,0.000000,-0.004020,-10.917341,0.000000,-0.005360,-0.058291,0.000000,-0.010720,0.166476,-1.683690,9.602813,0.031959,-0.064980,-0.037284
17.520414,2045.198716,-1.234855,0.000000,-0.006700,-0.223961,0.000000,-0.004020,-10.917341,0.000000,-0.005360,-0.058291,0.000000,-0.010720,0.172460,-1.682513,9.617234,0.033023,-0.064980,-0.036219
17.530376,2045.208237,-1.236389,0.000000,-0.006700,-0.223961,0.000000,-0.004020,-10.917341,0.000000,-0.005360,-0.058291,0.000000,-0.010720,0.168830,-1.682513,9.608797,0.031959,-0.064980,-0.037284
17.540189,2045.218102,-1.234855,0.000000,-0.006700,-0.223961,0.000000,-0.004020,-10.917341,0.000000,-0.005360,-0.058291,0.000000,-0.010720,0.159314,-1.684868,9.614781,0.029828,-0.064980,-0.036219
17.550210,2045.227687,-1.236389,0.000000,-0.006700,-0.223961,0.000000,-0.004020,-10.917341,0.000000,-0.005360,-0.056757,0.000000,-0.010720,0.155685,-1.687320,9.617234,0.030892,-0.064980,-0.036219
17.560547,2045.237140,-1.236389,0.000000,-0.006700,-0.223961,0.000000,-0.004020,-10.917341,0.000000,-0.005360,-0.058291,0.000000,-0.010720,0.162846,-1.695659,9.600458,0.031959,-0.064980,-0.037284
17.570357,2045.246777,-1.234855,0.000000,-0.006700,-0.223961,0.000000,-0.004020,-10.917341,0.000000,-0.005360,-0.058291,0.000000,-0.010720,0.162846,-1.682513,9.613604,0.033023,-0.064980,-0.036219
17.580658,2045.256090,-1.234855,0.000000,-0.006700,-0.223961,0.000000,-0.004020,-10.917341,0.000000,-0.005360,-0.058291,0.000000,-0.010720,0.170007,-1.665738,9.611249,0.031959,-0.063916,-0.035154
17.590230,2045.265549,-1.234855,0.000000,-0.006700,-0.223961,0.000000,-0.004020,-10.917341,0.000000,-0.005360,-0.058291,0.000000,-0.010720,0.167653,-1.675352,9.619588,0.031959,-0.064980,-0.037284
17.600524,2045.275206,-1.236389,0.000000,-0.006700,-0.223961,0.000000,-0.004020,-10.917341,0.000000,-0.005360,-0.058291,0.000000,-0.010720,0.156862,-1.668092,9.623218,0.033023,-0.064980,-0.036219
17.610153,2045.284871,-1.234855,0.000000,-0.006700,-0.223961,0.000000,-0.004020,-10.917341,0.000000,-0.005360,-0.058291,0.000000,-0.010720,0.167653,-1.665738,9.624395,0.033023,-0.064980,-0.037284
17.620477,2045.294432,-1.236389,0.000000,-0.006700,-0.223961,0.000000,-0.004020,-10.917341,0.000000,-0.005360,-0.058291,0.000000,-0.010720,0.159314,-1.659754,9.611249,0.031959,-0.062851,-0.037284
17.630340,2045.304015,-1.234855,0.000000,-0.006700,-0.223961,0.000000,-0.004020,-10.917341,0.000000,-0.005360,-0.058291,0.000000,-0.010720,0.161669,-1.656124,9.621942,0.030892,-0.063916,-0.037284
17.640119,2045.322909,-1.236389,0.000000,-0.006700,-0.223961,0.000000,-0.004020,-10.917341,0.000000,-0.005360,-0.058291,0.000000,-0.010720,0.149701,-1.674076,9.609974,0.030892,-0.062851,-0.037284
17.650253,2045.332591,-1.236389,0.000000,-0.006700,-0.223961,0.000000,-0.004020,-10.917341,0.000000,-0.005360,-0.058291,0.000000,-0.010720,0.149701,-1.666915,9.615958,0.031959,-0.063916,-0.036219
17.660492,2045.342205,-1.236389,0.000000,-0.006700,-0.223961,0.000000,-0.004020,-10.917341,0.000000,-0.005360,-0.058291,0.000000,-0.010720,0.162846,-1.668092,9.614781,0.030892,-0.066047,-0.036219
17.670429,2045.351762,-1.236389,0.000000,-0.006700,-0.223961,0.000000,-0.004020,-10.917341,0.000000,-0.005360,-0.058291,0.000000,-0.010720,0.165299,-1.659754,9.619588,0.030892,-0.064980,-0.036219
17.681006,2045.361168,-1.236389,0.000000,-0.006700,-0.223961,0.000000,-0.004020,-10.917341,0.000000,-0.005360,-0.058291,0.000000,-0.010720,0.161669,-1.678883,9.618411,0.030892,-0.064980,-0.035154
17.690426,2045.370609,-1.236389,0.000000,-0.006700,-0.223961,0.000000,-0.004020,-10.917341,0.000000,-0.005360,-0.058291,0.000000,-0.010720,0.170007,-1.670545,9.615958,0.029828,-0.064980,-0.036219
17.700554,2045.380462,-1.236389,0.000000,-0.006700,-0.223961,0.000000,-0.004020,-10.917341,0.000000,-0.005360,-0.058291,0.000000,-0.010720,0.172460,-1.674076,9.607620,0.029828,-0.066047,-0.036219
17.710423,2045.389746,-1.236389,0.000000,-0.006700,-0.223961,0.000000,-0.004020,-10.917341,0.000000,-0.005360,-0.058291,0.000000,-0.010720,0.166476,-1.680061,9.606442,0.029828,-0.067111,-0.036219
17.720179,2045.399195,-1.236389,0.000000,-0.006700,-0.223961,0.000000,-0.004020,-10.917341,0.000000,-0.005360,-0.058291,0.000000,-0.010720,0.166476,-1.680061,9.615958,0.029828,-0.064980,-0.036219
17.730363,2045.409019,-1.236389,0.000000,-0.006700,-0.223961,0.000000,-0.004020,-10.917341,0.000000,-0.005360,-0.058291,0.000000,-0.010720,0.167653,-1.684868,9.613604,0.029828,-0.063916,-0.037284
17.740458,2045.418541,-1.236389,0.000000,-0.006700,-0.223961,0.000000,-0.004020,-10.917341,0.000000,-0.005360,-0.059825,0.000000,-0.010720,0.159314,-1.690852,9.612427,0.029828,-0.064980,-0.037284
17.750338,2045.427850,-1.236389,0.000000,-0.006700,-0.223961,0.000000,-0.004020,-10.917341,0.000000,-0.005360,-0.058291,0.000000,-0.010720,0.162846,-1.680061,9.617234,0.031959,-0.064980,-0.037284
17.760341,2045.437636,-1.236389,0.000000,-0.006700,-0.223961,0.000000,-0.004020,-10.917341,0.000000,-0.005360,-0.058291,0.000000,-0.010720,0.153330,-1.682513,9.629202,0.031959,-0.062851,-0.036219
17.770516,2045.447007,-1.234855,0.000000,-0.006700,-0.223961,0.000000,-0.004020,-10.917341,0.000000,-0.005360,-0.058291,0.000000,-0.010720,0.159314,-1.689674,9.624395,0.030892,-0.066047,-0.036219
17.780066,2045.456591,-1.236389,0.000000,-0.006700,-0.223961,0.000000,-0.004020,-10.917341,0.000000,-0.005360,-0.058291,0.000000,-0.010720,0.166476,-1.681336,9.618411,0.030892,-0.064980,-0.037284
17.790397,2045.466155,-1.236389,0.000000,-0.006700,-0.223961,0.000000,-0.004020,-10.917341,0.000000,-0.005360,-0.058291,0.000000,-0.010720,0.158039,-1.675352,9.612427,0.031959,-0.062851,-0.038350
17.800157,2045.475762,-1.236389,0.000000,-0.006700,-0.223961,0.000000,-0.004020,-10.917341,0.000000,-0.005360,-0.058291,0.000000,-0.010720,0.156862,-1.672899,9.623218,0.031959,-0.064980,-0.037284
17.810572,2045.485287,-1.236389,0.000000,-0.006700,-0.223961,0.000000,-0.004020,-10.917341,0.000000,-0.005360,-0.058291,0.000000,-0.010720,0.160492,-1.675352,9.629202,0.030892,-0.064980,-0.036219
17.820385,2045.494972,-1.234855,0.000000,-0.006700,-0.223961,0.000000,-0.004020,-10.917341,0.000000,-0.005360,-0.058291,0.000000,-0.010720,0.165299,-1.675352,9.621942,0.030892,-0.064980,-0.036219
17.830503,2045.504330,-1.234855,0.000000,-0.006700,-0.223961,0.000000,-0.004020,-10.917341,0.000000,-0.005360,-0.058291,0.000000,-0.010720,0.152055,-1.668092,9.620765,0.029828,-0.066047,-0.036219
17.840369,2045.513792,-1.236389,0.000000,-0.006700,-0.223961,0.000000,-0.004020,-10.917341,0.000000,-0.005360,-0.058291,0.000000,-0.010720,0.155685,-1.665738,9.619588,0.031959,-0.064980,-0.037284
17.850272,2045.532945,-1.234855,0.000000,-0.006700,-0.223961,0.000000,-0.004020,-10.917341,0.000000,-0.005360,-0.058291,0.000000,-0.010720,0.162846,-1.676529,9.618411,0.030892,-0.064980,-0.037284
17.860423,2045.542757,-1.234855,0.000000,-0.006700,-0.223961,0.000000,-0.004020,-10.917341,0.000000,-0.005360,-0.058291,0.000000,-0.010720,0.158039,-1.668092,9.621942,0.030892,-0.064980,-0.036219
17.870357,2045.552243,-1.236389,0.000000,-0.006700,-0.223961,0.000000,-0.004020,-10.917341,0.000000,-0.005360,-0.058291,0.000000,-0.010720,0.150878,-1.676529,9.623218,0.030892,-0.063916,-0.037284
17.880430,2045.561519,-1.236389,0.000000,-0.006700,-0.223961,0.000000,-0.004020,-10.917341,0.000000,-0.005360,-0.058291,0.000000,-0.010720,0.156862,-1.674076,9.617234,0.031959,-0.063916,-0.037284
17.890284,2045.571250,-1.236389,0.000000,-0.006700,-0.223961,0.000000,-0.004020,-10.917341,0.000000,-0.005360,-0.058291,0.000000,-0.010720,0.156862,-1.666915,9.596829,0.030892,-0.063916,-0.036219
17.900262,2045.580824,-1.236389,0.000000,-0.006700,-0.223961,0.000000,-0.004020,-10.917341,0.000000,-0.005360,-0.058291,0.000000,-0.010720,0.156862,-1.686143,9.619588,0.029828,-0.066047,-0.036219
17.910138,2045.590272,-1.236389,0.000000,-0.006700,-0.223961,0.000000,-0.004020,-10.917341,0.000000,-0.005360,-0.058291,0.000000,-0.010720,0.152055,-1.676529,9.620765,0.030892,-0.064980,-0.036219
17.920398,2045.599846,-1.236389,0.000000,-0.006700,-0.223961,0.000000,-0.004020,-10.917341,0.000000,-0.005360,-0.058291,0.000000,-0.010720,0.156862,-1.671722,9.634009,0.030892,-0.063916,-0.036219
17.930387,2045.609476,-1.234855,0.000000,-0.006700,-0.223961,0.000000,-0.004020,-10.917341,0.000000,-0.005360,-0.058291,0.000000,-0.010720,0.177267,-1.659754,9.617234,0.030892,-0.063916,-0.036219
17.940381,2045.619137,-1.236389,0.000000,-0.006700,-0.223961,0.000000,-0.004020,-10.917341,0.000000,-0.005360,-0.058291,0.000000,-0.010720,0.170007,-1.671722,9.614781,0.029828,-0.064980,-0.036219
17.950137,2045.628625,-1.236389,0.000000,-0.006700,-0.223961,0.000000,-0.004020,-10.917341,0.000000,-0.005360,-0.058291,0.000000,-0.010720,0.177267,-1.680061,9.608797,0.028761,-0.064980,-0.036219
17.960549,2045.638213,-1.236389,0.000000,-0.006700,-0.223961,0.000000,-0.004020,-10.917341,0.000000,-0.005360,-0.058291,0.000000,-0.010720,0.156862,-1.683690,9.607620,0.031959,-0.064980,-0.037284
17.970432,2045.647495,-1.236389,0.000000,-0.006700,-0.223961,0.000000,-0.004020,-10.917341,0.000000,-0.005360,-0.058291,0.000000,-0.010720,0.160492,-1.675352,9.608797,0.030892,-0.064980,-0.036219
17.980222,2045.657240,-1.234855,0.000000,-0.006700,-0.223961,0.000000,-0.004020,-10.917341,0.000000,-0.005360,-0.058291,0.000000,-0.010720,0.159314,-1.674076,9.600458,0.030892,-0.064980,-0.036219
17.990284,2045.666840,-1.236389,0.000000,-0.006700,-0.223961,0.000000,-0.004020,-10.917341,0.000000,-0.005360,-0.058291,0.000000,-0.010720,0.170007,-1.683690,9.603990,0.030892,-0.063916,-0.036219
18.000186,2045.676384,-1.236389,0.000000,-0.006700,-0.223961,0.000000,-0.004020,-10.917341,0.000000,-0.005360,-0.058291,0.000000,-0.010720,0.164023,-1.695659,9.621942,0.029828,-0.064980,-0.035154
18.010263,2045.685847,-1.236389,0.000000,-0.006700,-0.223961,0.000000,-0.004020,-10.917341,0.000000,-0.005360,-0.058291,0.000000,-0.010720,0.159314,-1.700465,9.619588,0.027697,-0.064980,-0.035154
18.020448,2045.695541,-1.236389,0.000000,-0.006700,-0.223961,0.000000,-0.004020,-10.917341,0.000000,-0.005360,-0.058291,0.000000,-0.010720,0.173637,-1.689674,9.598006,0.029828,-0.064980,-0.038350
18.030422,2045.705142,-1.236389,0.000000,-0.006700,-0.223961,0.000000,-0.004020,-10.917341,0.000000,-0.005360,-0.058291,0.000000,-0.010720,0.185605,-1.675352,9.598006,0.034088,-0.064980,-0.036219
18.040285,2045.714588,-1.236389,0.000000,-0.006700,-0.223961,0.000000,-0.004020,-10.917341,0.000000,-0.005360,-0.058291,0.000000,-0.010720,0.153330,-1.698111,9.613604,0.027697,-0.063916,-0.036219
18.050290,2045.724046,-1.236389,0.000000,-0.006700,-0.223961,0.000000,-0.004020,-10.917341,0.000000,-0.005360,-0.058291,0.000000,-0.010720,0.170007,-1.680061,9.612427,0.030892,-0.063916,-0.036219
18.060441,2045.733434,-1.236389,0.000000,-0.006700,-0.223961,0.000000,-0.004020,-10.917341,0.000000,-0.005360,-0.058291,0.000000,-0.010720,0.167653,-1.678883,9.611249,0.033023,-0.063916,-0.037284
18.070296,2045.752624,-1.236389,0.000000,-0.006700,-0.223961,0.000000,-0.004020,-10.917341,0.000000,-0.005360,-0.058291,0.000000,-0.010720,0.170007,-1.672899,9.601636,0.029828,-0.066047,-0.037284
18.080515,2045.762289,-1.236389,0.000000,-0.006700,-0.223961,0.000000,-0.004020,-10.917341,0.000000,-0.005360,-0.058291,0.000000,-0.010720,0.155685,-1.663384,9.609974,0.031959,-0.063916,-0.036219
18.090245,2045.771735,-1.236389,0.000000,-0.006700,-0.223961,0.000000,-0.004020,-10.917341,0.000000,-0.005360,-0.058291,0.000000,-0.010720,0.159314,-1.671722,9.609974,0.031959,-0.064980,-0.037284
18.100483,2045.781262,-1.236389,0.000000,-0.006700,-0.223961,0.000000,-0.004020,-10.917341,0.000000,-0.005360,-0.058291,0.000000,-0.010720,0.155685,-1.666915,9.612427,0.031959,-0.066047,-0.037284
18.110464,2045.790906,-1.236389,0.000000,-0.006700,-0.223961,0.000000,-0.004020,-10.917341,0.000000,-0.005360,-0.058291,0.000000,-0.010720,0.150878,-1.663384,9.626749,0.031959,-0.063916,-0.035154
18.120527,2045.800545,-1.236389,0.000000,-0.006700,-0.223961,0.000000,-0.004020,-10.917341,0.000000,-0.005360,-0.058291,0.000000,-0.010720,0.155685,-1.675352,9.603990,0.025566,-0.063916,-0.036219
18.130491,2045.809941,-1.236389,0.000000,-0.006700,-0.223961,0.000000,-0.004020,-10.917341,0.000000,-0.005360,-0.058291,0.000000,-0.010720,0.164023,-1.675352,9.611249,0.030892,-0.063916,-0.037284
18.140495,2045.819521,-1.234855,0.000000,-0.006700,-0.223961,0.000000,-0.004020,-10.917341,0.000000,-0.005360,-0.058291,0.000000,-0.010720,0.152055,-1.654947,9.628025,0.036219,-0.063916,-0.037284
18.150221,2045.829235,-1.236389,0.000000,-0.006700,-0.223961,0.000000,-0.004020,-10.917341,0.000000,-0.005360,-0.058291,0.000000,-0.010720,0.168830,-1.665738,9.617234,0.030892,-0.064980,-0.037284
18.160248,2045.838587,-1.236389,0.000000,-0.006700,-0.223961,0.000000,-0.004020,-10.917341,0.000000,-0.005360,-0.058291,0.000000,-0.010720,0.159314,-1.658577,9.619588,0.028761,-0.064980,-0.036219
18.170316,2045.848213,-1.236389,0.000000,-0.006700,-0.223961,0.000000,-0.004020,-10.917341,0.000000,-0.005360,-0.058291,0.000000,-0.010720,0.158039,-1.676529,9.615958,0.028761,-0.063916,-0.036219
18.180335,2045.857633,-1.236389,0.000000,-0.006700,-0.223961,0.000000,-0.004020,-10.917341,0.000000,-0.005360,-0.058291,0.000000,-0.010720,0.162846,-1.689674,9.615958,0.029828,-0.064980,-0.036219
18.190230,2045.867121,-1.236389,0.000000,-0.006700,-0.223961,0.000000,-0.004020,-10.917341,0.000000,-0.005360,-0.058291,0.000000,-0.010720,0.156862,-1.680061,9.608797,0.028761,-0.063916,-0.036219
18.200125,2045.877033,-1.236389,0.000000,-0.006700,-0.223961,0.000000,-0.004020,-10.917341,0.000000,-0.005360,-0.058291,0.000000,-0.010720,0.173637,-1.692127,9.605265,0.028761,-0.064980,-0.035154
18.210583,2045.886455,-1.234855,0.000000,-0.006700,-0.223961,0.000000,-0.004020,-10.917341,0.000000,-0.005360,-0.058291,0.000000,-0.010720,0.167653,-1.672899,9.612427,0.031959,-0.064980,-0.035154
18.221527,2045.896084,-1.236389,0.000000,-0.006700,-0.223961,0.000000,-0.004020,-10.917341,0.000000,-0.005360,-0.058291,0.000000,-0.010720,0.166476,-1.686143,9.602813,0.031959,-0.063916,-0.035154
18.230211,2045.905314,-1.236389,0.000000,-0.006700,-0.223961,0.000000,-0.004020,-10.917341,0.000000,-0.005360,-0.058291,0.000000,-0.010720,0.166476,-1.688497,9.607620,0.030892,-0.064980,-0.035154
18.240360,2045.915169,-1.234855,0.000000,-0.006700,-0.223961,0.000000,-0.004020,-10.917341,0.000000,-0.005360,-0.058291,0.000000,-0.010720,0.168830,-1.677706,9.599281,0.031959,-0.064980,-0.036219
18.250397,2045.924736,-1.234855,0.000000,-0.006700,-0.223961,0.000000,-0.004020,-10.917341,0.000000,-0.005360,-0.058291,0.000000,-0.010720,0.170007,-1.672899,9.598006,0.030892,-0.066047,-0.038350
18.260455,2045.934328,-1.236389,0.000000,-0.006700,-0.223961,0.000000,-0.004020,-10.917341,0.000000,-0.005360,-0.058291,0.000000,-0.010720,0.168830,-1.689674,9.608797,0.029828,-0.064980,-0.037284
18.270316,2045.953203,-1.234855,0.000000,-0.006700,-0.223961,0.000000,-0.004020,-10.917341,0.000000,-0.005360,-0.058291,0.000000,-0.010720,0.159314,-1.678883,9.606442,0.035154,-0.066047,-0.037284
18.280353,2045.962946,-1.234855,0.000000,-0.006700,-0.223961,0.000000,-0.004020,-10.917341,0.000000,-0.005360,-0.058291,0.000000,-0.010720,0.152055,-1.681336,9.600458,0.033023,-0.064980,-0.036219
18.290533,2045.972136,-1.236389,0.000000,-0.006700,-0.223961,0.000000,-0.004020,-10.917341,0.000000,-0.005360,-0.058291,0.000000,-0.010720,0.159314,-1.678883,9.603990,0.033023,-0.064980,-0.037284
18.300344,2045.981742,-1.236389,0.000000,-0.006700,-0.223961,0.000000,-0.004020,-10.917341,0.000000,-0.005360,-0.058291,0.000000,-0.010720,0.162846,-1.680061,9.602813,0.031959,-0.063916,-0.036219
18.310527,2045.991366,-1.234855,0.000000,-0.006700,-0.223961,0.000000,-0.004020,-10.917341,0.000000,-0.005360,-0.058291,0.000000,-0.010720,0.160492,-1.681336,9.605265,0.027697,-0.064980,-0.035154
18.320183,2046.001085,-1.236389,0.000000,-0.006700,-0.223961,0.000000,-0.004020,-10.917341,0.000000,-0.005360,-0.058291,0.000000,-0.010720,0.162846,-1.686143,9.596829,0.027697,-0.063916,-0.034088
18.330094,2046.010519,-1.236389,0.000000,-0.006700,-0.223961,0.000000,-0.004020,-10.917341,0.000000,-0.005360,-0.058291,0.000000,-0.010720,0.174814,-1.689674,9.594474,0.028761,-0.064980,-0.035154
18.340398,2046.019944,-1.236389,0.000000,-0.006700,-0.223961,0.000000,-0.004020,-10.917341,0.000000,-0.005360,-0.058291,0.000000,-0.010720,0.165299,-1.686143,9.601636,0.030892,-0.064980,-0.036219
18.350368,2046.029594,-1.236389,0.000000,-0.006700,-0.223961,0.000000,-0.004020,-10.917341,0.000000,-0.005360,-0.058291,0.000000,-0.010720,0.171283,-1.683690,9.595652,0.034088,-0.063916,-0.038350
18.360289,2046.039120,-1.236389,0.000000,-0.006700,-0.223961,0.000000,-0.004020,-10.917341,0.000000,-0.005360,-0.058291,0.000000,-0.010720,0.165299,-1.669368,9.596829,0.033023,-0.063916,-0.038350
18.370405,2046.048906,-1.236389,0.000000,-0.006700,-0.223961,0.000000,-0.004020,-10.917341,0.000000,-0.005360,-0.058291,0.000000,-0.010720,0.171283,-1.674076,9.596829,0.034088,-0.063916,-0.038350
18.380484,2046.058328,-1.236389,0.000000,-0.006700,-0.223961,0.000000,-0.004020,-10.917341,0.000000,-0.005360,-0.058291,0.000000,-0.010720,0.177267,-1.666915,9.609974,0.030892,-0.063916,-0.036219
18.390338,2046.067638,-1.236389,0.000000,-0.006700,-0.223961,0.000000,-0.004020,-10.917341,0.000000,-0.005360,-0.058291,0.000000,-0.010720,0.162846,-1.684868,9.605265,0.029828,-0.063916,-0.035154
18.400356,2046.077426,-1.236389,0.000000,-0.006700,-0.223961,0.000000,-0.004020,-10.917341,0.000000,-0.005360,-0.058291,0.000000,-0.010720,0.158039,-1.675352,9.598006,0.027697,-0.063916,-0.034088
18.410187,2046.087029,-1.236389,0.000000,-0.006700,-0.223961,0.000000,-0.004020,-10.917341,0.000000,-0.005360,-0.058291,0.000000,-0.010720,0.167653,-1.689674,9.605265,0.027697,-0.063916,-0.034088
18.420118,2046.096613,-1.236389,0.000000,-0.006700,-0.223961,0.000000,-0.004020,-10.917341,0.000000,-0.005360,-0.058291,0.000000,-0.010720,0.174814,-1.690852,9.605265,0.030892,-0.063916,-0.035154
18.430447,2046.106008,-1.236389,0.000000,-0.006700,-0.223961,0.000000,-0.004020,-10.917341,0.000000,-0.005360,-0.058291,0.000000,-0.010720,0.165299,-1.681336,9.606442,0.031959,-0.063916,-0.037284
18.440062,2046.115643,-1.236389,0.000000,-0.006700,-0.223961,0.000000,-0.004020,-10.917341,0.000000,-0.005360,-0.058291,0.000000,-0.010720,0.171283,-1.674076,9.606442,0.034088,-0.063916,-0.038350
18.450396,2046.125137,-1.236389,0.000000,-0.006700,-0.223961,0.000000,-0.004020,-10.917341,0.000000,-0.005360,-0.058291,0.000000,-0.010720,0.162846,-1.675352,9.615958,0.034088,-0.062851,-0.037284
18.460558,2046.134836,-1.236389,0.000000,-0.006700,-0.223961,0.000000,-0.004020,-10.917341,0.000000,-0.005360,-0.058291,0.000000,-0.010720,0.170007,-1.676529,9.614781,0.030892,-0.063916,-0.037284
18.470180,2046.144221,-1.236389,0.000000,-0.006700,-0.223961,0.000000,-0.004020,-10.915807,0.000000,-0.005360,-0.058291,0.000000,-0.010720,0.156862,-1.676529,9.603990,0.029828,-0.064980,-0.036219
18.480177,2046.153660,-1.234855,0.000000,-0.006700,-0.223961,0.000000,-0.004020,-10.917341,0.000000,-0.005360,-0.058291,0.000000,-0.010720,0.164023,-1.677706,9.602813,0.028761,-0.064980,-0.037284
18.490137,2046.173011,-1.234855,0.000000,-0.006700,-0.223961,0.000000,-0.004020,-10.917341,0.000000,-0.005360,-0.058291,0.000000,-0.010720,0.161669,-1.671722,9.615958,0.030892,-0.063916,-0.036219
18.500177,2046.182587,-1.236389,0.000000,-0.006700,-0.223961,0.000000,-0.004020,-10.917341,0.000000,-0.005360,-0.058291,0.000000,-0.010720,0.162846,-1.671722,9.621942,0.030892,-0.064980,-0.036219
18.510494,2046.192120,-1.234855,0.000000,-0.006700,-0.223961,0.000000,-0.004020,-10.917341,0.000000,-0.005360,-0.058291,0.000000,-0.010720,0.165299,-1.664561,9.605265,0.033023,-0.064980,-0.036219
18.520233,2046.201592,-1.236389,0.000000,-0.006700,-0.223961,0.000000,-0.004020,-10.917341,0.000000,-0.005360,-0.058291,0.000000,-0.010720,0.150878,-1.672899,9.617234,0.033023,-0.064980,-0.037284
18.530518,2046.211232,-1.236389,0.000000,-0.006700,-0.223961,0.000000,-0.004020,-10.917341,0.000000,-0.005360,-0.058291,0.000000,-0.010720,0.164023,-1.664561,9.611249,0.031959,-0.064980,-0.036219
18.540148,2046.220608,-1.236389,0.000000,-0.006700,-0.223961,0.000000,-0.004020,-10.917341,0.000000,-0.005360,-0.058291,0.000000,-0.010720,0.173637,-1.668092,9.605265,0.029828,-0.063916,-0.034088
18.550537,2046.230287,-1.236389,0.000000,-0.006700,-0.223961,0.000000,-0.004020,-10.917341,0.000000,-0.005360,-0.058291,0.000000,-0.010720,0.154508,-1.662108,9.613604,0.028761,-0.064980,-0.035154
18.560280,2046.239743,-1.236389,0.000000,-0.006700,-0.223961,0.000000,-0.004020,-10.917341,0.000000,-0.005360,-0.058291,0.000000,-0.010720,0.170007,-1.666915,9.613604,0.028761,-0.064980,-0.035154
18.570089,2046.249137,-1.236389,0.000000,-0.006700,-0.223961,0.000000,-0.004020,-10.917341,0.000000,-0.005360,-0.058291,0.000000,-0.010720,0.160492,-1.675352,9.600458,0.029828,-0.063916,-0.037284
18.580597,2046.259011,-1.236389,0.000000,-0.006700,-0.223961,0.000000,-0.004020,-10.917341,0.000000,-0.005360,-0.058291,0.000000,-0.010720,0.167653,-1.676529,9.613604,0.029828,-0.064980,-0.037284
18.590560,2046.268543,-1.234855,0.000000,-0.006700,-0.223961,0.000000,-0.004020,-10.917341,0.000000,-0.005360,-0.058291,0.000000,-0.010720,0.159314,-1.675352,9.614781,0.030892,-0.064980,-0.037284
18.600445,2046.277807,-1.236389,0.000000,-0.006700,-0.223961,0.000000,-0.004020,-10.917341,0.000000,-0.005360,-0.058291,0.000000,-0.010720,0.160492,-1.684868,9.602813,0.030892,-0.064980,-0.035154
18.610735,2046.287542,-1.236389,0.000000,-0.006700,-0.223961,0.000000,-0.004020,-10.917341,0.000000,-0.005360,-0.058291,0.000000,-0.010720,0.167653,-1.688497,9.618411,0.029828,-0.064980,-0.036219
18.620112,2046.296944,-1.236389,0.000000,-0.006700,-0.223961,0.000000,-0.004020,-10.917341,0.000000,-0.005360,-0.058291,0.000000,-0.010720,0.156862,-1.683690,9.623218,0.031959,-0.064980,-0.036219
18.630256,2046.306631,-1.234855,0.000000,-0.006700,-0.223961,0.000000,-0.004020,-10.917341,0.000000,-0.005360,-0.058291,0.000000,-0.010720,0.170007,-1.672899,9.614781,0.031959,-0.064980,-0.035154
18.640278,2046.316081,-1.234855,0.000000,-0.006700,-0.223961,0.000000,-0.004020,-10.917341,0.000000,-0.005360,-0.058291,0.000000,-0.010720,0.168830,-1.686143,9.608797,0.028761,-0.064980,-0.035154
18.650350,2046.325485,-1.236389,0.000000,-0.006700,-0.223961,0.000000,-0.004020,-10.917341,0.000000,-0.005360,-0.058291,0.000000,-0.010720,0.173637,-1.664561,9.624395,0.030892,-0.066047,-0.036219
18.660423,2046.335040,-1.236389,0.000000,-0.006700,-0.223961,0.000000,-0.004020,-10.917341,0.000000,-0.005360,-0.058291,0.000000,-0.010720,0.161669,-1.680061,9.619588,0.031959,-0.064980,-0.036219
18.670118,2046.344841,-1.236389,0.000000,-0.006700,-0.223961,0.000000,-0.004020,-10.917341,0.000000,-0.005360,-0.058291,0.000000,-0.010720,0.161669,-1.674076,9.628025,0.033023,-0.064980,-0.036219
18.680255,2046.354212,-1.236389,0.000000,-0.006700,-0.223961,0.000000,-0.004020,-10.917341,0.000000,-0.005360,-0.058291,0.000000,-0.010720,0.156862,-1.676529,9.619588,0.033023,-0.064980,-0.036219
18.690143,2046.363734,-1.234855,0.000000,-0.006700,-0.223961,0.000000,-0.004020,-10.917341,0.000000,-0.005360,-0.058291,0.000000,-0.010720,0.164023,-1.674076,9.630379,0.029828,-0.063916,-0.037284
18.700503,2046.373495,-1.236389,0.000000,-0.006700,-0.223961,0.000000,-0.004020,-10.917341,0.000000,-0.005360,-0.058291,0.000000,-0.010720,0.154508,-1.680061,9.614781,0.029828,-0.063916,-0.037284
18.710336,2046.392394,-1.234855,0.000000,-0.006700,-0.223961,0.000000,-0.004020,-10.917341,0.000000,-0.005360,-0.058291,0.000000,-0.010720,0.162846,-1.669368,9.614781,0.030892,-0.066047,-0.036219
18.720218,2046.401957,-1.236389,0.000000,-0.006700,-0.223961,0.000000,-0.004020,-10.917341,0.000000,-0.005360,-0.058291,0.000000,-0.010720,0.164023,-1.660931,9.613604,0.029828,-0.063916,-0.035154
18.730632,2046.411711,-1.236389,0.000000,-0.006700,-0.223961,0.000000,-0.004020,-10.917341,0.000000,-0.005360,-0.058291,0.000000,-0.010720,0.164023,-1.672899,9.617234,0.028761,-0.064980,-0.036219
18.740552,2046.421120,-1.236389,0.000000,-0.006700,-0.223961,0.000000,-0.004020,-10.917341,0.000000,-0.005360,-0.058291,0.000000,-0.010720,0.158039,-1.674076,9.620765,0.031959,-0.064980,-0.037284
18.750053,2046.430586,-1.236389,0.000000,-0.006700,-0.223961,0.000000,-0.004020,-10.917341,0.000000,-0.005360,-0.058291,0.000000,-0.010720,0.158039,-1.675352,9.620765,0.034088,-0.063916,-0.038350
18.760676,2046.440142,-1.234855,0.000000,-0.006700,-0.223961,0.000000,-0.004020,-10.917341,0.000000,-0.005360,-0.058291,0.000000,-0.010720,0.170007,-1.672899,9.614781,0.030892,-0.063916,-0.036219
18.770158,2046.449956,-1.234855,0.000000,-0.006700,-0.223961,0.000000,-0.004020,-10.917341,0.000000,-0.005360,-0.058291,0.000000,-0.010720,0.160492,-1.678883,9.615958,0.028761,-0.066047,-0.036219
18.780153,2046.459328,-1.234855,0.000000,-0.006700,-0.223961,0.000000,-0.004020,-10.917341,0.000000,-0.005360,-0.058291,0.000000,-0.010720,0.150878,-1.670545,9.618411,0.029828,-0.064980,-0.036219
18.790542,2046.469032,-1.236389,0.000000,-0.006700,-0.223961,0.000000,-0.004020,-10.917341,0.000000,-0.005360,-0.058291,0.000000,-0.010720,0.156862,-1.669368,9.605265,0.030892,-0.062851,-0.036219
18.800350,2046.478309,-1.236389,0.000000,-0.006700,-0.223961,0.000000,-0.004020,-10.917341,0.000000,-0.005360,-0.058291,0.000000,-0.010720,0.154508,-1.698111,9.625572,0.029828,-0.063916,-0.035154
18.810367,2046.488031,-1.236389,0.000000,-0.006700,-0.223961,0.000000,-0.004020,-10.917341,0.000000,-0.005360,-0.058291,0.000000,-0.010720,0.167653,-1.687320,9.606442,0.029828,-0.064980,-0.037284
18.820152,2046.497500,-1.234855,0.000000,-0.006700,-0.223961,0.000000,-0.004020,-10.917341,0.000000,-0.005360,-0.058291,0.000000,-0.010720,0.183251,-1.674076,9.606442,0.035154,-0.064980,-0.036219
18.830199,2046.507241,-1.234855,0.000000,-0.006700,-0.223961,0.000000,-0.004020,-10.917341,0.000000,-0.005360,-0.058291,0.000000,-0.010720,0.165299,-1.700465,9.628025,0.026632,-0.064980,-0.036219
18.840142,2046.516845,-1.236389,0.000000,-0.006700,-0.223961,0.000000,-0.004020,-10.917341,0.000000,-0.005360,-0.058291,0.000000,-0.010720,0.158039,-1.696836,9.614781,0.029828,-0.066047,-0.036219
18.850584,2046.526179,-1.236389,0.000000,-0.006700,-0.223961,0.000000,-0.004020,-10.917341,0.000000,-0.005360,-0.058291,0.000000,-0.010720,0.160492,-1.683690,9.613604,0.031959,-0.066047,-0.036219
18.860384,2046.535591,-1.236389,0.000000,-0.006700,-0.223961,0.000000,-0.004020,-10.917341,0.000000,-0.005360,-0.058291,0.000000,-0.010720,0.155685,-1.687320,9.611249,0.031959,-0.064980,-0.034088
18.870382,2046.545189,-1.236389,0.000000,-0.006700,-0.223961,0.000000,-0.004020,-10.917341,0.000000,-0.005360,-0.058291,0.000000,-0.010720,0.173637,-1.671722,9.606442,0.028761,-0.064980,-0.036219
18.880202,2046.554731,-1.236389,0.000000,-0.006700,-0.223961,0.000000,-0.004020,-10.917341,0.000000,-0.005360,-0.058291,0.000000,-0.010720,0.170007,-1.678883,9.609974,0.031959,-0.064980,-0.034088
18.890130,2046.564191,-1.236389,0.000000,-0.006700,-0.223961,0.000000,-0.004020,-10.917341,0.000000,-0.005360,-0.058291,0.000000,-0.010720,0.173637,-1.674076,9.606442,0.031959,-0.064980,-0.033023
18.900612,2046.573822,-1.234855,0.000000,-0.006700,-0.223961,0.000000,-0.004020,-10.917341,0.000000,-0.005360,-0.058291,0.000000,-0.010720,0.159314,-1.662108,9.612427,0.026632,-0.064980,-0.034088
18.910376,2046.583362,-1.234855,0.000000,-0.006700,-0.223961,0.000000,-0.004020,-10.917341,0.000000,-0.005360,-0.058291,0.000000,-0.010720,0.161669,-1.646609,9.621942,0.024501,-0.064980,-0.034088
18.920486,2046.602549,-1.234855,0.000000,-0.006700,-0.223961,0.000000,-0.004020,-10.917341,0.000000,-0.005360,-0.058291,0.000000,-0.010720,0.155685,-1.724402,9.601636,0.010653,-0.066047,-0.035154
18.930189,2046.611978,-1.236389,0.000000,-0.006700,-0.223961,0.000000,-0.004020,-10.917341,0.000000,-0.005360,-0.058291,0.000000,-0.010720,0.146071,-1.690852,9.612427,0.031959,-0.063916,-0.034088
18.940176,2046.621623,-1.236389,0.000000,-0.006700,-0.223961,0.000000,-0.004020,-10.917341,0.000000,-0.005360,-0.058291,0.000000,-0.010720,0.156862,-1.674076,9.621942,0.039415,-0.066047,-0.036219
18.950479,2046.631225,-1.236389,0.000000,-0.006700,-0.223961,0.000000,-0.004020,-10.917341,0.000000,-0.005360,-0.058291,0.000000,-0.010720,0.153330,-1.682513,9.618411,0.033023,-0.064980,-0.035154
18.960775,2046.640954,-1.234855,0.000000,-0.006700,-0.223961,0.000000,-0.004020,-10.917341,0.000000,-0.005360,-0.058291,0.000000,-0.010720,0.155685,-1.675352,9.614781,0.030892,-0.064980,-0.037284
18.970213,2046.650190,-1.236389,0.000000,-0.006700,-0.223961,0.000000,-0.004020,-10.917341,0.000000,-0.005360,-0.058291,0.000000,-0.010720,0.160492,-1.627381,9.632733,0.030892,-0.064980,-0.035154
18.980244,2046.659782,-1.234855,0.000000,-0.006700,-0.223961,0.000000,-0.004020,-10.917341,0.000000,-0.005360,-0.058291,0.000000,-0.010720,0.162846,-1.653770,9.612427,0.018110,-0.064980,-0.035154
18.990197,2046.669326,-1.234855,0.000000,-0.006700,-0.223961,0.000000,-0.004020,-10.917341,0.000000,-0.005360,-0.058291,0.000000,-0.010720,0.174814,-1.736370,9.596829,0.013849,-0.066047,-0.036219
19.000478,2046.679011,-1.234855,0.000000,-0.006700,-0.223961,0.000000,-0.004020,-10.917341,0.000000,-0.005360,-0.058291,0.000000,-0.010720,0.156862,-1.694481,9.607620,0.031959,-0.064980,-0.035154
19.010469,2046.688377,-1.236389,0.000000,-0.006700,-0.223961,0.000000,-0.004020,-10.917341,0.000000,-0.005360,-0.058291,0.000000,-0.010720,0.152055,-1.675352,9.617234,0.043675,-0.064980,-0.036219
19.020352,2046.698134,-1.236389,0.000000,-0.006700,-0.223961,0.000000,-0.004020,-10.917341,0.000000,-0.005360,-0.058291,0.000000,-0.010720,0.159314,-1.656124,9.608797,0.036219,-0.064980,-0.036219
19.030358,2046.707482,-1.234855,0.000000,-0.006700,-0.223961,0.000000,-0.004020,-10.917341,0.000000,-0.005360,-0.058291,0.000000,-0.010720,0.162846,-1.702820,9.614781,0.022370,-0.064980,-0.037284
19.040311,2046.717377,-1.236389,0.000000,-0.006700,-0.223961,0.000000,-0.004020,-10.917341,0.000000,-0.005360,-0.058291,0.000000,-0.010720,0.159314,-1.701643,9.596829,0.030892,-0.063916,-0.037284
19.050249,2046.726575,-1.236389,0.000000,-0.006700,-0.223961,0.000000,-0.004020,-10.917341,0.000000,-0.005360,-0.058291,0.000000,-0.010720,0.154508,-1.671722,9.613604,0.042610,-0.063916,-0.036219
19.060206,2046.736283,-1.236389,0.000000,-0.006700,-0.223961,0.000000,-0.004020,-10.917341,0.000000,-0.005360,-0.058291,0.000000,-0.010720,0.175991,-1.699288,9.611249,0.031959,-0.064980,-0.037284
19.070534,2046.745884,-1.234855,0.000000,-0.006700,-0.223961,0.000000,-0.004020,-10.917341,0.000000,-0.005360,-0.058291,0.000000,-0.010720,0.179621,-1.750791,9.603990,0.038350,-0.064980,-0.039415
19.080609,2046.755493,-1.236389,0.000000,-0.006700,-0.223961,0.000000,-0.004020,-10.917341,0.000000,-0.005360,-0.058291,0.000000,-0.010720,0.178444,-1.636995,9.625572,0.078830,-0.064980,-0.040479
19.090379,2046.765041,-1.234855,0.000000,-0.006700,-0.223961,0.000000,-0.004020,-10.917341,0.000000,-0.005360,-0.058291,0.000000,-0.010720,0.149701,-1.596283,9.643524,0.069242,-0.062851,-0.036219
19.100558,2046.774377,-1.234855,0.000000,-0.006700,-0.223961,0.000000,-0.004020,-10.917341,0.000000,-0.005360,-0.058291,0.000000,-0.010720,0.161669,-1.671722,9.614781,-0.004260,-0.066047,-0.037284
19.110535,2046.784023,-1.236389,0.000000,-0.006700,-0.223961,0.000000,-0.004020,-10.917341,0.000000,-0.005360,-0.058291,0.000000,-0.010720,0.178444,-1.820245,9.563279,-0.025566,-0.066047,-0.037284
19.120386,2046.793496,-1.236389,0.000000,-0.006700,-0.223961,0.000000,-0.004020,-10.917341,0.000000,-0.005360,-0.058291,0.000000,-0.010720,0.150878,-1.674076,9.613604,0.059655,-0.064980,-0.030892
19.130714,2046.812573,-1.236389,0.000000,-0.006700,-0.223961,0.000000,-0.004020,-10.917341,0.000000,-0.005360,-0.058291,0.000000,-0.010720,0.171283,-1.712434,9.595652,0.005327,-0.066047,-0.038350
19.140135,2046.822118,-1.236389,0.000000,-0.006700,-0.223961,0.000000,-0.004020,-10.917341,0.000000,-0.005360,-0.058291,0.000000,-0.010720,0.172460,-1.710079,9.606442,0.022370,-0.066047,-0.039415
19.150508,2046.831756,-1.236389,0.000000,-0.006700,-0.223961,0.000000,-0.004020,-10.917341,0.000000,-0.005360,-0.058291,0.000000,-0.010720,0.167653,-1.614236,9.615958,0.066047,-0.064980,-0.035154
19.160466,2046.841379,-1.234855,0.000000,-0.006700,-0.223961,0.000000,-0.004020,-10.917341,0.000000,-0.005360,-0.058291,0.000000,-0.010720,0.158039,-1.597460,9.626749,0.042610,-0.064980,-0.034088
19.170109,2046.850811,-1.234855,0.000000,-0.006700,-0.223961,0.000000,-0.004020,-10.917341,0.000000,-0.005360,-0.058291,0.000000,-0.010720,0.160492,-1.707627,9.615958,-0.007456,-0.064980,-0.037284
19.180368,2046.860347,-1.236389,0.000000,-0.006700,-0.223961,0.000000,-0.004020,-10.917341,0.000000,-0.005360,-0.058291,0.000000,-0.010720,0.165299,-1.732838,9.590845,0.008522,-0.064980,-0.036219
19.190340,2046.870053,-1.236389,0.000000,-0.006700,-0.223961,0.000000,-0.004020,-10.917341,0.000000,-0.005360,-0.058291,0.000000,-0.010720,0.149701,-1.681336,9.618411,0.053264,-0.063916,-0.034088
19.200360,2046.879670,-1.236389,0.000000,-0.006700,-0.223961,0.000000,-0.004020,-10.917341,0.000000,-0.005360,-0.058291,0.000000,-0.010720,0.153330,-1.647786,9.624395,0.052198,-0.064980,-0.038350
19.210454,2046.889220,-1.234855,0.000000,-0.006700,-0.223961,0.000000,-0.004020,-10.917341,0.000000,-0.005360,-0.058291,0.000000,-0.010720,0.166476,-1.659754,9.620765,0.029828,-0.064980,-0.037284
19.220364,2046.898536,-1.236389,0.000000,-0.006700,-0.223961,0.000000,-0.004020,-10.917341,0.000000,-0.005360,-0.058291,0.000000,-0.010720,0.160492,-1.692127,9.607620,0.014914,-0.063916,-0.034088
19.230222,2046.907973,-1.236389,0.000000,-0.006700,-0.223961,0.000000,-0.004020,-10.917341,0.000000,-0.005360,-0.058291,0.000000,-0.010720,0.174814,-1.700465,9.603990,0.019174,-0.063916,-0.034088
19.240252,2046.917904,-1.234855,0.000000,-0.006700,-0.223961,0.000000,-0.004020,-10.917341,0.000000,-0.005360,-0.058291,0.000000,-0.010720,0.165299,-1.678883,9.621942,0.033023,-0.063916,-0.035154
19.250169,2046.927133,-1.236389,0.000000,-0.006700,-0.223961,0.000000,-0.004020,-10.917341,0.000000,-0.005360,-0.058291,0.000000,-0.010720,0.162846,-1.675352,9.611249,0.033023,-0.063916,-0.035154
19.260575,2046.936880,-1.234855,0.000000,-0.006700,-0.223961,0.000000,-0.004020,-10.917341,0.000000,-0.005360,-0.058291,0.000000,-0.010720,0.180798,-1.711256,9.606442,0.024501,-0.063916,-0.038350
19.270309,2046.946179,-1.236389,0.000000,-0.006700,-0.223961,0.000000,-0.004020,-10.917341,0.000000,-0.005360,-0.059825,0.000000,-0.010720,0.171283,-1.706449,9.612427,0.031959,-0.063916,-0.037284
19.280263,2046.956118,-1.236389,0.000000,-0.006700,-0.223961,0.000000,-0.004020,-10.917341,0.000000,-0.005360,-0.058291,0.000000,-0.010720,0.173637,-1.639349,9.609974,0.050068,-0.064980,-0.035154
19.290070,2046.965272,-1.236389,0.000000,-0.006700,-0.223961,0.000000,-0.004020,-10.917341,0.000000,-0.005360,-0.058291,0.000000,-0.010720,0.152055,-1.634640,9.615958,0.038350,-0.066047,-0.034088
19.300178,2046.974945,-1.236389,0.000000,-0.006700,-0.223961,0.000000,-0.004020,-10.917341,0.000000,-0.005360,-0.058291,0.000000,-0.010720,0.158039,-1.700465,9.625572,-0.004260,-0.066047,-0.034088
19.310320,2046.984664,-1.236389,0.000000,-0.006700,-0.223961,0.000000,-0.004020,-10.917341,0.000000,-0.005360,-0.058291,0.000000,-0.010720,0.172460,-1.795034,9.584860,-0.012783,-0.064980,-0.035154
19.320173,2046.994050,-1.236389,0.000000,-0.006700,-0.223961,0.000000,-0.004020,-10.917341,0.000000,-0.005360,-0.058291,0.000000,-0.010720,0.168830,-1.699288,9.602813,0.045806,-0.063916,-0.036219
19.330375,2047.003571,-1.236389,0.000000,-0.006700,-0.223961,0.000000,-0.004020,-10.917341,0.000000,-0.005360,-0.058291,0.000000,-0.010720,0.159314,-1.562733,9.644702,0.077765,-0.061785,-0.037284
19.340245,2047.022754,-1.236389,0.000000,-0.006700,-0.223961,0.000000,-0.004020,-10.917341,0.000000,-0.005360,-0.058291,0.000000,-0.010720,0.175991,-1.767566,9.589667,-0.015978,-0.066047,-0.040479
19.350205,2047.032391,-1.236389,0.000000,-0.006700,-0.223961,0.000000,-0.004020,-10.917341,0.000000,-0.005360,-0.058291,0.000000,-0.010720,0.143716,-1.689674,9.615958,0.051133,-0.062851,-0.034088
19.360196,2047.041711,-1.236389,0.000000,-0.006700,-0.223961,0.000000,-0.004020,-10.917341,0.000000,-0.005360,-0.058291,0.000000,-0.010720,0.150878,-1.568717,9.648331,0.071373,-0.063916,-0.034088
19.370451,2047.051259,-1.236389,0.000000,-0.006700,-0.223961,0.000000,-0.004020,-10.917341,0.000000,-0.005360,-0.058291,0.000000,-0.010720,0.153330,-1.670545,9.603990,0.005327,-0.066047,-0.038350
19.380570,2047.060843,-1.236389,0.000000,-0.006700,-0.223961,0.000000,-0.004020,-10.917341,0.000000,-0.005360,-0.058291,0.000000,-0.010720,0.161669,-1.760306,9.576522,-0.005327,-0.067111,-0.037284
19.390174,2047.070309,-1.236389,0.000000,-0.006700,-0.223961,0.000000,-0.004020,-10.917341,0.000000,-0.005360,-0.058291,0.000000,-0.010720,0.148523,-1.675352,9.596829,0.055393,-0.064980,-0.034088
19.400116,2047.080119,-1.234855,0.000000,-0.006700,-0.223961,0.000000,-0.004020,-10.917341,0.000000,-0.005360,-0.058291,0.000000,-0.010720,0.160492,-1.589122,9.629202,0.069242,-0.062851,-0.034088
19.410445,2047.089782,-1.234855,0.000000,-0.006700,-0.223961,0.000000,-0.004020,-10.917341,0.000000,-0.005360,-0.058291,0.000000,-0.010720,0.171283,-1.653770,9.603990,0.018110,-0.066047,-0.036219
19.420118,2047.099029,-1.236389,0.000000,-0.006700,-0.223961,0.000000,-0.004020,-10.917341,0.000000,-0.005360,-0.058291,0.000000,-0.010720,0.175991,-1.705272,9.598006,0.001065,-0.066047,-0.035154
19.430325,2047.108836,-1.236389,0.000000,-0.006700,-0.223961,0.000000,-0.004020,-10.917341,0.000000,-0.005360,-0.058291,0.000000,-0.010720,0.185605,-1.702820,9.598006,0.026632,-0.063916,-0.035154
19.440294,2047.118273,-1.234855,0.000000,-0.006700,-0.223961,0.000000,-0.004020,-10.917341,0.000000,-0.005360,-0.058291,0.000000,-0.010720,0.161669,-1.665738,9.609974,0.051133,-0.064980,-0.033023
19.450584,2047.127623,-1.236389,0.000000,-0.006700,-0.223961,0.000000,-0.004020,-10.917341,0.000000,-0.005360,-0.058291,0.000000,-0.010720,0.159314,-1.684868,9.609974,0.029828,-0.063916,-0.037284
19.460389,2047.137538,-1.234855,0.000000,-0.006700,-0.223961,0.000000,-0.004020,-10.917341,0.000000,-0.005360,-0.058291,0.000000,-0.010720,0.162846,-1.687320,9.588490,0.012783,-0.063916,-0.038350
19.470385,2047.147010,-1.236389,0.000000,-0.006700,-0.223961,0.000000,-0.004020,-10.917341,0.000000,-0.005360,-0.058291,0.000000,-0.010720,0.159314,-1.700465,9.593297,0.020241,-0.064980,-0.035154
19.480532,2047.156367,-1.236389,0.000000,-0.006700,-0.223961,0.000000,-0.004020,-10.917341,0.000000,-0.005360,-0.058291,0.000000,-0.010720,0.150878,-1.707627,9.607620,0.030892,-0.063916,-0.034088
19.490376,2047.165844,-1.236389,0.000000,-0.006700,-0.223961,0.000000,-0.004020,-10.917341,0.000000,-0.005360,-0.058291,0.000000,-0.010720,0.181976,-1.702820,9.606442,0.038350,-0.063916,-0.036219
19.500123,2047.175393,-1.236389,0.000000,-0.006700,-0.223961,0.000000,-0.004020,-10.917341,0.000000,-0.005360,-0.058291,0.000000,-0.010720,0.167653,-1.674076,9.601636,0.038350,-0.064980,-0.036219
19.510402,2047.185095,-1.236389,0.000000,-0.006700,-0.223961,0.000000,-0.004020,-10.917341,0.000000,-0.005360,-0.058291,0.000000,-0.010720,0.170007,-1.710079,9.609974,0.025566,-0.064980,-0.036219
19.520523,2047.194476,-1.234855,0.000000,-0.006700,-0.223961,0.000000,-0.004020,-10.917341,0.000000,-0.005360,-0.058291,0.000000,-0.010720,0.178444,-1.696836,9.595652,0.030892,-0.064980,-0.038350
19.530557,2047.204151,-1.234855,0.000000,-0.006700,-0.223961,0.000000,-0.004020,-10.917341,0.000000,-0.005360,-0.058291,0.000000,-0.010720,0.164023,-1.647786,9.621942,0.047937,-0.063916,-0.031959
19.540247,2047.213942,-1.236389,0.000000,-0.006700,-0.223961,0.000000,-0.004020,-10.917341,0.000000,-0.005360,-0.058291,0.000000,-0.010720,0.150878,-1.687320,9.608797,0.021305,-0.063916,-0.036219
19.550207,2047.232782,-1.236389,0.000000,-0.006700,-0.223961,0.000000,-0.004020,-10.917341,0.000000,-0.005360,-0.058291,0.000000,-0.010720,0.177267,-1.645333,9.595652,0.028761,-0.064980,-0.034088
19.560450,2047.242282,-1.236389,0.000000,-0.006700,-0.223961,0.000000,-0.004020,-10.917341,0.000000,-0.005360,-0.058291,0.000000,-0.010720,0.158039,-1.672899,9.626749,0.034088,-0.064980,-0.034088
19.570436,2047.251819,-1.234855,0.000000,-0.006700,-0.223961,0.000000,-0.004020,-10.917341,0.000000,-0.005360,-0.058291,0.000000,-0.010720,0.172460,-1.690852,9.614781,0.020241,-0.066047,-0.036219
19.580145,2047.261537,-1.236389,0.000000,-0.006700,-0.223961,0.000000,-0.004020,-10.917341,0.000000,-0.005360,-0.058291,0.000000,-0.010720,0.164023,-1.734016,9.602813,0.017045,-0.064980,-0.037284
19.590091,2047.271133,-1.236389,0.000000,-0.006700,-0.223961,0.000000,-0.004020,-10.917341,0.000000,-0.005360,-0.058291,0.000000,-0.010720,0.161669,-1.683690,9.609974,0.055393,-0.063916,-0.037284
19.600389,2047.280423,-1.234855,0.000000,-0.006700,-0.223961,0.000000,-0.004020,-10.917341,0.000000,-0.005360,-0.058291,0.000000,-0.010720,0.158039,-1.583138,9.626749,0.059655,-0.064980,-0.037284
19.610101,2047.290131,-1.236389,0.000000,-0.006700,-0.223961,0.000000,-0.004020,-10.917341,0.000000,-0.005360,-0.058291,0.000000,-0.010720,0.148523,-1.666915,9.611249,0.010653,-0.066047,-0.036219
19.620202,2047.299811,-1.236389,0.000000,-0.006700,-0.223961,0.000000,-0.004020,-10.917341,0.000000,-0.005360,-0.058291,0.000000,-0.010720,0.160492,-1.765113,9.586038,-0.006391,-0.064980,-0.037284
19.630088,2047.309421,-1.236389,0.000000,-0.006700,-0.223961,0.000000,-0.004020,-10.917341,0.000000,-0.005360,-0.058291,0.000000,-0.010720,0.154508,-1.693304,9.602813,0.040479,-0.064980,-0.035154
19.640534,2047.318802,-1.236389,0.000000,-0.006700,-0.223961,0.000000,-0.004020,-10.917341,0.000000,-0.005360,-0.058291,0.000000,-0.010720,0.142539,-1.604622,9.632733,0.060720,-0.063916,-0.033023
19.650299,2047.328178,-1.236389,0.000000,-0.006700,-0.223961,0.000000,-0.004020,-10.917341,0.000000,-0.005360,-0.058291,0.000000,-0.010720,0.166476,-1.682513,9.607620,0.012783,-0.064980,-0.036219
19.660148,2047.337978,-1.236389,0.000000,-0.006700,-0.223961,0.000000,-0.004020,-10.917341,0.000000,-0.005360,-0.058291,0.000000,-0.010720,0.170007,-1.751968,9.592022,0.007456,-0.066047,-0.037284
19.670450,2047.347392,-1.236389,0.000000,-0.006700,-0.223961,0.000000,-0.004020,-10.917341,0.000000,-0.005360,-0.058291,0.000000,-0.010720,0.165299,-1.686143,9.619588,0.050068,-0.064980,-0.035154
19.680325,2047.357187,-1.236389,0.000000,-0.006700,-0.223961,0.000000,-0.004020,-10.917341,0.000000,-0.005360,-0.058291,0.000000,-0.010720,0.178444,-1.625026,9.608797,0.052198,-0.063916,-0.034088
19.690195,2047.366603,-1.234855,0.000000,-0.006700,-0.223961,0.000000,-0.004020,-10.917341,0.000000,-0.005360,-0.058291,0.000000,-0.010720,0.164023,-1.678883,9.608797,0.018110,-0.064980,-0.036219
19.700134,2047.376186,-1.236389,0.000000,-0.006700,-0.223961,0.000000,-0.004020,-10.917341,0.000000,-0.005360,-0.058291,0.000000,-0.010720,0.165299,-1.726854,9.599281,0.009587,-0.064980,-0.036219
19.710210,2047.385802,-1.236389,0.000000,-0.006700,-0.223961,0.000000,-0.004020,-10.917341,0.000000,-0.005360,-0.058291,0.000000,-0.010720,0.165299,-1.723225,9.595652,0.028761,-0.066047,-0.036219
19.720199,2047.395048,-1.236389,0.000000,-0.006700,-0.223961,0.000000,-0.004020,-10.917341,0.000000,-0.005360,-0.058291,0.000000,-0.010720,0.150878,-1.674076,9.615958,0.052198,-0.064980,-0.035154
19.730489,2047.404834,-1.234855,0.000000,-0.006700,-0.223961,0.000000,-0.004020,-10.917341,0.000000,-0.005360,-0.058291,0.000000,-0.010720,0.155685,-1.654947,9.617234,0.041546,-0.064980,-0.035154
19.740146,2047.414324,-1.236389,0.000000,-0.006700,-0.223961,0.000000,-0.004020,-10.917341,0.000000,-0.005360,-0.058291,0.000000,-0.010720,0.172460,-1.692127,9.603990,0.011718,-0.064980,-0.035154
19.750260,2047.423862,-1.236389,0.000000,-0.006700,-0.223961,0.000000,-0.004020,-10.917341,0.000000,-0.005360,-0.058291,0.000000,-0.010720,0.174814,-1.735193,9.594474,0.009587,-0.063916,-0.034088
19.760429,2047.433342,-1.236389,0.000000,-0.006700,-0.223961,0.000000,-0.004020,-10.917341,0.000000,-0.005360,-0.058291,0.000000,-0.010720,0.174814,-1.714788,9.598006,0.036219,-0.063916,-0.033023
19.770170,2047.452534,-1.236389,0.000000,-0.006700,-0.223961,0.000000,-0.004020,-10.917341,0.000000,-0.005360,-0.058291,0.000000,-0.010720,0.160492,-1.676529,9.607620,0.023436,-0.064980,-0.036219
19.780390,2047.462029,-1.234855,0.000000,-0.006700,-0.223961,0.000000,-0.004020,-10.917341,0.000000,-0.005360,-0.058291,0.000000,-0.010720,0.179621,-1.728032,9.584860,0.001065,-0.067111,-0.039415
19.790631,2047.471376,-1.234855,0.000000,-0.006700,-0.223961,0.000000,-0.004020,-10.917341,0.000000,-0.005360,-0.058291,0.000000,-0.010720,0.122134,-1.740000,9.592022,0.035154,-0.064980,-0.036219
19.800469,2047.481188,-1.236389,0.000000,-0.006700,-0.223961,0.000000,-0.004020,-10.917341,0.000000,-0.005360,-0.058291,0.000000,-0.010720,0.093391,-1.652593,9.684236,0.050068,-0.064980,-0.036219
19.810456,2047.490646,-1.234855,0.000000,-0.006700,-0.223961,0.000000,-0.004020,-10.917341,0.000000,-0.005360,-0.058291,0.000000,-0.010720,0.137732,-1.698111,9.581231,0.011718,-0.064980,-0.037284
19.820542,2047.500323,-1.236389,0.000000,-0.006700,-0.223961,0.000000,-0.004020,-10.917341,0.000000,-0.005360,-0.058291,0.000000,-0.010720,0.158039,-1.687320,9.615958,0.028761,-0.066047,-0.035154
19.830509,2047.509612,-1.236389,0.000000,-0.006700,-0.223961,0.000000,-0.004020,-10.917341,0.000000,-0.005360,-0.058291,0.000000,-0.010720,0.192767,-1.644156,9.586038,0.037284,-0.064980,-0.035154
19.840440,2047.519324,-1.236389,0.000000,-0.006700,-0.223961,0.000000,-0.004020,-10.917341,0.000000,-0.005360,-0.058291,0.000000,-0.010720,0.183251,-1.693304,9.631556,0.046871,-0.063916,-0.033023
19.850199,2047.528708,-1.236389,0.000000,-0.006700,-0.223961,0.000000,-0.004020,-10.917341,0.000000,-0.005360,-0.058291,0.000000,-0.010720,0.173637,-1.647786,9.605265,0.027697,-0.066047,-0.037284
19.860086,2047.538223,-1.236389,0.000000,-0.006700,-0.223961,0.000000,-0.004020,-10.917341,0.000000,-0.005360,-0.058291,0.000000,-0.010720,0.166476,-1.665738,9.619588,0.028761,-0.063916,-0.035154
19.870468,2047.547772,-1.236389,0.000000,-0.006700,-0.223961,0.000000,-0.004020,-10.917341,0.000000,-0.005360,-0.058291,0.000000,-0.010720,0.149701,-1.700465,9.605265,0.023436,-0.064980,-0.036219
19.880287,2047.557674,-1.234855,0.000000,-0.006700,-0.223961,0.000000,-0.004020,-10.917341,0.000000,-0.005360,-0.058291,0.000000,-0.010720,0.136555,-1.693304,9.615958,0.030892,-0.063916,-0.035154
19.890202,2047.566890,-1.236389,0.000000,-0.006700,-0.223961,0.000000,-0.004020,-10.917341,0.000000,-0.005360,-0.058291,0.000000,-0.010720,0.146071,-1.688497,9.606442,0.041546,-0.063916,-0.037284
19.900210,2047.576790,-1.236389,0.000000,-0.006700,-0.223961,0.000000,-0.004020,-10.917341,0.000000,-0.005360,-0.058291,0.000000,-0.010720,0.170007,-1.705272,9.600458,0.039415,-0.063916,-0.039415
19.910239,2047.586329,-1.236389,0.000000,-0.006700,-0.223961,0.000000,-0.004020,-10.917341,0.000000,-0.005360,-0.058291,0.000000,-0.010720,0.226317,-1.671722,9.522567,0.036219,-0.063916,-0.039415
19.920386,2047.595518,-1.236389,0.000000,-0.006700,-0.223961,0.000000,-0.004020,-10.917341,0.000000,-0.005360,-0.058291,0.000000,-0.010720,0.189235,-1.645333,9.603990,0.034088,-0.063916,-0.040479
19.930183,2047.605408,-1.234855,0.000000,-0.006700,-0.223961,0.000000,-0.004020,-10.917341,0.000000,-0.005360,-0.058291,0.000000,-0.010720,0.180798,-1.671722,9.603990,0.045806,-0.064980,-0.034088
19.940548,2047.614971,-1.236389,0.000000,-0.006700,-0.223961,0.000000,-0.004020,-10.917341,0.000000,-0.005360,-0.058291,0.000000,-0.010720,0.164023,-1.662108,9.639993,0.029828,-0.062851,-0.035154
19.950464,2047.624540,-1.236389,0.000000,-0.006700,-0.223961,0.000000,-0.004020,-10.917341,0.000000,-0.005360,-0.058291,0.000000,-0.010720,0.209542,-1.676529,9.592022,0.017045,-0.064980,-0.038350
19.960556,2047.634021,-1.236389,0.000000,-0.006700,-0.223961,0.000000,-0.004020,-10.917341,0.000000,-0.005360,-0.058291,0.000000,-0.010720,0.160492,-1.689674,9.615958,0.029828,-0.066047,-0.037284
19.970538,2047.653155,-1.234855,0.000000,-0.006700,-0.223961,0.000000,-0.004020,-10.917341,0.000000,-0.005360,-0.058291,0.000000,-0.010720,0.156862,-1.707627,9.608797,0.028761,-0.064980,-0.035154
19.980486,2047.662457,-1.236389,0.000000,-0.006700,-0.223961,0.000000,-0.004020,-10.917341,0.000000,-0.005360,-0.058291,0.000000,-0.010720,0.141264,-1.707627,9.602813,0.021305,-0.064980,-0.036219
19.990439,2047.672025,-1.236389,0.000000,-0.006700,-0.223961,0.000000,-0.004020,-10.917341,0.000000,-0.005360,-0.058291,0.000000,-0.010720,0.166476,-1.690852,9.602813,0.031959,-0.066047,-0.036219
