t,imu_t,imu_frame,w1_pos,w1_vel,w1_cur,w2_pos,w2_vel,w2_cur,w3_pos,w3_vel,w3_cur,w4_pos,w4_vel,w4_cur,ax,ay,az,gx,gy,gz
0.001677,569.567851,body,138.650387,0.000000,-0.004020,-133.984018,0.000000,-0.002680,141.416155,0.000000,-0.006700,-127.374095,0.000000,-0.009380,-0.026389,0.049050,9.786064,0.064980,0.027697,-0.030892
0.053227,569.577375,body,138.650387,0.000000,-0.004020,-133.984018,0.000000,-0.002680,141.416155,0.000000,-0.006700,-127.374095,0.000000,-0.009380,-0.014323,0.038357,9.788418,0.064980,0.027697,-0.030892
0.064888,569.587140,body,138.650387,0.000000,-0.004020,-133.985552,0.000000,-0.002680,141.416155,0.000000,-0.006700,-127.374095,0.000000,-0.009380,-0.028743,0.070632,9.793225,0.063916,0.027697,-0.030892
0.072825,569.596498,body,138.650387,0.000000,-0.004020,-133.984018,0.000000,-0.002680,141.416155,0.000000,-0.006700,-127.374095,0.000000,-0.009380,-0.015598,0.050325,9.774095,0.064980,0.027697,-0.030892
0.082898,569.605886,body,138.650387,0.000000,-0.004020,-133.984018,0.000000,-0.002680,141.416155,0.000000,-0.006700,-127.374095,0.000000,-0.009380,-0.020405,0.031098,9.760950,0.064980,0.029828,-0.030892
0.093108,569.615625,body,138.650387,0.000000,-0.004020,-133.984018,0.000000,-0.002680,141.416155,0.000000,-0.006700,-127.374095,0.000000,-0.009380,-0.026389,0.052680,9.784886,0.063916,0.027697,-0.034088
0.103112,569.625095,body,138.650387,0.000000,-0.004020,-133.984018,0.000000,-0.002680,141.416155,0.000000,-0.006700,-127.374095,0.000000,-0.009380,-0.028743,0.073085,9.793225,0.062851,0.025566,-0.033023
0.112872,569.634571,body,138.650387,0.000000,-0.004020,-133.985552,0.000000,-0.002680,141.416155,0.000000,-0.006700,-127.374095,0.000000,-0.009380,-0.021582,0.061116,9.795677,0.063916,0.026632,-0.031959
0.122905,569.644376,body,138.650387,0.000000,-0.004020,-133.985552,0.000000,-0.002680,141.416155,0.000000,-0.006700,-127.374095,0.000000,-0.009380,-0.004807,0.050325,9.778902,0.063916,0.027697,-0.031959
0.132822,569.653831,body,138.650387,0.000000,-0.004020,-133.984018,0.000000,-0.002680,141.416155,0.000000,-0.006700,-127.374095,0.000000,-0.009380,-0.009614,0.050325,9.770466,0.064980,0.027697,-0.030892
0.142892,569.663463,body,138.650387,0.000000,-0.004020,-133.984018,0.000000,-0.002680,141.416155,0.000000,-0.006700,-127.374095,0.000000,-0.009380,-0.032373,0.070632,9.798032,0.064980,0.029828,-0.030892
0.152878,569.672829,body,138.650387,0.000000,-0.004020,-133.984018,0.000000,-0.002680,141.416155,0.000000,-0.006700,-127.374095,0.000000,-0.009380,-0.034727,0.055132,9.794402,0.064980,0.029828,-0.029828
0.162892,569.682606,body,138.650387,0.000000,-0.004020,-133.985552,0.000000,-0.002680,141.416155,0.000000,-0.006700,-127.374095,0.000000,-0.009380,-0.039534,0.051503,9.786064,0.066047,0.028761,-0.029828
0.172910,569.691885,body,138.650387,0.000000,-0.004020,-133.985552,0.000000,-0.002680,141.416155,0.000000,-0.006700,-127.374095,0.000000,-0.009380,-0.049050,0.035905,9.790871,0.064980,0.027697,-0.030892
0.182822,569.701696,body,138.650387,0.000000,-0.004020,-133.984018,0.000000,-0.002680,141.416155,0.000000,-0.006700,-127.374095,0.000000,-0.009380,-0.033550,0.040712,9.813630,0.064980,0.026632,-0.031959
0.192858,569.711205,body,138.650387,0.000000,-0.004020,-133.984018,0.000000,-0.002680,141.416155,0.000000,-0.006700,-127.374095,0.000000,-0.009380,-0.047873,0.064648,9.804016,0.064980,0.026632,-0.029828
0.202628,569.720750,body,138.650387,0.000000,-0.004020,-133.985552,0.000000,-0.002680,141.416155,0.000000,-0.006700,-127.374095,0.000000,-0.009380,-0.049050,0.059841,9.805193,0.066047,0.027697,-0.029828
0.213225,569.730063,body,138.650387,0.000000,-0.004020,-133.984018,0.000000,-0.002680,141.416155,0.000000,-0.006700,-127.374095,0.000000,-0.009380,-0.028743,0.041889,9.800386,0.067111,0.026632,-0.029828
0.222900,569.739951,body,138.650387,0.000000,-0.004020,-133.984018,0.000000,-0.002680,141.416155,0.000000,-0.006700,-127.374095,0.000000,-0.009380,-0.021582,0.041889,9.798032,0.064980,0.026632,-0.029828
0.232952,569.749300,body,138.650387,0.000000,-0.004020,-133.985552,0.000000,-0.002680,141.416155,0.000000,-0.006700,-127.374095,0.000000,-0.009380,-0.003630,0.043066,9.782434,0.064980,0.026632,-0.030892
0.242865,569.758982,body,138.650387,0.000000,-0.004020,-133.984018,0.000000,-0.002680,141.416155,0.000000,-0.006700,-127.374095,0.000000,-0.009380,-0.008339,0.047873,9.786064,0.064980,0.028761,-0.030892
0.252990,569.777843,body,138.650387,0.000000,-0.004020,-133.984018,0.000000,-0.002680,141.416155,0.000000,-0.006700,-127.374095,0.000000,-0.009380,-0.022759,0.057487,9.777627,0.066047,0.027697,-0.030892
0.263057,569.787484,body,138.650387,0.000000,-0.004020,-133.984018,0.000000,-0.002680,141.416155,0.000000,-0.006700,-127.374095,0.000000,-0.009380,-0.045518,0.059841,9.792048,0.064980,0.028761,-0.029828
0.273112,569.797188,body,138.650387,0.000000,-0.004020,-133.985552,0.000000,-0.002680,141.416155,0.000000,-0.006700,-127.374095,0.000000,-0.009380,-0.032373,0.035905,9.789595,0.066047,0.028761,-0.028761
0.282628,569.806747,body,138.650387,0.000000,-0.004020,-133.985552,0.000000,-0.002680,141.416155,0.000000,-0.006700,-127.374095,0.000000,-0.009380,-0.035905,0.038357,9.786064,0.066047,0.028761,-0.030892
0.292774,569.816109,body,138.650387,0.000000,-0.004020,-133.985552,0.000000,-0.002680,141.416155,0.000000,-0.006700,-127.374095,0.000000,-0.009380,-0.034727,0.058664,9.810000,0.064980,0.029828,-0.029828
0.302893,569.825624,body,138.650387,0.000000,-0.004020,-133.984018,0.000000,-0.002680,141.416155,0.000000,-0.006700,-127.374095,0.000000,-0.009380,-0.043066,0.055132,9.804016,0.067111,0.029828,-0.029828
0.313025,569.835380,body,138.650387,0.000000,-0.004020,-133.985552,0.000000,-0.002680,141.416155,0.000000,-0.006700,-127.374095,0.000000,-0.009380,-0.041889,0.064648,9.794402,0.066047,0.027697,-0.028761
0.322820,569.844854,body,138.650387,0.000000,-0.004020,-133.984018,0.000000,-0.002680,141.416155,0.000000,-0.006700,-127.374095,0.000000,-0.009380,-0.003630,0.040712,9.783611,0.064980,0.025566,-0.030892
0.332792,569.854249,body,138.650387,0.000000,-0.004020,-133.985552,0.000000,-0.002680,141.416155,0.000000,-0.006700,-127.374095,0.000000,-0.009380,0.010791,0.040712,9.796855,0.062851,0.025566,-0.031959
0.342672,569.863791,body,138.650387,0.000000,-0.004020,-133.985552,0.000000,-0.002680,141.416155,0.000000,-0.006700,-127.374095,0.000000,-0.009380,0.000000,0.043066,9.770466,0.062851,0.028761,-0.033023
0.352676,569.873564,body,138.650387,0.000000,-0.004020,-133.984018,0.000000,-0.002680,141.416155,0.000000,-0.006700,-127.374095,0.000000,-0.009380,-0.009614,0.029921,9.788418,0.061785,0.028761,-0.033023
0.363031,569.882861,body,138.650387,0.000000,-0.004020,-133.985552,0.000000,-0.002680,141.416155,0.000000,-0.006700,-127.374095,0.000000,-0.009380,-0.026389,0.040712,9.782434,0.063916,0.029828,-0.033023
0.373065,569.892609,body,138.650387,0.000000,-0.004020,-133.984018,0.000000,-0.002680,141.416155,0.000000,-0.006700,-127.374095,0.000000,-0.009380,-0.033550,0.061116,9.798032,0.064980,0.027697,-0.031959
0.383072,569.901959,body,138.650387,0.000000,-0.004020,-133.985552,0.000000,-0.002680,141.416155,0.000000,-0.006700,-127.374095,0.000000,-0.009380,-0.021582,0.040712,9.794402,0.062851,0.028761,-0.033023
0.393000,569.911615,body,138.650387,0.000000,-0.004020,-133.985552,0.000000,-0.002680,141.416155,0.000000,-0.006700,-127.374095,0.000000,-0.009380,-0.033550,0.044341,9.786064,0.062851,0.026632,-0.034088
0.402621,569.921206,body,138.650387,0.000000,-0.004020,-133.984018,0.000000,-0.002680,141.416155,0.000000,-0.006700,-127.374095,0.000000,-0.009380,-0.020405,0.050325,9.794402,0.062851,0.027697,-0.033023
0.412654,569.930876,body,138.650387,0.000000,-0.004020,-133.984018,0.000000,-0.002680,141.416155,0.000000,-0.006700,-127.374095,0.000000,-0.009380,-0.021582,0.027566,9.802839,0.063916,0.026632,-0.030892
0.423148,569.940324,body,138.650387,0.000000,-0.004020,-133.984018,0.000000,-0.002680,141.416155,0.000000,-0.006700,-127.374095,0.000000,-0.009380,-0.040712,0.061116,9.804016,0.062851,0.026632,-0.031959
0.432818,569.949977,body,138.650387,0.000000,-0.004020,-133.985552,0.000000,-0.002680,141.416155,0.000000,-0.006700,-127.374095,0.000000,-0.009380,-0.033550,0.051503,9.806370,0.066047,0.027697,-0.030892
0.443014,569.959292,body,138.650387,0.000000,-0.004020,-133.985552,0.000000,-0.002680,141.416155,0.000000,-0.006700,-127.374095,0.000000,-0.009380,-0.004807,0.045518,9.781257,0.063916,0.027697,-0.030892
0.453003,569.978352,body,138.650387,0.000000,-0.004020,-133.984018,0.000000,-0.002680,141.416155,0.000000,-0.006700,-127.374095,0.000000,-0.009380,0.026389,0.015598,9.753691,0.063916,0.027697,-0.031959
0.463073,569.988236,body,138.650387,0.000000,-0.004020,-133.985552,0.000000,-0.002680,141.416155,0.000000,-0.006700,-127.374095,0.000000,-0.009380,-0.022759,0.038357,9.780080,0.063916,0.027697,-0.031959
0.473136,569.997607,body,138.650387,0.000000,-0.004020,-133.984018,0.000000,-0.002680,141.416155,0.000000,-0.006700,-127.374095,0.000000,-0.009380,-0.035905,0.046696,9.800386,0.063916,0.028761,-0.031959
0.482651,570.007282,body,138.650387,0.000000,-0.004020,-133.985552,0.000000,-0.002680,141.416155,0.000000,-0.006700,-127.374095,0.000000,-0.009380,-0.037082,0.049050,9.788418,0.064980,0.027697,-0.030892
0.492919,570.016694,body,138.650387,0.000000,-0.004020,-133.984018,0.000000,-0.002680,141.416155,0.000000,-0.006700,-127.374095,0.000000,-0.009380,-0.010791,0.052680,9.782434,0.063916,0.027697,-0.030892
0.502968,570.026319,body,138.650387,0.000000,-0.004020,-133.985552,0.000000,-0.002680,141.416155,0.000000,-0.006700,-127.374095,0.000000,-0.009380,-0.026389,0.045518,9.811177,0.066047,0.026632,-0.030892
0.513065,570.035617,body,138.650387,0.000000,-0.004020,-133.985552,0.000000,-0.002680,141.416155,0.000000,-0.006700,-127.374095,0.000000,-0.009380,-0.028743,0.051503,9.790871,0.064980,0.026632,-0.030892
0.522823,570.045279,body,138.650387,0.000000,-0.004020,-133.984018,0.000000,-0.002680,141.416155,0.000000,-0.006700,-127.374095,0.000000,-0.009380,-0.037082,0.063471,9.794402,0.063916,0.026632,-0.033023
0.532866,570.054801,body,138.650387,0.000000,-0.004020,-133.985552,0.000000,-0.002680,141.416155,0.000000,-0.006700,-127.375629,0.000000,-0.009380,-0.013145,0.053857,9.784886,0.063916,0.027697,-0.031959
0.542629,570.064376,body,138.650387,0.000000,-0.004020,-133.984018,0.000000,-0.002680,141.416155,0.000000,-0.006700,-127.374095,0.000000,-0.009380,-0.007161,0.063471,9.795677,0.063916,0.028761,-0.030892
0.552980,570.074040,body,138.650387,0.000000,-0.004020,-133.984018,0.000000,-0.002680,141.416155,0.000000,-0.006700,-127.374095,0.000000,-0.009380,-0.007161,0.065825,9.778902,0.063916,0.027697,-0.030892
0.562799,570.083694,body,138.650387,0.000000,-0.004020,-133.984018,0.000000,-0.002680,141.416155,0.000000,-0.006700,-127.374095,0.000000,-0.009380,-0.005984,0.056309,9.795677,0.063916,0.028761,-0.030892
0.572886,570.093133,body,138.650387,0.000000,-0.004020,-133.985552,0.000000,-0.002680,141.416155,0.000000,-0.006700,-127.374095,0.000000,-0.009380,-0.004807,0.039534,9.794402,0.062851,0.026632,-0.030892
0.582865,570.102549,body,138.651921,0.000000,-0.004020,-133.984018,0.000000,-0.002680,141.416155,0.000000,-0.006700,-127.374095,0.000000,-0.009380,-0.007161,0.046696,9.807646,0.062851,0.026632,-0.031959
0.593068,570.112203,body,138.650387,0.000000,-0.004020,-133.984018,0.000000,-0.002680,141.416155,0.000000,-0.006700,-127.374095,0.000000,-0.009380,-0.015598,0.059841,9.795677,0.063916,0.028761,-0.030892
0.603104,570.121560,body,138.650387,0.000000,-0.004020,-133.985552,0.000000,-0.002680,141.416155,0.000000,-0.006700,-127.374095,0.000000,-0.009380,-0.021582,0.058664,9.783611,0.066047,0.028761,-0.030892
0.612651,570.131315,body,138.650387,0.000000,-0.004020,-133.985552,0.000000,-0.002680,141.416155,0.000000,-0.006700,-127.374095,0.000000,-0.009380,-0.016775,0.035905,9.782434,0.063916,0.028761,-0.031959
0.622816,570.140900,body,138.650387,0.000000,-0.004020,-133.984018,0.000000,-0.002680,141.416155,0.000000,-0.006700,-127.374095,0.000000,-0.009380,-0.020405,0.032373,9.788418,0.062851,0.029828,-0.034088
0.632791,570.150300,body,138.650387,0.000000,-0.004020,-133.984018,0.000000,-0.002680,141.416155,0.000000,-0.006700,-127.374095,0.000000,-0.009380,-0.021582,0.039534,9.784886,0.061785,0.027697,-0.033023
0.642863,570.159854,body,138.650387,0.000000,-0.004020,-133.984018,0.000000,-0.002680,141.416155,0.000000,-0.006700,-127.374095,0.000000,-0.009380,-0.022759,0.028743,9.795677,0.061785,0.028761,-0.033023
0.653019,570.169394,body,138.650387,0.000000,-0.004020,-133.984018,0.000000,-0.002680,141.416155,0.000000,-0.006700,-127.374095,0.000000,-0.009380,-0.038357,0.038357,9.781257,0.064980,0.029828,-0.031959
0.663066,570.188527,body,138.650387,0.000000,-0.004020,-133.984018,0.000000,-0.002680,141.416155,0.000000,-0.006700,-127.374095,0.000000,-0.009380,-0.050325,0.080246,9.796855,0.064980,0.027697,-0.030892
0.672799,570.198185,body,138.650387,0.000000,-0.004020,-133.984018,0.000000,-0.002680,141.416155,0.000000,-0.006700,-127.374095,0.000000,-0.009380,-0.007161,0.044341,9.769289,0.064980,0.027697,-0.030892
0.682826,570.207708,body,138.650387,0.000000,-0.004020,-133.984018,0.000000,-0.002680,141.416155,0.000000,-0.006700,-127.374095,0.000000,-0.009380,0.011968,0.044341,9.764482,0.066047,0.027697,-0.030892
0.692874,570.217395,body,138.650387,0.000000,-0.004020,-133.984018,0.000000,-0.002680,141.416155,0.000000,-0.006700,-127.374095,0.000000,-0.009380,0.011968,0.039534,9.759675,0.066047,0.028761,-0.029828
0.702903,570.226704,body,138.650387,0.000000,-0.004020,-133.984018,0.000000,-0.002680,141.416155,0.000000,-0.006700,-127.374095,0.000000,-0.009380,-0.017952,0.057487,9.790871,0.064980,0.028761,-0.031959
0.712926,570.236393,body,138.650387,0.000000,-0.004020,-133.984018,0.000000,-0.002680,141.416155,0.000000,-0.006700,-127.374095,0.000000,-0.009380,-0.053857,0.061116,9.800386,0.061785,0.029828,-0.034088
0.722979,570.245830,body,138.650387,0.000000,-0.004020,-133.985552,0.000000,-0.002680,141.416155,0.000000,-0.006700,-127.374095,0.000000,-0.009380,-0.029921,0.057487,9.787241,0.061785,0.027697,-0.033023
0.732828,570.255309,body,138.650387,0.000000,-0.004020,-133.984018,0.000000,-0.002680,141.416155,0.000000,-0.006700,-127.374095,0.000000,-0.009380,-0.013145,0.038357,9.792048,0.062851,0.026632,-0.033023
0.742975,570.265103,body,138.650387,0.000000,-0.004020,-133.985552,0.000000,-0.002680,141.416155,0.000000,-0.006700,-127.374095,0.000000,-0.009380,-0.020405,0.035905,9.786064,0.063916,0.026632,-0.030892
0.753002,570.274584,body,138.650387,0.000000,-0.004020,-133.984018,0.000000,-0.002680,141.416155,0.000000,-0.006700,-127.374095,0.000000,-0.009380,-0.034727,0.058664,9.806370,0.066047,0.027697,-0.029828
0.763042,570.284037,body,138.650387,0.000000,-0.004020,-133.985552,0.000000,-0.002680,141.416155,0.000000,-0.006700,-127.374095,0.000000,-0.009380,-0.027566,0.064648,9.796855,0.064980,0.029828,-0.030892
0.773105,570.293506,body,138.650387,0.000000,-0.004020,-133.985552,0.000000,-0.002680,141.416155,0.000000,-0.006700,-127.374095,0.000000,-0.009380,-0.038357,0.079069,9.801661,0.066047,0.030892,-0.030892
0.783091,570.303137,body,138.650387,0.000000,-0.004020,-133.985552,0.000000,-0.002680,141.416155,0.000000,-0.006700,-127.374095,0.000000,-0.009380,-0.035905,0.067100,9.789595,0.063916,0.029828,-0.029828
0.792801,570.312796,body,138.650387,0.000000,-0.004020,-133.984018,0.000000,-0.002680,141.416155,0.000000,-0.006700,-127.374095,0.000000,-0.009380,-0.002354,0.038357,9.794402,0.066047,0.028761,-0.029828
0.802754,570.322259,body,138.650387,0.000000,-0.004020,-133.985552,0.000000,-0.002680,141.416155,0.000000,-0.006700,-127.374095,0.000000,-0.009380,-0.009614,0.051503,9.782434,0.064980,0.026632,-0.030892
0.812830,570.331913,body,138.650387,0.000000,-0.004020,-133.985552,0.000000,-0.002680,141.416155,0.000000,-0.006700,-127.374095,0.000000,-0.009380,-0.023936,0.050325,9.804016,0.066047,0.027697,-0.030892
0.822854,570.341201,body,138.650387,0.000000,-0.004020,-133.985552,0.000000,-0.002680,141.414621,0.000000,-0.006700,-127.374095,0.000000,-0.009380,-0.045518,0.053857,9.807646,0.066047,0.029828,-0.030892
0.832992,570.350958,body,138.650387,0.000000,-0.004020,-133.985552,0.000000,-0.002680,141.416155,0.000000,-0.006700,-127.374095,0.000000,-0.009380,-0.051503,0.055132,9.792048,0.066047,0.027697,-0.033023
0.842993,570.360325,body,138.650387,0.000000,-0.004020,-133.985552,0.000000,-0.002680,141.416155,0.000000,-0.006700,-127.374095,0.000000,-0.009380,-0.051503,0.061116,9.798032,0.064980,0.026632,-0.031959
0.853004,570.369925,body,138.650387,0.000000,-0.004020,-133.985552,0.000000,-0.002680,141.416155,0.000000,-0.006700,-127.374095,0.000000,-0.009380,-0.038357,0.077793,9.814807,0.064980,0.027697,-0.030892
0.863107,570.379692,body,138.650387,0.000000,-0.004020,-133.984018,0.000000,-0.002680,141.414621,0.000000,-0.006700,-127.374095,0.000000,-0.009380,-0.029921,0.062294,9.812354,0.064980,0.028761,-0.030892
0.873215,570.389077,body,138.650387,0.000000,-0.004020,-133.985552,0.000000,-0.002680,141.416155,0.000000,-0.006700,-127.374095,0.000000,-0.009380,-0.020405,0.032373,9.788418,0.063916,0.028761,-0.031959
0.882960,570.408106,body,138.650387,0.000000,-0.004020,-133.985552,0.000000,-0.002680,141.416155,0.000000,-0.006700,-127.374095,0.000000,-0.009380,-0.028743,0.052680,9.790871,0.066047,0.028761,-0.029828
0.892959,570.417584,body,138.650387,0.000000,-0.004020,-133.984018,0.000000,-0.002680,141.416155,0.000000,-0.006700,-127.374095,0.000000,-0.009380,-0.027566,0.075439,9.798032,0.064980,0.027697,-0.031959
0.902708,570.427199,body,138.650387,0.000000,-0.004020,-133.984018,0.000000,-0.002680,141.416155,0.000000,-0.006700,-127.374095,0.000000,-0.009380,-0.023936,0.056309,9.778902,0.062851,0.026632,-0.034088
0.912679,570.436912,body,138.650387,0.000000,-0.004020,-133.984018,0.000000,-0.002680,141.416155,0.000000,-0.006700,-127.374095,0.000000,-0.009380,-0.003630,0.021582,9.778902,0.062851,0.027697,-0.034088
0.922855,570.446549,body,138.650387,0.000000,-0.004020,-133.985552,0.000000,-0.002680,141.416155,0.000000,-0.006700,-127.374095,0.000000,-0.009380,-0.007161,0.004807,9.763304,0.062851,0.026632,-0.033023
0.933181,570.455807,body,138.650387,0.000000,-0.004020,-133.985552,0.000000,-0.002680,141.416155,0.000000,-0.006700,-127.374095,0.000000,-0.009380,-0.016775,0.047873,9.780080,0.062851,0.026632,-0.034088
0.942640,570.465413,body,138.650387,0.000000,-0.004020,-133.985552,0.000000,-0.002680,141.416155,0.000000,-0.006700,-127.374095,0.000000,-0.009380,-0.019130,0.062294,9.789595,0.061785,0.026632,-0.034088
0.952662,570.475096,body,138.650387,0.000000,-0.004020,-133.984018,0.000000,-0.002680,141.416155,0.000000,-0.006700,-127.374095,0.000000,-0.009380,-0.017952,0.044341,9.780080,0.060720,0.027697,-0.034088
0.962978,570.484521,body,138.650387,0.000000,-0.004020,-133.984018,0.000000,-0.002680,141.416155,0.000000,-0.006700,-127.374095,0.000000,-0.009380,-0.016775,0.034727,9.777627,0.061785,0.026632,-0.034088
0.972959,570.493997,body,138.650387,0.000000,-0.004020,-133.985552,0.000000,-0.002680,141.416155,0.000000,-0.006700,-127.374095,0.000000,-0.009380,-0.029921,0.035905,9.786064,0.063916,0.028761,-0.031959
0.982976,570.503777,body,138.650387,0.000000,-0.004020,-133.985552,0.000000,-0.002680,141.416155,0.000000,-0.006700,-127.374095,0.000000,-0.009380,-0.009614,0.033550,9.786064,0.063916,0.028761,-0.030892
0.993072,570.513355,body,138.650387,0.000000,-0.004020,-133.984018,0.000000,-0.002680,141.416155,0.000000,-0.006700,-127.374095,0.000000,-0.009380,-0.008339,0.047873,9.775273,0.063916,0.028761,-0.031959
1.003120,570.522975,body,138.650387,0.000000,-0.004020,-133.984018,0.000000,-0.002680,141.416155,0.000000,-0.006700,-127.374095,0.000000,-0.009380,-0.001177,0.041889,9.771643,0.062851,0.028761,-0.033023
1.013095,570.532336,body,138.650387,0.000000,-0.004020,-133.985552,0.000000,-0.002680,141.416155,0.000000,-0.006700,-127.374095,0.000000,-0.009380,-0.019130,0.037082,9.784886,0.063916,0.028761,-0.033023
1.023145,570.541936,body,138.650387,0.000000,-0.004020,-133.984018,0.000000,-0.002680,141.416155,0.000000,-0.006700,-127.374095,0.000000,-0.009380,-0.017952,0.031098,9.774095,0.064980,0.028761,-0.031959
1.033136,570.551382,body,138.650387,0.000000,-0.004020,-133.984018,0.000000,-0.002680,141.416155,0.000000,-0.006700,-127.374095,0.000000,-0.009380,0.000000,0.037082,9.789595,0.066047,0.027697,-0.030892
1.042748,570.560821,body,138.650387,0.000000,-0.004020,-133.985552,0.000000,-0.002680,141.416155,0.000000,-0.006700,-127.374095,0.000000,-0.009380,-0.016775,0.049050,9.805193,0.063916,0.026632,-0.030892
1.052685,570.570351,body,138.650387,0.000000,-0.004020,-133.985552,0.000000,-0.002680,141.416155,0.000000,-0.006700,-127.374095,0.000000,-0.009380,-0.039534,0.067100,9.814807,0.063916,0.028761,-0.028761
1.062794,570.580202,body,138.650387,0.000000,-0.004020,-133.985552,0.000000,-0.002680,141.416155,0.000000,-0.006700,-127.374095,0.000000,-0.009380,-0.043066,0.051503,9.800386,0.063916,0.028761,-0.029828
1.072820,570.589797,body,138.650387,0.000000,-0.004020,-133.984018,0.000000,-0.002680,141.416155,0.000000,-0.006700,-127.374095,0.000000,-0.009380,-0.049050,0.043066,9.799209,0.063916,0.027697,-0.031959
1.082960,570.599108,body,138.650387,0.000000,-0.004020,-133.984018,0.000000,-0.002680,141.416155,0.000000,-0.006700,-127.374095,0.000000,-0.009380,-0.029921,0.041889,9.804016,0.062851,0.025566,-0.034088
1.092952,570.608737,body,138.650387,0.000000,-0.004020,-133.985552,0.000000,-0.002680,141.416155,0.000000,-0.006700,-127.374095,0.000000,-0.009380,0.003630,0.038357,9.796855,0.062851,0.025566,-0.031959
1.102971,570.627832,body,138.650387,0.000000,-0.004020,-133.985552,0.000000,-0.002680,141.416155,0.000000,-0.006700,-127.374095,0.000000,-0.009380,-0.016775,0.050325,9.790871,0.063916,0.027697,-0.030892
1.112654,570.637320,body,138.650387,0.000000,-0.004020,-133.984018,0.000000,-0.002680,141.416155,0.000000,-0.006700,-127.374095,0.000000,-0.009380,-0.017952,0.021582,9.777627,0.061785,0.027697,-0.033023
1.122659,570.646915,body,138.650387,0.000000,-0.004020,-133.984018,0.000000,-0.002680,141.416155,0.000000,-0.006700,-127.374095,0.000000,-0.009380,-0.001177,0.019130,9.768111,0.062851,0.026632,-0.034088
1.132681,570.656381,body,138.650387,0.000000,-0.004020,-133.984018,0.000000,-0.002680,141.414621,0.000000,-0.006700,-127.374095,0.000000,-0.009380,0.000000,0.025114,9.776450,0.062851,0.026632,-0.033023
1.142893,570.666186,body,138.650387,0.000000,-0.004020,-133.985552,0.000000,-0.002680,141.416155,0.000000,-0.006700,-127.374095,0.000000,-0.009380,-0.032373,0.077793,9.812354,0.064980,0.027697,-0.029828
1.152981,570.675586,body,138.650387,0.000000,-0.004020,-133.984018,0.000000,-0.002680,141.416155,0.000000,-0.006700,-127.374095,0.000000,-0.009380,-0.055132,0.093391,9.815984,0.067111,0.030892,-0.028761
1.162654,570.685306,body,138.650387,0.000000,-0.004020,-133.985552,0.000000,-0.002680,141.414621,0.000000,-0.006700,-127.374095,0.000000,-0.009380,-0.070632,0.061116,9.787241,0.066047,0.030892,-0.028761
1.172677,570.694492,body,138.650387,0.000000,-0.004020,-133.985552,0.000000,-0.002680,141.414621,0.000000,-0.006700,-127.374095,0.000000,-0.009380,-0.067100,0.029921,9.772918,0.067111,0.028761,-0.027697
1.182725,570.704394,body,138.650387,0.000000,-0.004020,-133.984018,0.000000,-0.002680,141.414621,0.000000,-0.006700,-127.374095,0.000000,-0.009380,-0.052680,0.056309,9.807646,0.064980,0.025566,-0.027697
1.192796,570.713707,body,138.650387,0.000000,-0.004020,-133.984018,0.000000,-0.002680,141.414621,0.000000,-0.006700,-127.374095,0.000000,-0.009380,0.001177,0.059841,9.808823,0.064980,0.026632,-0.027697
1.202841,570.723186,body,138.650387,0.000000,-0.004020,-133.985552,0.000000,-0.002680,141.416155,0.000000,-0.006700,-127.374095,0.000000,-0.009380,0.016775,0.051503,9.786064,0.066047,0.027697,-0.028761
1.212860,570.732841,body,138.650387,0.000000,-0.004020,-133.984018,0.000000,-0.002680,141.414621,0.000000,-0.006700,-127.374095,0.000000,-0.009380,0.005984,0.050325,9.780080,0.066047,0.030892,-0.028761
1.222866,570.742605,body,138.650387,0.000000,-0.004020,-133.984018,0.000000,-0.002680,141.414621,0.000000,-0.006700,-127.374095,0.000000,-0.009380,0.014323,0.046696,9.786064,0.063916,0.029828,-0.030892
1.232997,570.751874,body,138.648854,0.000000,-0.004020,-133.984018,0.000000,-0.002680,141.414621,0.000000,-0.006700,-127.374095,0.000000,-0.009380,0.013145,0.031098,9.784886,0.062851,0.027697,-0.035154
1.242858,570.761481,body,138.650387,0.000000,-0.004020,-133.984018,0.000000,-0.002680,141.414621,0.000000,-0.006700,-127.374095,0.000000,-0.009380,-0.023936,0.034727,9.776450,0.061785,0.026632,-0.034088
1.252717,570.771058,body,138.648854,0.000000,-0.004020,-133.984018,0.000000,-0.002680,141.414621,0.000000,-0.006700,-127.374095,0.000000,-0.009380,-0.034727,0.027566,9.788418,0.063916,0.028761,-0.034088
1.262703,570.780461,body,138.650387,0.000000,-0.004020,-133.984018,0.000000,-0.002680,141.414621,0.000000,-0.006700,-127.374095,0.000000,-0.009380,-0.052680,0.044341,9.802839,0.062851,0.028761,-0.031959
1.272682,570.790135,body,138.650387,0.000000,-0.004020,-133.984018,0.000000,-0.002680,141.414621,0.000000,-0.006700,-127.374095,0.000000,-0.009380,-0.027566,0.071809,9.792048,0.063916,0.025566,-0.030892
1.282905,570.799913,body,138.648854,0.000000,-0.004020,-133.985552,0.000000,-0.002680,141.414621,0.000000,-0.006700,-127.374095,0.000000,-0.009380,-0.026389,0.051503,9.778902,0.064980,0.024501,-0.030892
1.292947,570.809210,body,138.650387,0.000000,-0.004020,-133.984018,0.000000,-0.002680,141.414621,0.000000,-0.006700,-127.374095,0.000000,-0.009380,0.000000,0.020405,9.768111,0.062851,0.024501,-0.031959
1.302781,570.818672,body,138.648854,0.000000,-0.004020,-133.984018,0.000000,-0.002680,141.414621,0.000000,-0.006700,-127.374095,0.000000,-0.009380,-0.021582,0.029921,9.780080,0.064980,0.026632,-0.030892
1.313052,570.837709,body,138.648854,0.000000,-0.004020,-133.984018,0.000000,-0.002680,141.414621,0.000000,-0.006700,-127.374095,0.000000,-0.009380,0.019130,0.059841,9.800386,0.064980,0.030892,-0.030892
1.323102,570.847323,body,138.648854,0.000000,-0.004020,-133.984018,0.000000,-0.002680,141.414621,0.000000,-0.006700,-127.374095,0.000000,-0.009380,-0.011968,0.043066,9.790871,0.063916,0.033023,-0.033023
1.332744,570.857010,body,138.650387,0.000000,-0.004020,-133.984018,0.000000,-0.002680,141.414621,0.000000,-0.006700,-127.374095,0.000000,-0.009380,-0.062294,0.021582,9.778902,0.063916,0.031959,-0.034088
1.342775,570.866493,body,138.650387,0.000000,-0.004020,-133.985552,0.000000,-0.002680,141.414621,0.000000,-0.006700,-127.374095,0.000000,-0.009380,-0.077793,0.056309,9.811177,0.062851,0.026632,-0.033023
1.352796,570.876289,body,138.650387,0.000000,-0.004020,-133.985552,0.000000,-0.002680,141.414621,0.000000,-0.006700,-127.374095,0.000000,-0.009380,-0.074262,0.098198,9.835114,0.063916,0.026632,-0.028761
1.362839,570.885850,body,138.648854,0.000000,-0.004020,-133.985552,0.000000,-0.002680,141.414621,0.000000,-0.006700,-127.374095,0.000000,-0.009380,-0.016775,0.055132,9.798032,0.066047,0.028761,-0.028761
1.372748,570.895201,body,138.648854,0.000000,-0.004020,-133.984018,0.000000,-0.002680,141.414621,0.000000,-0.006700,-127.374095,0.000000,-0.009380,0.004807,0.031098,9.756143,0.064980,0.030892,-0.030892
1.382995,570.904911,body,138.650387,0.000000,-0.004020,-133.985552,0.000000,-0.002680,141.414621,0.000000,-0.006700,-127.374095,0.000000,-0.009380,-0.002354,0.014323,9.768111,0.062851,0.027697,-0.033023
1.393057,570.914459,body,138.650387,0.000000,-0.004020,-133.984018,0.000000,-0.002680,141.414621,0.000000,-0.006700,-127.375629,0.000000,-0.009380,0.004807,0.035905,9.772918,0.062851,0.024501,-0.033023
1.402885,570.923831,body,138.650387,0.000000,-0.004020,-133.984018,0.000000,-0.002680,141.414621,0.000000,-0.006700,-127.374095,0.000000,-0.009380,-0.025114,0.077793,9.783611,0.062851,0.025566,-0.033023
1.412924,570.933391,body,138.648854,0.000000,-0.004020,-133.984018,0.000000,-0.002680,141.414621,0.000000,-0.006700,-127.374095,0.000000,-0.009380,-0.014323,0.071809,9.794402,0.061785,0.026632,-0.031959
1.422763,570.942997,body,138.648854,0.000000,-0.004020,-133.985552,0.000000,-0.002680,141.414621,0.000000,-0.006700,-127.374095,0.000000,-0.009380,-0.009614,0.035905,9.793225,0.064980,0.027697,-0.033023
1.432673,570.952603,body,138.648854,0.000000,-0.004020,-133.984018,0.000000,-0.002680,141.414621,0.000000,-0.006700,-127.374095,0.000000,-0.009380,0.000000,0.013145,9.772918,0.063916,0.027697,-0.031959
1.442671,570.962010,body,138.650387,0.000000,-0.004020,-133.984018,0.000000,-0.002680,141.414621,0.000000,-0.006700,-127.374095,0.000000,-0.009380,-0.007161,0.015598,9.766934,0.062851,0.027697,-0.030892
1.453044,570.971688,body,138.650387,0.000000,-0.004020,-133.985552,0.000000,-0.002680,141.414621,0.000000,-0.006700,-127.374095,0.000000,-0.009380,-0.029921,0.056309,9.786064,0.062851,0.027697,-0.031959
1.463003,570.981322,body,138.650387,0.000000,-0.004020,-133.984018,0.000000,-0.002680,141.414621,0.000000,-0.006700,-127.374095,0.000000,-0.009380,-0.028743,0.062294,9.796855,0.062851,0.027697,-0.033023
1.473126,570.990548,body,138.650387,0.000000,-0.004020,-133.984018,0.000000,-0.002680,141.414621,0.000000,-0.006700,-127.374095,0.000000,-0.009380,-0.029921,0.053857,9.777627,0.061785,0.026632,-0.031959
1.483002,571.000243,body,138.648854,0.000000,-0.004020,-133.985552,0.000000,-0.002680,141.414621,0.000000,-0.006700,-127.374095,0.000000,-0.009380,0.004807,0.045518,9.770466,0.061785,0.025566,-0.033023
1.492641,571.009796,body,138.650387,0.000000,-0.004020,-133.984018,0.000000,-0.002680,141.414621,0.000000,-0.006700,-127.374095,0.000000,-0.009380,0.013145,0.023936,9.769289,0.061785,0.025566,-0.031959
1.502782,571.019141,body,138.650387,0.000000,-0.004020,-133.984018,0.000000,-0.002680,141.414621,0.000000,-0.006700,-127.374095,0.000000,-0.009380,0.009614,0.041889,9.776450,0.062851,0.027697,-0.034088
1.512867,571.028870,body,138.650387,0.000000,-0.004020,-133.984018,0.000000,-0.002680,141.414621,0.000000,-0.006700,-127.374095,0.000000,-0.009380,-0.038357,0.055132,9.794402,0.063916,0.029828,-0.031959
1.523114,571.047943,body,138.650387,0.000000,-0.004020,-133.984018,0.000000,-0.002680,141.414621,0.000000,-0.006700,-127.374095,0.000000,-0.009380,-0.037082,0.075439,9.795677,0.064980,0.027697,-0.031959
1.533403,571.057692,body,138.648854,0.000000,-0.004020,-133.984018,0.000000,-0.002680,141.414621,0.000000,-0.006700,-127.374095,0.000000,-0.009380,0.002354,0.063471,9.792048,0.066047,0.026632,-0.030892
1.542798,571.067182,body,138.650387,0.000000,-0.004020,-133.984018,0.000000,-0.002680,141.414621,0.000000,-0.006700,-127.374095,0.000000,-0.009380,0.011968,0.052680,9.792048,0.063916,0.025566,-0.030892
1.553113,571.076793,body,138.650387,0.000000,-0.004020,-133.984018,0.000000,-0.002680,141.414621,0.000000,-0.006700,-127.374095,0.000000,-0.009380,-0.026389,0.032373,9.777627,0.061785,0.026632,-0.031959
1.562870,571.086254,body,138.650387,0.000000,-0.004020,-133.984018,0.000000,-0.002680,141.414621,0.000000,-0.006700,-127.374095,0.000000,-0.009380,-0.033550,0.029921,9.786064,0.064980,0.027697,-0.031959
1.573136,571.095581,body,138.650387,0.000000,-0.004020,-133.984018,0.000000,-0.002680,141.414621,0.000000,-0.006700,-127.374095,0.000000,-0.009380,-0.055132,0.076616,9.813630,0.064980,0.026632,-0.030892
1.582638,571.105417,body,138.650387,0.000000,-0.004020,-133.984018,0.000000,-0.002680,141.414621,0.000000,-0.006700,-127.374095,0.000000,-0.009380,-0.032373,0.080246,9.795677,0.063916,0.024501,-0.029828
1.592803,571.115020,body,138.648854,0.000000,-0.004020,-133.984018,0.000000,-0.002680,141.414621,0.000000,-0.006700,-127.374095,0.000000,-0.009380,-0.016775,0.050325,9.801661,0.067111,0.026632,-0.029828
1.602849,571.124254,body,138.650387,0.000000,-0.004020,-133.985552,0.000000,-0.002680,141.414621,0.000000,-0.006700,-127.374095,0.000000,-0.009380,0.003630,0.033550,9.775273,0.064980,0.025566,-0.030892
1.612831,571.133929,body,138.648854,0.000000,-0.004020,-133.984018,0.000000,-0.002680,141.414621,0.000000,-0.006700,-127.374095,0.000000,-0.009380,-0.003630,0.044341,9.795677,0.062851,0.026632,-0.031959
1.622922,571.143391,body,138.650387,0.000000,-0.004020,-133.984018,0.000000,-0.002680,141.414621,0.000000,-0.006700,-127.374095,0.000000,-0.009380,-0.017952,0.061116,9.801661,0.061785,0.026632,-0.031959
1.633038,571.153129,body,138.650387,0.000000,-0.004020,-133.984018,0.000000,-0.002680,141.414621,0.000000,-0.006700,-127.374095,0.000000,-0.009380,-0.001177,0.059841,9.792048,0.064980,0.028761,-0.031959
1.643190,571.162526,body,138.648854,0.000000,-0.004020,-133.984018,0.000000,-0.002680,141.414621,0.000000,-0.006700,-127.374095,0.000000,-0.009380,0.002354,0.046696,9.780080,0.064980,0.030892,-0.030892
1.652707,571.171944,body,138.650387,0.000000,-0.004020,-133.984018,0.000000,-0.002680,141.414621,0.000000,-0.006700,-127.374095,0.000000,-0.009380,-0.023936,0.041889,9.800386,0.064980,0.031959,-0.030892
1.662841,571.181667,body,138.648854,0.000000,-0.004020,-133.984018,0.000000,-0.002680,141.414621,0.000000,-0.006700,-127.374095,0.000000,-0.009380,-0.050325,0.035905,9.787241,0.063916,0.031959,-0.030892
1.672893,571.191054,body,138.650387,0.000000,-0.004020,-133.984018,0.000000,-0.002680,141.414621,0.000000,-0.006700,-127.374095,0.000000,-0.009380,-0.040712,0.058664,9.769289,0.064980,0.027697,-0.030892
1.683016,571.200610,body,138.650387,0.000000,-0.004020,-133.984018,0.000000,-0.002680,141.414621,0.000000,-0.006700,-127.374095,0.000000,-0.009380,-0.011968,0.071809,9.800386,0.063916,0.024501,-0.030892
1.693054,571.210271,body,138.650387,0.000000,-0.004020,-133.984018,0.000000,-0.002680,141.414621,0.000000,-0.006700,-127.374095,0.000000,-0.009380,0.020405,0.073085,9.795677,0.066047,0.025566,-0.029828
1.702754,571.220055,body,138.650387,0.000000,-0.004020,-133.984018,0.000000,-0.002680,141.414621,0.000000,-0.006700,-127.374095,0.000000,-0.009380,0.016775,0.055132,9.776450,0.064980,0.029828,-0.028761
1.712689,571.229610,body,138.650387,0.000000,-0.004020,-133.984018,0.000000,-0.002680,141.414621,0.000000,-0.006700,-127.374095,0.000000,-0.009380,-0.004807,0.028743,9.780080,0.066047,0.031959,-0.030892
1.722981,571.248415,body,138.650387,0.000000,-0.004020,-133.984018,0.000000,-0.002680,141.414621,0.000000,-0.006700,-127.374095,0.000000,-0.009380,-0.033550,0.058664,9.787241,0.067111,0.030892,-0.029828
1.732859,571.257908,body,138.650387,0.000000,-0.004020,-133.984018,0.000000,-0.002680,141.414621,0.000000,-0.006700,-127.374095,0.000000,-0.009380,-0.008339,0.052680,9.771643,0.063916,0.028761,-0.030892
1.742766,571.267407,body,138.648854,0.000000,-0.004020,-133.984018,0.000000,-0.002680,141.414621,0.000000,-0.006700,-127.375629,0.000000,-0.009380,0.003630,0.059841,9.777627,0.061785,0.028761,-0.031959
1.753125,571.277270,body,138.650387,0.000000,-0.004020,-133.984018,0.000000,-0.002680,141.414621,0.000000,-0.006700,-127.374095,0.000000,-0.009380,-0.017952,0.041889,9.783611,0.064980,0.028761,-0.033023
1.763081,571.286797,body,138.650387,0.000000,-0.004020,-133.984018,0.000000,-0.002680,141.414621,0.000000,-0.006700,-127.374095,0.000000,-0.009380,-0.004807,0.016775,9.756143,0.066047,0.029828,-0.030892
1.773120,571.296296,body,138.650387,0.000000,-0.004020,-133.985552,0.000000,-0.002680,141.414621,0.000000,-0.006700,-127.374095,0.000000,-0.009380,-0.044341,0.063471,9.789595,0.066047,0.026632,-0.030892
1.782660,571.305794,body,138.650387,0.000000,-0.004020,-133.984018,0.000000,-0.002680,141.414621,0.000000,-0.006700,-127.374095,0.000000,-0.009380,-0.028743,0.095844,9.829129,0.064980,0.026632,-0.030892
1.792835,571.315307,body,138.650387,0.000000,-0.004020,-133.984018,0.000000,-0.002680,141.414621,0.000000,-0.006700,-127.374095,0.000000,-0.009380,-0.039534,0.091037,9.823145,0.066047,0.031959,-0.030892
1.802849,571.325033,body,138.648854,0.000000,-0.004020,-133.984018,0.000000,-0.002680,141.414621,0.000000,-0.006700,-127.374095,0.000000,-0.009380,-0.052680,0.039534,9.802839,0.066047,0.034088,-0.033023
1.812909,571.334482,body,138.650387,0.000000,-0.004020,-133.984018,0.000000,-0.002680,141.414621,0.000000,-0.006700,-127.374095,0.000000,-0.009380,-0.076616,0.047873,9.783611,0.064980,0.034088,-0.030892
1.822967,571.344052,body,138.650387,0.000000,-0.004020,-133.984018,0.000000,-0.002680,141.414621,0.000000,-0.006700,-127.374095,0.000000,-0.009380,-0.025114,0.046696,9.777627,0.064980,0.028761,-0.030892
1.833118,571.353692,body,138.650387,0.000000,-0.004020,-133.984018,0.000000,-0.002680,141.414621,0.000000,-0.006700,-127.374095,0.000000,-0.009380,0.001177,0.049050,9.781257,0.064980,0.025566,-0.029828
1.842667,571.363198,body,138.650387,0.000000,-0.004020,-133.984018,0.000000,-0.002680,141.414621,0.000000,-0.006700,-127.374095,0.000000,-0.009380,0.010791,0.052680,9.781257,0.062851,0.025566,-0.029828
1.852645,571.372735,body,138.650387,0.000000,-0.004020,-133.984018,0.000000,-0.002680,141.416155,0.000000,-0.006700,-127.374095,0.000000,-0.009380,-0.013145,0.047873,9.758498,0.062851,0.028761,-0.031959
1.862728,571.382091,body,138.650387,0.000000,-0.004020,-133.984018,0.000000,-0.002680,141.416155,0.000000,-0.006700,-127.374095,0.000000,-0.009380,-0.038357,0.051503,9.788418,0.060720,0.026632,-0.034088
1.873015,571.391608,body,138.650387,0.000000,-0.004020,-133.984018,0.000000,-0.002680,141.414621,0.000000,-0.006700,-127.374095,0.000000,-0.009380,-0.045518,0.064648,9.824323,0.064980,0.026632,-0.033023
1.883029,571.401493,body,138.650387,0.000000,-0.004020,-133.984018,0.000000,-0.002680,141.414621,0.000000,-0.006700,-127.374095,0.000000,-0.009380,-0.045518,0.071809,9.804016,0.066047,0.027697,-0.027697
1.893083,571.410875,body,138.648854,0.000000,-0.004020,-133.984018,0.000000,-0.002680,141.414621,0.000000,-0.006700,-127.374095,0.000000,-0.009380,-0.008339,0.058664,9.774095,0.063916,0.030892,-0.028761
1.903063,571.420234,body,138.650387,0.000000,-0.004020,-133.984018,0.000000,-0.002680,141.414621,0.000000,-0.006700,-127.374095,0.000000,-0.009380,-0.013145,0.043066,9.774095,0.063916,0.029828,-0.031959
1.913131,571.429957,body,138.650387,0.000000,-0.004020,-133.984018,0.000000,-0.002680,141.416155,0.000000,-0.006700,-127.374095,0.000000,-0.009380,-0.017952,0.040712,9.787241,0.064980,0.028761,-0.033023
1.922636,571.439331,body,138.650387,0.000000,-0.004020,-133.984018,0.000000,-0.002680,141.414621,0.000000,-0.006700,-127.374095,0.000000,-0.009380,-0.028743,0.053857,9.786064,0.062851,0.026632,-0.034088
1.933079,571.448894,body,138.650387,0.000000,-0.004020,-133.984018,0.000000,-0.002680,141.414621,0.000000,-0.006700,-127.374095,0.000000,-0.009380,-0.035905,0.071809,9.793225,0.062851,0.026632,-0.031959
1.942974,571.458722,body,138.648854,0.000000,-0.004020,-133.984018,0.000000,-0.002680,141.414621,0.000000,-0.006700,-127.374095,0.000000,-0.009380,-0.041889,0.062294,9.788418,0.062851,0.026632,-0.031959
1.953016,571.477771,body,138.650387,0.000000,-0.004020,-133.984018,0.000000,-0.002680,141.414621,0.000000,-0.006700,-127.374095,0.000000,-0.009380,-0.022759,0.040712,9.775273,0.066047,0.027697,-0.030892
1.963036,571.487179,body,138.648854,0.000000,-0.004020,-133.985552,0.000000,-0.002680,141.414621,0.000000,-0.006700,-127.374095,0.000000,-0.009380,-0.015598,0.047873,9.793225,0.066047,0.025566,-0.030892
1.973062,571.496627,body,138.650387,0.000000,-0.004020,-133.984018,0.000000,-0.002680,141.414621,0.000000,-0.006700,-127.374095,0.000000,-0.009380,-0.009614,0.043066,9.790871,0.067111,0.029828,-0.029828
1.983128,571.506494,body,138.650387,0.000000,-0.004020,-133.984018,0.000000,-0.002680,141.416155,0.000000,-0.006700,-127.374095,0.000000,-0.009380,-0.005984,0.057487,9.778902,0.064980,0.029828,-0.030892
1.993097,571.515969,body,138.648854,0.000000,-0.004020,-133.985552,0.000000,-0.002680,141.416155,0.000000,-0.006700,-127.374095,0.000000,-0.009380,-0.035905,0.052680,9.770466,0.066047,0.029828,-0.029828
2.002839,571.525598,body,138.650387,0.000000,-0.004020,-133.984018,0.000000,-0.002680,141.414621,0.000000,-0.006700,-127.374095,0.000000,-0.009380,-0.065825,0.058664,9.793225,0.064980,0.026632,-0.030892
2.013037,571.535075,body,138.648854,0.000000,-0.004020,-133.985552,0.000000,-0.002680,141.414621,0.000000,-0.006700,-127.374095,0.000000,-0.009380,-0.032373,0.056309,9.801661,0.064980,0.025566,-0.030892
2.023080,571.544633,body,138.648854,0.000000,-0.004020,-133.984018,0.000000,-0.002680,141.414621,0.000000,-0.006700,-127.374095,0.000000,-0.009380,-0.010791,0.057487,9.789595,0.064980,0.027697,-0.029828
2.032658,571.554217,body,138.648854,0.000000,-0.004020,-133.984018,0.000000,-0.002680,141.414621,0.000000,-0.006700,-127.374095,0.000000,-0.009380,-0.002354,0.043066,9.770466,0.066047,0.031959,-0.028761
2.042773,571.563579,body,138.650387,0.000000,-0.004020,-133.984018,0.000000,-0.002680,141.414621,0.000000,-0.006700,-127.374095,0.000000,-0.009380,-0.031098,0.038357,9.775273,0.067111,0.029828,-0.029828
2.052839,571.573005,body,138.650387,0.000000,-0.004020,-133.984018,0.000000,-0.002680,141.414621,0.000000,-0.006700,-127.374095,0.000000,-0.009380,-0.051503,0.055132,9.805193,0.067111,0.027697,-0.029828
2.062925,571.582895,body,138.648854,0.000000,-0.004020,-133.984018,0.000000,-0.002680,141.414621,0.000000,-0.006700,-127.374095,0.000000,-0.009380,-0.022759,0.067100,9.794402,0.063916,0.024501,-0.030892
2.072974,571.592251,body,138.650387,0.000000,-0.004020,-133.984018,0.000000,-0.002680,141.414621,0.000000,-0.006700,-127.374095,0.000000,-0.009380,-0.003630,0.052680,9.783611,0.062851,0.024501,-0.030892
2.082959,571.601972,body,138.650387,0.000000,-0.004020,-133.984018,0.000000,-0.002680,141.414621,0.000000,-0.006700,-127.374095,0.000000,-0.009380,0.011968,0.021582,9.760950,0.063916,0.025566,-0.031959
2.093024,571.611236,body,138.650387,0.000000,-0.004020,-133.984018,0.000000,-0.002680,141.414621,0.000000,-0.006700,-127.374095,0.000000,-0.009380,0.008339,0.025114,9.790871,0.061785,0.025566,-0.034088
2.103075,571.620824,body,138.650387,0.000000,-0.004020,-133.984018,0.000000,-0.002680,141.414621,0.000000,-0.006700,-127.374095,0.000000,-0.009380,-0.026389,0.050325,9.782434,0.061785,0.027697,-0.033023
2.113111,571.630406,body,138.650387,0.000000,-0.004020,-133.985552,0.000000,-0.002680,141.416155,0.000000,-0.006700,-127.374095,0.000000,-0.009380,-0.045518,0.056309,9.798032,0.063916,0.029828,-0.031959
2.122674,571.640050,body,138.650387,0.000000,-0.004020,-133.984018,0.000000,-0.002680,141.416155,0.000000,-0.006700,-127.374095,0.000000,-0.009380,-0.039534,0.047873,9.790871,0.063916,0.029828,-0.030892
2.132806,571.649514,body,138.650387,0.000000,-0.004020,-133.984018,0.000000,-0.002680,141.416155,0.000000,-0.006700,-127.374095,0.000000,-0.009380,-0.017952,0.046696,9.792048,0.063916,0.027697,-0.030892
2.142930,571.668625,body,138.650387,0.000000,-0.004020,-133.984018,0.000000,-0.002680,141.416155,0.000000,-0.006700,-127.374095,0.000000,-0.009380,-0.031098,0.043066,9.784886,0.062851,0.028761,-0.033023
2.153031,571.678303,body,138.648854,0.000000,-0.004020,-133.984018,0.000000,-0.002680,141.414621,0.000000,-0.006700,-127.374095,0.000000,-0.009380,-0.022759,0.044341,9.775273,0.062851,0.028761,-0.031959
2.163118,571.687605,body,138.648854,0.000000,-0.004020,-133.984018,0.000000,-0.002680,141.414621,0.000000,-0.006700,-127.374095,0.000000,-0.009380,-0.010791,0.045518,9.790871,0.062851,0.027697,-0.031959
2.172671,571.697408,body,138.650387,0.000000,-0.004020,-133.985552,0.000000,-0.002680,141.414621,0.000000,-0.006700,-127.374095,0.000000,-0.009380,0.007161,0.055132,9.784886,0.062851,0.026632,-0.031959
2.182685,571.706685,body,138.650387,0.000000,-0.004020,-133.984018,0.000000,-0.002680,141.414621,0.000000,-0.006700,-127.374095,0.000000,-0.009380,0.010791,0.041889,9.759675,0.062851,0.026632,-0.034088
2.192739,571.716514,body,138.650387,0.000000,-0.004020,-133.985552,0.000000,-0.002680,141.414621,0.000000,-0.006700,-127.374095,0.000000,-0.009380,-0.010791,0.028743,9.770466,0.063916,0.028761,-0.033023
2.202868,571.725991,body,138.650387,0.000000,-0.004020,-133.984018,0.000000,-0.002680,141.414621,0.000000,-0.006700,-127.374095,0.000000,-0.009380,-0.013145,0.033550,9.790871,0.066047,0.027697,-0.030892
2.213081,571.735646,body,138.648854,0.000000,-0.004020,-133.984018,0.000000,-0.002680,141.414621,0.000000,-0.006700,-127.374095,0.000000,-0.009380,-0.011968,0.028743,9.786064,0.062851,0.026632,-0.031959
2.222648,571.744966,body,138.650387,0.000000,-0.004020,-133.984018,0.000000,-0.002680,141.414621,0.000000,-0.006700,-127.374095,0.000000,-0.009380,0.009614,0.037082,9.774095,0.060720,0.025566,-0.033023
2.232889,571.754541,body,138.650387,0.000000,-0.004020,-133.984018,0.000000,-0.002680,141.414621,0.000000,-0.006700,-127.374095,0.000000,-0.009380,-0.017952,0.061116,9.781257,0.064980,0.026632,-0.030892
2.242966,571.764271,body,138.650387,0.000000,-0.004020,-133.984018,0.000000,-0.002680,141.414621,0.000000,-0.006700,-127.374095,0.000000,-0.009380,-0.022759,0.049050,9.783611,0.066047,0.026632,-0.029828
2.253138,571.773525,body,138.650387,0.000000,-0.004020,-133.984018,0.000000,-0.002680,141.414621,0.000000,-0.006700,-127.374095,0.000000,-0.009380,-0.016775,0.047873,9.794402,0.066047,0.026632,-0.029828
2.263200,571.783070,body,138.650387,0.000000,-0.004020,-133.984018,0.000000,-0.002680,141.414621,0.000000,-0.006700,-127.374095,0.000000,-0.009380,-0.026389,0.053857,9.799209,0.064980,0.028761,-0.028761
2.272738,571.792653,body,138.648854,0.000000,-0.004020,-133.984018,0.000000,-0.002680,141.416155,0.000000,-0.006700,-127.374095,0.000000,-0.009380,-0.029921,0.061116,9.794402,0.064980,0.028761,-0.030892
2.282792,571.802289,body,138.650387,0.000000,-0.004020,-133.984018,0.000000,-0.002680,141.416155,0.000000,-0.006700,-127.374095,0.000000,-0.009380,-0.041889,0.074262,9.820791,0.064980,0.028761,-0.031959
2.292891,571.811718,body,138.648854,0.000000,-0.004020,-133.985552,0.000000,-0.002680,141.414621,0.000000,-0.006700,-127.374095,0.000000,-0.009380,-0.045518,0.080246,9.818339,0.064980,0.028761,-0.030892
2.302838,571.821443,body,138.650387,0.000000,-0.004020,-133.984018,0.000000,-0.002680,141.414621,0.000000,-0.006700,-127.374095,0.000000,-0.009380,-0.043066,0.070632,9.807646,0.064980,0.028761,-0.030892
2.312928,571.830966,body,138.650387,0.000000,-0.004020,-133.984018,0.000000,-0.002680,141.414621,0.000000,-0.006700,-127.374095,0.000000,-0.009380,-0.032373,0.053857,9.796855,0.064980,0.028761,-0.029828
2.322960,571.840597,body,138.650387,0.000000,-0.004020,-133.985552,0.000000,-0.002680,141.414621,0.000000,-0.006700,-127.374095,0.000000,-0.009380,-0.039534,0.027566,9.784886,0.063916,0.027697,-0.029828
2.333030,571.850250,body,138.650387,0.000000,-0.004020,-133.985552,0.000000,-0.002680,141.414621,0.000000,-0.006700,-127.374095,0.000000,-0.009380,-0.009614,0.023936,9.776450,0.062851,0.027697,-0.029828
2.343143,571.859728,body,138.650387,0.000000,-0.004020,-133.984018,0.000000,-0.002680,141.414621,0.000000,-0.006700,-127.374095,0.000000,-0.009380,0.002354,0.040712,9.770466,0.060720,0.027697,-0.031959
2.353130,571.869217,body,138.650387,0.000000,-0.004020,-133.984018,0.000000,-0.002680,141.414621,0.000000,-0.006700,-127.374095,0.000000,-0.009380,-0.013145,0.063471,9.776450,0.063916,0.027697,-0.031959
2.362672,571.878842,body,138.650387,0.000000,-0.004020,-133.984018,0.000000,-0.002680,141.416155,0.000000,-0.006700,-127.374095,0.000000,-0.009380,-0.017952,0.057487,9.790871,0.067111,0.026632,-0.029828
2.372691,571.897717,body,138.650387,0.000000,-0.004020,-133.984018,0.000000,-0.002680,141.416155,0.000000,-0.006700,-127.374095,0.000000,-0.009380,-0.028743,0.043066,9.796855,0.063916,0.027697,-0.030892
2.383022,571.907460,body,138.650387,0.000000,-0.004020,-133.984018,0.000000,-0.002680,141.414621,0.000000,-0.006700,-127.374095,0.000000,-0.009380,-0.032373,0.073085,9.807646,0.063916,0.028761,-0.030892
2.392698,571.917116,body,138.650387,0.000000,-0.004020,-133.984018,0.000000,-0.002680,141.414621,0.000000,-0.006700,-127.374095,0.000000,-0.009380,-0.045518,0.064648,9.796855,0.064980,0.029828,-0.030892
2.402865,571.926521,body,138.650387,0.000000,-0.004020,-133.984018,0.000000,-0.002680,141.414621,0.000000,-0.006700,-127.374095,0.000000,-0.009380,-0.046696,0.059841,9.796855,0.064980,0.029828,-0.029828
2.412974,571.936092,body,138.650387,0.000000,-0.004020,-133.985552,0.000000,-0.002680,141.414621,0.000000,-0.006700,-127.374095,0.000000,-0.009380,-0.038357,0.049050,9.778902,0.066047,0.028761,-0.029828
2.423125,571.945685,body,138.650387,0.000000,-0.004020,-133.984018,0.000000,-0.002680,141.414621,0.000000,-0.006700,-127.374095,0.000000,-0.009380,-0.009614,0.029921,9.772918,0.066047,0.027697,-0.030892
2.432685,571.954969,body,138.650387,0.000000,-0.004020,-133.984018,0.000000,-0.002680,141.414621,0.000000,-0.006700,-127.374095,0.000000,-0.009380,0.007161,0.028743,9.784886,0.062851,0.027697,-0.031959
2.443010,571.964613,body,138.650387,0.000000,-0.004020,-133.984018,0.000000,-0.002680,141.416155,0.000000,-0.006700,-127.374095,0.000000,-0.009380,-0.021582,0.050325,9.780080,0.063916,0.028761,-0.030892
2.453046,571.974142,body,138.648854,0.000000,-0.004020,-133.984018,0.000000,-0.002680,141.416155,0.000000,-0.006700,-127.374095,0.000000,-0.009380,-0.039534,0.061116,9.798032,0.064980,0.028761,-0.029828
2.462628,571.983905,body,138.648854,0.000000,-0.004020,-133.984018,0.000000,-0.002680,141.414621,0.000000,-0.006700,-127.374095,0.000000,-0.009380,-0.034727,0.055132,9.770466,0.064980,0.026632,-0.030892
2.472685,571.993234,body,138.650387,0.000000,-0.004020,-133.984018,0.000000,-0.002680,141.414621,0.000000,-0.006700,-127.374095,0.000000,-0.009380,-0.020405,0.059841,9.784886,0.062851,0.025566,-0.033023
2.482700,572.002789,body,138.650387,0.000000,-0.004020,-133.984018,0.000000,-0.002680,141.414621,0.000000,-0.006700,-127.374095,0.000000,-0.009380,-0.010791,0.071809,9.794402,0.063916,0.026632,-0.033023
2.493041,572.012631,body,138.648854,0.000000,-0.004020,-133.984018,0.000000,-0.002680,141.414621,0.000000,-0.006700,-127.374095,0.000000,-0.009380,-0.014323,0.068278,9.789595,0.063916,0.028761,-0.033023
2.502622,572.022119,body,138.648854,0.000000,-0.004020,-133.984018,0.000000,-0.002680,141.414621,0.000000,-0.006700,-127.374095,0.000000,-0.009380,-0.040712,0.055132,9.807646,0.066047,0.030892,-0.031959
2.512643,572.031529,body,138.650387,0.000000,-0.004020,-133.984018,0.000000,-0.002680,141.414621,0.000000,-0.006700,-127.374095,0.000000,-0.009380,-0.056309,0.034727,9.804016,0.066047,0.029828,-0.029828
2.522880,572.041259,body,138.648854,0.000000,-0.004020,-133.984018,0.000000,-0.002680,141.414621,0.000000,-0.006700,-127.374095,0.000000,-0.009380,-0.014323,0.040712,9.772918,0.063916,0.026632,-0.030892
2.532943,572.050552,body,138.650387,0.000000,-0.004020,-133.984018,0.000000,-0.002680,141.414621,0.000000,-0.006700,-127.374095,0.000000,-0.009380,-0.008339,0.043066,9.777627,0.063916,0.025566,-0.030892
2.542905,572.060144,body,138.648854,0.000000,-0.004020,-133.984018,0.000000,-0.002680,141.414621,0.000000,-0.006700,-127.374095,0.000000,-0.009380,0.001177,0.051503,9.768111,0.063916,0.026632,-0.031959
2.552934,572.069598,body,138.650387,0.000000,-0.004020,-133.984018,0.000000,-0.002680,141.414621,0.000000,-0.006700,-127.374095,0.000000,-0.009380,-0.003630,0.045518,9.770466,0.062851,0.026632,-0.033023
2.563041,572.079137,body,138.650387,0.000000,-0.004020,-133.984018,0.000000,-0.002680,141.414621,0.000000,-0.006700,-127.374095,0.000000,-0.009380,-0.016775,0.059841,9.804016,0.063916,0.025566,-0.033023
2.573139,572.098554,body,138.650387,0.000000,-0.004020,-133.984018,0.000000,-0.002680,141.414621,0.000000,-0.006700,-127.374095,0.000000,-0.009380,-0.007161,0.075439,9.783611,0.063916,0.030892,-0.031959
2.582832,572.107992,body,138.650387,0.000000,-0.004020,-133.984018,0.000000,-0.002680,141.414621,0.000000,-0.006700,-127.374095,0.000000,-0.009380,-0.025114,0.025114,9.758498,0.064980,0.031959,-0.031959
2.592907,572.117386,body,138.650387,0.000000,-0.004020,-133.985552,0.000000,-0.002680,141.414621,0.000000,-0.006700,-127.374095,0.000000,-0.009380,-0.046696,0.031098,9.777627,0.063916,0.029828,-0.030892
2.602822,572.127020,body,138.648854,0.000000,-0.004020,-133.984018,0.000000,-0.002680,141.414621,0.000000,-0.006700,-127.374095,0.000000,-0.009380,-0.034727,0.050325,9.801661,0.066047,0.024501,-0.030892
2.613078,572.136454,body,138.648854,0.000000,-0.004020,-133.984018,0.000000,-0.002680,141.416155,0.000000,-0.006700,-127.374095,0.000000,-0.009380,-0.010791,0.053857,9.796855,0.064980,0.024501,-0.029828
2.623066,572.146004,body,138.650387,0.000000,-0.004020,-133.984018,0.000000,-0.002680,141.414621,0.000000,-0.006700,-127.374095,0.000000,-0.009380,0.026389,0.056309,9.763304,0.063916,0.026632,-0.029828
2.633037,572.155556,body,138.650387,0.000000,-0.004020,-133.984018,0.000000,-0.002680,141.416155,0.000000,-0.006700,-127.374095,0.000000,-0.009380,0.016775,0.040712,9.752513,0.062851,0.027697,-0.031959
2.643144,572.165194,body,138.650387,0.000000,-0.004020,-133.984018,0.000000,-0.002680,141.414621,0.000000,-0.006700,-127.374095,0.000000,-0.009380,-0.023936,0.049050,9.777627,0.061785,0.027697,-0.033023
2.652660,572.174907,body,138.650387,0.000000,-0.004020,-133.984018,0.000000,-0.002680,141.414621,0.000000,-0.006700,-127.374095,0.000000,-0.009380,-0.050325,0.077793,9.792048,0.063916,0.027697,-0.031959
2.662655,572.184233,body,138.650387,0.000000,-0.004020,-133.984018,0.000000,-0.002680,141.414621,0.000000,-0.006700,-127.374095,0.000000,-0.009380,-0.031098,0.075439,9.799209,0.067111,0.028761,-0.029828
2.672783,572.194032,body,138.650387,0.000000,-0.004020,-133.984018,0.000000,-0.002680,141.414621,0.000000,-0.006700,-127.374095,0.000000,-0.009380,-0.021582,0.050325,9.792048,0.066047,0.028761,-0.030892
2.682683,572.203327,body,138.650387,0.000000,-0.004020,-133.984018,0.000000,-0.002680,141.416155,0.000000,-0.006700,-127.374095,0.000000,-0.009380,-0.034727,0.043066,9.784886,0.067111,0.029828,-0.033023
2.692957,572.213003,body,138.648854,0.000000,-0.004020,-133.984018,0.000000,-0.002680,141.416155,0.000000,-0.006700,-127.374095,0.000000,-0.009380,-0.040712,0.050325,9.798032,0.066047,0.027697,-0.030892
2.702944,572.222634,body,138.650387,0.000000,-0.004020,-133.984018,0.000000,-0.002680,141.414621,0.000000,-0.006700,-127.374095,0.000000,-0.009380,-0.045518,0.056309,9.806370,0.067111,0.026632,-0.029828
2.713065,572.232268,body,138.650387,0.000000,-0.004020,-133.984018,0.000000,-0.002680,141.416155,0.000000,-0.006700,-127.374095,0.000000,-0.009380,-0.033550,0.074262,9.802839,0.063916,0.026632,-0.031959
2.723106,572.241717,body,138.650387,0.000000,-0.004020,-133.984018,0.000000,-0.002680,141.414621,0.000000,-0.006700,-127.374095,0.000000,-0.009380,-0.016775,0.053857,9.789595,0.062851,0.026632,-0.033023
2.732876,572.251269,body,138.650387,0.000000,-0.004020,-133.984018,0.000000,-0.002680,141.416155,0.000000,-0.006700,-127.374095,0.000000,-0.009380,-0.007161,0.045518,9.782434,0.063916,0.027697,-0.031959
2.742886,572.260528,body,138.650387,0.000000,-0.004020,-133.984018,0.000000,-0.002680,141.416155,0.000000,-0.006700,-127.374095,0.000000,-0.009380,-0.013145,0.046696,9.783611,0.063916,0.027697,-0.031959
2.752927,572.270235,body,138.648854,0.000000,-0.004020,-133.984018,0.000000,-0.002680,141.414621,0.000000,-0.006700,-127.374095,0.000000,-0.009380,-0.009614,0.035905,9.776450,0.061785,0.027697,-0.030892
2.762961,572.279796,body,138.650387,0.000000,-0.004020,-133.984018,0.000000,-0.002680,141.414621,0.000000,-0.006700,-127.374095,0.000000,-0.009380,0.000000,0.029921,9.770466,0.062851,0.027697,-0.031959
2.773033,572.289230,body,138.650387,0.000000,-0.004020,-133.984018,0.000000,-0.002680,141.414621,0.000000,-0.006700,-127.374095,0.000000,-0.009380,-0.011968,0.038357,9.783611,0.064980,0.028761,-0.031959
2.783069,572.299088,body,138.648854,0.000000,-0.004020,-133.985552,0.000000,-0.002680,141.414621,0.000000,-0.006700,-127.374095,0.000000,-0.009380,-0.010791,0.026389,9.769289,0.066047,0.027697,-0.030892
2.793170,572.317893,body,138.648854,0.000000,-0.004020,-133.984018,0.000000,-0.002680,141.414621,0.000000,-0.006700,-127.374095,0.000000,-0.009380,-0.033550,0.057487,9.788418,0.064980,0.026632,-0.030892
2.802704,572.327717,body,138.650387,0.000000,-0.004020,-133.984018,0.000000,-0.002680,141.414621,0.000000,-0.006700,-127.374095,0.000000,-0.009380,-0.023936,0.046696,9.796855,0.063916,0.025566,-0.031959
2.812920,572.337089,body,138.650387,0.000000,-0.004020,-133.984018,0.000000,-0.002680,141.414621,0.000000,-0.006700,-127.374095,0.000000,-0.009380,-0.025114,0.063471,9.794402,0.063916,0.025566,-0.033023
2.822696,572.346850,body,138.648854,0.000000,-0.004020,-133.984018,0.000000,-0.002680,141.414621,0.000000,-0.006700,-127.374095,0.000000,-0.009380,-0.009614,0.062294,9.780080,0.064980,0.027697,-0.033023
2.832753,572.356286,body,138.648854,0.000000,-0.004020,-133.984018,0.000000,-0.002680,141.416155,0.000000,-0.006700,-127.374095,0.000000,-0.009380,-0.010791,0.047873,9.794402,0.066047,0.028761,-0.031959
2.843069,572.365864,body,138.650387,0.000000,-0.004020,-133.984018,0.000000,-0.002680,141.416155,0.000000,-0.006700,-127.374095,0.000000,-0.009380,-0.029921,0.050325,9.766934,0.064980,0.029828,-0.031959
2.852637,572.375404,body,138.648854,0.000000,-0.004020,-133.984018,0.000000,-0.002680,141.414621,0.000000,-0.006700,-127.374095,0.000000,-0.009380,-0.017952,0.049050,9.782434,0.063916,0.027697,-0.031959
2.862920,572.384703,body,138.650387,0.000000,-0.004020,-133.984018,0.000000,-0.002680,141.414621,0.000000,-0.006700,-127.374095,0.000000,-0.009380,-0.007161,0.052680,9.795677,0.063916,0.026632,-0.030892
2.872993,572.394575,body,138.650387,0.000000,-0.004020,-133.984018,0.000000,-0.002680,141.414621,0.000000,-0.006700,-127.374095,0.000000,-0.009380,-0.001177,0.053857,9.793225,0.066047,0.026632,-0.030892
2.883095,572.403790,body,138.650387,0.000000,-0.004020,-133.985552,0.000000,-0.002680,141.416155,0.000000,-0.006700,-127.374095,0.000000,-0.009380,-0.016775,0.056309,9.796855,0.064980,0.028761,-0.030892
2.892622,572.413508,body,138.650387,0.000000,-0.004020,-133.984018,0.000000,-0.002680,141.414621,0.000000,-0.006700,-127.374095,0.000000,-0.009380,-0.028743,0.052680,9.795677,0.063916,0.029828,-0.030892
2.902979,572.422893,body,138.650387,0.000000,-0.004020,-133.984018,0.000000,-0.002680,141.416155,0.000000,-0.006700,-127.375629,0.000000,-0.009380,-0.023936,0.052680,9.786064,0.063916,0.030892,-0.033023
2.912683,572.432495,body,138.648854,0.000000,-0.004020,-133.984018,0.000000,-0.002680,141.416155,0.000000,-0.006700,-127.374095,0.000000,-0.009380,-0.027566,0.057487,9.792048,0.062851,0.027697,-0.034088
2.922716,572.442220,body,138.650387,0.000000,-0.004020,-133.985552,0.000000,-0.002680,141.414621,0.000000,-0.006700,-127.374095,0.000000,-0.009380,-0.052680,0.056309,9.792048,0.063916,0.028761,-0.031959
2.932712,572.451695,body,138.650387,0.000000,-0.004020,-133.985552,0.000000,-0.002680,141.416155,0.000000,-0.006700,-127.374095,0.000000,-0.009380,-0.049050,0.040712,9.801661,0.066047,0.028761,-0.030892
2.942962,572.461383,body,138.650387,0.000000,-0.004020,-133.984018,0.000000,-0.002680,141.416155,0.000000,-0.006700,-127.374095,0.000000,-0.009380,-0.033550,0.038357,9.796855,0.066047,0.028761,-0.029828
2.952928,572.470968,body,138.650387,0.000000,-0.004020,-133.984018,0.000000,-0.002680,141.416155,0.000000,-0.006700,-127.374095,0.000000,-0.009380,-0.023936,0.047873,9.782434,0.066047,0.028761,-0.029828
2.962983,572.480488,body,138.650387,0.000000,-0.004020,-133.984018,0.000000,-0.002680,141.414621,0.000000,-0.006700,-127.374095,0.000000,-0.009380,0.016775,0.052680,9.790871,0.062851,0.026632,-0.030892
2.973022,572.489798,body,138.650387,0.000000,-0.004020,-133.984018,0.000000,-0.002680,141.416155,0.000000,-0.006700,-127.374095,0.000000,-0.009380,0.015598,0.049050,9.786064,0.061785,0.026632,-0.033023
2.983068,572.499438,body,138.650387,0.000000,-0.004020,-133.984018,0.000000,-0.002680,141.414621,0.000000,-0.006700,-127.374095,0.000000,-0.009380,-0.017952,0.038357,9.794402,0.063916,0.028761,-0.030892
2.993122,572.509070,body,138.650387,0.000000,-0.004020,-133.985552,0.000000,-0.002680,141.414621,0.000000,-0.006700,-127.374095,0.000000,-0.009380,-0.023936,0.043066,9.788418,0.066047,0.028761,-0.030892
3.003166,572.518703,body,138.648854,0.000000,-0.004020,-133.984018,0.000000,-0.002680,141.414621,0.000000,-0.006700,-127.374095,0.000000,-0.009380,-0.029921,0.053857,9.783611,0.067111,0.028761,-0.030892
3.012917,572.537825,body,138.650387,0.000000,-0.004020,-133.984018,0.000000,-0.002680,141.414621,0.000000,-0.006700,-127.374095,0.000000,-0.009380,-0.008339,0.047873,9.782434,0.066047,0.026632,-0.031959
3.022950,572.547313,body,138.650387,0.000000,-0.004020,-133.984018,0.000000,-0.002680,141.416155,0.000000,-0.006700,-127.374095,0.000000,-0.009380,0.000000,0.037082,9.778902,0.061785,0.026632,-0.031959
3.032789,572.556576,body,138.650387,0.000000,-0.004020,-133.984018,0.000000,-0.002680,141.416155,0.000000,-0.006700,-127.374095,0.000000,-0.009380,-0.005984,0.022759,9.789595,0.062851,0.027697,-0.034088
3.042941,572.566195,body,138.650387,0.000000,-0.004020,-133.985552,0.000000,-0.002680,141.414621,0.000000,-0.006700,-127.374095,0.000000,-0.009380,0.005984,0.059841,9.806370,0.063916,0.028761,-0.033023
3.053937,572.575950,body,138.650387,0.000000,-0.004020,-133.984018,0.000000,-0.002680,141.414621,0.000000,-0.006700,-127.374095,0.000000,-0.009380,0.015598,0.037082,9.739368,0.064980,0.028761,-0.031959
3.063223,572.585249,body,138.650387,0.000000,-0.004020,-133.984018,0.000000,-0.002680,141.414621,0.000000,-0.006700,-127.374095,0.000000,-0.009380,-0.013145,0.044341,9.836389,0.063916,0.027697,-0.033023
3.073240,572.595017,body,138.650387,0.000000,-0.004020,-133.984018,0.000000,-0.002680,141.414621,0.000000,-0.006700,-127.374095,0.000000,-0.009380,-0.053857,0.053857,9.814807,0.063916,0.028761,-0.030892
3.082682,572.604436,body,138.650387,0.000000,-0.004020,-133.984018,0.000000,-0.002680,141.416155,0.000000,-0.006700,-127.374095,0.000000,-0.009380,-0.076616,0.086230,9.790871,0.064980,0.030892,-0.029828
3.092908,572.613990,body,138.650387,0.000000,-0.004020,-133.984018,0.000000,-0.002680,141.416155,0.000000,-0.006700,-127.374095,0.000000,-0.009380,-0.037082,0.051503,9.782434,0.064980,0.028761,-0.031959
3.103015,572.623665,body,138.650387,0.000000,-0.004020,-133.984018,0.000000,-0.002680,141.414621,0.000000,-0.006700,-127.374095,0.000000,-0.009380,-0.009614,0.029921,9.793225,0.062851,0.025566,-0.033023
3.112983,572.633003,body,138.650387,0.000000,-0.004020,-133.984018,0.000000,-0.002680,141.416155,0.000000,-0.006700,-127.374095,0.000000,-0.009380,-0.014323,0.045518,9.793225,0.061785,0.024501,-0.031959
3.123020,572.642894,body,138.650387,0.000000,-0.004020,-133.984018,0.000000,-0.002680,141.416155,0.000000,-0.006700,-127.374095,0.000000,-0.009380,-0.007161,0.055132,9.780080,0.061785,0.025566,-0.031959
3.133033,572.652177,body,138.650387,0.000000,-0.004020,-133.984018,0.000000,-0.002680,141.416155,0.000000,-0.006700,-127.374095,0.000000,-0.009380,0.007161,0.049050,9.784886,0.062851,0.027697,-0.031959
3.143103,572.661789,body,138.650387,0.000000,-0.004020,-133.984018,0.000000,-0.002680,141.416155,0.000000,-0.006700,-127.374095,0.000000,-0.009380,0.015598,0.033550,9.778902,0.062851,0.027697,-0.033023
3.153089,572.671508,body,138.650387,0.000000,-0.004020,-133.984018,0.000000,-0.002680,141.414621,0.000000,-0.006700,-127.374095,0.000000,-0.009380,0.020405,0.027566,9.770466,0.063916,0.029828,-0.033023
3.162646,572.680926,body,138.650387,0.000000,-0.004020,-133.984018,0.000000,-0.002680,141.416155,0.000000,-0.006700,-127.374095,0.000000,-0.009380,-0.003630,0.040712,9.781257,0.062851,0.030892,-0.031959
3.172655,572.690423,body,138.650387,0.000000,-0.004020,-133.984018,0.000000,-0.002680,141.416155,0.000000,-0.006700,-127.374095,0.000000,-0.009380,-0.017952,0.037082,9.770466,0.063916,0.030892,-0.033023
3.182788,572.699905,body,138.650387,0.000000,-0.004020,-133.984018,0.000000,-0.002680,141.416155,0.000000,-0.006700,-127.374095,0.000000,-0.009380,-0.020405,0.039534,9.774095,0.062851,0.028761,-0.030892
3.192850,572.709345,body,138.648854,0.000000,-0.004020,-133.984018,0.000000,-0.002680,141.414621,0.000000,-0.006700,-127.374095,0.000000,-0.009380,-0.040712,0.055132,9.795677,0.064980,0.027697,-0.029828
3.202877,572.718954,body,138.648854,0.000000,-0.004020,-133.984018,0.000000,-0.002680,141.416155,0.000000,-0.006700,-127.374095,0.000000,-0.009380,-0.041889,0.067100,9.799209,0.064980,0.028761,-0.029828
3.212759,572.728456,body,138.650387,0.000000,-0.004020,-133.984018,0.000000,-0.002680,141.416155,0.000000,-0.006700,-127.374095,0.000000,-0.009380,-0.017952,0.043066,9.788418,0.064980,0.026632,-0.030892
3.222821,572.747900,body,138.650387,0.000000,-0.004020,-133.984018,0.000000,-0.002680,141.416155,0.000000,-0.006700,-127.374095,0.000000,-0.009380,-0.009614,0.040712,9.780080,0.063916,0.029828,-0.031959
3.232871,572.757289,body,138.650387,0.000000,-0.004020,-133.984018,0.000000,-0.002680,141.414621,0.000000,-0.006700,-127.374095,0.000000,-0.009380,-0.002354,0.052680,9.766934,0.063916,0.028761,-0.033023
3.243090,572.766667,body,138.650387,0.000000,-0.004020,-133.984018,0.000000,-0.002680,141.414621,0.000000,-0.006700,-127.374095,0.000000,-0.009380,0.009614,0.056309,9.766934,0.063916,0.026632,-0.031959
3.252681,572.776177,body,138.650387,0.000000,-0.004020,-133.984018,0.000000,-0.002680,141.414621,0.000000,-0.006700,-127.374095,0.000000,-0.009380,-0.003630,0.041889,9.787241,0.064980,0.024501,-0.031959
3.262651,572.786066,body,138.650387,0.000000,-0.004020,-133.984018,0.000000,-0.002680,141.416155,0.000000,-0.006700,-127.374095,0.000000,-0.009380,0.005984,0.007161,9.757320,0.062851,0.025566,-0.030892
3.273035,572.795365,body,138.648854,0.000000,-0.004020,-133.984018,0.000000,-0.002680,141.416155,0.000000,-0.006700,-127.374095,0.000000,-0.009380,0.015598,0.022759,9.766934,0.063916,0.026632,-0.031959
3.283086,572.805025,body,138.650387,0.000000,-0.004020,-133.984018,0.000000,-0.002680,141.416155,0.000000,-0.006700,-127.374095,0.000000,-0.009380,0.008339,0.052680,9.795677,0.063916,0.027697,-0.033023
3.293160,572.814577,body,138.650387,0.000000,-0.004020,-133.984018,0.000000,-0.002680,141.416155,0.000000,-0.006700,-127.374095,0.000000,-0.009380,-0.014323,0.050325,9.798032,0.063916,0.030892,-0.033023
3.302865,572.824066,body,138.650387,0.000000,-0.004020,-133.984018,0.000000,-0.002680,141.416155,0.000000,-0.006700,-127.374095,0.000000,-0.009380,-0.050325,0.058664,9.788418,0.064980,0.033023,-0.031959
3.312923,572.833532,body,138.650387,0.000000,-0.004020,-133.984018,0.000000,-0.002680,141.416155,0.000000,-0.006700,-127.374095,0.000000,-0.009380,-0.057487,0.049050,9.778902,0.066047,0.031959,-0.030892
3.322915,572.843289,body,138.650387,0.000000,-0.004020,-133.984018,0.000000,-0.002680,141.414621,0.000000,-0.006700,-127.374095,0.000000,-0.009380,-0.059841,0.070632,9.804016,0.064980,0.027697,-0.029828
3.332811,572.852865,body,138.648854,0.000000,-0.004020,-133.984018,0.000000,-0.002680,141.416155,0.000000,-0.006700,-127.374095,0.000000,-0.009380,-0.023936,0.061116,9.808823,0.063916,0.027697,-0.029828
3.342669,572.862486,body,138.648854,0.000000,-0.004020,-133.984018,0.000000,-0.002680,141.416155,0.000000,-0.006700,-127.374095,0.000000,-0.009380,0.005984,0.038357,9.753691,0.064980,0.027697,-0.029828
3.352947,572.871864,body,138.650387,0.000000,-0.004020,-133.984018,0.000000,-0.002680,141.416155,0.000000,-0.006700,-127.374095,0.000000,-0.009380,-0.002354,0.059841,9.765659,0.064980,0.027697,-0.030892
3.363083,572.881598,body,138.650387,0.000000,-0.004020,-133.984018,0.000000,-0.002680,141.416155,0.000000,-0.006700,-127.374095,0.000000,-0.009380,-0.039534,0.062294,9.795677,0.066047,0.028761,-0.031959
3.373104,572.891004,body,138.648854,0.000000,-0.004020,-133.984018,0.000000,-0.002680,141.414621,0.000000,-0.006700,-127.374095,0.000000,-0.009380,-0.049050,0.047873,9.796855,0.066047,0.028761,-0.029828
3.382651,572.900596,body,138.650387,0.000000,-0.004020,-133.984018,0.000000,-0.002680,141.414621,0.000000,-0.006700,-127.374095,0.000000,-0.009380,-0.039534,0.058664,9.781257,0.066047,0.027697,-0.028761
3.392686,572.909864,body,138.650387,0.000000,-0.004020,-133.984018,0.000000,-0.002680,141.416155,0.000000,-0.006700,-127.374095,0.000000,-0.009380,-0.026389,0.051503,9.798032,0.067111,0.027697,-0.028761
3.402935,572.919492,body,138.650387,0.000000,-0.004020,-133.984018,0.000000,-0.002680,141.416155,0.000000,-0.006700,-127.374095,0.000000,-0.009380,-0.027566,0.050325,9.788418,0.066047,0.027697,-0.029828
3.412900,572.929343,body,138.650387,0.000000,-0.004020,-133.984018,0.000000,-0.002680,141.416155,0.000000,-0.006700,-127.374095,0.000000,-0.009380,-0.031098,0.065825,9.800386,0.064980,0.026632,-0.029828
3.422986,572.948348,body,138.650387,0.000000,-0.004020,-133.984018,0.000000,-0.002680,141.416155,0.000000,-0.006700,-127.374095,0.000000,-0.009380,-0.020405,0.043066,9.774095,0.066047,0.027697,-0.028761
3.432683,572.957788,body,138.650387,0.000000,-0.004020,-133.984018,0.000000,-0.002680,141.416155,0.000000,-0.006700,-127.374095,0.000000,-0.009380,-0.025114,0.055132,9.783611,0.066047,0.026632,-0.029828
3.443094,572.967404,body,138.650387,0.000000,-0.004020,-133.984018,0.000000,-0.002680,141.416155,0.000000,-0.006700,-127.374095,0.000000,-0.009380,-0.032373,0.049050,9.787241,0.066047,0.026632,-0.029828
3.452954,572.976949,body,138.650387,0.000000,-0.004020,-133.985552,0.000000,-0.002680,141.416155,0.000000,-0.006700,-127.374095,0.000000,-0.009380,-0.059841,0.053857,9.782434,0.062851,0.024501,-0.033023
3.463010,572.986496,body,138.650387,0.000000,-0.004020,-133.984018,0.000000,-0.002680,141.414621,0.000000,-0.006700,-127.374095,0.000000,-0.009380,-0.032373,0.053857,9.792048,0.061785,0.018110,-0.031959
3.472701,572.996115,body,138.650387,0.000000,-0.004020,-133.984018,0.000000,-0.002680,141.416155,0.000000,-0.006700,-127.374095,0.000000,-0.009380,-0.029921,0.128119,9.875825,0.063916,0.015978,-0.029828
3.494479,573.015155,body,138.650387,0.000000,-0.004020,-133.985552,0.000000,-0.002680,141.414621,0.000000,-0.006700,-127.374095,0.000000,-0.009380,0.027566,0.028743,9.769289,0.066047,0.026632,-0.030892
3.529754,573.053272,body,138.650387,0.000000,-0.004020,-133.984018,0.000000,-0.002680,141.414621,0.000000,-0.006700,-127.374095,0.000000,-0.009380,-0.028743,0.031098,9.780080,0.064980,0.028761,-0.029828
3.535257,573.062971,body,138.650387,0.000000,-0.004020,-133.984018,0.000000,-0.002680,141.414621,0.000000,-0.006700,-127.374095,0.000000,-0.009380,-0.019130,0.061116,9.805193,0.064980,0.025566,-0.028761
3.546646,573.072195,body,138.650387,0.000000,-0.004020,-133.984018,0.000000,-0.002680,141.414621,0.000000,-0.006700,-127.374095,0.000000,-0.009380,0.004807,0.052680,9.805193,0.063916,0.027697,-0.030892
3.556851,573.081789,body,138.650387,0.000000,-0.004020,-133.984018,0.000000,-0.002680,141.414621,0.000000,-0.006700,-127.374095,0.000000,-0.009380,0.007161,0.021582,9.764482,0.062851,0.031959,-0.031959
3.566826,573.091385,body,138.648854,0.000000,-0.004020,-133.984018,0.000000,-0.002680,141.414621,0.000000,-0.006700,-127.374095,0.000000,-0.009380,-0.019130,0.037082,9.783611,0.062851,0.033023,-0.033023
3.576866,573.100909,body,138.650387,0.000000,-0.004020,-133.985552,0.000000,-0.002680,141.414621,0.000000,-0.006700,-127.374095,0.000000,-0.009380,-0.023936,0.062294,9.796855,0.064980,0.031959,-0.031959
3.586576,573.110512,body,138.650387,0.000000,-0.004020,-133.984018,0.000000,-0.002680,141.414621,0.000000,-0.006700,-127.374095,0.000000,-0.009380,-0.028743,0.074262,9.789595,0.064980,0.033023,-0.031959
3.598180,573.120065,body,138.650387,0.000000,-0.004020,-133.984018,0.000000,-0.002680,141.416155,0.000000,-0.006700,-127.374095,0.000000,-0.009380,-0.001177,0.051503,9.772918,0.064980,0.031959,-0.030892
3.607144,573.129508,body,138.650387,0.000000,-0.004020,-133.984018,0.000000,-0.002680,141.416155,0.000000,-0.006700,-127.374095,0.000000,-0.009380,0.022759,0.044341,9.754868,0.064980,0.029828,-0.030892
3.616835,573.139387,body,138.648854,0.000000,-0.004020,-133.985552,0.000000,-0.002680,141.414621,0.000000,-0.006700,-127.374095,0.000000,-0.009380,0.011968,0.053857,9.768111,0.064980,0.029828,-0.031959
3.626885,573.148699,body,138.650387,0.000000,-0.004020,-133.984018,0.000000,-0.002680,141.416155,0.000000,-0.006700,-127.374095,0.000000,-0.009380,-0.017952,0.057487,9.790871,0.062851,0.030892,-0.031959
3.636472,573.158500,body,138.650387,0.000000,-0.004020,-133.984018,0.000000,-0.002680,141.416155,0.000000,-0.006700,-127.374095,0.000000,-0.009380,-0.063471,0.069455,9.786064,0.063916,0.030892,-0.034088
3.646552,573.167990,body,138.650387,0.000000,-0.004020,-133.985552,0.000000,-0.002680,141.416155,0.000000,-0.006700,-127.375629,0.000000,-0.009380,-0.059841,0.064648,9.781257,0.064980,0.030892,-0.030892
3.656884,573.177385,body,138.650387,0.000000,-0.004020,-133.984018,0.000000,-0.002680,141.414621,0.000000,-0.006700,-127.374095,0.000000,-0.009380,-0.008339,0.062294,9.781257,0.066047,0.030892,-0.030892
3.666683,573.186895,body,138.650387,0.000000,-0.004020,-133.984018,0.000000,-0.002680,141.416155,0.000000,-0.006700,-127.374095,0.000000,-0.009380,0.003630,0.053857,9.778902,0.064980,0.028761,-0.030892
3.676651,573.196527,body,138.650387,0.000000,-0.004020,-133.984018,0.000000,-0.002680,141.414621,0.000000,-0.006700,-127.374095,0.000000,-0.009380,0.010791,-0.053857,9.684236,0.062851,0.029828,-0.034088
3.686797,573.206004,body,138.650387,0.000000,-0.004020,-133.984018,0.000000,-0.002680,141.414621,0.000000,-0.006700,-127.374095,0.000000,-0.009380,-0.065825,0.117328,9.832759,0.063916,0.026632,-0.034088
3.696892,573.215476,body,138.650387,0.000000,-0.004020,-133.985552,0.000000,-0.002680,141.414621,0.000000,-0.006700,-127.374095,0.000000,-0.009380,0.008339,-0.008339,9.778902,0.066047,0.031959,-0.029828
3.706852,573.225333,body,138.648854,0.000000,-0.004020,-133.984018,0.000000,-0.002680,141.414621,0.000000,-0.006700,-127.374095,0.000000,-0.009380,-0.022759,0.068278,9.774095,0.063916,0.033023,-0.031959
3.716901,573.234628,body,138.650387,0.000000,-0.004020,-133.984018,0.000000,-0.002680,141.414621,0.000000,-0.006700,-127.374095,0.000000,-0.009380,0.016775,0.022759,9.723770,0.064980,0.027697,-0.030892
3.726924,573.244113,body,138.650387,0.000000,-0.004020,-133.984018,0.000000,-0.002680,141.414621,0.000000,-0.006700,-127.374095,0.000000,-0.009380,0.019130,0.062294,9.753691,0.066047,0.024501,-0.030892
3.736450,573.253845,body,138.650387,0.000000,-0.004020,-133.984018,0.000000,-0.002680,141.414621,0.000000,-0.006700,-127.374095,0.000000,-0.009380,-0.022759,0.089860,9.823145,0.063916,0.026632,-0.031959
3.746777,573.263386,body,138.650387,0.000000,-0.004020,-133.984018,0.000000,-0.002680,141.414621,0.000000,-0.006700,-127.374095,0.000000,-0.009380,-0.033550,0.034727,9.808823,0.063916,0.029828,-0.030892
3.756513,573.273066,body,138.650387,0.000000,-0.004020,-133.984018,0.000000,-0.002680,141.416155,0.000000,-0.006700,-127.374095,0.000000,-0.009380,-0.033550,0.020405,9.754868,0.064980,0.030892,-0.030892
3.766841,573.282282,body,138.650387,0.000000,-0.004020,-133.984018,0.000000,-0.002680,141.416155,0.000000,-0.006700,-127.374095,0.000000,-0.009380,-0.033550,0.076616,9.798032,0.064980,0.028761,-0.031959
3.776597,573.301410,body,138.648854,0.000000,-0.004020,-133.984018,0.000000,-0.002680,141.416155,0.000000,-0.006700,-127.374095,0.000000,-0.009380,-0.010791,0.053857,9.781257,0.066047,0.029828,-0.031959
3.786613,573.310969,body,138.650387,0.000000,-0.004020,-133.984018,0.000000,-0.002680,141.414621,0.000000,-0.006700,-127.374095,0.000000,-0.009380,-0.029921,0.039534,9.756143,0.067111,0.027697,-0.029828
3.796882,573.320671,body,138.648854,0.000000,-0.004020,-133.984018,0.000000,-0.002680,141.416155,0.000000,-0.006700,-127.374095,0.000000,-0.009380,-0.029921,0.021582,9.789595,0.064980,0.026632,-0.030892
3.806497,573.330415,body,138.650387,0.000000,-0.004020,-133.984018,0.000000,-0.002680,141.414621,0.000000,-0.006700,-127.374095,0.000000,-0.009380,-0.028743,0.080246,9.818339,0.064980,0.026632,-0.031959
3.816722,573.339854,body,138.650387,0.000000,-0.004020,-133.984018,0.000000,-0.002680,141.416155,0.000000,-0.006700,-127.374095,0.000000,-0.009380,-0.008339,0.070632,9.792048,0.061785,0.027697,-0.031959
3.826803,573.349274,body,138.648854,0.000000,-0.004020,-133.984018,0.000000,-0.002680,141.416155,0.000000,-0.006700,-127.374095,0.000000,-0.009380,0.002354,0.043066,9.777627,0.062851,0.028761,-0.033023
3.837271,573.358896,body,138.650387,0.000000,-0.004020,-133.984018,0.000000,-0.002680,141.416155,0.000000,-0.006700,-127.374095,0.000000,-0.009380,0.002354,0.004807,9.781257,0.062851,0.027697,-0.033023
3.846940,573.368603,body,138.650387,0.000000,-0.004020,-133.984018,0.000000,-0.002680,141.416155,0.000000,-0.006700,-127.374095,0.000000,-0.009380,-0.003630,0.035905,9.794402,0.063916,0.026632,-0.031959
3.856865,573.377794,body,138.650387,0.000000,-0.004020,-133.984018,0.000000,-0.002680,141.414621,0.000000,-0.006700,-127.374095,0.000000,-0.009380,-0.009614,0.044341,9.794402,0.064980,0.027697,-0.031959
3.866636,573.387625,body,138.650387,0.000000,-0.004020,-133.984018,0.000000,-0.002680,141.416155,0.000000,-0.006700,-127.374095,0.000000,-0.009380,-0.009614,0.057487,9.795677,0.066047,0.029828,-0.030892
3.876461,573.397006,body,138.650387,0.000000,-0.004020,-133.984018,0.000000,-0.002680,141.414621,0.000000,-0.006700,-127.374095,0.000000,-0.009380,-0.007161,0.032373,9.771643,0.064980,0.031959,-0.031959
3.886812,573.406695,body,138.650387,0.000000,-0.004020,-133.984018,0.000000,-0.002680,141.416155,0.000000,-0.006700,-127.374095,0.000000,-0.009380,-0.017952,0.046696,9.765659,0.062851,0.028761,-0.031959
3.896578,573.416344,body,138.650387,0.000000,-0.004020,-133.984018,0.000000,-0.002680,141.414621,0.000000,-0.006700,-127.374095,0.000000,-0.009380,-0.035905,0.050325,9.793225,0.062851,0.027697,-0.031959
3.906617,573.425650,body,138.650387,0.000000,-0.004020,-133.985552,0.000000,-0.002680,141.416155,0.000000,-0.006700,-127.374095,0.000000,-0.009380,-0.002354,0.050325,9.771643,0.063916,0.027697,-0.030892
3.916732,573.435102,body,138.650387,0.000000,-0.004020,-133.984018,0.000000,-0.002680,141.414621,0.000000,-0.006700,-127.374095,0.000000,-0.009380,-0.011968,0.067100,9.780080,0.062851,0.026632,-0.031959
3.926788,573.444971,body,138.650387,0.000000,-0.004020,-133.984018,0.000000,-0.002680,141.416155,0.000000,-0.006700,-127.374095,0.000000,-0.009380,-0.014323,0.037082,9.786064,0.063916,0.028761,-0.031959
3.936454,573.454332,body,138.650387,0.000000,-0.004020,-133.984018,0.000000,-0.002680,141.416155,0.000000,-0.006700,-127.374095,0.000000,-0.009380,-0.020405,0.040712,9.777627,0.062851,0.029828,-0.031959
3.946609,573.463790,body,138.650387,0.000000,-0.004020,-133.984018,0.000000,-0.002680,141.414621,0.000000,-0.006700,-127.374095,0.000000,-0.009380,-0.020405,0.049050,9.776450,0.064980,0.028761,-0.030892
3.956649,573.473601,body,138.650387,0.000000,-0.004020,-133.984018,0.000000,-0.002680,141.414621,0.000000,-0.006700,-127.374095,0.000000,-0.009380,-0.004807,0.033550,9.783611,0.063916,0.028761,-0.029828
3.966690,573.483052,body,138.650387,0.000000,-0.004020,-133.984018,0.000000,-0.002680,141.414621,0.000000,-0.006700,-127.374095,0.000000,-0.009380,0.001177,0.031098,9.783611,0.062851,0.026632,-0.031959
3.976724,573.492722,body,138.650387,0.000000,-0.004020,-133.984018,0.000000,-0.002680,141.414621,0.000000,-0.006700,-127.374095,0.000000,-0.009380,-0.011968,0.039534,9.776450,0.062851,0.026632,-0.031959
3.986535,573.511793,body,138.650387,0.000000,-0.004020,-133.984018,0.000000,-0.002680,141.414621,0.000000,-0.006700,-127.374095,0.000000,-0.009380,-0.028743,0.061116,9.807646,0.063916,0.027697,-0.031959
3.996633,573.521235,body,138.648854,0.000000,-0.004020,-133.984018,0.000000,-0.002680,141.414621,0.000000,-0.006700,-127.374095,0.000000,-0.009380,-0.031098,0.059841,9.800386,0.064980,0.027697,-0.029828
4.006652,573.530789,body,138.650387,0.000000,-0.004020,-133.984018,0.000000,-0.002680,141.416155,0.000000,-0.006700,-127.374095,0.000000,-0.009380,-0.026389,0.055132,9.790871,0.066047,0.028761,-0.029828
4.017028,573.540406,body,138.648854,0.000000,-0.004020,-133.984018,0.000000,-0.002680,141.416155,0.000000,-0.006700,-127.374095,0.000000,-0.009380,-0.025114,0.058664,9.804016,0.064980,0.029828,-0.029828
4.026891,573.549686,body,138.650387,0.000000,-0.004020,-133.984018,0.000000,-0.002680,141.416155,0.000000,-0.006700,-127.374095,0.000000,-0.009380,-0.019130,0.043066,9.772918,0.066047,0.030892,-0.029828
4.036624,573.559291,body,138.650387,0.000000,-0.004020,-133.984018,0.000000,-0.002680,141.414621,0.000000,-0.006700,-127.374095,0.000000,-0.009380,-0.040712,0.047873,9.786064,0.066047,0.028761,-0.030892
4.046819,573.569102,body,138.650387,0.000000,-0.004020,-133.984018,0.000000,-0.002680,141.414621,0.000000,-0.006700,-127.374095,0.000000,-0.009380,-0.033550,0.055132,9.796855,0.064980,0.027697,-0.030892
4.056849,573.578522,body,138.648854,0.000000,-0.004020,-133.984018,0.000000,-0.002680,141.416155,0.000000,-0.006700,-127.374095,0.000000,-0.009380,-0.022759,0.073085,9.782434,0.066047,0.027697,-0.029828
4.066812,573.587991,body,138.650387,0.000000,-0.004020,-133.984018,0.000000,-0.002680,141.416155,0.000000,-0.006700,-127.374095,0.000000,-0.009380,-0.013145,0.065825,9.780080,0.063916,0.026632,-0.031959
4.076838,573.597437,body,138.650387,0.000000,-0.004020,-133.984018,0.000000,-0.002680,141.414621,0.000000,-0.006700,-127.374095,0.000000,-0.009380,-0.005984,0.034727,9.793225,0.061785,0.025566,-0.033023
4.086829,573.607303,body,138.650387,0.000000,-0.004020,-133.984018,0.000000,-0.002680,141.414621,0.000000,-0.006700,-127.374095,0.000000,-0.009380,-0.038357,0.032373,9.793225,0.062851,0.027697,-0.034088
4.096856,573.616603,body,138.650387,0.000000,-0.004020,-133.984018,0.000000,-0.002680,141.414621,0.000000,-0.006700,-127.374095,0.000000,-0.009380,0.003630,0.014323,9.756143,0.063916,0.028761,-0.030892
4.107002,573.626196,body,138.650387,0.000000,-0.004020,-133.984018,0.000000,-0.002680,141.414621,0.000000,-0.006700,-127.374095,0.000000,-0.009380,0.014323,0.057487,9.762127,0.063916,0.027697,-0.030892
4.116919,573.635737,body,138.650387,0.000000,-0.004020,-133.984018,0.000000,-0.002680,141.416155,0.000000,-0.006700,-127.374095,0.000000,-0.009380,0.009614,0.057487,9.782434,0.063916,0.028761,-0.030892
4.126431,573.645328,body,138.650387,0.000000,-0.004020,-133.984018,0.000000,-0.002680,141.416155,0.000000,-0.006700,-127.374095,0.000000,-0.009380,-0.017952,0.039534,9.781257,0.063916,0.029828,-0.029828
4.136486,573.654835,body,138.650387,0.000000,-0.004020,-133.984018,0.000000,-0.002680,141.416155,0.000000,-0.006700,-127.374095,0.000000,-0.009380,-0.038357,0.047873,9.795677,0.063916,0.028761,-0.033023
4.146758,573.664481,body,138.650387,0.000000,-0.004020,-133.984018,0.000000,-0.002680,141.416155,0.000000,-0.006700,-127.374095,0.000000,-0.009380,-0.047873,0.045518,9.800386,0.062851,0.027697,-0.031959
4.156644,573.673853,body,138.650387,0.000000,-0.004020,-133.984018,0.000000,-0.002680,141.414621,0.000000,-0.006700,-127.374095,0.000000,-0.009380,-0.040712,0.056309,9.790871,0.064980,0.026632,-0.029828
4.166895,573.683496,body,138.650387,0.000000,-0.004020,-133.984018,0.000000,-0.002680,141.416155,0.000000,-0.006700,-127.374095,0.000000,-0.009380,-0.035905,0.055132,9.792048,0.064980,0.025566,-0.029828
4.176727,573.692967,body,138.650387,0.000000,-0.004020,-133.984018,0.000000,-0.002680,141.416155,0.000000,-0.006700,-127.374095,0.000000,-0.009380,-0.002354,0.045518,9.790871,0.063916,0.024501,-0.029828
4.186532,573.702597,body,138.648854,0.000000,-0.004020,-133.984018,0.000000,-0.002680,141.416155,0.000000,-0.006700,-127.374095,0.000000,-0.009380,0.005984,0.041889,9.798032,0.066047,0.024501,-0.029828
4.196706,573.721693,body,138.650387,0.000000,-0.004020,-133.984018,0.000000,-0.002680,141.414621,0.000000,-0.006700,-127.374095,0.000000,-0.009380,-0.041889,0.037082,9.784886,0.063916,0.025566,-0.031959
4.206499,573.731326,body,138.650387,0.000000,-0.004020,-133.984018,0.000000,-0.002680,141.414621,0.000000,-0.006700,-127.374095,0.000000,-0.009380,-0.062294,0.079069,9.798032,0.063916,0.024501,-0.031959
4.217037,573.740816,body,138.650387,0.000000,-0.004020,-133.984018,0.000000,-0.002680,141.414621,0.000000,-0.006700,-127.374095,0.000000,-0.009380,-0.029921,0.105359,9.817161,0.062851,0.022370,-0.031959
4.226597,573.750289,body,138.650387,0.000000,-0.004020,-133.984018,0.000000,-0.002680,141.414621,0.000000,-0.006700,-127.374095,0.000000,-0.009380,0.019130,0.080246,9.787241,0.062851,0.022370,-0.033023
4.236717,573.760070,body,138.650387,0.000000,-0.004020,-133.984018,0.000000,-0.002680,141.414621,0.000000,-0.006700,-127.374095,0.000000,-0.009380,0.022759,0.106537,9.859050,0.063916,0.025566,-0.030892
4.247594,573.769489,body,138.650387,0.000000,-0.004020,-133.984018,0.000000,-0.002680,141.416155,0.000000,-0.006700,-127.374095,0.000000,-0.009380,0.009614,0.000000,9.744175,0.066047,0.034088,-0.030892
4.256576,573.779197,body,138.650387,0.000000,-0.004020,-133.984018,0.000000,-0.002680,141.414621,0.000000,-0.006700,-127.374095,0.000000,-0.009380,-0.050325,0.079069,9.781257,0.062851,0.027697,-0.033023
4.266884,573.788461,body,138.650387,0.000000,-0.004020,-133.984018,0.000000,-0.002680,141.414621,0.000000,-0.006700,-127.374095,0.000000,-0.009380,-0.003630,0.065825,9.777627,0.063916,0.024501,-0.031959
4.276832,573.797990,body,138.648854,0.000000,-0.004020,-133.984018,0.000000,-0.002680,141.414621,0.000000,-0.006700,-127.374095,0.000000,-0.009380,-0.007161,0.075439,9.784886,0.062851,0.025566,-0.031959
4.286851,573.807865,body,138.650387,0.000000,-0.004020,-133.984018,0.000000,-0.002680,141.414621,0.000000,-0.006700,-127.374095,0.000000,-0.009380,-0.038357,0.052680,9.787241,0.060720,0.028761,-0.033023
4.296879,573.817193,body,138.648854,0.000000,-0.004020,-133.984018,0.000000,-0.002680,141.416155,0.000000,-0.006700,-127.374095,0.000000,-0.009380,-0.001177,-0.046696,9.756143,0.064980,0.030892,-0.031959
4.307004,573.826952,body,138.650387,0.000000,-0.004020,-133.985552,0.000000,-0.002680,141.416155,0.000000,-0.006700,-127.374095,0.000000,-0.009380,-0.008339,0.031098,9.770466,0.066047,0.027697,-0.033023
4.316470,573.836249,body,138.650387,0.000000,-0.004020,-133.984018,0.000000,-0.002680,141.416155,0.000000,-0.006700,-127.374095,0.000000,-0.009380,-0.051503,0.134103,9.836389,0.063916,0.024501,-0.031959
4.326561,573.845704,body,138.650387,0.000000,-0.004020,-133.985552,0.000000,-0.002680,141.416155,0.000000,-0.006700,-127.374095,0.000000,-0.009380,-0.041889,0.094568,9.838743,0.064980,0.028761,-0.030892
4.336905,573.855268,body,138.650387,0.000000,-0.004020,-133.984018,0.000000,-0.002680,141.414621,0.000000,-0.006700,-127.374095,0.000000,-0.009380,-0.031098,0.033550,9.812354,0.066047,0.030892,-0.029828
4.346690,573.865013,body,138.650387,0.000000,-0.004020,-133.984018,0.000000,-0.002680,141.414621,0.000000,-0.006700,-127.374095,0.000000,-0.009380,-0.021582,0.015598,9.764482,0.066047,0.033023,-0.030892
4.356804,573.874383,body,138.650387,0.000000,-0.004020,-133.984018,0.000000,-0.002680,141.416155,0.000000,-0.006700,-127.375629,0.000000,-0.009380,-0.022759,0.041889,9.784886,0.066047,0.030892,-0.030892
4.366790,573.884092,body,138.650387,0.000000,-0.004020,-133.984018,0.000000,-0.002680,141.414621,0.000000,-0.006700,-127.374095,0.000000,-0.009380,-0.033550,0.075439,9.801661,0.066047,0.028761,-0.029828
4.376856,573.893423,body,138.648854,0.000000,-0.004020,-133.984018,0.000000,-0.002680,141.416155,0.000000,-0.006700,-127.374095,0.000000,-0.009380,-0.017952,0.081423,9.792048,0.063916,0.030892,-0.029828
4.386877,573.903133,body,138.648854,0.000000,-0.004020,-133.984018,0.000000,-0.002680,141.416155,0.000000,-0.006700,-127.374095,0.000000,-0.009380,-0.022759,0.023936,9.770466,0.062851,0.030892,-0.031959
4.396863,573.912594,body,138.650387,0.000000,-0.004020,-133.984018,0.000000,-0.002680,141.414621,0.000000,-0.006700,-127.374095,0.000000,-0.009380,-0.021582,0.008339,9.775273,0.062851,0.027697,-0.030892
4.406926,573.931897,body,138.650387,0.000000,-0.004020,-133.984018,0.000000,-0.002680,141.414621,0.000000,-0.006700,-127.374095,0.000000,-0.009380,0.000000,0.087407,9.789595,0.062851,0.026632,-0.033023
4.416908,573.941479,body,138.650387,0.000000,-0.004020,-133.984018,0.000000,-0.002680,141.416155,0.000000,-0.006700,-127.374095,0.000000,-0.009380,-0.013145,0.092214,9.780080,0.063916,0.028761,-0.033023
4.426555,573.950987,body,138.650387,0.000000,-0.004020,-133.984018,0.000000,-0.002680,141.414621,0.000000,-0.006700,-127.374095,0.000000,-0.009380,-0.027566,0.057487,9.800386,0.062851,0.031959,-0.033023
4.436568,573.960280,body,138.650387,0.000000,-0.004020,-133.984018,0.000000,-0.002680,141.414621,0.000000,-0.006700,-127.374095,0.000000,-0.009380,-0.008339,0.026389,9.756143,0.064980,0.033023,-0.031959
4.446685,573.969989,body,138.650387,0.000000,-0.004020,-133.984018,0.000000,-0.002680,141.416155,0.000000,-0.006700,-127.374095,0.000000,-0.009380,-0.050325,0.097021,9.844727,0.066047,0.030892,-0.030892
4.456714,573.979737,body,138.650387,0.000000,-0.004020,-133.984018,0.000000,-0.002680,141.414621,0.000000,-0.006700,-127.374095,0.000000,-0.009380,-0.049050,0.082600,9.871116,0.064980,0.027697,-0.029828
4.466832,573.989175,body,138.650387,0.000000,-0.004020,-133.984018,0.000000,-0.002680,141.416155,0.000000,-0.006700,-127.374095,0.000000,-0.009380,-0.028743,-0.002354,9.772918,0.066047,0.031959,-0.028761
4.476878,573.998785,body,138.650387,0.000000,-0.004020,-133.984018,0.000000,-0.002680,141.414621,0.000000,-0.006700,-127.374095,0.000000,-0.009380,-0.035905,0.063471,9.752513,0.061785,0.030892,-0.031959
4.486827,574.008301,body,138.650387,0.000000,-0.004020,-133.984018,0.000000,-0.002680,141.416155,0.000000,-0.006700,-127.374095,0.000000,-0.009380,0.005984,0.022759,9.763304,0.063916,0.025566,-0.030892
4.496429,574.017930,body,138.650387,0.000000,-0.004020,-133.984018,0.000000,-0.002680,141.414621,0.000000,-0.006700,-127.374095,0.000000,-0.009380,0.008339,0.062294,9.789595,0.064980,0.025566,-0.030892
4.506434,574.027290,body,138.650387,0.000000,-0.004020,-133.984018,0.000000,-0.002680,141.414621,0.000000,-0.006700,-127.374095,0.000000,-0.009380,-0.031098,0.094568,9.819614,0.063916,0.027697,-0.029828
4.516494,574.036714,body,138.650387,0.000000,-0.004020,-133.984018,0.000000,-0.002680,141.414621,0.000000,-0.006700,-127.374095,0.000000,-0.009380,-0.037082,0.050325,9.789595,0.066047,0.030892,-0.029828
4.526506,574.046289,body,138.650387,0.000000,-0.004020,-133.984018,0.000000,-0.002680,141.416155,0.000000,-0.006700,-127.374095,0.000000,-0.009380,-0.047873,0.045518,9.805193,0.064980,0.028761,-0.031959
4.536520,574.055861,body,138.650387,0.000000,-0.004020,-133.985552,0.000000,-0.002680,141.416155,0.000000,-0.006700,-127.374095,0.000000,-0.009380,-0.027566,0.035905,9.796855,0.064980,0.027697,-0.031959
4.546550,574.065495,body,138.650387,0.000000,-0.004020,-133.985552,0.000000,-0.002680,141.416155,0.000000,-0.006700,-127.374095,0.000000,-0.009380,0.003630,0.049050,9.772918,0.066047,0.028761,-0.031959
4.556571,574.074998,body,138.650387,0.000000,-0.004020,-133.984018,0.000000,-0.002680,141.414621,0.000000,-0.006700,-127.374095,0.000000,-0.009380,-0.003630,0.070632,9.780080,0.062851,0.029828,-0.033023
4.566862,574.084701,body,138.648854,0.000000,-0.004020,-133.985552,0.000000,-0.002680,141.416155,0.000000,-0.006700,-127.374095,0.000000,-0.009380,-0.038357,0.039534,9.790871,0.063916,0.029828,-0.030892
4.576940,574.094244,body,138.650387,0.000000,-0.004020,-133.984018,0.000000,-0.002680,141.416155,0.000000,-0.006700,-127.374095,0.000000,-0.009380,-0.067100,0.035905,9.794402,0.064980,0.029828,-0.030892
4.586452,574.103595,body,138.650387,0.000000,-0.004020,-133.985552,0.000000,-0.002680,141.414621,0.000000,-0.006700,-127.374095,0.000000,-0.009380,-0.073085,0.039534,9.810000,0.063916,0.027697,-0.030892
4.596495,574.113077,body,138.650387,0.000000,-0.004020,-133.985552,0.000000,-0.002680,141.416155,0.000000,-0.006700,-127.374095,0.000000,-0.009380,-0.041889,0.039534,9.795677,0.064980,0.026632,-0.029828
4.606504,574.122642,body,138.648854,0.000000,-0.004020,-133.984018,0.000000,-0.002680,141.416155,0.000000,-0.006700,-127.374095,0.000000,-0.009380,-0.017952,0.057487,9.777627,0.063916,0.024501,-0.031959
4.616680,574.132518,body,138.648854,0.000000,-0.004020,-133.985552,0.000000,-0.002680,141.416155,0.000000,-0.006700,-127.374095,0.000000,-0.009380,0.007161,0.064648,9.769289,0.061785,0.024501,-0.034088
4.626640,574.151335,body,138.650387,0.000000,-0.004020,-133.984018,0.000000,-0.002680,141.416155,0.000000,-0.006700,-127.374095,0.000000,-0.009380,-0.002354,0.053857,9.756143,0.063916,0.026632,-0.030892
4.636607,574.160784,body,138.650387,0.000000,-0.004020,-133.984018,0.000000,-0.002680,141.414621,0.000000,-0.006700,-127.374095,0.000000,-0.009380,-0.074262,0.057487,9.823145,0.063916,0.027697,-0.029828
4.646481,574.170497,body,138.650387,0.000000,-0.004020,-133.984018,0.000000,-0.002680,141.416155,0.000000,-0.006700,-127.374095,0.000000,-0.009380,-0.095844,-0.020405,9.739368,0.066047,0.023436,-0.029828
4.656781,574.180268,body,138.650387,0.000000,-0.004020,-133.984018,0.000000,-0.002680,141.414621,0.000000,-0.006700,-127.374095,0.000000,-0.009380,0.123312,0.154508,9.850712,0.064980,0.025566,-0.031959
4.666644,574.189481,body,138.650387,0.000000,-0.004020,-133.984018,0.000000,-0.002680,141.414621,0.000000,-0.006700,-127.374095,0.000000,-0.009380,0.108989,0.057487,9.667461,0.063916,0.035154,-0.033023
4.676586,574.199280,body,138.650387,0.000000,-0.004020,-133.984018,0.000000,-0.002680,141.416155,0.000000,-0.006700,-127.374095,0.000000,-0.009380,-0.023936,0.045518,9.744175,0.063916,0.035154,-0.033023
4.686550,574.208903,body,138.650387,0.000000,-0.004020,-133.984018,0.000000,-0.002680,141.416155,0.000000,-0.006700,-127.374095,0.000000,-0.009380,-0.101828,-0.004807,9.817161,0.063916,0.027697,-0.030892
4.696694,574.218129,body,138.650387,0.000000,-0.004020,-133.985552,0.000000,-0.002680,141.414621,0.000000,-0.006700,-127.374095,0.000000,-0.009380,-0.070632,0.049050,9.842373,0.066047,0.026632,-0.027697
4.706758,574.227680,body,138.648854,0.000000,-0.004020,-133.984018,0.000000,-0.002680,141.414621,0.000000,-0.006700,-127.374095,0.000000,-0.009380,-0.033550,0.077793,9.812354,0.066047,0.030892,-0.026632
4.716775,574.237477,body,138.648854,0.000000,-0.004020,-133.984018,0.000000,-0.002680,141.416155,0.000000,-0.006700,-127.375629,0.000000,-0.009380,-0.017952,0.035905,9.741722,0.064980,0.033023,-0.028761
4.726603,574.246995,body,138.650387,0.000000,-0.004020,-133.985552,0.000000,-0.002680,141.414621,0.000000,-0.006700,-127.374095,0.000000,-0.009380,-0.056309,0.034727,9.776450,0.064980,0.030892,-0.029828
4.736886,574.256629,body,138.648854,0.000000,-0.004020,-133.985552,0.000000,-0.002680,141.414621,0.000000,-0.006700,-127.374095,0.000000,-0.009380,-0.075439,0.062294,9.798032,0.064980,0.024501,-0.028761
4.746840,574.265851,body,138.650387,0.000000,-0.004020,-133.985552,0.000000,-0.002680,141.414621,0.000000,-0.006700,-127.374095,0.000000,-0.009380,-0.038357,0.059841,9.806370,0.063916,0.026632,-0.029828
4.756758,574.275533,body,138.650387,0.000000,-0.004020,-133.984018,0.000000,-0.002680,141.416155,0.000000,-0.006700,-127.374095,0.000000,-0.009380,-0.004807,0.040712,9.788418,0.063916,0.026632,-0.030892
4.766824,574.285189,body,138.650387,0.000000,-0.004020,-133.984018,0.000000,-0.002680,141.416155,0.000000,-0.006700,-127.374095,0.000000,-0.009380,-0.027566,0.051503,9.781257,0.063916,0.026632,-0.031959
4.776825,574.294740,body,138.650387,0.000000,-0.004020,-133.984018,0.000000,-0.002680,141.416155,0.000000,-0.006700,-127.374095,0.000000,-0.009380,0.003630,0.067100,9.793225,0.063916,0.027697,-0.036219
4.786754,574.304309,body,138.650387,0.000000,-0.004020,-133.985552,0.000000,-0.002680,141.414621,0.000000,-0.006700,-127.374095,0.000000,-0.009380,-0.001177,0.085053,9.784886,0.061785,0.026632,-0.034088
4.796767,574.313714,body,138.650387,0.000000,-0.004020,-133.985552,0.000000,-0.002680,141.414621,0.000000,-0.006700,-127.374095,0.000000,-0.009380,0.009614,0.067100,9.782434,0.063916,0.029828,-0.031959
4.808639,574.332844,body,138.650387,0.000000,-0.004020,-133.984018,0.000000,-0.002680,141.416155,0.000000,-0.006700,-127.374095,0.000000,-0.009380,-0.046696,-0.023936,9.786064,0.062851,0.028761,-0.028761
4.816894,574.342435,body,138.650387,0.000000,-0.004020,-133.985552,0.000000,-0.002680,141.414621,0.000000,-0.006700,-127.374095,0.000000,-0.009380,-0.065825,0.005984,9.827952,0.062851,0.028761,-0.029828
4.826647,574.351785,body,138.650387,0.000000,-0.004020,-133.985552,0.000000,-0.002680,141.414621,0.000000,-0.006700,-127.374095,0.000000,-0.009380,-0.061116,0.058664,9.815984,0.062851,0.028761,-0.031959
4.836888,574.361492,body,138.650387,0.000000,-0.004020,-133.984018,0.000000,-0.002680,141.414621,0.000000,-0.006700,-127.374095,0.000000,-0.009380,-0.033550,0.068278,9.801661,0.061785,0.029828,-0.034088
4.846477,574.370998,body,138.648854,0.000000,-0.004020,-133.985552,0.000000,-0.002680,141.416155,0.000000,-0.006700,-127.374095,0.000000,-0.009380,0.003630,0.051503,9.775273,0.063916,0.029828,-0.034088
4.856691,574.380439,body,138.648854,0.000000,-0.004020,-133.985552,0.000000,-0.002680,141.416155,0.000000,-0.006700,-127.375629,0.000000,-0.009380,0.002354,0.069455,9.770466,0.062851,0.028761,-0.030892
4.866420,574.390247,body,138.648854,0.000000,-0.004020,-133.984018,0.000000,-0.002680,141.414621,0.000000,-0.006700,-127.374095,0.000000,-0.009380,-0.035905,0.063471,9.807646,0.062851,0.028761,-0.030892
4.876522,574.399721,body,138.648854,0.000000,-0.004020,-133.985552,0.000000,-0.002680,141.416155,0.000000,-0.006700,-127.374095,0.000000,-0.009380,-0.021582,0.044341,9.802839,0.066047,0.028761,-0.030892
4.886782,574.409287,body,138.650387,0.000000,-0.004020,-133.985552,0.000000,-0.002680,141.416155,0.000000,-0.006700,-127.374095,0.000000,-0.009380,-0.007161,0.050325,9.798032,0.063916,0.031959,-0.030892
4.896494,574.418837,body,138.650387,0.000000,-0.004020,-133.985552,0.000000,-0.002680,141.416155,0.000000,-0.006700,-127.374095,0.000000,-0.009380,0.004807,0.053857,9.745352,0.063916,0.030892,-0.031959
4.906690,574.428222,body,138.650387,0.000000,-0.004020,-133.984018,0.000000,-0.002680,141.414621,0.000000,-0.006700,-127.374095,0.000000,-0.009380,-0.005984,0.085053,9.853066,0.064980,0.027697,-0.031959
4.916694,574.437813,body,138.650387,0.000000,-0.004020,-133.984018,0.000000,-0.002680,141.414621,0.000000,-0.006700,-127.374095,0.000000,-0.009380,0.015598,0.114973,9.867487,0.064980,0.027697,-0.030892
4.926627,574.447474,body,138.648854,0.000000,-0.004020,-133.984018,0.000000,-0.002680,141.416155,0.000000,-0.006700,-127.374095,0.000000,-0.009380,-0.045518,-0.022759,9.706995,0.064980,0.031959,-0.028761
4.936981,574.457655,body,138.650387,0.000000,-0.004020,-133.984018,0.000000,-0.002680,141.414621,0.000000,-0.006700,-127.374095,0.000000,-0.009380,0.008339,-0.013145,9.696204,0.062851,0.030892,-0.029828
4.946907,574.466449,body,138.650387,0.000000,-0.004020,-133.984018,0.000000,-0.002680,141.416155,0.000000,-0.006700,-127.375629,0.000000,-0.009380,-0.002354,0.051503,9.829129,0.064980,0.026632,-0.029828
4.956883,574.475938,body,138.650387,0.000000,-0.004020,-133.984018,0.000000,-0.002680,141.414621,0.000000,-0.006700,-127.374095,0.000000,-0.009380,-0.062294,0.108989,9.839920,0.066047,0.028761,-0.029828
4.966908,574.485647,body,138.648854,0.000000,-0.004020,-133.984018,0.000000,-0.002680,141.416155,0.000000,-0.006700,-127.374095,0.000000,-0.009380,-0.065825,0.130571,9.806370,0.064980,0.031959,-0.029828
4.976393,574.495277,body,138.648854,0.000000,-0.004020,-133.984018,0.000000,-0.002680,141.414621,0.000000,-0.006700,-127.374095,0.000000,-0.009380,-0.061116,0.050325,9.766934,0.064980,0.031959,-0.029828
4.986577,574.504893,body,138.648854,0.000000,-0.004020,-133.984018,0.000000,-0.002680,141.416155,0.000000,-0.006700,-127.374095,0.000000,-0.009380,0.008339,0.002354,9.768111,0.063916,0.026632,-0.030892
4.996794,574.514229,body,138.650387,0.000000,-0.004020,-133.984018,0.000000,-0.002680,141.416155,0.000000,-0.006700,-127.374095,0.000000,-0.009380,0.011968,0.016775,9.804016,0.062851,0.023436,-0.033023
5.006839,574.523962,body,138.648854,0.000000,-0.004020,-133.984018,0.000000,-0.002680,141.414621,0.000000,-0.006700,-127.374095,0.000000,-0.009380,0.003630,0.076616,9.804016,0.061785,0.027697,-0.033023
5.016444,574.533434,body,138.650387,0.000000,-0.004020,-133.985552,0.000000,-0.002680,141.414621,0.000000,-0.006700,-127.374095,0.000000,-0.009380,-0.011968,0.057487,9.794402,0.061785,0.029828,-0.033023
5.026685,574.542967,body,138.648854,0.000000,-0.004020,-133.985552,0.000000,-0.002680,141.414621,0.000000,-0.006700,-127.374095,0.000000,-0.009380,-0.035905,0.045518,9.775273,0.062851,0.028761,-0.034088
5.036467,574.552549,body,138.648854,0.000000,-0.004020,-133.984018,0.000000,-0.002680,141.414621,0.000000,-0.006700,-127.374095,0.000000,-0.009380,-0.044341,0.025114,9.784886,0.060720,0.026632,-0.033023
5.046731,574.571768,body,138.650387,0.000000,-0.004020,-133.984018,0.000000,-0.002680,141.416155,0.000000,-0.006700,-127.375629,0.000000,-0.009380,-0.011968,0.053857,9.800386,0.066047,0.028761,-0.029828
5.056904,574.581196,body,138.650387,0.000000,-0.004020,-133.984018,0.000000,-0.002680,141.414621,0.000000,-0.006700,-127.374095,0.000000,-0.009380,-0.009614,0.053857,9.787241,0.064980,0.029828,-0.030892
5.066510,574.590848,body,138.650387,0.000000,-0.004020,-133.984018,0.000000,-0.002680,141.414621,0.000000,-0.006700,-127.374095,0.000000,-0.009380,-0.037082,0.041889,9.786064,0.063916,0.029828,-0.033023
5.076612,574.600226,body,138.650387,0.000000,-0.004020,-133.985552,0.000000,-0.002680,141.414621,0.000000,-0.006700,-127.374095,0.000000,-0.009380,-0.053857,0.067100,9.788418,0.063916,0.028761,-0.031959
5.086895,574.609869,body,138.648854,0.000000,-0.004020,-133.984018,0.000000,-0.002680,141.414621,0.000000,-0.006700,-127.374095,0.000000,-0.009380,-0.022759,0.079069,9.765659,0.063916,0.027697,-0.030892
5.096885,574.619382,body,138.650387,0.000000,-0.004020,-133.984018,0.000000,-0.002680,141.414621,0.000000,-0.006700,-127.374095,0.000000,-0.009380,-0.008339,0.055132,9.786064,0.064980,0.026632,-0.029828
5.106716,574.629047,body,138.650387,0.000000,-0.004020,-133.984018,0.000000,-0.002680,141.414621,0.000000,-0.006700,-127.374095,0.000000,-0.009380,-0.010791,0.034727,9.792048,0.066047,0.028761,-0.029828
5.116640,574.638495,body,138.648854,0.000000,-0.004020,-133.984018,0.000000,-0.002680,141.414621,0.000000,-0.006700,-127.374095,0.000000,-0.009380,-0.038357,0.043066,9.800386,0.066047,0.029828,-0.030892
5.126590,574.648112,body,138.650387,0.000000,-0.004020,-133.984018,0.000000,-0.002680,141.416155,0.000000,-0.006700,-127.374095,0.000000,-0.009380,-0.058664,0.062294,9.796855,0.062851,0.028761,-0.033023
5.136658,574.657479,body,138.650387,0.000000,-0.004020,-133.985552,0.000000,-0.002680,141.414621,0.000000,-0.006700,-127.374095,0.000000,-0.009380,-0.056309,0.063471,9.810000,0.063916,0.027697,-0.030892
5.146862,574.666998,body,138.650387,0.000000,-0.004020,-133.984018,0.000000,-0.002680,141.416155,0.000000,-0.006700,-127.374095,0.000000,-0.009380,-0.040712,0.055132,9.801661,0.066047,0.027697,-0.029828
5.156874,574.676688,body,138.650387,0.000000,-0.004020,-133.984018,0.000000,-0.002680,141.414621,0.000000,-0.006700,-127.374095,0.000000,-0.009380,-0.015598,0.029921,9.786064,0.064980,0.027697,-0.030892
5.166912,574.686282,body,138.650387,0.000000,-0.004020,-133.984018,0.000000,-0.002680,141.414621,0.000000,-0.006700,-127.374095,0.000000,-0.009380,-0.011968,0.039534,9.764482,0.063916,0.028761,-0.033023
5.176732,574.695896,body,138.650387,0.000000,-0.004020,-133.985552,0.000000,-0.002680,141.414621,0.000000,-0.006700,-127.374095,0.000000,-0.009380,-0.021582,0.069455,9.780080,0.064980,0.027697,-0.030892
5.186668,574.705089,body,138.648854,0.000000,-0.004020,-133.985552,0.000000,-0.002680,141.414621,0.000000,-0.006700,-127.374095,0.000000,-0.009380,-0.029921,0.070632,9.781257,0.066047,0.028761,-0.029828
5.196535,574.715032,body,138.648854,0.000000,-0.004020,-133.984018,0.000000,-0.002680,141.414621,0.000000,-0.006700,-127.374095,0.000000,-0.009380,-0.032373,0.068278,9.786064,0.067111,0.027697,-0.030892
5.206760,574.724495,body,138.650387,0.000000,-0.004020,-133.984018,0.000000,-0.002680,141.414621,0.000000,-0.006700,-127.374095,0.000000,-0.009380,-0.014323,0.049050,9.771643,0.063916,0.028761,-0.031959
5.216495,574.734060,body,138.650387,0.000000,-0.004020,-133.984018,0.000000,-0.002680,141.416155,0.000000,-0.006700,-127.374095,0.000000,-0.009380,-0.020405,0.025114,9.764482,0.064980,0.028761,-0.030892
5.226802,574.743326,body,138.650387,0.000000,-0.004020,-133.984018,0.000000,-0.002680,141.414621,0.000000,-0.006700,-127.374095,0.000000,-0.009380,-0.001177,0.055132,9.781257,0.063916,0.027697,-0.029828
5.236771,574.762603,body,138.650387,0.000000,-0.004020,-133.985552,0.000000,-0.002680,141.414621,0.000000,-0.006700,-127.374095,0.000000,-0.009380,-0.025114,0.071809,9.777627,0.067111,0.028761,-0.029828
5.246524,574.772011,body,138.648854,0.000000,-0.004020,-133.984018,0.000000,-0.002680,141.414621,0.000000,-0.006700,-127.374095,0.000000,-0.009380,-0.026389,0.057487,9.777627,0.064980,0.028761,-0.030892
5.256524,574.781480,body,138.648854,0.000000,-0.004020,-133.985552,0.000000,-0.002680,141.414621,0.000000,-0.006700,-127.374095,0.000000,-0.009380,-0.031098,0.037082,9.778902,0.062851,0.027697,-0.030892
5.266813,574.791266,body,138.648854,0.000000,-0.004020,-133.984018,0.000000,-0.002680,141.416155,0.000000,-0.006700,-127.374095,0.000000,-0.009380,-0.028743,0.023936,9.792048,0.063916,0.027697,-0.030892
5.276522,574.800987,body,138.650387,0.000000,-0.004020,-133.984018,0.000000,-0.002680,141.414621,0.000000,-0.006700,-127.374095,0.000000,-0.009380,-0.035905,0.077793,9.806370,0.062851,0.027697,-0.030892
5.286606,574.810478,body,138.650387,0.000000,-0.004020,-133.984018,0.000000,-0.002680,141.416155,0.000000,-0.006700,-127.374095,0.000000,-0.009380,-0.067100,0.059841,9.795677,0.064980,0.028761,-0.030892
5.296832,574.819889,body,138.650387,0.000000,-0.004020,-133.984018,0.000000,-0.002680,141.414621,0.000000,-0.006700,-127.374095,0.000000,-0.009380,-0.055132,0.068278,9.778902,0.066047,0.026632,-0.029828
5.306898,574.829365,body,138.650387,0.000000,-0.004020,-133.984018,0.000000,-0.002680,141.416155,0.000000,-0.006700,-127.374095,0.000000,-0.009380,-0.010791,0.053857,9.774095,0.064980,0.023436,-0.029828
5.316432,574.838939,body,138.650387,0.000000,-0.004020,-133.985552,0.000000,-0.002680,141.414621,0.000000,-0.006700,-127.374095,0.000000,-0.009380,0.015598,0.032373,9.768111,0.064980,0.024501,-0.029828
5.326646,574.848344,body,138.650387,0.000000,-0.004020,-133.985552,0.000000,-0.002680,141.416155,0.000000,-0.006700,-127.374095,0.000000,-0.009380,-0.015598,0.043066,9.792048,0.063916,0.026632,-0.030892
5.336545,574.858234,body,138.650387,0.000000,-0.004020,-133.985552,0.000000,-0.002680,141.414621,0.000000,-0.006700,-127.374095,0.000000,-0.009380,-0.050325,0.046696,9.786064,0.064980,0.030892,-0.031959
5.346585,574.867494,body,138.650387,0.000000,-0.004020,-133.984018,0.000000,-0.002680,141.416155,0.000000,-0.006700,-127.375629,0.000000,-0.009380,-0.055132,0.081423,9.792048,0.062851,0.029828,-0.031959
5.356569,574.877174,body,138.650387,0.000000,-0.004020,-133.984018,0.000000,-0.002680,141.414621,0.000000,-0.006700,-127.374095,0.000000,-0.009380,-0.029921,0.092214,9.786064,0.061785,0.026632,-0.031959
5.366738,574.886784,body,138.648854,0.000000,-0.004020,-133.984018,0.000000,-0.002680,141.414621,0.000000,-0.006700,-127.374095,0.000000,-0.009380,-0.008339,0.056309,9.794402,0.062851,0.027697,-0.033023
5.376731,574.896220,body,138.650387,0.000000,-0.004020,-133.985552,0.000000,-0.002680,141.414621,0.000000,-0.006700,-127.374095,0.000000,-0.009380,-0.013145,0.022759,9.759675,0.062851,0.027697,-0.031959
5.386728,574.905700,body,138.650387,0.000000,-0.004020,-133.984018,0.000000,-0.002680,141.414621,0.000000,-0.006700,-127.374095,0.000000,-0.009380,-0.020405,0.047873,9.787241,0.061785,0.028761,-0.030892
5.396770,574.915485,body,138.650387,0.000000,-0.004020,-133.984018,0.000000,-0.002680,141.414621,0.000000,-0.006700,-127.374095,0.000000,-0.009380,-0.020405,0.068278,9.786064,0.063916,0.027697,-0.031959
5.406498,574.925106,body,138.650387,0.000000,-0.004020,-133.984018,0.000000,-0.002680,141.414621,0.000000,-0.006700,-127.374095,0.000000,-0.009380,-0.035905,0.073085,9.802839,0.062851,0.027697,-0.033023
5.416878,574.934432,body,138.650387,0.000000,-0.004020,-133.984018,0.000000,-0.002680,141.414621,0.000000,-0.006700,-127.374095,0.000000,-0.009380,-0.037082,0.045518,9.784886,0.063916,0.027697,-0.031959
5.426589,574.944007,body,138.650387,0.000000,-0.004020,-133.985552,0.000000,-0.002680,141.414621,0.000000,-0.006700,-127.374095,0.000000,-0.009380,-0.016775,0.041889,9.759675,0.063916,0.027697,-0.030892
5.436782,574.953638,body,138.650387,0.000000,-0.004020,-133.985552,0.000000,-0.002680,141.414621,0.000000,-0.006700,-127.374095,0.000000,-0.009380,-0.020405,0.035905,9.771643,0.063916,0.025566,-0.030892
5.446770,574.963111,body,138.648854,0.000000,-0.004020,-133.985552,0.000000,-0.002680,141.414621,0.000000,-0.006700,-127.374095,0.000000,-0.009380,-0.013145,0.061116,9.787241,0.066047,0.027697,-0.030892
5.456477,574.972503,body,138.648854,0.000000,-0.004020,-133.984018,0.000000,-0.002680,141.414621,0.000000,-0.006700,-127.374095,0.000000,-0.009380,-0.013145,0.063471,9.782434,0.066047,0.029828,-0.030892
5.466650,574.982188,body,138.650387,0.000000,-0.004020,-133.984018,0.000000,-0.002680,141.414621,0.000000,-0.006700,-127.374095,0.000000,-0.009380,-0.025114,0.058664,9.771643,0.064980,0.029828,-0.031959
5.476961,575.001449,body,138.650387,0.000000,-0.004020,-133.984018,0.000000,-0.002680,141.416155,0.000000,-0.006700,-127.374095,0.000000,-0.009380,0.017952,0.044341,9.802839,0.062851,0.028761,-0.034088
5.486604,575.011010,body,138.650387,0.000000,-0.004020,-133.984018,0.000000,-0.002680,141.414621,0.000000,-0.006700,-127.374095,0.000000,-0.009380,-0.017952,-0.015598,9.718963,0.062851,0.031959,-0.034088
5.496532,575.020590,body,138.650387,0.000000,-0.004020,-133.985552,0.000000,-0.002680,141.414621,0.000000,-0.006700,-127.374095,0.000000,-0.009380,-0.053857,0.083777,9.799209,0.061785,0.025566,-0.033023
5.506831,575.030007,body,138.650387,0.000000,-0.004020,-133.984018,0.000000,-0.002680,141.416155,0.000000,-0.006700,-127.374095,0.000000,-0.009380,-0.020405,0.068278,9.831582,0.064980,0.019174,-0.028761
5.516876,575.039639,body,138.648854,0.000000,-0.004020,-133.984018,0.000000,-0.002680,141.414621,0.000000,-0.006700,-127.374095,0.000000,-0.009380,0.015598,0.071809,9.784886,0.064980,0.022370,-0.030892
5.526877,575.048984,body,138.650387,0.000000,-0.004020,-133.985552,0.000000,-0.002680,141.414621,0.000000,-0.006700,-127.374095,0.000000,-0.009380,0.014323,0.040712,9.751336,0.062851,0.028761,-0.031959
5.536455,575.058417,body,138.650387,0.000000,-0.004020,-133.984018,0.000000,-0.002680,141.414621,0.000000,-0.006700,-127.374095,0.000000,-0.009380,-0.045518,-0.002354,9.766934,0.063916,0.030892,-0.033023
5.546909,575.068266,body,138.650387,0.000000,-0.004020,-133.984018,0.000000,-0.002680,141.416155,0.000000,-0.006700,-127.374095,0.000000,-0.009380,-0.045518,0.052680,9.784886,0.061785,0.026632,-0.034088
5.556628,575.077571,body,138.650387,0.000000,-0.004020,-133.985552,0.000000,-0.002680,141.414621,0.000000,-0.006700,-127.374095,0.000000,-0.009380,-0.064648,0.111344,9.811177,0.061785,0.023436,-0.033023
5.566522,575.087079,body,138.650387,0.000000,-0.004020,-133.984018,0.000000,-0.002680,141.414621,0.000000,-0.006700,-127.374095,0.000000,-0.009380,-0.022759,0.065825,9.799209,0.063916,0.025566,-0.031959
5.576818,575.096622,body,138.650387,0.000000,-0.004020,-133.984018,0.000000,-0.002680,141.414621,0.000000,-0.006700,-127.374095,0.000000,-0.009380,0.002354,0.025114,9.764482,0.063916,0.027697,-0.029828
5.586538,575.106340,body,138.648854,0.000000,-0.004020,-133.984018,0.000000,-0.002680,141.414621,0.000000,-0.006700,-127.374095,0.000000,-0.009380,-0.027566,0.028743,9.748884,0.064980,0.027697,-0.031959
5.596554,575.115918,body,138.650387,0.000000,-0.004020,-133.984018,0.000000,-0.002680,141.416155,0.000000,-0.006700,-127.374095,0.000000,-0.009380,-0.038357,0.065825,9.793225,0.066047,0.024501,-0.030892
5.606757,575.125286,body,138.650387,0.000000,-0.004020,-133.984018,0.000000,-0.002680,141.416155,0.000000,-0.006700,-127.374095,0.000000,-0.009380,-0.032373,0.104182,9.835114,0.066047,0.024501,-0.029828
5.616809,575.135185,body,138.650387,0.000000,-0.004020,-133.984018,0.000000,-0.002680,141.414621,0.000000,-0.006700,-127.374095,0.000000,-0.009380,-0.059841,0.049050,9.805193,0.064980,0.025566,-0.030892
5.626673,575.144721,body,138.650387,0.000000,-0.004020,-133.984018,0.000000,-0.002680,141.416155,0.000000,-0.006700,-127.374095,0.000000,-0.009380,0.005984,-0.021582,9.790871,0.062851,0.027697,-0.030892
5.637038,575.153983,body,138.650387,0.000000,-0.004020,-133.985552,0.000000,-0.002680,141.416155,0.000000,-0.006700,-127.374095,0.000000,-0.009380,0.017952,0.029921,9.739368,0.063916,0.030892,-0.031959
5.646650,575.163658,body,138.650387,0.000000,-0.004020,-133.984018,0.000000,-0.002680,141.414621,0.000000,-0.006700,-127.374095,0.000000,-0.009380,-0.035905,0.108989,9.787241,0.063916,0.028761,-0.031959
5.656826,575.173187,body,138.650387,0.000000,-0.004020,-133.984018,0.000000,-0.002680,141.416155,0.000000,-0.006700,-127.374095,0.000000,-0.009380,-0.028743,0.088584,9.811177,0.063916,0.026632,-0.031959
5.666859,575.182599,body,138.650387,0.000000,-0.004020,-133.984018,0.000000,-0.002680,141.414621,0.000000,-0.006700,-127.374095,0.000000,-0.009380,-0.026389,0.044341,9.796855,0.061785,0.026632,-0.031959
5.676581,575.201760,body,138.650387,0.000000,-0.004020,-133.984018,0.000000,-0.002680,141.414621,0.000000,-0.006700,-127.374095,0.000000,-0.009380,0.033550,0.003630,9.760950,0.061785,0.029828,-0.031959
5.686930,575.211300,body,138.650387,0.000000,-0.004020,-133.984018,0.000000,-0.002680,141.414621,0.000000,-0.006700,-127.374095,0.000000,-0.009380,-0.016775,0.057487,9.799209,0.063916,0.030892,-0.031959
5.696483,575.220958,body,138.650387,0.000000,-0.004020,-133.984018,0.000000,-0.002680,141.414621,0.000000,-0.006700,-127.374095,0.000000,-0.009380,-0.045518,0.080246,9.814807,0.063916,0.030892,-0.033023
5.706796,575.230477,body,138.648854,0.000000,-0.004020,-133.984018,0.000000,-0.002680,141.414621,0.000000,-0.006700,-127.374095,0.000000,-0.009380,-0.065825,0.076616,9.776450,0.063916,0.029828,-0.031959
5.716497,575.239936,body,138.650387,0.000000,-0.004020,-133.984018,0.000000,-0.002680,141.414621,0.000000,-0.006700,-127.374095,0.000000,-0.009380,-0.026389,0.049050,9.772918,0.066047,0.026632,-0.029828
5.726914,575.249655,body,138.648854,0.000000,-0.004020,-133.984018,0.000000,-0.002680,141.416155,0.000000,-0.006700,-127.374095,0.000000,-0.009380,-0.003630,0.032373,9.788418,0.064980,0.023436,-0.029828
5.736706,575.258940,body,138.650387,0.000000,-0.004020,-133.984018,0.000000,-0.002680,141.416155,0.000000,-0.006700,-127.374095,0.000000,-0.009380,-0.019130,0.061116,9.792048,0.063916,0.023436,-0.030892
5.746786,575.268857,body,138.650387,0.000000,-0.004020,-133.985552,0.000000,-0.002680,141.416155,0.000000,-0.006700,-127.374095,0.000000,-0.009380,-0.032373,0.073085,9.772918,0.062851,0.023436,-0.030892
5.756822,575.278081,body,138.650387,0.000000,-0.004020,-133.984018,0.000000,-0.002680,141.414621,0.000000,-0.006700,-127.374095,0.000000,-0.009380,-0.011968,0.059841,9.796855,0.062851,0.022370,-0.031959
5.766555,575.287781,body,138.650387,0.000000,-0.004020,-133.984018,0.000000,-0.002680,141.416155,0.000000,-0.006700,-127.374095,0.000000,-0.009380,-0.023936,0.013145,9.795677,0.063916,0.023436,-0.030892
5.776578,575.297376,body,138.650387,0.000000,-0.004020,-133.984018,0.000000,-0.002680,141.416155,0.000000,-0.006700,-127.374095,0.000000,-0.009380,-0.031098,0.029921,9.777627,0.063916,0.027697,-0.030892
5.786467,575.306782,body,138.650387,0.000000,-0.004020,-133.984018,0.000000,-0.002680,141.414621,0.000000,-0.006700,-127.375629,0.000000,-0.009380,-0.019130,0.058664,9.776450,0.063916,0.025566,-0.031959
5.796494,575.316323,body,138.650387,0.000000,-0.004020,-133.984018,0.000000,-0.002680,141.416155,0.000000,-0.006700,-127.374095,0.000000,-0.009380,0.032373,0.043066,9.751336,0.063916,0.022370,-0.030892
5.806654,575.325897,body,138.650387,0.000000,-0.004020,-133.984018,0.000000,-0.002680,141.416155,0.000000,-0.006700,-127.374095,0.000000,-0.009380,0.062294,0.051503,9.747707,0.063916,0.020241,-0.033023
5.816663,575.335335,body,138.648854,0.000000,-0.004020,-133.984018,0.000000,-0.002680,141.416155,0.000000,-0.006700,-127.374095,0.000000,-0.009380,0.047873,0.041889,9.787241,0.064980,0.021305,-0.033023
5.826486,575.344905,body,138.650387,0.000000,-0.004020,-133.984018,0.000000,-0.002680,141.416155,0.000000,-0.006700,-127.374095,0.000000,-0.009380,-0.026389,0.040712,9.827952,0.061785,0.027697,-0.034088
5.836544,575.354428,body,138.650387,0.000000,-0.004020,-133.984018,0.000000,-0.002680,141.416155,0.000000,-0.006700,-127.374095,0.000000,-0.009380,-0.226317,0.155685,9.799209,0.062851,0.029828,-0.036219
5.846840,575.364011,body,138.650387,0.000000,-0.004020,-133.985552,0.000000,-0.002680,141.416155,0.000000,-0.006700,-127.374095,0.000000,-0.009380,0.032373,0.027566,9.782434,0.063916,0.025566,-0.034088
5.856861,575.373586,body,138.650387,0.000000,-0.004020,-133.985552,0.000000,-0.002680,141.416155,0.000000,-0.006700,-127.374095,0.000000,-0.009380,0.070632,0.022759,9.783611,0.062851,0.020241,-0.033023
5.866551,575.383240,body,138.650387,0.000000,-0.004020,-133.984018,0.000000,-0.002680,141.416155,0.000000,-0.006700,-127.374095,0.000000,-0.009380,0.022759,0.046696,9.796855,0.063916,0.023436,-0.030892
5.876807,575.392759,body,138.650387,0.000000,-0.004020,-133.985552,0.000000,-0.002680,141.416155,0.000000,-0.006700,-127.374095,0.000000,-0.009380,-0.076616,0.077793,9.831582,0.062851,0.033023,-0.030892
5.886965,575.411723,body,138.650387,0.000000,-0.004020,-133.984018,0.000000,-0.002680,141.416155,0.000000,-0.006700,-127.374095,0.000000,-0.009380,-0.050325,0.104182,9.778902,0.062851,0.027697,-0.034088
5.896503,575.421586,body,138.650387,0.000000,-0.004020,-133.985552,0.000000,-0.002680,141.416155,0.000000,-0.006700,-127.374095,0.000000,-0.009380,-0.021582,0.067100,9.783611,0.063916,0.025566,-0.031959
5.906883,575.431060,body,138.650387,0.000000,-0.004020,-133.985552,0.000000,-0.002680,141.416155,0.000000,-0.006700,-127.374095,0.000000,-0.009380,0.007161,0.063471,9.827952,0.062851,0.026632,-0.031959
5.916816,575.440728,body,138.650387,0.000000,-0.004020,-133.984018,0.000000,-0.002680,141.414621,0.000000,-0.006700,-127.374095,0.000000,-0.009380,0.002354,0.021582,9.788418,0.061785,0.035154,-0.030892
5.926901,575.449960,body,138.650387,0.000000,-0.004020,-133.985552,0.000000,-0.002680,141.416155,0.000000,-0.006700,-127.374095,0.000000,-0.009380,-0.021582,0.002354,9.772918,0.063916,0.042610,-0.030892
5.936786,575.459624,body,138.650387,0.000000,-0.004020,-133.985552,0.000000,-0.002680,141.416155,0.000000,-0.006700,-127.374095,0.000000,-0.009380,-0.055132,0.061116,9.776450,0.063916,0.041546,-0.034088
5.946721,575.469110,body,138.650387,0.000000,-0.004020,-133.984018,0.000000,-0.002680,141.416155,0.000000,-0.006700,-127.374095,0.000000,-0.009380,-0.057487,0.092214,9.748884,0.063916,0.035154,-0.031959
5.956695,575.478723,body,138.650387,0.000000,-0.004020,-133.984018,0.000000,-0.002680,141.416155,0.000000,-0.006700,-127.374095,0.000000,-0.009380,0.039534,0.118505,9.812354,0.063916,0.030892,-0.027697
5.966612,575.488240,body,138.650387,0.000000,-0.004020,-133.984018,0.000000,-0.002680,141.414621,0.000000,-0.006700,-127.374095,0.000000,-0.009380,0.059841,0.020405,9.742900,0.067111,0.035154,-0.027697
5.976834,575.497991,body,138.650387,0.000000,-0.004020,-133.984018,0.000000,-0.002680,141.416155,0.000000,-0.006700,-127.374095,0.000000,-0.009380,-0.088584,-0.026389,9.709448,0.066047,0.039415,-0.028761
5.986868,575.507411,body,138.650387,0.000000,-0.004020,-133.984018,0.000000,-0.002680,141.416155,0.000000,-0.006700,-127.374095,0.000000,-0.009380,-0.160492,0.056309,9.914182,0.064980,0.037284,-0.030892
5.996830,575.516895,body,138.650387,0.000000,-0.004020,-133.984018,0.000000,-0.002680,141.416155,0.000000,-0.006700,-127.374095,0.000000,-0.009380,-0.026389,0.059841,9.760950,0.063916,0.034088,-0.030892
6.006465,575.526634,body,138.650387,0.000000,-0.004020,-133.984018,0.000000,-0.002680,141.416155,0.000000,-0.006700,-127.374095,0.000000,-0.009380,0.009614,0.053857,9.703463,0.060720,0.029828,-0.034088
6.016533,575.535894,body,138.650387,0.000000,-0.004020,-133.984018,0.000000,-0.002680,141.414621,0.000000,-0.006700,-127.374095,0.000000,-0.009380,-0.002354,0.056309,9.789595,0.063916,0.027697,-0.030892
6.026667,575.545426,body,138.650387,0.000000,-0.004020,-133.984018,0.000000,-0.002680,141.416155,0.000000,-0.006700,-127.374095,0.000000,-0.009380,-0.014323,0.045518,9.827952,0.066047,0.031959,-0.030892
6.036841,575.555095,body,138.650387,0.000000,-0.004020,-133.984018,0.000000,-0.002680,141.414621,0.000000,-0.006700,-127.374095,0.000000,-0.009380,-0.083777,0.092214,9.748884,0.066047,0.030892,-0.030892
6.046901,575.564659,body,138.650387,0.000000,-0.004020,-133.985552,0.000000,-0.002680,141.416155,0.000000,-0.006700,-127.374095,0.000000,-0.009380,0.021582,0.023936,9.805193,0.066047,0.030892,-0.028761
6.056784,575.574216,body,138.650387,0.000000,-0.004020,-133.984018,0.000000,-0.002680,141.416155,0.000000,-0.006700,-127.374095,0.000000,-0.009380,0.021582,0.003630,9.726223,0.064980,0.031959,-0.031959
6.067026,575.583857,body,138.650387,0.000000,-0.004020,-133.985552,0.000000,-0.002680,141.416155,0.000000,-0.006700,-127.374095,0.000000,-0.009380,-0.041889,0.071809,9.782434,0.062851,0.027697,-0.031959
6.076901,575.593213,body,138.650387,0.000000,-0.004020,-133.984018,0.000000,-0.002680,141.414621,0.000000,-0.006700,-127.374095,0.000000,-0.009380,-0.056309,0.061116,9.799209,0.063916,0.024501,-0.030892
6.086472,575.602836,body,138.650387,0.000000,-0.004020,-133.984018,0.000000,-0.002680,141.416155,0.000000,-0.006700,-127.374095,0.000000,-0.009380,-0.037082,0.074262,9.831582,0.063916,0.025566,-0.029828
6.096571,575.612493,body,138.650387,0.000000,-0.004020,-133.984018,0.000000,-0.002680,141.416155,0.000000,-0.006700,-127.374095,0.000000,-0.009380,-0.025114,0.035905,9.801661,0.066047,0.029828,-0.031959
6.106632,575.631530,body,138.650387,0.000000,-0.004020,-133.984018,0.000000,-0.002680,141.416155,0.000000,-0.006700,-127.374095,0.000000,-0.009380,-0.045518,0.077793,9.789595,0.062851,0.027697,-0.033023
6.116649,575.641268,body,138.650387,0.000000,-0.004020,-133.984018,0.000000,-0.002680,141.414621,0.000000,-0.006700,-127.374095,0.000000,-0.009380,-0.051503,0.086230,9.817161,0.062851,0.026632,-0.031959
6.126699,575.650474,body,138.650387,0.000000,-0.004020,-133.984018,0.000000,-0.002680,141.416155,0.000000,-0.006700,-127.374095,0.000000,-0.009380,-0.044341,0.067100,9.808823,0.063916,0.027697,-0.030892
6.136731,575.660353,body,138.650387,0.000000,-0.004020,-133.984018,0.000000,-0.002680,141.416155,0.000000,-0.006700,-127.374095,0.000000,-0.009380,-0.029921,0.043066,9.789595,0.064980,0.029828,-0.030892
6.146794,575.669635,body,138.650387,0.000000,-0.004020,-133.984018,0.000000,-0.002680,141.414621,0.000000,-0.006700,-127.374095,0.000000,-0.009380,-0.013145,0.008339,9.775273,0.063916,0.028761,-0.031959
6.156828,575.679331,body,138.650387,0.000000,-0.004020,-133.984018,0.000000,-0.002680,141.414621,0.000000,-0.006700,-127.374095,0.000000,-0.009380,-0.023936,0.031098,9.786064,0.063916,0.027697,-0.033023
6.166868,575.688911,body,138.650387,0.000000,-0.004020,-133.984018,0.000000,-0.002680,141.416155,0.000000,-0.006700,-127.374095,0.000000,-0.009380,-0.035905,0.093391,9.793225,0.066047,0.028761,-0.033023
6.176911,575.698289,body,138.648854,0.000000,-0.004020,-133.984018,0.000000,-0.002680,141.416155,0.000000,-0.006700,-127.374095,0.000000,-0.009380,-0.033550,0.069455,9.805193,0.066047,0.029828,-0.029828
6.186486,575.707977,body,138.650387,0.000000,-0.004020,-133.984018,0.000000,-0.002680,141.416155,0.000000,-0.006700,-127.374095,0.000000,-0.009380,-0.034727,0.033550,9.781257,0.064980,0.028761,-0.031959
6.196496,575.717405,body,138.650387,0.000000,-0.004020,-133.984018,0.000000,-0.002680,141.414621,0.000000,-0.006700,-127.374095,0.000000,-0.009380,-0.003630,0.011968,9.758498,0.062851,0.027697,-0.034088
6.206540,575.727038,body,138.650387,0.000000,-0.004020,-133.984018,0.000000,-0.002680,141.414621,0.000000,-0.006700,-127.374095,0.000000,-0.009380,-0.009614,0.035905,9.768111,0.060720,0.026632,-0.033023
6.216588,575.736678,body,138.650387,0.000000,-0.004020,-133.984018,0.000000,-0.002680,141.414621,0.000000,-0.006700,-127.374095,0.000000,-0.009380,-0.014323,0.062294,9.788418,0.060720,0.027697,-0.031959
6.226624,575.746306,body,138.650387,0.000000,-0.004020,-133.984018,0.000000,-0.002680,141.414621,0.000000,-0.006700,-127.374095,0.000000,-0.009380,-0.035905,0.062294,9.778902,0.062851,0.028761,-0.030892
6.236659,575.755652,body,138.650387,0.000000,-0.004020,-133.984018,0.000000,-0.002680,141.414621,0.000000,-0.006700,-127.374095,0.000000,-0.009380,-0.041889,0.047873,9.794402,0.066047,0.028761,-0.029828
6.246718,575.765273,body,138.650387,0.000000,-0.004020,-133.984018,0.000000,-0.002680,141.416155,0.000000,-0.006700,-127.374095,0.000000,-0.009380,-0.033550,0.043066,9.792048,0.064980,0.028761,-0.029828
6.256803,575.774955,body,138.648854,0.000000,-0.004020,-133.984018,0.000000,-0.002680,141.414621,0.000000,-0.006700,-127.374095,0.000000,-0.009380,-0.007161,0.045518,9.789595,0.063916,0.028761,-0.029828
6.266861,575.784219,body,138.648854,0.000000,-0.004020,-133.985552,0.000000,-0.002680,141.414621,0.000000,-0.006700,-127.374095,0.000000,-0.009380,-0.031098,0.068278,9.796855,0.066047,0.028761,-0.030892
6.276922,575.794039,body,138.650387,0.000000,-0.004020,-133.984018,0.000000,-0.002680,141.416155,0.000000,-0.006700,-127.374095,0.000000,-0.009380,-0.023936,0.069455,9.794402,0.067111,0.030892,-0.030892
6.286433,575.803268,body,138.650387,0.000000,-0.004020,-133.984018,0.000000,-0.002680,141.416155,0.000000,-0.006700,-127.374095,0.000000,-0.009380,-0.038357,0.046696,9.798032,0.064980,0.028761,-0.029828
6.296480,575.812926,body,138.650387,0.000000,-0.004020,-133.984018,0.000000,-0.002680,141.414621,0.000000,-0.006700,-127.374095,0.000000,-0.009380,-0.043066,0.044341,9.802839,0.064980,0.028761,-0.030892
6.306514,575.822691,body,138.650387,0.000000,-0.004020,-133.984018,0.000000,-0.002680,141.416155,0.000000,-0.006700,-127.374095,0.000000,-0.009380,-0.014323,0.053857,9.804016,0.066047,0.028761,-0.029828
6.316756,575.841735,body,138.650387,0.000000,-0.004020,-133.984018,0.000000,-0.002680,141.416155,0.000000,-0.006700,-127.374095,0.000000,-0.009380,-0.050325,0.059841,9.805193,0.064980,0.029828,-0.029828
6.326772,575.851221,body,138.650387,0.000000,-0.004020,-133.984018,0.000000,-0.002680,141.414621,0.000000,-0.006700,-127.374095,0.000000,-0.009380,-0.043066,0.056309,9.786064,0.063916,0.029828,-0.030892
6.336538,575.860777,body,138.650387,0.000000,-0.004020,-133.984018,0.000000,-0.002680,141.414621,0.000000,-0.006700,-127.374095,0.000000,-0.009380,-0.028743,0.053857,9.790871,0.064980,0.028761,-0.030892
6.346689,575.870406,body,138.650387,0.000000,-0.004020,-133.984018,0.000000,-0.002680,141.414621,0.000000,-0.006700,-127.374095,0.000000,-0.009380,-0.021582,0.051503,9.782434,0.067111,0.028761,-0.028761
6.356753,575.879670,body,138.650387,0.000000,-0.004020,-133.984018,0.000000,-0.002680,141.416155,0.000000,-0.006700,-127.374095,0.000000,-0.009380,0.010791,0.049050,9.769289,0.064980,0.026632,-0.029828
6.366744,575.889234,body,138.650387,0.000000,-0.004020,-133.984018,0.000000,-0.002680,141.414621,0.000000,-0.006700,-127.374095,0.000000,-0.009380,-0.020405,0.043066,9.776450,0.061785,0.027697,-0.031959
6.376845,575.898854,body,138.650387,0.000000,-0.004020,-133.984018,0.000000,-0.002680,141.414621,0.000000,-0.006700,-127.374095,0.000000,-0.009380,-0.022759,0.035905,9.784886,0.063916,0.027697,-0.031959
6.386499,575.908564,body,138.650387,0.000000,-0.004020,-133.984018,0.000000,-0.002680,141.414621,0.000000,-0.006700,-127.374095,0.000000,-0.009380,0.008339,0.045518,9.783611,0.063916,0.028761,-0.029828
6.396888,575.918072,body,138.650387,0.000000,-0.004020,-133.984018,0.000000,-0.002680,141.416155,0.000000,-0.006700,-127.374095,0.000000,-0.009380,-0.005984,0.055132,9.764482,0.062851,0.027697,-0.031959
6.406448,575.927610,body,138.650387,0.000000,-0.004020,-133.984018,0.000000,-0.002680,141.414621,0.000000,-0.006700,-127.374095,0.000000,-0.009380,-0.010791,0.052680,9.781257,0.061785,0.026632,-0.033023
6.416473,575.937236,body,138.650387,0.000000,-0.004020,-133.985552,0.000000,-0.002680,141.414621,0.000000,-0.006700,-127.374095,0.000000,-0.009380,-0.011968,0.040712,9.778902,0.063916,0.026632,-0.033023
6.426744,575.946775,body,138.650387,0.000000,-0.004020,-133.984018,0.000000,-0.002680,141.416155,0.000000,-0.006700,-127.374095,0.000000,-0.009380,-0.013145,0.033550,9.762127,0.063916,0.027697,-0.034088
6.436800,575.956116,body,138.650387,0.000000,-0.004020,-133.984018,0.000000,-0.002680,141.414621,0.000000,-0.006700,-127.374095,0.000000,-0.009380,-0.020405,0.035905,9.766934,0.061785,0.027697,-0.033023
6.446718,575.965649,body,138.650387,0.000000,-0.004020,-133.984018,0.000000,-0.002680,141.416155,0.000000,-0.006700,-127.374095,0.000000,-0.009380,-0.017952,0.051503,9.792048,0.061785,0.026632,-0.031959
6.456761,575.975219,body,138.650387,0.000000,-0.004020,-133.984018,0.000000,-0.002680,141.416155,0.000000,-0.006700,-127.374095,0.000000,-0.009380,-0.041889,0.052680,9.789595,0.061785,0.025566,-0.030892
6.466790,575.985033,body,138.650387,0.000000,-0.004020,-133.984018,0.000000,-0.002680,141.416155,0.000000,-0.006700,-127.374095,0.000000,-0.009380,-0.020405,0.041889,9.790871,0.064980,0.028761,-0.030892
6.476955,575.994277,body,138.650387,0.000000,-0.004020,-133.984018,0.000000,-0.002680,141.416155,0.000000,-0.006700,-127.374095,0.000000,-0.009380,-0.044341,0.051503,9.775273,0.064980,0.028761,-0.031959
6.486470,576.003987,body,138.650387,0.000000,-0.004020,-133.985552,0.000000,-0.002680,141.414621,0.000000,-0.006700,-127.374095,0.000000,-0.009380,-0.032373,0.051503,9.793225,0.063916,0.027697,-0.033023
6.497126,576.013477,body,138.650387,0.000000,-0.004020,-133.985552,0.000000,-0.002680,141.416155,0.000000,-0.006700,-127.374095,0.000000,-0.009380,-0.032373,0.059841,9.790871,0.062851,0.025566,-0.031959
6.506584,576.022950,body,138.650387,0.000000,-0.004020,-133.984018,0.000000,-0.002680,141.416155,0.000000,-0.006700,-127.374095,0.000000,-0.009380,-0.067100,0.077793,9.820791,0.061785,0.026632,-0.033023
6.516507,576.042161,body,138.650387,0.000000,-0.004020,-133.984018,0.000000,-0.002680,141.416155,0.000000,-0.006700,-127.374095,0.000000,-0.009380,0.035905,-0.152055,9.748884,0.070307,0.033023,-0.018110
6.526772,576.051775,body,138.650387,0.000000,-0.004020,-133.984018,0.000000,-0.002680,141.414621,0.000000,-0.006700,-127.374095,0.000000,-0.009380,-0.082600,0.208364,9.898584,0.062851,0.029828,-0.029828
6.536810,576.061112,body,138.650387,0.000000,-0.004020,-133.984018,0.000000,-0.002680,141.414621,0.000000,-0.006700,-127.374095,0.000000,-0.009380,-0.116150,0.202380,9.813630,0.064980,0.028761,-0.035154
6.546756,576.070689,body,138.648854,0.000000,-0.004020,-133.984018,0.000000,-0.002680,141.414621,0.000000,-0.006700,-127.375629,0.000000,-0.009380,-0.028743,0.001177,9.766934,0.067111,0.028761,-0.033023
6.556790,576.080332,body,138.650387,0.000000,-0.004020,-133.984018,0.000000,-0.002680,141.416155,0.000000,-0.006700,-127.374095,0.000000,-0.009380,-0.025114,-0.051503,9.741722,0.064980,0.027697,-0.027697
6.566852,576.090054,body,138.650387,0.000000,-0.004020,-133.985552,0.000000,-0.002680,141.416155,0.000000,-0.006700,-127.374095,0.000000,-0.009380,0.005984,-0.015598,9.759675,0.064980,0.027697,-0.027697
6.576410,576.099493,body,138.650387,0.000000,-0.004020,-133.985552,0.000000,-0.002680,141.416155,0.000000,-0.006700,-127.374095,0.000000,-0.009380,-0.014323,0.129296,9.849534,0.063916,0.026632,-0.031959
6.586451,576.108914,body,138.650387,0.000000,-0.004020,-133.984018,0.000000,-0.002680,141.416155,0.000000,-0.006700,-127.374095,0.000000,-0.009380,-0.068278,0.143716,9.819614,0.062851,0.028761,-0.036219
6.596423,576.118728,body,138.650387,0.000000,-0.004020,-133.984018,0.000000,-0.002680,141.416155,0.000000,-0.006700,-127.374095,0.000000,-0.009380,-0.037082,0.029921,9.769289,0.062851,0.030892,-0.034088
6.606721,576.128262,body,138.650387,0.000000,-0.004020,-133.985552,0.000000,-0.002680,141.416155,0.000000,-0.006700,-127.374095,0.000000,-0.009380,-0.011968,-0.035905,9.724947,0.061785,0.027697,-0.030892
6.616613,576.137467,body,138.650387,0.000000,-0.004020,-133.984018,0.000000,-0.002680,141.416155,0.000000,-0.006700,-127.374095,0.000000,-0.009380,0.015598,0.038357,9.795677,0.062851,0.021305,-0.030892
6.626787,576.147071,body,138.650387,0.000000,-0.004020,-133.984018,0.000000,-0.002680,141.414621,0.000000,-0.006700,-127.374095,0.000000,-0.009380,-0.004807,0.080246,9.847082,0.062851,0.024501,-0.033023
6.637044,576.156578,body,138.650387,0.000000,-0.004020,-133.985552,0.000000,-0.002680,141.416155,0.000000,-0.006700,-127.374095,0.000000,-0.009380,-0.043066,0.062294,9.815984,0.064980,0.033023,-0.033023
6.646748,576.166091,body,138.650387,0.000000,-0.004020,-133.985552,0.000000,-0.002680,141.416155,0.000000,-0.006700,-127.374095,0.000000,-0.009380,-0.052680,0.040712,9.738191,0.062851,0.034088,-0.034088
6.656456,576.176030,body,138.650387,0.000000,-0.004020,-133.984018,0.000000,-0.002680,141.416155,0.000000,-0.006700,-127.374095,0.000000,-0.009380,-0.029921,0.046696,9.752513,0.062851,0.026632,-0.031959
6.666449,576.185325,body,138.650387,0.000000,-0.004020,-133.984018,0.000000,-0.002680,141.414621,0.000000,-0.006700,-127.374095,0.000000,-0.009380,-0.010791,0.080246,9.826775,0.063916,0.020241,-0.031959
6.676698,576.194821,body,138.650387,0.000000,-0.004020,-133.984018,0.000000,-0.002680,141.416155,0.000000,-0.006700,-127.374095,0.000000,-0.009380,-0.004807,0.079069,9.845905,0.061785,0.023436,-0.033023
6.686853,576.204389,body,138.650387,0.000000,-0.004020,-133.984018,0.000000,-0.002680,141.416155,0.000000,-0.006700,-127.374095,0.000000,-0.009380,-0.026389,0.014323,9.774095,0.062851,0.033023,-0.034088
6.696900,576.213845,body,138.648854,0.000000,-0.004020,-133.984018,0.000000,-0.002680,141.414621,0.000000,-0.006700,-127.374095,0.000000,-0.009380,-0.031098,0.020405,9.733384,0.063916,0.033023,-0.031959
6.706602,576.223649,body,138.650387,0.000000,-0.004020,-133.984018,0.000000,-0.002680,141.416155,0.000000,-0.006700,-127.374095,0.000000,-0.009380,-0.028743,0.080246,9.793225,0.063916,0.026632,-0.029828
6.716525,576.242625,body,138.650387,0.000000,-0.004020,-133.984018,0.000000,-0.002680,141.416155,0.000000,-0.006700,-127.374095,0.000000,-0.009380,-0.016775,0.075439,9.817161,0.066047,0.027697,-0.029828
6.726528,576.252249,body,138.650387,0.000000,-0.004020,-133.984018,0.000000,-0.002680,141.414621,0.000000,-0.006700,-127.374095,0.000000,-0.009380,-0.017952,0.001177,9.750159,0.064980,0.031959,-0.029828
6.737045,576.261914,body,138.650387,0.000000,-0.004020,-133.984018,0.000000,-0.002680,141.416155,0.000000,-0.006700,-127.374095,0.000000,-0.009380,-0.025114,0.000000,9.760950,0.064980,0.030892,-0.031959
6.746588,576.271347,body,138.650387,0.000000,-0.004020,-133.984018,0.000000,-0.002680,141.414621,0.000000,-0.006700,-127.374095,0.000000,-0.009380,-0.027566,0.075439,9.805193,0.061785,0.026632,-0.033023
6.756839,576.280810,body,138.650387,0.000000,-0.004020,-133.984018,0.000000,-0.002680,141.414621,0.000000,-0.006700,-127.374095,0.000000,-0.009380,-0.029921,0.130571,9.814807,0.063916,0.026632,-0.030892
6.766927,576.290474,body,138.650387,0.000000,-0.004020,-133.984018,0.000000,-0.002680,141.416155,0.000000,-0.006700,-127.374095,0.000000,-0.009380,-0.021582,0.073085,9.790871,0.066047,0.029828,-0.029828
6.776827,576.299914,body,138.648854,0.000000,-0.004020,-133.984018,0.000000,-0.002680,141.416155,0.000000,-0.006700,-127.374095,0.000000,-0.009380,-0.020405,0.007161,9.765659,0.066047,0.029828,-0.030892
6.786891,576.309497,body,138.650387,0.000000,-0.004020,-133.984018,0.000000,-0.002680,141.416155,0.000000,-0.006700,-127.374095,0.000000,-0.009380,-0.032373,0.011968,9.774095,0.064980,0.028761,-0.029828
6.796858,576.319051,body,138.650387,0.000000,-0.004020,-133.985552,0.000000,-0.002680,141.416155,0.000000,-0.006700,-127.374095,0.000000,-0.009380,-0.026389,0.061116,9.802839,0.064980,0.026632,-0.029828
6.806897,576.328823,body,138.650387,0.000000,-0.004020,-133.984018,0.000000,-0.002680,141.416155,0.000000,-0.006700,-127.374095,0.000000,-0.009380,-0.014323,0.089860,9.810000,0.066047,0.027697,-0.029828
6.816913,576.338283,body,138.650387,0.000000,-0.004020,-133.984018,0.000000,-0.002680,141.416155,0.000000,-0.006700,-127.374095,0.000000,-0.009380,-0.022759,0.065825,9.783611,0.064980,0.029828,-0.030892
6.827103,576.347751,body,138.650387,0.000000,-0.004020,-133.984018,0.000000,-0.002680,141.416155,0.000000,-0.006700,-127.374095,0.000000,-0.009380,-0.021582,0.026389,9.774095,0.066047,0.029828,-0.031959
6.836623,576.357436,body,138.650387,0.000000,-0.004020,-133.984018,0.000000,-0.002680,141.416155,0.000000,-0.006700,-127.374095,0.000000,-0.009380,-0.028743,0.038357,9.781257,0.064980,0.028761,-0.030892
6.846977,576.366706,body,138.650387,0.000000,-0.004020,-133.984018,0.000000,-0.002680,141.416155,0.000000,-0.006700,-127.374095,0.000000,-0.009380,-0.009614,0.058664,9.794402,0.063916,0.026632,-0.029828
6.856996,576.376301,body,138.650387,0.000000,-0.004020,-133.984018,0.000000,-0.002680,141.416155,0.000000,-0.006700,-127.374095,0.000000,-0.009380,-0.020405,0.070632,9.800386,0.063916,0.026632,-0.030892
6.867020,576.386084,body,138.650387,0.000000,-0.004020,-133.985552,0.000000,-0.002680,141.416155,0.000000,-0.006700,-127.374095,0.000000,-0.009380,-0.037082,0.065825,9.796855,0.062851,0.029828,-0.034088
6.877046,576.395460,body,138.650387,0.000000,-0.004020,-133.985552,0.000000,-0.002680,141.416155,0.000000,-0.006700,-127.374095,0.000000,-0.009380,-0.041889,0.028743,9.768111,0.063916,0.029828,-0.033023
6.886671,576.405178,body,138.650387,0.000000,-0.004020,-133.984018,0.000000,-0.002680,141.416155,0.000000,-0.006700,-127.374095,0.000000,-0.009380,-0.026389,0.047873,9.776450,0.066047,0.027697,-0.029828
6.896778,576.414583,body,138.650387,0.000000,-0.004020,-133.984018,0.000000,-0.002680,141.416155,0.000000,-0.006700,-127.374095,0.000000,-0.009380,-0.017952,0.052680,9.796855,0.063916,0.027697,-0.030892
6.906847,576.423989,body,138.650387,0.000000,-0.004020,-133.984018,0.000000,-0.002680,141.416155,0.000000,-0.006700,-127.374095,0.000000,-0.009380,-0.015598,0.046696,9.802839,0.062851,0.025566,-0.031959
6.917005,576.433582,body,138.650387,0.000000,-0.004020,-133.984018,0.000000,-0.002680,141.416155,0.000000,-0.006700,-127.374095,0.000000,-0.009380,-0.025114,0.046696,9.796855,0.062851,0.028761,-0.033023
6.926956,576.443175,body,138.650387,0.000000,-0.004020,-133.984018,0.000000,-0.002680,141.416155,0.000000,-0.006700,-127.374095,0.000000,-0.009380,-0.020405,0.038357,9.780080,0.062851,0.029828,-0.033023
6.937127,576.452647,body,138.650387,0.000000,-0.004020,-133.984018,0.000000,-0.002680,141.416155,0.000000,-0.006700,-127.374095,0.000000,-0.009380,-0.011968,0.057487,9.789595,0.062851,0.025566,-0.030892
6.947068,576.471688,body,138.650387,0.000000,-0.004020,-133.984018,0.000000,-0.002680,141.416155,0.000000,-0.006700,-127.374095,0.000000,-0.009380,-0.020405,0.067100,9.799209,0.064980,0.027697,-0.028761
6.956581,576.481584,body,138.650387,0.000000,-0.004020,-133.984018,0.000000,-0.002680,141.416155,0.000000,-0.006700,-127.374095,0.000000,-0.009380,-0.025114,0.039534,9.774095,0.064980,0.029828,-0.029828
6.966567,576.491159,body,138.650387,0.000000,-0.004020,-133.984018,0.000000,-0.002680,141.414621,0.000000,-0.006700,-127.374095,0.000000,-0.009380,-0.025114,0.043066,9.794402,0.063916,0.029828,-0.030892
6.976641,576.500434,body,138.650387,0.000000,-0.004020,-133.984018,0.000000,-0.002680,141.414621,0.000000,-0.006700,-127.374095,0.000000,-0.009380,-0.029921,0.051503,9.789595,0.062851,0.027697,-0.031959
6.986931,576.510071,body,138.650387,0.000000,-0.004020,-133.984018,0.000000,-0.002680,141.416155,0.000000,-0.006700,-127.374095,0.000000,-0.009380,-0.033550,0.076616,9.799209,0.063916,0.026632,-0.030892
6.996592,576.519752,body,138.650387,0.000000,-0.004020,-133.984018,0.000000,-0.002680,141.416155,0.000000,-0.006700,-127.374095,0.000000,-0.009380,-0.016775,0.056309,9.792048,0.064980,0.027697,-0.029828
7.006969,576.529158,body,138.650387,0.000000,-0.004020,-133.984018,0.000000,-0.002680,141.416155,0.000000,-0.006700,-127.374095,0.000000,-0.009380,-0.019130,0.031098,9.790871,0.063916,0.028761,-0.033023
7.017041,576.538606,body,138.650387,0.000000,-0.004020,-133.984018,0.000000,-0.002680,141.416155,0.000000,-0.006700,-127.375629,0.000000,-0.009380,-0.025114,0.037082,9.793225,0.063916,0.028761,-0.031959
7.026566,576.548348,body,138.650387,0.000000,-0.004020,-133.985552,0.000000,-0.002680,141.414621,0.000000,-0.006700,-127.374095,0.000000,-0.009380,-0.019130,0.051503,9.799209,0.062851,0.027697,-0.031959
7.036997,576.557920,body,138.650387,0.000000,-0.004020,-133.984018,0.000000,-0.002680,141.414621,0.000000,-0.006700,-127.374095,0.000000,-0.009380,-0.016775,0.074262,9.795677,0.062851,0.027697,-0.031959
7.046704,576.567157,body,138.650387,0.000000,-0.004020,-133.984018,0.000000,-0.002680,141.414621,0.000000,-0.006700,-127.374095,0.000000,-0.009380,-0.017952,0.057487,9.790871,0.063916,0.027697,-0.031959
7.056824,576.577092,body,138.650387,0.000000,-0.004020,-133.984018,0.000000,-0.002680,141.416155,0.000000,-0.006700,-127.374095,0.000000,-0.009380,-0.027566,0.040712,9.782434,0.062851,0.027697,-0.033023
7.066935,576.586465,body,138.650387,0.000000,-0.004020,-133.984018,0.000000,-0.002680,141.416155,0.000000,-0.006700,-127.374095,0.000000,-0.009380,-0.016775,0.047873,9.782434,0.062851,0.027697,-0.033023
7.076979,576.595813,body,138.650387,0.000000,-0.004020,-133.984018,0.000000,-0.002680,141.414621,0.000000,-0.006700,-127.374095,0.000000,-0.009380,-0.028743,0.051503,9.780080,0.062851,0.027697,-0.031959
7.086593,576.605718,body,138.650387,0.000000,-0.004020,-133.984018,0.000000,-0.002680,141.414621,0.000000,-0.006700,-127.374095,0.000000,-0.009380,-0.026389,0.070632,9.800386,0.063916,0.027697,-0.031959
7.096857,576.615049,body,138.650387,0.000000,-0.004020,-133.985552,0.000000,-0.002680,141.416155,0.000000,-0.006700,-127.374095,0.000000,-0.009380,-0.023936,0.061116,9.799209,0.064980,0.029828,-0.029828
7.106849,576.624470,body,138.650387,0.000000,-0.004020,-133.984018,0.000000,-0.002680,141.416155,0.000000,-0.006700,-127.374095,0.000000,-0.009380,-0.015598,0.041889,9.781257,0.066047,0.028761,-0.030892
7.116876,576.634281,body,138.650387,0.000000,-0.004020,-133.984018,0.000000,-0.002680,141.416155,0.000000,-0.006700,-127.374095,0.000000,-0.009380,-0.022759,0.050325,9.793225,0.067111,0.027697,-0.031959
7.126915,576.643949,body,138.650387,0.000000,-0.004020,-133.985552,0.000000,-0.002680,141.414621,0.000000,-0.006700,-127.374095,0.000000,-0.009380,-0.014323,0.055132,9.792048,0.062851,0.027697,-0.030892
7.136948,576.653452,body,138.650387,0.000000,-0.004020,-133.984018,0.000000,-0.002680,141.416155,0.000000,-0.006700,-127.374095,0.000000,-0.009380,-0.004807,0.039534,9.786064,0.061785,0.027697,-0.034088
7.146965,576.662749,body,138.650387,0.000000,-0.004020,-133.984018,0.000000,-0.002680,141.416155,0.000000,-0.006700,-127.374095,0.000000,-0.009380,-0.023936,0.050325,9.790871,0.062851,0.027697,-0.030892
7.157009,576.672238,body,138.650387,0.000000,-0.004020,-133.984018,0.000000,-0.002680,141.414621,0.000000,-0.006700,-127.374095,0.000000,-0.009380,-0.032373,0.045518,9.770466,0.066047,0.028761,-0.029828
7.167063,576.691503,body,138.650387,0.000000,-0.004020,-133.984018,0.000000,-0.002680,141.414621,0.000000,-0.006700,-127.374095,0.000000,-0.009380,-0.025114,0.059841,9.786064,0.064980,0.027697,-0.029828
7.177046,576.700945,body,138.650387,0.000000,-0.004020,-133.984018,0.000000,-0.002680,141.416155,0.000000,-0.006700,-127.374095,0.000000,-0.009380,-0.016775,0.049050,9.790871,0.063916,0.028761,-0.030892
7.187044,576.710583,body,138.650387,0.000000,-0.004020,-133.984018,0.000000,-0.002680,141.416155,0.000000,-0.006700,-127.374095,0.000000,-0.009380,-0.025114,0.043066,9.772918,0.062851,0.027697,-0.033023
7.196573,576.720289,body,138.650387,0.000000,-0.004020,-133.984018,0.000000,-0.002680,141.414621,0.000000,-0.006700,-127.374095,0.000000,-0.009380,-0.029921,0.047873,9.783611,0.063916,0.028761,-0.031959
7.206864,576.729555,body,138.650387,0.000000,-0.004020,-133.984018,0.000000,-0.002680,141.414621,0.000000,-0.006700,-127.374095,0.000000,-0.009380,-0.020405,0.046696,9.786064,0.066047,0.028761,-0.030892
7.216886,576.739041,body,138.650387,0.000000,-0.004020,-133.984018,0.000000,-0.002680,141.416155,0.000000,-0.006700,-127.374095,0.000000,-0.009380,-0.023936,0.059841,9.783611,0.064980,0.028761,-0.031959
7.226807,576.748604,body,138.650387,0.000000,-0.004020,-133.984018,0.000000,-0.002680,141.416155,0.000000,-0.006700,-127.374095,0.000000,-0.009380,-0.022759,0.053857,9.789595,0.064980,0.028761,-0.030892
7.237182,576.758363,body,138.650387,0.000000,-0.004020,-133.985552,0.000000,-0.002680,141.416155,0.000000,-0.006700,-127.374095,0.000000,-0.009380,-0.021582,0.047873,9.781257,0.066047,0.028761,-0.029828
7.246720,576.768007,body,138.650387,0.000000,-0.004020,-133.984018,0.000000,-0.002680,141.416155,0.000000,-0.006700,-127.374095,0.000000,-0.009380,-0.026389,0.047873,9.788418,0.064980,0.028761,-0.029828
7.256966,576.777500,body,138.650387,0.000000,-0.004020,-133.984018,0.000000,-0.002680,141.414621,0.000000,-0.006700,-127.374095,0.000000,-0.009380,-0.011968,0.045518,9.796855,0.064980,0.027697,-0.030892
7.266668,576.786797,body,138.650387,0.000000,-0.004020,-133.984018,0.000000,-0.002680,141.416155,0.000000,-0.006700,-127.374095,0.000000,-0.009380,-0.009614,0.043066,9.787241,0.063916,0.026632,-0.033023
7.276730,576.796383,body,138.650387,0.000000,-0.004020,-133.985552,0.000000,-0.002680,141.414621,0.000000,-0.006700,-127.374095,0.000000,-0.009380,-0.031098,0.056309,9.796855,0.064980,0.028761,-0.031959
7.286932,576.806174,body,138.650387,0.000000,-0.004020,-133.984018,0.000000,-0.002680,141.416155,0.000000,-0.006700,-127.374095,0.000000,-0.009380,-0.037082,0.051503,9.783611,0.066047,0.028761,-0.030892
7.296582,576.815575,body,138.650387,0.000000,-0.004020,-133.984018,0.000000,-0.002680,141.414621,0.000000,-0.006700,-127.374095,0.000000,-0.009380,-0.028743,0.056309,9.790871,0.066047,0.029828,-0.029828
7.306766,576.825343,body,138.650387,0.000000,-0.004020,-133.984018,0.000000,-0.002680,141.416155,0.000000,-0.006700,-127.374095,0.000000,-0.009380,-0.031098,0.045518,9.790871,0.063916,0.028761,-0.029828
7.316934,576.834842,body,138.650387,0.000000,-0.004020,-133.984018,0.000000,-0.002680,141.416155,0.000000,-0.006700,-127.374095,0.000000,-0.009380,-0.022759,0.055132,9.805193,0.064980,0.028761,-0.030892
7.326975,576.844398,body,138.650387,0.000000,-0.004020,-133.984018,0.000000,-0.002680,141.414621,0.000000,-0.006700,-127.374095,0.000000,-0.009380,-0.029921,0.043066,9.796855,0.066047,0.028761,-0.028761
7.337022,576.853869,body,138.650387,0.000000,-0.004020,-133.985552,0.000000,-0.002680,141.416155,0.000000,-0.006700,-127.374095,0.000000,-0.009380,-0.031098,0.038357,9.793225,0.066047,0.028761,-0.029828
7.347030,576.863216,body,138.650387,0.000000,-0.004020,-133.985552,0.000000,-0.002680,141.416155,0.000000,-0.006700,-127.374095,0.000000,-0.009380,-0.026389,0.050325,9.784886,0.066047,0.027697,-0.030892
7.356963,576.873029,body,138.650387,0.000000,-0.004020,-133.984018,0.000000,-0.002680,141.414621,0.000000,-0.006700,-127.374095,0.000000,-0.009380,-0.035905,0.051503,9.787241,0.063916,0.027697,-0.031959
7.366574,576.882459,body,138.650387,0.000000,-0.004020,-133.985552,0.000000,-0.002680,141.416155,0.000000,-0.006700,-127.374095,0.000000,-0.009380,-0.028743,0.053857,9.790871,0.063916,0.028761,-0.030892
7.376895,576.901515,body,138.650387,0.000000,-0.004020,-133.984018,0.000000,-0.002680,141.416155,0.000000,-0.006700,-127.374095,0.000000,-0.009380,-0.028743,0.049050,9.784886,0.063916,0.027697,-0.030892
7.386883,576.911173,body,138.650387,0.000000,-0.004020,-133.985552,0.000000,-0.002680,141.416155,0.000000,-0.006700,-127.374095,0.000000,-0.009380,-0.029921,0.043066,9.793225,0.064980,0.027697,-0.030892
7.396597,576.920833,body,138.650387,0.000000,-0.004020,-133.984018,0.000000,-0.002680,141.416155,0.000000,-0.006700,-127.374095,0.000000,-0.009380,-0.029921,0.046696,9.800386,0.066047,0.028761,-0.029828
7.406821,576.930174,body,138.650387,0.000000,-0.004020,-133.985552,0.000000,-0.002680,141.414621,0.000000,-0.006700,-127.374095,0.000000,-0.009380,-0.021582,0.043066,9.790871,0.066047,0.028761,-0.030892
7.416909,576.939642,body,138.650387,0.000000,-0.004020,-133.985552,0.000000,-0.002680,141.414621,0.000000,-0.006700,-127.374095,0.000000,-0.009380,-0.022759,0.062294,9.795677,0.067111,0.028761,-0.029828
7.426775,576.949190,body,138.650387,0.000000,-0.004020,-133.984018,0.000000,-0.002680,141.416155,0.000000,-0.006700,-127.374095,0.000000,-0.009380,-0.029921,0.056309,9.789595,0.064980,0.028761,-0.030892
7.436792,576.958884,body,138.650387,0.000000,-0.004020,-133.985552,0.000000,-0.002680,141.416155,0.000000,-0.006700,-127.374095,0.000000,-0.009380,-0.009614,0.044341,9.788418,0.064980,0.028761,-0.031959
7.446553,576.968432,body,138.650387,0.000000,-0.004020,-133.985552,0.000000,-0.002680,141.414621,0.000000,-0.006700,-127.374095,0.000000,-0.009380,-0.020405,0.052680,9.794402,0.062851,0.028761,-0.033023
7.456609,576.978028,body,138.650387,0.000000,-0.004020,-133.984018,0.000000,-0.002680,141.416155,0.000000,-0.006700,-127.374095,0.000000,-0.009380,-0.011968,0.053857,9.804016,0.060720,0.027697,-0.033023
7.466752,576.987624,body,138.650387,0.000000,-0.004020,-133.985552,0.000000,-0.002680,141.414621,0.000000,-0.006700,-127.374095,0.000000,-0.009380,-0.015598,0.045518,9.788418,0.061785,0.027697,-0.034088
7.476792,576.997247,body,138.650387,0.000000,-0.004020,-133.985552,0.000000,-0.002680,141.416155,0.000000,-0.006700,-127.374095,0.000000,-0.009380,-0.029921,0.055132,9.790871,0.062851,0.026632,-0.034088
7.486765,577.006686,body,138.650387,0.000000,-0.004020,-133.984018,0.000000,-0.002680,141.416155,0.000000,-0.006700,-127.374095,0.000000,-0.009380,-0.020405,0.058664,9.792048,0.063916,0.026632,-0.031959
7.496984,577.016301,body,138.650387,0.000000,-0.004020,-133.984018,0.000000,-0.002680,141.416155,0.000000,-0.006700,-127.374095,0.000000,-0.009380,-0.009614,0.047873,9.793225,0.064980,0.028761,-0.031959
7.507017,577.025530,body,138.650387,0.000000,-0.004020,-133.984018,0.000000,-0.002680,141.414621,0.000000,-0.006700,-127.374095,0.000000,-0.009380,-0.027566,0.053857,9.787241,0.064980,0.027697,-0.031959
7.517054,577.035301,body,138.650387,0.000000,-0.004020,-133.984018,0.000000,-0.002680,141.416155,0.000000,-0.006700,-127.374095,0.000000,-0.009380,-0.020405,0.041889,9.789595,0.063916,0.027697,-0.030892
7.526589,577.044609,body,138.650387,0.000000,-0.004020,-133.984018,0.000000,-0.002680,141.416155,0.000000,-0.006700,-127.374095,0.000000,-0.009380,-0.026389,0.052680,9.786064,0.064980,0.027697,-0.031959
7.536805,577.054454,body,138.650387,0.000000,-0.004020,-133.984018,0.000000,-0.002680,141.416155,0.000000,-0.006700,-127.374095,0.000000,-0.009380,-0.032373,0.055132,9.786064,0.064980,0.027697,-0.030892
7.546959,577.063892,body,138.650387,0.000000,-0.004020,-133.985552,0.000000,-0.002680,141.414621,0.000000,-0.006700,-127.374095,0.000000,-0.009380,-0.013145,0.051503,9.783611,0.064980,0.027697,-0.031959
7.556991,577.073576,body,138.650387,0.000000,-0.004020,-133.984018,0.000000,-0.002680,141.416155,0.000000,-0.006700,-127.374095,0.000000,-0.009380,-0.021582,0.062294,9.792048,0.062851,0.026632,-0.033023
7.566857,577.092667,body,138.650387,0.000000,-0.004020,-133.985552,0.000000,-0.002680,141.416155,0.000000,-0.006700,-127.374095,0.000000,-0.009380,-0.025114,0.061116,9.781257,0.062851,0.027697,-0.031959
7.577124,577.102200,body,138.650387,0.000000,-0.004020,-133.984018,0.000000,-0.002680,141.416155,0.000000,-0.006700,-127.374095,0.000000,-0.009380,-0.026389,0.052680,9.793225,0.062851,0.027697,-0.031959
7.586825,577.111814,body,138.650387,0.000000,-0.004020,-133.984018,0.000000,-0.002680,141.416155,0.000000,-0.006700,-127.374095,0.000000,-0.009380,-0.016775,0.063471,9.786064,0.063916,0.028761,-0.031959
7.596655,577.121212,body,138.650387,0.000000,-0.004020,-133.984018,0.000000,-0.002680,141.416155,0.000000,-0.006700,-127.374095,0.000000,-0.009380,-0.026389,0.061116,9.789595,0.062851,0.028761,-0.033023
7.607000,577.130708,body,138.650387,0.000000,-0.004020,-133.984018,0.000000,-0.002680,141.416155,0.000000,-0.006700,-127.374095,0.000000,-0.009380,-0.028743,0.053857,9.786064,0.060720,0.027697,-0.034088
7.617059,577.140420,body,138.650387,0.000000,-0.004020,-133.985552,0.000000,-0.002680,141.416155,0.000000,-0.006700,-127.374095,0.000000,-0.009380,-0.028743,0.052680,9.784886,0.062851,0.028761,-0.030892
7.626886,577.149879,body,138.650387,0.000000,-0.004020,-133.984018,0.000000,-0.002680,141.416155,0.000000,-0.006700,-127.374095,0.000000,-0.009380,-0.027566,0.064648,9.792048,0.066047,0.027697,-0.029828
7.637007,577.159496,body,138.648854,0.000000,-0.004020,-133.984018,0.000000,-0.002680,141.416155,0.000000,-0.006700,-127.374095,0.000000,-0.009380,-0.028743,0.055132,9.792048,0.063916,0.027697,-0.030892
7.646914,577.168811,body,138.650387,0.000000,-0.004020,-133.985552,0.000000,-0.002680,141.416155,0.000000,-0.006700,-127.374095,0.000000,-0.009380,-0.019130,0.051503,9.796855,0.062851,0.026632,-0.031959
7.656971,577.178418,body,138.650387,0.000000,-0.004020,-133.984018,0.000000,-0.002680,141.416155,0.000000,-0.006700,-127.374095,0.000000,-0.009380,-0.027566,0.052680,9.788418,0.063916,0.027697,-0.033023
7.667097,577.188190,body,138.650387,0.000000,-0.004020,-133.984018,0.000000,-0.002680,141.416155,0.000000,-0.006700,-127.374095,0.000000,-0.009380,-0.020405,0.039534,9.782434,0.062851,0.028761,-0.031959
7.676889,577.197698,body,138.650387,0.000000,-0.004020,-133.984018,0.000000,-0.002680,141.414621,0.000000,-0.006700,-127.374095,0.000000,-0.009380,-0.015598,0.059841,9.794402,0.062851,0.026632,-0.033023
7.686593,577.207268,body,138.650387,0.000000,-0.004020,-133.985552,0.000000,-0.002680,141.416155,0.000000,-0.006700,-127.374095,0.000000,-0.009380,-0.028743,0.055132,9.787241,0.062851,0.027697,-0.033023
7.696939,577.216730,body,138.650387,0.000000,-0.004020,-133.984018,0.000000,-0.002680,141.416155,0.000000,-0.006700,-127.374095,0.000000,-0.009380,-0.014323,0.047873,9.782434,0.063916,0.028761,-0.031959
7.707033,577.226300,body,138.650387,0.000000,-0.004020,-133.984018,0.000000,-0.002680,141.414621,0.000000,-0.006700,-127.374095,0.000000,-0.009380,-0.037082,0.052680,9.793225,0.064980,0.027697,-0.030892
7.717085,577.235720,body,138.650387,0.000000,-0.004020,-133.984018,0.000000,-0.002680,141.414621,0.000000,-0.006700,-127.374095,0.000000,-0.009380,-0.023936,0.039534,9.790871,0.063916,0.027697,-0.031959
7.726620,577.245385,body,138.650387,0.000000,-0.004020,-133.984018,0.000000,-0.002680,141.416155,0.000000,-0.006700,-127.374095,0.000000,-0.009380,-0.023936,0.052680,9.787241,0.061785,0.027697,-0.033023
7.736836,577.254970,body,138.650387,0.000000,-0.004020,-133.984018,0.000000,-0.002680,141.416155,0.000000,-0.006700,-127.374095,0.000000,-0.009380,-0.017952,0.061116,9.793225,0.064980,0.028761,-0.031959
7.746931,577.264273,body,138.650387,0.000000,-0.004020,-133.984018,0.000000,-0.002680,141.416155,0.000000,-0.006700,-127.374095,0.000000,-0.009380,-0.013145,0.040712,9.780080,0.066047,0.028761,-0.030892
7.756985,577.274053,body,138.650387,0.000000,-0.004020,-133.984018,0.000000,-0.002680,141.416155,0.000000,-0.006700,-127.374095,0.000000,-0.009380,-0.025114,0.052680,9.798032,0.062851,0.028761,-0.033023
7.766998,577.283519,body,138.648854,0.000000,-0.004020,-133.985552,0.000000,-0.002680,141.414621,0.000000,-0.006700,-127.374095,0.000000,-0.009380,-0.011968,0.055132,9.794402,0.062851,0.026632,-0.034088
7.777031,577.293175,body,138.650387,0.000000,-0.004020,-133.984018,0.000000,-0.002680,141.414621,0.000000,-0.006700,-127.374095,0.000000,-0.009380,-0.016775,0.049050,9.801661,0.061785,0.027697,-0.034088
7.787094,577.312075,body,138.650387,0.000000,-0.004020,-133.984018,0.000000,-0.002680,141.416155,0.000000,-0.006700,-127.374095,0.000000,-0.009380,-0.033550,0.052680,9.793225,0.062851,0.027697,-0.033023
7.796663,577.321749,body,138.650387,0.000000,-0.004020,-133.984018,0.000000,-0.002680,141.416155,0.000000,-0.006700,-127.374095,0.000000,-0.009380,-0.016775,0.057487,9.790871,0.061785,0.027697,-0.031959
7.806674,577.331175,body,138.650387,0.000000,-0.004020,-133.984018,0.000000,-0.002680,141.416155,0.000000,-0.006700,-127.374095,0.000000,-0.009380,-0.016775,0.067100,9.793225,0.063916,0.026632,-0.030892
7.816711,577.340918,body,138.650387,0.000000,-0.004020,-133.984018,0.000000,-0.002680,141.414621,0.000000,-0.006700,-127.374095,0.000000,-0.009380,-0.021582,0.043066,9.786064,0.063916,0.027697,-0.031959
7.826903,577.350432,body,138.650387,0.000000,-0.004020,-133.984018,0.000000,-0.002680,141.416155,0.000000,-0.006700,-127.374095,0.000000,-0.009380,-0.026389,0.059841,9.799209,0.064980,0.027697,-0.030892
7.836835,577.359971,body,138.650387,0.000000,-0.004020,-133.984018,0.000000,-0.002680,141.416155,0.000000,-0.006700,-127.374095,0.000000,-0.009380,-0.021582,0.047873,9.789595,0.066047,0.028761,-0.029828
7.846960,577.369475,body,138.650387,0.000000,-0.004020,-133.984018,0.000000,-0.002680,141.416155,0.000000,-0.006700,-127.374095,0.000000,-0.009380,-0.023936,0.052680,9.793225,0.064980,0.029828,-0.029828
7.856986,577.378998,body,138.650387,0.000000,-0.004020,-133.984018,0.000000,-0.002680,141.414621,0.000000,-0.006700,-127.374095,0.000000,-0.009380,-0.032373,0.061116,9.789595,0.066047,0.028761,-0.029828
7.866905,577.388477,body,138.650387,0.000000,-0.004020,-133.984018,0.000000,-0.002680,141.416155,0.000000,-0.006700,-127.374095,0.000000,-0.009380,-0.026389,0.055132,9.793225,0.064980,0.027697,-0.034088
7.876735,577.398120,body,138.650387,0.000000,-0.004020,-133.985552,0.000000,-0.002680,141.416155,0.000000,-0.006700,-127.374095,0.000000,-0.009380,-0.020405,0.039534,9.787241,0.061785,0.027697,-0.034088
7.886881,577.407521,body,138.650387,0.000000,-0.004020,-133.984018,0.000000,-0.002680,141.416155,0.000000,-0.006700,-127.374095,0.000000,-0.009380,-0.014323,0.043066,9.787241,0.062851,0.027697,-0.031959
7.897047,577.417050,body,138.650387,0.000000,-0.004020,-133.984018,0.000000,-0.002680,141.416155,0.000000,-0.006700,-127.374095,0.000000,-0.009380,-0.014323,0.037082,9.775273,0.063916,0.028761,-0.031959
7.907464,577.426769,body,138.650387,0.000000,-0.004020,-133.984018,0.000000,-0.002680,141.416155,0.000000,-0.006700,-127.374095,0.000000,-0.009380,-0.009614,0.053857,9.772918,0.062851,0.027697,-0.030892
7.916954,577.436251,body,138.650387,0.000000,-0.004020,-133.985552,0.000000,-0.002680,141.414621,0.000000,-0.006700,-127.374095,0.000000,-0.009380,-0.013145,0.050325,9.780080,0.063916,0.027697,-0.031959
7.926953,577.445892,body,138.650387,0.000000,-0.004020,-133.984018,0.000000,-0.002680,141.416155,0.000000,-0.006700,-127.374095,0.000000,-0.009380,-0.020405,0.041889,9.778902,0.061785,0.026632,-0.031959
7.936925,577.455612,body,138.650387,0.000000,-0.004020,-133.984018,0.000000,-0.002680,141.414621,0.000000,-0.006700,-127.374095,0.000000,-0.009380,-0.016775,0.041889,9.784886,0.061785,0.028761,-0.033023
7.946928,577.465101,body,138.650387,0.000000,-0.004020,-133.984018,0.000000,-0.002680,141.414621,0.000000,-0.006700,-127.374095,0.000000,-0.009380,-0.019130,0.041889,9.777627,0.061785,0.026632,-0.033023
7.956588,577.474372,body,138.650387,0.000000,-0.004020,-133.984018,0.000000,-0.002680,141.416155,0.000000,-0.006700,-127.374095,0.000000,-0.009380,-0.011968,0.044341,9.769289,0.060720,0.027697,-0.034088
7.966856,577.483888,body,138.650387,0.000000,-0.004020,-133.984018,0.000000,-0.002680,141.416155,0.000000,-0.006700,-127.374095,0.000000,-0.009380,-0.007161,0.043066,9.784886,0.061785,0.027697,-0.034088
7.977278,577.493492,body,138.650387,0.000000,-0.004020,-133.984018,0.000000,-0.002680,141.416155,0.000000,-0.006700,-127.374095,0.000000,-0.009380,-0.020405,0.037082,9.790871,0.061785,0.027697,-0.034088
7.986607,577.503174,body,138.650387,0.000000,-0.004020,-133.984018,0.000000,-0.002680,141.416155,0.000000,-0.006700,-127.374095,0.000000,-0.009380,-0.013145,0.037082,9.782434,0.062851,0.027697,-0.034088
7.996788,577.512820,body,138.650387,0.000000,-0.004020,-133.984018,0.000000,-0.002680,141.414621,0.000000,-0.006700,-127.374095,0.000000,-0.009380,-0.008339,0.039534,9.800386,0.061785,0.026632,-0.033023
8.006803,577.522231,body,138.650387,0.000000,-0.004020,-133.985552,0.000000,-0.002680,141.416155,0.000000,-0.006700,-127.374095,0.000000,-0.009380,-0.013145,0.039534,9.786064,0.062851,0.026632,-0.033023
8.016831,577.541481,body,138.650387,0.000000,-0.004020,-133.984018,0.000000,-0.002680,141.416155,0.000000,-0.006700,-127.374095,0.000000,-0.009380,-0.007161,0.031098,9.784886,0.062851,0.027697,-0.034088
8.026827,577.550887,body,138.650387,0.000000,-0.004020,-133.985552,0.000000,-0.002680,141.414621,0.000000,-0.006700,-127.374095,0.000000,-0.009380,-0.016775,0.050325,9.784886,0.061785,0.028761,-0.033023
8.036876,577.560365,body,138.650387,0.000000,-0.004020,-133.984018,0.000000,-0.002680,141.416155,0.000000,-0.006700,-127.374095,0.000000,-0.009380,-0.027566,0.052680,9.787241,0.064980,0.028761,-0.030892
8.046755,577.570205,body,138.650387,0.000000,-0.004020,-133.984018,0.000000,-0.002680,141.416155,0.000000,-0.006700,-127.374095,0.000000,-0.009380,-0.017952,0.052680,9.794402,0.064980,0.027697,-0.029828
8.056991,577.579712,body,138.650387,0.000000,-0.004020,-133.985552,0.000000,-0.002680,141.416155,0.000000,-0.006700,-127.374095,0.000000,-0.009380,-0.015598,0.050325,9.798032,0.062851,0.027697,-0.030892
8.066742,577.588983,body,138.650387,0.000000,-0.004020,-133.985552,0.000000,-0.002680,141.416155,0.000000,-0.006700,-127.374095,0.000000,-0.009380,-0.017952,0.039534,9.781257,0.062851,0.027697,-0.030892
8.076793,577.598575,body,138.648854,0.000000,-0.004020,-133.985552,0.000000,-0.002680,141.416155,0.000000,-0.006700,-127.374095,0.000000,-0.009380,-0.037082,0.045518,9.798032,0.063916,0.028761,-0.029828
8.086952,577.608289,body,138.650387,0.000000,-0.004020,-133.984018,0.000000,-0.002680,141.416155,0.000000,-0.006700,-127.374095,0.000000,-0.009380,-0.022759,0.051503,9.792048,0.066047,0.028761,-0.030892
8.096980,577.617664,body,138.650387,0.000000,-0.004020,-133.984018,0.000000,-0.002680,141.416155,0.000000,-0.006700,-127.374095,0.000000,-0.009380,-0.032373,0.049050,9.790871,0.066047,0.028761,-0.029828
8.106776,577.627344,body,138.650387,0.000000,-0.004020,-133.984018,0.000000,-0.002680,141.416155,0.000000,-0.006700,-127.374095,0.000000,-0.009380,-0.031098,0.057487,9.787241,0.066047,0.028761,-0.028761
8.116949,577.637015,body,138.650387,0.000000,-0.004020,-133.984018,0.000000,-0.002680,141.414621,0.000000,-0.006700,-127.374095,0.000000,-0.009380,-0.021582,0.040712,9.783611,0.064980,0.027697,-0.030892
8.126905,577.646259,body,138.650387,0.000000,-0.004020,-133.985552,0.000000,-0.002680,141.414621,0.000000,-0.006700,-127.374095,0.000000,-0.009380,-0.005984,0.043066,9.788418,0.061785,0.026632,-0.033023
8.136906,577.655775,body,138.650387,0.000000,-0.004020,-133.984018,0.000000,-0.002680,141.416155,0.000000,-0.006700,-127.374095,0.000000,-0.009380,-0.028743,0.059841,9.790871,0.062851,0.028761,-0.031959
8.146987,577.665532,body,138.650387,0.000000,-0.004020,-133.984018,0.000000,-0.002680,141.416155,0.000000,-0.006700,-127.374095,0.000000,-0.009380,-0.039534,0.057487,9.793225,0.066047,0.028761,-0.030892
8.157202,577.675250,body,138.650387,0.000000,-0.004020,-133.984018,0.000000,-0.002680,141.414621,0.000000,-0.006700,-127.374095,0.000000,-0.009380,-0.013145,0.051503,9.780080,0.064980,0.027697,-0.031959
8.167044,577.684632,body,138.650387,0.000000,-0.004020,-133.984018,0.000000,-0.002680,141.416155,0.000000,-0.006700,-127.374095,0.000000,-0.009380,-0.019130,0.055132,9.796855,0.063916,0.027697,-0.033023
8.176556,577.694324,body,138.650387,0.000000,-0.004020,-133.985552,0.000000,-0.002680,141.414621,0.000000,-0.006700,-127.374095,0.000000,-0.009380,-0.034727,0.051503,9.771643,0.064980,0.028761,-0.031959
8.186762,577.703576,body,138.650387,0.000000,-0.004020,-133.984018,0.000000,-0.002680,141.416155,0.000000,-0.006700,-127.374095,0.000000,-0.009380,-0.017952,0.056309,9.784886,0.064980,0.027697,-0.029828
8.196766,577.713394,body,138.650387,0.000000,-0.004020,-133.984018,0.000000,-0.002680,141.414621,0.000000,-0.006700,-127.374095,0.000000,-0.009380,-0.021582,0.052680,9.789595,0.062851,0.027697,-0.030892
8.206796,577.722686,body,138.650387,0.000000,-0.004020,-133.984018,0.000000,-0.002680,141.414621,0.000000,-0.006700,-127.374095,0.000000,-0.009380,-0.026389,0.051503,9.775273,0.061785,0.026632,-0.031959
8.216849,577.732346,body,138.650387,0.000000,-0.004020,-133.984018,0.000000,-0.002680,141.416155,0.000000,-0.006700,-127.374095,0.000000,-0.009380,-0.033550,0.063471,9.789595,0.062851,0.028761,-0.031959
8.226890,577.751576,body,138.650387,0.000000,-0.004020,-133.984018,0.000000,-0.002680,141.414621,0.000000,-0.006700,-127.374095,0.000000,-0.009380,-0.008339,0.046696,9.787241,0.064980,0.029828,-0.030892
8.236652,577.760914,body,138.650387,0.000000,-0.004020,-133.984018,0.000000,-0.002680,141.414621,0.000000,-0.006700,-127.374095,0.000000,-0.009380,-0.021582,0.055132,9.794402,0.064980,0.028761,-0.029828
8.246906,577.770653,body,138.650387,0.000000,-0.004020,-133.984018,0.000000,-0.002680,141.416155,0.000000,-0.006700,-127.374095,0.000000,-0.009380,-0.020405,0.056309,9.794402,0.062851,0.027697,-0.029828
8.256948,577.780089,body,138.650387,0.000000,-0.004020,-133.984018,0.000000,-0.002680,141.414621,0.000000,-0.006700,-127.374095,0.000000,-0.009380,-0.022759,0.056309,9.796855,0.063916,0.027697,-0.033023
8.266644,577.789704,body,138.650387,0.000000,-0.004020,-133.984018,0.000000,-0.002680,141.416155,0.000000,-0.006700,-127.374095,0.000000,-0.009380,-0.028743,0.051503,9.775273,0.063916,0.027697,-0.031959
8.276592,577.799323,body,138.650387,0.000000,-0.004020,-133.984018,0.000000,-0.002680,141.414621,0.000000,-0.006700,-127.374095,0.000000,-0.009380,-0.014323,0.049050,9.775273,0.064980,0.029828,-0.029828
8.286864,577.808681,body,138.650387,0.000000,-0.004020,-133.984018,0.000000,-0.002680,141.416155,0.000000,-0.006700,-127.374095,0.000000,-0.009380,-0.023936,0.057487,9.783611,0.063916,0.028761,-0.030892
8.296628,577.818249,body,138.650387,0.000000,-0.004020,-133.984018,0.000000,-0.002680,141.416155,0.000000,-0.006700,-127.374095,0.000000,-0.009380,-0.028743,0.050325,9.780080,0.064980,0.027697,-0.030892
8.306635,577.827832,body,138.648854,0.000000,-0.004020,-133.984018,0.000000,-0.002680,141.416155,0.000000,-0.006700,-127.374095,0.000000,-0.009380,-0.011968,0.057487,9.782434,0.063916,0.027697,-0.031959
8.316639,577.837519,body,138.650387,0.000000,-0.004020,-133.985552,0.000000,-0.002680,141.416155,0.000000,-0.006700,-127.374095,0.000000,-0.009380,-0.021582,0.064648,9.790871,0.063916,0.027697,-0.031959
8.326673,577.846945,body,138.650387,0.000000,-0.004020,-133.984018,0.000000,-0.002680,141.416155,0.000000,-0.006700,-127.374095,0.000000,-0.009380,-0.023936,0.059841,9.783611,0.063916,0.027697,-0.030892
8.337030,577.856345,body,138.650387,0.000000,-0.004020,-133.984018,0.000000,-0.002680,141.414621,0.000000,-0.006700,-127.374095,0.000000,-0.009380,-0.020405,0.051503,9.790871,0.064980,0.028761,-0.030892
8.346728,577.865929,body,138.650387,0.000000,-0.004020,-133.984018,0.000000,-0.002680,141.416155,0.000000,-0.006700,-127.374095,0.000000,-0.009380,-0.026389,0.049050,9.783611,0.066047,0.028761,-0.029828
8.356910,577.875401,body,138.650387,0.000000,-0.004020,-133.984018,0.000000,-0.002680,141.416155,0.000000,-0.006700,-127.374095,0.000000,-0.009380,-0.023936,0.044341,9.788418,0.067111,0.028761,-0.029828
8.366923,577.885045,body,138.650387,0.000000,-0.004020,-133.984018,0.000000,-0.002680,141.414621,0.000000,-0.006700,-127.374095,0.000000,-0.009380,-0.017952,0.052680,9.783611,0.062851,0.027697,-0.031959
8.377059,577.894521,body,138.650387,0.000000,-0.004020,-133.985552,0.000000,-0.002680,141.416155,0.000000,-0.006700,-127.374095,0.000000,-0.009380,-0.010791,0.045518,9.778902,0.061785,0.027697,-0.034088
8.387039,577.904261,body,138.650387,0.000000,-0.004020,-133.985552,0.000000,-0.002680,141.416155,0.000000,-0.006700,-127.374095,0.000000,-0.009380,-0.037082,0.069455,9.799209,0.063916,0.027697,-0.031959
8.396735,577.913850,body,138.650387,0.000000,-0.004020,-133.984018,0.000000,-0.002680,141.416155,0.000000,-0.006700,-127.374095,0.000000,-0.009380,-0.037082,0.065825,9.793225,0.066047,0.028761,-0.030892
8.406877,577.923533,body,138.650387,0.000000,-0.004020,-133.984018,0.000000,-0.002680,141.414621,0.000000,-0.006700,-127.374095,0.000000,-0.009380,-0.021582,0.045518,9.790871,0.063916,0.029828,-0.030892
8.416658,577.932987,body,138.650387,0.000000,-0.004020,-133.984018,0.000000,-0.002680,141.416155,0.000000,-0.006700,-127.374095,0.000000,-0.009380,-0.027566,0.053857,9.787241,0.063916,0.028761,-0.030892
8.427021,577.952068,body,138.650387,0.000000,-0.004020,-133.984018,0.000000,-0.002680,141.416155,0.000000,-0.006700,-127.374095,0.000000,-0.009380,-0.015598,0.039534,9.776450,0.062851,0.027697,-0.030892
8.436808,577.961363,body,138.650387,0.000000,-0.004020,-133.984018,0.000000,-0.002680,141.416155,0.000000,-0.006700,-127.374095,0.000000,-0.009380,-0.021582,0.056309,9.792048,0.062851,0.026632,-0.033023
8.446885,577.971077,body,138.650387,0.000000,-0.004020,-133.985552,0.000000,-0.002680,141.416155,0.000000,-0.006700,-127.374095,0.000000,-0.009380,-0.017952,0.058664,9.793225,0.060720,0.026632,-0.034088
8.456706,577.980532,body,138.650387,0.000000,-0.004020,-133.984018,0.000000,-0.002680,141.414621,0.000000,-0.006700,-127.374095,0.000000,-0.009380,-0.016775,0.053857,9.795677,0.061785,0.027697,-0.034088
8.466573,577.990174,body,138.650387,0.000000,-0.004020,-133.985552,0.000000,-0.002680,141.416155,0.000000,-0.006700,-127.374095,0.000000,-0.009380,-0.021582,0.059841,9.786064,0.062851,0.027697,-0.034088
8.476558,577.999588,body,138.650387,0.000000,-0.004020,-133.984018,0.000000,-0.002680,141.416155,0.000000,-0.006700,-127.374095,0.000000,-0.009380,-0.023936,0.050325,9.774095,0.061785,0.027697,-0.033023
8.486626,578.009345,body,138.650387,0.000000,-0.004020,-133.985552,0.000000,-0.002680,141.416155,0.000000,-0.006700,-127.374095,0.000000,-0.009380,-0.020405,0.053857,9.783611,0.062851,0.027697,-0.031959
8.496664,578.018916,body,138.650387,0.000000,-0.004020,-133.985552,0.000000,-0.002680,141.416155,0.000000,-0.006700,-127.374095,0.000000,-0.009380,-0.032373,0.061116,9.771643,0.063916,0.027697,-0.034088
8.506757,578.028535,body,138.650387,0.000000,-0.004020,-133.985552,0.000000,-0.002680,141.416155,0.000000,-0.006700,-127.374095,0.000000,-0.009380,-0.021582,0.049050,9.787241,0.062851,0.027697,-0.033023
8.516766,578.037768,body,138.650387,0.000000,-0.004020,-133.984018,0.000000,-0.002680,141.414621,0.000000,-0.006700,-127.374095,0.000000,-0.009380,-0.039534,0.051503,9.794402,0.062851,0.028761,-0.033023
8.526891,578.047576,body,138.650387,0.000000,-0.004020,-133.984018,0.000000,-0.002680,141.416155,0.000000,-0.006700,-127.374095,0.000000,-0.009380,-0.035905,0.059841,9.788418,0.064980,0.028761,-0.030892
8.537008,578.057010,body,138.650387,0.000000,-0.004020,-133.984018,0.000000,-0.002680,141.416155,0.000000,-0.006700,-127.374095,0.000000,-0.009380,-0.015598,0.035905,9.784886,0.063916,0.027697,-0.031959
8.546582,578.066558,body,138.650387,0.000000,-0.004020,-133.984018,0.000000,-0.002680,141.416155,0.000000,-0.006700,-127.374095,0.000000,-0.009380,-0.017952,0.045518,9.777627,0.063916,0.026632,-0.034088
8.556687,578.076174,body,138.650387,0.000000,-0.004020,-133.984018,0.000000,-0.002680,141.416155,0.000000,-0.006700,-127.374095,0.000000,-0.009380,-0.032373,0.053857,9.788418,0.063916,0.029828,-0.031959
8.566705,578.085722,body,138.650387,0.000000,-0.004020,-133.985552,0.000000,-0.002680,141.414621,0.000000,-0.006700,-127.374095,0.000000,-0.009380,-0.031098,0.051503,9.787241,0.066047,0.029828,-0.030892
8.576590,578.095085,body,138.650387,0.000000,-0.004020,-133.985552,0.000000,-0.002680,141.416155,0.000000,-0.006700,-127.374095,0.000000,-0.009380,-0.027566,0.063471,9.781257,0.063916,0.028761,-0.029828
8.587037,578.104623,body,138.650387,0.000000,-0.004020,-133.984018,0.000000,-0.002680,141.414621,0.000000,-0.006700,-127.374095,0.000000,-0.009380,-0.021582,0.049050,9.778902,0.062851,0.026632,-0.031959
8.596566,578.114362,body,138.650387,0.000000,-0.004020,-133.985552,0.000000,-0.002680,141.416155,0.000000,-0.006700,-127.374095,0.000000,-0.009380,-0.027566,0.055132,9.784886,0.063916,0.028761,-0.031959
8.606730,578.123673,body,138.650387,0.000000,-0.004020,-133.984018,0.000000,-0.002680,141.416155,0.000000,-0.006700,-127.374095,0.000000,-0.009380,-0.032373,0.046696,9.784886,0.067111,0.028761,-0.029828
8.616613,578.133364,body,138.650387,0.000000,-0.004020,-133.984018,0.000000,-0.002680,141.416155,0.000000,-0.006700,-127.374095,0.000000,-0.009380,-0.033550,0.045518,9.796855,0.066047,0.028761,-0.029828
8.626738,578.142933,body,138.650387,0.000000,-0.004020,-133.984018,0.000000,-0.002680,141.416155,0.000000,-0.006700,-127.374095,0.000000,-0.009380,-0.034727,0.053857,9.787241,0.063916,0.027697,-0.031959
8.636930,578.162048,body,138.650387,0.000000,-0.004020,-133.984018,0.000000,-0.002680,141.416155,0.000000,-0.006700,-127.374095,0.000000,-0.009380,-0.031098,0.058664,9.810000,0.066047,0.028761,-0.029828
8.646645,578.171729,body,138.650387,0.000000,-0.004020,-133.985552,0.000000,-0.002680,141.414621,0.000000,-0.006700,-127.374095,0.000000,-0.009380,-0.021582,0.053857,9.793225,0.064980,0.028761,-0.030892
8.656857,578.181343,body,138.650387,0.000000,-0.004020,-133.984018,0.000000,-0.002680,141.416155,0.000000,-0.006700,-127.374095,0.000000,-0.009380,-0.017952,0.056309,9.787241,0.062851,0.027697,-0.033023
8.666824,578.190655,body,138.650387,0.000000,-0.004020,-133.984018,0.000000,-0.002680,141.416155,0.000000,-0.006700,-127.374095,0.000000,-0.009380,-0.025114,0.056309,9.782434,0.062851,0.027697,-0.034088
8.676571,578.200082,body,138.650387,0.000000,-0.004020,-133.984018,0.000000,-0.002680,141.416155,0.000000,-0.006700,-127.374095,0.000000,-0.009380,-0.014323,0.058664,9.772918,0.061785,0.028761,-0.034088
8.686760,578.209746,body,138.650387,0.000000,-0.004020,-133.984018,0.000000,-0.002680,141.416155,0.000000,-0.006700,-127.374095,0.000000,-0.009380,-0.021582,0.049050,9.788418,0.061785,0.027697,-0.031959
8.696811,578.219362,body,138.650387,0.000000,-0.004020,-133.985552,0.000000,-0.002680,141.416155,0.000000,-0.006700,-127.374095,0.000000,-0.009380,-0.016775,0.065825,9.772918,0.061785,0.026632,-0.033023
8.707052,578.228923,body,138.650387,0.000000,-0.004020,-133.984018,0.000000,-0.002680,141.416155,0.000000,-0.006700,-127.374095,0.000000,-0.009380,-0.025114,0.055132,9.792048,0.063916,0.027697,-0.031959
8.716571,578.238439,body,138.650387,0.000000,-0.004020,-133.984018,0.000000,-0.002680,141.416155,0.000000,-0.006700,-127.374095,0.000000,-0.009380,-0.025114,0.046696,9.792048,0.067111,0.029828,-0.029828
8.726686,578.247883,body,138.650387,0.000000,-0.004020,-133.984018,0.000000,-0.002680,141.416155,0.000000,-0.006700,-127.374095,0.000000,-0.009380,-0.032373,0.059841,9.783611,0.067111,0.029828,-0.029828
8.736828,578.257464,body,138.650387,0.000000,-0.004020,-133.984018,0.000000,-0.002680,141.416155,0.000000,-0.006700,-127.374095,0.000000,-0.009380,-0.034727,0.044341,9.789595,0.067111,0.027697,-0.029828
8.746851,578.267026,body,138.650387,0.000000,-0.004020,-133.985552,0.000000,-0.002680,141.416155,0.000000,-0.006700,-127.374095,0.000000,-0.009380,-0.022759,0.050325,9.790871,0.066047,0.027697,-0.030892
8.757000,578.276830,body,138.650387,0.000000,-0.004020,-133.984018,0.000000,-0.002680,141.414621,0.000000,-0.006700,-127.374095,0.000000,-0.009380,-0.039534,0.059841,9.796855,0.066047,0.028761,-0.030892
8.766866,578.286078,body,138.650387,0.000000,-0.004020,-133.984018,0.000000,-0.002680,141.414621,0.000000,-0.006700,-127.374095,0.000000,-0.009380,-0.023936,0.032373,9.784886,0.064980,0.027697,-0.030892
8.777039,578.295828,body,138.650387,0.000000,-0.004020,-133.984018,0.000000,-0.002680,141.416155,0.000000,-0.006700,-127.375629,0.000000,-0.009380,-0.013145,0.035905,9.784886,0.062851,0.027697,-0.031959
8.786558,578.305479,body,138.650387,0.000000,-0.004020,-133.984018,0.000000,-0.002680,141.416155,0.000000,-0.006700,-127.374095,0.000000,-0.009380,-0.037082,0.058664,9.798032,0.063916,0.028761,-0.030892
8.796580,578.314989,body,138.650387,0.000000,-0.004020,-133.984018,0.000000,-0.002680,141.416155,0.000000,-0.006700,-127.374095,0.000000,-0.009380,-0.017952,0.040712,9.790871,0.067111,0.028761,-0.028761
8.806677,578.324188,body,138.650387,0.000000,-0.004020,-133.984018,0.000000,-0.002680,141.416155,0.000000,-0.006700,-127.374095,0.000000,-0.009380,-0.016775,0.047873,9.788418,0.064980,0.028761,-0.031959
8.816731,578.333882,body,138.650387,0.000000,-0.004020,-133.984018,0.000000,-0.002680,141.416155,0.000000,-0.006700,-127.374095,0.000000,-0.009380,-0.020405,0.043066,9.786064,0.062851,0.027697,-0.031959
8.826963,578.343489,body,138.650387,0.000000,-0.004020,-133.984018,0.000000,-0.002680,141.416155,0.000000,-0.006700,-127.374095,0.000000,-0.009380,-0.010791,0.037082,9.772918,0.062851,0.026632,-0.031959
8.836592,578.353195,body,138.650387,0.000000,-0.004020,-133.984018,0.000000,-0.002680,141.416155,0.000000,-0.006700,-127.374095,0.000000,-0.009380,-0.017952,0.039534,9.772918,0.063916,0.027697,-0.030892
8.846942,578.362572,body,138.650387,0.000000,-0.004020,-133.984018,0.000000,-0.002680,141.416155,0.000000,-0.006700,-127.374095,0.000000,-0.009380,-0.008339,0.033550,9.784886,0.064980,0.027697,-0.029828
8.856849,578.371965,body,138.648854,0.000000,-0.004020,-133.985552,0.000000,-0.002680,141.416155,0.000000,-0.006700,-127.374095,0.000000,-0.009380,-0.015598,0.049050,9.784886,0.066047,0.028761,-0.031959
8.867008,578.391167,body,138.650387,0.000000,-0.004020,-133.984018,0.000000,-0.002680,141.416155,0.000000,-0.006700,-127.374095,0.000000,-0.009380,-0.015598,0.037082,9.788418,0.063916,0.027697,-0.031959
8.876688,578.400839,body,138.650387,0.000000,-0.004020,-133.984018,0.000000,-0.002680,141.416155,0.000000,-0.006700,-127.374095,0.000000,-0.009380,-0.027566,0.061116,9.794402,0.066047,0.027697,-0.030892
8.886620,578.410396,body,138.650387,0.000000,-0.004020,-133.984018,0.000000,-0.002680,141.416155,0.000000,-0.006700,-127.374095,0.000000,-0.009380,-0.037082,0.047873,9.799209,0.066047,0.028761,-0.028761
8.896894,578.419726,body,138.650387,0.000000,-0.004020,-133.984018,0.000000,-0.002680,141.416155,0.000000,-0.006700,-127.374095,0.000000,-0.009380,-0.033550,0.047873,9.784886,0.066047,0.028761,-0.029828
8.906944,578.429225,body,138.650387,0.000000,-0.004020,-133.984018,0.000000,-0.002680,141.416155,0.000000,-0.006700,-127.374095,0.000000,-0.009380,-0.032373,0.049050,9.787241,0.064980,0.026632,-0.029828
8.916569,578.438769,body,138.650387,0.000000,-0.004020,-133.984018,0.000000,-0.002680,141.416155,0.000000,-0.006700,-127.374095,0.000000,-0.009380,-0.017952,0.055132,9.792048,0.064980,0.027697,-0.030892
8.926753,578.448365,body,138.650387,0.000000,-0.004020,-133.984018,0.000000,-0.002680,141.416155,0.000000,-0.006700,-127.374095,0.000000,-0.009380,-0.020405,0.062294,9.778902,0.064980,0.026632,-0.031959
8.936827,578.458089,body,138.650387,0.000000,-0.004020,-133.984018,0.000000,-0.002680,141.416155,0.000000,-0.006700,-127.374095,0.000000,-0.009380,-0.034727,0.053857,9.799209,0.063916,0.027697,-0.028761
8.946977,578.467719,body,138.650387,0.000000,-0.004020,-133.984018,0.000000,-0.002680,141.416155,0.000000,-0.006700,-127.374095,0.000000,-0.009380,-0.027566,0.045518,9.784886,0.064980,0.028761,-0.029828
8.957021,578.477016,body,138.650387,0.000000,-0.004020,-133.984018,0.000000,-0.002680,141.416155,0.000000,-0.006700,-127.374095,0.000000,-0.009380,-0.013145,0.035905,9.776450,0.064980,0.029828,-0.030892
8.966912,578.486696,body,138.650387,0.000000,-0.004020,-133.984018,0.000000,-0.002680,141.414621,0.000000,-0.006700,-127.374095,0.000000,-0.009380,-0.017952,0.040712,9.775273,0.061785,0.027697,-0.031959
8.976805,578.496168,body,138.650387,0.000000,-0.004020,-133.984018,0.000000,-0.002680,141.416155,0.000000,-0.006700,-127.374095,0.000000,-0.009380,-0.008339,0.041889,9.780080,0.061785,0.026632,-0.033023
8.986593,578.505798,body,138.650387,0.000000,-0.004020,-133.984018,0.000000,-0.002680,141.416155,0.000000,-0.006700,-127.374095,0.000000,-0.009380,-0.019130,0.051503,9.792048,0.063916,0.027697,-0.030892
8.996818,578.515446,body,138.650387,0.000000,-0.004020,-133.984018,0.000000,-0.002680,141.416155,0.000000,-0.006700,-127.374095,0.000000,-0.009380,-0.011968,0.038357,9.774095,0.062851,0.028761,-0.031959
9.006792,578.525067,body,138.650387,0.000000,-0.004020,-133.984018,0.000000,-0.002680,141.416155,0.000000,-0.006700,-127.374095,0.000000,-0.009380,-0.002354,0.049050,9.777627,0.061785,0.027697,-0.033023
9.016893,578.534286,body,138.650387,0.000000,-0.004020,-133.984018,0.000000,-0.002680,141.416155,0.000000,-0.006700,-127.374095,0.000000,-0.009380,-0.019130,0.046696,9.782434,0.060720,0.026632,-0.031959
9.026877,578.544011,body,138.650387,0.000000,-0.004020,-133.984018,0.000000,-0.002680,141.414621,0.000000,-0.006700,-127.374095,0.000000,-0.009380,-0.026389,0.045518,9.772918,0.060720,0.028761,-0.033023
9.036903,578.553412,body,138.650387,0.000000,-0.004020,-133.985552,0.000000,-0.002680,141.416155,0.000000,-0.006700,-127.374095,0.000000,-0.009380,-0.017952,0.047873,9.787241,0.061785,0.027697,-0.031959
9.046995,578.563117,body,138.650387,0.000000,-0.004020,-133.984018,0.000000,-0.002680,141.416155,0.000000,-0.006700,-127.374095,0.000000,-0.009380,-0.017952,0.045518,9.784886,0.062851,0.026632,-0.031959
9.056632,578.572767,body,138.650387,0.000000,-0.004020,-133.984018,0.000000,-0.002680,141.416155,0.000000,-0.006700,-127.374095,0.000000,-0.009380,-0.020405,0.028743,9.775273,0.062851,0.028761,-0.033023
9.066824,578.582265,body,138.650387,0.000000,-0.004020,-133.984018,0.000000,-0.002680,141.416155,0.000000,-0.006700,-127.374095,0.000000,-0.009380,-0.013145,0.045518,9.793225,0.061785,0.027697,-0.033023
9.076876,578.601317,body,138.650387,0.000000,-0.004020,-133.985552,0.000000,-0.002680,141.414621,0.000000,-0.006700,-127.374095,0.000000,-0.009380,-0.011968,0.032373,9.783611,0.062851,0.028761,-0.031959
9.086597,578.610828,body,138.650387,0.000000,-0.004020,-133.985552,0.000000,-0.002680,141.414621,0.000000,-0.006700,-127.374095,0.000000,-0.009380,-0.031098,0.053857,9.789595,0.062851,0.027697,-0.030892
9.096807,578.620387,body,138.650387,0.000000,-0.004020,-133.984018,0.000000,-0.002680,141.416155,0.000000,-0.006700,-127.374095,0.000000,-0.009380,-0.028743,0.053857,9.789595,0.066047,0.027697,-0.030892
9.106867,578.629965,body,138.650387,0.000000,-0.004020,-133.985552,0.000000,-0.002680,141.416155,0.000000,-0.006700,-127.374095,0.000000,-0.009380,-0.009614,0.040712,9.786064,0.063916,0.027697,-0.031959
9.116900,578.639408,body,138.650387,0.000000,-0.004020,-133.984018,0.000000,-0.002680,141.416155,0.000000,-0.006700,-127.374095,0.000000,-0.009380,-0.021582,0.037082,9.775273,0.061785,0.027697,-0.033023
9.126677,578.648963,body,138.650387,0.000000,-0.004020,-133.984018,0.000000,-0.002680,141.414621,0.000000,-0.006700,-127.374095,0.000000,-0.009380,-0.023936,0.046696,9.790871,0.063916,0.028761,-0.033023
9.136741,578.658569,body,138.648854,0.000000,-0.004020,-133.984018,0.000000,-0.002680,141.416155,0.000000,-0.006700,-127.374095,0.000000,-0.009380,-0.026389,0.052680,9.792048,0.064980,0.028761,-0.031959
9.146614,578.668130,body,138.650387,0.000000,-0.004020,-133.985552,0.000000,-0.002680,141.414621,0.000000,-0.006700,-127.374095,0.000000,-0.009380,-0.026389,0.056309,9.790871,0.066047,0.027697,-0.030892
9.156820,578.677837,body,138.650387,0.000000,-0.004020,-133.984018,0.000000,-0.001340,141.414621,0.000000,-0.006700,-127.374095,0.000000,-0.009380,-0.017952,0.047873,9.798032,0.066047,0.028761,-0.030892
9.167065,578.687410,body,138.650387,0.000000,-0.004020,-133.984018,0.000000,-0.001340,141.414621,0.000000,-0.006700,-127.374095,0.000000,-0.009380,-0.016775,0.051503,9.795677,0.064980,0.027697,-0.029828
9.177061,578.696716,body,138.650387,0.000000,-0.004020,-133.985552,0.000000,-0.001340,141.416155,0.000000,-0.006700,-127.374095,0.000000,-0.009380,-0.013145,0.050325,9.792048,0.062851,0.027697,-0.030892
9.186629,578.706303,body,138.650387,0.000000,-0.004020,-133.985552,0.000000,-0.001340,141.414621,0.000000,-0.006700,-127.374095,0.000000,-0.009380,-0.022759,0.047873,9.788418,0.063916,0.027697,-0.030892
9.196820,578.715983,body,138.650387,0.000000,-0.004020,-133.984018,0.000000,-0.001340,141.414621,0.000000,-0.006700,-127.374095,0.000000,-0.009380,-0.031098,0.062294,9.801661,0.063916,0.027697,-0.030892
9.206902,578.725338,body,138.650387,0.000000,-0.004020,-133.984018,0.000000,-0.001340,141.416155,0.000000,-0.006700,-127.374095,0.000000,-0.009380,-0.015598,0.043066,9.793225,0.064980,0.028761,-0.030892
9.216895,578.735077,body,138.650387,0.000000,-0.004020,-133.984018,0.000000,-0.001340,141.416155,0.000000,-0.006700,-127.374095,0.000000,-0.009380,-0.023936,0.056309,9.800386,0.064980,0.027697,-0.031959
9.226940,578.744583,body,138.650387,0.000000,-0.004020,-133.984018,0.000000,-0.001340,141.416155,0.000000,-0.006700,-127.374095,0.000000,-0.009380,-0.021582,0.041889,9.787241,0.063916,0.027697,-0.030892
9.236710,578.754164,body,138.650387,0.000000,-0.004020,-133.984018,0.000000,-0.001340,141.416155,0.000000,-0.006700,-127.374095,0.000000,-0.009380,-0.010791,0.040712,9.765659,0.063916,0.026632,-0.031959
9.246817,578.763568,body,138.650387,0.000000,-0.004020,-133.984018,0.000000,-0.001340,141.414621,0.000000,-0.006700,-127.374095,0.000000,-0.009380,-0.009614,0.040712,9.790871,0.062851,0.027697,-0.031959
9.257012,578.773281,body,138.650387,0.000000,-0.004020,-133.984018,0.000000,-0.001340,141.414621,0.000000,-0.006700,-127.374095,0.000000,-0.009380,-0.004807,0.043066,9.789595,0.062851,0.028761,-0.031959
9.267330,578.792206,body,138.650387,0.000000,-0.004020,-133.984018,0.000000,-0.001340,141.416155,0.000000,-0.006700,-127.374095,0.000000,-0.009380,-0.022759,0.051503,9.788418,0.061785,0.027697,-0.033023
9.276907,578.801963,body,138.650387,0.000000,-0.004020,-133.985552,0.000000,-0.001340,141.414621,0.000000,-0.006700,-127.374095,0.000000,-0.009380,-0.021582,0.033550,9.780080,0.063916,0.026632,-0.031959
9.286888,578.811363,body,138.650387,0.000000,-0.004020,-133.984018,0.000000,-0.001340,141.416155,0.000000,-0.006700,-127.374095,0.000000,-0.009380,-0.022759,0.047873,9.786064,0.062851,0.026632,-0.033023
9.296685,578.820863,body,138.650387,0.000000,-0.004020,-133.984018,0.000000,-0.001340,141.416155,0.000000,-0.006700,-127.374095,0.000000,-0.009380,-0.022759,0.055132,9.780080,0.063916,0.027697,-0.031959
9.306936,578.830474,body,138.650387,0.000000,-0.004020,-133.984018,0.000000,-0.001340,141.416155,0.000000,-0.006700,-127.374095,0.000000,-0.009380,-0.026389,0.053857,9.788418,0.066047,0.027697,-0.029828
9.316916,578.840100,body,138.650387,0.000000,-0.004020,-133.984018,0.000000,-0.001340,141.416155,0.000000,-0.006700,-127.374095,0.000000,-0.009380,-0.019130,0.047873,9.783611,0.063916,0.027697,-0.031959
9.326919,578.849760,body,138.650387,0.000000,-0.004020,-133.984018,0.000000,-0.001340,141.416155,0.000000,-0.006700,-127.374095,0.000000,-0.009380,-0.014323,0.037082,9.765659,0.062851,0.028761,-0.033023
9.336582,578.859165,body,138.650387,0.000000,-0.004020,-133.984018,0.000000,-0.001340,141.416155,0.000000,-0.006700,-127.374095,0.000000,-0.009380,-0.025114,0.052680,9.796855,0.063916,0.028761,-0.031959
9.346758,578.868795,body,138.650387,0.000000,-0.004020,-133.984018,0.000000,-0.001340,141.416155,0.000000,-0.006700,-127.374095,0.000000,-0.009380,-0.032373,0.061116,9.784886,0.066047,0.028761,-0.030892
9.356869,578.878396,body,138.650387,0.000000,-0.004020,-133.985552,0.000000,-0.001340,141.416155,0.000000,-0.006700,-127.374095,0.000000,-0.009380,-0.023936,0.052680,9.786064,0.063916,0.028761,-0.031959
9.367072,578.887878,body,138.650387,0.000000,-0.004020,-133.984018,0.000000,-0.001340,141.414621,0.000000,-0.006700,-127.374095,0.000000,-0.009380,-0.020405,0.053857,9.778902,0.062851,0.027697,-0.031959
9.376694,578.897303,body,138.650387,0.000000,-0.004020,-133.984018,0.000000,-0.001340,141.416155,0.000000,-0.006700,-127.374095,0.000000,-0.009380,-0.025114,0.061116,9.793225,0.061785,0.027697,-0.030892
9.386840,578.906866,body,138.650387,0.000000,-0.004020,-133.984018,0.000000,-0.001340,141.416155,0.000000,-0.006700,-127.374095,0.000000,-0.009380,-0.021582,0.038357,9.789595,0.062851,0.027697,-0.033023
9.396844,578.916375,body,138.650387,0.000000,-0.004020,-133.984018,0.000000,-0.001340,141.416155,0.000000,-0.006700,-127.374095,0.000000,-0.009380,-0.010791,0.053857,9.789595,0.062851,0.027697,-0.033023
9.406840,578.925816,body,138.650387,0.000000,-0.004020,-133.984018,0.000000,-0.001340,141.416155,0.000000,-0.006700,-127.374095,0.000000,-0.009380,-0.016775,0.049050,9.789595,0.061785,0.027697,-0.033023
9.416845,578.935355,body,138.650387,0.000000,-0.004020,-133.984018,0.000000,-0.001340,141.414621,0.000000,-0.006700,-127.374095,0.000000,-0.009380,-0.029921,0.050325,9.782434,0.063916,0.027697,-0.029828
9.426884,578.945265,body,138.650387,0.000000,-0.004020,-133.984018,0.000000,-0.001340,141.416155,0.000000,-0.006700,-127.374095,0.000000,-0.009380,-0.025114,0.057487,9.796855,0.064980,0.028761,-0.029828
9.436889,578.954635,body,138.650387,0.000000,-0.004020,-133.984018,0.000000,-0.001340,141.416155,0.000000,-0.006700,-127.374095,0.000000,-0.009380,-0.020405,0.053857,9.782434,0.064980,0.027697,-0.030892
9.446979,578.964302,body,138.650387,0.000000,-0.004020,-133.984018,0.000000,-0.001340,141.414621,0.000000,-0.006700,-127.374095,0.000000,-0.009380,-0.026389,0.056309,9.781257,0.063916,0.026632,-0.031959
9.456921,578.973593,body,138.650387,0.000000,-0.004020,-133.984018,0.000000,-0.001340,141.416155,0.000000,-0.006700,-127.374095,0.000000,-0.009380,-0.026389,0.056309,9.780080,0.061785,0.026632,-0.034088
9.466680,578.983385,body,138.648854,0.000000,-0.004020,-133.984018,0.000000,-0.001340,141.414621,0.000000,-0.006700,-127.374095,0.000000,-0.009380,-0.020405,0.052680,9.792048,0.062851,0.026632,-0.034088
9.477062,578.992785,body,138.650387,0.000000,-0.004020,-133.984018,0.000000,-0.001340,141.416155,0.000000,-0.006700,-127.374095,0.000000,-0.009380,-0.022759,0.045518,9.782434,0.061785,0.026632,-0.033023
9.486843,579.002374,body,138.650387,0.000000,-0.004020,-133.985552,0.000000,-0.001340,141.416155,0.000000,-0.006700,-127.374095,0.000000,-0.009380,-0.026389,0.057487,9.789595,0.062851,0.027697,-0.034088
9.497187,579.021445,body,138.650387,0.000000,-0.004020,-133.985552,0.000000,-0.001340,141.416155,0.000000,-0.006700,-127.374095,0.000000,-0.009380,-0.023936,0.061116,9.782434,0.063916,0.028761,-0.030892
9.506599,579.031076,body,138.650387,0.000000,-0.004020,-133.984018,0.000000,-0.001340,141.416155,0.000000,-0.006700,-127.374095,0.000000,-0.009380,-0.027566,0.055132,9.792048,0.064980,0.028761,-0.029828
9.516595,579.040758,body,138.650387,0.000000,-0.004020,-133.985552,0.000000,-0.001340,141.416155,0.000000,-0.006700,-127.374095,0.000000,-0.009380,-0.032373,0.056309,9.784886,0.064980,0.028761,-0.029828
9.526833,579.050256,body,138.650387,0.000000,-0.004020,-133.985552,0.000000,-0.001340,141.416155,0.000000,-0.006700,-127.374095,0.000000,-0.009380,-0.027566,0.038357,9.780080,0.062851,0.028761,-0.031959
9.536844,579.059597,body,138.650387,0.000000,-0.004020,-133.984018,0.000000,-0.001340,141.416155,0.000000,-0.006700,-127.374095,0.000000,-0.009380,-0.020405,0.039534,9.780080,0.062851,0.028761,-0.033023
9.546882,579.069286,body,138.650387,0.000000,-0.004020,-133.984018,0.000000,-0.001340,141.416155,0.000000,-0.006700,-127.374095,0.000000,-0.009380,-0.031098,0.057487,9.799209,0.062851,0.028761,-0.031959
9.556893,579.078959,body,138.650387,0.000000,-0.004020,-133.984018,0.000000,-0.001340,141.414621,0.000000,-0.006700,-127.374095,0.000000,-0.009380,-0.025114,0.047873,9.798032,0.066047,0.029828,-0.030892
9.566953,579.088200,body,138.650387,0.000000,-0.004020,-133.985552,0.000000,-0.001340,141.416155,0.000000,-0.006700,-127.374095,0.000000,-0.009380,-0.011968,0.049050,9.781257,0.064980,0.028761,-0.030892
9.577001,579.097913,body,138.650387,0.000000,-0.004020,-133.984018,0.000000,-0.001340,141.414621,0.000000,-0.006700,-127.374095,0.000000,-0.009380,-0.014323,0.034727,9.764482,0.061785,0.027697,-0.034088
9.587004,579.107567,body,138.650387,0.000000,-0.004020,-133.984018,0.000000,-0.001340,141.414621,0.000000,-0.006700,-127.374095,0.000000,-0.009380,-0.003630,0.028743,9.777627,0.061785,0.026632,-0.035154
9.596565,579.116860,body,138.650387,0.000000,-0.004020,-133.985552,0.000000,-0.001340,141.416155,0.000000,-0.006700,-127.374095,0.000000,-0.009380,-0.008339,0.049050,9.780080,0.061785,0.026632,-0.034088
9.606683,579.126621,body,138.650387,0.000000,-0.004020,-133.984018,0.000000,-0.001340,141.416155,0.000000,-0.006700,-127.374095,0.000000,-0.009380,-0.020405,0.046696,9.782434,0.063916,0.028761,-0.033023
9.616783,579.135888,body,138.650387,0.000000,-0.004020,-133.984018,0.000000,-0.001340,141.416155,0.000000,-0.006700,-127.374095,0.000000,-0.009380,-0.016775,0.043066,9.788418,0.064980,0.028761,-0.030892
9.626951,579.145712,body,138.650387,0.000000,-0.004020,-133.984018,0.000000,-0.001340,141.416155,0.000000,-0.006700,-127.374095,0.000000,-0.009380,-0.028743,0.064648,9.793225,0.063916,0.027697,-0.031959
9.636981,579.155199,body,138.650387,0.000000,-0.004020,-133.985552,0.000000,-0.001340,141.416155,0.000000,-0.006700,-127.374095,0.000000,-0.009380,-0.028743,0.052680,9.789595,0.064980,0.027697,-0.029828
9.646564,579.164615,body,138.650387,0.000000,-0.004020,-133.984018,0.000000,-0.001340,141.416155,0.000000,-0.006700,-127.374095,0.000000,-0.009380,-0.035905,0.062294,9.783611,0.066047,0.028761,-0.029828
9.656798,579.174194,body,138.650387,0.000000,-0.004020,-133.985552,0.000000,-0.001340,141.416155,0.000000,-0.006700,-127.374095,0.000000,-0.009380,-0.035905,0.067100,9.799209,0.064980,0.028761,-0.029828
9.666933,579.183759,body,138.650387,0.000000,-0.004020,-133.984018,0.000000,-0.001340,141.416155,0.000000,-0.006700,-127.374095,0.000000,-0.009380,-0.025114,0.049050,9.805193,0.067111,0.028761,-0.030892
9.677023,579.193164,body,138.650387,0.000000,-0.004020,-133.984018,0.000000,-0.001340,141.416155,0.000000,-0.006700,-127.374095,0.000000,-0.009380,-0.037082,0.059841,9.782434,0.066047,0.028761,-0.031959
9.687052,579.202980,body,138.650387,0.000000,-0.004020,-133.985552,0.000000,-0.001340,141.416155,0.000000,-0.006700,-127.374095,0.000000,-0.009380,-0.033550,0.063471,9.794402,0.066047,0.028761,-0.031959
9.696616,579.212523,body,138.650387,0.000000,-0.004020,-133.984018,0.000000,-0.001340,141.414621,0.000000,-0.006700,-127.374095,0.000000,-0.009380,-0.032373,0.039534,9.800386,0.066047,0.027697,-0.030892
9.706805,579.231409,body,138.650387,0.000000,-0.004020,-133.985552,0.000000,-0.001340,141.414621,0.000000,-0.006700,-127.374095,0.000000,-0.009380,-0.021582,0.055132,9.789595,0.063916,0.027697,-0.031959
9.716893,579.241072,body,138.650387,0.000000,-0.004020,-133.984018,0.000000,-0.001340,141.416155,0.000000,-0.006700,-127.374095,0.000000,-0.009380,-0.020405,0.047873,9.789595,0.062851,0.028761,-0.031959
9.726821,579.250809,body,138.650387,0.000000,-0.004020,-133.984018,0.000000,-0.001340,141.414621,0.000000,-0.006700,-127.374095,0.000000,-0.009380,-0.028743,0.053857,9.786064,0.063916,0.027697,-0.033023
9.737030,579.260355,body,138.650387,0.000000,-0.004020,-133.985552,0.000000,-0.001340,141.416155,0.000000,-0.006700,-127.374095,0.000000,-0.009380,-0.023936,0.049050,9.765659,0.062851,0.026632,-0.033023
9.746985,579.269596,body,138.650387,0.000000,-0.004020,-133.984018,0.000000,-0.001340,141.414621,0.000000,-0.006700,-127.374095,0.000000,-0.009380,-0.027566,0.050325,9.789595,0.061785,0.026632,-0.034088
9.756788,579.279128,body,138.648854,0.000000,-0.004020,-133.985552,0.000000,-0.001340,141.414621,0.000000,-0.006700,-127.374095,0.000000,-0.009380,-0.028743,0.043066,9.780080,0.061785,0.027697,-0.033023
9.766815,579.288662,body,138.650387,0.000000,-0.004020,-133.984018,0.000000,-0.001340,141.416155,0.000000,-0.006700,-127.374095,0.000000,-0.009380,-0.023936,0.051503,9.788418,0.064980,0.027697,-0.034088
9.776905,579.298443,body,138.648854,0.000000,-0.004020,-133.985552,0.000000,-0.001340,141.416155,0.000000,-0.006700,-127.374095,0.000000,-0.009380,-0.017952,0.050325,9.782434,0.063916,0.028761,-0.033023
9.786927,579.307766,body,138.650387,0.000000,-0.004020,-133.984018,0.000000,-0.001340,141.416155,0.000000,-0.006700,-127.374095,0.000000,-0.009380,-0.022759,0.047873,9.766934,0.062851,0.027697,-0.031959
9.796761,579.317393,body,138.650387,0.000000,-0.004020,-133.984018,0.000000,-0.001340,141.414621,0.000000,-0.006700,-127.374095,0.000000,-0.009380,-0.028743,0.056309,9.782434,0.063916,0.028761,-0.031959
9.806847,579.326936,body,138.650387,0.000000,-0.004020,-133.984018,0.000000,-0.001340,141.416155,0.000000,-0.006700,-127.374095,0.000000,-0.009380,-0.037082,0.053857,9.788418,0.066047,0.027697,-0.030892
9.816955,579.336758,body,138.650387,0.000000,-0.004020,-133.984018,0.000000,-0.001340,141.416155,0.000000,-0.006700,-127.374095,0.000000,-0.009380,-0.032373,0.052680,9.783611,0.066047,0.028761,-0.029828
9.826962,579.346147,body,138.650387,0.000000,-0.004020,-133.984018,0.000000,-0.001340,141.416155,0.000000,-0.006700,-127.374095,0.000000,-0.009380,-0.025114,0.051503,9.792048,0.066047,0.028761,-0.029828
9.836892,579.355821,body,138.650387,0.000000,-0.004020,-133.984018,0.000000,-0.001340,141.414621,0.000000,-0.006700,-127.374095,0.000000,-0.009380,-0.041889,0.058664,9.789595,0.066047,0.029828,-0.029828
9.846819,579.365283,body,138.650387,0.000000,-0.004020,-133.984018,0.000000,-0.001340,141.416155,0.000000,-0.006700,-127.374095,0.000000,-0.009380,-0.035905,0.055132,9.780080,0.066047,0.029828,-0.028761
9.856570,579.374862,body,138.648854,0.000000,-0.004020,-133.984018,0.000000,-0.001340,141.414621,0.000000,-0.006700,-127.374095,0.000000,-0.009380,-0.035905,0.059841,9.796855,0.066047,0.028761,-0.030892
9.866641,579.384257,body,138.650387,0.000000,-0.004020,-133.984018,0.000000,-0.001340,141.416155,0.000000,-0.006700,-127.374095,0.000000,-0.009380,-0.022759,0.047873,9.789595,0.066047,0.028761,-0.030892
9.877900,579.393981,body,138.650387,0.000000,-0.004020,-133.984018,0.000000,-0.001340,141.416155,0.000000,-0.006700,-127.374095,0.000000,-0.009380,-0.026389,0.056309,9.788418,0.064980,0.027697,-0.029828
9.886817,579.403268,body,138.650387,0.000000,-0.004020,-133.984018,0.000000,-0.001340,141.416155,0.000000,-0.006700,-127.374095,0.000000,-0.009380,-0.031098,0.056309,9.782434,0.064980,0.028761,-0.030892
9.896762,579.413163,body,138.650387,0.000000,-0.004020,-133.984018,0.000000,-0.001340,141.414621,0.000000,-0.006700,-127.374095,0.000000,-0.009380,-0.028743,0.043066,9.788418,0.062851,0.028761,-0.031959
9.906749,579.422359,body,138.650387,0.000000,-0.004020,-133.984018,0.000000,-0.001340,141.416155,0.000000,-0.006700,-127.374095,0.000000,-0.009380,-0.011968,0.058664,9.794402,0.061785,0.028761,-0.033023
9.916835,579.431939,body,138.650387,0.000000,-0.004020,-133.984018,0.000000,-0.001340,141.416155,0.000000,-0.006700,-127.374095,0.000000,-0.009380,-0.026389,0.052680,9.787241,0.061785,0.027697,-0.033023
9.927051,579.451270,body,138.650387,0.000000,-0.004020,-133.984018,0.000000,-0.001340,141.416155,0.000000,-0.006700,-127.374095,0.000000,-0.009380,-0.027566,0.058664,9.788418,0.061785,0.027697,-0.031959
9.936605,579.460740,body,138.650387,0.000000,-0.004020,-133.984018,0.000000,-0.001340,141.414621,0.000000,-0.006700,-127.374095,0.000000,-0.009380,-0.021582,0.055132,9.783611,0.061785,0.027697,-0.031959
9.947020,579.470366,body,138.650387,0.000000,-0.004020,-133.985552,0.000000,-0.001340,141.416155,0.000000,-0.006700,-127.374095,0.000000,-0.009380,-0.035905,0.045518,9.789595,0.064980,0.028761,-0.030892
9.956714,579.479665,body,138.650387,0.000000,-0.004020,-133.984018,0.000000,-0.001340,141.416155,0.000000,-0.006700,-127.374095,0.000000,-0.009380,-0.037082,0.055132,9.800386,0.064980,0.029828,-0.029828
9.966944,579.489356,body,138.650387,0.000000,-0.004020,-133.984018,0.000000,-0.001340,141.414621,0.000000,-0.006700,-127.374095,0.000000,-0.009380,-0.028743,0.047873,9.800386,0.064980,0.028761,-0.029828
9.976598,579.498886,body,138.650387,0.000000,-0.004020,-133.984018,0.000000,-0.001340,141.416155,0.000000,-0.006700,-127.374095,0.000000,-0.009380,-0.035905,0.061116,9.792048,0.066047,0.028761,-0.030892
9.987082,579.508355,body,138.650387,0.000000,-0.004020,-133.985552,0.000000,-0.001340,141.416155,0.000000,-0.006700,-127.374095,0.000000,-0.009380,-0.040712,0.055132,9.784886,0.066047,0.028761,-0.030892
9.996616,579.518199,body,138.650387,0.000000,-0.004020,-133.984018,0.000000,-0.001340,141.416155,0.000000,-0.006700,-127.374095,0.000000,-0.009380,-0.032373,0.044341,9.789595,0.064980,0.028761,-0.029828
10.006866,579.527690,body,138.648854,0.000000,-0.004020,-133.984018,0.000000,-0.001340,141.416155,0.000000,-0.006700,-127.374095,0.000000,-0.009380,-0.046696,0.059841,9.798032,0.066047,0.027697,-0.030892
10.016711,579.537407,body,138.650387,0.000000,-0.004020,-133.985552,0.000000,-0.001340,141.414621,0.000000,-0.006700,-127.374095,0.000000,-0.009380,-0.035905,0.047873,9.789595,0.064980,0.028761,-0.029828
10.026733,579.546759,body,138.650387,0.000000,-0.004020,-133.984018,0.000000,-0.001340,141.416155,0.000000,-0.006700,-127.374095,0.000000,-0.009380,-0.022759,0.056309,9.792048,0.064980,0.028761,-0.029828
10.036845,579.556113,body,138.648854,0.000000,-0.004020,-133.984018,0.000000,-0.001340,141.416155,0.000000,-0.006700,-127.374095,0.000000,-0.009380,-0.031098,0.055132,9.771643,0.062851,0.028761,-0.031959
10.046708,579.565566,body,138.650387,0.000000,-0.004020,-133.984018,0.000000,-0.001340,141.414621,0.000000,-0.006700,-127.374095,0.000000,-0.009380,-0.021582,0.052680,9.782434,0.063916,0.028761,-0.031959
10.056971,579.575496,body,138.650387,0.000000,-0.004020,-133.984018,0.000000,-0.001340,141.414621,0.000000,-0.006700,-127.374095,0.000000,-0.009380,-0.032373,0.057487,9.787241,0.064980,0.028761,-0.031959
10.067000,579.584938,body,138.650387,0.000000,-0.004020,-133.984018,0.000000,-0.001340,141.414621,0.000000,-0.006700,-127.374095,0.000000,-0.009380,-0.020405,0.047873,9.775273,0.064980,0.027697,-0.029828
10.076961,579.594503,body,138.650387,0.000000,-0.004020,-133.984018,0.000000,-0.001340,141.416155,0.000000,-0.006700,-127.374095,0.000000,-0.009380,-0.010791,0.047873,9.768111,0.063916,0.028761,-0.031959
10.086644,579.603861,body,138.650387,0.000000,-0.004020,-133.984018,0.000000,-0.001340,141.416155,0.000000,-0.006700,-127.374095,0.000000,-0.009380,-0.022759,0.052680,9.786064,0.063916,0.027697,-0.030892
10.097088,579.613706,body,138.650387,0.000000,-0.004020,-133.984018,0.000000,-0.001340,141.416155,0.000000,-0.006700,-127.374095,0.000000,-0.009380,-0.022759,0.052680,9.789595,0.064980,0.028761,-0.030892
10.106643,579.623239,body,138.650387,0.000000,-0.004020,-133.984018,0.000000,-0.001340,141.416155,0.000000,-0.006700,-127.374095,0.000000,-0.009380,-0.019130,0.056309,9.774095,0.062851,0.028761,-0.033023
10.116800,579.632759,body,138.650387,0.000000,-0.004020,-133.984018,0.000000,-0.001340,141.414621,0.000000,-0.006700,-127.374095,0.000000,-0.009380,-0.022759,0.053857,9.780080,0.061785,0.027697,-0.033023
10.126739,579.651801,body,138.650387,0.000000,-0.004020,-133.984018,0.000000,-0.001340,141.414621,0.000000,-0.006700,-127.374095,0.000000,-0.009380,-0.013145,0.061116,9.788418,0.064980,0.027697,-0.031959
10.136916,579.661386,body,138.650387,0.000000,-0.004020,-133.984018,0.000000,-0.001340,141.416155,0.000000,-0.006700,-127.374095,0.000000,-0.009380,-0.023936,0.051503,9.786064,0.063916,0.028761,-0.033023
10.147064,579.670912,body,138.650387,0.000000,-0.004020,-133.984018,0.000000,-0.001340,141.414621,0.000000,-0.006700,-127.374095,0.000000,-0.009380,-0.020405,0.056309,9.782434,0.062851,0.027697,-0.033023
10.156788,579.680382,body,138.650387,0.000000,-0.004020,-133.984018,0.000000,-0.001340,141.416155,0.000000,-0.006700,-127.375629,0.000000,-0.009380,-0.034727,0.055132,9.788418,0.063916,0.027697,-0.031959
10.166576,579.689934,body,138.650387,0.000000,-0.004020,-133.984018,0.000000,-0.001340,141.416155,0.000000,-0.006700,-127.374095,0.000000,-0.009380,-0.027566,0.041889,9.775273,0.066047,0.029828,-0.029828
10.176905,579.699565,body,138.650387,0.000000,-0.004020,-133.984018,0.000000,-0.001340,141.414621,0.000000,-0.006700,-127.374095,0.000000,-0.009380,-0.029921,0.044341,9.783611,0.064980,0.027697,-0.030892
10.186889,579.708864,body,138.650387,0.000000,-0.004020,-133.984018,0.000000,-0.001340,141.416155,0.000000,-0.006700,-127.374095,0.000000,-0.009380,-0.019130,0.047873,9.780080,0.061785,0.026632,-0.033023
10.196841,579.718602,body,138.650387,0.000000,-0.004020,-133.984018,0.000000,-0.001340,141.416155,0.000000,-0.006700,-127.374095,0.000000,-0.009380,-0.029921,0.057487,9.781257,0.063916,0.027697,-0.030892
10.206698,579.728125,body,138.650387,0.000000,-0.004020,-133.984018,0.000000,-0.001340,141.416155,0.000000,-0.006700,-127.374095,0.000000,-0.009380,-0.017952,0.057487,9.789595,0.066047,0.028761,-0.030892
10.216680,579.737832,body,138.650387,0.000000,-0.004020,-133.984018,0.000000,-0.001340,141.416155,0.000000,-0.006700,-127.374095,0.000000,-0.009380,-0.016775,0.039534,9.790871,0.062851,0.027697,-0.031959
10.227038,579.747008,body,138.650387,0.000000,-0.004020,-133.984018,0.000000,-0.001340,141.414621,0.000000,-0.006700,-127.374095,0.000000,-0.009380,-0.021582,0.047873,9.786064,0.062851,0.027697,-0.034088
10.236586,579.756873,body,138.650387,0.000000,-0.004020,-133.984018,0.000000,-0.001340,141.416155,0.000000,-0.006700,-127.374095,0.000000,-0.009380,-0.017952,0.043066,9.792048,0.062851,0.028761,-0.031959
10.246876,579.766334,body,138.650387,0.000000,-0.004020,-133.985552,0.000000,-0.001340,141.416155,0.000000,-0.006700,-127.374095,0.000000,-0.009380,-0.020405,0.040712,9.783611,0.063916,0.028761,-0.030892
10.256605,579.776034,body,138.650387,0.000000,-0.004020,-133.984018,0.000000,-0.001340,141.416155,0.000000,-0.006700,-127.374095,0.000000,-0.009380,-0.022759,0.059841,9.789595,0.066047,0.028761,-0.029828
10.266853,579.785392,body,138.650387,0.000000,-0.004020,-133.984018,0.000000,-0.001340,141.416155,0.000000,-0.006700,-127.374095,0.000000,-0.009380,-0.016775,0.050325,9.805193,0.066047,0.028761,-0.031959
10.277106,579.794939,body,138.650387,0.000000,-0.004020,-133.984018,0.000000,-0.001340,141.414621,0.000000,-0.006700,-127.374095,0.000000,-0.009380,-0.023936,0.055132,9.782434,0.064980,0.027697,-0.031959
10.287089,579.804355,body,138.650387,0.000000,-0.004020,-133.984018,0.000000,-0.001340,141.414621,0.000000,-0.006700,-127.374095,0.000000,-0.009380,-0.032373,0.057487,9.783611,0.063916,0.026632,-0.033023
10.296623,579.813995,body,138.650387,0.000000,-0.004020,-133.985552,0.000000,-0.001340,141.416155,0.000000,-0.006700,-127.374095,0.000000,-0.009380,-0.031098,0.050325,9.782434,0.063916,0.027697,-0.031959
10.307023,579.823565,body,138.650387,0.000000,-0.004020,-133.984018,0.000000,-0.001340,141.416155,0.000000,-0.006700,-127.374095,0.000000,-0.009380,-0.017952,0.044341,9.795677,0.063916,0.027697,-0.030892
10.316786,579.833034,body,138.650387,0.000000,-0.004020,-133.985552,0.000000,-0.001340,141.416155,0.000000,-0.006700,-127.374095,0.000000,-0.009380,-0.029921,0.058664,9.792048,0.063916,0.027697,-0.030892
10.326902,579.852126,body,138.650387,0.000000,-0.004020,-133.984018,0.000000,-0.001340,141.416155,0.000000,-0.006700,-127.374095,0.000000,-0.009380,-0.017952,0.035905,9.763304,0.062851,0.027697,-0.031959
10.336833,579.861614,body,138.650387,0.000000,-0.004020,-133.984018,0.000000,-0.001340,141.414621,0.000000,-0.006700,-127.374095,0.000000,-0.009380,-0.016775,0.047873,9.781257,0.061785,0.026632,-0.033023
10.346912,579.871486,body,138.650387,0.000000,-0.004020,-133.984018,0.000000,-0.001340,141.416155,0.000000,-0.006700,-127.374095,0.000000,-0.009380,-0.014323,0.028743,9.782434,0.062851,0.027697,-0.031959
10.356939,579.880738,body,138.650387,0.000000,-0.004020,-133.984018,0.000000,-0.001340,141.414621,0.000000,-0.006700,-127.374095,0.000000,-0.009380,-0.019130,0.047873,9.786064,0.063916,0.028761,-0.029828
10.366993,579.890269,body,138.650387,0.000000,-0.004020,-133.984018,0.000000,-0.001340,141.416155,0.000000,-0.006700,-127.374095,0.000000,-0.009380,-0.013145,0.045518,9.792048,0.063916,0.027697,-0.033023
10.377012,579.900042,body,138.650387,0.000000,-0.004020,-133.984018,0.000000,-0.001340,141.416155,0.000000,-0.006700,-127.374095,0.000000,-0.009380,-0.013145,0.037082,9.776450,0.061785,0.027697,-0.034088
10.387056,579.909334,body,138.648854,0.000000,-0.004020,-133.984018,0.000000,-0.001340,141.416155,0.000000,-0.006700,-127.374095,0.000000,-0.009380,-0.015598,0.043066,9.780080,0.061785,0.027697,-0.033023
10.396582,579.919161,body,138.650387,0.000000,-0.004020,-133.984018,0.000000,-0.001340,141.416155,0.000000,-0.006700,-127.374095,0.000000,-0.009380,-0.015598,0.033550,9.788418,0.061785,0.027697,-0.033023
10.406820,579.928595,body,138.650387,0.000000,-0.004020,-133.984018,0.000000,-0.001340,141.416155,0.000000,-0.006700,-127.374095,0.000000,-0.009380,-0.007161,0.046696,9.786064,0.062851,0.026632,-0.033023
10.417024,579.938237,body,138.650387,0.000000,-0.004020,-133.985552,0.000000,-0.001340,141.416155,0.000000,-0.006700,-127.374095,0.000000,-0.009380,-0.015598,0.049050,9.790871,0.062851,0.026632,-0.033023
10.426593,579.947784,body,138.650387,0.000000,-0.004020,-133.985552,0.000000,-0.001340,141.414621,0.000000,-0.006700,-127.374095,0.000000,-0.009380,-0.008339,0.035905,9.771643,0.063916,0.028761,-0.031959
10.436826,579.957253,body,138.650387,0.000000,-0.004020,-133.984018,0.000000,-0.001340,141.414621,0.000000,-0.006700,-127.374095,0.000000,-0.009380,-0.007161,0.046696,9.780080,0.063916,0.028761,-0.030892
10.446784,579.966919,body,138.650387,0.000000,-0.004020,-133.984018,0.000000,-0.001340,141.416155,0.000000,-0.006700,-127.374095,0.000000,-0.009380,-0.019130,0.052680,9.788418,0.063916,0.028761,-0.033023
10.456935,579.976488,body,138.650387,0.000000,-0.004020,-133.984018,0.000000,-0.001340,141.416155,0.000000,-0.006700,-127.374095,0.000000,-0.009380,-0.015598,0.039534,9.792048,0.063916,0.028761,-0.031959
10.466925,579.985939,body,138.650387,0.000000,-0.004020,-133.984018,0.000000,-0.001340,141.414621,0.000000,-0.006700,-127.374095,0.000000,-0.009380,-0.035905,0.050325,9.789595,0.062851,0.028761,-0.030892
10.476904,579.995408,body,138.650387,0.000000,-0.004020,-133.984018,0.000000,-0.001340,141.416155,0.000000,-0.006700,-127.374095,0.000000,-0.009380,-0.029921,0.050325,9.784886,0.064980,0.028761,-0.029828
10.486991,580.005039,body,138.650387,0.000000,-0.004020,-133.985552,0.000000,-0.001340,141.414621,0.000000,-0.006700,-127.374095,0.000000,-0.009380,-0.010791,0.040712,9.780080,0.062851,0.027697,-0.030892
10.496831,580.014612,body,138.650387,0.000000,-0.004020,-133.984018,0.000000,-0.001340,141.416155,0.000000,-0.006700,-127.374095,0.000000,-0.009380,-0.014323,0.037082,9.770466,0.061785,0.027697,-0.031959
10.506886,580.024246,body,138.650387,0.000000,-0.004020,-133.984018,0.000000,-0.001340,141.416155,0.000000,-0.006700,-127.375629,0.000000,-0.009380,-0.027566,0.047873,9.777627,0.063916,0.026632,-0.030892
10.516976,580.033545,body,138.650387,0.000000,-0.004020,-133.984018,0.000000,-0.001340,141.416155,0.000000,-0.006700,-127.374095,0.000000,-0.009380,-0.032373,0.069455,9.796855,0.066047,0.028761,-0.030892
10.526979,580.043237,body,138.650387,0.000000,-0.004020,-133.984018,0.000000,-0.001340,141.414621,0.000000,-0.006700,-127.374095,0.000000,-0.009380,-0.032373,0.053857,9.781257,0.067111,0.028761,-0.030892
10.536812,580.052614,body,138.650387,0.000000,-0.004020,-133.984018,0.000000,-0.001340,141.416155,0.000000,-0.006700,-127.374095,0.000000,-0.009380,-0.033550,0.052680,9.780080,0.064980,0.028761,-0.030892
10.546561,580.062372,body,138.650387,0.000000,-0.004020,-133.985552,0.000000,-0.001340,141.416155,0.000000,-0.006700,-127.374095,0.000000,-0.009380,-0.023936,0.057487,9.795677,0.063916,0.028761,-0.033023
10.556604,580.081234,body,138.650387,0.000000,-0.004020,-133.985552,0.000000,-0.001340,141.414621,0.000000,-0.006700,-127.374095,0.000000,-0.009380,-0.019130,0.058664,9.790871,0.064980,0.028761,-0.030892
10.566762,580.090936,body,138.650387,0.000000,-0.004020,-133.984018,0.000000,-0.001340,141.416155,0.000000,-0.006700,-127.374095,0.000000,-0.009380,-0.022759,0.063471,9.782434,0.064980,0.028761,-0.029828
10.576796,580.100354,body,138.650387,0.000000,-0.004020,-133.984018,0.000000,-0.001340,141.414621,0.000000,-0.006700,-127.374095,0.000000,-0.009380,-0.019130,0.056309,9.789595,0.064980,0.028761,-0.031959
10.587037,580.110188,body,138.650387,0.000000,-0.004020,-133.984018,0.000000,-0.001340,141.416155,0.000000,-0.006700,-127.374095,0.000000,-0.009380,-0.019130,0.058664,9.789595,0.060720,0.027697,-0.033023
10.596683,580.119437,body,138.650387,0.000000,-0.004020,-133.984018,0.000000,-0.001340,141.416155,0.000000,-0.006700,-127.374095,0.000000,-0.009380,-0.025114,0.058664,9.794402,0.063916,0.027697,-0.031959
10.606933,580.128984,body,138.650387,0.000000,-0.004020,-133.984018,0.000000,-0.001340,141.416155,0.000000,-0.006700,-127.374095,0.000000,-0.009380,-0.010791,0.059841,9.792048,0.064980,0.027697,-0.030892
10.616914,580.138756,body,138.650387,0.000000,-0.004020,-133.985552,0.000000,-0.001340,141.416155,0.000000,-0.006700,-127.374095,0.000000,-0.009380,-0.023936,0.057487,9.790871,0.063916,0.028761,-0.031959
10.626626,580.148316,body,138.650387,0.000000,-0.004020,-133.985552,0.000000,-0.001340,141.414621,0.000000,-0.006700,-127.374095,0.000000,-0.009380,-0.027566,0.050325,9.786064,0.062851,0.027697,-0.033023
10.637002,580.157910,body,138.650387,0.000000,-0.004020,-133.984018,0.000000,-0.001340,141.416155,0.000000,-0.006700,-127.374095,0.000000,-0.009380,-0.017952,0.045518,9.777627,0.062851,0.027697,-0.033023
10.646655,580.167166,body,138.650387,0.000000,-0.004020,-133.984018,0.000000,-0.001340,141.414621,0.000000,-0.006700,-127.374095,0.000000,-0.009380,-0.034727,0.061116,9.781257,0.062851,0.028761,-0.033023
10.656851,580.176837,body,138.650387,0.000000,-0.004020,-133.984018,0.000000,-0.001340,141.416155,0.000000,-0.006700,-127.374095,0.000000,-0.009380,-0.011968,0.047873,9.787241,0.064980,0.027697,-0.030892
10.666912,580.186493,body,138.650387,0.000000,-0.004020,-133.985552,0.000000,-0.001340,141.416155,0.000000,-0.006700,-127.374095,0.000000,-0.009380,-0.022759,0.050325,9.789595,0.066047,0.027697,-0.030892
10.676876,580.196067,body,138.650387,0.000000,-0.004020,-133.985552,0.000000,-0.001340,141.416155,0.000000,-0.006700,-127.374095,0.000000,-0.009380,-0.020405,0.058664,9.789595,0.063916,0.027697,-0.031959
10.686869,580.205650,body,138.650387,0.000000,-0.004020,-133.984018,0.000000,-0.001340,141.416155,0.000000,-0.006700,-127.374095,0.000000,-0.009380,-0.021582,0.051503,9.783611,0.061785,0.027697,-0.033023
10.696630,580.215235,body,138.650387,0.000000,-0.004020,-133.984018,0.000000,-0.001340,141.414621,0.000000,-0.006700,-127.374095,0.000000,-0.009380,-0.023936,0.063471,9.799209,0.062851,0.027697,-0.030892
10.706998,580.224831,body,138.650387,0.000000,-0.004020,-133.984018,0.000000,-0.001340,141.416155,0.000000,-0.006700,-127.374095,0.000000,-0.009380,-0.022759,0.051503,9.796855,0.064980,0.027697,-0.030892
10.717049,580.234280,body,138.650387,0.000000,-0.004020,-133.984018,0.000000,-0.001340,141.416155,0.000000,-0.006700,-127.374095,0.000000,-0.009380,-0.014323,0.053857,9.792048,0.066047,0.028761,-0.030892
10.726583,580.243909,body,138.650387,0.000000,-0.004020,-133.984018,0.000000,-0.001340,141.416155,0.000000,-0.006700,-127.374095,0.000000,-0.009380,-0.019130,0.058664,9.795677,0.064980,0.028761,-0.029828
10.736926,580.253404,body,138.650387,0.000000,-0.004020,-133.985552,0.000000,-0.001340,141.414621,0.000000,-0.006700,-127.374095,0.000000,-0.009380,-0.031098,0.058664,9.801661,0.067111,0.028761,-0.029828
10.747071,580.262811,body,138.650387,0.000000,-0.004020,-133.984018,0.000000,-0.001340,141.414621,0.000000,-0.006700,-127.374095,0.000000,-0.009380,-0.037082,0.053857,9.801661,0.067111,0.028761,-0.029828
10.756589,580.272331,body,138.650387,0.000000,-0.004020,-133.984018,0.000000,-0.001340,141.416155,0.000000,-0.006700,-127.374095,0.000000,-0.009380,-0.034727,0.044341,9.780080,0.064980,0.028761,-0.029828
10.767021,580.291427,body,138.650387,0.000000,-0.004020,-133.984018,0.000000,-0.001340,141.416155,0.000000,-0.006700,-127.374095,0.000000,-0.009380,-0.027566,0.053857,9.786064,0.063916,0.029828,-0.029828
10.776689,580.300937,body,138.650387,0.000000,-0.004020,-133.984018,0.000000,-0.001340,141.416155,0.000000,-0.006700,-127.374095,0.000000,-0.009380,-0.026389,0.053857,9.788418,0.067111,0.028761,-0.028761
10.786735,580.310762,body,138.650387,0.000000,-0.004020,-133.984018,0.000000,-0.001340,141.416155,0.000000,-0.006700,-127.374095,0.000000,-0.009380,-0.034727,0.047873,9.790871,0.066047,0.027697,-0.030892
10.797016,580.320052,body,138.650387,0.000000,-0.004020,-133.984018,0.000000,-0.001340,141.416155,0.000000,-0.006700,-127.374095,0.000000,-0.009380,-0.043066,0.056309,9.794402,0.063916,0.028761,-0.030892
10.806924,580.329564,body,138.650387,0.000000,-0.004020,-133.984018,0.000000,-0.001340,141.416155,0.000000,-0.006700,-127.374095,0.000000,-0.009380,-0.027566,0.053857,9.788418,0.064980,0.028761,-0.031959
10.816911,580.339094,body,138.650387,0.000000,-0.004020,-133.984018,0.000000,-0.001340,141.416155,0.000000,-0.006700,-127.374095,0.000000,-0.009380,-0.023936,0.052680,9.799209,0.066047,0.028761,-0.029828
10.827043,580.348756,body,138.650387,0.000000,-0.004020,-133.984018,0.000000,-0.001340,141.416155,0.000000,-0.006700,-127.374095,0.000000,-0.009380,-0.017952,0.040712,9.782434,0.062851,0.027697,-0.031959
10.836990,580.358196,body,138.650387,0.000000,-0.004020,-133.984018,0.000000,-0.001340,141.416155,0.000000,-0.006700,-127.374095,0.000000,-0.009380,-0.010791,0.031098,9.777627,0.061785,0.027697,-0.033023
10.846614,580.367904,body,138.650387,0.000000,-0.004020,-133.985552,0.000000,-0.001340,141.414621,0.000000,-0.006700,-127.374095,0.000000,-0.009380,-0.028743,0.055132,9.804016,0.063916,0.028761,-0.031959
10.856739,580.377247,body,138.650387,0.000000,-0.004020,-133.985552,0.000000,-0.001340,141.416155,0.000000,-0.006700,-127.374095,0.000000,-0.009380,-0.027566,0.047873,9.792048,0.064980,0.028761,-0.030892
10.866873,580.387018,body,138.650387,0.000000,-0.004020,-133.984018,0.000000,-0.001340,141.414621,0.000000,-0.006700,-127.374095,0.000000,-0.009380,-0.017952,0.035905,9.770466,0.063916,0.027697,-0.031959
10.876901,580.396458,body,138.650387,0.000000,-0.004020,-133.984018,0.000000,-0.001340,141.416155,0.000000,-0.006700,-127.374095,0.000000,-0.009380,-0.022759,0.049050,9.776450,0.062851,0.027697,-0.033023
10.886976,580.406081,body,138.650387,0.000000,-0.004020,-133.984018,0.000000,-0.001340,141.414621,0.000000,-0.006700,-127.374095,0.000000,-0.009380,-0.027566,0.055132,9.786064,0.064980,0.028761,-0.031959
10.896954,580.415689,body,138.650387,0.000000,-0.004020,-133.985552,0.000000,-0.001340,141.414621,0.000000,-0.006700,-127.374095,0.000000,-0.009380,-0.031098,0.052680,9.784886,0.066047,0.028761,-0.030892
10.906838,580.425371,body,138.650387,0.000000,-0.004020,-133.984018,0.000000,-0.001340,141.416155,0.000000,-0.006700,-127.374095,0.000000,-0.009380,-0.043066,0.062294,9.787241,0.064980,0.028761,-0.030892
10.917011,580.434885,body,138.650387,0.000000,-0.004020,-133.984018,0.000000,-0.001340,141.416155,0.000000,-0.006700,-127.374095,0.000000,-0.009380,-0.016775,0.053857,9.775273,0.063916,0.027697,-0.030892
10.927078,580.444466,body,138.650387,0.000000,-0.004020,-133.985552,0.000000,-0.001340,141.414621,0.000000,-0.006700,-127.374095,0.000000,-0.009380,-0.019130,0.057487,9.790871,0.063916,0.027697,-0.030892
10.937071,580.453767,body,138.650387,0.000000,-0.004020,-133.984018,0.000000,-0.001340,141.416155,0.000000,-0.006700,-127.374095,0.000000,-0.009380,-0.025114,0.053857,9.774095,0.064980,0.027697,-0.030892
10.946821,580.463455,body,138.650387,0.000000,-0.004020,-133.984018,0.000000,-0.001340,141.416155,0.000000,-0.006700,-127.374095,0.000000,-0.009380,-0.020405,0.055132,9.777627,0.064980,0.026632,-0.030892
10.956862,580.472834,body,138.650387,0.000000,-0.004020,-133.984018,0.000000,-0.001340,141.416155,0.000000,-0.006700,-127.374095,0.000000,-0.009380,-0.021582,0.052680,9.780080,0.064980,0.027697,-0.031959
10.966943,580.482563,body,138.650387,0.000000,-0.004020,-133.985552,0.000000,-0.001340,141.416155,0.000000,-0.006700,-127.374095,0.000000,-0.009380,-0.015598,0.046696,9.775273,0.062851,0.027697,-0.030892
10.977075,580.501589,body,138.650387,0.000000,-0.004020,-133.984018,0.000000,-0.001340,141.414621,0.000000,-0.006700,-127.374095,0.000000,-0.009380,-0.022759,0.052680,9.789595,0.062851,0.027697,-0.031959
10.986584,580.511202,body,138.650387,0.000000,-0.004020,-133.984018,0.000000,-0.001340,141.416155,0.000000,-0.006700,-127.375629,0.000000,-0.009380,-0.026389,0.057487,9.777627,0.062851,0.027697,-0.030892
10.996714,580.520864,body,138.650387,0.000000,-0.004020,-133.984018,0.000000,-0.001340,141.414621,0.000000,-0.006700,-127.374095,0.000000,-0.009380,-0.021582,0.051503,9.776450,0.062851,0.027697,-0.033023
11.006957,580.530034,body,138.650387,0.000000,-0.004020,-133.984018,0.000000,-0.001340,141.416155,0.000000,-0.006700,-127.374095,0.000000,-0.009380,-0.035905,0.049050,9.787241,0.062851,0.027697,-0.033023
11.016972,580.539589,body,138.650387,0.000000,-0.004020,-133.984018,0.000000,-0.001340,141.416155,0.000000,-0.006700,-127.374095,0.000000,-0.009380,-0.022759,0.057487,9.789595,0.062851,0.026632,-0.033023
11.026762,580.549309,body,138.650387,0.000000,-0.004020,-133.984018,0.000000,-0.001340,141.414621,0.000000,-0.006700,-127.374095,0.000000,-0.009380,-0.019130,0.058664,9.786064,0.062851,0.027697,-0.033023
11.036861,580.558861,body,138.650387,0.000000,-0.004020,-133.985552,0.000000,-0.001340,141.414621,0.000000,-0.006700,-127.374095,0.000000,-0.009380,-0.025114,0.063471,9.784886,0.062851,0.027697,-0.033023
11.046863,580.568493,body,138.650387,0.000000,-0.004020,-133.985552,0.000000,-0.001340,141.416155,0.000000,-0.006700,-127.374095,0.000000,-0.009380,-0.015598,0.058664,9.793225,0.063916,0.027697,-0.030892
11.056915,580.577796,body,138.650387,0.000000,-0.004020,-133.984018,0.000000,-0.001340,141.414621,0.000000,-0.006700,-127.374095,0.000000,-0.009380,-0.020405,0.053857,9.769289,0.062851,0.027697,-0.030892
11.066961,580.587712,body,138.650387,0.000000,-0.004020,-133.984018,0.000000,-0.001340,141.414621,0.000000,-0.006700,-127.374095,0.000000,-0.009380,-0.025114,0.053857,9.786064,0.062851,0.027697,-0.033023
11.076978,580.596907,body,138.650387,0.000000,-0.004020,-133.984018,0.000000,-0.001340,141.416155,0.000000,-0.006700,-127.374095,0.000000,-0.009380,-0.015598,0.064648,9.764482,0.062851,0.026632,-0.031959
11.086632,580.606777,body,138.650387,0.000000,-0.004020,-133.984018,0.000000,-0.001340,141.416155,0.000000,-0.006700,-127.374095,0.000000,-0.009380,-0.016775,0.050325,9.775273,0.063916,0.027697,-0.033023
11.096788,580.616029,body,138.650387,0.000000,-0.004020,-133.984018,0.000000,-0.001340,141.416155,0.000000,-0.006700,-127.374095,0.000000,-0.009380,-0.020405,0.049050,9.778902,0.062851,0.027697,-0.033023
11.106938,580.625596,body,138.650387,0.000000,-0.004020,-133.984018,0.000000,-0.001340,141.414621,0.000000,-0.006700,-127.374095,0.000000,-0.009380,-0.021582,0.059841,9.794402,0.063916,0.027697,-0.033023
11.116595,580.635398,body,138.650387,0.000000,-0.004020,-133.984018,0.000000,-0.001340,141.416155,0.000000,-0.006700,-127.374095,0.000000,-0.009380,-0.026389,0.057487,9.777627,0.063916,0.027697,-0.033023
11.126765,580.644714,body,138.650387,0.000000,-0.004020,-133.985552,0.000000,-0.001340,141.416155,0.000000,-0.006700,-127.374095,0.000000,-0.009380,-0.023936,0.057487,9.789595,0.064980,0.028761,-0.029828
11.136884,580.654232,body,138.650387,0.000000,-0.004020,-133.984018,0.000000,-0.001340,141.416155,0.000000,-0.006700,-127.374095,0.000000,-0.009380,-0.017952,0.057487,9.769289,0.064980,0.029828,-0.029828
11.146710,580.664074,body,138.650387,0.000000,-0.004020,-133.985552,0.000000,-0.001340,141.416155,0.000000,-0.006700,-127.374095,0.000000,-0.009380,-0.028743,0.046696,9.781257,0.064980,0.028761,-0.028761
11.156788,580.673628,body,138.650387,0.000000,-0.004020,-133.985552,0.000000,-0.001340,141.416155,0.000000,-0.006700,-127.374095,0.000000,-0.009380,-0.008339,0.052680,9.784886,0.063916,0.028761,-0.030892
11.166641,580.683141,body,138.650387,0.000000,-0.004020,-133.984018,0.000000,-0.001340,141.416155,0.000000,-0.006700,-127.374095,0.000000,-0.009380,-0.028743,0.058664,9.795677,0.062851,0.026632,-0.033023
11.177266,580.702014,body,138.650387,0.000000,-0.004020,-133.985552,0.000000,-0.001340,141.416155,0.000000,-0.006700,-127.374095,0.000000,-0.009380,-0.016775,0.051503,9.774095,0.061785,0.027697,-0.034088
11.186648,580.711685,body,138.650387,0.000000,-0.004020,-133.984018,0.000000,-0.001340,141.416155,0.000000,-0.006700,-127.374095,0.000000,-0.009380,-0.029921,0.052680,9.794402,0.063916,0.026632,-0.033023
11.196741,580.721351,body,138.650387,0.000000,-0.004020,-133.984018,0.000000,-0.001340,141.416155,0.000000,-0.006700,-127.374095,0.000000,-0.009380,-0.016775,0.037082,9.764482,0.063916,0.027697,-0.031959
11.207069,580.730907,body,138.650387,0.000000,-0.004020,-133.985552,0.000000,-0.001340,141.416155,0.000000,-0.006700,-127.374095,0.000000,-0.009380,-0.027566,0.051503,9.793225,0.063916,0.028761,-0.029828
11.216620,580.740419,body,138.650387,0.000000,-0.004020,-133.984018,0.000000,-0.001340,141.416155,0.000000,-0.006700,-127.374095,0.000000,-0.009380,-0.022759,0.053857,9.772918,0.066047,0.028761,-0.029828
11.226740,580.749878,body,138.650387,0.000000,-0.004020,-133.984018,0.000000,-0.001340,141.414621,0.000000,-0.006700,-127.374095,0.000000,-0.009380,-0.025114,0.037082,9.802839,0.064980,0.028761,-0.030892
11.236813,580.759401,body,138.650387,0.000000,-0.004020,-133.984018,0.000000,-0.001340,141.416155,0.000000,-0.006700,-127.374095,0.000000,-0.009380,-0.023936,0.055132,9.770466,0.062851,0.027697,-0.033023
11.246845,580.769052,body,138.650387,0.000000,-0.004020,-133.984018,0.000000,-0.001340,141.416155,0.000000,-0.006700,-127.374095,0.000000,-0.009380,-0.043066,0.052680,9.801661,0.063916,0.028761,-0.030892
11.256881,580.778351,body,138.650387,0.000000,-0.004020,-133.984018,0.000000,-0.001340,141.414621,0.000000,-0.006700,-127.374095,0.000000,-0.009380,-0.023936,0.050325,9.772918,0.066047,0.028761,-0.029828
11.266831,580.788122,body,138.650387,0.000000,-0.004020,-133.984018,0.000000,-0.001340,141.414621,0.000000,-0.006700,-127.374095,0.000000,-0.009380,-0.029921,0.065825,9.813630,0.064980,0.028761,-0.029828
11.277057,580.797541,body,138.650387,0.000000,-0.004020,-133.984018,0.000000,-0.001340,141.414621,0.000000,-0.006700,-127.374095,0.000000,-0.009380,-0.023936,0.050325,9.774095,0.062851,0.027697,-0.030892
11.286754,580.807184,body,138.650387,0.000000,-0.004020,-133.984018,0.000000,-0.001340,141.416155,0.000000,-0.006700,-127.374095,0.000000,-0.009380,-0.039534,0.055132,9.790871,0.064980,0.028761,-0.029828
11.296943,580.816861,body,138.650387,0.000000,-0.004020,-133.985552,0.000000,-0.001340,141.416155,0.000000,-0.006700,-127.374095,0.000000,-0.009380,-0.039534,0.051503,9.795677,0.066047,0.027697,-0.029828
11.306730,580.826306,body,138.650387,0.000000,-0.004020,-133.984018,0.000000,-0.001340,141.416155,0.000000,-0.006700,-127.374095,0.000000,-0.009380,-0.014323,0.038357,9.775273,0.062851,0.026632,-0.031959
11.316752,580.835816,body,138.650387,0.000000,-0.004020,-133.984018,0.000000,-0.001340,141.416155,0.000000,-0.006700,-127.374095,0.000000,-0.009380,-0.027566,0.038357,9.784886,0.062851,0.025566,-0.033023
11.326901,580.845214,body,138.650387,0.000000,-0.004020,-133.985552,0.000000,-0.001340,141.416155,0.000000,-0.006700,-127.374095,0.000000,-0.009380,-0.029921,0.055132,9.781257,0.064980,0.027697,-0.033023
11.336585,580.854829,body,138.650387,0.000000,-0.004020,-133.984018,0.000000,-0.001340,141.414621,0.000000,-0.006700,-127.374095,0.000000,-0.009380,-0.035905,0.053857,9.777627,0.066047,0.028761,-0.029828
11.346570,580.864260,body,138.650387,0.000000,-0.004020,-133.984018,0.000000,-0.001340,141.416155,0.000000,-0.006700,-127.374095,0.000000,-0.009380,-0.033550,0.049050,9.776450,0.066047,0.028761,-0.029828
11.356861,580.873811,body,138.650387,0.000000,-0.004020,-133.984018,0.000000,-0.001340,141.416155,0.000000,-0.006700,-127.374095,0.000000,-0.009380,-0.021582,0.045518,9.784886,0.064980,0.028761,-0.030892
11.366860,580.883626,body,138.650387,0.000000,-0.004020,-133.984018,0.000000,-0.001340,141.416155,0.000000,-0.006700,-127.374095,0.000000,-0.009380,-0.031098,0.051503,9.788418,0.066047,0.029828,-0.028761
11.376928,580.893232,body,138.650387,0.000000,-0.004020,-133.984018,0.000000,-0.001340,141.416155,0.000000,-0.006700,-127.374095,0.000000,-0.009380,-0.026389,0.061116,9.790871,0.064980,0.028761,-0.028761
11.386620,580.902481,body,138.650387,0.000000,-0.004020,-133.985552,0.000000,-0.001340,141.414621,0.000000,-0.006700,-127.374095,0.000000,-0.009380,-0.028743,0.056309,9.783611,0.064980,0.029828,-0.029828
11.396611,580.912036,body,138.650387,0.000000,-0.004020,-133.984018,0.000000,-0.001340,141.416155,0.000000,-0.006700,-127.374095,0.000000,-0.009380,-0.029921,0.057487,9.793225,0.066047,0.029828,-0.030892
11.406747,580.931245,body,138.650387,0.000000,-0.004020,-133.985552,0.000000,-0.001340,141.416155,0.000000,-0.006700,-127.374095,0.000000,-0.009380,-0.025114,0.056309,9.786064,0.062851,0.027697,-0.033023
11.416701,580.940755,body,138.650387,0.000000,-0.004020,-133.984018,0.000000,-0.001340,141.414621,0.000000,-0.006700,-127.374095,0.000000,-0.009380,-0.026389,0.058664,9.786064,0.063916,0.027697,-0.031959
11.426707,580.950253,body,138.650387,0.000000,-0.004020,-133.984018,0.000000,-0.001340,141.414621,0.000000,-0.006700,-127.374095,0.000000,-0.009380,-0.019130,0.047873,9.777627,0.063916,0.027697,-0.030892
11.436615,580.959829,body,138.650387,0.000000,-0.004020,-133.984018,0.000000,-0.001340,141.416155,0.000000,-0.006700,-127.374095,0.000000,-0.009380,-0.035905,0.061116,9.787241,0.066047,0.028761,-0.029828
11.446838,580.969416,body,138.650387,0.000000,-0.004020,-133.984018,0.000000,-0.001340,141.414621,0.000000,-0.006700,-127.374095,0.000000,-0.009380,-0.039534,0.053857,9.788418,0.066047,0.028761,-0.029828
11.456977,580.978881,body,138.650387,0.000000,-0.004020,-133.984018,0.000000,-0.001340,141.416155,0.000000,-0.006700,-127.374095,0.000000,-0.009380,-0.025114,0.052680,9.786064,0.063916,0.028761,-0.031959
11.466651,580.988606,body,138.650387,0.000000,-0.004020,-133.984018,0.000000,-0.001340,141.416155,0.000000,-0.006700,-127.374095,0.000000,-0.009380,-0.029921,0.051503,9.782434,0.062851,0.027697,-0.031959
11.476937,580.998059,body,138.650387,0.000000,-0.004020,-133.985552,0.000000,-0.001340,141.416155,0.000000,-0.006700,-127.374095,0.000000,-0.009380,-0.017952,0.044341,9.787241,0.063916,0.027697,-0.031959
11.487016,581.007646,body,138.650387,0.000000,-0.004020,-133.984018,0.000000,-0.001340,141.414621,0.000000,-0.006700,-127.374095,0.000000,-0.009380,-0.028743,0.052680,9.786064,0.066047,0.028761,-0.030892
11.496893,581.017107,body,138.648854,0.000000,-0.004020,-133.984018,0.000000,-0.001340,141.416155,0.000000,-0.006700,-127.374095,0.000000,-0.009380,-0.002354,0.038357,9.794402,0.063916,0.028761,-0.030892
11.506714,581.026965,body,138.650387,0.000000,-0.004020,-133.984018,0.000000,-0.001340,141.416155,0.000000,-0.006700,-127.374095,0.000000,-0.009380,-0.017952,0.034727,9.796855,0.061785,0.026632,-0.031959
11.516753,581.036178,body,138.650387,0.000000,-0.004020,-133.984018,0.000000,-0.001340,141.416155,0.000000,-0.006700,-127.374095,0.000000,-0.009380,-0.028743,0.057487,9.780080,0.063916,0.027697,-0.030892
11.527031,581.045710,body,138.650387,0.000000,-0.004020,-133.984018,0.000000,-0.001340,141.416155,0.000000,-0.006700,-127.374095,0.000000,-0.009380,-0.041889,0.052680,9.789595,0.066047,0.028761,-0.029828
11.536757,581.055596,body,138.650387,0.000000,-0.004020,-133.985552,0.000000,-0.001340,141.416155,0.000000,-0.006700,-127.374095,0.000000,-0.009380,-0.013145,0.026389,9.776450,0.062851,0.027697,-0.029828
11.547004,581.065108,body,138.650387,0.000000,-0.004020,-133.984018,0.000000,-0.001340,141.416155,0.000000,-0.006700,-127.374095,0.000000,-0.009380,-0.015598,0.050325,9.778902,0.061785,0.025566,-0.033023
11.556751,581.074437,body,138.650387,0.000000,-0.004020,-133.984018,0.000000,-0.001340,141.416155,0.000000,-0.006700,-127.374095,0.000000,-0.009380,-0.016775,0.043066,9.770466,0.061785,0.027697,-0.034088
11.566730,581.084158,body,138.650387,0.000000,-0.004020,-133.984018,0.000000,-0.001340,141.416155,0.000000,-0.006700,-127.374095,0.000000,-0.009380,-0.013145,0.039534,9.776450,0.061785,0.026632,-0.034088
11.576794,581.093485,body,138.650387,0.000000,-0.004020,-133.984018,0.000000,-0.001340,141.416155,0.000000,-0.006700,-127.374095,0.000000,-0.009380,-0.015598,0.047873,9.766934,0.061785,0.027697,-0.033023
11.586802,581.103233,body,138.650387,0.000000,-0.004020,-133.984018,0.000000,-0.001340,141.416155,0.000000,-0.006700,-127.374095,0.000000,-0.009380,-0.013145,0.037082,9.783611,0.062851,0.028761,-0.031959
11.596894,581.112652,body,138.650387,0.000000,-0.004020,-133.985552,0.000000,-0.001340,141.414621,0.000000,-0.006700,-127.374095,0.000000,-0.009380,-0.013145,0.039534,9.777627,0.063916,0.028761,-0.033023
11.607088,581.122175,body,138.650387,0.000000,-0.004020,-133.984018,0.000000,-0.001340,141.416155,0.000000,-0.006700,-127.374095,0.000000,-0.009380,-0.010791,0.039534,9.778902,0.062851,0.028761,-0.031959
11.616928,581.141329,body,138.650387,0.000000,-0.004020,-133.985552,0.000000,-0.001340,141.416155,0.000000,-0.006700,-127.374095,0.000000,-0.009380,-0.035905,0.062294,9.795677,0.066047,0.027697,-0.030892
11.626987,581.150784,body,138.650387,0.000000,-0.004020,-133.984018,0.000000,-0.001340,141.414621,0.000000,-0.006700,-127.374095,0.000000,-0.009380,-0.026389,0.052680,9.783611,0.066047,0.028761,-0.029828
11.637026,581.160282,body,138.650387,0.000000,-0.004020,-133.984018,0.000000,-0.001340,141.414621,0.000000,-0.006700,-127.374095,0.000000,-0.009380,-0.021582,0.047873,9.790871,0.063916,0.028761,-0.030892
11.646720,581.169907,body,138.650387,0.000000,-0.004020,-133.984018,0.000000,-0.001340,141.414621,0.000000,-0.006700,-127.374095,0.000000,-0.009380,-0.034727,0.061116,9.786064,0.064980,0.028761,-0.029828
11.656779,581.179433,body,138.650387,0.000000,-0.004020,-133.984018,0.000000,-0.001340,141.414621,0.000000,-0.006700,-127.374095,0.000000,-0.009380,-0.035905,0.057487,9.784886,0.066047,0.029828,-0.030892
11.666816,581.189048,body,138.650387,0.000000,-0.004020,-133.984018,0.000000,-0.001340,141.416155,0.000000,-0.006700,-127.374095,0.000000,-0.009380,-0.010791,0.055132,9.780080,0.063916,0.027697,-0.030892
11.676848,581.198704,body,138.650387,0.000000,-0.004020,-133.984018,0.000000,-0.001340,141.414621,0.000000,-0.006700,-127.374095,0.000000,-0.009380,-0.017952,0.035905,9.766934,0.062851,0.026632,-0.033023
11.686694,581.208070,body,138.650387,0.000000,-0.004020,-133.984018,0.000000,-0.001340,141.414621,0.000000,-0.006700,-127.374095,0.000000,-0.009380,-0.033550,0.052680,9.786064,0.063916,0.027697,-0.031959
11.696946,581.217765,body,138.650387,0.000000,-0.004020,-133.985552,0.000000,-0.001340,141.416155,0.000000,-0.006700,-127.374095,0.000000,-0.009380,-0.033550,0.052680,9.798032,0.066047,0.028761,-0.030892
11.707031,581.227269,body,138.650387,0.000000,-0.004020,-133.984018,0.000000,-0.001340,141.416155,0.000000,-0.006700,-127.374095,0.000000,-0.009380,-0.033550,0.052680,9.772918,0.064980,0.029828,-0.030892
11.716987,581.237011,body,138.650387,0.000000,-0.004020,-133.984018,0.000000,-0.001340,141.416155,0.000000,-0.006700,-127.374095,0.000000,-0.009380,-0.034727,0.065825,9.794402,0.063916,0.028761,-0.030892
11.726825,581.246605,body,138.650387,0.000000,-0.004020,-133.984018,0.000000,-0.001340,141.416155,0.000000,-0.006700,-127.374095,0.000000,-0.009380,-0.033550,0.051503,9.790871,0.067111,0.028761,-0.029828
11.737017,581.255793,body,138.650387,0.000000,-0.004020,-133.984018,0.000000,-0.001340,141.416155,0.000000,-0.006700,-127.374095,0.000000,-0.009380,-0.017952,0.055132,9.793225,0.066047,0.027697,-0.028761
11.746917,581.265677,body,138.650387,0.000000,-0.004020,-133.985552,0.000000,-0.001340,141.414621,0.000000,-0.006700,-127.374095,0.000000,-0.009380,-0.025114,0.047873,9.799209,0.064980,0.029828,-0.029828
11.757006,581.275015,body,138.650387,0.000000,-0.004020,-133.984018,0.000000,-0.001340,141.416155,0.000000,-0.006700,-127.374095,0.000000,-0.009380,-0.033550,0.051503,9.783611,0.067111,0.028761,-0.028761
11.766862,581.284467,body,138.650387,0.000000,-0.004020,-133.985552,0.000000,-0.001340,141.416155,0.000000,-0.006700,-127.374095,0.000000,-0.009380,-0.014323,0.055132,9.781257,0.063916,0.028761,-0.029828
11.776948,581.294210,body,138.650387,0.000000,-0.004020,-133.984018,0.000000,-0.001340,141.416155,0.000000,-0.006700,-127.374095,0.000000,-0.009380,-0.019130,0.044341,9.788418,0.062851,0.027697,-0.034088
11.786958,581.303606,body,138.650387,0.000000,-0.004020,-133.984018,0.000000,-0.001340,141.416155,0.000000,-0.006700,-127.374095,0.000000,-0.009380,-0.007161,0.041889,9.784886,0.061785,0.027697,-0.033023
11.796997,581.313160,body,138.650387,0.000000,-0.004020,-133.984018,0.000000,-0.001340,141.414621,0.000000,-0.006700,-127.374095,0.000000,-0.009380,-0.014323,0.032373,9.787241,0.062851,0.026632,-0.031959
11.806833,581.322730,body,138.650387,0.000000,-0.004020,-133.984018,0.000000,-0.001340,141.414621,0.000000,-0.006700,-127.374095,0.000000,-0.009380,-0.007161,0.034727,9.792048,0.063916,0.027697,-0.030892
11.817050,581.332247,body,138.650387,0.000000,-0.004020,-133.984018,0.000000,-0.001340,141.416155,0.000000,-0.006700,-127.374095,0.000000,-0.009380,-0.016775,0.031098,9.780080,0.064980,0.028761,-0.029828
11.826605,581.351304,body,138.650387,0.000000,-0.004020,-133.984018,0.000000,-0.001340,141.416155,0.000000,-0.006700,-127.374095,0.000000,-0.009380,-0.010791,0.035905,9.781257,0.064980,0.026632,-0.030892
11.836677,581.361175,body,138.650387,0.000000,-0.004020,-133.985552,0.000000,-0.001340,141.414621,0.000000,-0.006700,-127.374095,0.000000,-0.009380,-0.032373,0.050325,9.790871,0.066047,0.027697,-0.030892
11.846696,581.370711,body,138.650387,0.000000,-0.004020,-133.984018,0.000000,-0.001340,141.416155,0.000000,-0.006700,-127.374095,0.000000,-0.009380,-0.027566,0.067100,9.789595,0.066047,0.028761,-0.029828
11.857199,581.379951,body,138.650387,0.000000,-0.004020,-133.984018,0.000000,-0.001340,141.416155,0.000000,-0.006700,-127.374095,0.000000,-0.009380,-0.029921,0.056309,9.778902,0.064980,0.028761,-0.029828
11.866958,581.389448,body,138.650387,0.000000,-0.004020,-133.984018,0.000000,-0.001340,141.414621,0.000000,-0.006700,-127.374095,0.000000,-0.009380,-0.031098,0.049050,9.786064,0.063916,0.027697,-0.033023
11.876671,581.399182,body,138.650387,0.000000,-0.004020,-133.984018,0.000000,-0.001340,141.414621,0.000000,-0.006700,-127.374095,0.000000,-0.009380,-0.026389,0.053857,9.772918,0.062851,0.026632,-0.033023
11.886762,581.408852,body,138.650387,0.000000,-0.004020,-133.985552,0.000000,-0.001340,141.414621,0.000000,-0.006700,-127.374095,0.000000,-0.009380,-0.020405,0.040712,9.775273,0.062851,0.026632,-0.033023
11.896926,581.418434,body,138.650387,0.000000,-0.004020,-133.984018,0.000000,-0.001340,141.416155,0.000000,-0.006700,-127.374095,0.000000,-0.009380,-0.014323,0.033550,9.783611,0.062851,0.027697,-0.031959
11.906650,581.427692,body,138.650387,0.000000,-0.004020,-133.984018,0.000000,-0.001340,141.416155,0.000000,-0.006700,-127.374095,0.000000,-0.009380,-0.021582,0.029921,9.771643,0.062851,0.027697,-0.030892
11.916690,581.437255,body,138.650387,0.000000,-0.004020,-133.984018,0.000000,-0.001340,141.416155,0.000000,-0.006700,-127.374095,0.000000,-0.009380,-0.028743,0.046696,9.781257,0.062851,0.028761,-0.029828
11.926773,581.446953,body,138.650387,0.000000,-0.004020,-133.984018,0.000000,-0.001340,141.414621,0.000000,-0.006700,-127.374095,0.000000,-0.009380,-0.025114,0.055132,9.789595,0.066047,0.028761,-0.028761
11.936750,581.456345,body,138.650387,0.000000,-0.004020,-133.984018,0.000000,-0.001340,141.414621,0.000000,-0.006700,-127.374095,0.000000,-0.009380,-0.029921,0.045518,9.784886,0.066047,0.027697,-0.029828
11.946804,581.466173,body,138.650387,0.000000,-0.004020,-133.984018,0.000000,-0.001340,141.414621,0.000000,-0.006700,-127.374095,0.000000,-0.009380,-0.031098,0.047873,9.770466,0.063916,0.027697,-0.030892
11.956815,581.475382,body,138.650387,0.000000,-0.004020,-133.984018,0.000000,-0.001340,141.416155,0.000000,-0.006700,-127.374095,0.000000,-0.009380,-0.028743,0.049050,9.786064,0.063916,0.027697,-0.030892
11.966865,581.485241,body,138.650387,0.000000,-0.004020,-133.985552,0.000000,-0.001340,141.416155,0.000000,-0.006700,-127.374095,0.000000,-0.009380,-0.025114,0.049050,9.795677,0.063916,0.028761,-0.031959
11.976865,581.494692,body,138.650387,0.000000,-0.004020,-133.984018,0.000000,-0.001340,141.414621,0.000000,-0.006700,-127.374095,0.000000,-0.009380,-0.020405,0.034727,9.787241,0.062851,0.028761,-0.030892
11.986911,581.504137,body,138.650387,0.000000,-0.004020,-133.984018,0.000000,-0.001340,141.416155,0.000000,-0.006700,-127.374095,0.000000,-0.009380,-0.017952,0.040712,9.783611,0.063916,0.027697,-0.033023
11.996927,581.513751,body,138.650387,0.000000,-0.004020,-133.984018,0.000000,-0.001340,141.416155,0.000000,-0.006700,-127.374095,0.000000,-0.009380,-0.008339,0.047873,9.777627,0.062851,0.026632,-0.034088
12.006906,581.523192,body,138.650387,0.000000,-0.004020,-133.984018,0.000000,-0.001340,141.416155,0.000000,-0.006700,-127.374095,0.000000,-0.009380,-0.022759,0.038357,9.780080,0.062851,0.027697,-0.034088
12.016953,581.532824,body,138.650387,0.000000,-0.004020,-133.984018,0.000000,-0.001340,141.414621,0.000000,-0.006700,-127.374095,0.000000,-0.009380,-0.023936,0.034727,9.787241,0.062851,0.027697,-0.034088
12.026999,581.542258,body,138.650387,0.000000,-0.004020,-133.984018,0.000000,-0.001340,141.416155,0.000000,-0.006700,-127.374095,0.000000,-0.009380,-0.020405,0.041889,9.780080,0.061785,0.028761,-0.031959
12.037003,581.561644,body,138.650387,0.000000,-0.004020,-133.984018,0.000000,-0.001340,141.414621,0.000000,-0.006700,-127.374095,0.000000,-0.009380,-0.016775,0.044341,9.787241,0.063916,0.028761,-0.030892
12.047032,581.570950,body,138.650387,0.000000,-0.004020,-133.985552,0.000000,-0.001340,141.416155,0.000000,-0.006700,-127.374095,0.000000,-0.009380,-0.028743,0.053857,9.796855,0.063916,0.027697,-0.030892
12.056747,581.580557,body,138.650387,0.000000,-0.004020,-133.984018,0.000000,-0.001340,141.416155,0.000000,-0.006700,-127.374095,0.000000,-0.009380,-0.020405,0.055132,9.804016,0.064980,0.028761,-0.031959
12.066905,581.590090,body,138.650387,0.000000,-0.004020,-133.984018,0.000000,-0.001340,141.416155,0.000000,-0.006700,-127.374095,0.000000,-0.009380,-0.021582,0.053857,9.783611,0.061785,0.027697,-0.034088
12.076979,581.599812,body,138.650387,0.000000,-0.004020,-133.984018,0.000000,-0.001340,141.416155,0.000000,-0.006700,-127.374095,0.000000,-0.009380,-0.032373,0.050325,9.789595,0.061785,0.027697,-0.033023
12.086968,581.609433,body,138.650387,0.000000,-0.004020,-133.984018,0.000000,-0.001340,141.416155,0.000000,-0.006700,-127.374095,0.000000,-0.009380,-0.019130,0.032373,9.774095,0.060720,0.027697,-0.031959
12.096727,581.618870,body,138.650387,0.000000,-0.004020,-133.984018,0.000000,-0.001340,141.414621,0.000000,-0.006700,-127.374095,0.000000,-0.009380,-0.008339,0.039534,9.772918,0.061785,0.027697,-0.033023
12.106936,581.628324,body,138.650387,0.000000,-0.004020,-133.984018,0.000000,-0.001340,141.416155,0.000000,-0.006700,-127.374095,0.000000,-0.009380,-0.021582,0.061116,9.792048,0.062851,0.028761,-0.031959
12.116952,581.637749,body,138.650387,0.000000,-0.004020,-133.984018,0.000000,-0.001340,141.416155,0.000000,-0.006700,-127.374095,0.000000,-0.009380,-0.025114,0.052680,9.784886,0.064980,0.028761,-0.030892
12.127038,581.647432,body,138.650387,0.000000,-0.004020,-133.985552,0.000000,-0.001340,141.416155,0.000000,-0.006700,-127.374095,0.000000,-0.009380,-0.029921,0.051503,9.798032,0.063916,0.027697,-0.031959
12.137019,581.657152,body,138.650387,0.000000,-0.004020,-133.985552,0.000000,-0.001340,141.416155,0.000000,-0.006700,-127.374095,0.000000,-0.009380,-0.017952,0.056309,9.786064,0.063916,0.027697,-0.031959
12.146661,581.666626,body,138.650387,0.000000,-0.004020,-133.984018,0.000000,-0.001340,141.416155,0.000000,-0.006700,-127.374095,0.000000,-0.009380,-0.031098,0.050325,9.792048,0.063916,0.027697,-0.030892
12.156890,581.676181,body,138.648854,0.000000,-0.004020,-133.984018,0.000000,-0.001340,141.414621,0.000000,-0.006700,-127.374095,0.000000,-0.009380,-0.032373,0.056309,9.777627,0.063916,0.027697,-0.031959
12.166911,581.685689,body,138.650387,0.000000,-0.004020,-133.984018,0.000000,-0.001340,141.416155,0.000000,-0.006700,-127.374095,0.000000,-0.009380,-0.023936,0.043066,9.772918,0.064980,0.027697,-0.030892
12.176956,581.695151,body,138.650387,0.000000,-0.004020,-133.984018,0.000000,-0.001340,141.414621,0.000000,-0.006700,-127.374095,0.000000,-0.009380,-0.022759,0.047873,9.793225,0.064980,0.028761,-0.029828
12.187018,581.704652,body,138.650387,0.000000,-0.004020,-133.985552,0.000000,-0.001340,141.416155,0.000000,-0.006700,-127.374095,0.000000,-0.009380,-0.027566,0.052680,9.786064,0.063916,0.027697,-0.031959
12.197046,581.714349,body,138.650387,0.000000,-0.004020,-133.985552,0.000000,-0.001340,141.416155,0.000000,-0.006700,-127.374095,0.000000,-0.009380,-0.019130,0.051503,9.786064,0.061785,0.026632,-0.034088
12.207086,581.723655,body,138.650387,0.000000,-0.004020,-133.984018,0.000000,-0.001340,141.416155,0.000000,-0.006700,-127.374095,0.000000,-0.009380,-0.017952,0.055132,9.778902,0.064980,0.026632,-0.031959
12.216587,581.733343,body,138.650387,0.000000,-0.004020,-133.984018,0.000000,-0.001340,141.416155,0.000000,-0.006700,-127.374095,0.000000,-0.009380,-0.025114,0.052680,9.775273,0.066047,0.027697,-0.029828
12.226776,581.743048,body,138.650387,0.000000,-0.004020,-133.984018,0.000000,-0.001340,141.414621,0.000000,-0.006700,-127.374095,0.000000,-0.009380,-0.032373,0.064648,9.777627,0.066047,0.028761,-0.029828
12.236813,581.752496,body,138.650387,0.000000,-0.004020,-133.984018,0.000000,-0.001340,141.416155,0.000000,-0.006700,-127.374095,0.000000,-0.009380,-0.045518,0.058664,9.781257,0.066047,0.028761,-0.029828
12.246918,581.762051,body,138.650387,0.000000,-0.004020,-133.984018,0.000000,-0.001340,141.416155,0.000000,-0.006700,-127.374095,0.000000,-0.009380,-0.020405,0.044341,9.784886,0.066047,0.027697,-0.029828
12.256913,581.781208,body,138.650387,0.000000,-0.004020,-133.984018,0.000000,-0.001340,141.416155,0.000000,-0.006700,-127.374095,0.000000,-0.009380,-0.034727,0.056309,9.792048,0.066047,0.028761,-0.029828
12.266612,581.790864,body,138.650387,0.000000,-0.004020,-133.984018,0.000000,-0.001340,141.416155,0.000000,-0.006700,-127.374095,0.000000,-0.009380,-0.027566,0.059841,9.798032,0.066047,0.029828,-0.029828
12.276770,581.800303,body,138.650387,0.000000,-0.004020,-133.984018,0.000000,-0.001340,141.414621,0.000000,-0.006700,-127.374095,0.000000,-0.009380,-0.021582,0.034727,9.775273,0.064980,0.026632,-0.031959
12.286797,581.809923,body,138.650387,0.000000,-0.004020,-133.984018,0.000000,-0.001340,141.416155,0.000000,-0.006700,-127.374095,0.000000,-0.009380,-0.022759,0.041889,9.771643,0.062851,0.025566,-0.033023
12.297106,581.819411,body,138.650387,0.000000,-0.004020,-133.985552,0.000000,-0.001340,141.416155,0.000000,-0.006700,-127.374095,0.000000,-0.009380,-0.022759,0.059841,9.778902,0.064980,0.027697,-0.030892
12.306872,581.829028,body,138.650387,0.000000,-0.004020,-133.985552,0.000000,-0.001340,141.416155,0.000000,-0.006700,-127.374095,0.000000,-0.009380,-0.037082,0.057487,9.787241,0.066047,0.027697,-0.030892
12.316842,581.838436,body,138.650387,0.000000,-0.004020,-133.984018,0.000000,-0.001340,141.414621,0.000000,-0.006700,-127.374095,0.000000,-0.009380,-0.038357,0.053857,9.782434,0.066047,0.028761,-0.030892
12.326933,581.848149,body,138.650387,0.000000,-0.004020,-133.984018,0.000000,-0.001340,141.416155,0.000000,-0.006700,-127.374095,0.000000,-0.009380,-0.026389,0.052680,9.787241,0.064980,0.028761,-0.030892
12.336639,581.857412,body,138.650387,0.000000,-0.004020,-133.985552,0.000000,-0.001340,141.414621,0.000000,-0.006700,-127.374095,0.000000,-0.009380,-0.025114,0.059841,9.777627,0.066047,0.028761,-0.028761
12.346681,581.867151,body,138.650387,0.000000,-0.004020,-133.984018,0.000000,-0.001340,141.416155,0.000000,-0.006700,-127.374095,0.000000,-0.009380,-0.020405,0.044341,9.789595,0.066047,0.029828,-0.028761
12.356625,581.876603,body,138.650387,0.000000,-0.004020,-133.985552,0.000000,-0.001340,141.414621,0.000000,-0.006700,-127.374095,0.000000,-0.009380,-0.015598,0.045518,9.780080,0.064980,0.028761,-0.030892
12.366847,581.886160,body,138.650387,0.000000,-0.004020,-133.984018,0.000000,-0.001340,141.416155,0.000000,-0.006700,-127.374095,0.000000,-0.009380,-0.014323,0.045518,9.780080,0.063916,0.026632,-0.033023
12.376628,581.895824,body,138.650387,0.000000,-0.004020,-133.984018,0.000000,-0.001340,141.416155,0.000000,-0.006700,-127.374095,0.000000,-0.009380,-0.015598,0.041889,9.771643,0.061785,0.026632,-0.033023
12.386700,581.905373,body,138.650387,0.000000,-0.004020,-133.985552,0.000000,-0.001340,141.414621,0.000000,-0.006700,-127.374095,0.000000,-0.009380,-0.021582,0.043066,9.774095,0.061785,0.026632,-0.034088
12.396878,581.914979,body,138.650387,0.000000,-0.004020,-133.984018,0.000000,-0.001340,141.414621,0.000000,-0.006700,-127.374095,0.000000,-0.009380,-0.011968,0.038357,9.775273,0.062851,0.027697,-0.033023
12.406614,581.924555,body,138.648854,0.000000,-0.004020,-133.984018,0.000000,-0.001340,141.416155,0.000000,-0.006700,-127.374095,0.000000,-0.009380,-0.022759,0.046696,9.787241,0.062851,0.027697,-0.033023
12.416660,581.934075,body,138.650387,0.000000,-0.004020,-133.984018,0.000000,-0.001340,141.414621,0.000000,-0.006700,-127.374095,0.000000,-0.009380,-0.028743,0.046696,9.782434,0.064980,0.028761,-0.030892
12.426936,581.943645,body,138.650387,0.000000,-0.004020,-133.984018,0.000000,-0.001340,141.414621,0.000000,-0.006700,-127.374095,0.000000,-0.009380,-0.033550,0.053857,9.790871,0.066047,0.028761,-0.030892
12.436660,581.952950,body,138.650387,0.000000,-0.004020,-133.984018,0.000000,-0.001340,141.414621,0.000000,-0.006700,-127.374095,0.000000,-0.009380,-0.034727,0.052680,9.777627,0.063916,0.027697,-0.031959
12.446933,581.962611,body,138.650387,0.000000,-0.004020,-133.985552,0.000000,-0.001340,141.416155,0.000000,-0.006700,-127.374095,0.000000,-0.009380,-0.016775,0.039534,9.770466,0.062851,0.026632,-0.034088
12.456963,581.972276,body,138.650387,0.000000,-0.004020,-133.984018,0.000000,-0.001340,141.416155,0.000000,-0.006700,-127.374095,0.000000,-0.009380,-0.040712,0.050325,9.781257,0.063916,0.027697,-0.031959
12.466992,581.991158,body,138.650387,0.000000,-0.004020,-133.984018,0.000000,-0.001340,141.416155,0.000000,-0.006700,-127.374095,0.000000,-0.009380,-0.017952,0.039534,9.778902,0.064980,0.027697,-0.031959
12.477018,582.000745,body,138.650387,0.000000,-0.004020,-133.984018,0.000000,-0.001340,141.416155,0.000000,-0.006700,-127.374095,0.000000,-0.009380,-0.013145,0.035905,9.771643,0.062851,0.026632,-0.033023
12.486752,582.010362,body,138.650387,0.000000,-0.004020,-133.984018,0.000000,-0.001340,141.416155,0.000000,-0.006700,-127.374095,0.000000,-0.009380,-0.028743,0.062294,9.788418,0.063916,0.028761,-0.030892
12.496857,582.019927,body,138.650387,0.000000,-0.004020,-133.985552,0.000000,-0.001340,141.416155,0.000000,-0.006700,-127.374095,0.000000,-0.009380,-0.023936,0.050325,9.782434,0.067111,0.029828,-0.028761
12.506866,582.029341,body,138.650387,0.000000,-0.004020,-133.985552,0.000000,-0.001340,141.416155,0.000000,-0.006700,-127.374095,0.000000,-0.009380,-0.021582,0.052680,9.792048,0.064980,0.027697,-0.030892
12.516631,582.039019,body,138.650387,0.000000,-0.004020,-133.984018,0.000000,-0.001340,141.416155,0.000000,-0.006700,-127.374095,0.000000,-0.009380,-0.007161,0.038357,9.788418,0.062851,0.027697,-0.031959
12.526651,582.048602,body,138.650387,0.000000,-0.004020,-133.984018,0.000000,-0.001340,141.414621,0.000000,-0.006700,-127.374095,0.000000,-0.009380,-0.021582,0.055132,9.798032,0.062851,0.026632,-0.030892
12.536810,582.057946,body,138.650387,0.000000,-0.004020,-133.985552,0.000000,-0.001340,141.416155,0.000000,-0.006700,-127.374095,0.000000,-0.009380,-0.023936,0.055132,9.786064,0.066047,0.027697,-0.029828
12.546748,582.067482,body,138.648854,0.000000,-0.004020,-133.984018,0.000000,-0.001340,141.416155,0.000000,-0.006700,-127.374095,0.000000,-0.009380,-0.031098,0.055132,9.787241,0.067111,0.027697,-0.030892
12.556650,582.077304,body,138.650387,0.000000,-0.004020,-133.984018,0.000000,-0.001340,141.416155,0.000000,-0.006700,-127.374095,0.000000,-0.009380,-0.028743,0.062294,9.781257,0.067111,0.028761,-0.028761
12.566836,582.086751,body,138.650387,0.000000,-0.004020,-133.984018,0.000000,-0.001340,141.416155,0.000000,-0.006700,-127.375629,0.000000,-0.009380,-0.037082,0.061116,9.801661,0.066047,0.027697,-0.028761
12.576685,582.096239,body,138.650387,0.000000,-0.004020,-133.984018,0.000000,-0.001340,141.416155,0.000000,-0.006700,-127.374095,0.000000,-0.009380,-0.027566,0.049050,9.783611,0.064980,0.027697,-0.029828
12.586655,582.105904,body,138.650387,0.000000,-0.004020,-133.985552,0.000000,-0.001340,141.416155,0.000000,-0.006700,-127.374095,0.000000,-0.009380,-0.015598,0.045518,9.784886,0.064980,0.027697,-0.030892
12.596919,582.115341,body,138.650387,0.000000,-0.004020,-133.984018,0.000000,-0.001340,141.416155,0.000000,-0.006700,-127.374095,0.000000,-0.009380,-0.020405,0.044341,9.790871,0.063916,0.027697,-0.031959
12.607096,582.125008,body,138.650387,0.000000,-0.004020,-133.984018,0.000000,-0.001340,141.414621,0.000000,-0.006700,-127.374095,0.000000,-0.009380,-0.017952,0.027566,9.781257,0.062851,0.027697,-0.030892
12.616632,582.134535,body,138.650387,0.000000,-0.004020,-133.984018,0.000000,-0.001340,141.416155,0.000000,-0.006700,-127.374095,0.000000,-0.009380,-0.007161,0.037082,9.784886,0.062851,0.026632,-0.031959
12.626840,582.143906,body,138.650387,0.000000,-0.004020,-133.984018,0.000000,-0.001340,141.416155,0.000000,-0.006700,-127.374095,0.000000,-0.009380,-0.007161,0.043066,9.789595,0.063916,0.027697,-0.031959
12.636846,582.153621,body,138.650387,0.000000,-0.004020,-133.984018,0.000000,-0.001340,141.416155,0.000000,-0.006700,-127.374095,0.000000,-0.009380,-0.019130,0.050325,9.783611,0.063916,0.027697,-0.031959
12.647010,582.163046,body,138.650387,0.000000,-0.004020,-133.984018,0.000000,-0.001340,141.414621,0.000000,-0.006700,-127.374095,0.000000,-0.009380,-0.038357,0.043066,9.776450,0.066047,0.028761,-0.030892
12.656805,582.172849,body,138.650387,0.000000,-0.004020,-133.984018,0.000000,-0.001340,141.416155,0.000000,-0.006700,-127.374095,0.000000,-0.009380,-0.038357,0.045518,9.786064,0.067111,0.029828,-0.030892
12.666827,582.191906,body,138.650387,0.000000,-0.004020,-133.985552,0.000000,-0.001340,141.416155,0.000000,-0.006700,-127.374095,0.000000,-0.009380,-0.025114,0.051503,9.783611,0.064980,0.027697,-0.028761
12.676837,582.201301,body,138.650387,0.000000,-0.004020,-133.985552,0.000000,-0.001340,141.416155,0.000000,-0.006700,-127.374095,0.000000,-0.009380,-0.022759,0.058664,9.775273,0.064980,0.027697,-0.031959
12.687025,582.211027,body,138.650387,0.000000,-0.004020,-133.984018,0.000000,-0.001340,141.416155,0.000000,-0.006700,-127.374095,0.000000,-0.009380,-0.034727,0.056309,9.769289,0.062851,0.027697,-0.033023
12.696678,582.220250,body,138.650387,0.000000,-0.004020,-133.984018,0.000000,-0.001340,141.416155,0.000000,-0.006700,-127.374095,0.000000,-0.009380,-0.027566,0.045518,9.792048,0.064980,0.027697,-0.031959
12.706873,582.229948,body,138.650387,0.000000,-0.004020,-133.984018,0.000000,-0.001340,141.414621,0.000000,-0.006700,-127.374095,0.000000,-0.009380,-0.021582,0.061116,9.795677,0.064980,0.027697,-0.029828
12.716611,582.239365,body,138.650387,0.000000,-0.004020,-133.984018,0.000000,-0.001340,141.414621,0.000000,-0.006700,-127.374095,0.000000,-0.009380,-0.021582,0.057487,9.775273,0.061785,0.027697,-0.030892
12.726757,582.249227,body,138.650387,0.000000,-0.004020,-133.984018,0.000000,-0.001340,141.416155,0.000000,-0.006700,-127.374095,0.000000,-0.009380,-0.023936,0.051503,9.778902,0.061785,0.027697,-0.033023
12.736810,582.258554,body,138.650387,0.000000,-0.004020,-133.985552,0.000000,-0.001340,141.416155,0.000000,-0.006700,-127.374095,0.000000,-0.009380,-0.022759,0.052680,9.786064,0.064980,0.027697,-0.030892
12.746906,582.268208,body,138.650387,0.000000,-0.004020,-133.984018,0.000000,-0.001340,141.416155,0.000000,-0.006700,-127.374095,0.000000,-0.009380,-0.028743,0.049050,9.783611,0.066047,0.028761,-0.029828
12.756669,582.277748,body,138.650387,0.000000,-0.004020,-133.984018,0.000000,-0.001340,141.416155,0.000000,-0.006700,-127.374095,0.000000,-0.009380,-0.022759,0.051503,9.777627,0.066047,0.028761,-0.027697
12.766873,582.287267,body,138.650387,0.000000,-0.004020,-133.984018,0.000000,-0.001340,141.416155,0.000000,-0.006700,-127.374095,0.000000,-0.009380,-0.034727,0.062294,9.798032,0.066047,0.028761,-0.029828
12.776895,582.296947,body,138.650387,0.000000,-0.004020,-133.984018,0.000000,-0.001340,141.416155,0.000000,-0.006700,-127.374095,0.000000,-0.009380,-0.028743,0.058664,9.788418,0.066047,0.028761,-0.031959
12.786935,582.306151,body,138.650387,0.000000,-0.004020,-133.985552,0.000000,-0.001340,141.416155,0.000000,-0.006700,-127.374095,0.000000,-0.009380,-0.028743,0.055132,9.805193,0.066047,0.028761,-0.030892
12.796588,582.315795,body,138.650387,0.000000,-0.004020,-133.984018,0.000000,-0.001340,141.414621,0.000000,-0.006700,-127.374095,0.000000,-0.009380,-0.022759,0.045518,9.786064,0.064980,0.028761,-0.031959
12.806771,582.325265,body,138.650387,0.000000,-0.004020,-133.984018,0.000000,-0.001340,141.416155,0.000000,-0.006700,-127.374095,0.000000,-0.009380,0.003630,0.029921,9.784886,0.062851,0.027697,-0.033023
12.816827,582.335206,body,138.650387,0.000000,-0.004020,-133.984018,0.000000,-0.001340,141.414621,0.000000,-0.006700,-127.374095,0.000000,-0.009380,-0.010791,0.049050,9.794402,0.061785,0.027697,-0.034088
12.827084,582.344554,body,138.650387,0.000000,-0.004020,-133.984018,0.000000,-0.001340,141.414621,0.000000,-0.006700,-127.374095,0.000000,-0.009380,-0.022759,0.043066,9.764482,0.061785,0.027697,-0.034088
12.836593,582.354150,body,138.650387,0.000000,-0.004020,-133.984018,0.000000,-0.001340,141.416155,0.000000,-0.006700,-127.374095,0.000000,-0.009380,-0.023936,0.049050,9.794402,0.063916,0.027697,-0.031959
12.846967,582.363516,body,138.650387,0.000000,-0.004020,-133.984018,0.000000,-0.001340,141.416155,0.000000,-0.006700,-127.374095,0.000000,-0.009380,-0.027566,0.052680,9.786064,0.067111,0.027697,-0.028761
12.856956,582.373382,body,138.650387,0.000000,-0.004020,-133.984018,0.000000,-0.001340,141.416155,0.000000,-0.006700,-127.374095,0.000000,-0.009380,-0.017952,0.041889,9.771643,0.063916,0.028761,-0.029828
12.866977,582.382607,body,138.650387,0.000000,-0.004020,-133.984018,0.000000,-0.001340,141.416155,0.000000,-0.006700,-127.374095,0.000000,-0.009380,-0.014323,0.031098,9.762127,0.062851,0.028761,-0.033023
12.877012,582.392268,body,138.650387,0.000000,-0.004020,-133.985552,0.000000,-0.001340,141.416155,0.000000,-0.006700,-127.374095,0.000000,-0.009380,-0.035905,0.056309,9.790871,0.062851,0.027697,-0.031959
12.887079,582.411343,body,138.650387,0.000000,-0.004020,-133.984018,0.000000,-0.001340,141.414621,0.000000,-0.006700,-127.374095,0.000000,-0.009380,-0.009614,0.043066,9.766934,0.064980,0.029828,-0.031959
12.896626,582.420812,body,138.650387,0.000000,-0.004020,-133.984018,0.000000,-0.001340,141.416155,0.000000,-0.006700,-127.374095,0.000000,-0.009380,-0.015598,0.035905,9.780080,0.062851,0.028761,-0.033023
12.906890,582.430556,body,138.650387,0.000000,-0.004020,-133.985552,0.000000,-0.001340,141.416155,0.000000,-0.006700,-127.374095,0.000000,-0.009380,-0.028743,0.043066,9.792048,0.061785,0.027697,-0.030892
12.916580,582.439951,body,138.648854,0.000000,-0.004020,-133.984018,0.000000,-0.001340,141.414621,0.000000,-0.006700,-127.374095,0.000000,-0.009380,-0.039534,0.063471,9.790871,0.064980,0.028761,-0.029828
12.926767,582.449435,body,138.650387,0.000000,-0.004020,-133.984018,0.000000,-0.001340,141.414621,0.000000,-0.006700,-127.374095,0.000000,-0.009380,-0.028743,0.049050,9.784886,0.064980,0.028761,-0.028761
12.936805,582.459247,body,138.650387,0.000000,-0.004020,-133.985552,0.000000,-0.001340,141.416155,0.000000,-0.006700,-127.374095,0.000000,-0.009380,-0.034727,0.056309,9.792048,0.064980,0.028761,-0.030892
12.946681,582.468612,body,138.650387,0.000000,-0.004020,-133.985552,0.000000,-0.001340,141.414621,0.000000,-0.006700,-127.374095,0.000000,-0.009380,-0.032373,0.040712,9.794402,0.064980,0.028761,-0.029828
12.956804,582.478303,body,138.650387,0.000000,-0.004020,-133.984018,0.000000,-0.001340,141.416155,0.000000,-0.006700,-127.374095,0.000000,-0.009380,-0.040712,0.046696,9.802839,0.067111,0.028761,-0.028761
12.966858,582.487729,body,138.650387,0.000000,-0.004020,-133.984018,0.000000,-0.001340,141.416155,0.000000,-0.006700,-127.374095,0.000000,-0.009380,-0.025114,0.052680,9.787241,0.062851,0.028761,-0.031959
12.976961,582.497209,body,138.650387,0.000000,-0.004020,-133.984018,0.000000,-0.001340,141.414621,0.000000,-0.006700,-127.374095,0.000000,-0.009380,-0.009614,0.035905,9.781257,0.061785,0.027697,-0.033023
12.986668,582.507048,body,138.650387,0.000000,-0.004020,-133.984018,0.000000,-0.001340,141.416155,0.000000,-0.006700,-127.374095,0.000000,-0.009380,-0.015598,0.046696,9.784886,0.062851,0.027697,-0.031959
12.996742,582.516536,body,138.650387,0.000000,-0.004020,-133.984018,0.000000,-0.001340,141.416155,0.000000,-0.006700,-127.374095,0.000000,-0.009380,-0.013145,0.039534,9.787241,0.062851,0.027697,-0.033023
13.006794,582.526011,body,138.648854,0.000000,-0.004020,-133.984018,0.000000,-0.001340,141.416155,0.000000,-0.006700,-127.374095,0.000000,-0.009380,-0.011968,0.047873,9.790871,0.061785,0.026632,-0.033023
13.016819,582.535348,body,138.650387,0.000000,-0.004020,-133.985552,0.000000,-0.001340,141.416155,0.000000,-0.006700,-127.374095,0.000000,-0.009380,-0.009614,0.037082,9.765659,0.062851,0.026632,-0.033023
13.026922,582.545152,body,138.650387,0.000000,-0.004020,-133.984018,0.000000,-0.001340,141.416155,0.000000,-0.006700,-127.374095,0.000000,-0.009380,-0.009614,0.039534,9.782434,0.062851,0.028761,-0.033023
13.036900,582.554703,body,138.650387,0.000000,-0.004020,-133.985552,0.000000,-0.001340,141.416155,0.000000,-0.006700,-127.374095,0.000000,-0.009380,-0.010791,0.028743,9.778902,0.063916,0.027697,-0.030892
13.047109,582.564209,body,138.650387,0.000000,-0.004020,-133.984018,0.000000,-0.001340,141.414621,0.000000,-0.006700,-127.374095,0.000000,-0.009380,-0.029921,0.062294,9.788418,0.063916,0.028761,-0.030892
13.056567,582.573758,body,138.650387,0.000000,-0.004020,-133.984018,0.000000,-0.001340,141.416155,0.000000,-0.006700,-127.374095,0.000000,-0.009380,-0.026389,0.056309,9.788418,0.066047,0.028761,-0.028761
13.066576,582.583136,body,138.650387,0.000000,-0.004020,-133.984018,0.000000,-0.001340,141.416155,0.000000,-0.006700,-127.374095,0.000000,-0.009380,-0.014323,0.031098,9.784886,0.063916,0.028761,-0.030892
13.077000,582.592677,body,138.650387,0.000000,-0.004020,-133.984018,0.000000,-0.001340,141.416155,0.000000,-0.006700,-127.374095,0.000000,-0.009380,-0.010791,0.045518,9.787241,0.062851,0.027697,-0.031959
13.086811,582.602437,body,138.650387,0.000000,-0.004020,-133.984018,0.000000,-0.001340,141.416155,0.000000,-0.006700,-127.374095,0.000000,-0.009380,-0.029921,0.064648,9.794402,0.064980,0.027697,-0.030892
13.096991,582.612049,body,138.650387,0.000000,-0.004020,-133.984018,0.000000,-0.001340,141.416155,0.000000,-0.006700,-127.374095,0.000000,-0.009380,-0.028743,0.051503,9.784886,0.066047,0.028761,-0.029828
13.106822,582.631011,body,138.650387,0.000000,-0.004020,-133.984018,0.000000,-0.001340,141.416155,0.000000,-0.006700,-127.374095,0.000000,-0.009380,-0.033550,0.055132,9.792048,0.063916,0.027697,-0.030892
13.116681,582.640563,body,138.650387,0.000000,-0.004020,-133.984018,0.000000,-0.001340,141.416155,0.000000,-0.006700,-127.374095,0.000000,-0.009380,-0.023936,0.056309,9.784886,0.063916,0.027697,-0.030892
13.126726,582.650247,body,138.650387,0.000000,-0.004020,-133.984018,0.000000,-0.001340,141.416155,0.000000,-0.006700,-127.374095,0.000000,-0.009380,-0.026389,0.056309,9.794402,0.064980,0.028761,-0.030892
13.136683,582.659789,body,138.650387,0.000000,-0.004020,-133.984018,0.000000,-0.001340,141.416155,0.000000,-0.006700,-127.374095,0.000000,-0.009380,-0.019130,0.043066,9.780080,0.063916,0.028761,-0.031959
13.146720,582.669117,body,138.650387,0.000000,-0.004020,-133.984018,0.000000,-0.001340,141.416155,0.000000,-0.006700,-127.374095,0.000000,-0.009380,-0.010791,0.035905,9.793225,0.063916,0.026632,-0.033023
13.156907,582.678588,body,138.650387,0.000000,-0.004020,-133.984018,0.000000,-0.001340,141.416155,0.000000,-0.006700,-127.374095,0.000000,-0.009380,-0.039534,0.052680,9.774095,0.064980,0.027697,-0.031959
13.166925,582.688153,body,138.650387,0.000000,-0.004020,-133.984018,0.000000,-0.001340,141.416155,0.000000,-0.006700,-127.374095,0.000000,-0.009380,-0.027566,0.050325,9.780080,0.064980,0.028761,-0.029828
13.177066,582.697951,body,138.650387,0.000000,-0.004020,-133.984018,0.000000,-0.001340,141.416155,0.000000,-0.006700,-127.374095,0.000000,-0.009380,-0.005984,0.037082,9.788418,0.063916,0.026632,-0.030892
13.187017,582.707343,body,138.650387,0.000000,-0.004020,-133.984018,0.000000,-0.001340,141.416155,0.000000,-0.006700,-127.374095,0.000000,-0.009380,-0.020405,0.038357,9.778902,0.061785,0.026632,-0.031959
13.197009,582.717101,body,138.650387,0.000000,-0.004020,-133.984018,0.000000,-0.001340,141.416155,0.000000,-0.006700,-127.374095,0.000000,-0.009380,-0.004807,0.035905,9.787241,0.061785,0.028761,-0.031959
13.206905,582.726382,body,138.648854,0.000000,-0.004020,-133.984018,0.000000,-0.001340,141.416155,0.000000,-0.006700,-127.374095,0.000000,-0.009380,-0.014323,0.044341,9.787241,0.061785,0.027697,-0.031959
13.216922,582.736227,body,138.650387,0.000000,-0.004020,-133.984018,0.000000,-0.001340,141.416155,0.000000,-0.006700,-127.374095,0.000000,-0.009380,-0.033550,0.047873,9.792048,0.064980,0.028761,-0.030892
13.226936,582.745708,body,138.650387,0.000000,-0.004020,-133.985552,0.000000,-0.001340,141.416155,0.000000,-0.006700,-127.374095,0.000000,-0.009380,-0.031098,0.057487,9.793225,0.064980,0.027697,-0.029828
13.236974,582.755210,body,138.650387,0.000000,-0.004020,-133.984018,0.000000,-0.001340,141.416155,0.000000,-0.006700,-127.374095,0.000000,-0.009380,-0.015598,0.045518,9.780080,0.064980,0.028761,-0.030892
13.247030,582.764824,body,138.650387,0.000000,-0.004020,-133.985552,0.000000,-0.001340,141.414621,0.000000,-0.006700,-127.374095,0.000000,-0.009380,-0.020405,0.028743,9.782434,0.061785,0.028761,-0.031959
13.257069,582.774286,body,138.650387,0.000000,-0.004020,-133.984018,0.000000,-0.001340,141.416155,0.000000,-0.006700,-127.374095,0.000000,-0.009380,-0.020405,0.047873,9.776450,0.063916,0.027697,-0.033023
13.266655,582.783750,body,138.650387,0.000000,-0.004020,-133.984018,0.000000,-0.001340,141.416155,0.000000,-0.006700,-127.374095,0.000000,-0.009380,-0.025114,0.037082,9.795677,0.063916,0.028761,-0.031959
13.276889,582.793456,body,138.650387,0.000000,-0.004020,-133.984018,0.000000,-0.001340,141.416155,0.000000,-0.006700,-127.374095,0.000000,-0.009380,-0.029921,0.058664,9.789595,0.064980,0.028761,-0.030892
13.286908,582.802866,body,138.650387,0.000000,-0.004020,-133.984018,0.000000,-0.001340,141.416155,0.000000,-0.006700,-127.374095,0.000000,-0.009380,-0.028743,0.061116,9.790871,0.066047,0.027697,-0.028761
13.296772,582.822057,body,138.650387,0.000000,-0.004020,-133.984018,0.000000,-0.001340,141.414621,0.000000,-0.006700,-127.374095,0.000000,-0.009380,-0.031098,0.055132,9.788418,0.066047,0.028761,-0.028761
13.306967,582.831482,body,138.650387,0.000000,-0.004020,-133.984018,0.000000,-0.001340,141.416155,0.000000,-0.006700,-127.374095,0.000000,-0.009380,-0.039534,0.058664,9.799209,0.063916,0.027697,-0.029828
13.316876,582.840997,body,138.650387,0.000000,-0.004020,-133.984018,0.000000,-0.001340,141.414621,0.000000,-0.006700,-127.374095,0.000000,-0.009380,-0.044341,0.033550,9.796855,0.062851,0.027697,-0.031959
13.326939,582.850568,body,138.650387,0.000000,-0.004020,-133.984018,0.000000,-0.001340,141.414621,0.000000,-0.006700,-127.374095,0.000000,-0.009380,-0.014323,0.051503,9.778902,0.063916,0.027697,-0.030892
13.337077,582.860199,body,138.650387,0.000000,-0.004020,-133.984018,0.000000,-0.001340,141.416155,0.000000,-0.006700,-127.375629,0.000000,-0.009380,-0.023936,0.055132,9.781257,0.061785,0.027697,-0.031959
13.346643,582.869809,body,138.650387,0.000000,-0.004020,-133.985552,0.000000,-0.001340,141.416155,0.000000,-0.006700,-127.374095,0.000000,-0.009380,-0.016775,0.052680,9.772918,0.062851,0.027697,-0.031959
13.356939,582.879172,body,138.650387,0.000000,-0.004020,-133.985552,0.000000,-0.001340,141.416155,0.000000,-0.006700,-127.374095,0.000000,-0.009380,-0.029921,0.058664,9.764482,0.062851,0.027697,-0.031959
13.366965,582.889035,body,138.650387,0.000000,-0.004020,-133.985552,0.000000,-0.001340,141.414621,0.000000,-0.006700,-127.374095,0.000000,-0.009380,-0.021582,0.045518,9.790871,0.063916,0.027697,-0.030892
13.377028,582.898238,body,138.650387,0.000000,-0.004020,-133.984018,0.000000,-0.001340,141.416155,0.000000,-0.006700,-127.374095,0.000000,-0.009380,-0.026389,0.058664,9.795677,0.066047,0.028761,-0.029828
13.386741,582.907796,body,138.650387,0.000000,-0.004020,-133.984018,0.000000,-0.001340,141.416155,0.000000,-0.006700,-127.374095,0.000000,-0.009380,-0.022759,0.047873,9.790871,0.064980,0.027697,-0.030892
13.396849,582.917304,body,138.650387,0.000000,-0.004020,-133.985552,0.000000,-0.001340,141.416155,0.000000,-0.006700,-127.374095,0.000000,-0.009380,-0.027566,0.029921,9.793225,0.061785,0.026632,-0.031959
13.407066,582.927246,body,138.650387,0.000000,-0.004020,-133.984018,0.000000,-0.001340,141.416155,0.000000,-0.006700,-127.374095,0.000000,-0.009380,-0.020405,0.035905,9.783611,0.063916,0.027697,-0.033023
13.416656,582.936436,body,138.650387,0.000000,-0.004020,-133.984018,0.000000,-0.001340,141.416155,0.000000,-0.006700,-127.374095,0.000000,-0.009380,-0.014323,0.041889,9.792048,0.062851,0.027697,-0.033023
13.426865,582.946116,body,138.650387,0.000000,-0.004020,-133.984018,0.000000,-0.001340,141.416155,0.000000,-0.006700,-127.374095,0.000000,-0.009380,-0.011968,0.028743,9.770466,0.062851,0.028761,-0.033023
13.436776,582.955865,body,138.648854,0.000000,-0.004020,-133.985552,0.000000,-0.001340,141.414621,0.000000,-0.006700,-127.374095,0.000000,-0.009380,-0.027566,0.039534,9.774095,0.062851,0.028761,-0.033023
13.446878,582.965253,body,138.650387,0.000000,-0.004020,-133.984018,0.000000,-0.001340,141.414621,0.000000,-0.006700,-127.374095,0.000000,-0.009380,-0.011968,0.039534,9.788418,0.061785,0.027697,-0.034088
13.456901,582.974657,body,138.650387,0.000000,-0.004020,-133.984018,0.000000,-0.001340,141.416155,0.000000,-0.006700,-127.374095,0.000000,-0.009380,-0.015598,0.038357,9.777627,0.061785,0.027697,-0.033023
13.466951,582.984325,body,138.650387,0.000000,-0.004020,-133.984018,0.000000,-0.001340,141.414621,0.000000,-0.006700,-127.374095,0.000000,-0.009380,-0.026389,0.053857,9.787241,0.062851,0.027697,-0.033023
13.476935,582.994078,body,138.650387,0.000000,-0.004020,-133.985552,0.000000,-0.001340,141.416155,0.000000,-0.006700,-127.374095,0.000000,-0.009380,-0.021582,0.051503,9.790871,0.063916,0.028761,-0.030892
13.486588,583.003325,body,138.650387,0.000000,-0.004020,-133.984018,0.000000,-0.001340,141.416155,0.000000,-0.006700,-127.374095,0.000000,-0.009380,-0.017952,0.056309,9.788418,0.064980,0.028761,-0.029828
13.496878,583.013029,body,138.650387,0.000000,-0.004020,-133.984018,0.000000,-0.001340,141.414621,0.000000,-0.006700,-127.374095,0.000000,-0.009380,-0.022759,0.051503,9.800386,0.064980,0.027697,-0.028761
13.506807,583.031979,body,138.650387,0.000000,-0.004020,-133.985552,0.000000,-0.001340,141.416155,0.000000,-0.006700,-127.374095,0.000000,-0.009380,-0.026389,0.050325,9.787241,0.061785,0.026632,-0.031959
13.516655,583.041646,body,138.650387,0.000000,-0.004020,-133.984018,0.000000,-0.001340,141.414621,0.000000,-0.006700,-127.374095,0.000000,-0.009380,-0.023936,0.050325,9.781257,0.062851,0.028761,-0.031959
13.526698,583.051229,body,138.650387,0.000000,-0.004020,-133.984018,0.000000,-0.001340,141.414621,0.000000,-0.006700,-127.375629,0.000000,-0.009380,-0.025114,0.056309,9.777627,0.061785,0.027697,-0.031959
13.536605,583.060926,body,138.650387,0.000000,-0.004020,-133.984018,0.000000,-0.001340,141.416155,0.000000,-0.006700,-127.374095,0.000000,-0.009380,-0.037082,0.050325,9.789595,0.064980,0.027697,-0.030892
13.546939,583.070231,body,138.650387,0.000000,-0.004020,-133.984018,0.000000,-0.001340,141.416155,0.000000,-0.006700,-127.374095,0.000000,-0.009380,-0.031098,0.049050,9.798032,0.067111,0.027697,-0.028761
13.557215,583.079730,body,138.650387,0.000000,-0.004020,-133.984018,0.000000,-0.001340,141.416155,0.000000,-0.006700,-127.374095,0.000000,-0.009380,-0.020405,0.052680,9.804016,0.064980,0.027697,-0.030892
13.567038,583.089414,body,138.650387,0.000000,-0.004020,-133.984018,0.000000,-0.001340,141.416155,0.000000,-0.006700,-127.374095,0.000000,-0.009380,-0.025114,0.043066,9.793225,0.061785,0.027697,-0.031959
13.576604,583.099089,body,138.650387,0.000000,-0.004020,-133.985552,0.000000,-0.001340,141.416155,0.000000,-0.006700,-127.374095,0.000000,-0.009380,-0.019130,0.053857,9.792048,0.062851,0.028761,-0.030892
13.587039,583.108438,body,138.650387,0.000000,-0.004020,-133.984018,0.000000,-0.001340,141.416155,0.000000,-0.006700,-127.374095,0.000000,-0.009380,-0.028743,0.051503,9.781257,0.064980,0.027697,-0.029828
13.596562,583.118228,body,138.650387,0.000000,-0.004020,-133.985552,0.000000,-0.001340,141.414621,0.000000,-0.006700,-127.374095,0.000000,-0.009380,-0.017952,0.044341,9.792048,0.064980,0.028761,-0.028761
13.606665,583.127537,body,138.650387,0.000000,-0.004020,-133.985552,0.000000,-0.001340,141.416155,0.000000,-0.006700,-127.374095,0.000000,-0.009380,-0.029921,0.050325,9.778902,0.064980,0.028761,-0.029828
13.616542,583.137283,body,138.650387,0.000000,-0.004020,-133.984018,0.000000,-0.001340,141.414621,0.000000,-0.006700,-127.374095,0.000000,-0.009380,-0.022759,0.051503,9.790871,0.066047,0.028761,-0.029828
13.626602,583.146567,body,138.650387,0.000000,-0.004020,-133.985552,0.000000,-0.001340,141.416155,0.000000,-0.006700,-127.374095,0.000000,-0.009380,-0.016775,0.052680,9.787241,0.066047,0.029828,-0.028761
13.636612,583.156210,body,138.650387,0.000000,-0.004020,-133.984018,0.000000,-0.001340,141.416155,0.000000,-0.006700,-127.374095,0.000000,-0.009380,-0.019130,0.049050,9.788418,0.066047,0.028761,-0.029828
13.646772,583.165822,body,138.650387,0.000000,-0.004020,-133.984018,0.000000,-0.001340,141.416155,0.000000,-0.006700,-127.374095,0.000000,-0.009380,-0.015598,0.052680,9.793225,0.064980,0.028761,-0.030892
13.657030,583.175371,body,138.650387,0.000000,-0.004020,-133.984018,0.000000,-0.001340,141.416155,0.000000,-0.006700,-127.374095,0.000000,-0.009380,-0.017952,0.050325,9.794402,0.064980,0.028761,-0.031959
13.666687,583.184864,body,138.650387,0.000000,-0.004020,-133.984018,0.000000,-0.001340,141.416155,0.000000,-0.006700,-127.374095,0.000000,-0.009380,-0.028743,0.061116,9.783611,0.066047,0.028761,-0.030892
13.676874,583.194611,body,138.650387,0.000000,-0.004020,-133.985552,0.000000,-0.001340,141.416155,0.000000,-0.006700,-127.374095,0.000000,-0.009380,-0.008339,0.035905,9.786064,0.062851,0.027697,-0.031959
13.686578,583.204151,body,138.650387,0.000000,-0.004020,-133.984018,0.000000,-0.001340,141.414621,0.000000,-0.006700,-127.374095,0.000000,-0.009380,-0.008339,0.047873,9.770466,0.061785,0.026632,-0.033023
13.696757,583.213642,body,138.650387,0.000000,-0.004020,-133.985552,0.000000,-0.001340,141.416155,0.000000,-0.006700,-127.374095,0.000000,-0.009380,-0.022759,0.039534,9.772918,0.062851,0.027697,-0.031959
13.706899,583.223227,body,138.648854,0.000000,-0.004020,-133.984018,0.000000,-0.001340,141.414621,0.000000,-0.006700,-127.374095,0.000000,-0.009380,0.000000,0.037082,9.794402,0.062851,0.027697,-0.031959
13.716999,583.232555,body,138.650387,0.000000,-0.004020,-133.984018,0.000000,-0.001340,141.416155,0.000000,-0.006700,-127.374095,0.000000,-0.009380,-0.013145,0.047873,9.780080,0.062851,0.027697,-0.031959
13.726570,583.242054,body,138.650387,0.000000,-0.004020,-133.984018,0.000000,-0.001340,141.414621,0.000000,-0.006700,-127.374095,0.000000,-0.009380,-0.021582,0.044341,9.771643,0.063916,0.027697,-0.031959
13.736859,583.251568,body,138.650387,0.000000,-0.004020,-133.984018,0.000000,-0.001340,141.416155,0.000000,-0.006700,-127.374095,0.000000,-0.009380,-0.034727,0.055132,9.784886,0.064980,0.028761,-0.029828
13.746707,583.270758,body,138.650387,0.000000,-0.004020,-133.984018,0.000000,-0.001340,141.416155,0.000000,-0.006700,-127.374095,0.000000,-0.009380,-0.027566,0.046696,9.784886,0.064980,0.027697,-0.030892
13.756749,583.280394,body,138.650387,0.000000,-0.004020,-133.984018,0.000000,-0.001340,141.414621,0.000000,-0.006700,-127.374095,0.000000,-0.009380,-0.035905,0.055132,9.774095,0.064980,0.027697,-0.029828
13.767044,583.289747,body,138.650387,0.000000,-0.004020,-133.984018,0.000000,-0.001340,141.416155,0.000000,-0.006700,-127.374095,0.000000,-0.009380,-0.028743,0.046696,9.793225,0.066047,0.027697,-0.030892
13.776670,583.299603,body,138.650387,0.000000,-0.004020,-133.984018,0.000000,-0.001340,141.416155,0.000000,-0.006700,-127.374095,0.000000,-0.009380,-0.016775,0.051503,9.793225,0.067111,0.028761,-0.030892
13.786606,583.309152,body,138.650387,0.000000,-0.004020,-133.984018,0.000000,-0.001340,141.416155,0.000000,-0.006700,-127.374095,0.000000,-0.009380,-0.022759,0.050325,9.796855,0.067111,0.027697,-0.030892
13.797028,583.318607,body,138.650387,0.000000,-0.004020,-133.984018,0.000000,-0.001340,141.416155,0.000000,-0.006700,-127.374095,0.000000,-0.009380,-0.026389,0.051503,9.788418,0.063916,0.027697,-0.031959
13.806528,583.328238,body,138.650387,0.000000,-0.004020,-133.984018,0.000000,-0.001340,141.416155,0.000000,-0.006700,-127.374095,0.000000,-0.009380,-0.026389,0.050325,9.784886,0.064980,0.028761,-0.030892
13.817034,583.337831,body,138.650387,0.000000,-0.004020,-133.985552,0.000000,-0.001340,141.414621,0.000000,-0.006700,-127.374095,0.000000,-0.009380,-0.031098,0.046696,9.784886,0.064980,0.028761,-0.030892
13.826568,583.347342,body,138.650387,0.000000,-0.004020,-133.984018,0.000000,-0.001340,141.416155,0.000000,-0.006700,-127.374095,0.000000,-0.009380,-0.041889,0.047873,9.794402,0.064980,0.027697,-0.029828
13.836676,583.356910,body,138.650387,0.000000,-0.004020,-133.984018,0.000000,-0.001340,141.416155,0.000000,-0.006700,-127.374095,0.000000,-0.009380,-0.039534,0.061116,9.790871,0.064980,0.026632,-0.030892
13.846901,583.366380,body,138.650387,0.000000,-0.004020,-133.984018,0.000000,-0.001340,141.416155,0.000000,-0.006700,-127.374095,0.000000,-0.009380,-0.026389,0.053857,9.788418,0.066047,0.028761,-0.029828
13.856804,583.375726,body,138.650387,0.000000,-0.004020,-133.984018,0.000000,-0.001340,141.416155,0.000000,-0.006700,-127.374095,0.000000,-0.009380,-0.028743,0.056309,9.778902,0.064980,0.028761,-0.029828
13.866714,583.385380,body,138.650387,0.000000,-0.004020,-133.984018,0.000000,-0.001340,141.416155,0.000000,-0.006700,-127.374095,0.000000,-0.009380,-0.017952,0.049050,9.784886,0.063916,0.028761,-0.031959
13.876763,583.395018,body,138.650387,0.000000,-0.004020,-133.984018,0.000000,-0.001340,141.416155,0.000000,-0.006700,-127.374095,0.000000,-0.009380,-0.011968,0.041889,9.781257,0.061785,0.027697,-0.034088
13.887039,583.404474,body,138.650387,0.000000,-0.004020,-133.984018,0.000000,-0.001340,141.416155,0.000000,-0.006700,-127.374095,0.000000,-0.009380,-0.014323,0.045518,9.781257,0.063916,0.027697,-0.031959
13.896990,583.414042,body,138.650387,0.000000,-0.004020,-133.984018,0.000000,-0.001340,141.416155,0.000000,-0.006700,-127.374095,0.000000,-0.009380,-0.005984,0.045518,9.778902,0.063916,0.027697,-0.031959
13.906765,583.423418,body,138.650387,0.000000,-0.004020,-133.985552,0.000000,-0.001340,141.416155,0.000000,-0.006700,-127.374095,0.000000,-0.009380,-0.021582,0.039534,9.781257,0.062851,0.027697,-0.031959
13.916723,583.433301,body,138.650387,0.000000,-0.004020,-133.984018,0.000000,-0.001340,141.416155,0.000000,-0.006700,-127.374095,0.000000,-0.009380,-0.019130,0.055132,9.778902,0.062851,0.027697,-0.033023
13.926927,583.442590,body,138.650387,0.000000,-0.004020,-133.984018,0.000000,-0.001340,141.416155,0.000000,-0.006700,-127.374095,0.000000,-0.009380,-0.017952,0.040712,9.784886,0.061785,0.026632,-0.033023
13.936631,583.452393,body,138.650387,0.000000,-0.004020,-133.984018,0.000000,-0.001340,141.416155,0.000000,-0.006700,-127.374095,0.000000,-0.009380,-0.020405,0.033550,9.780080,0.063916,0.027697,-0.031959
13.947001,583.471150,body,138.650387,0.000000,-0.004020,-133.984018,0.000000,-0.001340,141.416155,0.000000,-0.006700,-127.374095,0.000000,-0.009380,-0.038357,0.051503,9.786064,0.066047,0.028761,-0.029828
13.957029,583.480946,body,138.650387,0.000000,-0.004020,-133.984018,0.000000,-0.001340,141.416155,0.000000,-0.006700,-127.374095,0.000000,-0.009380,-0.025114,0.041889,9.787241,0.067111,0.029828,-0.030892
13.966810,583.490601,body,138.650387,0.000000,-0.004020,-133.984018,0.000000,-0.001340,141.416155,0.000000,-0.006700,-127.374095,0.000000,-0.009380,-0.027566,0.049050,9.798032,0.066047,0.029828,-0.029828
13.976908,583.500149,body,138.650387,0.000000,-0.004020,-133.984018,0.000000,-0.001340,141.416155,0.000000,-0.006700,-127.374095,0.000000,-0.009380,-0.027566,0.039534,9.776450,0.064980,0.029828,-0.030892
13.987024,583.509533,body,138.650387,0.000000,-0.004020,-133.984018,0.000000,-0.001340,141.414621,0.000000,-0.006700,-127.374095,0.000000,-0.009380,-0.038357,0.062294,9.777627,0.067111,0.028761,-0.030892
13.996908,583.518959,body,138.650387,0.000000,-0.004020,-133.984018,0.000000,-0.001340,141.416155,0.000000,-0.006700,-127.374095,0.000000,-0.009380,-0.037082,0.056309,9.800386,0.064980,0.027697,-0.030892
14.007012,583.528509,body,138.650387,0.000000,-0.004020,-133.984018,0.000000,-0.001340,141.414621,0.000000,-0.006700,-127.374095,0.000000,-0.009380,-0.035905,0.052680,9.800386,0.064980,0.028761,-0.030892
14.017054,583.538173,body,138.650387,0.000000,-0.004020,-133.985552,0.000000,-0.001340,141.414621,0.000000,-0.006700,-127.374095,0.000000,-0.009380,-0.043066,0.062294,9.784886,0.063916,0.028761,-0.030892
14.026838,583.547925,body,138.650387,0.000000,-0.004020,-133.984018,0.000000,-0.001340,141.416155,0.000000,-0.006700,-127.375629,0.000000,-0.009380,-0.021582,0.051503,9.790871,0.064980,0.028761,-0.030892
14.036636,583.557477,body,138.650387,0.000000,-0.004020,-133.984018,0.000000,-0.001340,141.414621,0.000000,-0.006700,-127.374095,0.000000,-0.009380,-0.029921,0.033550,9.780080,0.063916,0.027697,-0.031959
14.046807,583.566806,body,138.650387,0.000000,-0.004020,-133.984018,0.000000,-0.001340,141.414621,0.000000,-0.006700,-127.374095,0.000000,-0.009380,-0.017952,0.049050,9.782434,0.061785,0.027697,-0.033023
14.056992,583.576459,body,138.650387,0.000000,-0.004020,-133.984018,0.000000,-0.001340,141.416155,0.000000,-0.006700,-127.374095,0.000000,-0.009380,-0.026389,0.043066,9.786064,0.063916,0.028761,-0.030892
14.066817,583.585801,body,138.650387,0.000000,-0.004020,-133.984018,0.000000,-0.001340,141.414621,0.000000,-0.006700,-127.374095,0.000000,-0.009380,-0.034727,0.055132,9.788418,0.064980,0.028761,-0.029828
14.076869,583.595427,body,138.650387,0.000000,-0.004020,-133.984018,0.000000,-0.001340,141.416155,0.000000,-0.006700,-127.374095,0.000000,-0.009380,-0.034727,0.045518,9.776450,0.066047,0.028761,-0.029828
14.086915,583.604859,body,138.650387,0.000000,-0.004020,-133.984018,0.000000,-0.001340,141.414621,0.000000,-0.006700,-127.374095,0.000000,-0.009380,-0.016775,0.056309,9.790871,0.064980,0.029828,-0.029828
14.096981,583.614414,body,138.650387,0.000000,-0.004020,-133.984018,0.000000,-0.001340,141.416155,0.000000,-0.006700,-127.374095,0.000000,-0.009380,-0.035905,0.063471,9.804016,0.066047,0.028761,-0.029828
14.107014,583.624174,body,138.650387,0.000000,-0.004020,-133.984018,0.000000,-0.001340,141.414621,0.000000,-0.006700,-127.374095,0.000000,-0.009380,-0.034727,0.052680,9.786064,0.066047,0.028761,-0.028761
14.116598,583.633860,body,138.650387,0.000000,-0.004020,-133.984018,0.000000,-0.001340,141.416155,0.000000,-0.006700,-127.374095,0.000000,-0.009380,-0.017952,0.037082,9.768111,0.063916,0.027697,-0.030892
14.126985,583.643076,body,138.650387,0.000000,-0.004020,-133.984018,0.000000,-0.001340,141.416155,0.000000,-0.006700,-127.374095,0.000000,-0.009380,-0.026389,0.040712,9.769289,0.062851,0.026632,-0.031959
14.136980,583.652643,body,138.650387,0.000000,-0.004020,-133.984018,0.000000,-0.001340,141.416155,0.000000,-0.006700,-127.374095,0.000000,-0.009380,-0.037082,0.059841,9.784886,0.063916,0.027697,-0.031959
14.146974,583.662249,body,138.650387,0.000000,-0.004020,-133.984018,0.000000,-0.001340,141.416155,0.000000,-0.006700,-127.374095,0.000000,-0.009380,-0.039534,0.055132,9.806370,0.066047,0.028761,-0.029828
14.157006,583.671824,body,138.650387,0.000000,-0.004020,-133.984018,0.000000,-0.001340,141.414621,0.000000,-0.006700,-127.374095,0.000000,-0.009380,-0.029921,0.029921,9.787241,0.066047,0.028761,-0.031959
14.167075,583.690973,body,138.650387,0.000000,-0.004020,-133.984018,0.000000,-0.001340,141.414621,0.000000,-0.006700,-127.374095,0.000000,-0.009380,-0.011968,0.038357,9.783611,0.062851,0.027697,-0.033023
14.176834,583.700359,body,138.650387,0.000000,-0.004020,-133.984018,0.000000,-0.001340,141.416155,0.000000,-0.006700,-127.374095,0.000000,-0.009380,-0.035905,0.034727,9.781257,0.062851,0.027697,-0.033023
14.186759,583.709955,body,138.650387,0.000000,-0.004020,-133.984018,0.000000,-0.001340,141.416155,0.000000,-0.006700,-127.374095,0.000000,-0.009380,-0.004807,0.052680,9.784886,0.061785,0.028761,-0.033023
14.196888,583.719801,body,138.650387,0.000000,-0.004020,-133.984018,0.000000,-0.001340,141.414621,0.000000,-0.006700,-127.374095,0.000000,-0.009380,-0.021582,0.040712,9.775273,0.062851,0.026632,-0.031959
14.206566,583.729294,body,138.650387,0.000000,-0.004020,-133.984018,0.000000,-0.001340,141.414621,0.000000,-0.006700,-127.374095,0.000000,-0.009380,-0.016775,0.037082,9.778902,0.062851,0.027697,-0.031959
14.216609,583.738860,body,138.650387,0.000000,-0.004020,-133.985552,0.000000,-0.001340,141.414621,0.000000,-0.006700,-127.374095,0.000000,-0.009380,-0.009614,0.045518,9.789595,0.062851,0.027697,-0.033023
14.226677,583.748404,body,138.650387,0.000000,-0.004020,-133.984018,0.000000,-0.001340,141.414621,0.000000,-0.006700,-127.374095,0.000000,-0.009380,-0.020405,0.037082,9.776450,0.061785,0.027697,-0.031959
14.236749,583.757942,body,138.650387,0.000000,-0.004020,-133.984018,0.000000,-0.001340,141.416155,0.000000,-0.006700,-127.374095,0.000000,-0.009380,-0.020405,0.043066,9.784886,0.062851,0.027697,-0.034088
14.246641,583.767220,body,138.650387,0.000000,-0.004020,-133.984018,0.000000,-0.001340,141.416155,0.000000,-0.006700,-127.374095,0.000000,-0.009380,-0.034727,0.053857,9.783611,0.063916,0.028761,-0.033023
14.256638,583.777061,body,138.650387,0.000000,-0.004020,-133.984018,0.000000,-0.001340,141.416155,0.000000,-0.006700,-127.374095,0.000000,-0.009380,-0.013145,0.047873,9.789595,0.064980,0.028761,-0.030892
14.266842,583.786512,body,138.650387,0.000000,-0.004020,-133.984018,0.000000,-0.001340,141.414621,0.000000,-0.006700,-127.374095,0.000000,-0.009380,-0.021582,0.047873,9.777627,0.063916,0.028761,-0.031959
14.276923,583.795992,body,138.650387,0.000000,-0.004020,-133.984018,0.000000,-0.001340,141.414621,0.000000,-0.006700,-127.374095,0.000000,-0.009380,-0.015598,0.041889,9.795677,0.062851,0.026632,-0.034088
14.286888,583.805480,body,138.650387,0.000000,-0.004020,-133.984018,0.000000,-0.001340,141.414621,0.000000,-0.006700,-127.374095,0.000000,-0.009380,-0.025114,0.051503,9.795677,0.064980,0.026632,-0.030892
14.296922,583.815017,body,138.650387,0.000000,-0.004020,-133.984018,0.000000,-0.001340,141.414621,0.000000,-0.006700,-127.374095,0.000000,-0.009380,-0.031098,0.061116,9.792048,0.067111,0.028761,-0.029828
14.306596,583.824767,body,138.650387,0.000000,-0.004020,-133.985552,0.000000,-0.001340,141.416155,0.000000,-0.006700,-127.374095,0.000000,-0.009380,-0.007161,0.035905,9.789595,0.064980,0.027697,-0.029828
14.316994,583.834317,body,138.650387,0.000000,-0.004020,-133.984018,0.000000,-0.001340,141.416155,0.000000,-0.006700,-127.374095,0.000000,-0.009380,-0.017952,0.040712,9.781257,0.062851,0.027697,-0.033023
14.326734,583.843814,body,138.650387,0.000000,-0.004020,-133.985552,0.000000,-0.001340,141.416155,0.000000,-0.006700,-127.374095,0.000000,-0.009380,-0.015598,0.045518,9.790871,0.062851,0.027697,-0.033023
14.336898,583.853458,body,138.650387,0.000000,-0.004020,-133.984018,0.000000,-0.001340,141.416155,0.000000,-0.006700,-127.374095,0.000000,-0.009380,-0.009614,0.040712,9.783611,0.063916,0.028761,-0.030892
14.346908,583.862816,body,138.650387,0.000000,-0.004020,-133.984018,0.000000,-0.001340,141.416155,0.000000,-0.006700,-127.374095,0.000000,-0.009380,-0.025114,0.039534,9.781257,0.064980,0.028761,-0.030892
14.356961,583.882025,body,138.650387,0.000000,-0.004020,-133.985552,0.000000,-0.001340,141.416155,0.000000,-0.006700,-127.374095,0.000000,-0.009380,-0.023936,0.040712,9.777627,0.064980,0.027697,-0.031959
14.366972,583.891389,body,138.650387,0.000000,-0.004020,-133.984018,0.000000,-0.001340,141.416155,0.000000,-0.006700,-127.374095,0.000000,-0.009380,-0.014323,0.041889,9.781257,0.063916,0.026632,-0.033023
14.376899,583.901202,body,138.650387,0.000000,-0.004020,-133.985552,0.000000,-0.001340,141.416155,0.000000,-0.006700,-127.374095,0.000000,-0.009380,-0.027566,0.052680,9.782434,0.064980,0.027697,-0.031959
14.387030,583.910429,body,138.650387,0.000000,-0.004020,-133.984018,0.000000,-0.001340,141.416155,0.000000,-0.006700,-127.374095,0.000000,-0.009380,-0.039534,0.056309,9.781257,0.064980,0.027697,-0.029828
14.396629,583.920145,body,138.650387,0.000000,-0.004020,-133.984018,0.000000,-0.001340,141.414621,0.000000,-0.006700,-127.374095,0.000000,-0.009380,-0.029921,0.058664,9.781257,0.064980,0.028761,-0.029828
14.406863,583.929583,body,138.650387,0.000000,-0.004020,-133.984018,0.000000,-0.001340,141.414621,0.000000,-0.006700,-127.374095,0.000000,-0.009380,-0.028743,0.058664,9.784886,0.063916,0.027697,-0.030892
14.416692,583.939237,body,138.650387,0.000000,-0.004020,-133.984018,0.000000,-0.001340,141.416155,0.000000,-0.006700,-127.374095,0.000000,-0.009380,-0.011968,0.038357,9.768111,0.064980,0.028761,-0.030892
14.426991,583.948642,body,138.650387,0.000000,-0.004020,-133.984018,0.000000,-0.001340,141.414621,0.000000,-0.006700,-127.374095,0.000000,-0.009380,-0.009614,0.029921,9.768111,0.062851,0.026632,-0.034088
14.436991,583.958179,body,138.650387,0.000000,-0.004020,-133.984018,0.000000,-0.001340,141.414621,0.000000,-0.006700,-127.374095,0.000000,-0.009380,-0.011968,0.038357,9.774095,0.061785,0.027697,-0.033023
14.447019,583.967989,body,138.650387,0.000000,-0.004020,-133.984018,0.000000,-0.001340,141.414621,0.000000,-0.006700,-127.374095,0.000000,-0.009380,-0.014323,0.045518,9.782434,0.061785,0.027697,-0.031959
14.457046,583.977389,body,138.650387,0.000000,-0.004020,-133.984018,0.000000,-0.001340,141.414621,0.000000,-0.006700,-127.374095,0.000000,-0.009380,-0.029921,0.049050,9.793225,0.062851,0.027697,-0.031959
14.466566,583.986815,body,138.650387,0.000000,-0.004020,-133.984018,0.000000,-0.001340,141.416155,0.000000,-0.006700,-127.374095,0.000000,-0.009380,-0.031098,0.065825,9.778902,0.064980,0.027697,-0.030892
14.476687,583.996465,body,138.650387,0.000000,-0.004020,-133.984018,0.000000,-0.001340,141.416155,0.000000,-0.006700,-127.374095,0.000000,-0.009380,-0.038357,0.059841,9.783611,0.063916,0.028761,-0.029828
14.486708,584.006107,body,138.650387,0.000000,-0.004020,-133.984018,0.000000,-0.001340,141.416155,0.000000,-0.006700,-127.374095,0.000000,-0.009380,-0.022759,0.052680,9.776450,0.064980,0.028761,-0.029828
14.496588,584.015694,body,138.650387,0.000000,-0.004020,-133.984018,0.000000,-0.001340,141.416155,0.000000,-0.006700,-127.374095,0.000000,-0.009380,-0.017952,0.053857,9.769289,0.063916,0.027697,-0.029828
14.506821,584.025108,body,138.650387,0.000000,-0.004020,-133.985552,0.000000,-0.001340,141.414621,0.000000,-0.006700,-127.374095,0.000000,-0.009380,-0.025114,0.062294,9.790871,0.062851,0.026632,-0.031959
14.517034,584.034770,body,138.650387,0.000000,-0.004020,-133.984018,0.000000,-0.001340,141.414621,0.000000,-0.006700,-127.374095,0.000000,-0.009380,-0.026389,0.057487,9.772918,0.063916,0.028761,-0.033023
14.526619,584.044335,body,138.650387,0.000000,-0.004020,-133.984018,0.000000,-0.001340,141.416155,0.000000,-0.006700,-127.374095,0.000000,-0.009380,-0.021582,0.064648,9.781257,0.062851,0.028761,-0.031959
14.536838,584.053960,body,138.650387,0.000000,-0.004020,-133.984018,0.000000,-0.001340,141.414621,0.000000,-0.006700,-127.374095,0.000000,-0.009380,-0.021582,0.051503,9.771643,0.064980,0.028761,-0.031959
14.546866,584.063187,body,138.650387,0.000000,-0.004020,-133.984018,0.000000,-0.001340,141.416155,0.000000,-0.006700,-127.374095,0.000000,-0.009380,-0.025114,0.050325,9.772918,0.062851,0.027697,-0.033023
14.556900,584.072912,body,138.650387,0.000000,-0.004020,-133.984018,0.000000,-0.001340,141.416155,0.000000,-0.006700,-127.374095,0.000000,-0.009380,-0.028743,0.052680,9.774095,0.062851,0.027697,-0.033023
14.566940,584.082353,body,138.650387,0.000000,-0.004020,-133.984018,0.000000,-0.001340,141.414621,0.000000,-0.006700,-127.374095,0.000000,-0.009380,-0.025114,0.047873,9.780080,0.062851,0.028761,-0.031959
14.576986,584.092141,body,138.650387,0.000000,-0.004020,-133.984018,0.000000,-0.001340,141.416155,0.000000,-0.006700,-127.374095,0.000000,-0.009380,-0.039534,0.055132,9.790871,0.064980,0.028761,-0.030892
14.587056,584.111219,body,138.650387,0.000000,-0.004020,-133.984018,0.000000,-0.001340,141.414621,0.000000,-0.006700,-127.374095,0.000000,-0.009380,-0.016775,0.045518,9.789595,0.064980,0.028761,-0.031959
14.596687,584.120667,body,138.650387,0.000000,-0.004020,-133.984018,0.000000,-0.001340,141.416155,0.000000,-0.006700,-127.374095,0.000000,-0.009380,-0.017952,0.050325,9.793225,0.061785,0.027697,-0.031959
14.606985,584.130079,body,138.650387,0.000000,-0.004020,-133.984018,0.000000,-0.001340,141.416155,0.000000,-0.006700,-127.374095,0.000000,-0.009380,-0.011968,0.040712,9.782434,0.061785,0.026632,-0.031959
14.616668,584.139579,body,138.650387,0.000000,-0.004020,-133.984018,0.000000,-0.001340,141.414621,0.000000,-0.006700,-127.375629,0.000000,-0.009380,-0.019130,0.034727,9.768111,0.064980,0.026632,-0.031959
14.626860,584.149180,body,138.650387,0.000000,-0.004020,-133.984018,0.000000,-0.001340,141.416155,0.000000,-0.006700,-127.374095,0.000000,-0.009380,-0.015598,0.049050,9.783611,0.062851,0.027697,-0.033023
14.636859,584.158738,body,138.650387,0.000000,-0.004020,-133.984018,0.000000,-0.001340,141.414621,0.000000,-0.006700,-127.374095,0.000000,-0.009380,-0.017952,0.043066,9.777627,0.063916,0.027697,-0.031959
14.646886,584.168261,body,138.650387,0.000000,-0.004020,-133.985552,0.000000,-0.001340,141.416155,0.000000,-0.006700,-127.374095,0.000000,-0.009380,-0.019130,0.039534,9.782434,0.062851,0.027697,-0.033023
14.656918,584.178082,body,138.650387,0.000000,-0.004020,-133.985552,0.000000,-0.001340,141.414621,0.000000,-0.006700,-127.374095,0.000000,-0.009380,-0.007161,0.035905,9.787241,0.062851,0.026632,-0.033023
14.667026,584.187673,body,138.650387,0.000000,-0.004020,-133.984018,0.000000,-0.001340,141.416155,0.000000,-0.006700,-127.374095,0.000000,-0.009380,-0.037082,0.043066,9.789595,0.063916,0.027697,-0.031959
14.676562,584.196916,body,138.650387,0.000000,-0.004020,-133.984018,0.000000,-0.001340,141.416155,0.000000,-0.006700,-127.374095,0.000000,-0.009380,-0.038357,0.045518,9.792048,0.064980,0.028761,-0.029828
14.686586,584.206689,body,138.650387,0.000000,-0.004020,-133.985552,0.000000,-0.001340,141.416155,0.000000,-0.006700,-127.374095,0.000000,-0.009380,-0.037082,0.049050,9.788418,0.064980,0.028761,-0.030892
14.696744,584.216267,body,138.650387,0.000000,-0.004020,-133.984018,0.000000,-0.001340,141.414621,0.000000,-0.006700,-127.374095,0.000000,-0.009380,-0.020405,0.056309,9.788418,0.063916,0.027697,-0.031959
14.706743,584.225775,body,138.650387,0.000000,-0.004020,-133.984018,0.000000,-0.001340,141.416155,0.000000,-0.006700,-127.374095,0.000000,-0.009380,-0.017952,0.059841,9.788418,0.062851,0.027697,-0.031959
14.716649,584.235289,body,138.650387,0.000000,-0.004020,-133.985552,0.000000,-0.001340,141.416155,0.000000,-0.006700,-127.374095,0.000000,-0.009380,-0.023936,0.052680,9.786064,0.062851,0.028761,-0.033023
14.727010,584.244776,body,138.650387,0.000000,-0.004020,-133.985552,0.000000,-0.001340,141.416155,0.000000,-0.006700,-127.374095,0.000000,-0.009380,-0.020405,0.058664,9.784886,0.063916,0.028761,-0.031959
14.736620,584.254244,body,138.650387,0.000000,-0.004020,-133.984018,0.000000,-0.001340,141.416155,0.000000,-0.006700,-127.374095,0.000000,-0.009380,-0.033550,0.058664,9.794402,0.062851,0.029828,-0.030892
14.747015,584.263970,body,138.650387,0.000000,-0.004020,-133.984018,0.000000,-0.001340,141.414621,0.000000,-0.006700,-127.374095,0.000000,-0.009380,-0.015598,0.041889,9.777627,0.062851,0.028761,-0.033023
14.756652,584.273628,body,138.650387,0.000000,-0.004020,-133.985552,0.000000,-0.001340,141.416155,0.000000,-0.006700,-127.375629,0.000000,-0.009380,-0.015598,0.046696,9.787241,0.060720,0.028761,-0.034088
14.767062,584.292382,body,138.650387,0.000000,-0.004020,-133.985552,0.000000,-0.001340,141.416155,0.000000,-0.006700,-127.374095,0.000000,-0.009380,-0.015598,0.051503,9.771643,0.061785,0.027697,-0.034088
14.776686,584.302212,body,138.650387,0.000000,-0.004020,-133.985552,0.000000,-0.001340,141.416155,0.000000,-0.006700,-127.374095,0.000000,-0.009380,-0.032373,0.059841,9.799209,0.062851,0.028761,-0.034088
14.786718,584.311851,body,138.650387,0.000000,-0.004020,-133.984018,0.000000,-0.001340,141.416155,0.000000,-0.006700,-127.374095,0.000000,-0.009380,-0.029921,0.049050,9.793225,0.064980,0.028761,-0.031959
14.796770,584.321175,body,138.650387,0.000000,-0.004020,-133.985552,0.000000,-0.001340,141.416155,0.000000,-0.006700,-127.374095,0.000000,-0.009380,-0.022759,0.058664,9.781257,0.066047,0.028761,-0.030892
14.806685,584.330933,body,138.650387,0.000000,-0.004020,-133.984018,0.000000,-0.001340,141.414621,0.000000,-0.006700,-127.374095,0.000000,-0.009380,-0.034727,0.050325,9.786064,0.064980,0.028761,-0.031959
14.816686,584.340348,body,138.650387,0.000000,-0.004020,-133.984018,0.000000,-0.001340,141.416155,0.000000,-0.006700,-127.374095,0.000000,-0.009380,-0.008339,0.037082,9.769289,0.062851,0.026632,-0.031959
14.826778,584.349808,body,138.650387,0.000000,-0.004020,-133.984018,0.000000,-0.001340,141.416155,0.000000,-0.006700,-127.374095,0.000000,-0.009380,-0.013145,0.043066,9.793225,0.062851,0.027697,-0.033023
14.836744,584.359589,body,138.650387,0.000000,-0.004020,-133.984018,0.000000,-0.001340,141.416155,0.000000,-0.006700,-127.374095,0.000000,-0.009380,-0.021582,0.049050,9.795677,0.063916,0.028761,-0.031959
14.846991,584.368848,body,138.650387,0.000000,-0.004020,-133.984018,0.000000,-0.001340,141.416155,0.000000,-0.006700,-127.374095,0.000000,-0.009380,-0.020405,0.055132,9.789595,0.063916,0.028761,-0.029828
14.856743,584.378607,body,138.650387,0.000000,-0.004020,-133.984018,0.000000,-0.001340,141.416155,0.000000,-0.006700,-127.374095,0.000000,-0.009380,-0.021582,0.059841,9.795677,0.066047,0.027697,-0.030892
14.867045,584.388100,body,138.650387,0.000000,-0.004020,-133.985552,0.000000,-0.001340,141.414621,0.000000,-0.006700,-127.374095,0.000000,-0.009380,-0.023936,0.052680,9.795677,0.064980,0.028761,-0.031959
14.876611,584.397462,body,138.650387,0.000000,-0.004020,-133.984018,0.000000,-0.001340,141.416155,0.000000,-0.006700,-127.374095,0.000000,-0.009380,-0.014323,0.035905,9.772918,0.062851,0.027697,-0.033023
14.886926,584.407214,body,138.650387,0.000000,-0.004020,-133.984018,0.000000,-0.001340,141.416155,0.000000,-0.006700,-127.374095,0.000000,-0.009380,-0.023936,0.040712,9.781257,0.061785,0.027697,-0.034088
14.896958,584.416689,body,138.650387,0.000000,-0.004020,-133.984018,0.000000,-0.001340,141.416155,0.000000,-0.006700,-127.374095,0.000000,-0.009380,-0.033550,0.038357,9.787241,0.062851,0.028761,-0.033023
14.906631,584.426079,body,138.650387,0.000000,-0.004020,-133.984018,0.000000,-0.001340,141.414621,0.000000,-0.006700,-127.375629,0.000000,-0.009380,-0.032373,0.050325,9.780080,0.066047,0.028761,-0.031959
14.916660,584.435805,body,138.650387,0.000000,-0.004020,-133.985552,0.000000,-0.001340,141.416155,0.000000,-0.006700,-127.375629,0.000000,-0.009380,-0.016775,0.047873,9.770466,0.063916,0.027697,-0.033023
14.926601,584.445214,body,138.650387,0.000000,-0.004020,-133.984018,0.000000,-0.001340,141.414621,0.000000,-0.006700,-127.374095,0.000000,-0.009380,-0.013145,0.034727,9.781257,0.062851,0.028761,-0.033023
14.936738,584.455047,body,138.650387,0.000000,-0.004020,-133.984018,0.000000,-0.001340,141.416155,0.000000,-0.006700,-127.374095,0.000000,-0.009380,-0.019130,0.052680,9.792048,0.062851,0.027697,-0.033023
14.946803,584.464569,body,138.650387,0.000000,-0.004020,-133.984018,0.000000,-0.001340,141.416155,0.000000,-0.006700,-127.374095,0.000000,-0.009380,-0.022759,0.053857,9.796855,0.064980,0.028761,-0.031959
14.956803,584.474042,body,138.650387,0.000000,-0.004020,-133.984018,0.000000,-0.001340,141.416155,0.000000,-0.006700,-127.374095,0.000000,-0.009380,-0.017952,0.049050,9.795677,0.064980,0.028761,-0.030892
14.966547,584.483540,body,138.650387,0.000000,-0.004020,-133.985552,0.000000,-0.001340,141.414621,0.000000,-0.006700,-127.374095,0.000000,-0.009380,-0.026389,0.053857,9.792048,0.062851,0.027697,-0.031959
14.976589,584.492911,body,138.648854,0.000000,-0.004020,-133.984018,0.000000,-0.001340,141.416155,0.000000,-0.006700,-127.374095,0.000000,-0.009380,-0.038357,0.053857,9.798032,0.061785,0.027697,-0.033023
14.986759,584.502837,body,138.650387,0.000000,-0.004020,-133.984018,0.000000,-0.001340,141.414621,0.000000,-0.006700,-127.374095,0.000000,-0.009380,-0.014323,0.049050,9.782434,0.062851,0.026632,-0.033023
14.996989,584.521760,body,138.650387,0.000000,-0.004020,-133.984018,0.000000,-0.001340,141.416155,0.000000,-0.006700,-127.374095,0.000000,-0.009380,-0.022759,0.061116,9.782434,0.064980,0.027697,-0.031959
15.007028,584.531194,body,138.650387,0.000000,-0.004020,-133.984018,0.000000,-0.001340,141.416155,0.000000,-0.006700,-127.374095,0.000000,-0.009380,-0.015598,0.052680,9.788418,0.063916,0.028761,-0.031959
15.016859,584.540644,body,138.650387,0.000000,-0.004020,-133.984018,0.000000,-0.001340,141.416155,0.000000,-0.006700,-127.374095,0.000000,-0.009380,-0.021582,0.053857,9.790871,0.064980,0.027697,-0.031959
15.027029,584.550222,body,138.650387,0.000000,-0.004020,-133.984018,0.000000,-0.001340,141.414621,0.000000,-0.006700,-127.374095,0.000000,-0.009380,-0.021582,0.055132,9.789595,0.062851,0.027697,-0.031959
15.036814,584.559974,body,138.650387,0.000000,-0.004020,-133.984018,0.000000,-0.001340,141.416155,0.000000,-0.006700,-127.374095,0.000000,-0.009380,-0.023936,0.057487,9.789595,0.064980,0.027697,-0.031959
15.046837,584.569329,body,138.650387,0.000000,-0.004020,-133.984018,0.000000,-0.001340,141.416155,0.000000,-0.006700,-127.374095,0.000000,-0.009380,-0.031098,0.028743,9.784886,0.063916,0.028761,-0.033023
15.056983,584.578950,body,138.650387,0.000000,-0.004020,-133.984018,0.000000,-0.001340,141.416155,0.000000,-0.006700,-127.374095,0.000000,-0.009380,-0.015598,0.037082,9.770466,0.061785,0.027697,-0.034088
15.067011,584.588497,body,138.650387,0.000000,-0.004020,-133.984018,0.000000,-0.001340,141.414621,0.000000,-0.006700,-127.374095,0.000000,-0.009380,-0.015598,0.035905,9.782434,0.061785,0.027697,-0.031959
15.077029,584.598226,body,138.650387,0.000000,-0.004020,-133.984018,0.000000,-0.001340,141.416155,0.000000,-0.006700,-127.374095,0.000000,-0.009380,-0.021582,0.039534,9.778902,0.063916,0.027697,-0.031959
15.087050,584.607843,body,138.650387,0.000000,-0.004020,-133.984018,0.000000,-0.001340,141.416155,0.000000,-0.006700,-127.375629,0.000000,-0.009380,-0.020405,0.052680,9.786064,0.064980,0.026632,-0.030892
15.097088,584.617309,body,138.648854,0.000000,-0.004020,-133.985552,0.000000,-0.001340,141.416155,0.000000,-0.006700,-127.374095,0.000000,-0.009380,-0.016775,0.045518,9.789595,0.063916,0.028761,-0.030892
15.106819,584.626615,body,138.650387,0.000000,-0.004020,-133.984018,0.000000,-0.001340,141.416155,0.000000,-0.006700,-127.374095,0.000000,-0.009380,0.000000,0.037082,9.780080,0.063916,0.027697,-0.033023
15.116977,584.636244,body,138.650387,0.000000,-0.004020,-133.985552,0.000000,-0.001340,141.414621,0.000000,-0.006700,-127.374095,0.000000,-0.009380,-0.023936,0.041889,9.776450,0.062851,0.027697,-0.033023
15.126632,584.645736,body,138.650387,0.000000,-0.004020,-133.984018,0.000000,-0.001340,141.416155,0.000000,-0.006700,-127.374095,0.000000,-0.009380,-0.011968,0.033550,9.781257,0.062851,0.026632,-0.031959
15.137014,584.655382,body,138.650387,0.000000,-0.004020,-133.985552,0.000000,-0.001340,141.416155,0.000000,-0.006700,-127.374095,0.000000,-0.009380,-0.013145,0.035905,9.793225,0.063916,0.027697,-0.031959
15.146548,584.665155,body,138.650387,0.000000,-0.004020,-133.984018,0.000000,-0.001340,141.416155,0.000000,-0.006700,-127.374095,0.000000,-0.009380,-0.014323,0.044341,9.774095,0.062851,0.028761,-0.033023
15.157064,584.674558,body,138.650387,0.000000,-0.004020,-133.984018,0.000000,-0.001340,141.416155,0.000000,-0.006700,-127.374095,0.000000,-0.009380,-0.014323,0.032373,9.776450,0.063916,0.027697,-0.031959
15.166889,584.684212,body,138.650387,0.000000,-0.004020,-133.984018,0.000000,-0.001340,141.414621,0.000000,-0.006700,-127.374095,0.000000,-0.009380,-0.009614,0.033550,9.777627,0.062851,0.027697,-0.030892
15.176589,584.693497,body,138.650387,0.000000,-0.004020,-133.984018,0.000000,-0.001340,141.414621,0.000000,-0.006700,-127.374095,0.000000,-0.009380,-0.020405,0.045518,9.784886,0.061785,0.027697,-0.031959
15.187067,584.712846,body,138.650387,0.000000,-0.004020,-133.984018,0.000000,-0.001340,141.416155,0.000000,-0.006700,-127.374095,0.000000,-0.009380,-0.037082,0.055132,9.776450,0.064980,0.028761,-0.029828
15.196893,584.722423,body,138.650387,0.000000,-0.004020,-133.984018,0.000000,-0.001340,141.416155,0.000000,-0.006700,-127.374095,0.000000,-0.009380,-0.037082,0.046696,9.781257,0.063916,0.028761,-0.030892
15.206973,584.731736,body,138.650387,0.000000,-0.004020,-133.985552,0.000000,-0.001340,141.416155,0.000000,-0.006700,-127.375629,0.000000,-0.009380,-0.023936,0.056309,9.804016,0.063916,0.027697,-0.029828
15.216892,584.741169,body,138.650387,0.000000,-0.004020,-133.984018,0.000000,-0.001340,141.416155,0.000000,-0.006700,-127.374095,0.000000,-0.009380,-0.020405,0.050325,9.783611,0.062851,0.027697,-0.030892
15.226914,584.750910,body,138.650387,0.000000,-0.004020,-133.984018,0.000000,-0.001340,141.416155,0.000000,-0.006700,-127.374095,0.000000,-0.009380,-0.028743,0.029921,9.774095,0.062851,0.027697,-0.033023
15.236880,584.760616,body,138.650387,0.000000,-0.004020,-133.984018,0.000000,-0.001340,141.416155,0.000000,-0.006700,-127.374095,0.000000,-0.009380,-0.035905,0.047873,9.792048,0.062851,0.027697,-0.031959
15.246906,584.769949,body,138.650387,0.000000,-0.004020,-133.984018,0.000000,-0.001340,141.416155,0.000000,-0.006700,-127.374095,0.000000,-0.009380,-0.034727,0.061116,9.795677,0.064980,0.028761,-0.029828
15.256866,584.779638,body,138.650387,0.000000,-0.004020,-133.984018,0.000000,-0.001340,141.416155,0.000000,-0.006700,-127.374095,0.000000,-0.009380,-0.007161,0.037082,9.762127,0.064980,0.027697,-0.030892
15.266596,584.789310,body,138.650387,0.000000,-0.004020,-133.984018,0.000000,-0.001340,141.416155,0.000000,-0.006700,-127.374095,0.000000,-0.009380,-0.013145,0.035905,9.788418,0.062851,0.027697,-0.031959
15.276980,584.798736,body,138.648854,0.000000,-0.004020,-133.985552,0.000000,-0.001340,141.414621,0.000000,-0.006700,-127.374095,0.000000,-0.009380,-0.014323,0.043066,9.795677,0.061785,0.026632,-0.033023
15.287010,584.808215,body,138.650387,0.000000,-0.004020,-133.984018,0.000000,-0.001340,141.416155,0.000000,-0.006700,-127.374095,0.000000,-0.009380,-0.014323,0.040712,9.769289,0.063916,0.026632,-0.033023
15.296745,584.817935,body,138.650387,0.000000,-0.004020,-133.984018,0.000000,-0.001340,141.414621,0.000000,-0.006700,-127.374095,0.000000,-0.009380,-0.014323,0.047873,9.789595,0.063916,0.027697,-0.033023
15.306829,584.827386,body,138.650387,0.000000,-0.004020,-133.984018,0.000000,-0.001340,141.416155,0.000000,-0.006700,-127.374095,0.000000,-0.009380,-0.022759,0.041889,9.780080,0.063916,0.028761,-0.033023
15.316701,584.836743,body,138.650387,0.000000,-0.004020,-133.984018,0.000000,-0.001340,141.416155,0.000000,-0.006700,-127.374095,0.000000,-0.009380,-0.031098,0.047873,9.774095,0.063916,0.028761,-0.030892
15.326752,584.846589,body,138.650387,0.000000,-0.004020,-133.984018,0.000000,-0.001340,141.414621,0.000000,-0.006700,-127.374095,0.000000,-0.009380,-0.046696,0.052680,9.802839,0.064980,0.027697,-0.029828
15.336858,584.855863,body,138.650387,0.000000,-0.004020,-133.984018,0.000000,-0.001340,141.416155,0.000000,-0.006700,-127.374095,0.000000,-0.009380,-0.034727,0.052680,9.796855,0.064980,0.027697,-0.030892
15.346906,584.865579,body,138.650387,0.000000,-0.004020,-133.984018,0.000000,-0.001340,141.414621,0.000000,-0.006700,-127.374095,0.000000,-0.009380,-0.033550,0.050325,9.772918,0.063916,0.027697,-0.031959
15.356728,584.875194,body,138.650387,0.000000,-0.004020,-133.984018,0.000000,-0.001340,141.416155,0.000000,-0.006700,-127.374095,0.000000,-0.009380,-0.011968,0.047873,9.777627,0.063916,0.027697,-0.033023
15.366568,584.884540,body,138.650387,0.000000,-0.004020,-133.984018,0.000000,-0.001340,141.414621,0.000000,-0.006700,-127.374095,0.000000,-0.009380,-0.014323,0.045518,9.784886,0.062851,0.027697,-0.034088
15.376806,584.894137,body,138.650387,0.000000,-0.004020,-133.984018,0.000000,-0.001340,141.416155,0.000000,-0.006700,-127.374095,0.000000,-0.009380,-0.022759,0.059841,9.794402,0.062851,0.027697,-0.031959
15.386772,584.903809,body,138.648854,0.000000,-0.004020,-133.984018,0.000000,-0.001340,141.416155,0.000000,-0.006700,-127.374095,0.000000,-0.009380,-0.028743,0.055132,9.792048,0.066047,0.027697,-0.030892
15.397027,584.913382,body,138.650387,0.000000,-0.004020,-133.984018,0.000000,-0.001340,141.416155,0.000000,-0.006700,-127.374095,0.000000,-0.009380,-0.021582,0.065825,9.786064,0.064980,0.027697,-0.031959
15.406755,584.922644,body,138.650387,0.000000,-0.004020,-133.984018,0.000000,-0.001340,141.416155,0.000000,-0.006700,-127.374095,0.000000,-0.009380,-0.031098,0.051503,9.790871,0.062851,0.027697,-0.033023
15.417035,584.942010,body,138.650387,0.000000,-0.004020,-133.984018,0.000000,-0.001340,141.414621,0.000000,-0.006700,-127.374095,0.000000,-0.009380,-0.009614,0.053857,9.798032,0.064980,0.028761,-0.031959
15.426772,584.951434,body,138.650387,0.000000,-0.004020,-133.984018,0.000000,-0.001340,141.416155,0.000000,-0.006700,-127.374095,0.000000,-0.009380,-0.023936,0.052680,9.796855,0.066047,0.028761,-0.030892
15.436997,584.960937,body,138.650387,0.000000,-0.004020,-133.984018,0.000000,-0.001340,141.416155,0.000000,-0.006700,-127.374095,0.000000,-0.009380,-0.017952,0.052680,9.792048,0.066047,0.029828,-0.029828
15.447055,584.970560,body,138.650387,0.000000,-0.004020,-133.984018,0.000000,-0.001340,141.414621,0.000000,-0.006700,-127.375629,0.000000,-0.009380,-0.022759,0.056309,9.796855,0.063916,0.028761,-0.030892
15.457073,584.980100,body,138.650387,0.000000,-0.004020,-133.984018,0.000000,-0.001340,141.416155,0.000000,-0.006700,-127.374095,0.000000,-0.009380,-0.017952,0.049050,9.781257,0.063916,0.026632,-0.034088
15.467029,584.989624,body,138.650387,0.000000,-0.004020,-133.984018,0.000000,-0.001340,141.416155,0.000000,-0.006700,-127.374095,0.000000,-0.009380,-0.026389,0.044341,9.787241,0.063916,0.028761,-0.031959
15.477081,584.999379,body,138.650387,0.000000,-0.004020,-133.984018,0.000000,-0.001340,141.416155,0.000000,-0.006700,-127.374095,0.000000,-0.009380,-0.029921,0.059841,9.799209,0.062851,0.028761,-0.030892
15.487075,585.008629,body,138.650387,0.000000,-0.004020,-133.984018,0.000000,-0.001340,141.416155,0.000000,-0.006700,-127.374095,0.000000,-0.009380,-0.023936,0.052680,9.792048,0.063916,0.028761,-0.031959
15.497172,585.018330,body,138.650387,0.000000,-0.004020,-133.984018,0.000000,-0.001340,141.416155,0.000000,-0.006700,-127.374095,0.000000,-0.009380,-0.021582,0.049050,9.789595,0.063916,0.027697,-0.033023
15.507190,585.028015,body,138.650387,0.000000,-0.004020,-133.984018,0.000000,-0.001340,141.414621,0.000000,-0.006700,-127.374095,0.000000,-0.009380,-0.028743,0.056309,9.800386,0.062851,0.027697,-0.031959
15.516903,585.037474,body,138.650387,0.000000,-0.004020,-133.984018,0.000000,-0.001340,141.416155,0.000000,-0.006700,-127.374095,0.000000,-0.009380,-0.022759,0.046696,9.787241,0.061785,0.028761,-0.033023
15.527306,585.046873,body,138.650387,0.000000,-0.004020,-133.984018,0.000000,-0.001340,141.416155,0.000000,-0.006700,-127.374095,0.000000,-0.009380,-0.029921,0.063471,9.794402,0.064980,0.028761,-0.030892
15.536813,585.056455,body,138.650387,0.000000,-0.004020,-133.984018,0.000000,-0.001340,141.414621,0.000000,-0.006700,-127.374095,0.000000,-0.009380,-0.026389,0.047873,9.799209,0.063916,0.028761,-0.029828
15.546881,585.066050,body,138.650387,0.000000,-0.004020,-133.985552,0.000000,-0.001340,141.416155,0.000000,-0.006700,-127.374095,0.000000,-0.009380,-0.031098,0.052680,9.788418,0.064980,0.027697,-0.030892
15.556900,585.075429,body,138.650387,0.000000,-0.004020,-133.984018,0.000000,-0.001340,141.416155,0.000000,-0.006700,-127.374095,0.000000,-0.009380,-0.022759,0.053857,9.805193,0.064980,0.027697,-0.033023
15.566928,585.085138,body,138.650387,0.000000,-0.004020,-133.984018,0.000000,-0.001340,141.414621,0.000000,-0.006700,-127.374095,0.000000,-0.009380,-0.011968,0.052680,9.788418,0.064980,0.026632,-0.033023
15.577005,585.094571,body,138.650387,0.000000,-0.004020,-133.984018,0.000000,-0.001340,141.416155,0.000000,-0.006700,-127.374095,0.000000,-0.009380,-0.021582,0.064648,9.790871,0.064980,0.027697,-0.031959
15.587039,585.104309,body,138.650387,0.000000,-0.004020,-133.984018,0.000000,-0.001340,141.416155,0.000000,-0.006700,-127.374095,0.000000,-0.009380,-0.028743,0.059841,9.792048,0.066047,0.027697,-0.029828
15.597072,585.113666,body,138.650387,0.000000,-0.004020,-133.984018,0.000000,-0.001340,141.416155,0.000000,-0.006700,-127.374095,0.000000,-0.009380,-0.020405,0.051503,9.800386,0.067111,0.028761,-0.029828
15.607132,585.123137,body,138.650387,0.000000,-0.004020,-133.985552,0.000000,-0.001340,141.416155,0.000000,-0.006700,-127.374095,0.000000,-0.009380,-0.023936,0.051503,9.789595,0.066047,0.027697,-0.030892
15.617127,585.142380,body,138.650387,0.000000,-0.004020,-133.984018,0.000000,-0.001340,141.416155,0.000000,-0.006700,-127.374095,0.000000,-0.009380,-0.019130,0.053857,9.783611,0.064980,0.027697,-0.030892
15.627139,585.151934,body,138.650387,0.000000,-0.004020,-133.984018,0.000000,-0.001340,141.414621,0.000000,-0.006700,-127.374095,0.000000,-0.009380,-0.028743,0.045518,9.800386,0.066047,0.028761,-0.030892
15.637186,585.161686,body,138.650387,0.000000,-0.004020,-133.984018,0.000000,-0.001340,141.416155,0.000000,-0.006700,-127.374095,0.000000,-0.009380,-0.021582,0.033550,9.789595,0.064980,0.028761,-0.030892
15.647247,585.171215,body,138.650387,0.000000,-0.004020,-133.985552,0.000000,-0.001340,141.416155,0.000000,-0.006700,-127.374095,0.000000,-0.009380,-0.022759,0.041889,9.782434,0.062851,0.026632,-0.033023
15.656952,585.180786,body,138.650387,0.000000,-0.004020,-133.984018,0.000000,-0.001340,141.414621,0.000000,-0.006700,-127.374095,0.000000,-0.009380,-0.038357,0.057487,9.810000,0.062851,0.026632,-0.031959
15.667008,585.190236,body,138.650387,0.000000,-0.004020,-133.984018,0.000000,-0.001340,141.416155,0.000000,-0.006700,-127.374095,0.000000,-0.009380,-0.023936,0.065825,9.780080,0.064980,0.028761,-0.029828
15.677036,585.199735,body,138.650387,0.000000,-0.004020,-133.984018,0.000000,-0.001340,141.416155,0.000000,-0.006700,-127.374095,0.000000,-0.009380,-0.025114,0.061116,9.787241,0.064980,0.028761,-0.029828
15.687063,585.209347,body,138.650387,0.000000,-0.004020,-133.984018,0.000000,-0.001340,141.416155,0.000000,-0.006700,-127.374095,0.000000,-0.009380,-0.038357,0.053857,9.789595,0.063916,0.027697,-0.031959
15.697073,585.218818,body,138.650387,0.000000,-0.004020,-133.984018,0.000000,-0.001340,141.416155,0.000000,-0.006700,-127.374095,0.000000,-0.009380,-0.022759,0.063471,9.775273,0.063916,0.028761,-0.030892
15.707107,585.228183,body,138.650387,0.000000,-0.004020,-133.984018,0.000000,-0.001340,141.416155,0.000000,-0.006700,-127.374095,0.000000,-0.009380,-0.026389,0.059841,9.790871,0.064980,0.028761,-0.031959
15.717193,585.238015,body,138.650387,0.000000,-0.004020,-133.984018,0.000000,-0.001340,141.416155,0.000000,-0.006700,-127.374095,0.000000,-0.009380,-0.021582,0.050325,9.782434,0.064980,0.027697,-0.030892
15.727304,585.247665,body,138.650387,0.000000,-0.004020,-133.984018,0.000000,-0.001340,141.416155,0.000000,-0.006700,-127.374095,0.000000,-0.009380,-0.027566,0.059841,9.787241,0.066047,0.028761,-0.029828
15.736935,585.257175,body,138.650387,0.000000,-0.004020,-133.984018,0.000000,-0.001340,141.416155,0.000000,-0.006700,-127.374095,0.000000,-0.009380,-0.028743,0.049050,9.789595,0.064980,0.029828,-0.029828
15.747001,585.266571,body,138.650387,0.000000,-0.004020,-133.985552,0.000000,-0.001340,141.416155,0.000000,-0.006700,-127.374095,0.000000,-0.009380,-0.029921,0.049050,9.775273,0.066047,0.028761,-0.029828
15.756986,585.276170,body,138.650387,0.000000,-0.004020,-133.984018,0.000000,-0.001340,141.416155,0.000000,-0.006700,-127.374095,0.000000,-0.009380,-0.032373,0.059841,9.792048,0.064980,0.028761,-0.029828
15.767046,585.285666,body,138.650387,0.000000,-0.004020,-133.984018,0.000000,-0.001340,141.414621,0.000000,-0.006700,-127.374095,0.000000,-0.009380,-0.020405,0.046696,9.792048,0.064980,0.028761,-0.030892
15.776863,585.295330,body,138.650387,0.000000,-0.004020,-133.984018,0.000000,-0.001340,141.414621,0.000000,-0.006700,-127.374095,0.000000,-0.009380,-0.021582,0.050325,9.771643,0.063916,0.028761,-0.031959
15.786993,585.304962,body,138.650387,0.000000,-0.004020,-133.985552,0.000000,-0.001340,141.414621,0.000000,-0.006700,-127.374095,0.000000,-0.009380,-0.013145,0.043066,9.776450,0.061785,0.026632,-0.033023
15.797050,585.314367,body,138.650387,0.000000,-0.004020,-133.984018,0.000000,-0.001340,141.416155,0.000000,-0.006700,-127.374095,0.000000,-0.009380,-0.028743,0.049050,9.776450,0.063916,0.027697,-0.031959
15.807091,585.324038,body,138.650387,0.000000,-0.004020,-133.984018,0.000000,-0.001340,141.416155,0.000000,-0.006700,-127.374095,0.000000,-0.009380,-0.027566,0.058664,9.790871,0.067111,0.028761,-0.030892
15.817094,585.333525,body,138.650387,0.000000,-0.004020,-133.984018,0.000000,-0.001340,141.414621,0.000000,-0.006700,-127.374095,0.000000,-0.009380,-0.020405,0.039534,9.775273,0.064980,0.027697,-0.030892
15.826939,585.342850,body,138.650387,0.000000,-0.004020,-133.984018,0.000000,-0.001340,141.416155,0.000000,-0.006700,-127.374095,0.000000,-0.009380,-0.013145,0.032373,9.764482,0.062851,0.027697,-0.033023
15.837097,585.362052,body,138.650387,0.000000,-0.004020,-133.984018,0.000000,-0.001340,141.416155,0.000000,-0.006700,-127.374095,0.000000,-0.009380,-0.040712,0.047873,9.793225,0.063916,0.028761,-0.029828
15.847134,585.371481,body,138.650387,0.000000,-0.004020,-133.984018,0.000000,-0.001340,141.416155,0.000000,-0.006700,-127.374095,0.000000,-0.009380,-0.032373,0.061116,9.781257,0.064980,0.029828,-0.030892
15.856962,585.381062,body,138.650387,0.000000,-0.004020,-133.984018,0.000000,-0.001340,141.416155,0.000000,-0.006700,-127.374095,0.000000,-0.009380,-0.034727,0.057487,9.783611,0.064980,0.028761,-0.030892
15.867088,585.390735,body,138.650387,0.000000,-0.004020,-133.984018,0.000000,-0.001340,141.416155,0.000000,-0.006700,-127.374095,0.000000,-0.009380,-0.026389,0.044341,9.777627,0.063916,0.028761,-0.031959
15.877252,585.400397,body,138.650387,0.000000,-0.004020,-133.984018,0.000000,-0.001340,141.416155,0.000000,-0.006700,-127.374095,0.000000,-0.009380,-0.010791,0.038357,9.787241,0.062851,0.027697,-0.033023
15.887261,585.409714,body,138.650387,0.000000,-0.004020,-133.985552,0.000000,-0.001340,141.416155,0.000000,-0.006700,-127.374095,0.000000,-0.009380,-0.010791,0.039534,9.786064,0.062851,0.027697,-0.031959
15.897312,585.419542,body,138.650387,0.000000,-0.004020,-133.984018,0.000000,-0.001340,141.416155,0.000000,-0.006700,-127.374095,0.000000,-0.009380,-0.025114,0.029921,9.780080,0.061785,0.026632,-0.033023
15.906899,585.428889,body,138.650387,0.000000,-0.004020,-133.984018,0.000000,-0.001340,141.416155,0.000000,-0.006700,-127.374095,0.000000,-0.009380,-0.009614,0.040712,9.772918,0.061785,0.026632,-0.033023
15.917169,585.438426,body,138.650387,0.000000,-0.004020,-133.984018,0.000000,-0.001340,141.416155,0.000000,-0.006700,-127.374095,0.000000,-0.009380,-0.007161,0.038357,9.777627,0.062851,0.026632,-0.033023
15.926824,585.447889,body,138.650387,0.000000,-0.004020,-133.984018,0.000000,-0.001340,141.416155,0.000000,-0.006700,-127.374095,0.000000,-0.009380,-0.027566,0.062294,9.788418,0.063916,0.027697,-0.033023
15.937250,585.457464,body,138.650387,0.000000,-0.004020,-133.984018,0.000000,-0.001340,141.414621,0.000000,-0.006700,-127.374095,0.000000,-0.009380,-0.034727,0.046696,9.792048,0.066047,0.028761,-0.029828
15.947187,585.467192,body,138.650387,0.000000,-0.004020,-133.984018,0.000000,-0.001340,141.416155,0.000000,-0.006700,-127.374095,0.000000,-0.009380,-0.025114,0.034727,9.780080,0.063916,0.027697,-0.031959
15.956889,585.476504,body,138.650387,0.000000,-0.004020,-133.984018,0.000000,-0.001340,141.416155,0.000000,-0.006700,-127.374095,0.000000,-0.009380,-0.017952,0.034727,9.782434,0.061785,0.027697,-0.033023
15.967105,585.486162,body,138.650387,0.000000,-0.004020,-133.984018,0.000000,-0.001340,141.414621,0.000000,-0.006700,-127.374095,0.000000,-0.009380,-0.015598,0.031098,9.789595,0.062851,0.027697,-0.033023
15.977154,585.495589,body,138.650387,0.000000,-0.004020,-133.984018,0.000000,-0.001340,141.416155,0.000000,-0.006700,-127.374095,0.000000,-0.009380,-0.015598,0.040712,9.784886,0.062851,0.027697,-0.033023
15.987287,585.505137,body,138.650387,0.000000,-0.004020,-133.984018,0.000000,-0.001340,141.416155,0.000000,-0.006700,-127.374095,0.000000,-0.009380,-0.005984,0.039534,9.789595,0.061785,0.027697,-0.033023
15.996924,585.514685,body,138.650387,0.000000,-0.004020,-133.984018,0.000000,-0.001340,141.414621,0.000000,-0.006700,-127.374095,0.000000,-0.009380,-0.005984,0.032373,9.781257,0.063916,0.028761,-0.031959
16.006979,585.524542,body,138.650387,0.000000,-0.004020,-133.984018,0.000000,-0.001340,141.416155,0.000000,-0.006700,-127.374095,0.000000,-0.009380,-0.016775,0.040712,9.783611,0.063916,0.027697,-0.031959
16.016991,585.533888,body,138.650387,0.000000,-0.004020,-133.985552,0.000000,-0.001340,141.416155,0.000000,-0.006700,-127.374095,0.000000,-0.009380,-0.022759,0.034727,9.781257,0.063916,0.028761,-0.031959
16.026839,585.543382,body,138.650387,0.000000,-0.004020,-133.984018,0.000000,-0.001340,141.414621,0.000000,-0.006700,-127.374095,0.000000,-0.009380,-0.020405,0.045518,9.784886,0.063916,0.027697,-0.030892
16.037283,585.562521,body,138.650387,0.000000,-0.004020,-133.984018,0.000000,-0.001340,141.416155,0.000000,-0.006700,-127.374095,0.000000,-0.009380,-0.028743,0.044341,9.787241,0.066047,0.027697,-0.030892
16.046949,585.572164,body,138.650387,0.000000,-0.004020,-133.984018,0.000000,-0.001340,141.416155,0.000000,-0.006700,-127.374095,0.000000,-0.009380,-0.011968,0.052680,9.793225,0.062851,0.026632,-0.030892
16.056982,585.581634,body,138.650387,0.000000,-0.004020,-133.984018,0.000000,-0.001340,141.416155,0.000000,-0.006700,-127.374095,0.000000,-0.009380,-0.013145,0.052680,9.798032,0.063916,0.027697,-0.029828
16.067009,585.591059,body,138.650387,0.000000,-0.004020,-133.985552,0.000000,-0.001340,141.416155,0.000000,-0.006700,-127.374095,0.000000,-0.009380,-0.028743,0.033550,9.800386,0.064980,0.028761,-0.029828
16.077329,585.600849,body,138.650387,0.000000,-0.004020,-133.984018,0.000000,-0.001340,141.416155,0.000000,-0.006700,-127.374095,0.000000,-0.009380,-0.020405,0.045518,9.781257,0.063916,0.027697,-0.031959
16.086898,585.610135,body,138.650387,0.000000,-0.004020,-133.984018,0.000000,-0.001340,141.416155,0.000000,-0.006700,-127.374095,0.000000,-0.009380,-0.017952,0.041889,9.777627,0.061785,0.027697,-0.033023
16.096973,585.619970,body,138.650387,0.000000,-0.004020,-133.984018,0.000000,-0.001340,141.416155,0.000000,-0.006700,-127.374095,0.000000,-0.009380,-0.015598,0.033550,9.774095,0.062851,0.027697,-0.031959
16.106985,585.629309,body,138.650387,0.000000,-0.004020,-133.985552,0.000000,-0.001340,141.416155,0.000000,-0.006700,-127.374095,0.000000,-0.009380,-0.015598,0.045518,9.794402,0.062851,0.027697,-0.033023
16.116977,585.638909,body,138.650387,0.000000,-0.004020,-133.984018,0.000000,-0.001340,141.416155,0.000000,-0.006700,-127.374095,0.000000,-0.009380,-0.014323,0.045518,9.783611,0.062851,0.027697,-0.031959
16.127458,585.648732,body,138.650387,0.000000,-0.004020,-133.984018,0.000000,-0.001340,141.416155,0.000000,-0.006700,-127.374095,0.000000,-0.009380,-0.010791,0.050325,9.796855,0.066047,0.028761,-0.030892
16.137228,585.658212,body,138.650387,0.000000,-0.004020,-133.985552,0.000000,-0.001340,141.416155,0.000000,-0.006700,-127.374095,0.000000,-0.009380,-0.025114,0.063471,9.793225,0.066047,0.028761,-0.029828
16.147012,585.667838,body,138.650387,0.000000,-0.004020,-133.985552,0.000000,-0.001340,141.416155,0.000000,-0.006700,-127.374095,0.000000,-0.009380,-0.009614,0.045518,9.781257,0.066047,0.028761,-0.030892
16.157016,585.677242,body,138.650387,0.000000,-0.004020,-133.984018,0.000000,-0.001340,141.414621,0.000000,-0.006700,-127.374095,0.000000,-0.009380,-0.027566,0.058664,9.793225,0.064980,0.029828,-0.033023
16.166999,585.686540,body,138.650387,0.000000,-0.004020,-133.984018,0.000000,-0.001340,141.416155,0.000000,-0.006700,-127.374095,0.000000,-0.009380,-0.027566,0.050325,9.786064,0.061785,0.026632,-0.033023
16.177033,585.696415,body,138.650387,0.000000,-0.004020,-133.984018,0.000000,-0.001340,141.414621,0.000000,-0.006700,-127.374095,0.000000,-0.009380,-0.025114,0.045518,9.784886,0.061785,0.026632,-0.031959
16.187260,585.705661,body,138.650387,0.000000,-0.004020,-133.984018,0.000000,-0.001340,141.414621,0.000000,-0.006700,-127.374095,0.000000,-0.009380,-0.035905,0.062294,9.799209,0.061785,0.027697,-0.033023
16.197264,585.715469,body,138.650387,0.000000,-0.004020,-133.984018,0.000000,-0.001340,141.414621,0.000000,-0.006700,-127.374095,0.000000,-0.009380,-0.026389,0.056309,9.795677,0.062851,0.028761,-0.033023
16.207167,585.724907,body,138.650387,0.000000,-0.004020,-133.984018,0.000000,-0.001340,141.416155,0.000000,-0.006700,-127.374095,0.000000,-0.009380,-0.016775,0.052680,9.783611,0.062851,0.028761,-0.031959
16.217204,585.734664,body,138.650387,0.000000,-0.004020,-133.984018,0.000000,-0.001340,141.416155,0.000000,-0.006700,-127.374095,0.000000,-0.009380,-0.013145,0.047873,9.789595,0.061785,0.027697,-0.031959
16.226956,585.743983,body,138.648854,0.000000,-0.004020,-133.984018,0.000000,-0.001340,141.416155,0.000000,-0.006700,-127.374095,0.000000,-0.009380,-0.008339,0.040712,9.765659,0.061785,0.027697,-0.033023
16.237284,585.753448,body,138.650387,0.000000,-0.004020,-133.984018,0.000000,-0.001340,141.416155,0.000000,-0.006700,-127.374095,0.000000,-0.009380,-0.014323,0.041889,9.787241,0.062851,0.026632,-0.034088
16.246959,585.763138,body,138.650387,0.000000,-0.004020,-133.984018,0.000000,-0.001340,141.416155,0.000000,-0.006700,-127.374095,0.000000,-0.009380,-0.020405,0.047873,9.780080,0.062851,0.026632,-0.031959
16.257180,585.782287,body,138.650387,0.000000,-0.004020,-133.984018,0.000000,-0.001340,141.416155,0.000000,-0.006700,-127.374095,0.000000,-0.009380,-0.016775,0.044341,9.792048,0.063916,0.027697,-0.031959
16.267582,585.791767,body,138.650387,0.000000,-0.004020,-133.985552,0.000000,-0.001340,141.414621,0.000000,-0.006700,-127.375629,0.000000,-0.009380,-0.010791,0.041889,9.778902,0.062851,0.027697,-0.031959
16.277272,585.801163,body,138.650387,0.000000,-0.004020,-133.984018,0.000000,-0.001340,141.416155,0.000000,-0.006700,-127.374095,0.000000,-0.009380,-0.011968,0.039534,9.792048,0.063916,0.026632,-0.033023
16.286870,585.810849,body,138.650387,0.000000,-0.004020,-133.984018,0.000000,-0.001340,141.416155,0.000000,-0.006700,-127.374095,0.000000,-0.009380,-0.023936,0.041889,9.782434,0.063916,0.027697,-0.033023
16.296978,585.820240,body,138.650387,0.000000,-0.004020,-133.984018,0.000000,-0.001340,141.416155,0.000000,-0.006700,-127.374095,0.000000,-0.009380,-0.014323,0.039534,9.770466,0.062851,0.027697,-0.034088
16.307008,585.829907,body,138.650387,0.000000,-0.004020,-133.984018,0.000000,-0.001340,141.414621,0.000000,-0.006700,-127.374095,0.000000,-0.009380,-0.015598,0.041889,9.780080,0.062851,0.027697,-0.033023
16.317323,585.839587,body,138.650387,0.000000,-0.004020,-133.984018,0.000000,-0.001340,141.416155,0.000000,-0.006700,-127.374095,0.000000,-0.009380,-0.011968,0.031098,9.780080,0.062851,0.027697,-0.031959
16.326803,585.848976,body,138.650387,0.000000,-0.004020,-133.984018,0.000000,-0.001340,141.416155,0.000000,-0.006700,-127.374095,0.000000,-0.009380,-0.021582,0.035905,9.792048,0.062851,0.027697,-0.031959
16.337026,585.858445,body,138.650387,0.000000,-0.004020,-133.985552,0.000000,-0.001340,141.414621,0.000000,-0.006700,-127.374095,0.000000,-0.009380,-0.017952,0.046696,9.772918,0.062851,0.026632,-0.031959
16.347062,585.867992,body,138.650387,0.000000,-0.004020,-133.984018,0.000000,-0.001340,141.416155,0.000000,-0.006700,-127.374095,0.000000,-0.009380,-0.022759,0.028743,9.763304,0.061785,0.028761,-0.031959
16.356998,585.877626,body,138.650387,0.000000,-0.004020,-133.985552,0.000000,-0.001340,141.416155,0.000000,-0.006700,-127.374095,0.000000,-0.009380,-0.022759,0.035905,9.778902,0.061785,0.027697,-0.033023
16.367034,585.887286,body,138.650387,0.000000,-0.004020,-133.985552,0.000000,-0.001340,141.416155,0.000000,-0.006700,-127.374095,0.000000,-0.009380,-0.019130,0.057487,9.798032,0.062851,0.027697,-0.031959
16.378063,585.896851,body,138.650387,0.000000,-0.004020,-133.984018,0.000000,-0.001340,141.416155,0.000000,-0.006700,-127.374095,0.000000,-0.009380,-0.016775,0.049050,9.793225,0.064980,0.028761,-0.030892
16.387005,585.906331,body,138.650387,0.000000,-0.004020,-133.984018,0.000000,-0.001340,141.416155,0.000000,-0.006700,-127.374095,0.000000,-0.009380,-0.029921,0.050325,9.798032,0.062851,0.027697,-0.031959
16.397027,585.915853,body,138.650387,0.000000,-0.004020,-133.984018,0.000000,-0.001340,141.416155,0.000000,-0.006700,-127.374095,0.000000,-0.009380,-0.017952,0.056309,9.798032,0.062851,0.027697,-0.033023
16.406839,585.925631,body,138.650387,0.000000,-0.004020,-133.984018,0.000000,-0.001340,141.416155,0.000000,-0.006700,-127.374095,0.000000,-0.009380,-0.013145,0.053857,9.794402,0.062851,0.028761,-0.031959
16.416875,585.935026,body,138.650387,0.000000,-0.004020,-133.984018,0.000000,-0.001340,141.416155,0.000000,-0.006700,-127.374095,0.000000,-0.009380,-0.025114,0.052680,9.794402,0.061785,0.028761,-0.031959
16.426976,585.944692,body,138.650387,0.000000,-0.004020,-133.984018,0.000000,-0.001340,141.416155,0.000000,-0.006700,-127.374095,0.000000,-0.009380,-0.008339,0.046696,9.793225,0.062851,0.027697,-0.031959
16.436924,585.954036,body,138.650387,0.000000,-0.004020,-133.984018,0.000000,-0.001340,141.416155,0.000000,-0.006700,-127.374095,0.000000,-0.009380,-0.021582,0.059841,9.787241,0.064980,0.028761,-0.031959
16.446928,585.963804,body,138.650387,0.000000,-0.004020,-133.984018,0.000000,-0.001340,141.416155,0.000000,-0.006700,-127.374095,0.000000,-0.009380,-0.033550,0.059841,9.798032,0.063916,0.028761,-0.029828
16.457327,585.973030,body,138.650387,0.000000,-0.004020,-133.984018,0.000000,-0.001340,141.416155,0.000000,-0.006700,-127.374095,0.000000,-0.009380,-0.022759,0.052680,9.787241,0.066047,0.028761,-0.029828
16.466869,585.982691,body,138.650387,0.000000,-0.004020,-133.984018,0.000000,-0.001340,141.416155,0.000000,-0.006700,-127.374095,0.000000,-0.009380,-0.014323,0.046696,9.789595,0.064980,0.028761,-0.031959
16.476976,586.001729,body,138.650387,0.000000,-0.004020,-133.984018,0.000000,-0.001340,141.416155,0.000000,-0.006700,-127.374095,0.000000,-0.009380,-0.026389,0.034727,9.782434,0.062851,0.026632,-0.033023
16.486950,586.011208,body,138.650387,0.000000,-0.004020,-133.984018,0.000000,-0.001340,141.416155,0.000000,-0.006700,-127.374095,0.000000,-0.009380,-0.011968,0.045518,9.787241,0.062851,0.026632,-0.031959
16.497274,586.021133,body,138.650387,0.000000,-0.004020,-133.985552,0.000000,-0.001340,141.416155,0.000000,-0.006700,-127.374095,0.000000,-0.009380,-0.022759,0.047873,9.782434,0.063916,0.026632,-0.030892
16.506932,586.030305,body,138.650387,0.000000,-0.004020,-133.984018,0.000000,-0.001340,141.414621,0.000000,-0.006700,-127.374095,0.000000,-0.009380,-0.023936,0.040712,9.778902,0.063916,0.026632,-0.031959
16.517003,586.040024,body,138.650387,0.000000,-0.004020,-133.985552,0.000000,-0.001340,141.416155,0.000000,-0.006700,-127.374095,0.000000,-0.009380,-0.022759,0.049050,9.772918,0.061785,0.026632,-0.031959
16.527009,586.049457,body,138.650387,0.000000,-0.004020,-133.984018,0.000000,-0.001340,141.416155,0.000000,-0.006700,-127.374095,0.000000,-0.009380,-0.008339,0.044341,9.777627,0.061785,0.027697,-0.033023
16.537022,586.058949,body,138.650387,0.000000,-0.004020,-133.984018,0.000000,-0.001340,141.414621,0.000000,-0.006700,-127.374095,0.000000,-0.009380,-0.023936,0.055132,9.781257,0.063916,0.026632,-0.030892
16.547043,586.068534,body,138.650387,0.000000,-0.004020,-133.985552,0.000000,-0.001340,141.414621,0.000000,-0.006700,-127.374095,0.000000,-0.009380,-0.033550,0.057487,9.801661,0.066047,0.028761,-0.028761
16.556896,586.078132,body,138.650387,0.000000,-0.004020,-133.984018,0.000000,-0.001340,141.416155,0.000000,-0.006700,-127.374095,0.000000,-0.009380,-0.004807,0.038357,9.789595,0.064980,0.027697,-0.030892
16.566842,586.087656,body,138.650387,0.000000,-0.004020,-133.984018,0.000000,-0.001340,141.416155,0.000000,-0.006700,-127.374095,0.000000,-0.009380,-0.013145,0.047873,9.775273,0.062851,0.027697,-0.033023
16.576934,586.097323,body,138.650387,0.000000,-0.004020,-133.984018,0.000000,-0.001340,141.416155,0.000000,-0.006700,-127.374095,0.000000,-0.009380,-0.022759,0.035905,9.760950,0.063916,0.027697,-0.031959
16.586946,586.107009,body,138.650387,0.000000,-0.004020,-133.984018,0.000000,-0.001340,141.416155,0.000000,-0.006700,-127.374095,0.000000,-0.009380,-0.016775,0.040712,9.782434,0.063916,0.027697,-0.031959
16.596966,586.116582,body,138.650387,0.000000,-0.004020,-133.984018,0.000000,-0.001340,141.416155,0.000000,-0.006700,-127.374095,0.000000,-0.009380,-0.032373,0.049050,9.795677,0.066047,0.028761,-0.030892
16.607072,586.126093,body,138.648854,0.000000,-0.004020,-133.984018,0.000000,-0.001340,141.416155,0.000000,-0.006700,-127.374095,0.000000,-0.009380,-0.026389,0.057487,9.798032,0.064980,0.028761,-0.030892
16.617114,586.135676,body,138.650387,0.000000,-0.004020,-133.984018,0.000000,-0.001340,141.416155,0.000000,-0.006700,-127.374095,0.000000,-0.009380,-0.022759,0.040712,9.774095,0.063916,0.027697,-0.033023
16.627073,586.145040,body,138.650387,0.000000,-0.004020,-133.984018,0.000000,-0.001340,141.416155,0.000000,-0.006700,-127.374095,0.000000,-0.009380,-0.015598,0.038357,9.778902,0.063916,0.027697,-0.033023
16.637097,586.154725,body,138.650387,0.000000,-0.004020,-133.984018,0.000000,-0.001340,141.416155,0.000000,-0.006700,-127.374095,0.000000,-0.009380,-0.011968,0.045518,9.774095,0.062851,0.027697,-0.031959
16.647318,586.164187,body,138.650387,0.000000,-0.004020,-133.984018,0.000000,-0.001340,141.416155,0.000000,-0.006700,-127.374095,0.000000,-0.009380,-0.021582,0.050325,9.784886,0.063916,0.027697,-0.031959
16.657166,586.173600,body,138.650387,0.000000,-0.004020,-133.984018,0.000000,-0.001340,141.416155,0.000000,-0.006700,-127.374095,0.000000,-0.009380,-0.015598,0.033550,9.780080,0.064980,0.026632,-0.030892
16.667097,586.183452,body,138.650387,0.000000,-0.004020,-133.984018,0.000000,-0.001340,141.416155,0.000000,-0.006700,-127.374095,0.000000,-0.009380,-0.011968,0.046696,9.783611,0.066047,0.027697,-0.029828
16.676988,586.202173,body,138.650387,0.000000,-0.004020,-133.984018,0.000000,-0.001340,141.414621,0.000000,-0.006700,-127.374095,0.000000,-0.009380,-0.017952,0.032373,9.775273,0.062851,0.027697,-0.033023
16.687017,586.211946,body,138.650387,0.000000,-0.004020,-133.984018,0.000000,-0.001340,141.416155,0.000000,-0.006700,-127.374095,0.000000,-0.009380,-0.015598,0.049050,9.782434,0.061785,0.027697,-0.033023
16.697035,586.221532,body,138.650387,0.000000,-0.004020,-133.984018,0.000000,-0.001340,141.416155,0.000000,-0.006700,-127.374095,0.000000,-0.009380,-0.022759,0.046696,9.788418,0.062851,0.028761,-0.031959
16.706811,586.231081,body,138.650387,0.000000,-0.004020,-133.984018,0.000000,-0.001340,141.414621,0.000000,-0.006700,-127.374095,0.000000,-0.009380,-0.011968,0.044341,9.790871,0.062851,0.027697,-0.031959
16.716946,586.240532,body,138.650387,0.000000,-0.004020,-133.984018,0.000000,-0.001340,141.416155,0.000000,-0.006700,-127.374095,0.000000,-0.009380,-0.016775,0.043066,9.787241,0.063916,0.028761,-0.033023
16.727020,586.250304,body,138.650387,0.000000,-0.004020,-133.984018,0.000000,-0.001340,141.416155,0.000000,-0.006700,-127.375629,0.000000,-0.009380,-0.011968,0.038357,9.781257,0.063916,0.027697,-0.033023
16.737034,586.259772,body,138.650387,0.000000,-0.004020,-133.984018,0.000000,-0.001340,141.416155,0.000000,-0.006700,-127.374095,0.000000,-0.009380,-0.020405,0.037082,9.784886,0.062851,0.027697,-0.031959
16.747357,586.269185,body,138.648854,0.000000,-0.004020,-133.984018,0.000000,-0.001340,141.416155,0.000000,-0.006700,-127.374095,0.000000,-0.009380,-0.014323,0.049050,9.783611,0.063916,0.027697,-0.030892
16.756962,586.278708,body,138.650387,0.000000,-0.004020,-133.984018,0.000000,-0.001340,141.414621,0.000000,-0.006700,-127.374095,0.000000,-0.009380,-0.020405,0.046696,9.784886,0.063916,0.027697,-0.030892
16.767112,586.288388,body,138.650387,0.000000,-0.004020,-133.984018,0.000000,-0.001340,141.416155,0.000000,-0.006700,-127.374095,0.000000,-0.009380,-0.029921,0.051503,9.790871,0.064980,0.027697,-0.030892
16.777173,586.297865,body,138.650387,0.000000,-0.004020,-133.984018,0.000000,-0.001340,141.416155,0.000000,-0.006700,-127.374095,0.000000,-0.009380,-0.032373,0.053857,9.793225,0.064980,0.027697,-0.030892
16.787189,586.307326,body,138.650387,0.000000,-0.004020,-133.985552,0.000000,-0.001340,141.416155,0.000000,-0.006700,-127.374095,0.000000,-0.009380,-0.011968,0.051503,9.776450,0.064980,0.027697,-0.031959
16.797230,586.316952,body,138.650387,0.000000,-0.004020,-133.984018,0.000000,-0.001340,141.414621,0.000000,-0.006700,-127.374095,0.000000,-0.009380,-0.020405,0.058664,9.766934,0.062851,0.027697,-0.031959
16.807338,586.326579,body,138.650387,0.000000,-0.004020,-133.984018,0.000000,-0.001340,141.416155,0.000000,-0.006700,-127.374095,0.000000,-0.009380,-0.033550,0.052680,9.774095,0.064980,0.027697,-0.031959
16.816963,586.335984,body,138.650387,0.000000,-0.004020,-133.984018,0.000000,-0.001340,141.416155,0.000000,-0.006700,-127.374095,0.000000,-0.009380,-0.027566,0.051503,9.783611,0.068176,0.028761,-0.030892
16.826994,586.345477,body,138.650387,0.000000,-0.004020,-133.984018,0.000000,-0.001340,141.416155,0.000000,-0.006700,-127.374095,0.000000,-0.009380,-0.044341,0.053857,9.777627,0.064980,0.028761,-0.030892
16.837042,586.355252,body,138.650387,0.000000,-0.004020,-133.984018,0.000000,-0.001340,141.416155,0.000000,-0.006700,-127.374095,0.000000,-0.009380,-0.026389,0.047873,9.798032,0.064980,0.028761,-0.030892
16.847261,586.364598,body,138.650387,0.000000,-0.004020,-133.984018,0.000000,-0.001340,141.414621,0.000000,-0.006700,-127.374095,0.000000,-0.009380,-0.028743,0.051503,9.789595,0.063916,0.028761,-0.030892
16.856927,586.374258,body,138.650387,0.000000,-0.004020,-133.984018,0.000000,-0.001340,141.416155,0.000000,-0.006700,-127.374095,0.000000,-0.009380,-0.038357,0.057487,9.784886,0.066047,0.027697,-0.029828
16.866956,586.383723,body,138.650387,0.000000,-0.004020,-133.985552,0.000000,-0.001340,141.414621,0.000000,-0.006700,-127.374095,0.000000,-0.009380,-0.029921,0.056309,9.776450,0.066047,0.027697,-0.030892
16.877018,586.393486,body,138.650387,0.000000,-0.004020,-133.984018,0.000000,-0.001340,141.416155,0.000000,-0.006700,-127.374095,0.000000,-0.009380,-0.038357,0.037082,9.789595,0.063916,0.027697,-0.031959
16.887040,586.412597,body,138.650387,0.000000,-0.004020,-133.984018,0.000000,-0.001340,141.416155,0.000000,-0.006700,-127.374095,0.000000,-0.009380,-0.031098,0.050325,9.783611,0.066047,0.028761,-0.030892
16.897090,586.421953,body,138.650387,0.000000,-0.004020,-133.984018,0.000000,-0.001340,141.414621,0.000000,-0.006700,-127.374095,0.000000,-0.009380,-0.005984,0.047873,9.770466,0.064980,0.027697,-0.033023
16.907126,586.431464,body,138.650387,0.000000,-0.004020,-133.984018,0.000000,-0.001340,141.416155,0.000000,-0.006700,-127.374095,0.000000,-0.009380,-0.010791,0.043066,9.780080,0.061785,0.027697,-0.034088
16.916984,586.441111,body,138.650387,0.000000,-0.004020,-133.984018,0.000000,-0.001340,141.416155,0.000000,-0.006700,-127.374095,0.000000,-0.009380,-0.026389,0.056309,9.789595,0.063916,0.027697,-0.030892
16.927007,586.450510,body,138.650387,0.000000,-0.004020,-133.984018,0.000000,-0.001340,141.416155,0.000000,-0.006700,-127.374095,0.000000,-0.009380,-0.034727,0.059841,9.794402,0.063916,0.027697,-0.030892
16.937060,586.460225,body,138.650387,0.000000,-0.004020,-133.984018,0.000000,-0.001340,141.416155,0.000000,-0.006700,-127.374095,0.000000,-0.009380,-0.020405,0.045518,9.793225,0.063916,0.027697,-0.030892
16.947241,586.469835,body,138.650387,0.000000,-0.004020,-133.984018,0.000000,-0.001340,141.414621,0.000000,-0.006700,-127.374095,0.000000,-0.009380,-0.017952,0.055132,9.796855,0.063916,0.027697,-0.030892
16.957203,586.479299,body,138.650387,0.000000,-0.004020,-133.984018,0.000000,-0.001340,141.416155,0.000000,-0.006700,-127.374095,0.000000,-0.009380,-0.021582,0.046696,9.787241,0.062851,0.026632,-0.031959
16.967244,586.488867,body,138.650387,0.000000,-0.004020,-133.984018,0.000000,-0.001340,141.414621,0.000000,-0.006700,-127.374095,0.000000,-0.009380,-0.014323,0.040712,9.783611,0.061785,0.027697,-0.033023
16.977288,586.498510,body,138.650387,0.000000,-0.004020,-133.984018,0.000000,-0.001340,141.416155,0.000000,-0.006700,-127.374095,0.000000,-0.009380,-0.025114,0.050325,9.789595,0.061785,0.027697,-0.033023
16.987054,586.507830,body,138.648854,0.000000,-0.004020,-133.984018,0.000000,-0.001340,141.416155,0.000000,-0.006700,-127.374095,0.000000,-0.009380,-0.013145,0.034727,9.774095,0.062851,0.027697,-0.031959
16.997072,586.517618,body,138.650387,0.000000,-0.004020,-133.984018,0.000000,-0.001340,141.414621,0.000000,-0.006700,-127.374095,0.000000,-0.009380,-0.019130,0.038357,9.769289,0.061785,0.027697,-0.031959
17.007111,586.527047,body,138.650387,0.000000,-0.004020,-133.984018,0.000000,-0.001340,141.414621,0.000000,-0.006700,-127.374095,0.000000,-0.009380,-0.009614,0.041889,9.783611,0.061785,0.027697,-0.031959
17.017088,586.536665,body,138.650387,0.000000,-0.004020,-133.985552,0.000000,-0.001340,141.416155,0.000000,-0.006700,-127.374095,0.000000,-0.009380,-0.017952,0.044341,9.805193,0.064980,0.027697,-0.030892
17.027164,586.546317,body,138.650387,0.000000,-0.004020,-133.985552,0.000000,-0.001340,141.416155,0.000000,-0.006700,-127.374095,0.000000,-0.009380,-0.027566,0.050325,9.789595,0.066047,0.027697,-0.029828
17.037188,586.555826,body,138.650387,0.000000,-0.004020,-133.985552,0.000000,-0.001340,141.416155,0.000000,-0.006700,-127.374095,0.000000,-0.009380,-0.033550,0.065825,9.790871,0.066047,0.027697,-0.030892
17.047059,586.565167,body,138.650387,0.000000,-0.004020,-133.985552,0.000000,-0.001340,141.416155,0.000000,-0.006700,-127.374095,0.000000,-0.009380,-0.026389,0.047873,9.780080,0.066047,0.027697,-0.029828
17.056827,586.574721,body,138.650387,0.000000,-0.004020,-133.984018,0.000000,-0.001340,141.416155,0.000000,-0.006700,-127.374095,0.000000,-0.009380,-0.020405,0.045518,9.783611,0.063916,0.026632,-0.030892
17.066885,586.584405,body,138.650387,0.000000,-0.004020,-133.984018,0.000000,-0.001340,141.414621,0.000000,-0.006700,-127.374095,0.000000,-0.009380,-0.022759,0.040712,9.783611,0.062851,0.026632,-0.031959
17.076907,586.593925,body,138.650387,0.000000,-0.004020,-133.985552,0.000000,-0.001340,141.416155,0.000000,-0.006700,-127.374095,0.000000,-0.009380,-0.029921,0.050325,9.782434,0.066047,0.026632,-0.031959
17.087261,586.603558,body,138.650387,0.000000,-0.004020,-133.984018,0.000000,-0.001340,141.416155,0.000000,-0.006700,-127.374095,0.000000,-0.009380,-0.023936,0.053857,9.787241,0.064980,0.027697,-0.029828
17.097298,586.613126,body,138.650387,0.000000,-0.004020,-133.984018,0.000000,-0.001340,141.416155,0.000000,-0.006700,-127.374095,0.000000,-0.009380,-0.023936,0.050325,9.784886,0.066047,0.027697,-0.030892
17.107258,586.622532,body,138.650387,0.000000,-0.004020,-133.984018,0.000000,-0.001340,141.416155,0.000000,-0.006700,-127.374095,0.000000,-0.009380,-0.032373,0.040712,9.800386,0.063916,0.027697,-0.030892
17.117089,586.641541,body,138.650387,0.000000,-0.004020,-133.984018,0.000000,-0.001340,141.416155,0.000000,-0.006700,-127.374095,0.000000,-0.009380,-0.026389,0.052680,9.786064,0.066047,0.029828,-0.030892
17.127006,586.651260,body,138.650387,0.000000,-0.004020,-133.984018,0.000000,-0.001340,141.416155,0.000000,-0.006700,-127.374095,0.000000,-0.009380,-0.010791,0.037082,9.772918,0.064980,0.028761,-0.030892
17.137257,586.660766,body,138.650387,0.000000,-0.004020,-133.984018,0.000000,-0.001340,141.416155,0.000000,-0.006700,-127.374095,0.000000,-0.009380,-0.019130,0.038357,9.788418,0.062851,0.026632,-0.033023
17.147259,586.670415,body,138.648854,0.000000,-0.004020,-133.984018,0.000000,-0.001340,141.416155,0.000000,-0.006700,-127.374095,0.000000,-0.009380,-0.010791,0.046696,9.769289,0.063916,0.026632,-0.033023
17.156933,586.679635,body,138.650387,0.000000,-0.004020,-133.984018,0.000000,-0.001340,141.414621,0.000000,-0.006700,-127.374095,0.000000,-0.009380,-0.013145,0.044341,9.789595,0.064980,0.028761,-0.031959
17.167158,586.689316,body,138.650387,0.000000,-0.004020,-133.984018,0.000000,-0.001340,141.414621,0.000000,-0.006700,-127.374095,0.000000,-0.009380,-0.025114,0.052680,9.795677,0.063916,0.028761,-0.029828
17.176871,586.698721,body,138.650387,0.000000,-0.004020,-133.984018,0.000000,-0.001340,141.416155,0.000000,-0.006700,-127.375629,0.000000,-0.009380,-0.025114,0.051503,9.790871,0.064980,0.027697,-0.029828
17.186895,586.708352,body,138.650387,0.000000,-0.004020,-133.984018,0.000000,-0.001340,141.416155,0.000000,-0.006700,-127.374095,0.000000,-0.009380,-0.015598,0.035905,9.775273,0.064980,0.027697,-0.030892
17.197021,586.718030,body,138.650387,0.000000,-0.004020,-133.984018,0.000000,-0.001340,141.416155,0.000000,-0.006700,-127.374095,0.000000,-0.009380,-0.020405,0.041889,9.784886,0.063916,0.026632,-0.031959
17.206884,586.727601,body,138.650387,0.000000,-0.004020,-133.984018,0.000000,-0.001340,141.414621,0.000000,-0.006700,-127.374095,0.000000,-0.009380,-0.035905,0.057487,9.790871,0.063916,0.026632,-0.030892
17.216889,586.736959,body,138.650387,0.000000,-0.004020,-133.984018,0.000000,-0.001340,141.416155,0.000000,-0.006700,-127.374095,0.000000,-0.009380,-0.037082,0.050325,9.801661,0.066047,0.027697,-0.029828
17.226983,586.746584,body,138.650387,0.000000,-0.004020,-133.984018,0.000000,-0.001340,141.416155,0.000000,-0.006700,-127.374095,0.000000,-0.009380,-0.022759,0.044341,9.776450,0.063916,0.028761,-0.029828
17.237195,586.756192,body,138.648854,0.000000,-0.004020,-133.984018,0.000000,-0.001340,141.416155,0.000000,-0.006700,-127.374095,0.000000,-0.009380,-0.016775,0.039534,9.771643,0.062851,0.027697,-0.031959
17.246826,586.765934,body,138.650387,0.000000,-0.004020,-133.984018,0.000000,-0.001340,141.414621,0.000000,-0.006700,-127.374095,0.000000,-0.009380,-0.019130,0.037082,9.765659,0.062851,0.027697,-0.033023
17.256857,586.775131,body,138.650387,0.000000,-0.004020,-133.984018,0.000000,-0.001340,141.414621,0.000000,-0.006700,-127.374095,0.000000,-0.009380,-0.009614,0.033550,9.766934,0.062851,0.027697,-0.033023
17.266961,586.785020,body,138.650387,0.000000,-0.004020,-133.984018,0.000000,-0.001340,141.416155,0.000000,-0.006700,-127.374095,0.000000,-0.009380,-0.013145,0.049050,9.782434,0.063916,0.027697,-0.030892
17.277015,586.794527,body,138.650387,0.000000,-0.004020,-133.984018,0.000000,-0.001340,141.414621,0.000000,-0.006700,-127.374095,0.000000,-0.009380,-0.015598,0.041889,9.787241,0.061785,0.027697,-0.033023
17.286943,586.804109,body,138.650387,0.000000,-0.004020,-133.984018,0.000000,-0.001340,141.416155,0.000000,-0.006700,-127.374095,0.000000,-0.009380,-0.020405,0.035905,9.783611,0.064980,0.027697,-0.033023
17.296996,586.813403,body,138.650387,0.000000,-0.004020,-133.984018,0.000000,-0.001340,141.414621,0.000000,-0.006700,-127.374095,0.000000,-0.009380,-0.022759,0.044341,9.790871,0.064980,0.027697,-0.031959
17.306875,586.832474,body,138.650387,0.000000,-0.004020,-133.984018,0.000000,-0.001340,141.416155,0.000000,-0.006700,-127.374095,0.000000,-0.009380,-0.013145,0.038357,9.792048,0.064980,0.028761,-0.030892
17.317173,586.842236,body,138.650387,0.000000,-0.004020,-133.984018,0.000000,-0.001340,141.416155,0.000000,-0.006700,-127.374095,0.000000,-0.009380,-0.005984,0.034727,9.789595,0.063916,0.027697,-0.030892
17.327215,586.851616,body,138.650387,0.000000,-0.004020,-133.984018,0.000000,-0.001340,141.414621,0.000000,-0.006700,-127.374095,0.000000,-0.009380,-0.005984,0.039534,9.783611,0.063916,0.025566,-0.031959
17.337324,586.861346,body,138.650387,0.000000,-0.004020,-133.984018,0.000000,-0.001340,141.416155,0.000000,-0.006700,-127.374095,0.000000,-0.009380,-0.019130,0.046696,9.783611,0.063916,0.026632,-0.034088
17.346873,586.870612,body,138.650387,0.000000,-0.004020,-133.984018,0.000000,-0.001340,141.416155,0.000000,-0.006700,-127.374095,0.000000,-0.009380,-0.009614,0.031098,9.766934,0.061785,0.027697,-0.034088
17.357244,586.880430,body,138.650387,0.000000,-0.004020,-133.984018,0.000000,-0.001340,141.414621,0.000000,-0.006700,-127.374095,0.000000,-0.009380,-0.008339,0.049050,9.781257,0.062851,0.026632,-0.033023
17.367210,586.889919,body,138.650387,0.000000,-0.004020,-133.985552,0.000000,-0.001340,141.416155,0.000000,-0.006700,-127.374095,0.000000,-0.009380,-0.021582,0.050325,9.784886,0.064980,0.028761,-0.031959
17.376997,586.899449,body,138.650387,0.000000,-0.004020,-133.984018,0.000000,-0.001340,141.414621,0.000000,-0.006700,-127.374095,0.000000,-0.009380,-0.020405,0.035905,9.788418,0.064980,0.027697,-0.030892
17.387097,586.909068,body,138.650387,0.000000,-0.004020,-133.984018,0.000000,-0.001340,141.414621,0.000000,-0.006700,-127.374095,0.000000,-0.009380,-0.019130,0.046696,9.766934,0.062851,0.027697,-0.031959
17.396882,586.918638,body,138.650387,0.000000,-0.004020,-133.984018,0.000000,-0.001340,141.416155,0.000000,-0.006700,-127.374095,0.000000,-0.009380,-0.007161,0.041889,9.778902,0.063916,0.028761,-0.030892
17.406901,586.928235,body,138.650387,0.000000,-0.004020,-133.984018,0.000000,-0.001340,141.416155,0.000000,-0.006700,-127.374095,0.000000,-0.009380,-0.019130,0.040712,9.774095,0.061785,0.027697,-0.031959
17.416922,586.937473,body,138.650387,0.000000,-0.004020,-133.984018,0.000000,-0.001340,141.416155,0.000000,-0.006700,-127.374095,0.000000,-0.009380,-0.016775,0.049050,9.793225,0.063916,0.027697,-0.031959
17.427067,586.947108,body,138.650387,0.000000,-0.004020,-133.984018,0.000000,-0.001340,141.416155,0.000000,-0.006700,-127.374095,0.000000,-0.009380,-0.020405,0.040712,9.780080,0.064980,0.028761,-0.031959
17.437125,586.956606,body,138.650387,0.000000,-0.004020,-133.984018,0.000000,-0.001340,141.416155,0.000000,-0.006700,-127.374095,0.000000,-0.009380,-0.032373,0.049050,9.796855,0.063916,0.028761,-0.030892
17.447003,586.966382,body,138.650387,0.000000,-0.004020,-133.984018,0.000000,-0.001340,141.416155,0.000000,-0.006700,-127.374095,0.000000,-0.009380,-0.033550,0.045518,9.787241,0.064980,0.028761,-0.029828
17.457009,586.975918,body,138.650387,0.000000,-0.004020,-133.984018,0.000000,-0.001340,141.416155,0.000000,-0.006700,-127.374095,0.000000,-0.009380,-0.038357,0.041889,9.792048,0.063916,0.027697,-0.029828
17.467064,586.985425,body,138.650387,0.000000,-0.004020,-133.985552,0.000000,-0.001340,141.414621,0.000000,-0.006700,-127.374095,0.000000,-0.009380,-0.032373,0.051503,9.783611,0.064980,0.028761,-0.029828
17.477316,586.995016,body,138.650387,0.000000,-0.004020,-133.984018,0.000000,-0.001340,141.416155,0.000000,-0.006700,-127.374095,0.000000,-0.009380,-0.022759,0.053857,9.790871,0.063916,0.027697,-0.031959
17.487239,587.004583,body,138.650387,0.000000,-0.004020,-133.984018,0.000000,-0.001340,141.416155,0.000000,-0.006700,-127.374095,0.000000,-0.009380,-0.025114,0.051503,9.794402,0.063916,0.027697,-0.031959
17.497259,587.013893,body,138.650387,0.000000,-0.004020,-133.984018,0.000000,-0.001340,141.414621,0.000000,-0.006700,-127.374095,0.000000,-0.009380,-0.032373,0.052680,9.778902,0.064980,0.028761,-0.031959
17.507341,587.023612,body,138.650387,0.000000,-0.004020,-133.984018,0.000000,-0.001340,141.416155,0.000000,-0.006700,-127.374095,0.000000,-0.009380,-0.032373,0.051503,9.794402,0.066047,0.028761,-0.030892
17.517160,587.033106,body,138.650387,0.000000,-0.004020,-133.984018,0.000000,-0.001340,141.416155,0.000000,-0.006700,-127.374095,0.000000,-0.009380,-0.019130,0.041889,9.777627,0.063916,0.028761,-0.031959
17.527313,587.052314,body,138.650387,0.000000,-0.004020,-133.984018,0.000000,-0.001340,141.416155,0.000000,-0.006700,-127.374095,0.000000,-0.009380,-0.013145,0.049050,9.775273,0.064980,0.027697,-0.030892
17.536887,587.061793,body,138.650387,0.000000,-0.004020,-133.984018,0.000000,-0.001340,141.416155,0.000000,-0.006700,-127.374095,0.000000,-0.009380,-0.013145,0.050325,9.776450,0.063916,0.026632,-0.029828
17.546978,587.071416,body,138.650387,0.000000,-0.004020,-133.984018,0.000000,-0.001340,141.416155,0.000000,-0.006700,-127.374095,0.000000,-0.009380,-0.016775,0.041889,9.787241,0.064980,0.027697,-0.030892
17.556929,587.080835,body,138.650387,0.000000,-0.004020,-133.984018,0.000000,-0.001340,141.414621,0.000000,-0.006700,-127.374095,0.000000,-0.009380,-0.007161,0.041889,9.775273,0.063916,0.027697,-0.030892
17.567200,587.090613,body,138.650387,0.000000,-0.004020,-133.984018,0.000000,-0.001340,141.416155,0.000000,-0.006700,-127.374095,0.000000,-0.009380,-0.033550,0.053857,9.787241,0.064980,0.027697,-0.029828
17.576847,587.100122,body,138.650387,0.000000,-0.004020,-133.984018,0.000000,-0.001340,141.416155,0.000000,-0.006700,-127.374095,0.000000,-0.009380,-0.026389,0.046696,9.783611,0.066047,0.028761,-0.029828
17.587273,587.109399,body,138.650387,0.000000,-0.004020,-133.984018,0.000000,-0.001340,141.416155,0.000000,-0.006700,-127.374095,0.000000,-0.009380,-0.022759,0.056309,9.790871,0.063916,0.027697,-0.030892
17.596957,587.119121,body,138.650387,0.000000,-0.004020,-133.984018,0.000000,-0.001340,141.416155,0.000000,-0.006700,-127.374095,0.000000,-0.009380,-0.022759,0.057487,9.800386,0.063916,0.027697,-0.030892
17.606989,587.128460,body,138.650387,0.000000,-0.004020,-133.984018,0.000000,-0.001340,141.414621,0.000000,-0.006700,-127.374095,0.000000,-0.009380,-0.022759,0.043066,9.788418,0.063916,0.027697,-0.031959
17.617221,587.138121,body,138.650387,0.000000,-0.004020,-133.984018,0.000000,-0.001340,141.416155,0.000000,-0.006700,-127.374095,0.000000,-0.009380,-0.022759,0.058664,9.792048,0.062851,0.028761,-0.031959
17.627178,587.147764,body,138.650387,0.000000,-0.004020,-133.984018,0.000000,-0.001340,141.416155,0.000000,-0.006700,-127.374095,0.000000,-0.009380,-0.019130,0.049050,9.790871,0.063916,0.027697,-0.031959
17.636814,587.157399,body,138.650387,0.000000,-0.004020,-133.985552,0.000000,-0.001340,141.414621,0.000000,-0.006700,-127.374095,0.000000,-0.009380,-0.019130,0.056309,9.783611,0.063916,0.027697,-0.030892
17.647206,587.166715,body,138.648854,0.000000,-0.004020,-133.985552,0.000000,-0.001340,141.416155,0.000000,-0.006700,-127.374095,0.000000,-0.009380,-0.022759,0.058664,9.788418,0.062851,0.027697,-0.031959
17.656885,587.176216,body,138.650387,0.000000,-0.004020,-133.984018,0.000000,-0.001340,141.416155,0.000000,-0.006700,-127.374095,0.000000,-0.009380,-0.016775,0.059841,9.789595,0.061785,0.026632,-0.031959
17.666923,587.185895,body,138.650387,0.000000,-0.004020,-133.984018,0.000000,-0.001340,141.414621,0.000000,-0.006700,-127.374095,0.000000,-0.009380,-0.017952,0.056309,9.788418,0.061785,0.027697,-0.031959
17.676820,587.195458,body,138.650387,0.000000,-0.004020,-133.985552,0.000000,-0.001340,141.416155,0.000000,-0.006700,-127.374095,0.000000,-0.009380,-0.034727,0.057487,9.789595,0.061785,0.027697,-0.033023
17.686836,587.205150,body,138.650387,0.000000,-0.004020,-133.984018,0.000000,-0.001340,141.414621,0.000000,-0.006700,-127.374095,0.000000,-0.009380,-0.019130,0.057487,9.778902,0.062851,0.027697,-0.031959
17.696830,587.214381,body,138.650387,0.000000,-0.004020,-133.984018,0.000000,-0.001340,141.416155,0.000000,-0.006700,-127.374095,0.000000,-0.009380,-0.027566,0.043066,9.786064,0.062851,0.026632,-0.031959
17.707219,587.224177,body,138.650387,0.000000,-0.004020,-133.984018,0.000000,-0.001340,141.414621,0.000000,-0.006700,-127.374095,0.000000,-0.009380,-0.029921,0.055132,9.778902,0.066047,0.027697,-0.031959
17.717077,587.233537,body,138.650387,0.000000,-0.004020,-133.984018,0.000000,-0.001340,141.416155,0.000000,-0.006700,-127.374095,0.000000,-0.009380,-0.014323,0.063471,9.775273,0.067111,0.029828,-0.029828
17.727146,587.243418,body,138.650387,0.000000,-0.004020,-133.984018,0.000000,-0.001340,141.416155,0.000000,-0.006700,-127.374095,0.000000,-0.009380,-0.034727,0.053857,9.789595,0.064980,0.028761,-0.029828
17.737282,587.262119,body,138.650387,0.000000,-0.004020,-133.985552,0.000000,-0.001340,141.414621,0.000000,-0.006700,-127.374095,0.000000,-0.009380,-0.034727,0.045518,9.793225,0.064980,0.028761,-0.029828
17.746884,587.271721,body,138.650387,0.000000,-0.004020,-133.985552,0.000000,-0.001340,141.416155,0.000000,-0.006700,-127.374095,0.000000,-0.009380,-0.034727,0.051503,9.792048,0.063916,0.028761,-0.029828
17.757079,587.281381,body,138.650387,0.000000,-0.004020,-133.984018,0.000000,-0.001340,141.416155,0.000000,-0.006700,-127.374095,0.000000,-0.009380,-0.020405,0.050325,9.782434,0.064980,0.027697,-0.031959
17.767112,587.290995,body,138.650387,0.000000,-0.004020,-133.984018,0.000000,-0.001340,141.414621,0.000000,-0.006700,-127.374095,0.000000,-0.009380,-0.023936,0.055132,9.784886,0.063916,0.027697,-0.034088
17.776995,587.300551,body,138.650387,0.000000,-0.004020,-133.984018,0.000000,-0.001340,141.414621,0.000000,-0.006700,-127.374095,0.000000,-0.009380,-0.014323,0.057487,9.788418,0.061785,0.028761,-0.033023
17.787147,587.309914,body,138.650387,0.000000,-0.004020,-133.984018,0.000000,-0.001340,141.416155,0.000000,-0.006700,-127.374095,0.000000,-0.009380,-0.016775,0.052680,9.775273,0.061785,0.027697,-0.033023
17.797217,587.319717,body,138.650387,0.000000,-0.004020,-133.984018,0.000000,-0.001340,141.414621,0.000000,-0.006700,-127.374095,0.000000,-0.009380,-0.015598,0.050325,9.792048,0.061785,0.027697,-0.033023
17.807176,587.329118,body,138.650387,0.000000,-0.004020,-133.984018,0.000000,-0.001340,141.416155,0.000000,-0.006700,-127.374095,0.000000,-0.009380,-0.022759,0.049050,9.774095,0.061785,0.027697,-0.033023
17.817235,587.338713,body,138.650387,0.000000,-0.004020,-133.984018,0.000000,-0.001340,141.416155,0.000000,-0.006700,-127.374095,0.000000,-0.009380,-0.026389,0.046696,9.778902,0.062851,0.027697,-0.031959
17.827237,587.348117,body,138.650387,0.000000,-0.004020,-133.984018,0.000000,-0.001340,141.414621,0.000000,-0.006700,-127.374095,0.000000,-0.009380,-0.019130,0.047873,9.784886,0.063916,0.027697,-0.031959
17.837230,587.357926,body,138.650387,0.000000,-0.004020,-133.984018,0.000000,-0.001340,141.416155,0.000000,-0.006700,-127.374095,0.000000,-0.009380,-0.013145,0.047873,9.788418,0.064980,0.027697,-0.031959
17.846993,587.367379,body,138.650387,0.000000,-0.004020,-133.985552,0.000000,-0.001340,141.416155,0.000000,-0.006700,-127.374095,0.000000,-0.009380,-0.013145,0.053857,9.792048,0.066047,0.028761,-0.030892
17.857061,587.376758,body,138.650387,0.000000,-0.004020,-133.984018,0.000000,-0.001340,141.414621,0.000000,-0.006700,-127.374095,0.000000,-0.009380,-0.015598,0.045518,9.784886,0.066047,0.028761,-0.029828
17.866957,587.386520,body,138.650387,0.000000,-0.004020,-133.984018,0.000000,-0.001340,141.416155,0.000000,-0.006700,-127.374095,0.000000,-0.009380,-0.026389,0.052680,9.776450,0.067111,0.028761,-0.030892
17.876995,587.396148,body,138.650387,0.000000,-0.004020,-133.984018,0.000000,-0.001340,141.416155,0.000000,-0.006700,-127.374095,0.000000,-0.009380,-0.029921,0.053857,9.781257,0.066047,0.028761,-0.031959
17.887006,587.405477,body,138.650387,0.000000,-0.004020,-133.985552,0.000000,-0.001340,141.416155,0.000000,-0.006700,-127.375629,0.000000,-0.009380,-0.008339,0.046696,9.774095,0.061785,0.027697,-0.030892
17.897039,587.415028,body,138.650387,0.000000,-0.004020,-133.984018,0.000000,-0.001340,141.416155,0.000000,-0.006700,-127.374095,0.000000,-0.009380,-0.023936,0.062294,9.790871,0.062851,0.026632,-0.031959
17.907071,587.424643,body,138.650387,0.000000,-0.004020,-133.984018,0.000000,-0.001340,141.416155,0.000000,-0.006700,-127.374095,0.000000,-0.009380,-0.021582,0.053857,9.788418,0.063916,0.027697,-0.033023
17.917082,587.434290,body,138.650387,0.000000,-0.004020,-133.984018,0.000000,-0.001340,141.414621,0.000000,-0.006700,-127.374095,0.000000,-0.009380,-0.020405,0.037082,9.775273,0.063916,0.027697,-0.031959
17.926894,587.443925,body,138.650387,0.000000,-0.004020,-133.984018,0.000000,-0.001340,141.416155,0.000000,-0.006700,-127.374095,0.000000,-0.009380,-0.029921,0.053857,9.774095,0.066047,0.027697,-0.028761
17.937416,587.453322,body,138.650387,0.000000,-0.004020,-133.985552,0.000000,-0.001340,141.416155,0.000000,-0.006700,-127.374095,0.000000,-0.009380,-0.013145,0.046696,9.787241,0.064980,0.028761,-0.031959
17.947140,587.462952,body,138.650387,0.000000,-0.004020,-133.984018,0.000000,-0.001340,141.414621,0.000000,-0.006700,-127.374095,0.000000,-0.009380,-0.032373,0.052680,9.788418,0.063916,0.028761,-0.033023
17.957143,587.481822,body,138.650387,0.000000,-0.004020,-133.984018,0.000000,-0.001340,141.416155,0.000000,-0.006700,-127.374095,0.000000,-0.009380,-0.013145,0.058664,9.777627,0.062851,0.026632,-0.033023
17.967150,587.491550,body,138.650387,0.000000,-0.004020,-133.985552,0.000000,-0.001340,141.414621,0.000000,-0.006700,-127.374095,0.000000,-0.009380,-0.015598,0.051503,9.788418,0.062851,0.027697,-0.033023
17.977306,587.501013,body,138.650387,0.000000,-0.004020,-133.984018,0.000000,-0.001340,141.416155,0.000000,-0.006700,-127.374095,0.000000,-0.009380,-0.021582,0.053857,9.775273,0.062851,0.028761,-0.033023
17.986817,587.510500,body,138.650387,0.000000,-0.004020,-133.984018,0.000000,-0.001340,141.416155,0.000000,-0.006700,-127.374095,0.000000,-0.009380,-0.010791,0.059841,9.775273,0.063916,0.027697,-0.030892
17.997106,587.520168,body,138.650387,0.000000,-0.004020,-133.985552,0.000000,-0.001340,141.416155,0.000000,-0.006700,-127.374095,0.000000,-0.009380,-0.029921,0.056309,9.781257,0.063916,0.028761,-0.030892
18.007312,587.529585,body,138.650387,0.000000,-0.004020,-133.985552,0.000000,-0.001340,141.416155,0.000000,-0.006700,-127.374095,0.000000,-0.009380,-0.020405,0.040712,9.783611,0.063916,0.028761,-0.029828
18.016878,587.539337,body,138.650387,0.000000,-0.004020,-133.984018,0.000000,-0.001340,141.416155,0.000000,-0.006700,-127.374095,0.000000,-0.009380,-0.019130,0.047873,9.789595,0.066047,0.028761,-0.028761
18.026853,587.548853,body,138.650387,0.000000,-0.004020,-133.984018,0.000000,-0.001340,141.416155,0.000000,-0.006700,-127.374095,0.000000,-0.009380,-0.021582,0.056309,9.796855,0.064980,0.028761,-0.029828
18.036902,587.558209,body,138.650387,0.000000,-0.004020,-133.985552,0.000000,-0.001340,141.416155,0.000000,-0.006700,-127.374095,0.000000,-0.009380,-0.013145,0.043066,9.786064,0.064980,0.028761,-0.030892
18.046860,587.567991,body,138.650387,0.000000,-0.004020,-133.984018,0.000000,-0.001340,141.416155,0.000000,-0.006700,-127.374095,0.000000,-0.009380,-0.010791,0.056309,9.776450,0.063916,0.027697,-0.030892
18.057289,587.577515,body,138.650387,0.000000,-0.004020,-133.984018,0.000000,-0.001340,141.416155,0.000000,-0.006700,-127.374095,0.000000,-0.009380,-0.019130,0.047873,9.788418,0.061785,0.027697,-0.030892
18.067186,587.586949,body,138.650387,0.000000,-0.004020,-133.984018,0.000000,-0.001340,141.416155,0.000000,-0.006700,-127.374095,0.000000,-0.009380,-0.025114,0.045518,9.770466,0.062851,0.027697,-0.031959
18.077299,587.596356,body,138.650387,0.000000,-0.004020,-133.984018,0.000000,-0.001340,141.416155,0.000000,-0.006700,-127.374095,0.000000,-0.009380,-0.029921,0.055132,9.783611,0.061785,0.027697,-0.033023
18.087145,587.606077,body,138.650387,0.000000,-0.004020,-133.984018,0.000000,-0.001340,141.416155,0.000000,-0.006700,-127.374095,0.000000,-0.009380,-0.020405,0.047873,9.780080,0.062851,0.026632,-0.031959
18.097142,587.615515,body,138.650387,0.000000,-0.004020,-133.984018,0.000000,-0.001340,141.416155,0.000000,-0.006700,-127.374095,0.000000,-0.009380,-0.011968,0.056309,9.795677,0.064980,0.028761,-0.031959
18.107217,587.625304,body,138.650387,0.000000,-0.004020,-133.984018,0.000000,-0.001340,141.416155,0.000000,-0.006700,-127.374095,0.000000,-0.009380,-0.022759,0.045518,9.787241,0.062851,0.027697,-0.031959
18.117323,587.634688,body,138.650387,0.000000,-0.004020,-133.984018,0.000000,-0.001340,141.416155,0.000000,-0.006700,-127.374095,0.000000,-0.009380,-0.027566,0.049050,9.788418,0.063916,0.027697,-0.030892
18.127305,587.644210,body,138.650387,0.000000,-0.004020,-133.984018,0.000000,-0.001340,141.414621,0.000000,-0.006700,-127.374095,0.000000,-0.009380,-0.032373,0.052680,9.789595,0.064980,0.028761,-0.029828
18.137114,587.653762,body,138.650387,0.000000,-0.004020,-133.985552,0.000000,-0.001340,141.416155,0.000000,-0.006700,-127.374095,0.000000,-0.009380,-0.032373,0.057487,9.789595,0.067111,0.027697,-0.029828
18.147131,587.663359,body,138.650387,0.000000,-0.004020,-133.984018,0.000000,-0.001340,141.416155,0.000000,-0.006700,-127.374095,0.000000,-0.009380,-0.021582,0.052680,9.769289,0.063916,0.028761,-0.030892
18.157320,587.673096,body,138.650387,0.000000,-0.004020,-133.984018,0.000000,-0.001340,141.414621,0.000000,-0.006700,-127.374095,0.000000,-0.009380,-0.013145,0.044341,9.795677,0.061785,0.025566,-0.031959
18.166999,587.682303,body,138.650387,0.000000,-0.004020,-133.985552,0.000000,-0.001340,141.416155,0.000000,-0.006700,-127.374095,0.000000,-0.009380,-0.010791,0.039534,9.770466,0.062851,0.027697,-0.031959
18.177188,587.701584,body,138.650387,0.000000,-0.004020,-133.984018,0.000000,-0.001340,141.416155,0.000000,-0.006700,-127.374095,0.000000,-0.009380,-0.008339,0.033550,9.780080,0.061785,0.026632,-0.031959
18.187259,587.711287,body,138.650387,0.000000,-0.004020,-133.984018,0.000000,-0.001340,141.416155,0.000000,-0.006700,-127.374095,0.000000,-0.009380,-0.015598,0.041889,9.790871,0.061785,0.026632,-0.033023
18.197279,587.720513,body,138.650387,0.000000,-0.004020,-133.984018,0.000000,-0.001340,141.414621,0.000000,-0.006700,-127.374095,0.000000,-0.009380,-0.019130,0.047873,9.788418,0.061785,0.026632,-0.034088
18.206815,587.730410,body,138.650387,0.000000,-0.004020,-133.984018,0.000000,-0.001340,141.416155,0.000000,-0.006700,-127.374095,0.000000,-0.009380,-0.005984,0.035905,9.778902,0.061785,0.026632,-0.031959
18.217160,587.739591,body,138.650387,0.000000,-0.004020,-133.985552,0.000000,-0.001340,141.414621,0.000000,-0.006700,-127.374095,0.000000,-0.009380,-0.015598,0.043066,9.776450,0.061785,0.026632,-0.033023
18.227067,587.749265,body,138.650387,0.000000,-0.004020,-133.984018,0.000000,-0.001340,141.416155,0.000000,-0.006700,-127.374095,0.000000,-0.009380,-0.014323,0.037082,9.783611,0.061785,0.026632,-0.033023
18.236930,587.758908,body,138.650387,0.000000,-0.004020,-133.984018,0.000000,-0.001340,141.416155,0.000000,-0.006700,-127.374095,0.000000,-0.009380,-0.021582,0.034727,9.781257,0.061785,0.026632,-0.034088
18.247083,587.768568,body,138.648854,0.000000,-0.004020,-133.984018,0.000000,-0.001340,141.416155,0.000000,-0.006700,-127.374095,0.000000,-0.009380,-0.016775,0.049050,9.780080,0.061785,0.026632,-0.034088
18.257347,587.777885,body,138.650387,0.000000,-0.004020,-133.984018,0.000000,-0.001340,141.416155,0.000000,-0.006700,-127.374095,0.000000,-0.009380,-0.022759,0.047873,9.789595,0.063916,0.027697,-0.033023
18.266973,587.787602,body,138.650387,0.000000,-0.004020,-133.984018,0.000000,-0.001340,141.416155,0.000000,-0.006700,-127.374095,0.000000,-0.009380,-0.020405,0.046696,9.795677,0.066047,0.029828,-0.028761
18.276940,587.796908,body,138.650387,0.000000,-0.004020,-133.984018,0.000000,-0.001340,141.416155,0.000000,-0.006700,-127.374095,0.000000,-0.009380,-0.009614,0.043066,9.786064,0.063916,0.027697,-0.030892
18.286967,587.806819,body,138.650387,0.000000,-0.004020,-133.984018,0.000000,-0.001340,141.414621,0.000000,-0.006700,-127.374095,0.000000,-0.009380,-0.010791,0.032373,9.781257,0.062851,0.026632,-0.033023
18.297005,587.816005,body,138.650387,0.000000,-0.004020,-133.984018,0.000000,-0.001340,141.414621,0.000000,-0.006700,-127.374095,0.000000,-0.009380,0.001177,0.039534,9.793225,0.062851,0.027697,-0.031959
18.307063,587.825871,body,138.650387,0.000000,-0.004020,-133.984018,0.000000,-0.001340,141.416155,0.000000,-0.006700,-127.375629,0.000000,-0.009380,-0.014323,0.039534,9.782434,0.062851,0.028761,-0.031959
18.317127,587.835118,body,138.650387,0.000000,-0.004020,-133.984018,0.000000,-0.001340,141.416155,0.000000,-0.006700,-127.374095,0.000000,-0.009380,-0.003630,0.035905,9.787241,0.063916,0.027697,-0.033023
18.327306,587.844620,body,138.650387,0.000000,-0.004020,-133.984018,0.000000,-0.001340,141.414621,0.000000,-0.006700,-127.374095,0.000000,-0.009380,-0.013145,0.040712,9.776450,0.062851,0.026632,-0.031959
18.336857,587.854372,body,138.650387,0.000000,-0.004020,-133.984018,0.000000,-0.001340,141.416155,0.000000,-0.006700,-127.374095,0.000000,-0.009380,-0.019130,0.046696,9.787241,0.063916,0.027697,-0.033023
18.346932,587.863919,body,138.650387,0.000000,-0.004020,-133.984018,0.000000,-0.001340,141.416155,0.000000,-0.006700,-127.374095,0.000000,-0.009380,-0.005984,0.035905,9.783611,0.062851,0.028761,-0.031959
18.357032,587.882821,body,138.650387,0.000000,-0.004020,-133.985552,0.000000,-0.001340,141.416155,0.000000,-0.006700,-127.374095,0.000000,-0.009380,-0.020405,0.038357,9.774095,0.062851,0.026632,-0.033023
18.367086,587.892414,body,138.650387,0.000000,-0.004020,-133.984018,0.000000,-0.001340,141.414621,0.000000,-0.006700,-127.374095,0.000000,-0.009380,-0.021582,0.034727,9.776450,0.062851,0.027697,-0.033023
18.376910,587.902035,body,138.650387,0.000000,-0.004020,-133.984018,0.000000,-0.001340,141.416155,0.000000,-0.006700,-127.374095,0.000000,-0.009380,-0.021582,0.037082,9.784886,0.063916,0.026632,-0.033023
18.386967,587.911647,body,138.650387,0.000000,-0.004020,-133.984018,0.000000,-0.001340,141.414621,0.000000,-0.006700,-127.374095,0.000000,-0.009380,-0.013145,0.043066,9.788418,0.062851,0.027697,-0.030892
18.396942,587.921007,body,138.650387,0.000000,-0.004020,-133.984018,0.000000,-0.001340,141.416155,0.000000,-0.006700,-127.374095,0.000000,-0.009380,-0.019130,0.039534,9.781257,0.063916,0.028761,-0.031959
18.407339,587.930584,body,138.648854,0.000000,-0.004020,-133.984018,0.000000,-0.001340,141.416155,0.000000,-0.006700,-127.374095,0.000000,-0.009380,-0.026389,0.047873,9.800386,0.063916,0.028761,-0.030892
18.417202,587.940359,body,138.650387,0.000000,-0.004020,-133.984018,0.000000,-0.001340,141.416155,0.000000,-0.006700,-127.374095,0.000000,-0.009380,-0.020405,0.052680,9.801661,0.064980,0.028761,-0.029828
18.427249,587.950024,body,138.650387,0.000000,-0.004020,-133.985552,0.000000,-0.001340,141.414621,0.000000,-0.006700,-127.374095,0.000000,-0.009380,-0.026389,0.051503,9.796855,0.064980,0.028761,-0.029828
18.437324,587.959445,body,138.650387,0.000000,-0.004020,-133.984018,0.000000,-0.001340,141.414621,0.000000,-0.006700,-127.374095,0.000000,-0.009380,-0.026389,0.057487,9.793225,0.066047,0.029828,-0.029828
18.447117,587.968960,body,138.648854,0.000000,-0.004020,-133.984018,0.000000,-0.001340,141.414621,0.000000,-0.006700,-127.374095,0.000000,-0.009380,-0.029921,0.062294,9.786064,0.064980,0.029828,-0.029828
18.457013,587.978496,body,138.650387,0.000000,-0.004020,-133.984018,0.000000,-0.001340,141.416155,0.000000,-0.006700,-127.374095,0.000000,-0.009380,-0.032373,0.059841,9.798032,0.064980,0.028761,-0.029828
18.467106,587.988170,body,138.650387,0.000000,-0.004020,-133.984018,0.000000,-0.001340,141.416155,0.000000,-0.006700,-127.374095,0.000000,-0.009380,-0.029921,0.047873,9.790871,0.064980,0.028761,-0.029828
18.477023,587.997530,body,138.650387,0.000000,-0.004020,-133.984018,0.000000,-0.001340,141.416155,0.000000,-0.006700,-127.374095,0.000000,-0.009380,-0.028743,0.057487,9.802839,0.064980,0.028761,-0.029828
18.487086,588.007119,body,138.650387,0.000000,-0.004020,-133.985552,0.000000,-0.001340,141.416155,0.000000,-0.006700,-127.374095,0.000000,-0.009380,-0.037082,0.052680,9.790871,0.066047,0.027697,-0.028761
18.497367,588.016802,body,138.650387,0.000000,-0.004020,-133.984018,0.000000,-0.001340,141.416155,0.000000,-0.006700,-127.374095,0.000000,-0.009380,-0.020405,0.045518,9.796855,0.068176,0.027697,-0.029828
18.507035,588.026211,body,138.650387,0.000000,-0.004020,-133.984018,0.000000,-0.001340,141.416155,0.000000,-0.006700,-127.374095,0.000000,-0.009380,-0.037082,0.056309,9.792048,0.066047,0.029828,-0.028761
18.517006,588.035771,body,138.650387,0.000000,-0.004020,-133.985552,0.000000,-0.001340,141.416155,0.000000,-0.006700,-127.374095,0.000000,-0.009380,-0.027566,0.052680,9.801661,0.064980,0.028761,-0.028761
18.526894,588.045420,body,138.648854,0.000000,-0.004020,-133.984018,0.000000,-0.001340,141.414621,0.000000,-0.006700,-127.374095,0.000000,-0.009380,-0.014323,0.031098,9.787241,0.063916,0.028761,-0.029828
18.537259,588.054910,body,138.650387,0.000000,-0.004020,-133.984018,0.000000,-0.001340,141.416155,0.000000,-0.006700,-127.374095,0.000000,-0.009380,-0.015598,0.049050,9.784886,0.061785,0.026632,-0.033023
18.546860,588.064480,body,138.650387,0.000000,-0.004020,-133.984018,0.000000,-0.001340,141.414621,0.000000,-0.006700,-127.374095,0.000000,-0.009380,-0.008339,0.037082,9.763304,0.062851,0.027697,-0.033023
18.556926,588.074111,body,138.650387,0.000000,-0.004020,-133.984018,0.000000,-0.001340,141.416155,0.000000,-0.006700,-127.374095,0.000000,-0.009380,-0.015598,0.039534,9.782434,0.063916,0.027697,-0.030892
18.567160,588.083590,body,138.650387,0.000000,-0.004020,-133.984018,0.000000,-0.001340,141.414621,0.000000,-0.006700,-127.374095,0.000000,-0.009380,-0.023936,0.053857,9.800386,0.064980,0.028761,-0.029828
18.577199,588.092907,body,138.650387,0.000000,-0.004020,-133.984018,0.000000,-0.001340,141.414621,0.000000,-0.006700,-127.374095,0.000000,-0.009380,-0.037082,0.041889,9.778902,0.066047,0.028761,-0.029828
18.587018,588.112372,body,138.650387,0.000000,-0.004020,-133.984018,0.000000,-0.001340,141.416155,0.000000,-0.006700,-127.374095,0.000000,-0.009380,-0.028743,0.049050,9.795677,0.063916,0.028761,-0.028761
18.597089,588.121827,body,138.650387,0.000000,-0.004020,-133.985552,0.000000,-0.001340,141.416155,0.000000,-0.006700,-127.374095,0.000000,-0.009380,-0.034727,0.053857,9.794402,0.063916,0.028761,-0.030892
18.606907,588.131372,body,138.650387,0.000000,-0.004020,-133.984018,0.000000,-0.001340,141.414621,0.000000,-0.006700,-127.374095,0.000000,-0.009380,-0.038357,0.062294,9.799209,0.064980,0.028761,-0.028761
18.617295,588.140888,body,138.650387,0.000000,-0.004020,-133.984018,0.000000,-0.001340,141.416155,0.000000,-0.006700,-127.374095,0.000000,-0.009380,-0.013145,0.044341,9.778902,0.064980,0.027697,-0.030892
18.627308,588.150452,body,138.650387,0.000000,-0.004020,-133.984018,0.000000,-0.001340,141.416155,0.000000,-0.006700,-127.374095,0.000000,-0.009380,-0.013145,0.040712,9.784886,0.062851,0.027697,-0.034088
18.636923,588.159957,body,138.650387,0.000000,-0.004020,-133.984018,0.000000,-0.001340,141.416155,0.000000,-0.006700,-127.374095,0.000000,-0.009380,-0.011968,0.039534,9.787241,0.062851,0.028761,-0.031959
18.646930,588.169525,body,138.650387,0.000000,-0.004020,-133.984018,0.000000,-0.001340,141.416155,0.000000,-0.006700,-127.374095,0.000000,-0.009380,-0.016775,0.034727,9.775273,0.062851,0.028761,-0.030892
18.656987,588.179213,body,138.650387,0.000000,-0.004020,-133.985552,0.000000,-0.001340,141.416155,0.000000,-0.006700,-127.374095,0.000000,-0.009380,-0.022759,0.037082,9.763304,0.063916,0.027697,-0.031959
18.666848,588.188498,body,138.650387,0.000000,-0.004020,-133.984018,0.000000,-0.001340,141.414621,0.000000,-0.006700,-127.374095,0.000000,-0.009380,-0.015598,0.031098,9.787241,0.063916,0.027697,-0.030892
18.677278,588.197982,body,138.650387,0.000000,-0.004020,-133.984018,0.000000,-0.001340,141.416155,0.000000,-0.006700,-127.374095,0.000000,-0.009380,-0.014323,0.039534,9.778902,0.063916,0.027697,-0.030892
18.686818,588.207826,body,138.650387,0.000000,-0.004020,-133.984018,0.000000,-0.001340,141.416155,0.000000,-0.006700,-127.374095,0.000000,-0.009380,-0.017952,0.031098,9.780080,0.063916,0.027697,-0.031959
18.697265,588.217419,body,138.650387,0.000000,-0.004020,-133.984018,0.000000,-0.001340,141.416155,0.000000,-0.006700,-127.374095,0.000000,-0.009380,-0.032373,0.056309,9.781257,0.063916,0.028761,-0.030892
18.706948,588.226909,body,138.650387,0.000000,-0.004020,-133.985552,0.000000,-0.001340,141.416155,0.000000,-0.006700,-127.374095,0.000000,-0.009380,-0.033550,0.062294,9.800386,0.064980,0.028761,-0.030892
18.717202,588.236214,body,138.650387,0.000000,-0.004020,-133.984018,0.000000,-0.001340,141.416155,0.000000,-0.006700,-127.374095,0.000000,-0.009380,-0.016775,0.034727,9.777627,0.062851,0.028761,-0.031959
18.727044,588.245921,body,138.650387,0.000000,-0.004020,-133.984018,0.000000,-0.001340,141.416155,0.000000,-0.006700,-127.374095,0.000000,-0.009380,-0.010791,0.035905,9.788418,0.060720,0.026632,-0.033023
18.737070,588.255423,body,138.648854,0.000000,-0.004020,-133.985552,0.000000,-0.001340,141.416155,0.000000,-0.006700,-127.374095,0.000000,-0.009380,-0.026389,0.051503,9.787241,0.062851,0.027697,-0.030892
18.746860,588.264867,body,138.650387,0.000000,-0.004020,-133.984018,0.000000,-0.001340,141.416155,0.000000,-0.006700,-127.374095,0.000000,-0.009380,-0.033550,0.043066,9.782434,0.066047,0.028761,-0.029828
18.757063,588.274620,body,138.650387,0.000000,-0.004020,-133.985552,0.000000,-0.001340,141.414621,0.000000,-0.006700,-127.374095,0.000000,-0.009380,-0.029921,0.050325,9.782434,0.064980,0.028761,-0.031959
18.766869,588.284112,body,138.650387,0.000000,-0.004020,-133.984018,0.000000,-0.001340,141.416155,0.000000,-0.006700,-127.374095,0.000000,-0.009380,-0.032373,0.051503,9.796855,0.064980,0.027697,-0.033023
18.776933,588.293548,body,138.650387,0.000000,-0.004020,-133.984018,0.000000,-0.001340,141.416155,0.000000,-0.006700,-127.374095,0.000000,-0.009380,-0.019130,0.046696,9.789595,0.064980,0.027697,-0.031959
18.787120,588.312548,body,138.650387,0.000000,-0.004020,-133.984018,0.000000,-0.001340,141.416155,0.000000,-0.006700,-127.374095,0.000000,-0.009380,-0.028743,0.050325,9.784886,0.063916,0.027697,-0.031959
18.797302,588.322433,body,138.650387,0.000000,-0.004020,-133.985552,0.000000,-0.001340,141.414621,0.000000,-0.006700,-127.374095,0.000000,-0.009380,-0.008339,0.044341,9.781257,0.062851,0.027697,-0.031959
18.807158,588.331847,body,138.650387,0.000000,-0.004020,-133.985552,0.000000,-0.001340,141.414621,0.000000,-0.006700,-127.374095,0.000000,-0.009380,-0.026389,0.063471,9.788418,0.063916,0.027697,-0.031959
18.817151,588.341173,body,138.650387,0.000000,-0.004020,-133.984018,0.000000,-0.001340,141.414621,0.000000,-0.006700,-127.374095,0.000000,-0.009380,-0.016775,0.058664,9.781257,0.063916,0.027697,-0.031959
18.827307,588.350812,body,138.650387,0.000000,-0.004020,-133.984018,0.000000,-0.001340,141.414621,0.000000,-0.006700,-127.374095,0.000000,-0.009380,-0.021582,0.053857,9.778902,0.062851,0.027697,-0.031959
18.837031,588.360270,body,138.648854,0.000000,-0.004020,-133.985552,0.000000,-0.001340,141.416155,0.000000,-0.006700,-127.374095,0.000000,-0.009380,-0.025114,0.057487,9.790871,0.061785,0.027697,-0.031959
18.846833,588.370099,body,138.650387,0.000000,-0.004020,-133.984018,0.000000,-0.001340,141.416155,0.000000,-0.006700,-127.374095,0.000000,-0.009380,-0.033550,0.040712,9.784886,0.061785,0.027697,-0.033023
18.857191,588.379711,body,138.650387,0.000000,-0.004020,-133.985552,0.000000,-0.001340,141.416155,0.000000,-0.006700,-127.374095,0.000000,-0.009380,-0.028743,0.052680,9.777627,0.062851,0.027697,-0.031959
18.866840,588.389146,body,138.650387,0.000000,-0.004020,-133.984018,0.000000,-0.001340,141.416155,0.000000,-0.006700,-127.374095,0.000000,-0.009380,-0.034727,0.049050,9.792048,0.064980,0.027697,-0.031959
18.876988,588.398583,body,138.650387,0.000000,-0.004020,-133.984018,0.000000,-0.001340,141.416155,0.000000,-0.006700,-127.374095,0.000000,-0.009380,-0.032373,0.051503,9.793225,0.066047,0.028761,-0.030892
18.887034,588.408236,body,138.650387,0.000000,-0.004020,-133.984018,0.000000,-0.001340,141.414621,0.000000,-0.006700,-127.374095,0.000000,-0.009380,-0.040712,0.052680,9.790871,0.066047,0.027697,-0.030892
18.897277,588.417612,body,138.650387,0.000000,-0.004020,-133.985552,0.000000,-0.001340,141.416155,0.000000,-0.006700,-127.374095,0.000000,-0.009380,-0.038357,0.050325,9.796855,0.064980,0.027697,-0.030892
18.907265,588.427420,body,138.650387,0.000000,-0.004020,-133.984018,0.000000,-0.001340,141.416155,0.000000,-0.006700,-127.374095,0.000000,-0.009380,-0.088584,0.043066,9.820791,0.063916,0.026632,-0.030892
18.917085,588.436811,body,138.650387,0.000000,-0.004020,-133.984018,0.000000,-0.001340,141.416155,0.000000,-0.005360,-127.374095,0.000000,-0.009380,-0.028743,0.031098,9.790871,0.061785,0.022370,-0.034088
18.927191,588.446391,body,138.650387,0.000000,-0.004020,-133.984018,0.000000,-0.001340,141.414621,0.000000,-0.005360,-127.374095,0.000000,-0.009380,0.053857,0.053857,9.766934,0.061785,0.024501,-0.034088
18.937273,588.455941,body,138.650387,0.000000,-0.004020,-133.984018,0.000000,-0.001340,141.414621,0.000000,-0.005360,-127.374095,0.000000,-0.009380,0.023936,0.045518,9.750159,0.061785,0.027697,-0.033023
18.946906,588.465470,body,138.650387,0.000000,-0.004020,-133.984018,0.000000,-0.001340,141.414621,0.000000,-0.005360,-127.374095,0.000000,-0.009380,-0.031098,0.034727,9.781257,0.061785,0.027697,-0.033023
18.957029,588.474928,body,138.650387,0.000000,-0.004020,-133.984018,0.000000,-0.001340,141.416155,0.000000,-0.005360,-127.374095,0.000000,-0.009380,-0.073085,0.046696,9.817161,0.060720,0.025566,-0.034088
18.967282,588.484667,body,138.650387,0.000000,-0.004020,-133.984018,0.000000,-0.001340,141.414621,0.000000,-0.005360,-127.374095,0.000000,-0.009380,-0.038357,0.038357,9.813630,0.062851,0.026632,-0.034088
18.977077,588.494178,body,138.650387,0.000000,-0.004020,-133.984018,0.000000,-0.001340,141.416155,0.000000,-0.005360,-127.374095,0.000000,-0.009380,0.041889,0.039534,9.759675,0.061785,0.027697,-0.031959
18.986810,588.513204,body,138.650387,0.000000,-0.004020,-133.985552,0.000000,-0.001340,141.414621,0.000000,-0.005360,-127.374095,0.000000,-0.009380,-0.003630,0.058664,9.783611,0.062851,0.028761,-0.031959
18.997005,588.522782,body,138.648854,0.000000,-0.004020,-133.984018,0.000000,-0.001340,141.414621,0.000000,-0.005360,-127.374095,0.000000,-0.009380,-0.076616,0.033550,9.802839,0.062851,0.028761,-0.033023
19.007240,588.532322,body,138.650387,0.000000,-0.004020,-133.984018,0.000000,-0.001340,141.414621,0.000000,-0.005360,-127.374095,0.000000,-0.009380,-0.059841,-0.002354,9.818339,0.061785,0.028761,-0.031959
19.016879,588.541758,body,138.650387,0.000000,-0.004020,-133.984018,0.000000,-0.001340,141.414621,0.000000,-0.005360,-127.374095,0.000000,-0.009380,-0.186782,0.007161,9.863857,0.061785,0.026632,-0.034088
19.026836,588.551332,body,138.650387,0.000000,-0.004020,-133.984018,0.000000,-0.001340,141.414621,0.000000,-0.005360,-127.374095,0.000000,-0.009380,-0.083777,0.038357,9.799209,0.062851,0.024501,-0.037284
19.037098,588.560924,body,138.650387,0.000000,-0.004020,-133.984018,0.000000,-0.001340,141.414621,0.000000,-0.005360,-127.374095,0.000000,-0.009380,0.276642,0.067100,9.618411,0.067111,0.027697,-0.033023
19.047135,588.570444,body,138.650387,0.000000,-0.004020,-133.984018,0.000000,-0.001340,141.414621,0.000000,-0.005360,-127.374095,0.000000,-0.009380,0.302933,0.118505,9.606442,0.069242,0.033023,-0.021305
19.057312,588.579919,body,138.650387,0.000000,-0.004020,-133.985552,0.000000,-0.001340,141.416155,0.000000,-0.005360,-127.374095,0.000000,-0.009380,0.014323,0.201203,9.844727,0.064980,0.033023,-0.023436
19.066906,588.589767,body,138.650387,0.000000,-0.004020,-133.984018,0.000000,-0.001340,141.414621,0.000000,-0.005360,-127.374095,0.000000,-0.009380,-0.264674,0.065825,9.891423,0.063916,0.029828,-0.033023
19.076819,588.599331,body,138.650387,0.000000,-0.004020,-133.984018,0.000000,-0.001340,141.416155,0.000000,-0.005360,-127.374095,0.000000,-0.009380,-0.233478,-0.086230,9.883085,0.066047,0.028761,-0.038350
19.086831,588.608564,body,138.650387,0.000000,-0.004020,-133.984018,0.000000,-0.001340,141.414621,0.000000,-0.005360,-127.374095,0.000000,-0.009380,-0.216703,-0.184428,9.802839,0.063916,0.031959,-0.034088
19.097247,588.618394,body,138.650387,0.000000,-0.004020,-133.984018,0.000000,-0.001340,141.416155,0.000000,-0.005360,-127.374095,0.000000,-0.009380,0.041889,0.071809,9.665106,0.061785,0.027697,-0.028761
19.106842,588.627758,body,138.650387,0.000000,-0.004020,-133.984018,0.000000,-0.001340,141.414621,0.000000,-0.005360,-127.374095,0.000000,-0.009380,0.231124,0.210719,9.729754,0.061785,0.019174,-0.027697
19.116851,588.637222,body,138.648854,0.000000,-0.004020,-133.984018,0.000000,-0.001340,141.416155,0.000000,-0.005360,-127.374095,0.000000,-0.009380,0.112521,0.178444,9.842373,0.063916,0.022370,-0.029828
19.126928,588.647111,body,138.650387,0.000000,-0.004020,-133.985552,0.000000,-0.001340,141.416155,0.000000,-0.005360,-127.374095,0.000000,-0.009380,-0.110166,0.022759,9.831582,0.063916,0.033023,-0.035154
19.136981,588.656659,body,138.650387,0.000000,-0.004020,-133.984018,0.000000,-0.001340,141.416155,0.000000,-0.005360,-127.374095,0.000000,-0.009380,-0.203558,-0.120957,9.768111,0.064980,0.035154,-0.031959
19.147100,588.665950,body,138.650387,0.000000,-0.004020,-133.984018,0.000000,-0.001340,141.414621,0.000000,-0.005360,-127.374095,0.000000,-0.009380,-0.081423,-0.039534,9.759675,0.066047,0.026632,-0.028761
19.157269,588.675723,body,138.650387,0.000000,-0.004020,-133.984018,0.000000,-0.001340,141.416155,0.000000,-0.005360,-127.374095,0.000000,-0.009380,0.087407,0.164023,9.827952,0.063916,0.021305,-0.028761
19.167105,588.685129,body,138.650387,0.000000,-0.004020,-133.984018,0.000000,-0.001340,141.416155,0.000000,-0.005360,-127.374095,0.000000,-0.009380,0.098198,0.192767,9.807646,0.062851,0.027697,-0.031959
19.177132,588.694667,body,138.650387,0.000000,-0.004020,-133.984018,0.000000,-0.001340,141.416155,0.000000,-0.005360,-127.374095,0.000000,-0.009380,-0.041889,0.093391,9.756143,0.062851,0.035154,-0.035154
19.186841,588.704322,body,138.650387,0.000000,-0.004020,-133.984018,0.000000,-0.001340,141.414621,0.000000,-0.005360,-127.374095,0.000000,-0.009380,-0.164023,-0.035905,9.777627,0.062851,0.030892,-0.035154
19.196929,588.713586,body,138.650387,0.000000,-0.004020,-133.984018,0.000000,-0.001340,141.416155,0.000000,-0.005360,-127.374095,0.000000,-0.009380,-0.135280,-0.034727,9.831582,0.062851,0.022370,-0.031959
19.207289,588.723189,body,138.650387,0.000000,-0.004020,-133.984018,0.000000,-0.001340,141.414621,0.000000,-0.005360,-127.374095,0.000000,-0.009380,0.008339,0.076616,9.832759,0.066047,0.021305,-0.029828
19.216836,588.732762,body,138.650387,0.000000,-0.004020,-133.984018,0.000000,-0.001340,141.414621,0.000000,-0.005360,-127.374095,0.000000,-0.009380,0.137732,0.113796,9.730931,0.064980,0.030892,-0.030892
19.226877,588.751818,body,138.650387,0.000000,-0.004020,-133.984018,0.000000,-0.001340,141.416155,0.000000,-0.005360,-127.374095,0.000000,-0.009380,-0.190412,0.016775,9.838743,0.063916,0.030892,-0.031959
19.236823,588.761373,body,138.650387,0.000000,-0.004020,-133.984018,0.000000,-0.001340,141.416155,0.000000,-0.005360,-127.374095,0.000000,-0.009380,-0.281449,-0.017952,9.619588,0.064980,0.018110,-0.029828
19.247206,588.771111,body,138.650387,0.000000,-0.004020,-133.984018,0.000000,-0.001340,141.414621,0.000000,-0.005360,-127.374095,0.000000,-0.009380,0.038357,0.119780,9.926150,0.063916,0.013849,-0.030892
19.257033,588.780665,body,138.648854,0.000000,-0.004020,-133.984018,0.000000,-0.001340,141.416155,0.000000,-0.005360,-127.374095,0.000000,-0.009380,0.197573,-0.019130,9.683059,0.064980,0.026632,-0.028761
19.266987,588.790024,body,138.650387,0.000000,-0.004020,-133.984018,0.000000,-0.001340,141.414621,0.000000,-0.005360,-127.374095,0.000000,-0.009380,0.045518,0.019130,9.742900,0.063916,0.039415,-0.034088
19.277359,588.799766,body,138.650387,0.000000,-0.004020,-133.985552,0.000000,-0.001340,141.414621,0.000000,-0.005360,-127.374095,0.000000,-0.009380,-0.148523,0.015598,9.796855,0.062851,0.031959,-0.034088
19.287186,588.809400,body,138.650387,0.000000,-0.004020,-133.984018,0.000000,-0.001340,141.414621,0.000000,-0.005360,-127.374095,0.000000,-0.009380,-0.190412,0.097021,9.879455,0.063916,0.020241,-0.029828
19.296864,588.818732,body,138.650387,0.000000,-0.004020,-133.984018,0.000000,-0.001340,141.414621,0.000000,-0.005360,-127.374095,0.000000,-0.009380,-0.034727,0.172460,9.932135,0.062851,0.018110,-0.030892
19.306890,588.828185,body,138.650387,0.000000,-0.004020,-133.984018,0.000000,-0.001340,141.414621,0.000000,-0.005360,-127.374095,0.000000,-0.009380,0.082600,0.002354,9.732207,0.062851,0.026632,-0.033023
19.317291,588.837816,body,138.650387,0.000000,-0.004020,-133.984018,0.000000,-0.001340,141.414621,0.000000,-0.005360,-127.374095,0.000000,-0.009380,0.095844,-0.052680,9.689043,0.061785,0.030892,-0.035154
19.326887,588.847470,body,138.650387,0.000000,-0.004020,-133.985552,0.000000,-0.001340,141.414621,0.000000,-0.005360,-127.374095,0.000000,-0.009380,0.023936,0.008339,9.745352,0.062851,0.026632,-0.033023
19.337270,588.857004,body,138.650387,0.000000,-0.004020,-133.984018,0.000000,-0.001340,141.414621,0.000000,-0.005360,-127.374095,0.000000,-0.009380,-0.029921,0.117328,9.829129,0.063916,0.024501,-0.030892
19.347124,588.866587,body,138.650387,0.000000,-0.004020,-133.984018,0.000000,-0.001340,141.414621,0.000000,-0.005360,-127.374095,0.000000,-0.009380,-0.063471,0.128119,9.855518,0.063916,0.028761,-0.029828
19.357261,588.876111,body,138.650387,0.000000,-0.004020,-133.984018,0.000000,-0.001340,141.416155,0.000000,-0.005360,-127.374095,0.000000,-0.009380,-0.020405,0.065825,9.787241,0.066047,0.033023,-0.031959
19.366815,588.885583,body,138.650387,0.000000,-0.004020,-133.984018,0.000000,-0.001340,141.414621,0.000000,-0.005360,-127.374095,0.000000,-0.009380,0.003630,-0.022759,9.727400,0.064980,0.030892,-0.031959
19.377271,588.895395,body,138.650387,0.000000,-0.004020,-133.984018,0.000000,-0.001340,141.416155,0.000000,-0.005360,-127.374095,0.000000,-0.009380,0.026389,0.017952,9.705818,0.062851,0.025566,-0.028761
19.386988,588.904887,body,138.650387,0.000000,-0.004020,-133.984018,0.000000,-0.001340,141.414621,0.000000,-0.005360,-127.374095,0.000000,-0.009380,0.045518,0.123312,9.820791,0.062851,0.024501,-0.028761
19.396975,588.914168,body,138.650387,0.000000,-0.004020,-133.984018,0.000000,-0.001340,141.414621,0.000000,-0.005360,-127.374095,0.000000,-0.009380,0.016775,0.113796,9.800386,0.062851,0.029828,-0.029828
19.407003,588.923770,body,138.650387,0.000000,-0.004020,-133.984018,0.000000,-0.001340,141.414621,0.000000,-0.005360,-127.374095,0.000000,-0.009380,-0.023936,0.063471,9.780080,0.064980,0.033023,-0.033023
19.417063,588.933408,body,138.650387,0.000000,-0.004020,-133.984018,0.000000,-0.001340,141.416155,0.000000,-0.005360,-127.374095,0.000000,-0.009380,-0.055132,-0.031098,9.750159,0.064980,0.030892,-0.034088
19.427075,588.942885,body,138.650387,0.000000,-0.004020,-133.984018,0.000000,-0.001340,141.414621,0.000000,-0.005360,-127.374095,0.000000,-0.009380,-0.025114,-0.001177,9.794402,0.064980,0.026632,-0.031959
19.437114,588.962196,body,138.650387,0.000000,-0.004020,-133.984018,0.000000,-0.001340,141.414621,0.000000,-0.005360,-127.374095,0.000000,-0.009380,-0.009614,0.063471,9.794402,0.063916,0.028761,-0.031959
19.447120,588.971779,body,138.648854,0.000000,-0.004020,-133.984018,0.000000,-0.001340,141.414621,0.000000,-0.005360,-127.374095,0.000000,-0.009380,-0.044341,0.034727,9.776450,0.062851,0.030892,-0.035154
19.457163,588.981112,body,138.650387,0.000000,-0.004020,-133.984018,0.000000,-0.001340,141.416155,0.000000,-0.005360,-127.374095,0.000000,-0.009380,-0.052680,0.028743,9.760950,0.064980,0.027697,-0.034088
19.467245,588.990600,body,138.650387,0.000000,-0.004020,-133.984018,0.000000,-0.001340,141.416155,0.000000,-0.005360,-127.374095,0.000000,-0.009380,-0.031098,0.061116,9.795677,0.064980,0.024501,-0.033023
19.477321,589.000372,body,138.650387,0.000000,-0.004020,-133.984018,0.000000,-0.001340,141.416155,0.000000,-0.005360,-127.374095,0.000000,-0.009380,-0.011968,0.070632,9.813630,0.063916,0.024501,-0.031959
19.487328,589.009705,body,138.650387,0.000000,-0.004020,-133.984018,0.000000,-0.001340,141.416155,0.000000,-0.005360,-127.374095,0.000000,-0.009380,-0.011968,0.051503,9.810000,0.063916,0.027697,-0.033023
19.496887,589.019454,body,138.650387,0.000000,-0.004020,-133.984018,0.000000,-0.001340,141.416155,0.000000,-0.005360,-127.374095,0.000000,-0.009380,-0.023936,0.041889,9.777627,0.064980,0.029828,-0.035154
19.507247,589.028869,body,138.650387,0.000000,-0.004020,-133.984018,0.000000,-0.001340,141.416155,0.000000,-0.005360,-127.374095,0.000000,-0.009380,-0.039534,0.037082,9.778902,0.063916,0.027697,-0.033023
19.517427,589.038549,body,138.650387,0.000000,-0.004020,-133.984018,0.000000,-0.001340,141.414621,0.000000,-0.005360,-127.374095,0.000000,-0.009380,-0.033550,0.040712,9.783611,0.063916,0.025566,-0.031959
19.527184,589.047806,body,138.648854,0.000000,-0.004020,-133.984018,0.000000,-0.001340,141.414621,0.000000,-0.005360,-127.374095,0.000000,-0.009380,-0.073085,0.049050,9.850712,0.063916,0.025566,-0.029828
19.537083,589.057564,body,138.650387,0.000000,-0.004020,-133.984018,0.000000,-0.001340,141.416155,0.000000,-0.005360,-127.374095,0.000000,-0.009380,-0.092214,-0.041889,9.812354,0.063916,0.026632,-0.028761
19.547093,589.067050,body,138.650387,0.000000,-0.004020,-133.984018,0.000000,-0.001340,141.414621,0.000000,-0.005360,-127.374095,0.000000,-0.009380,0.101828,0.135280,9.798032,0.062851,0.024501,-0.034088
19.557328,589.076705,body,138.650387,0.000000,-0.004020,-133.984018,0.000000,-0.001340,141.416155,0.000000,-0.005360,-127.374095,0.000000,-0.009380,0.057487,0.028743,9.667461,0.061785,0.028761,-0.034088
19.566855,589.086032,body,138.648854,0.000000,-0.004020,-133.985552,0.000000,-0.001340,141.416155,0.000000,-0.005360,-127.374095,0.000000,-0.009380,-0.046696,0.067100,9.786064,0.064980,0.033023,-0.031959
19.577084,589.095906,body,138.650387,0.000000,-0.004020,-133.984018,0.000000,-0.001340,141.414621,0.000000,-0.005360,-127.374095,0.000000,-0.009380,-0.110166,-0.016775,9.787241,0.064980,0.028761,-0.027697
19.587092,589.105302,body,138.650387,0.000000,-0.004020,-133.984018,0.000000,-0.001340,141.414621,0.000000,-0.005360,-127.374095,0.000000,-0.009380,-0.076616,0.050325,9.821968,0.067111,0.026632,-0.025566
19.597177,589.114665,body,138.650387,0.000000,-0.004020,-133.984018,0.000000,-0.001340,141.416155,0.000000,-0.005360,-127.374095,0.000000,-0.009380,-0.021582,0.070632,9.800386,0.064980,0.029828,-0.027697
19.607238,589.124432,body,138.650387,0.000000,-0.004020,-133.984018,0.000000,-0.001340,141.414621,0.000000,-0.005360,-127.374095,0.000000,-0.009380,0.001177,0.052680,9.747707,0.064980,0.033023,-0.029828
19.617276,589.134002,body,138.650387,0.000000,-0.004020,-133.984018,0.000000,-0.001340,141.416155,0.000000,-0.005360,-127.374095,0.000000,-0.009380,-0.037082,0.061116,9.759675,0.063916,0.030892,-0.029828
19.627020,589.143304,body,138.650387,0.000000,-0.004020,-133.985552,0.000000,-0.001340,141.416155,0.000000,-0.005360,-127.374095,0.000000,-0.009380,-0.058664,0.061116,9.798032,0.063916,0.023436,-0.030892
19.636986,589.162586,body,138.650387,0.000000,-0.004020,-133.985552,0.000000,-0.001340,141.416155,0.000000,-0.005360,-127.374095,0.000000,-0.009380,-0.014323,0.014323,9.815984,0.066047,0.027697,-0.031959
19.647199,589.172189,body,138.650387,0.000000,-0.004020,-133.984018,0.000000,-0.001340,141.414621,0.000000,-0.005360,-127.374095,0.000000,-0.009380,-0.015598,0.000000,9.760950,0.064980,0.030892,-0.035154
19.657255,589.181819,body,138.648854,0.000000,-0.004020,-133.985552,0.000000,-0.001340,141.414621,0.000000,-0.005360,-127.374095,0.000000,-0.009380,-0.044341,0.059841,9.754868,0.062851,0.028761,-0.034088
19.667299,589.191168,body,138.648854,0.000000,-0.004020,-133.984018,0.000000,-0.001340,141.416155,0.000000,-0.005360,-127.374095,0.000000,-0.009380,-0.043066,0.111344,9.806370,0.062851,0.023436,-0.034088
19.677297,589.200634,body,138.650387,0.000000,-0.004020,-133.984018,0.000000,-0.001340,141.416155,0.000000,-0.005360,-127.374095,0.000000,-0.009380,-0.033550,0.097021,9.817161,0.063916,0.025566,-0.033023
19.686843,589.210204,body,138.648854,0.000000,-0.004020,-133.984018,0.000000,-0.001340,141.414621,0.000000,-0.005360,-127.374095,0.000000,-0.009380,-0.004807,0.028743,9.771643,0.064980,0.028761,-0.030892
19.696921,589.220011,body,138.650387,0.000000,-0.004020,-133.984018,0.000000,-0.001340,141.414621,0.000000,-0.005360,-127.374095,0.000000,-0.009380,-0.009614,-0.005984,9.752513,0.064980,0.030892,-0.029828
19.706970,589.229261,body,138.650387,0.000000,-0.004020,-133.984018,0.000000,-0.001340,141.416155,0.000000,-0.005360,-127.374095,0.000000,-0.009380,-0.039534,0.057487,9.786064,0.063916,0.026632,-0.030892
19.717218,589.239027,body,138.650387,0.000000,-0.004020,-133.984018,0.000000,-0.001340,141.416155,0.000000,-0.005360,-127.374095,0.000000,-0.009380,-0.029921,0.108989,9.811177,0.063916,0.025566,-0.031959
19.727259,589.248398,body,138.650387,0.000000,-0.004020,-133.984018,0.000000,-0.001340,141.414621,0.000000,-0.005360,-127.374095,0.000000,-0.009380,0.002354,0.103005,9.790871,0.064980,0.027697,-0.030892
19.737036,589.258151,body,138.650387,0.000000,-0.004020,-133.984018,0.000000,-0.001340,141.416155,0.000000,-0.005360,-127.374095,0.000000,-0.009380,0.026389,0.033550,9.746529,0.062851,0.028761,-0.031959
19.747037,589.267708,body,138.648854,0.000000,-0.004020,-133.985552,0.000000,-0.001340,141.414621,0.000000,-0.005360,-127.374095,0.000000,-0.009380,0.008339,-0.010791,9.753691,0.062851,0.030892,-0.031959
19.757108,589.277242,body,138.650387,0.000000,-0.004020,-133.984018,0.000000,-0.001340,141.414621,0.000000,-0.005360,-127.374095,0.000000,-0.009380,-0.010791,0.050325,9.786064,0.062851,0.028761,-0.030892
19.767115,589.286925,body,138.648854,0.000000,-0.004020,-133.984018,0.000000,-0.001340,141.416155,0.000000,-0.005360,-127.374095,0.000000,-0.009380,-0.033550,0.094568,9.804016,0.063916,0.028761,-0.030892
19.777146,589.296147,body,138.650387,0.000000,-0.004020,-133.984018,0.000000,-0.001340,141.414621,0.000000,-0.005360,-127.374095,0.000000,-0.009380,-0.033550,0.074262,9.786064,0.067111,0.029828,-0.030892
19.787183,589.305885,body,138.650387,0.000000,-0.004020,-133.985552,0.000000,-0.001340,141.414621,0.000000,-0.005360,-127.374095,0.000000,-0.009380,-0.059841,0.037082,9.777627,0.067111,0.029828,-0.029828
19.797366,589.315262,body,138.650387,0.000000,-0.004020,-133.984018,0.000000,-0.001340,141.414621,0.000000,-0.005360,-127.374095,0.000000,-0.009380,-0.050325,0.025114,9.789595,0.066047,0.027697,-0.030892
19.807238,589.324759,body,138.650387,0.000000,-0.004020,-133.984018,0.000000,-0.001340,141.414621,0.000000,-0.005360,-127.374095,0.000000,-0.009380,-0.020405,0.044341,9.810000,0.066047,0.024501,-0.029828
19.817307,589.334332,body,138.650387,0.000000,-0.004020,-133.984018,0.000000,-0.001340,141.414621,0.000000,-0.005360,-127.374095,0.000000,-0.009380,-0.017952,0.067100,9.800386,0.064980,0.025566,-0.030892
19.826909,589.344178,body,138.650387,0.000000,-0.004020,-133.984018,0.000000,-0.001340,141.416155,0.000000,-0.005360,-127.374095,0.000000,-0.009380,-0.028743,0.079069,9.788418,0.064980,0.028761,-0.031959
19.837022,589.353709,body,138.650387,0.000000,-0.004020,-133.984018,0.000000,-0.001340,141.414621,0.000000,-0.005360,-127.374095,0.000000,-0.009380,-0.059841,0.032373,9.793225,0.064980,0.027697,-0.031959
19.847192,589.362988,body,138.648854,0.000000,-0.004020,-133.984018,0.000000,-0.001340,141.414621,0.000000,-0.005360,-127.374095,0.000000,-0.009380,-0.058664,0.032373,9.792048,0.064980,0.025566,-0.031959
19.857222,589.372499,body,138.650387,0.000000,-0.004020,-133.984018,0.000000,-0.001340,141.414621,0.000000,-0.005360,-127.374095,0.000000,-0.009380,-0.016775,0.065825,9.796855,0.066047,0.025566,-0.030892
19.867267,589.391811,body,138.650387,0.000000,-0.004020,-133.984018,0.000000,-0.001340,141.414621,0.000000,-0.005360,-127.374095,0.000000,-0.009380,-0.005984,0.045518,9.794402,0.064980,0.029828,-0.030892
19.876917,589.401304,body,138.650387,0.000000,-0.004020,-133.984018,0.000000,-0.001340,141.416155,0.000000,-0.005360,-127.374095,0.000000,-0.009380,-0.014323,0.039534,9.766934,0.064980,0.029828,-0.031959
19.886994,589.410782,body,138.650387,0.000000,-0.004020,-133.984018,0.000000,-0.001340,141.414621,0.000000,-0.005360,-127.374095,0.000000,-0.009380,0.010791,0.050325,9.758498,0.062851,0.027697,-0.030892
19.897100,589.420547,body,138.650387,0.000000,-0.004020,-133.985552,0.000000,-0.001340,141.414621,0.000000,-0.005360,-127.374095,0.000000,-0.009380,0.014323,0.063471,9.777627,0.064980,0.028761,-0.028761
19.907170,589.429969,body,138.650387,0.000000,-0.004020,-133.984018,0.000000,-0.001340,141.416155,0.000000,-0.005360,-127.374095,0.000000,-0.009380,-0.020405,0.052680,9.804016,0.067111,0.031959,-0.028761
19.917230,589.439433,body,138.650387,0.000000,-0.004020,-133.984018,0.000000,-0.001340,141.414621,0.000000,-0.005360,-127.374095,0.000000,-0.009380,-0.063471,0.028743,9.805193,0.068176,0.031959,-0.027697
19.927230,589.448971,body,138.648854,0.000000,-0.004020,-133.984018,0.000000,-0.001340,141.414621,0.000000,-0.005360,-127.374095,0.000000,-0.009380,-0.059841,0.029921,9.796855,0.067111,0.031959,-0.026632
19.937004,589.458637,body,138.650387,0.000000,-0.004020,-133.985552,0.000000,-0.001340,141.416155,0.000000,-0.005360,-127.374095,0.000000,-0.009380,-0.041889,0.077793,9.817161,0.064980,0.028761,-0.027697
19.947236,589.467969,body,138.648854,0.000000,-0.004020,-133.984018,0.000000,-0.001340,141.416155,0.000000,-0.005360,-127.374095,0.000000,-0.009380,-0.033550,0.086230,9.789595,0.064980,0.026632,-0.028761
19.957364,589.477546,body,138.650387,0.000000,-0.004020,-133.984018,0.000000,-0.001340,141.416155,0.000000,-0.005360,-127.374095,0.000000,-0.009380,-0.015598,0.029921,9.777627,0.063916,0.027697,-0.030892
19.967547,589.487358,body,138.650387,0.000000,-0.004020,-133.984018,0.000000,-0.001340,141.414621,0.000000,-0.005360,-127.374095,0.000000,-0.009380,-0.037082,-0.019130,9.774095,0.063916,0.027697,-0.031959
19.977174,589.496755,body,138.650387,0.000000,-0.004020,-133.984018,0.000000,-0.001340,141.414621,0.000000,-0.005360,-127.374095,0.000000,-0.009380,-0.026389,0.025114,9.794402,0.061785,0.026632,-0.033023
19.987263,589.506151,body,138.650387,0.000000,-0.004020,-133.984018,0.000000,-0.001340,141.414621,0.000000,-0.005360,-127.374095,0.000000,-0.009380,-0.003630,0.097021,9.781257,0.060720,0.024501,-0.031959
19.997154,589.516005,body,138.650387,0.000000,-0.004020,-133.984018,0.000000,-0.001340,141.414621,0.000000,-0.005360,-127.374095,0.000000,-0.009380,0.022759,0.073085,9.770466,0.063916,0.025566,-0.033023
20.007071,589.525330,body,138.650387,0.000000,-0.004020,-133.984018,0.000000,-0.001340,141.414621,0.000000,-0.005360,-127.374095,0.000000,-0.009380,-0.004807,0.047873,9.763304,0.064980,0.028761,-0.033023
20.017093,589.535150,body,138.650387,0.000000,-0.004020,-133.984018,0.000000,-0.001340,141.414621,0.000000,-0.005360,-127.374095,0.000000,-0.009380,-0.020405,0.019130,9.784886,0.063916,0.028761,-0.033023
20.027169,589.544547,body,138.648854,0.000000,-0.004020,-133.984018,0.000000,-0.001340,141.414621,0.000000,-0.005360,-127.374095,0.000000,-0.009380,-0.015598,0.020405,9.782434,0.061785,0.025566,-0.033023
20.037174,589.554007,body,138.650387,0.000000,-0.004020,-133.984018,0.000000,-0.001340,141.414621,0.000000,-0.005360,-127.374095,0.000000,-0.009380,-0.017952,0.070632,9.806370,0.062851,0.025566,-0.033023
20.047245,589.563603,body,138.650387,0.000000,-0.004020,-133.984018,0.000000,-0.001340,141.416155,0.000000,-0.005360,-127.374095,0.000000,-0.009380,-0.007161,0.065825,9.798032,0.062851,0.027697,-0.035154
20.057342,589.573114,body,138.650387,0.000000,-0.004020,-133.984018,0.000000,-0.001340,141.414621,0.000000,-0.005360,-127.374095,0.000000,-0.009380,-0.050325,0.032373,9.780080,0.064980,0.029828,-0.033023
20.066846,589.582638,body,138.648854,0.000000,-0.004020,-133.984018,0.000000,-0.001340,141.414621,0.000000,-0.005360,-127.374095,0.000000,-0.009380,-0.032373,0.055132,9.799209,0.066047,0.028761,-0.030892
20.077092,589.601984,body,138.650387,0.000000,-0.004020,-133.984018,0.000000,-0.001340,141.414621,0.000000,-0.005360,-127.374095,0.000000,-0.009380,0.001177,0.027566,9.780080,0.066047,0.029828,-0.029828
20.087102,589.611496,body,138.650387,0.000000,-0.004020,-133.984018,0.000000,-0.001340,141.414621,0.000000,-0.005360,-127.374095,0.000000,-0.009380,-0.045518,0.014323,9.790871,0.064980,0.031959,-0.030892
20.097188,589.620851,body,138.650387,0.000000,-0.004020,-133.984018,0.000000,-0.001340,141.414621,0.000000,-0.005360,-127.374095,0.000000,-0.009380,-0.064648,0.032373,9.789595,0.064980,0.030892,-0.029828
20.107206,589.630564,body,138.650387,0.000000,-0.004020,-133.985552,0.000000,-0.001340,141.414621,0.000000,-0.005360,-127.374095,0.000000,-0.009380,-0.043066,0.057487,9.794402,0.063916,0.027697,-0.030892
20.117235,589.639910,body,138.650387,0.000000,-0.004020,-133.984018,0.000000,-0.001340,141.414621,0.000000,-0.005360,-127.374095,0.000000,-0.009380,-0.002354,0.069455,9.790871,0.063916,0.025566,-0.031959
20.127003,589.649474,body,138.650387,0.000000,-0.004020,-133.984018,0.000000,-0.001340,141.414621,0.000000,-0.005360,-127.374095,0.000000,-0.009380,0.008339,0.052680,9.766934,0.062851,0.025566,-0.033023
20.137095,589.659224,body,138.648854,0.000000,-0.004020,-133.984018,0.000000,-0.001340,141.416155,0.000000,-0.005360,-127.374095,0.000000,-0.009380,-0.021582,0.026389,9.757320,0.061785,0.026632,-0.033023
20.147032,589.668707,body,138.650387,0.000000,-0.004020,-133.984018,0.000000,-0.001340,141.414621,0.000000,-0.005360,-127.374095,0.000000,-0.009380,-0.026389,0.043066,9.794402,0.062851,0.024501,-0.034088
20.157016,589.678418,body,138.650387,0.000000,-0.004020,-133.984018,0.000000,-0.001340,141.414621,0.000000,-0.005360,-127.374095,0.000000,-0.009380,0.010791,0.062294,9.774095,0.063916,0.024501,-0.034088
20.167019,589.687869,body,138.650387,0.000000,-0.004020,-133.984018,0.000000,-0.001340,141.416155,0.000000,-0.005360,-127.374095,0.000000,-0.009380,0.014323,0.043066,9.765659,0.064980,0.025566,-0.031959
20.177035,589.697322,body,138.648854,0.000000,-0.004020,-133.984018,0.000000,-0.001340,141.416155,0.000000,-0.005360,-127.374095,0.000000,-0.009380,-0.005984,-0.002354,9.751336,0.064980,0.028761,-0.026632
20.187069,589.707006,body,138.648854,0.000000,-0.004020,-133.985552,0.000000,-0.001340,141.414621,0.000000,-0.005360,-127.374095,0.000000,-0.009380,-0.040712,0.028743,9.781257,0.066047,0.029828,-0.028761
20.197039,589.716333,body,138.650387,0.000000,-0.004020,-133.984018,0.000000,-0.001340,141.414621,0.000000,-0.005360,-127.374095,0.000000,-0.009380,-0.050325,0.092214,9.817161,0.064980,0.027697,-0.029828
20.206846,589.726112,body,138.650387,0.000000,-0.004020,-133.984018,0.000000,-0.001340,141.414621,0.000000,-0.005360,-127.374095,0.000000,-0.009380,-0.035905,0.146071,9.824323,0.062851,0.027697,-0.031959
20.216818,589.735709,body,138.650387,0.000000,-0.004020,-133.984018,0.000000,-0.001340,141.414621,0.000000,-0.005360,-127.374095,0.000000,-0.009380,-0.029921,0.052680,9.771643,0.061785,0.029828,-0.033023
20.227012,589.745198,body,138.650387,0.000000,-0.004020,-133.985552,0.000000,-0.001340,141.414621,0.000000,-0.005360,-127.374095,0.000000,-0.009380,-0.032373,-0.038357,9.760950,0.064980,0.029828,-0.030892
20.237020,589.754515,body,138.650387,0.000000,-0.004020,-133.985552,0.000000,-0.001340,141.414621,0.000000,-0.005360,-127.374095,0.000000,-0.009380,-0.046696,0.019130,9.802839,0.067111,0.026632,-0.028761
20.247030,589.763993,body,138.650387,0.000000,-0.004020,-133.984018,0.000000,-0.001340,141.414621,0.000000,-0.005360,-127.374095,0.000000,-0.009380,-0.021582,0.097021,9.825598,0.064980,0.025566,-0.029828
20.256881,589.773560,body,138.650387,0.000000,-0.004020,-133.984018,0.000000,-0.001340,141.416155,0.000000,-0.005360,-127.374095,0.000000,-0.009380,0.000000,0.117328,9.813630,0.064980,0.029828,-0.033023
20.267087,589.783429,body,138.648854,0.000000,-0.004020,-133.985552,0.000000,-0.001340,141.414621,0.000000,-0.005360,-127.374095,0.000000,-0.009380,-0.050325,0.081423,9.765659,0.063916,0.033023,-0.035154
20.277104,589.802545,body,138.650387,0.000000,-0.004020,-133.984018,0.000000,-0.001340,141.414621,0.000000,-0.005360,-127.374095,0.000000,-0.009380,-0.044341,0.022759,9.793225,0.063916,0.024501,-0.033023
20.287008,589.811751,body,138.650387,0.000000,-0.004020,-133.985552,0.000000,-0.001340,141.414621,0.000000,-0.005360,-127.374095,0.000000,-0.009380,-0.014323,0.014323,9.804016,0.064980,0.024501,-0.030892
20.297027,589.821515,body,138.650387,0.000000,-0.004020,-133.984018,0.000000,-0.001340,141.414621,0.000000,-0.005360,-127.374095,0.000000,-0.009380,0.026389,-0.009614,9.745352,0.063916,0.029828,-0.028761
20.307047,589.831139,body,138.650387,0.000000,-0.004020,-133.984018,0.000000,-0.001340,141.414621,0.000000,-0.005360,-127.374095,0.000000,-0.009380,0.005984,0.061116,9.748884,0.061785,0.033023,-0.031959
20.317066,589.840514,body,138.648854,0.000000,-0.004020,-133.985552,0.000000,-0.001340,141.414621,0.000000,-0.005360,-127.374095,0.000000,-0.009380,-0.043066,0.101828,9.796855,0.066047,0.029828,-0.030892
20.327141,589.850077,body,138.650387,0.000000,-0.004020,-133.984018,0.000000,-0.001340,141.416155,0.000000,-0.005360,-127.374095,0.000000,-0.009380,-0.081423,0.103005,9.841098,0.066047,0.026632,-0.030892
20.337162,589.859810,body,138.650387,0.000000,-0.004020,-133.985552,0.000000,-0.001340,141.416155,0.000000,-0.005360,-127.374095,0.000000,-0.009380,-0.050325,0.092214,9.810000,0.066047,0.025566,-0.030892
20.347332,589.869035,body,138.650387,0.000000,-0.004020,-133.984018,0.000000,-0.001340,141.414621,0.000000,-0.005360,-127.374095,0.000000,-0.009380,0.015598,0.003630,9.748884,0.063916,0.026632,-0.030892
20.357167,589.878786,body,138.650387,0.000000,-0.004020,-133.984018,0.000000,-0.001340,141.416155,0.000000,-0.005360,-127.374095,0.000000,-0.009380,0.017952,-0.013145,9.760950,0.064980,0.026632,-0.031959
20.367187,589.888369,body,138.650387,0.000000,-0.004020,-133.984018,0.000000,-0.001340,141.416155,0.000000,-0.005360,-127.374095,0.000000,-0.009380,-0.027566,0.057487,9.792048,0.063916,0.026632,-0.031959
20.377214,589.897949,body,138.650387,0.000000,-0.004020,-133.985552,0.000000,-0.001340,141.414621,0.000000,-0.005360,-127.374095,0.000000,-0.009380,-0.035905,0.101828,9.807646,0.061785,0.026632,-0.031959
20.387141,589.907581,body,138.650387,0.000000,-0.004020,-133.984018,0.000000,-0.001340,141.416155,0.000000,-0.005360,-127.374095,0.000000,-0.009380,-0.035905,0.070632,9.795677,0.063916,0.028761,-0.030892
20.397261,589.916808,body,138.650387,0.000000,-0.004020,-133.985552,0.000000,-0.001340,141.414621,0.000000,-0.005360,-127.374095,0.000000,-0.009380,-0.022759,0.015598,9.782434,0.062851,0.028761,-0.030892
20.406966,589.926708,body,138.650387,0.000000,-0.004020,-133.984018,0.000000,-0.001340,141.416155,0.000000,-0.005360,-127.374095,0.000000,-0.009380,-0.010791,0.020405,9.769289,0.063916,0.027697,-0.031959
20.416937,589.936046,body,138.650387,0.000000,-0.004020,-133.984018,0.000000,-0.001340,141.416155,0.000000,-0.005360,-127.374095,0.000000,-0.009380,-0.017952,0.062294,9.805193,0.063916,0.028761,-0.030892
20.426971,589.945811,body,138.650387,0.000000,-0.004020,-133.984018,0.000000,-0.001340,141.416155,0.000000,-0.005360,-127.374095,0.000000,-0.009380,-0.045518,0.083777,9.805193,0.066047,0.030892,-0.028761
20.436875,589.955094,body,138.650387,0.000000,-0.004020,-133.984018,0.000000,-0.001340,141.414621,0.000000,-0.005360,-127.374095,0.000000,-0.008040,-0.052680,0.081423,9.796855,0.063916,0.028761,-0.029828
20.447305,589.964524,body,138.648854,0.000000,-0.004020,-133.984018,0.000000,-0.001340,141.414621,0.000000,-0.005360,-127.374095,0.000000,-0.008040,-0.023936,0.063471,9.775273,0.062851,0.026632,-0.033023
20.457256,589.974259,body,138.648854,0.000000,-0.004020,-133.984018,0.000000,-0.001340,141.416155,0.000000,-0.005360,-127.374095,0.000000,-0.008040,0.008339,0.026389,9.758498,0.064980,0.025566,-0.031959
20.466973,589.983731,body,138.650387,0.000000,-0.004020,-133.984018,0.000000,-0.001340,141.414621,0.000000,-0.005360,-127.374095,0.000000,-0.008040,0.005984,0.039534,9.771643,0.064980,0.027697,-0.031959
20.477011,589.993325,body,138.650387,0.000000,-0.004020,-133.984018,0.000000,-0.001340,141.414621,0.000000,-0.005360,-127.374095,0.000000,-0.008040,-0.028743,0.053857,9.781257,0.063916,0.027697,-0.030892
20.487053,590.003012,body,138.648854,0.000000,-0.004020,-133.984018,0.000000,-0.001340,141.414621,0.000000,-0.005360,-127.374095,0.000000,-0.008040,-0.044341,0.050325,9.798032,0.064980,0.029828,-0.031959
20.496849,590.012259,body,138.650387,0.000000,-0.004020,-133.984018,0.000000,-0.001340,141.416155,0.000000,-0.005360,-127.374095,0.000000,-0.008040,-0.031098,0.074262,9.784886,0.063916,0.027697,-0.030892
20.506945,590.031492,body,138.650387,0.000000,-0.004020,-133.984018,0.000000,-0.001340,141.416155,0.000000,-0.005360,-127.374095,0.000000,-0.008040,0.031098,0.059841,9.750159,0.063916,0.026632,-0.030892
20.516944,590.041211,body,138.650387,0.000000,-0.004020,-133.985552,0.000000,-0.001340,141.416155,0.000000,-0.005360,-127.374095,0.000000,-0.008040,-0.028743,0.047873,9.781257,0.063916,0.027697,-0.033023
20.526921,590.050511,body,138.648854,0.000000,-0.004020,-133.984018,0.000000,-0.001340,141.416155,0.000000,-0.005360,-127.374095,0.000000,-0.008040,-0.062294,0.022759,9.793225,0.064980,0.029828,-0.030892
20.537319,590.060376,body,138.650387,0.000000,-0.004020,-133.984018,0.000000,-0.001340,141.414621,0.000000,-0.005360,-127.374095,0.000000,-0.008040,-0.061116,0.033550,9.800386,0.066047,0.028761,-0.029828
20.546856,590.069928,body,138.650387,0.000000,-0.004020,-133.984018,0.000000,-0.001340,141.416155,0.000000,-0.005360,-127.374095,0.000000,-0.008040,-0.053857,0.070632,9.784886,0.064980,0.028761,-0.030892
20.556877,590.079210,body,138.650387,0.000000,-0.004020,-133.984018,0.000000,-0.001340,141.416155,0.000000,-0.005360,-127.374095,0.000000,-0.008040,-0.026389,0.082600,9.778902,0.064980,0.026632,-0.031959
20.567132,590.088707,body,138.650387,0.000000,-0.004020,-133.984018,0.000000,-0.001340,141.416155,0.000000,-0.005360,-127.374095,0.000000,-0.008040,-0.032373,0.051503,9.788418,0.064980,0.027697,-0.030892
20.577166,590.098329,body,138.650387,0.000000,-0.004020,-133.984018,0.000000,-0.001340,141.416155,0.000000,-0.005360,-127.374095,0.000000,-0.008040,-0.031098,0.011968,9.776450,0.067111,0.028761,-0.030892
20.587151,590.107779,body,138.650387,0.000000,-0.004020,-133.984018,0.000000,-0.001340,141.416155,0.000000,-0.005360,-127.374095,0.000000,-0.008040,-0.017952,0.050325,9.786064,0.066047,0.029828,-0.029828
20.596905,590.117416,body,138.650387,0.000000,-0.004020,-133.984018,0.000000,-0.001340,141.416155,0.000000,-0.005360,-127.374095,0.000000,-0.008040,-0.021582,0.074262,9.792048,0.064980,0.028761,-0.029828
20.607018,590.126904,body,138.650387,0.000000,-0.004020,-133.984018,0.000000,-0.001340,141.414621,0.000000,-0.005360,-127.374095,0.000000,-0.008040,-0.026389,0.029921,9.790871,0.064980,0.027697,-0.029828
20.617167,590.136530,body,138.650387,0.000000,-0.004020,-133.984018,0.000000,-0.001340,141.416155,0.000000,-0.005360,-127.374095,0.000000,-0.008040,-0.079069,0.037082,9.802839,0.062851,0.027697,-0.034088
20.627208,590.146137,body,138.650387,0.000000,-0.004020,-133.984018,0.000000,-0.001340,141.416155,0.000000,-0.005360,-127.375629,0.000000,-0.008040,-0.091037,0.029921,9.811177,0.062851,0.025566,-0.033023
20.637045,590.155648,body,138.650387,0.000000,-0.004020,-133.984018,0.000000,-0.001340,141.414621,0.000000,-0.005360,-127.374095,0.000000,-0.008040,-0.003630,0.040712,9.782434,0.063916,0.023436,-0.030892
20.647256,590.165195,body,138.650387,0.000000,-0.004020,-133.984018,0.000000,-0.001340,141.416155,0.000000,-0.005360,-127.374095,0.000000,-0.008040,0.045518,0.103005,9.790871,0.063916,0.023436,-0.031959
20.657365,590.174887,body,138.650387,0.000000,-0.004020,-133.984018,0.000000,-0.001340,141.416155,0.000000,-0.005360,-127.374095,0.000000,-0.008040,0.058664,0.076616,9.751336,0.063916,0.026632,-0.031959
20.667342,590.184142,body,138.650387,0.000000,-0.004020,-133.985552,0.000000,-0.001340,141.414621,0.000000,-0.005360,-127.374095,0.000000,-0.008040,0.019130,0.041889,9.747707,0.063916,0.029828,-0.031959
20.677184,590.194007,body,138.650387,0.000000,-0.004020,-133.984018,0.000000,-0.001340,141.416155,0.000000,-0.005360,-127.374095,0.000000,-0.008040,-0.052680,0.034727,9.782434,0.063916,0.030892,-0.031959
20.687219,590.203395,body,138.650387,0.000000,-0.004020,-133.984018,0.000000,-0.001340,141.414621,0.000000,-0.005360,-127.374095,0.000000,-0.008040,-0.049050,0.037082,9.805193,0.063916,0.029828,-0.030892
20.697199,590.213072,body,138.650387,0.000000,-0.004020,-133.985552,0.000000,-0.001340,141.416155,0.000000,-0.005360,-127.374095,0.000000,-0.008040,-0.020405,0.044341,9.806370,0.064980,0.028761,-0.030892
20.707297,590.231950,body,138.650387,0.000000,-0.004020,-133.985552,0.000000,-0.001340,141.416155,0.000000,-0.005360,-127.374095,0.000000,-0.008040,-0.031098,0.050325,9.777627,0.066047,0.030892,-0.029828
20.717167,590.241730,body,138.648854,0.000000,-0.004020,-133.984018,0.000000,-0.001340,141.416155,0.000000,-0.005360,-127.374095,0.000000,-0.008040,-0.039534,0.046696,9.786064,0.062851,0.027697,-0.030892
20.727083,590.251026,body,138.650387,0.000000,-0.004020,-133.984018,0.000000,-0.001340,141.416155,0.000000,-0.005360,-127.374095,0.000000,-0.008040,0.003630,0.035905,9.793225,0.061785,0.025566,-0.031959
20.737178,590.260816,body,138.648854,0.000000,-0.004020,-133.984018,0.000000,-0.001340,141.416155,0.000000,-0.005360,-127.374095,0.000000,-0.008040,-0.015598,0.034727,9.777627,0.062851,0.027697,-0.030892
20.747256,590.270353,body,138.650387,0.000000,-0.004020,-133.984018,0.000000,-0.001340,141.414621,0.000000,-0.005360,-127.374095,0.000000,-0.008040,-0.034727,0.045518,9.781257,0.066047,0.029828,-0.030892
20.757236,590.279916,body,138.650387,0.000000,-0.004020,-133.984018,0.000000,-0.001340,141.416155,0.000000,-0.005360,-127.374095,0.000000,-0.008040,-0.063471,0.047873,9.792048,0.064980,0.028761,-0.031959
20.767050,590.289201,body,138.650387,0.000000,-0.004020,-133.984018,0.000000,-0.001340,141.416155,0.000000,-0.005360,-127.374095,0.000000,-0.008040,-0.061116,0.076616,9.811177,0.063916,0.026632,-0.031959
20.777099,590.298887,body,138.650387,0.000000,-0.004020,-133.985552,0.000000,-0.001340,141.416155,0.000000,-0.005360,-127.374095,0.000000,-0.008040,-0.016775,0.058664,9.805193,0.062851,0.025566,-0.033023
20.787275,590.308515,body,138.650387,0.000000,-0.004020,-133.985552,0.000000,-0.001340,141.414621,0.000000,-0.005360,-127.374095,0.000000,-0.008040,0.005984,0.033550,9.781257,0.061785,0.025566,-0.035154
20.797029,590.318147,body,138.650387,0.000000,-0.004020,-133.984018,0.000000,-0.001340,141.416155,0.000000,-0.005360,-127.374095,0.000000,-0.008040,-0.002354,0.022759,9.753691,0.062851,0.026632,-0.033023
20.807263,590.327388,body,138.650387,0.000000,-0.004020,-133.984018,0.000000,-0.001340,141.416155,0.000000,-0.005360,-127.374095,0.000000,-0.008040,0.001177,0.026389,9.776450,0.062851,0.026632,-0.031959
20.816944,590.337237,body,138.650387,0.000000,-0.004020,-133.984018,0.000000,-0.001340,141.414621,0.000000,-0.005360,-127.374095,0.000000,-0.008040,0.003630,0.071809,9.768111,0.064980,0.026632,-0.029828
20.827429,590.346521,body,138.650387,0.000000,-0.004020,-133.984018,0.000000,-0.001340,141.416155,0.000000,-0.005360,-127.374095,0.000000,-0.008040,-0.005984,0.086230,9.790871,0.066047,0.028761,-0.028761
20.836932,590.356368,body,138.650387,0.000000,-0.004020,-133.984018,0.000000,-0.001340,141.416155,0.000000,-0.005360,-127.374095,0.000000,-0.009380,-0.013145,0.081423,9.780080,0.064980,0.027697,-0.029828
20.846977,590.365618,body,138.650387,0.000000,-0.004020,-133.985552,0.000000,-0.001340,141.416155,0.000000,-0.005360,-127.374095,0.000000,-0.009380,-0.007161,0.053857,9.788418,0.064980,0.026632,-0.030892
20.857341,590.375443,body,138.650387,0.000000,-0.004020,-133.985552,0.000000,-0.001340,141.416155,0.000000,-0.005360,-127.374095,0.000000,-0.009380,-0.047873,0.020405,9.704641,0.063916,0.026632,-0.030892
20.866935,590.384914,body,138.648854,0.000000,-0.004020,-133.984018,0.000000,-0.001340,141.416155,0.000000,-0.005360,-127.374095,0.000000,-0.009380,-0.050325,0.039534,9.716609,0.061785,0.024501,-0.033023
20.877062,590.394302,body,138.650387,0.000000,-0.004020,-133.985552,0.000000,-0.001340,141.416155,0.000000,-0.005360,-127.374095,0.000000,-0.009380,0.075439,-0.022759,9.953717,0.063916,0.024501,-0.031959
20.887183,590.403805,body,138.650387,0.000000,-0.004020,-133.984018,0.000000,-0.001340,141.416155,0.000000,-0.005360,-127.374095,0.000000,-0.009380,-0.037082,0.071809,9.817161,0.062851,0.024501,-0.031959
20.897126,590.413467,body,138.650387,0.000000,-0.004020,-133.984018,0.000000,-0.001340,141.416155,0.000000,-0.005360,-127.374095,0.000000,-0.009380,0.022759,0.055132,9.702188,0.063916,0.027697,-0.028761
20.907291,590.423106,body,138.650387,0.000000,-0.004020,-133.984018,0.000000,-0.001340,141.416155,0.000000,-0.005360,-127.374095,0.000000,-0.009380,0.019130,0.080246,9.776450,0.067111,0.029828,-0.027697
20.917214,590.432578,body,138.650387,0.000000,-0.004020,-133.985552,0.000000,-0.001340,141.416155,0.000000,-0.005360,-127.374095,0.000000,-0.009380,-0.015598,0.070632,9.781257,0.066047,0.029828,-0.027697
20.927383,590.451782,body,138.650387,0.000000,-0.004020,-133.984018,0.000000,-0.001340,141.416155,0.000000,-0.005360,-127.374095,0.000000,-0.009380,-0.050325,0.050325,9.804016,0.064980,0.033023,-0.028761
20.937085,590.461279,body,138.650387,0.000000,-0.004020,-133.985552,0.000000,-0.001340,141.416155,0.000000,-0.005360,-127.374095,0.000000,-0.009380,-0.062294,0.004807,9.798032,0.066047,0.034088,-0.029828
20.947251,590.470702,body,138.650387,0.000000,-0.004020,-133.984018,0.000000,-0.001340,141.416155,0.000000,-0.005360,-127.374095,0.000000,-0.009380,-0.079069,0.037082,9.810000,0.066047,0.031959,-0.030892
20.956826,590.480318,body,138.650387,0.000000,-0.004020,-133.984018,0.000000,-0.001340,141.416155,0.000000,-0.005360,-127.374095,0.000000,-0.009380,-0.049050,0.073085,9.790871,0.063916,0.028761,-0.030892
20.967138,590.489964,body,138.650387,0.000000,-0.004020,-133.984018,0.000000,-0.001340,141.416155,0.000000,-0.005360,-127.374095,0.000000,-0.009380,-0.014323,0.076616,9.790871,0.064980,0.028761,-0.029828
20.977303,590.499515,body,138.650387,0.000000,-0.004020,-133.985552,0.000000,-0.001340,141.416155,0.000000,-0.005360,-127.374095,0.000000,-0.009380,0.061116,0.068278,9.942925,0.064980,0.028761,-0.029828
20.987214,590.508830,body,138.650387,0.000000,-0.004020,-133.985552,0.000000,-0.001340,141.416155,0.000000,-0.005360,-127.374095,0.000000,-0.009380,-0.065825,0.038357,9.776450,0.063916,0.030892,-0.031959
20.997206,590.518490,body,138.650387,0.000000,-0.004020,-133.985552,0.000000,-0.001340,141.416155,0.000000,-0.005360,-127.374095,0.000000,-0.009380,-0.038357,0.031098,9.754868,0.063916,0.030892,-0.031959
21.007283,590.528024,body,138.650387,0.000000,-0.004020,-133.984018,0.000000,-0.001340,141.416155,0.000000,-0.005360,-127.374095,0.000000,-0.009380,-0.055132,0.041889,9.826775,0.061785,0.028761,-0.033023
21.017139,590.537607,body,138.650387,0.000000,-0.004020,-133.984018,0.000000,-0.001340,141.416155,0.000000,-0.005360,-127.374095,0.000000,-0.009380,-0.047873,0.049050,9.776450,0.062851,0.027697,-0.034088
21.027117,590.547230,body,138.650387,0.000000,-0.004020,-133.985552,0.000000,-0.001340,141.414621,0.000000,-0.005360,-127.374095,0.000000,-0.009380,0.015598,0.088584,9.787241,0.064980,0.027697,-0.033023
21.036895,590.556762,body,138.650387,0.000000,-0.004020,-133.984018,0.000000,-0.001340,141.414621,0.000000,-0.005360,-127.374095,0.000000,-0.009380,0.013145,0.051503,9.744175,0.066047,0.028761,-0.031959
21.046908,590.566394,body,138.648854,0.000000,-0.004020,-133.984018,0.000000,-0.001340,141.416155,0.000000,-0.005360,-127.374095,0.000000,-0.009380,-0.013145,0.057487,9.775273,0.066047,0.028761,-0.031959
21.056963,590.575703,body,138.650387,0.000000,-0.004020,-133.985552,0.000000,-0.001340,141.416155,0.000000,-0.005360,-127.374095,0.000000,-0.009380,-0.039534,0.050325,9.806370,0.064980,0.028761,-0.030892
21.066995,590.585563,body,138.650387,0.000000,-0.004020,-133.984018,0.000000,-0.001340,141.416155,0.000000,-0.005360,-127.374095,0.000000,-0.009380,-0.043066,0.035905,9.793225,0.064980,0.029828,-0.030892
21.077024,590.595023,body,138.648854,0.000000,-0.004020,-133.984018,0.000000,-0.001340,141.416155,0.000000,-0.005360,-127.374095,0.000000,-0.009380,-0.041889,0.032373,9.787241,0.063916,0.030892,-0.030892
21.087096,590.604528,body,138.650387,0.000000,-0.004020,-133.984018,0.000000,-0.001340,141.416155,0.000000,-0.005360,-127.374095,0.000000,-0.009380,-0.033550,0.063471,9.795677,0.061785,0.029828,-0.031959
21.097083,590.614015,body,138.650387,0.000000,-0.004020,-133.985552,0.000000,-0.001340,141.416155,0.000000,-0.005360,-127.374095,0.000000,-0.009380,-0.023936,0.086230,9.788418,0.062851,0.027697,-0.033023
21.107099,590.623707,body,138.650387,0.000000,-0.004020,-133.984018,0.000000,-0.001340,141.414621,0.000000,-0.005360,-127.374095,0.000000,-0.009380,-0.021582,0.071809,9.796855,0.064980,0.027697,-0.031959
21.117019,590.633282,body,138.650387,0.000000,-0.004020,-133.984018,0.000000,-0.001340,141.414621,0.000000,-0.005360,-127.374095,0.000000,-0.009380,-0.009614,0.047873,9.783611,0.064980,0.028761,-0.031959
21.127018,590.642758,body,138.650387,0.000000,-0.004020,-133.984018,0.000000,-0.001340,141.416155,0.000000,-0.005360,-127.374095,0.000000,-0.009380,-0.002354,0.038357,9.766934,0.063916,0.027697,-0.030892
21.137055,590.661735,body,138.650387,0.000000,-0.004020,-133.984018,0.000000,-0.001340,141.416155,0.000000,-0.005360,-127.374095,0.000000,-0.009380,-0.044341,0.071809,9.810000,0.064980,0.027697,-0.030892
21.146874,590.671516,body,138.648854,0.000000,-0.004020,-133.984018,0.000000,-0.001340,141.416155,0.000000,-0.005360,-127.374095,0.000000,-0.009380,-0.057487,0.046696,9.795677,0.066047,0.028761,-0.030892
21.156973,590.681020,body,138.650387,0.000000,-0.004020,-133.984018,0.000000,-0.001340,141.414621,0.000000,-0.005360,-127.374095,0.000000,-0.009380,-0.043066,0.045518,9.788418,0.066047,0.028761,-0.028761
21.166935,590.690303,body,138.650387,0.000000,-0.004020,-133.985552,0.000000,-0.001340,141.414621,0.000000,-0.005360,-127.374095,0.000000,-0.009380,-0.032373,0.039534,9.789595,0.067111,0.028761,-0.029828
21.177016,590.700018,body,138.650387,0.000000,-0.004020,-133.984018,0.000000,-0.001340,141.416155,0.000000,-0.005360,-127.374095,0.000000,-0.009380,-0.014323,0.057487,9.801661,0.064980,0.026632,-0.031959
21.187047,590.709705,body,138.650387,0.000000,-0.004020,-133.984018,0.000000,-0.001340,141.416155,0.000000,-0.005360,-127.374095,0.000000,-0.009380,-0.020405,0.092214,9.802839,0.062851,0.027697,-0.031959
21.197087,590.719117,body,138.650387,0.000000,-0.004020,-133.984018,0.000000,-0.001340,141.416155,0.000000,-0.005360,-127.374095,0.000000,-0.009380,-0.004807,0.071809,9.786064,0.063916,0.028761,-0.031959
21.207104,590.728810,body,138.650387,0.000000,-0.004020,-133.984018,0.000000,-0.001340,141.416155,0.000000,-0.005360,-127.374095,0.000000,-0.009380,-0.002354,0.021582,9.756143,0.063916,0.029828,-0.031959
21.216856,590.738220,body,138.650387,0.000000,-0.004020,-133.984018,0.000000,-0.001340,141.416155,0.000000,-0.005360,-127.375629,0.000000,-0.009380,-0.022759,0.021582,9.758498,0.063916,0.029828,-0.031959
21.226934,590.747708,body,138.650387,0.000000,-0.004020,-133.984018,0.000000,-0.001340,141.416155,0.000000,-0.005360,-127.374095,0.000000,-0.009380,-0.051503,0.076616,9.821968,0.062851,0.026632,-0.031959
21.237088,590.757444,body,138.650387,0.000000,-0.004020,-133.984018,0.000000,-0.001340,141.416155,0.000000,-0.005360,-127.374095,0.000000,-0.009380,-0.046696,0.100553,9.824323,0.062851,0.027697,-0.031959
21.247089,590.766880,body,138.650387,0.000000,-0.004020,-133.985552,0.000000,-0.001340,141.416155,0.000000,-0.005360,-127.374095,0.000000,-0.009380,-0.031098,0.035905,9.792048,0.063916,0.029828,-0.031959
21.256923,590.776236,body,138.650387,0.000000,-0.004020,-133.984018,0.000000,-0.001340,141.416155,0.000000,-0.005360,-127.374095,0.000000,-0.009380,-0.023936,-0.008339,9.759675,0.064980,0.028761,-0.030892
21.267081,590.786129,body,138.650387,0.000000,-0.004020,-133.984018,0.000000,-0.001340,141.416155,0.000000,-0.005360,-127.374095,0.000000,-0.009380,-0.028743,0.061116,9.783611,0.061785,0.026632,-0.031959
21.277119,590.795519,body,138.650387,0.000000,-0.004020,-133.984018,0.000000,-0.001340,141.416155,0.000000,-0.005360,-127.374095,0.000000,-0.009380,-0.007161,0.110166,9.790871,0.061785,0.024501,-0.033023
21.287156,590.805016,body,138.650387,0.000000,-0.004020,-133.985552,0.000000,-0.001340,141.416155,0.000000,-0.005360,-127.374095,0.000000,-0.009380,0.020405,0.076616,9.762127,0.062851,0.026632,-0.033023
21.297235,590.814748,body,138.650387,0.000000,-0.004020,-133.984018,0.000000,-0.001340,141.416155,0.000000,-0.005360,-127.374095,0.000000,-0.009380,-0.002354,0.022759,9.751336,0.063916,0.028761,-0.031959
21.307246,590.823937,body,138.650387,0.000000,-0.004020,-133.984018,0.000000,-0.001340,141.416155,0.000000,-0.005360,-127.374095,0.000000,-0.009380,-0.022759,0.035905,9.752513,0.064980,0.029828,-0.031959
21.317271,590.833770,body,138.648854,0.000000,-0.004020,-133.984018,0.000000,-0.001340,141.414621,0.000000,-0.005360,-127.374095,0.000000,-0.009380,-0.056309,0.043066,9.794402,0.063916,0.026632,-0.031959
21.327458,590.843197,body,138.648854,0.000000,-0.004020,-133.984018,0.000000,-0.001340,141.416155,0.000000,-0.005360,-127.374095,0.000000,-0.009380,-0.050325,0.068278,9.820791,0.062851,0.025566,-0.033023
21.337297,590.852948,body,138.650387,0.000000,-0.004020,-133.984018,0.000000,-0.001340,141.414621,0.000000,-0.005360,-127.374095,0.000000,-0.009380,-0.020405,0.047873,9.787241,0.063916,0.028761,-0.033023
21.346912,590.871810,body,138.650387,0.000000,-0.004020,-133.984018,0.000000,-0.001340,141.416155,0.000000,-0.005360,-127.374095,0.000000,-0.009380,-0.014323,0.063471,9.758498,0.063916,0.027697,-0.030892
21.357061,590.881496,body,138.650387,0.000000,-0.004020,-133.984018,0.000000,-0.001340,141.416155,0.000000,-0.005360,-127.374095,0.000000,-0.009380,-0.010791,0.082600,9.799209,0.062851,0.025566,-0.033023
21.367227,590.891037,body,138.650387,0.000000,-0.004020,-133.984018,0.000000,-0.001340,141.416155,0.000000,-0.005360,-127.374095,0.000000,-0.009380,-0.013145,0.068278,9.793225,0.061785,0.026632,-0.033023
21.377123,590.900388,body,138.650387,0.000000,-0.004020,-133.984018,0.000000,-0.001340,141.416155,0.000000,-0.005360,-127.374095,0.000000,-0.009380,-0.017952,0.038357,9.766934,0.063916,0.029828,-0.031959
21.387048,590.910003,body,138.650387,0.000000,-0.004020,-133.984018,0.000000,-0.001340,141.414621,0.000000,-0.005360,-127.374095,0.000000,-0.009380,-0.039534,0.028743,9.764482,0.061785,0.028761,-0.031959
21.397112,590.919707,body,138.650387,0.000000,-0.004020,-133.984018,0.000000,-0.001340,141.416155,0.000000,-0.005360,-127.374095,0.000000,-0.009380,-0.041889,0.051503,9.805193,0.063916,0.025566,-0.034088
21.407298,590.929340,body,138.650387,0.000000,-0.004020,-133.985552,0.000000,-0.001340,141.416155,0.000000,-0.005360,-127.374095,0.000000,-0.009380,-0.047873,0.085053,9.819614,0.062851,0.025566,-0.033023
21.417187,590.938869,body,138.650387,0.000000,-0.004020,-133.984018,0.000000,-0.001340,141.416155,0.000000,-0.005360,-127.374095,0.000000,-0.009380,-0.017952,0.059841,9.801661,0.064980,0.028761,-0.030892
21.427234,590.948233,body,138.650387,0.000000,-0.004020,-133.984018,0.000000,-0.001340,141.416155,0.000000,-0.005360,-127.374095,0.000000,-0.009380,-0.017952,0.031098,9.766934,0.066047,0.028761,-0.031959
21.437248,590.957821,body,138.650387,0.000000,-0.004020,-133.984018,0.000000,-0.001340,141.416155,0.000000,-0.005360,-127.374095,0.000000,-0.009380,-0.023936,0.051503,9.788418,0.062851,0.027697,-0.031959
21.446978,590.967388,body,138.650387,0.000000,-0.004020,-133.985552,0.000000,-0.001340,141.414621,0.000000,-0.005360,-127.374095,0.000000,-0.009380,-0.007161,0.050325,9.802839,0.063916,0.027697,-0.031959
21.457317,590.977020,body,138.650387,0.000000,-0.004020,-133.984018,0.000000,-0.001340,141.416155,0.000000,-0.005360,-127.374095,0.000000,-0.009380,-0.019130,0.075439,9.774095,0.062851,0.026632,-0.031959
21.467005,590.986414,body,138.648854,0.000000,-0.004020,-133.985552,0.000000,-0.001340,141.416155,0.000000,-0.005360,-127.374095,0.000000,-0.009380,-0.015598,0.045518,9.782434,0.063916,0.027697,-0.030892
21.477069,590.996007,body,138.650387,0.000000,-0.004020,-133.984018,0.000000,-0.001340,141.416155,0.000000,-0.005360,-127.374095,0.000000,-0.009380,0.004807,0.017952,9.760950,0.064980,0.028761,-0.029828
21.487053,591.005704,body,138.650387,0.000000,-0.004020,-133.984018,0.000000,-0.001340,141.416155,0.000000,-0.005360,-127.374095,0.000000,-0.009380,-0.027566,0.043066,9.778902,0.064980,0.027697,-0.029828
21.497164,591.015030,body,138.650387,0.000000,-0.004020,-133.984018,0.000000,-0.001340,141.414621,0.000000,-0.005360,-127.374095,0.000000,-0.009380,-0.037082,0.074262,9.795677,0.066047,0.028761,-0.028761
21.507191,591.024789,body,138.650387,0.000000,-0.004020,-133.984018,0.000000,-0.001340,141.416155,0.000000,-0.005360,-127.374095,0.000000,-0.009380,-0.013145,0.076616,9.789595,0.066047,0.029828,-0.029828
21.516870,591.034028,body,138.650387,0.000000,-0.004020,-133.984018,0.000000,-0.001340,141.416155,0.000000,-0.005360,-127.374095,0.000000,-0.009380,-0.004807,0.052680,9.776450,0.064980,0.029828,-0.030892
21.527170,591.043731,body,138.650387,0.000000,-0.004020,-133.984018,0.000000,-0.001340,141.416155,0.000000,-0.005360,-127.374095,0.000000,-0.009380,0.007161,0.040712,9.770466,0.063916,0.028761,-0.033023
21.536910,591.053341,body,138.650387,0.000000,-0.004020,-133.984018,0.000000,-0.001340,141.416155,0.000000,-0.005360,-127.374095,0.000000,-0.009380,-0.025114,0.034727,9.775273,0.060720,0.027697,-0.033023
21.547074,591.062986,body,138.650387,0.000000,-0.004020,-133.984018,0.000000,-0.001340,141.414621,0.000000,-0.005360,-127.374095,0.000000,-0.009380,-0.040712,0.025114,9.784886,0.062851,0.027697,-0.031959
21.557045,591.081821,body,138.650387,0.000000,-0.004020,-133.984018,0.000000,-0.001340,141.416155,0.000000,-0.005360,-127.374095,0.000000,-0.009380,-0.031098,0.043066,9.768111,0.061785,0.026632,-0.033023
21.566880,591.091585,body,138.650387,0.000000,-0.004020,-133.985552,0.000000,-0.001340,141.414621,0.000000,-0.005360,-127.374095,0.000000,-0.009380,0.028743,0.067100,9.768111,0.062851,0.025566,-0.033023
21.577082,591.101147,body,138.650387,0.000000,-0.004020,-133.984018,0.000000,-0.001340,141.416155,0.000000,-0.005360,-127.374095,0.000000,-0.009380,0.037082,0.051503,9.745352,0.062851,0.026632,-0.031959
21.586879,591.110664,body,138.650387,0.000000,-0.004020,-133.985552,0.000000,-0.001340,141.414621,0.000000,-0.005360,-127.374095,0.000000,-0.009380,-0.004807,0.002354,9.774095,0.064980,0.028761,-0.030892
21.596964,591.119977,body,138.650387,0.000000,-0.004020,-133.984018,0.000000,-0.001340,141.416155,0.000000,-0.005360,-127.374095,0.000000,-0.009380,-0.076616,0.020405,9.800386,0.063916,0.029828,-0.029828
21.607272,591.129686,body,138.650387,0.000000,-0.004020,-133.984018,0.000000,-0.001340,141.414621,0.000000,-0.005360,-127.374095,0.000000,-0.009380,-0.083777,0.044341,9.811177,0.063916,0.028761,-0.029828
21.616893,591.139427,body,138.650387,0.000000,-0.004020,-133.984018,0.000000,-0.001340,141.416155,0.000000,-0.005360,-127.374095,0.000000,-0.009380,-0.050325,0.075439,9.805193,0.064980,0.027697,-0.031959
21.626954,591.148710,body,138.650387,0.000000,-0.004020,-133.984018,0.000000,-0.001340,141.416155,0.000000,-0.005360,-127.374095,0.000000,-0.009380,-0.004807,0.082600,9.784886,0.062851,0.026632,-0.031959
21.636957,591.158260,body,138.650387,0.000000,-0.004020,-133.985552,0.000000,-0.001340,141.416155,0.000000,-0.005360,-127.374095,0.000000,-0.009380,0.009614,0.055132,9.763304,0.062851,0.025566,-0.033023
21.647271,591.167878,body,138.650387,0.000000,-0.004020,-133.984018,0.000000,-0.001340,141.416155,0.000000,-0.005360,-127.374095,0.000000,-0.009380,0.013145,0.049050,9.765659,0.061785,0.025566,-0.033023
21.657071,591.177283,body,138.650387,0.000000,-0.004020,-133.984018,0.000000,-0.001340,141.414621,0.000000,-0.005360,-127.374095,0.000000,-0.009380,0.025114,0.045518,9.760950,0.062851,0.025566,-0.033023
21.667090,591.186906,body,138.650387,0.000000,-0.004020,-133.985552,0.000000,-0.001340,141.416155,0.000000,-0.005360,-127.374095,0.000000,-0.009380,0.014323,0.034727,9.772918,0.062851,0.028761,-0.034088
21.677154,591.196444,body,138.650387,0.000000,-0.004020,-133.984018,0.000000,-0.001340,141.414621,0.000000,-0.005360,-127.374095,0.000000,-0.009380,-0.041889,0.021582,9.782434,0.062851,0.030892,-0.034088
21.687192,591.206006,body,138.650387,0.000000,-0.004020,-133.985552,0.000000,-0.001340,141.416155,0.000000,-0.005360,-127.374095,0.000000,-0.009380,-0.064648,0.034727,9.794402,0.063916,0.029828,-0.033023
21.697222,591.215602,body,138.650387,0.000000,-0.004020,-133.984018,0.000000,-0.001340,141.414621,0.000000,-0.005360,-127.374095,0.000000,-0.009380,-0.037082,0.046696,9.802839,0.064980,0.027697,-0.031959
21.707283,591.225259,body,138.650387,0.000000,-0.004020,-133.984018,0.000000,-0.001340,141.416155,0.000000,-0.005360,-127.374095,0.000000,-0.009380,-0.001177,0.032373,9.792048,0.064980,0.027697,-0.031959
21.716806,591.234638,body,138.650387,0.000000,-0.004020,-133.984018,0.000000,-0.001340,141.414621,0.000000,-0.005360,-127.374095,0.000000,-0.009380,0.009614,0.043066,9.775273,0.060720,0.028761,-0.033023
21.727038,591.244204,body,138.650387,0.000000,-0.004020,-133.985552,0.000000,-0.001340,141.416155,0.000000,-0.005360,-127.374095,0.000000,-0.009380,-0.050325,0.044341,9.794402,0.060720,0.028761,-0.035154
21.736902,591.253955,body,138.650387,0.000000,-0.004020,-133.984018,0.000000,-0.001340,141.416155,0.000000,-0.005360,-127.374095,0.000000,-0.009380,-0.052680,0.070632,9.780080,0.063916,0.027697,-0.034088
21.746942,591.263436,body,138.650387,0.000000,-0.004020,-133.984018,0.000000,-0.001340,141.414621,0.000000,-0.005360,-127.374095,0.000000,-0.009380,-0.002354,0.062294,9.778902,0.067111,0.025566,-0.030892
21.756917,591.282329,body,138.650387,0.000000,-0.004020,-133.984018,0.000000,-0.001340,141.414621,0.000000,-0.005360,-127.374095,0.000000,-0.009380,0.009614,0.058664,9.772918,0.064980,0.029828,-0.031959
21.767114,591.292194,body,138.650387,0.000000,-0.004020,-133.985552,0.000000,-0.001340,141.414621,0.000000,-0.005360,-127.374095,0.000000,-0.009380,0.009614,0.051503,9.744175,0.062851,0.030892,-0.031959
21.776834,591.301706,body,138.650387,0.000000,-0.004020,-133.984018,0.000000,-0.001340,141.416155,0.000000,-0.005360,-127.374095,0.000000,-0.009380,0.003630,0.026389,9.768111,0.061785,0.029828,-0.033023
21.786835,591.311214,body,138.650387,0.000000,-0.004020,-133.984018,0.000000,-0.001340,141.416155,0.000000,-0.005360,-127.374095,0.000000,-0.009380,-0.047873,0.067100,9.762127,0.061785,0.028761,-0.033023
21.797234,591.320491,body,138.650387,0.000000,-0.004020,-133.985552,0.000000,-0.001340,141.416155,0.000000,-0.005360,-127.374095,0.000000,-0.009380,-0.028743,0.047873,9.818339,0.063916,0.028761,-0.033023
21.807174,591.330091,body,138.650387,0.000000,-0.004020,-133.984018,0.000000,-0.001340,141.416155,0.000000,-0.005360,-127.374095,0.000000,-0.009380,-0.023936,-0.005984,9.724947,0.063916,0.029828,-0.033023
21.817157,591.339841,body,138.650387,0.000000,-0.004020,-133.984018,0.000000,-0.001340,141.416155,0.000000,-0.005360,-127.374095,0.000000,-0.009380,0.023936,0.029921,9.771643,0.063916,0.026632,-0.031959
21.826996,591.349510,body,138.650387,0.000000,-0.004020,-133.985552,0.000000,-0.001340,141.416155,0.000000,-0.005360,-127.374095,0.000000,-0.009380,0.004807,0.069455,9.788418,0.060720,0.025566,-0.033023
21.837102,591.359024,body,138.650387,0.000000,-0.004020,-133.984018,0.000000,-0.001340,141.416155,0.000000,-0.005360,-127.374095,0.000000,-0.009380,-0.067100,0.074262,9.831582,0.061785,0.026632,-0.033023
21.847138,591.368316,body,138.650387,0.000000,-0.004020,-133.984018,0.000000,-0.001340,141.416155,0.000000,-0.005360,-127.374095,0.000000,-0.009380,-0.086230,0.017952,9.814807,0.062851,0.026632,-0.031959
21.856825,591.377961,body,138.650387,0.000000,-0.004020,-133.984018,0.000000,-0.001340,141.416155,0.000000,-0.005360,-127.374095,0.000000,-0.009380,-0.052680,0.002354,9.781257,0.061785,0.026632,-0.029828
21.866855,591.387693,body,138.650387,0.000000,-0.004020,-133.984018,0.000000,-0.001340,141.414621,0.000000,-0.005360,-127.374095,0.000000,-0.009380,0.000000,0.037082,9.784886,0.062851,0.025566,-0.030892
21.877254,591.397109,body,138.650387,0.000000,-0.004020,-133.984018,0.000000,-0.001340,141.416155,0.000000,-0.005360,-127.374095,0.000000,-0.009380,0.023936,0.071809,9.772918,0.062851,0.026632,-0.031959
21.887086,591.406664,body,138.650387,0.000000,-0.004020,-133.984018,0.000000,-0.001340,141.414621,0.000000,-0.005360,-127.374095,0.000000,-0.009380,0.032373,0.097021,9.765659,0.063916,0.028761,-0.030892
21.897114,591.415976,body,138.650387,0.000000,-0.004020,-133.984018,0.000000,-0.001340,141.416155,0.000000,-0.005360,-127.374095,0.000000,-0.009380,0.058664,-0.021582,9.742900,0.064980,0.029828,-0.026632
21.907167,591.425728,body,138.650387,0.000000,-0.004020,-133.984018,0.000000,-0.001340,141.416155,0.000000,-0.005360,-127.374095,0.000000,-0.009380,-0.073085,-0.019130,9.837566,0.063916,0.029828,-0.026632
21.917139,591.435435,body,138.650387,0.000000,-0.004020,-133.984018,0.000000,-0.001340,141.416155,0.000000,-0.005360,-127.374095,0.000000,-0.009380,-0.156862,0.140087,9.873471,0.061785,0.026632,-0.033023
21.927127,591.444831,body,138.650387,0.000000,-0.004020,-133.984018,0.000000,-0.001340,141.416155,0.000000,-0.005360,-127.374095,0.000000,-0.009380,-0.044341,0.069455,9.772918,0.063916,0.027697,-0.034088
21.936892,591.454372,body,138.650387,0.000000,-0.004020,-133.984018,0.000000,-0.001340,141.416155,0.000000,-0.005360,-127.374095,0.000000,-0.009380,0.079069,-0.019130,9.706995,0.066047,0.028761,-0.031959
21.946977,591.463903,body,138.650387,0.000000,-0.004020,-133.984018,0.000000,-0.001340,141.416155,0.000000,-0.005360,-127.374095,0.000000,-0.009380,0.073085,0.001177,9.734561,0.062851,0.027697,-0.028761
21.956995,591.473522,body,138.650387,0.000000,-0.004020,-133.984018,0.000000,-0.001340,141.416155,0.000000,-0.005360,-127.374095,0.000000,-0.009380,-0.009614,0.059841,9.788418,0.061785,0.026632,-0.030892
21.967113,591.483105,body,138.650387,0.000000,-0.004020,-133.985552,0.000000,-0.001340,141.416155,0.000000,-0.005360,-127.374095,0.000000,-0.009380,-0.118505,0.107812,9.875825,0.062851,0.027697,-0.033023
21.977023,591.492764,body,138.650387,0.000000,-0.004020,-133.984018,0.000000,-0.001340,141.414621,0.000000,-0.005360,-127.374095,0.000000,-0.009380,-0.095844,0.047873,9.808823,0.067111,0.030892,-0.031959
21.986908,591.511700,body,138.650387,0.000000,-0.004020,-133.985552,0.000000,-0.001340,141.414621,0.000000,-0.005360,-127.374095,0.000000,-0.009380,0.052680,0.026389,9.738191,0.061785,0.025566,-0.029828
21.996952,591.521131,body,138.650387,0.000000,-0.004020,-133.984018,0.000000,-0.001340,141.416155,0.000000,-0.005360,-127.374095,0.000000,-0.009380,-0.063471,0.124587,9.873471,0.061785,0.023436,-0.031959
22.006999,591.530563,body,138.650387,0.000000,-0.004020,-133.985552,0.000000,-0.001340,141.416155,0.000000,-0.005360,-127.374095,0.000000,-0.009380,-0.044341,0.049050,9.748884,0.066047,0.024501,-0.031959
22.016998,591.540149,body,138.650387,0.000000,-0.004020,-133.985552,0.000000,-0.001340,141.414621,0.000000,-0.005360,-127.374095,0.000000,-0.009380,-0.020405,0.029921,9.825598,0.066047,0.030892,-0.031959
22.027056,591.549777,body,138.650387,0.000000,-0.004020,-133.984018,0.000000,-0.001340,141.416155,0.000000,-0.005360,-127.374095,0.000000,-0.009380,-0.080246,-0.007161,9.733384,0.064980,0.031959,-0.029828
22.037126,591.559217,body,138.650387,0.000000,-0.004020,-133.984018,0.000000,-0.001340,141.414621,0.000000,-0.005360,-127.374095,0.000000,-0.009380,-0.005984,0.080246,9.812354,0.064980,0.022370,-0.030892
22.047131,591.568811,body,138.650387,0.000000,-0.004020,-133.985552,0.000000,-0.001340,141.416155,0.000000,-0.005360,-127.374095,0.000000,-0.009380,-0.027566,0.118505,9.829129,0.062851,0.018110,-0.033023
22.057169,591.578405,body,138.650387,0.000000,-0.004020,-133.984018,0.000000,-0.001340,141.414621,0.000000,-0.005360,-127.374095,0.000000,-0.009380,-0.008339,0.067100,9.781257,0.062851,0.029828,-0.034088
22.067153,591.588237,body,138.650387,0.000000,-0.004020,-133.985552,0.000000,-0.001340,141.416155,0.000000,-0.005360,-127.374095,0.000000,-0.009380,-0.027566,0.003630,9.740545,0.060720,0.033023,-0.033023
22.077188,591.597755,body,138.650387,0.000000,-0.004020,-133.984018,0.000000,-0.001340,141.414621,0.000000,-0.005360,-127.374095,0.000000,-0.009380,-0.035905,0.005984,9.754868,0.063916,0.027697,-0.031959
22.087339,591.607144,body,138.650387,0.000000,-0.004020,-133.984018,0.000000,-0.001340,141.414621,0.000000,-0.005360,-127.374095,0.000000,-0.009380,0.000000,0.082600,9.829129,0.063916,0.022370,-0.030892
22.097205,591.616508,body,138.650387,0.000000,-0.004020,-133.984018,0.000000,-0.001340,141.414621,0.000000,-0.005360,-127.374095,0.000000,-0.009380,-0.025114,0.116150,9.830405,0.064980,0.027697,-0.028761
22.107260,591.626213,body,138.650387,0.000000,-0.004020,-133.984018,0.000000,-0.001340,141.414621,0.000000,-0.005360,-127.374095,0.000000,-0.009380,-0.025114,0.068278,9.786064,0.066047,0.033023,-0.028761
22.116866,591.635682,body,138.650387,0.000000,-0.004020,-133.984018,0.000000,-0.001340,141.416155,0.000000,-0.005360,-127.374095,0.000000,-0.009380,-0.039534,-0.020405,9.734561,0.064980,0.030892,-0.031959
22.126904,591.645198,body,138.650387,0.000000,-0.004020,-133.984018,0.000000,-0.001340,141.414621,0.000000,-0.005360,-127.374095,0.000000,-0.009380,-0.040712,0.020405,9.793225,0.061785,0.024501,-0.033023
22.136920,591.654701,body,138.650387,0.000000,-0.004020,-133.984018,0.000000,-0.001340,141.414621,0.000000,-0.005360,-127.374095,0.000000,-0.009380,-0.026389,0.082600,9.824323,0.063916,0.024501,-0.031959
22.146984,591.664558,body,138.650387,0.000000,-0.004020,-133.985552,0.000000,-0.001340,141.414621,0.000000,-0.005360,-127.374095,0.000000,-0.009380,-0.005984,0.074262,9.780080,0.064980,0.028761,-0.029828
22.157198,591.673849,body,138.650387,0.000000,-0.004020,-133.984018,0.000000,-0.001340,141.414621,0.000000,-0.005360,-127.374095,0.000000,-0.009380,0.038357,0.025114,9.752513,0.064980,0.031959,-0.031959
22.167640,591.683706,body,138.650387,0.000000,-0.004020,-133.984018,0.000000,-0.001340,141.414621,0.000000,-0.005360,-127.374095,0.000000,-0.009380,-0.008339,0.001177,9.751336,0.062851,0.028761,-0.034088
22.177290,591.693146,body,138.650387,0.000000,-0.004020,-133.984018,0.000000,-0.001340,141.414621,0.000000,-0.005360,-127.374095,0.000000,-0.009380,-0.063471,0.068278,9.821968,0.062851,0.026632,-0.031959
22.187153,591.712067,body,138.650387,0.000000,-0.004020,-133.984018,0.000000,-0.001340,141.416155,0.000000,-0.005360,-127.374095,0.000000,-0.009380,-0.029921,0.056309,9.782434,0.066047,0.029828,-0.028761
22.197205,591.721650,body,138.650387,0.000000,-0.004020,-133.984018,0.000000,-0.001340,141.414621,0.000000,-0.005360,-127.374095,0.000000,-0.009380,-0.020405,0.023936,9.782434,0.066047,0.029828,-0.029828
22.207227,591.731142,body,138.650387,0.000000,-0.004020,-133.984018,0.000000,-0.001340,141.414621,0.000000,-0.005360,-127.374095,0.000000,-0.009380,-0.009614,0.015598,9.772918,0.063916,0.027697,-0.031959
22.216942,591.740974,body,138.648854,0.000000,-0.004020,-133.984018,0.000000,-0.001340,141.414621,0.000000,-0.005360,-127.374095,0.000000,-0.009380,-0.013145,0.067100,9.782434,0.061785,0.026632,-0.031959
22.227084,591.750555,body,138.650387,0.000000,-0.004020,-133.985552,0.000000,-0.001340,141.416155,0.000000,-0.005360,-127.374095,0.000000,-0.009380,-0.017952,0.089860,9.790871,0.063916,0.026632,-0.030892
22.237247,591.760107,body,138.650387,0.000000,-0.004020,-133.985552,0.000000,-0.001340,141.414621,0.000000,-0.005360,-127.374095,0.000000,-0.009380,0.001177,0.061116,9.804016,0.067111,0.027697,-0.030892
22.247115,591.769575,body,138.650387,0.000000,-0.004020,-133.984018,0.000000,-0.001340,141.416155,0.000000,-0.005360,-127.374095,0.000000,-0.009380,-0.032373,0.037082,9.802839,0.064980,0.028761,-0.031959
22.257076,591.779161,body,138.650387,0.000000,-0.004020,-133.984018,0.000000,-0.001340,141.414621,0.000000,-0.005360,-127.375629,0.000000,-0.009380,-0.040712,0.031098,9.795677,0.066047,0.029828,-0.029828
22.267105,591.788417,body,138.650387,0.000000,-0.004020,-133.984018,0.000000,-0.001340,141.416155,0.000000,-0.005360,-127.374095,0.000000,-0.009380,-0.015598,0.052680,9.784886,0.066047,0.027697,-0.028761
22.277184,591.798335,body,138.650387,0.000000,-0.004020,-133.984018,0.000000,-0.001340,141.416155,0.000000,-0.005360,-127.375629,0.000000,-0.009380,-0.010791,0.068278,9.795677,0.064980,0.027697,-0.028761
22.287193,591.807841,body,138.650387,0.000000,-0.004020,-133.984018,0.000000,-0.001340,141.416155,0.000000,-0.005360,-127.374095,0.000000,-0.009380,-0.020405,0.069455,9.794402,0.066047,0.028761,-0.028761
22.297218,591.817296,body,138.650387,0.000000,-0.004020,-133.984018,0.000000,-0.001340,141.416155,0.000000,-0.005360,-127.374095,0.000000,-0.009380,-0.037082,0.051503,9.772918,0.064980,0.031959,-0.030892
22.307386,591.826630,body,138.650387,0.000000,-0.004020,-133.984018,0.000000,-0.001340,141.414621,0.000000,-0.005360,-127.374095,0.000000,-0.009380,-0.022759,0.025114,9.775273,0.064980,0.028761,-0.029828
22.316981,591.836394,body,138.650387,0.000000,-0.004020,-133.985552,0.000000,-0.001340,141.416155,0.000000,-0.005360,-127.374095,0.000000,-0.009380,0.011968,0.049050,9.796855,0.066047,0.026632,-0.028761
22.327024,591.845707,body,138.650387,0.000000,-0.004020,-133.984018,0.000000,-0.001340,141.416155,0.000000,-0.005360,-127.374095,0.000000,-0.009380,-0.019130,0.070632,9.784886,0.064980,0.027697,-0.031959
22.336995,591.855604,body,138.650387,0.000000,-0.004020,-133.985552,0.000000,-0.001340,141.416155,0.000000,-0.005360,-127.374095,0.000000,-0.009380,-0.026389,0.045518,9.787241,0.062851,0.028761,-0.033023
22.347579,591.865108,body,138.648854,0.000000,-0.004020,-133.985552,0.000000,-0.001340,141.416155,0.000000,-0.005360,-127.374095,0.000000,-0.009380,-0.027566,0.032373,9.764482,0.064980,0.029828,-0.033023
22.357348,591.874639,body,138.650387,0.000000,-0.004020,-133.984018,0.000000,-0.001340,141.414621,0.000000,-0.005360,-127.374095,0.000000,-0.009380,-0.056309,0.027566,9.781257,0.062851,0.027697,-0.031959
22.366894,591.883980,body,138.650387,0.000000,-0.004020,-133.985552,0.000000,-0.001340,141.416155,0.000000,-0.005360,-127.374095,0.000000,-0.009380,-0.028743,0.053857,9.813630,0.062851,0.025566,-0.030892
22.376849,591.893659,body,138.650387,0.000000,-0.004020,-133.984018,0.000000,-0.001340,141.416155,0.000000,-0.005360,-127.375629,0.000000,-0.009380,-0.029921,0.077793,9.788418,0.062851,0.026632,-0.031959
22.387105,591.903334,body,138.650387,0.000000,-0.004020,-133.985552,0.000000,-0.001340,141.416155,0.000000,-0.005360,-127.374095,0.000000,-0.009380,0.000000,0.051503,9.770466,0.062851,0.029828,-0.033023
22.397146,591.912565,body,138.650387,0.000000,-0.004020,-133.984018,0.000000,-0.001340,141.416155,0.000000,-0.005360,-127.374095,0.000000,-0.009380,-0.008339,0.016775,9.770466,0.062851,0.027697,-0.033023
22.407149,591.931837,body,138.650387,0.000000,-0.004020,-133.984018,0.000000,-0.001340,141.416155,0.000000,-0.005360,-127.374095,0.000000,-0.009380,-0.031098,0.058664,9.795677,0.063916,0.027697,-0.030892
22.417219,591.941329,body,138.650387,0.000000,-0.004020,-133.984018,0.000000,-0.001340,141.414621,0.000000,-0.005360,-127.374095,0.000000,-0.009380,-0.029921,0.056309,9.796855,0.064980,0.028761,-0.029828
22.427226,591.950851,body,138.650387,0.000000,-0.004020,-133.984018,0.000000,-0.001340,141.416155,0.000000,-0.005360,-127.374095,0.000000,-0.009380,-0.021582,0.047873,9.799209,0.066047,0.028761,-0.030892
22.437083,591.960315,body,138.650387,0.000000,-0.004020,-133.984018,0.000000,-0.001340,141.416155,0.000000,-0.005360,-127.374095,0.000000,-0.009380,-0.014323,0.046696,9.764482,0.064980,0.028761,-0.029828
22.447139,591.969960,body,138.650387,0.000000,-0.004020,-133.985552,0.000000,-0.001340,141.416155,0.000000,-0.005360,-127.374095,0.000000,-0.009380,-0.032373,0.056309,9.793225,0.062851,0.026632,-0.031959
22.457285,591.979649,body,138.648854,0.000000,-0.004020,-133.985552,0.000000,-0.001340,141.416155,0.000000,-0.005360,-127.374095,0.000000,-0.009380,-0.028743,0.069455,9.796855,0.061785,0.026632,-0.030892
22.466939,591.989108,body,138.650387,0.000000,-0.004020,-133.984018,0.000000,-0.001340,141.416155,0.000000,-0.005360,-127.374095,0.000000,-0.009380,-0.019130,0.047873,9.799209,0.063916,0.027697,-0.031959
22.477184,591.998604,body,138.648854,0.000000,-0.004020,-133.984018,0.000000,-0.001340,141.416155,0.000000,-0.005360,-127.374095,0.000000,-0.009380,-0.014323,0.026389,9.771643,0.061785,0.027697,-0.033023
22.487202,592.008162,body,138.650387,0.000000,-0.004020,-133.984018,0.000000,-0.001340,141.414621,0.000000,-0.005360,-127.374095,0.000000,-0.009380,-0.013145,0.033550,9.765659,0.062851,0.026632,-0.033023
22.497242,592.017753,body,138.650387,0.000000,-0.004020,-133.984018,0.000000,-0.001340,141.416155,0.000000,-0.005360,-127.374095,0.000000,-0.009380,-0.008339,0.051503,9.781257,0.063916,0.026632,-0.031959
22.507083,592.027384,body,138.650387,0.000000,-0.004020,-133.984018,0.000000,-0.001340,141.416155,0.000000,-0.005360,-127.374095,0.000000,-0.009380,-0.016775,0.056309,9.788418,0.064980,0.026632,-0.030892
22.516850,592.036778,body,138.650387,0.000000,-0.004020,-133.984018,0.000000,-0.001340,141.416155,0.000000,-0.005360,-127.374095,0.000000,-0.009380,-0.016775,0.043066,9.782434,0.064980,0.027697,-0.030892
22.527078,592.046323,body,138.648854,0.000000,-0.004020,-133.985552,0.000000,-0.001340,141.416155,0.000000,-0.005360,-127.374095,0.000000,-0.009380,-0.023936,0.035905,9.786064,0.064980,0.028761,-0.030892
22.537122,592.056003,body,138.650387,0.000000,-0.004020,-133.984018,0.000000,-0.001340,141.416155,0.000000,-0.005360,-127.374095,0.000000,-0.009380,-0.022759,0.043066,9.784886,0.066047,0.027697,-0.031959
22.547036,592.065559,body,138.650387,0.000000,-0.004020,-133.984018,0.000000,-0.001340,141.416155,0.000000,-0.005360,-127.374095,0.000000,-0.009380,-0.011968,0.058664,9.802839,0.062851,0.027697,-0.033023
22.557146,592.075005,body,138.650387,0.000000,-0.004020,-133.984018,0.000000,-0.001340,141.416155,0.000000,-0.005360,-127.374095,0.000000,-0.009380,-0.033550,0.064648,9.790871,0.063916,0.027697,-0.030892
22.567334,592.084642,body,138.650387,0.000000,-0.004020,-133.984018,0.000000,-0.001340,141.414621,0.000000,-0.005360,-127.374095,0.000000,-0.009380,-0.027566,0.052680,9.804016,0.062851,0.029828,-0.031959
22.576910,592.094314,body,138.650387,0.000000,-0.004020,-133.984018,0.000000,-0.001340,141.414621,0.000000,-0.005360,-127.374095,0.000000,-0.009380,-0.033550,0.049050,9.786064,0.064980,0.029828,-0.031959
22.586976,592.113091,body,138.650387,0.000000,-0.004020,-133.985552,0.000000,-0.001340,141.416155,0.000000,-0.005360,-127.374095,0.000000,-0.009380,-0.015598,0.045518,9.799209,0.066047,0.027697,-0.029828
22.597177,592.122876,body,138.650387,0.000000,-0.004020,-133.984018,0.000000,-0.001340,141.416155,0.000000,-0.005360,-127.374095,0.000000,-0.009380,-0.025114,0.070632,9.786064,0.066047,0.028761,-0.030892
22.606908,592.132558,body,138.650387,0.000000,-0.004020,-133.984018,0.000000,-0.001340,141.414621,0.000000,-0.005360,-127.374095,0.000000,-0.009380,-0.027566,0.061116,9.778902,0.063916,0.028761,-0.033023
22.617227,592.141913,body,138.648854,0.000000,-0.004020,-133.984018,0.000000,-0.001340,141.416155,0.000000,-0.005360,-127.374095,0.000000,-0.009380,-0.014323,0.031098,9.768111,0.063916,0.027697,-0.034088
22.627363,592.151596,body,138.650387,0.000000,-0.004020,-133.985552,0.000000,-0.001340,141.416155,0.000000,-0.005360,-127.374095,0.000000,-0.009380,-0.031098,0.052680,9.778902,0.064980,0.027697,-0.031959
22.637420,592.161013,body,138.650387,0.000000,-0.004020,-133.985552,0.000000,-0.001340,141.416155,0.000000,-0.005360,-127.374095,0.000000,-0.009380,-0.028743,0.059841,9.820791,0.067111,0.027697,-0.028761
22.647226,592.170705,body,138.650387,0.000000,-0.004020,-133.984018,0.000000,-0.001340,141.414621,0.000000,-0.005360,-127.374095,0.000000,-0.009380,-0.029921,0.057487,9.793225,0.066047,0.027697,-0.030892
22.657315,592.180004,body,138.650387,0.000000,-0.004020,-133.984018,0.000000,-0.001340,141.416155,0.000000,-0.005360,-127.374095,0.000000,-0.009380,-0.029921,0.041889,9.781257,0.062851,0.028761,-0.030892
22.667297,592.189819,body,138.650387,0.000000,-0.004020,-133.984018,0.000000,-0.001340,141.416155,0.000000,-0.005360,-127.374095,0.000000,-0.009380,-0.038357,0.025114,9.776450,0.064980,0.028761,-0.029828
22.677439,592.199045,body,138.648854,0.000000,-0.004020,-133.984018,0.000000,-0.001340,141.414621,0.000000,-0.005360,-127.374095,0.000000,-0.009380,-0.028743,0.059841,9.789595,0.064980,0.028761,-0.029828
22.687487,592.208916,body,138.650387,0.000000,-0.004020,-133.985552,0.000000,-0.001340,141.414621,0.000000,-0.005360,-127.374095,0.000000,-0.009380,-0.038357,0.067100,9.788418,0.064980,0.029828,-0.029828
22.696971,592.218447,body,138.650387,0.000000,-0.004020,-133.984018,0.000000,-0.001340,141.416155,0.000000,-0.005360,-127.374095,0.000000,-0.009380,-0.022759,0.062294,9.799209,0.064980,0.028761,-0.029828
22.707177,592.228012,body,138.650387,0.000000,-0.004020,-133.984018,0.000000,-0.001340,141.414621,0.000000,-0.005360,-127.374095,0.000000,-0.009380,-0.032373,0.051503,9.784886,0.064980,0.028761,-0.030892
22.717358,592.237387,body,138.650387,0.000000,-0.004020,-133.984018,0.000000,-0.001340,141.416155,0.000000,-0.005360,-127.374095,0.000000,-0.009380,-0.034727,0.050325,9.772918,0.062851,0.028761,-0.030892
22.727149,592.247130,body,138.648854,0.000000,-0.004020,-133.984018,0.000000,-0.001340,141.416155,0.000000,-0.005360,-127.374095,0.000000,-0.009380,-0.014323,0.025114,9.781257,0.062851,0.028761,-0.033023
22.737036,592.256442,body,138.650387,0.000000,-0.004020,-133.984018,0.000000,-0.001340,141.416155,0.000000,-0.005360,-127.374095,0.000000,-0.009380,-0.017952,0.040712,9.790871,0.061785,0.027697,-0.031959
22.747520,592.266029,body,138.650387,0.000000,-0.004020,-133.984018,0.000000,-0.001340,141.416155,0.000000,-0.005360,-127.374095,0.000000,-0.009380,-0.035905,0.061116,9.789595,0.062851,0.028761,-0.031959
22.757230,592.275528,body,138.650387,0.000000,-0.004020,-133.984018,0.000000,-0.001340,141.414621,0.000000,-0.005360,-127.374095,0.000000,-0.009380,-0.019130,0.052680,9.788418,0.066047,0.029828,-0.030892
22.767326,592.285330,body,138.650387,0.000000,-0.004020,-133.985552,0.000000,-0.001340,141.416155,0.000000,-0.005360,-127.374095,0.000000,-0.009380,-0.023936,0.057487,9.778902,0.063916,0.028761,-0.031959
22.777221,592.294809,body,138.648854,0.000000,-0.004020,-133.984018,0.000000,-0.001340,141.416155,0.000000,-0.005360,-127.374095,0.000000,-0.009380,-0.015598,0.039534,9.790871,0.063916,0.027697,-0.030892
22.787962,592.313708,body,138.650387,0.000000,-0.004020,-133.985552,0.000000,-0.001340,141.416155,0.000000,-0.005360,-127.374095,0.000000,-0.009380,-0.025114,0.057487,9.798032,0.064980,0.028761,-0.029828
22.797465,592.323351,body,138.650387,0.000000,-0.004020,-133.985552,0.000000,-0.001340,141.416155,0.000000,-0.005360,-127.374095,0.000000,-0.009380,-0.028743,0.043066,9.776450,0.063916,0.027697,-0.030892
22.807020,592.332705,body,138.650387,0.000000,-0.004020,-133.984018,0.000000,-0.001340,141.414621,0.000000,-0.005360,-127.374095,0.000000,-0.009380,-0.019130,0.044341,9.783611,0.061785,0.026632,-0.034088
22.817710,592.342564,body,138.650387,0.000000,-0.004020,-133.985552,0.000000,-0.001340,141.414621,0.000000,-0.005360,-127.374095,0.000000,-0.009380,-0.009614,0.049050,9.792048,0.062851,0.026632,-0.033023
22.827242,592.352022,body,138.650387,0.000000,-0.004020,-133.985552,0.000000,-0.001340,141.416155,0.000000,-0.005360,-127.374095,0.000000,-0.009380,0.000000,0.049050,9.787241,0.061785,0.026632,-0.031959
22.837479,592.361685,body,138.650387,0.000000,-0.004020,-133.984018,0.000000,-0.001340,141.414621,0.000000,-0.005360,-127.374095,0.000000,-0.009380,-0.009614,0.032373,9.770466,0.062851,0.027697,-0.031959
22.847423,592.371141,body,138.650387,0.000000,-0.004020,-133.984018,0.000000,-0.001340,141.416155,0.000000,-0.005360,-127.374095,0.000000,-0.009380,-0.023936,0.040712,9.777627,0.062851,0.028761,-0.031959
22.857676,592.380601,body,138.650387,0.000000,-0.004020,-133.984018,0.000000,-0.001340,141.416155,0.000000,-0.005360,-127.374095,0.000000,-0.009380,-0.021582,0.043066,9.766934,0.062851,0.027697,-0.031959
22.867654,592.390280,body,138.650387,0.000000,-0.004020,-133.984018,0.000000,-0.001340,141.414621,0.000000,-0.005360,-127.374095,0.000000,-0.009380,-0.014323,0.046696,9.770466,0.064980,0.027697,-0.031959
22.877521,592.399598,body,138.650387,0.000000,-0.004020,-133.984018,0.000000,-0.001340,141.414621,0.000000,-0.005360,-127.374095,0.000000,-0.009380,-0.015598,0.040712,9.788418,0.062851,0.028761,-0.033023
22.887443,592.409395,body,138.650387,0.000000,-0.004020,-133.984018,0.000000,-0.001340,141.416155,0.000000,-0.005360,-127.374095,0.000000,-0.009380,-0.023936,0.039534,9.783611,0.062851,0.027697,-0.034088
22.897377,592.418778,body,138.650387,0.000000,-0.004020,-133.984018,0.000000,-0.001340,141.416155,0.000000,-0.005360,-127.374095,0.000000,-0.009380,-0.033550,0.041889,9.788418,0.063916,0.027697,-0.033023
22.907442,592.428368,body,138.650387,0.000000,-0.004020,-133.984018,0.000000,-0.001340,141.414621,0.000000,-0.005360,-127.374095,0.000000,-0.009380,-0.027566,0.050325,9.780080,0.066047,0.028761,-0.029828
22.917350,592.437782,body,138.650387,0.000000,-0.004020,-133.984018,0.000000,-0.001340,141.416155,0.000000,-0.005360,-127.374095,0.000000,-0.009380,-0.028743,0.065825,9.802839,0.064980,0.028761,-0.030892
22.927566,592.447304,body,138.650387,0.000000,-0.004020,-133.985552,0.000000,-0.001340,141.414621,0.000000,-0.005360,-127.374095,0.000000,-0.009380,-0.027566,0.052680,9.774095,0.066047,0.028761,-0.030892
22.937471,592.457001,body,138.650387,0.000000,-0.004020,-133.984018,0.000000,-0.001340,141.416155,0.000000,-0.005360,-127.374095,0.000000,-0.009380,-0.029921,0.057487,9.788418,0.066047,0.028761,-0.029828
22.947705,592.466777,body,138.650387,0.000000,-0.004020,-133.984018,0.000000,-0.001340,141.416155,0.000000,-0.005360,-127.374095,0.000000,-0.009380,-0.038357,0.051503,9.794402,0.064980,0.028761,-0.030892
22.957595,592.476022,body,138.648854,0.000000,-0.004020,-133.984018,0.000000,-0.001340,141.414621,0.000000,-0.005360,-127.374095,0.000000,-0.009380,-0.034727,0.044341,9.788418,0.063916,0.028761,-0.030892
22.967689,592.485633,body,138.650387,0.000000,-0.004020,-133.984018,0.000000,-0.001340,141.416155,0.000000,-0.005360,-127.374095,0.000000,-0.009380,-0.034727,0.061116,9.795677,0.063916,0.027697,-0.031959
22.977785,592.495258,body,138.650387,0.000000,-0.004020,-133.984018,0.000000,-0.001340,141.414621,0.000000,-0.005360,-127.374095,0.000000,-0.009380,-0.031098,0.053857,9.796855,0.066047,0.027697,-0.029828
22.987279,592.504915,body,138.650387,0.000000,-0.004020,-133.984018,0.000000,-0.001340,141.416155,0.000000,-0.005360,-127.374095,0.000000,-0.009380,-0.037082,0.053857,9.795677,0.066047,0.028761,-0.031959
22.997784,592.514511,body,138.650387,0.000000,-0.004020,-133.984018,0.000000,-0.001340,141.414621,0.000000,-0.005360,-127.374095,0.000000,-0.009380,-0.021582,0.061116,9.786064,0.062851,0.027697,-0.031959
23.007441,592.523816,body,138.650387,0.000000,-0.004020,-133.984018,0.000000,-0.001340,141.416155,0.000000,-0.005360,-127.374095,0.000000,-0.009380,-0.025114,0.050325,9.793225,0.062851,0.027697,-0.031959
23.017780,592.533474,body,138.650387,0.000000,-0.004020,-133.985552,0.000000,-0.001340,141.416155,0.000000,-0.005360,-127.374095,0.000000,-0.009380,-0.015598,0.038357,9.795677,0.063916,0.027697,-0.034088
23.027360,592.542928,body,138.650387,0.000000,-0.004020,-133.984018,0.000000,-0.001340,141.416155,0.000000,-0.005360,-127.374095,0.000000,-0.009380,-0.019130,0.041889,9.789595,0.061785,0.027697,-0.033023
23.037557,592.562147,body,138.650387,0.000000,-0.004020,-133.984018,0.000000,-0.001340,141.414621,0.000000,-0.005360,-127.374095,0.000000,-0.009380,-0.016775,0.040712,9.777627,0.063916,0.028761,-0.031959
23.047769,592.571598,body,138.650387,0.000000,-0.004020,-133.984018,0.000000,-0.001340,141.416155,0.000000,-0.005360,-127.374095,0.000000,-0.009380,-0.034727,0.057487,9.794402,0.063916,0.028761,-0.031959
23.057700,592.581026,body,138.650387,0.000000,-0.004020,-133.984018,0.000000,-0.001340,141.416155,0.000000,-0.005360,-127.374095,0.000000,-0.009380,-0.026389,0.044341,9.793225,0.063916,0.028761,-0.030892
23.067794,592.590856,body,138.648854,0.000000,-0.004020,-133.984018,0.000000,-0.001340,141.414621,0.000000,-0.005360,-127.374095,0.000000,-0.009380,-0.040712,0.059841,9.790871,0.063916,0.028761,-0.029828
23.077486,592.600256,body,138.650387,0.000000,-0.004020,-133.985552,0.000000,-0.001340,141.416155,0.000000,-0.005360,-127.374095,0.000000,-0.009380,-0.038357,0.051503,9.792048,0.063916,0.028761,-0.030892
23.087813,592.609614,body,138.650387,0.000000,-0.004020,-133.984018,0.000000,-0.001340,141.416155,0.000000,-0.005360,-127.374095,0.000000,-0.009380,-0.028743,0.041889,9.787241,0.062851,0.028761,-0.031959
23.097279,592.619474,body,138.650387,0.000000,-0.004020,-133.984018,0.000000,-0.001340,141.416155,0.000000,-0.005360,-127.374095,0.000000,-0.009380,-0.038357,0.057487,9.792048,0.062851,0.027697,-0.031959
23.107601,592.628966,body,138.650387,0.000000,-0.004020,-133.985552,0.000000,-0.001340,141.416155,0.000000,-0.005360,-127.374095,0.000000,-0.009380,-0.027566,0.055132,9.800386,0.063916,0.027697,-0.033023
23.117553,592.638353,body,138.650387,0.000000,-0.004020,-133.984018,0.000000,-0.001340,141.414621,0.000000,-0.005360,-127.374095,0.000000,-0.009380,-0.027566,0.057487,9.780080,0.063916,0.028761,-0.030892
23.127554,592.648046,body,138.650387,0.000000,-0.004020,-133.984018,0.000000,-0.001340,141.414621,0.000000,-0.005360,-127.374095,0.000000,-0.009380,-0.033550,0.058664,9.783611,0.062851,0.027697,-0.033023
23.137638,592.657439,body,138.650387,0.000000,-0.004020,-133.984018,0.000000,-0.001340,141.416155,0.000000,-0.005360,-127.374095,0.000000,-0.009380,-0.026389,0.052680,9.769289,0.064980,0.027697,-0.031959
23.147773,592.667203,body,138.650387,0.000000,-0.004020,-133.984018,0.000000,-0.001340,141.416155,0.000000,-0.005360,-127.374095,0.000000,-0.009380,-0.029921,0.057487,9.775273,0.062851,0.026632,-0.033023
23.157545,592.676780,body,138.650387,0.000000,-0.004020,-133.984018,0.000000,-0.001340,141.416155,0.000000,-0.005360,-127.374095,0.000000,-0.009380,-0.025114,0.059841,9.788418,0.061785,0.026632,-0.035154
23.167579,592.686317,body,138.650387,0.000000,-0.004020,-133.984018,0.000000,-0.001340,141.414621,0.000000,-0.005360,-127.374095,0.000000,-0.009380,-0.017952,0.052680,9.783611,0.063916,0.027697,-0.033023
23.177685,592.695926,body,138.650387,0.000000,-0.004020,-133.984018,0.000000,-0.001340,141.416155,0.000000,-0.005360,-127.374095,0.000000,-0.009380,-0.017952,0.043066,9.775273,0.063916,0.026632,-0.031959
23.187348,592.705244,body,138.650387,0.000000,-0.004020,-133.984018,0.000000,-0.001340,141.414621,0.000000,-0.005360,-127.374095,0.000000,-0.009380,-0.026389,0.049050,9.782434,0.064980,0.026632,-0.030892
23.197558,592.714706,body,138.650387,0.000000,-0.004020,-133.984018,0.000000,-0.001340,141.416155,0.000000,-0.005360,-127.374095,0.000000,-0.009380,0.029921,-0.079069,9.708172,0.061785,0.026632,-0.033023
23.207663,592.724494,body,138.650387,0.000000,-0.004020,-133.985552,0.000000,-0.001340,141.414621,0.000000,-0.005360,-127.374095,0.000000,-0.009380,-0.058664,0.170007,9.786064,0.062851,0.019174,-0.033023
23.217539,592.733905,body,138.650387,0.000000,-0.004020,-133.985552,0.000000,-0.001340,141.416155,0.000000,-0.005360,-127.374095,0.000000,-0.009380,0.064648,0.039534,9.855518,0.063916,0.021305,-0.029828
23.227754,592.743491,body,138.650387,0.000000,-0.004020,-133.984018,0.000000,-0.001340,141.416155,0.000000,-0.005360,-127.374095,0.000000,-0.009380,-0.016775,0.028743,9.781257,0.062851,0.033023,-0.031959
23.237425,592.753109,body,138.648854,0.000000,-0.004020,-133.984018,0.000000,-0.001340,141.416155,0.000000,-0.005360,-127.374095,0.000000,-0.009380,-0.029921,0.028743,9.720140,0.060720,0.031959,-0.035154
23.247794,592.772280,body,138.650387,0.000000,-0.004020,-133.984018,0.000000,-0.001340,141.416155,0.000000,-0.005360,-127.374095,0.000000,-0.009380,-0.032373,0.004807,9.770466,0.063916,0.020241,-0.030892
23.257760,592.781823,body,138.650387,0.000000,-0.004020,-133.984018,0.000000,-0.001340,141.416155,0.000000,-0.005360,-127.374095,0.000000,-0.009380,-0.105359,0.165299,9.867487,0.062851,0.018110,-0.030892
23.267420,592.791366,body,138.650387,0.000000,-0.004020,-133.984018,0.000000,-0.001340,141.416155,0.000000,-0.005360,-127.374095,0.000000,-0.009380,-0.005984,-0.045518,9.788418,0.066047,0.025566,-0.027697
23.277564,592.800881,body,138.650387,0.000000,-0.004020,-133.984018,0.000000,-0.001340,141.416155,0.000000,-0.005360,-127.374095,0.000000,-0.009380,-0.086230,0.041889,9.770466,0.063916,0.030892,-0.033023
23.287363,592.810526,body,138.650387,0.000000,-0.004020,-133.984018,0.000000,-0.001340,141.416155,0.000000,-0.005360,-127.374095,0.000000,-0.009380,-0.033550,0.092214,9.787241,0.062851,0.026632,-0.033023
23.297552,592.819876,body,138.650387,0.000000,-0.004020,-133.984018,0.000000,-0.001340,141.416155,0.000000,-0.005360,-127.374095,0.000000,-0.009380,-0.003630,0.057487,9.746529,0.063916,0.022370,-0.030892
23.307572,592.829528,body,138.650387,0.000000,-0.004020,-133.984018,0.000000,-0.001340,141.416155,0.000000,-0.005360,-127.374095,0.000000,-0.009380,-0.035905,0.120957,9.815984,0.063916,0.022370,-0.029828
23.317538,592.838904,body,138.650387,0.000000,-0.004020,-133.985552,0.000000,-0.001340,141.416155,0.000000,-0.005360,-127.374095,0.000000,-0.009380,-0.031098,0.051503,9.831582,0.064980,0.025566,-0.027697
23.327724,592.848707,body,138.648854,0.000000,-0.004020,-133.985552,0.000000,-0.001340,141.414621,0.000000,-0.005360,-127.374095,0.000000,-0.009380,0.023936,0.027566,9.764482,0.066047,0.029828,-0.028761
23.337286,592.858109,body,138.650387,0.000000,-0.004020,-133.985552,0.000000,-0.001340,141.416155,0.000000,-0.005360,-127.374095,0.000000,-0.009380,-0.053857,0.113796,9.811177,0.064980,0.025566,-0.034088
23.347337,592.867664,body,138.650387,0.000000,-0.004020,-133.984018,0.000000,-0.001340,141.414621,0.000000,-0.005360,-127.374095,0.000000,-0.009380,-0.039534,-0.022759,9.771643,0.064980,0.027697,-0.030892
23.357398,592.877206,body,138.650387,0.000000,-0.004020,-133.984018,0.000000,-0.001340,141.416155,0.000000,-0.005360,-127.374095,0.000000,-0.009380,-0.004807,-0.020405,9.756143,0.064980,0.030892,-0.028761
23.367544,592.886683,body,138.650387,0.000000,-0.004020,-133.984018,0.000000,-0.001340,141.416155,0.000000,-0.005360,-127.374095,0.000000,-0.009380,-0.005984,0.100553,9.807646,0.063916,0.026632,-0.029828
23.377686,592.896350,body,138.650387,0.000000,-0.004020,-133.985552,0.000000,-0.001340,141.416155,0.000000,-0.005360,-127.374095,0.000000,-0.009380,0.029921,0.046696,9.771643,0.063916,0.025566,-0.031959
23.387515,592.905755,body,138.650387,0.000000,-0.004020,-133.984018,0.000000,-0.001340,141.416155,0.000000,-0.005360,-127.374095,0.000000,-0.009380,-0.015598,0.083777,9.796855,0.061785,0.025566,-0.035154
23.397361,592.915317,body,138.650387,0.000000,-0.004020,-133.984018,0.000000,-0.001340,141.416155,0.000000,-0.005360,-127.374095,0.000000,-0.009380,-0.050325,0.079069,9.796855,0.061785,0.027697,-0.033023
23.407809,592.925106,body,138.650387,0.000000,-0.004020,-133.984018,0.000000,-0.001340,141.416155,0.000000,-0.005360,-127.374095,0.000000,-0.009380,-0.063471,0.019130,9.794402,0.063916,0.026632,-0.030892
23.417761,592.934540,body,138.650387,0.000000,-0.004020,-133.984018,0.000000,-0.001340,141.416155,0.000000,-0.005360,-127.374095,0.000000,-0.009380,-0.040712,0.034727,9.771643,0.062851,0.021305,-0.033023
