t,imu_t,imu_frame,w1_pos,w1_vel,w1_cur,w2_pos,w2_vel,w2_cur,w3_pos,w3_vel,w3_cur,w4_pos,w4_vel,w4_cur,ax,ay,az,gx,gy,gz,imu_source,imu_dt,gyro_samples,imu_host_t,accel_host_t,imu_temp_c,imu_tick,accel_raw,gyro_raw
0.000019,0.245625,body,0.000000,0.000000,0.000000,0.000000,0.000000,0.000000,0.000000,0.000000,0.000000,0.000000,0.000000,0.000000,6.403292,-3.833715,-6.020819,0.012251,0.001332,-0.019175,bmi088,0.006822349999993094,"[[0.010918960469324878,0.001597896654047543,-0.016245282649483356],[0.013582121559404116,0.0010652644360316954,-0.02210423704765768]]",774.452959071,774.453986402,21.625,6288,"[2135, 3566, -3353]","[[-6, 41, -61], [-4, 51, -83]]"
0.010069,0.255508,body,0.000000,0.000000,0.000000,0.000000,0.000000,0.000000,0.000000,0.000000,0.000000,0.000000,0.000000,0.000000,6.399701,-3.808576,-6.049549,0.012850,-0.001265,-0.019774,bmi088,0.009728805000008833,"[[0.015180018213451659,0.0007989483270237715,-0.02476739813773692],[0.01384843766841204,-0.0007989483270237715,-0.0234358175926973],[0.011984224905356573,-0.001864212763055467,-0.019174759848570515],[0.01038632825130903,-0.003195793308095086,-0.01171790879634865]]",774.462687876,774.4637394,21.625,6541,"[2121, 3564, -3369]","[[-3, 57, -93], [3, 52, -88], [7, 45, -72], [12, 39, -44]]"
0.020069,0.266016,body,0.000000,0.000000,0.000000,0.000000,0.000000,0.000000,0.000000,0.000000,0.000000,0.000000,0.000000,0.000000,6.426636,-3.801394,-6.040571,0.010653,-0.004194,0.007790,bmi088,0.010275774999968235,"[[0.010652644360316953,-0.003728425526110934,-0.003195793308095086],[0.011451592687340724,-0.004793689962142629,0.005326322180158476],[0.011451592687340724,-0.004527373853134706,0.011984224905356573],[0.009054747706269411,-0.003728425526110934,0.017044230976507126]]",774.472963651,774.474149977,21.625,6810,"[2117, 3579, -3364]","[[14, 40, -12], [18, 43, 20], [17, 43, 45], [14, 34, 64]]"
0.030072,0.276289,body,0.000000,0.000000,0.000000,0.000000,0.000000,0.000000,0.000000,0.000000,0.000000,0.000000,0.000000,0.000000,6.406884,-3.804985,-6.031593,0.003995,0.001065,0.017257,bmi088,0.010220878000041012,"[[0.005060006071150553,-0.001331580545039619,0.020506340393610135],[0.0029294771990871623,0.00026631610900792384,0.02077265650261806],[0.00346210941710301,0.001597896654047543,0.019174759848570515],[0.003728425526110934,0.0023968449810713144,0.015712650431467506],[0.004793689962142629,0.0023968449810713144,0.010120012142301106]]",774.483184529,774.4842960855001,21.625,7073,"[2119, 3568, -3359]","[[5, 19, 77], [-1, 11, 78], [-6, 13, 72], [-9, 14, 59], [-9, 18, 38]]"
0.040072,0.286250,body,0.000000,0.000000,0.000000,0.000000,0.000000,0.000000,0.000000,0.000000,0.000000,0.000000,0.000000,0.000000,6.403292,-3.835511,-6.019023,0.001332,0.003462,-0.005770,bmi088,0.00988461599990842,"[[0.003195793308095086,0.002663161090079238,0.001864212763055467],[0.001597896654047543,0.0029294771990871623,-0.006125270507182248],[-0.0007989483270237715,0.004793689962142629,-0.013049489341388268]]",774.4930691449999,774.4941453405,21.625,7328,"[2136, 3566, -3352]","[[-10, 12, 7], [-11, 6, -23], [-18, -3, -49]]"
0.050071,0.296328,body,0.000000,0.000000,0.000000,0.000000,0.000000,0.000000,0.000000,0.000000,0.000000,0.000000,0.000000,0.000000,6.381745,-3.804985,-6.010045,0.003995,0.001864,-0.021904,bmi088,0.009961289000102624,"[[-0.0010652644360316954,0.005326322180158476,-0.018375811521546746],[0.001864212763055467,0.003728425526110934,-0.02290318537468145],[0.005858954398174325,0.0010652644360316954,-0.024501082028728992],[0.009321063815277334,-0.002663161090079238,-0.021837920938649755]]",774.503030434,774.5040974935,21.625,7586,"[2119, 3554, -3347]","[[-20, -4, -69], [-14, 7, -86], [-4, 22, -92], [10, 35, -82]]"
0.060079,0.306445,body,0.000000,0.000000,0.000000,0.000000,0.000000,0.000000,0.000000,0.000000,0.000000,0.000000,0.000000,0.000000,6.433818,-3.813963,-6.072893,0.005926,-0.007790,-0.004927,bmi088,0.010007257999859576,"[[0.009853696033293183,-0.0055926382891664005,-0.01731054708551505],[0.007989483270237714,-0.00825579937924564,-0.009321063815277334],[0.005326322180158476,-0.008788431597261486,-0.0010652644360316954],[0.0005326322180158477,-0.008522115488253563,0.007989483270237714]]",774.5130376919999,774.514122368,21.625,7845,"[2124, 3583, -3382]","[[21, 37, -65], [31, 30, -35], [33, 20, -4], [32, 2, 30]]"
0.070069,0.316523,body,0.000000,0.000000,0.000000,0.000000,0.000000,0.000000,0.000000,0.000000,0.000000,0.000000,0.000000,0.000000,6.439205,-3.821146,-6.063914,-0.008788,-0.005726,0.023170,bmi088,0.009985497000116084,"[[-0.003994741635118857,-0.007723167161229791,0.016245282649483356],[-0.008788431597261486,-0.007190534943213944,0.02290318537468145],[-0.010652644360316953,-0.004793689962142629,0.02636529479178446],[-0.01171790879634865,-0.003195793308095086,0.02716424311880823]]",774.523023189,774.5241061375,21.625,8103,"[2128, 3586, -3377]","[[29, -15, 61], [27, -33, 86], [18, -40, 99], [12, -44, 102]]"
0.080076,0.326758,body,0.000000,0.000000,0.000000,0.000000,0.000000,0.000000,0.000000,0.000000,0.000000,0.000000,0.000000,0.000000,6.423045,-3.821146,-6.029797,-0.012117,-0.000333,0.016645,bmi088,0.010052986999994573,"[[-0.01171790879634865,-0.0010652644360316954,0.025300030355752765],[-0.012783173232380344,-0.0010652644360316954,0.021038972611625982],[-0.012516857123372421,0.0,0.014114753777419964],[-0.011451592687340724,0.0007989483270237715,0.006125270507182248]]",774.533076176,774.5342229175001,21.625,8365,"[2128, 3577, -3358]","[[4, -44, 95], [4, -48, 79], [0, -47, 53], [-3, -43, 23]]"
0.090073,0.337188,body,0.000000,0.000000,0.000000,0.000000,0.000000,0.000000,0.000000,0.000000,0.000000,0.000000,0.000000,0.000000,6.405088,-3.801394,-6.020819,-0.006019,0.000160,-0.009001,bmi088,0.010374576999993224,"[[-0.009321063815277334,0.0021305288720633907,0.00026631610900792384],[-0.007456851052221868,0.0023968449810713144,-0.005858954398174325],[-0.005326322180158476,0.0010652644360316954,-0.010120012142301106],[-0.003994741635118857,-0.0010652644360316954,-0.014114753777419964],[-0.003994741635118857,-0.003728425526110934,-0.015180018213451659]]",774.543450753,774.5445373489999,21.625,8632,"[2117, 3567, -3353]","[[-8, -35, 1], [-9, -28, -22], [-4, -20, -38], [4, -15, -53], [14, -15, -57]]"
0.100071,0.346719,body,0.000000,0.000000,0.000000,0.000000,0.000000,0.000000,0.000000,0.000000,0.000000,0.000000,0.000000,0.000000,6.424840,-3.778050,-6.036979,-0.004172,-0.009942,-0.011274,bmi088,0.009458335499971326,"[[-0.003994741635118857,-0.00692421883420602,-0.015180018213451659],[-0.003728425526110934,-0.009853696033293183,-0.011984224905356573],[-0.004793689962142629,-0.013049489341388268,-0.006657902725198096]]",774.5529090885,774.553964148,21.625,8876,"[2104, 3578, -3362]","[[26, -15, -57], [37, -14, -45], [49, -18, -25]]"
0.110067,0.356797,body,0.000000,0.000000,0.000000,0.000000,0.000000,0.000000,0.000000,0.000000,0.000000,0.000000,0.000000,0.000000,6.435614,-3.803189,-6.078279,-0.009587,-0.010519,0.013249,bmi088,0.010001161499985756,"[[-0.007456851052221868,-0.013582121559404116,0.0005326322180158477],[-0.01038632825130903,-0.012250541014364496,0.009054747706269411],[-0.01038632825130903,-0.009054747706269411,0.017843179303530896],[-0.010120012142301106,-0.007190534943213944,0.02556634646476069]]",774.56291025,774.563944798,21.625,9134,"[2118, 3584, -3385]","[[51, -28, 2], [46, -39, 34], [34, -39, 67], [27, -38, 96]]"
0.120078,0.367148,body,0.000000,0.000000,0.000000,0.000000,0.000000,0.000000,0.000000,0.000000,0.000000,0.000000,0.000000,0.000000,6.432023,-3.830124,-6.045958,-0.010786,-0.005260,0.031825,bmi088,0.010163133000105518,"[[-0.009321063815277334,-0.007190534943213944,0.031158984753927088],[-0.010918960469324878,-0.00692421883420602,0.0346210941710301],[-0.01171790879634865,-0.004793689962142629,0.033555829734998405],[-0.011185276578332801,-0.0021305288720633907,0.027963191445832]]",774.5730733830001,774.5741642515,21.625,9399,"[2133, 3582, -3367]","[[27, -35, 117], [26, -41, 130], [18, -44, 126], [8, -42, 105]]"
0.130071,0.377344,body,0.000000,0.000000,0.000000,0.000000,0.000000,0.000000,0.000000,0.000000,0.000000,0.000000,0.000000,0.000000,6.381745,-3.851672,-5.992088,-0.006458,0.000466,0.000466,bmi088,0.010080443499873581,"[[-0.009321063815277334,0.00026631610900792384,0.01731054708551505],[-0.007723167161229791,0.0010652644360316954,0.0055926382891664005],[-0.005858954398174325,0.0010652644360316954,-0.005858954398174325],[-0.0029294771990871623,-0.0005326322180158477,-0.015180018213451659]]",774.5831538264999,774.5842408865001,21.625,9660,"[2145, 3554, -3337]","[[-1, -35, 65], [-4, -29, 21], [-4, -22, -22], [2, -11, -57]]"
0.140077,0.387383,body,0.000000,0.000000,0.000000,0.000000,0.000000,0.000000,0.000000,0.000000,0.000000,0.000000,0.000000,0.000000,6.421249,-3.821146,-6.028001,0.006458,-0.004860,-0.022304,bmi088,0.009910632500123029,"[[0.001331580545039619,-0.0023968449810713144,-0.021305288720633905],[0.0055926382891664005,-0.004793689962142629,-0.023968449810713145],[0.009054747706269411,-0.006125270507182248,-0.023169501483689375],[0.009853696033293183,-0.006125270507182248,-0.02077265650261806]]",774.5930644590001,774.5941755355,21.625,9917,"[2128, 3576, -3357]","[[9, 5, -80], [18, 21, -90], [23, 34, -87], [23, 37, -78]]"
0.150078,0.397461,body,0.000000,0.000000,0.000000,0.000000,0.000000,0.000000,0.000000,0.000000,0.000000,0.000000,0.000000,0.000000,6.442797,-3.840898,-6.096236,0.003662,-0.007390,-0.001664,bmi088,0.009963705000018308,"[[0.008788431597261486,-0.006391586616190172,-0.015446334322459582],[0.005858954398174325,-0.00692421883420602,-0.007190534943213944],[0.0023968449810713144,-0.007723167161229791,0.002663161090079238],[-0.0023968449810713144,-0.008522115488253563,0.013315805450396193]]",774.6030281640001,774.6041134320001,21.625,10175,"[2139, 3588, -3395]","[[24, 33, -58], [26, 22, -27], [29, 9, 10], [32, -9, 50]]"
0.160073,0.407500,body,0.000000,0.000000,0.000000,0.000000,0.000000,0.000000,0.000000,0.000000,0.000000,0.000000,0.000000,0.000000,6.446388,-3.831920,-6.051345,-0.006924,-0.006791,0.024235,bmi088,0.009912887999917075,"[[-0.006125270507182248,-0.007989483270237714,0.01997370817559429],[-0.007723167161229791,-0.007456851052221868,0.02476739813773692],[-0.007190534943213944,-0.006391586616190172,0.02556634646476069],[-0.006657902725198096,-0.005326322180158476,0.026631610900792385]]",774.612941052,774.6140508965,21.625,10432,"[2134, 3590, -3370]","[[30, -23, 75], [28, -29, 93], [24, -27, 96], [20, -25, 100]]"
0.170066,0.417500,body,0.000000,0.000000,0.000000,0.000000,0.000000,0.000000,0.000000,0.000000,0.000000,0.000000,0.000000,0.000000,6.424840,-3.840898,-6.044162,-0.008123,0.000133,0.019108,bmi088,0.009968217000050572,"[[-0.007989483270237714,-0.003994741635118857,0.025832662573768612],[-0.009321063815277334,-0.001331580545039619,0.023702133701705222],[-0.009054747706269411,0.001864212763055467,0.018109495412538822],[-0.006125270507182248,0.003994741635118857,0.008788431597261486]]",774.622909269,774.623963305,21.625,10688,"[2139, 3578, -3366]","[[15, -30, 97], [5, -35, 89], [-7, -34, 68], [-15, -23, 33]]"
0.180083,0.427891,body,0.000000,0.000000,0.000000,0.000000,0.000000,0.000000,0.000000,0.000000,0.000000,0.000000,0.000000,0.000000,6.410475,-3.815759,-6.002862,0.004394,0.003928,-0.015846,bmi088,0.010242734500025108,"[[-0.0007989483270237715,0.004261057744126781,-0.001597896654047543],[0.003994741635118857,0.004261057744126781,-0.012783173232380344],[0.00692421883420602,0.00346210941710301,-0.021038972611625982],[0.007456851052221868,0.003728425526110934,-0.027963191445832]]",774.6331520035001,774.6342381515,21.625,10954,"[2125, 3570, -3343]","[[-16, -3, -6], [-16, 15, -48], [-13, 26, -79], [-14, 28, -105]]"
0.190079,0.437930,body,0.000000,0.000000,0.000000,0.000000,0.000000,0.000000,0.000000,0.000000,0.000000,0.000000,0.000000,0.000000,6.419453,-3.830124,-6.015432,0.007590,0.002131,-0.027697,bmi088,0.009955336999837527,"[[0.008522115488253563,0.00346210941710301,-0.031691616971942935],[0.008522115488253563,0.002663161090079238,-0.03302319751698256],[0.007723167161229791,0.001597896654047543,-0.027963191445832],[0.0055926382891664005,0.0007989483270237715,-0.018109495412538822]]",774.6431073404999,774.6441543359999,21.625,11211,"[2133, 3575, -3350]","[[-13, 32, -119], [-10, 32, -124], [-6, 29, -105], [-3, 21, -68]]"
0.200073,0.447852,body,0.000000,0.000000,0.000000,0.000000,0.000000,0.000000,0.000000,0.000000,0.000000,0.000000,0.000000,0.000000,6.432023,-3.833715,-6.035184,0.002929,-0.000333,0.005859,bmi088,0.009812054500116574,"[[0.003728425526110934,0.0007989483270237715,-0.006657902725198096],[0.00346210941710301,0.0005326322180158477,0.003195793308095086],[0.002663161090079238,-0.0005326322180158477,0.01038632825130903],[0.001864212763055467,-0.0021305288720633907,0.01651159875849128]]",774.652919395,774.653964262,21.625,11465,"[2135, 3582, -3361]","[[-3, 14, -25], [-2, 13, 12], [2, 10, 39], [8, 7, 62]]"
0.210072,0.457695,body,0.000000,0.000000,0.000000,0.000000,0.000000,0.000000,0.000000,0.000000,0.000000,0.000000,0.000000,0.000000,6.424840,-3.837307,-6.029797,-0.000999,-0.002330,0.019974,bmi088,0.009729940499937584,"[[-0.0010652644360316954,-0.003195793308095086,0.020240024284602212],[-0.0023968449810713144,-0.003195793308095086,0.02290318537468145],[-0.0010652644360316954,-0.0023968449810713144,0.02077265650261806],[0.0005326322180158477,-0.0005326322180158477,0.01597896654047543]]",774.6626493355,774.663691387,21.625,11717,"[2137, 3578, -3358]","[[12, -4, 76], [12, -9, 86], [9, -4, 78], [2, 2, 60]]"
0.220082,0.467891,body,0.000000,0.000000,0.000000,0.000000,0.000000,0.000000,0.000000,0.000000,0.000000,0.000000,0.000000,0.000000,6.408679,-3.819350,-6.035184,0.004594,0.002264,-0.003795,bmi088,0.01007882750002409,"[[0.0021305288720633907,0.0007989483270237715,0.008788431597261486],[0.0029294771990871623,0.002663161090079238,0.0007989483270237715],[0.0055926382891664005,0.003195793308095086,-0.007989483270237714],[0.007723167161229791,0.0023968449810713144,-0.016777914867499202]]",774.672728163,774.6737905825,21.625,11978,"[2127, 3569, -3361]","[[-3, 8, 33], [-10, 11, 3], [-12, 21, -30], [-9, 29, -63]]"
0.230082,0.478516,body,0.000000,0.000000,0.000000,0.000000,0.000000,0.000000,0.000000,0.000000,0.000000,0.000000,0.000000,0.000000,6.396110,-3.803189,-6.040571,0.008788,-0.000479,-0.025513,bmi088,0.010449362000031215,"[[0.009054747706269411,0.0007989483270237715,-0.024501082028728992],[0.009587379924285258,-0.0005326322180158477,-0.028762139772855775],[0.009321063815277334,-0.001331580545039619,-0.029561088099879545],[0.008522115488253563,-0.0007989483270237715,-0.02636529479178446],[0.007456851052221868,-0.0005326322180158477,-0.018375811521546746]]",774.683177525,774.6842741055,21.625,12250,"[2118, 3562, -3364]","[[-3, 34, -92], [2, 36, -108], [5, 35, -111], [3, 32, -99], [2, 28, -69]]"
0.240072,0.488320,body,0.000000,0.000000,0.000000,0.000000,0.000000,0.000000,0.000000,0.000000,0.000000,0.000000,0.000000,0.000000,6.417658,-3.806781,-6.045958,0.005593,-0.001065,0.004084,bmi088,0.009786165999912555,"[[0.00692421883420602,0.00026631610900792384,-0.007723167161229791],[0.006125270507182248,-0.0007989483270237715,0.004261057744126781],[0.003728425526110934,-0.002663161090079238,0.015712650431467506]]",774.6929636909999,774.693998558,21.625,12501,"[2120, 3574, -3367]","[[-1, 26, -29], [3, 23, 16], [10, 14, 59]]"
0.250070,0.498516,body,0.000000,0.000000,0.000000,0.000000,0.000000,0.000000,0.000000,0.000000,0.000000,0.000000,0.000000,0.000000,6.414066,-3.792415,-6.036979,0.003662,-0.003262,0.026498,bmi088,0.010051307000139786,"[[0.0023968449810713144,-0.003728425526110934,0.02423476591972107],[0.0023968449810713144,-0.003994741635118857,0.02982740420888747],[0.004527373853134706,-0.0029294771990871623,0.02822950755483993],[0.005326322180158476,-0.0023968449810713144,0.023702133701705222]]",774.7030149980001,774.7040755455,21.625,12762,"[2112, 3572, -3362]","[[14, 9, 91], [15, 9, 112], [11, 17, 106], [9, 20, 89]]"
0.260071,0.508672,body,0.000000,0.000000,0.000000,0.000000,0.000000,0.000000,0.000000,0.000000,0.000000,0.000000,0.000000,0.000000,6.397905,-3.821146,-6.029797,0.005926,-0.000399,0.005726,bmi088,0.00991866399999708,"[[0.005060006071150553,-0.001864212763055467,0.01597896654047543],[0.004793689962142629,-0.0010652644360316954,0.008788431597261486],[0.0055926382891664005,0.0,0.0021305288720633907],[0.00825579937924564,0.001331580545039619,-0.003994741635118857]]",774.7129336620001,774.7141293,21.625,13022,"[2128, 3563, -3358]","[[7, 19, 60], [4, 18, 33], [0, 21, 8], [-5, 31, -15]]"
0.270069,0.518594,body,0.000000,0.000000,0.000000,0.000000,0.000000,0.000000,0.000000,0.000000,0.000000,0.000000,0.000000,0.000000,6.383540,-3.828328,-6.051345,0.013049,0.002663,-0.011918,bmi088,0.009970552999902793,"[[0.011451592687340724,0.0029294771990871623,-0.007456851052221868],[0.01384843766841204,0.00346210941710301,-0.011185276578332801],[0.014114753777419964,0.0029294771990871623,-0.013582121559404116],[0.012783173232380344,0.001331580545039619,-0.015446334322459582]]",774.722904215,774.723949275,21.625,13276,"[2132, 3555, -3370]","[[-11, 43, -28], [-13, 52, -42], [-11, 53, -51], [-5, 48, -58]]"
0.280079,0.529023,body,0.000000,0.000000,0.000000,0.000000,0.000000,0.000000,0.000000,0.000000,0.000000,0.000000,0.000000,0.000000,6.396110,-3.794211,-6.026206,0.009787,-0.000133,-0.011452,bmi088,0.010217422000096121,"[[0.011984224905356573,-0.00026631610900792384,-0.014913702104443736],[0.010652644360316953,-0.0010652644360316954,-0.012516857123372421],[0.009054747706269411,-0.00026631610900792384,-0.010652644360316953],[0.007456851052221868,0.0010652644360316954,-0.007723167161229791]]",774.7331216370001,774.73425001,21.625,13543,"[2113, 3562, -3356]","[[1, 45, -56], [4, 40, -47], [1, 34, -40], [-4, 28, -29]]"
0.290076,0.539062,body,0.000000,0.000000,0.000000,0.000000,0.000000,0.000000,0.000000,0.000000,0.000000,0.000000,0.000000,0.000000,6.412271,-3.833715,-6.024410,0.006392,0.000133,0.002663,bmi088,0.009975560999919253,"[[0.00692421883420602,0.001331580545039619,-0.005060006071150553],[0.006657902725198096,0.0010652644360316954,-0.00026631610900792384],[0.006391586616190172,-0.00026631610900792384,0.005326322180158476],[0.0055926382891664005,-0.001597896654047543,0.010652644360316953]]",774.743097198,774.7441887225,21.625,13800,"[2135, 3571, -3355]","[[-5, 26, -19], [-4, 25, -1], [1, 24, 20], [6, 21, 40]]"
0.300069,0.549023,body,0.000000,0.000000,0.000000,0.000000,0.000000,0.000000,0.000000,0.000000,0.000000,0.000000,0.000000,0.000000,6.406884,-3.803189,-6.019023,0.005326,-0.001598,0.009787,bmi088,0.009896808000007695,"[[0.004527373853134706,-0.001864212763055467,0.012783173232380344],[0.004793689962142629,-0.001331580545039619,0.01171790879634865],[0.0055926382891664005,-0.0010652644360316954,0.009054747706269411],[0.006391586616190172,-0.0021305288720633907,0.0055926382891664005]]",774.752994006,774.754039482,21.625,14055,"[2118, 3568, -3352]","[[7, 17, 48], [5, 18, 44], [4, 21, 34], [8, 24, 21]]"
0.310067,0.559180,body,0.000000,0.000000,0.000000,0.000000,0.000000,0.000000,0.000000,0.000000,0.000000,0.000000,0.000000,0.000000,6.408679,-3.826533,-6.072893,0.002863,-0.003728,-0.005060,bmi088,0.010016569999947933,"[[0.006125270507182248,-0.00346210941710301,0.0007989483270237715],[0.005060006071150553,-0.003195793308095086,-0.003728425526110934],[0.0023968449810713144,-0.003728425526110934,-0.007723167161229791],[-0.0021305288720633907,-0.004527373853134706,-0.009587379924285258]]",774.7630105759999,774.764066804,21.625,14315,"[2131, 3569, -3382]","[[13, 23, 3], [12, 19, -14], [14, 9, -29], [17, -8, -36]]"
0.320077,0.569102,body,0.000000,0.000000,0.000000,0.000000,0.000000,0.000000,0.000000,0.000000,0.000000,0.000000,0.000000,0.000000,6.432023,-3.817555,-6.044162,-0.005393,-0.003662,-0.000067,bmi088,0.00976341400007641,"[[-0.005326322180158476,-0.005858954398174325,-0.008522115488253563],[-0.00692421883420602,-0.0055926382891664005,-0.003994741635118857],[-0.0055926382891664005,-0.00346210941710301,0.0029294771990871623],[-0.003728425526110934,0.00026631610900792384,0.009321063815277334]]",774.77277399,774.7738817219999,21.625,14569,"[2126, 3582, -3366]","[[22, -20, -32], [21, -26, -15], [13, -21, 11], [-1, -14, 35]]"
0.330080,0.579609,body,0.000000,0.000000,0.000000,0.000000,0.000000,0.000000,0.000000,0.000000,0.000000,0.000000,0.000000,0.000000,6.392518,-3.803189,-5.984906,-0.003036,0.002823,0.000213,bmi088,0.010413072999995165,"[[-0.0010652644360316954,0.004261057744126781,0.012516857123372421],[0.001331580545039619,0.00692421883420602,0.01038632825130903],[0.00026631610900792384,0.00692421883420602,0.0021305288720633907],[-0.004527373853134706,0.0021305288720633907,-0.007989483270237714],[-0.011185276578332801,-0.006125270507182248,-0.01597896654047543]]",774.783187063,774.784289676,21.625,14838,"[2118, 3560, -3333]","[[-16, -4, 47], [-26, 5, 39], [-26, 1, 8], [-8, -17, -30], [23, -42, -60]]"
0.340068,0.589570,body,0.000000,0.000000,0.000000,0.000000,0.000000,0.000000,0.000000,0.000000,0.000000,0.000000,0.000000,0.000000,6.410475,-3.846285,-6.031593,-0.014825,-0.022637,-0.008966,bmi088,0.009862215499992999,"[[-0.015180018213451659,-0.016245282649483356,-0.018109495412538822],[-0.01597896654047543,-0.02476739813773692,-0.011451592687340724],[-0.013315805450396193,-0.02689792700980031,0.002663161090079238]]",774.7930492785,774.7941380990001,21.625,15093,"[2142, 3570, -3359]","[[61, -57, -68], [93, -60, -43], [101, -50, 10]]"
0.350069,0.599492,body,0.000000,0.000000,0.000000,0.000000,0.000000,0.000000,0.000000,0.000000,0.000000,0.000000,0.000000,0.000000,6.460753,-3.810372,-6.119579,-0.003129,-0.008456,0.043476,bmi088,0.009751172999926894,"[[-0.00825579937924564,-0.02210423704765768,0.023169501483689375],[-0.0029294771990871623,-0.012250541014364496,0.04234426133225989],[-0.0007989483270237715,-0.002663161090079238,0.05432848623761646],[-0.0005326322180158477,0.003195793308095086,0.05406217012860854]]",774.8028004514999,774.803946665,21.625,15347,"[2122, 3598, -3408]","[[83, -31, 87], [46, -11, 159], [10, -3, 204], [-12, -2, 203]]"
0.360079,0.609844,body,0.000000,0.000000,0.000000,0.000000,0.000000,0.000000,0.000000,0.000000,0.000000,0.000000,0.000000,0.000000,6.410475,-3.787028,-6.017227,-0.008522,0.001132,0.008589,bmi088,0.010238254500109178,"[[-0.002663161090079238,0.004527373853134706,0.04181162911424404],[-0.0055926382891664005,0.003195793308095086,0.021038972611625982],[-0.010652644360316953,-0.00026631610900792384,-0.0029294771990871623],[-0.015180018213451659,-0.0029294771990871623,-0.02556634646476069]]",774.813038706,774.8141868069999,21.625,15612,"[2109, 3570, -3351]","[[-17, -10, 157], [-12, -21, 79], [1, -40, -11], [11, -57, -96]]"
0.370068,0.619805,body,0.000000,0.000000,0.000000,0.000000,0.000000,0.000000,0.000000,0.000000,0.000000,0.000000,0.000000,0.000000,6.372766,-3.830124,-5.963358,-0.012450,-0.000732,-0.038350,bmi088,0.009905463999984931,"[[-0.01651159875849128,-0.004793689962142629,-0.039681100242180654],[-0.015446334322459582,-0.0029294771990871623,-0.04633900296737875],[-0.011984224905356573,0.0010652644360316954,-0.040480048569204424],[-0.005858954398174325,0.003728425526110934,-0.02689792700980031]]",774.82294417,774.8240136940001,21.625,15867,"[2133, 3549, -3321]","[[18, -62, -149], [11, -58, -174], [-4, -45, -152], [-14, -22, -101]]"
0.380087,0.630117,body,0.000000,0.000000,0.000000,0.000000,0.000000,0.000000,0.000000,0.000000,0.000000,0.000000,0.000000,0.000000,6.421249,-3.756502,-6.062119,0.010120,-0.003462,0.006791,bmi088,0.010153324999919278,"[[0.0021305288720633907,0.003728425526110934,-0.008522115488253563],[0.010120012142301106,-0.00026631610900792384,0.00692421883420602],[0.014381069886427887,-0.0055926382891664005,0.014381069886427887],[0.01384843766841204,-0.01171790879634865,0.014381069886427887]]",774.833097495,774.8342100755,21.625,16131,"[2092, 3576, -3376]","[[-14, 8, -32], [1, 38, 26], [21, 54, 54], [44, 52, 54]]"
0.390070,0.639961,body,0.000000,0.000000,0.000000,0.000000,0.000000,0.000000,0.000000,0.000000,0.000000,0.000000,0.000000,0.000000,6.509236,-3.801394,-6.110601,-0.001265,-0.019175,0.003196,bmi088,0.009841302500035454,"[[0.009853696033293183,-0.016777914867499202,0.007723167161229791],[0.003195793308095086,-0.020506340393610135,0.0007989483270237715],[-0.005060006071150553,-0.021038972611625982,-0.0005326322180158477],[-0.013049489341388268,-0.018375811521546746,0.004793689962142629]]",774.8429387975,774.8439861449999,21.625,16383,"[2117, 3625, -3403]","[[63, 37, 29], [77, 12, 3], [79, -19, -2], [69, -49, 18]]"
0.400067,0.649922,body,0.000000,0.000000,0.000000,0.000000,0.000000,0.000000,0.000000,0.000000,0.000000,0.000000,0.000000,0.000000,6.471527,-3.866037,-6.053140,-0.017444,-0.001398,0.037151,bmi088,0.009846151000033387,"[[-0.01944107595757844,-0.011984224905356573,0.018375811521546746],[-0.021038972611625982,-0.004261057744126781,0.03382214584400633],[-0.017576863194522972,0.002663161090079238,0.04633900296737875],[-0.01171790879634865,0.007989483270237714,0.050067428493489684]]",774.8527849485,774.853829816,21.625,16638,"[2153, 3604, -3371]","[[45, -73, 69], [16, -79, 127], [-10, -66, 174], [-30, -44, 188]]"
0.410071,0.660195,body,0.000000,0.000000,0.000000,0.000000,0.000000,0.000000,0.000000,0.000000,0.000000,0.000000,0.000000,0.000000,6.374562,-3.817555,-5.965153,-0.008322,0.012850,0.009121,bmi088,0.01013833249999152,"[[-0.007456851052221868,0.011984224905356573,0.04181162911424404],[-0.007723167161229791,0.014381069886427887,0.023702133701705222],[-0.009054747706269411,0.014114753777419964,-0.001331580545039619],[-0.009054747706269411,0.010918960469324878,-0.02769687533682408]]",774.862923281,774.863975188,21.625,16901,"[2126, 3550, -3322]","[[-45, -28, 157], [-54, -29, 89], [-53, -34, -5], [-41, -34, -104]]"
0.420077,0.670508,body,0.000000,0.000000,0.000000,0.000000,0.000000,0.000000,0.000000,0.000000,0.000000,0.000000,0.000000,0.000000,6.387131,-3.844489,-5.999271,-0.000866,0.002663,-0.050400,bmi088,0.01015010849994269,"[[-0.005858954398174325,0.007456851052221868,-0.048203215730434214],[-0.0029294771990871623,0.00346210941710301,-0.05725796343670363],[0.0005326322180158477,0.0010652644360316954,-0.05432848623761646],[0.004793689962142629,-0.001331580545039619,-0.04181162911424404]]",774.8730733895,774.874176754,21.625,17165,"[2141, 3557, -3341]","[[-28, -22, -181], [-13, -11, -215], [-4, 2, -204], [5, 18, -157]]"
0.430076,0.680469,body,0.000000,0.000000,0.000000,0.000000,0.000000,0.000000,0.000000,0.000000,0.000000,0.000000,0.000000,0.000000,6.424840,-3.833715,-6.062119,0.011119,-0.002064,0.001265,bmi088,0.009831830500047545,"[[0.01038632825130903,-0.001331580545039619,-0.02476739813773692],[0.013315805450396193,-0.0007989483270237715,-0.004527373853134706],[0.012783173232380344,-0.001331580545039619,0.01171790879634865],[0.007989483270237714,-0.004793689962142629,0.022636869265673525]]",774.88290522,774.884017593,21.625,17420,"[2135, 3578, -3376]","[[5, 39, -93], [3, 50, -17], [5, 48, 44], [18, 30, 85]]"
0.440080,0.690625,body,0.000000,0.000000,0.000000,0.000000,0.000000,0.000000,0.000000,0.000000,0.000000,0.000000,0.000000,0.000000,6.473323,-3.824737,-6.078279,-0.004661,-0.010919,0.026432,bmi088,0.010105164000037803,"[[0.001331580545039619,-0.007723167161229791,0.02689792700980031],[-0.005326322180158476,-0.010652644360316953,0.027963191445832],[-0.007989483270237714,-0.011984224905356573,0.026631610900792385],[-0.006657902725198096,-0.013315805450396193,0.02423476591972107]]",774.893010384,774.894057667,21.625,17680,"[2130, 3605, -3385]","[[29, 5, 101], [40, -20, 105], [45, -30, 100], [50, -25, 91]]"
0.450075,0.701445,body,0.000000,0.000000,0.000000,0.000000,0.000000,0.000000,0.000000,0.000000,0.000000,0.000000,0.000000,0.000000,6.466140,-3.839102,-6.062119,-0.005912,-0.005433,0.018695,bmi088,0.01060189299994363,"[[-0.005326322180158476,-0.011984224905356573,0.023968449810713145],[-0.006125270507182248,-0.009321063815277334,0.023968449810713145],[-0.007456851052221868,-0.0055926382891664005,0.022636869265673525],[-0.006657902725198096,-0.0021305288720633907,0.016777914867499202],[-0.003994741635118857,0.001864212763055467,0.006125270507182248]]",774.903612277,774.9047699305,21.625,17957,"[2138, 3601, -3376]","[[45, -20, 90], [35, -23, 90], [21, -28, 85], [8, -25, 63], [-7, -15, 23]]"
0.460072,0.710820,body,0.000000,0.000000,0.000000,0.000000,0.000000,0.000000,0.000000,0.000000,0.000000,0.000000,0.000000,0.000000,6.388927,-3.830124,-6.004658,-0.000178,0.002929,-0.016157,bmi088,0.009348142000021653,"[[-0.001331580545039619,0.00346210941710301,-0.0055926382891664005],[0.00026631610900792384,0.00346210941710301,-0.017044230976507126],[0.0005326322180158477,0.001864212763055467,-0.025832662573768612]]",774.912960419,774.9140393185,21.625,18197,"[2133, 3558, -3344]","[[-13, -5, -21], [-13, 1, -64], [-7, 2, -97]]"
0.470066,0.720859,body,0.000000,0.000000,0.000000,0.000000,0.000000,0.000000,0.000000,0.000000,0.000000,0.000000,0.000000,0.000000,6.381745,-3.803189,-6.013636,0.003196,-0.001931,-0.031226,bmi088,0.009976937000033104,"[[0.0005326322180158477,0.0005326322180158477,-0.033555829734998405],[0.001597896654047543,-0.0005326322180158477,-0.03648530693408557],[0.004261057744126781,-0.002663161090079238,-0.03249056529896671],[0.006391586616190172,-0.005060006071150553,-0.022370553156665602]]",774.922937356,774.9239944315,21.625,18454,"[2118, 3554, -3349]","[[-2, 2, -126], [2, 6, -137], [10, 16, -122], [19, 24, -84]]"
0.480079,0.731328,body,0.000000,0.000000,0.000000,0.000000,0.000000,0.000000,0.000000,0.000000,0.000000,0.000000,0.000000,0.000000,6.408679,-3.801394,-6.036979,0.003728,-0.008988,0.011318,bmi088,0.01023251000003711,"[[0.007190534943213944,-0.007723167161229791,-0.00825579937924564],[0.004527373853134706,-0.009054747706269411,0.0055926382891664005],[0.0023968449810713144,-0.009853696033293183,0.018908443739562592],[0.0007989483270237715,-0.009321063815277334,0.0290284558818637]]",774.9331698660001,774.9343097915,21.625,18722,"[2117, 3569, -3362]","[[29, 27, -31], [34, 17, 21], [37, 9, 71], [35, 3, 109]]"
0.490069,0.741016,body,0.000000,0.000000,0.000000,0.000000,0.000000,0.000000,0.000000,0.000000,0.000000,0.000000,0.000000,0.000000,6.449979,-3.844489,-6.060323,-0.000200,-0.009121,0.039548,bmi088,0.009650147000002107,"[[0.0007989483270237715,-0.009054747706269411,0.037017939152101415],[0.00026631610900792384,-0.009321063815277334,0.042077945223251964],[-0.00026631610900792384,-0.009587379924285258,0.04154531300523612],[-0.001597896654047543,-0.008522115488253563,0.03755057137011726]]",774.9428200130001,774.943879057,21.625,18970,"[2141, 3592, -3375]","[[34, 3, 139], [35, 1, 158], [36, -1, 156], [32, -6, 141]]"
0.500067,0.751406,body,0.000000,0.000000,0.000000,0.000000,0.000000,0.000000,0.000000,0.000000,0.000000,0.000000,0.000000,0.000000,6.485892,-3.851672,-6.069301,0.003728,-0.000266,0.013649,bmi088,0.010224510499938333,"[[-0.0005326322180158477,-0.005858954398174325,0.02769687533682408],[0.0010652644360316954,-0.001864212763055467,0.01864212763055467],[0.005060006071150553,0.001597896654047543,0.008522115488253563],[0.009321063815277334,0.005060006071150553,-0.00026631610900792384]]",774.9530445235,774.954209841,21.625,19236,"[2145, 3612, -3380]","[[22, -2, 104], [7, 4, 70], [-6, 19, 32], [-19, 35, -1]]"
0.510071,0.761133,body,0.000000,0.000000,0.000000,0.000000,0.000000,0.000000,0.000000,0.000000,0.000000,0.000000,0.000000,0.000000,6.408679,-3.831920,-6.040571,0.014581,0.010187,-0.026831,bmi088,0.0096896674999698,"[[0.013582121559404116,0.007190534943213944,-0.01171790879634865],[0.014913702104443736,0.009321063815277334,-0.022370553156665602],[0.015180018213451659,0.01171790879634865,-0.03328951362599048],[0.01464738599543581,0.012516857123372421,-0.03994741635118858]]",774.962734191,774.9637922750001,21.625,19485,"[2134, 3569, -3364]","[[-27, 51, -44], [-35, 56, -84], [-44, 57, -125], [-47, 55, -150]]"
0.520072,0.771406,body,0.000000,0.000000,0.000000,0.000000,0.000000,0.000000,0.000000,0.000000,0.000000,0.000000,0.000000,0.000000,6.372766,-3.787028,-6.001066,0.014714,0.010053,-0.040413,bmi088,0.010093099999949118,"[[0.015180018213451659,0.012516857123372421,-0.04420847409531536],[0.01464738599543581,0.01038632825130903,-0.04367584187729951],[0.01464738599543581,0.009054747706269411,-0.03994741635118858],[0.014381069886427887,0.00825579937924564,-0.03382214584400633]]",774.9728272909999,774.9739427520001,21.625,19748,"[2109, 3549, -3342]","[[-47, 57, -166], [-39, 55, -164], [-34, 55, -150], [-31, 54, -127]]"
0.530071,0.781797,body,0.000000,0.000000,0.000000,0.000000,0.000000,0.000000,0.000000,0.000000,0.000000,0.000000,0.000000,0.000000,6.379949,-3.796007,-6.015432,0.016112,0.002330,-0.009654,bmi088,0.010321088000068812,"[[0.015180018213451659,0.007190534943213944,-0.02636529479178446],[0.015712650431467506,0.005060006071150553,-0.015446334322459582],[0.01731054708551505,0.0007989483270237715,-0.004527373853134706],[0.016245282649483356,-0.003728425526110934,0.007723167161229791]]",774.983148379,774.984223055,21.625,20014,"[2114, 3553, -3350]","[[-27, 57, -99], [-19, 59, -58], [-3, 65, -17], [14, 61, 29]]"
0.540070,0.791758,body,0.000000,0.000000,0.000000,0.000000,0.000000,0.000000,0.000000,0.000000,0.000000,0.000000,0.000000,0.000000,6.446388,-3.830124,-6.058527,0.007790,-0.008456,0.021705,bmi088,0.009856119000005492,"[[0.013049489341388268,-0.007723167161229791,0.015180018213451659],[0.008522115488253563,-0.009054747706269411,0.02210423704765768],[0.005326322180158476,-0.009054747706269411,0.02423476591972107],[0.004261057744126781,-0.007989483270237714,0.025300030355752765]]",774.993004498,774.9940679895001,21.625,20269,"[2133, 3590, -3374]","[[29, 49, 57], [34, 32, 83], [34, 20, 91], [30, 16, 95]]"
0.550079,0.801641,body,0.000000,0.000000,0.000000,0.000000,0.000000,0.000000,0.000000,0.000000,0.000000,0.000000,0.000000,0.000000,6.435614,-3.813963,-6.063914,0.002863,-0.005193,0.019175,bmi088,0.009798405999958959,"[[0.002663161090079238,-0.007190534943213944,0.023702133701705222],[0.0023968449810713144,-0.005858954398174325,0.021571604829641832],[0.002663161090079238,-0.004793689962142629,0.01864212763055467],[0.003728425526110934,-0.0029294771990871623,0.012783173232380344]]",775.002802904,775.0038660600001,21.625,20522,"[2124, 3584, -3377]","[[27, 10, 89], [22, 9, 81], [18, 10, 70], [11, 14, 48]]"
0.560069,0.811680,body,0.000000,0.000000,0.000000,0.000000,0.000000,0.000000,0.000000,0.000000,0.000000,0.000000,0.000000,0.000000,6.397905,-3.817555,-6.044162,0.001931,0.002131,-0.004927,bmi088,0.01021385400008512,"[[0.004527373853134706,-0.0005326322180158477,0.005060006071150553],[0.003195793308095086,0.0023968449810713144,-0.00346210941710301],[0.001331580545039619,0.00346210941710301,-0.008522115488253563],[-0.001331580545039619,0.003195793308095086,-0.012783173232380344]]",775.013016758,775.013800196,21.625,20779,"[2126, 3563, -3366]","[[2, 17, 19], [-9, 12, -13], [-13, 5, -32], [-12, -5, -48]]"
0.570075,0.822148,body,0.000000,0.000000,0.000000,0.000000,0.000000,0.000000,0.000000,0.000000,0.000000,0.000000,0.000000,0.000000,6.372766,-3.821146,-5.995680,-0.001198,-0.000932,-0.018975,bmi088,0.010024074000057226,"[[-0.001331580545039619,0.0010652644360316954,-0.017044230976507126],[-0.001597896654047543,-0.00026631610900792384,-0.020240024284602212],[-0.0005326322180158477,-0.001864212763055467,-0.021038972611625982],[-0.001331580545039619,-0.002663161090079238,-0.017576863194522972]]",775.0230408320001,775.02412938,21.625,21047,"[2128, 3549, -3339]","[[-4, -5, -64], [1, -6, -76], [7, -2, -79], [10, -5, -66]]"
0.580081,0.833398,body,0.000000,0.000000,0.000000,0.000000,0.000000,0.000000,0.000000,0.000000,0.000000,0.000000,0.000000,0.000000,6.408679,-3.808576,-6.044162,-0.000067,-0.006924,0.004328,bmi088,0.010056986999870787,"[[-0.00026631610900792384,-0.004527373853134706,-0.011451592687340724],[-0.0005326322180158477,-0.006391586616190172,-0.0007989483270237715],[0.0,-0.00825579937924564,0.009853696033293183],[0.0005326322180158477,-0.008522115488253563,0.019707392066586366]]",775.033097819,775.035207746,21.625,21335,"[2121, 3569, -3366]","[[17, -1, -43], [24, -2, -3], [31, 0, 37], [32, 2, 74]]"
0.590075,0.842539,body,0.000000,0.000000,0.000000,0.000000,0.000000,0.000000,0.000000,0.000000,0.000000,0.000000,0.000000,0.000000,6.448184,-3.812168,-6.099827,0.000479,-0.008416,0.022051,bmi088,0.010114427999951658,"[[0.001331580545039619,-0.008522115488253563,0.023702133701705222],[0.001864212763055467,-0.009054747706269411,0.025832662573768612],[0.00026631610900792384,-0.009321063815277334,0.02423476591972107],[-0.0005326322180158477,-0.008522115488253563,0.021038972611625982],[-0.0005326322180158477,-0.006657902725198096,0.015446334322459582]]",775.0432122469999,775.044295979,21.625,21569,"[2123, 3591, -3397]","[[32, 5, 89], [34, 7, 97], [35, 1, 91], [32, -2, 79], [25, -2, 58]]"
0.600070,0.852344,body,0.000000,0.000000,0.000000,0.000000,0.000000,0.000000,0.000000,0.000000,0.000000,0.000000,0.000000,0.000000,6.423045,-3.778050,-6.080075,0.002397,-0.002486,-0.000089,bmi088,0.009690340000133801,"[[0.001597896654047543,-0.004793689962142629,0.008522115488253563],[0.002663161090079238,-0.0023968449810713144,0.00026631610900792384],[0.0029294771990871623,-0.00026631610900792384,-0.009054747706269411]]",775.0529025870001,775.053996751,21.625,21820,"[2104, 3577, -3386]","[[18, 6, 32], [9, 10, 1], [1, 11, -34]]"
0.610075,0.862461,body,0.000000,0.000000,0.000000,0.000000,0.000000,0.000000,0.000000,0.000000,0.000000,0.000000,0.000000,0.000000,6.374562,-3.803189,-6.042366,0.002530,0.004128,-0.024301,bmi088,0.010075354999912634,"[[0.001331580545039619,0.0021305288720633907,-0.01731054708551505],[0.0007989483270237715,0.004261057744126781,-0.0234358175926973],[0.002663161090079238,0.0055926382891664005,-0.027430559227816155],[0.005326322180158476,0.004527373853134706,-0.0290284558818637]]",775.062977942,775.0640207609999,21.625,22079,"[2118, 3550, -3365]","[[-8, 5, -65], [-16, 3, -88], [-21, 10, -103], [-17, 20, -109]]"
0.620071,0.872734,body,0.000000,0.000000,0.000000,0.000000,0.000000,0.000000,0.000000,0.000000,0.000000,0.000000,0.000000,0.000000,6.399701,-3.801394,-6.011840,0.004194,-0.000200,-0.021172,bmi088,0.010079467000082332,"[[0.007190534943213944,0.002663161090079238,-0.02822950755483993],[0.005858954398174325,0.0007989483270237715,-0.02476739813773692],[0.003195793308095086,-0.0007989483270237715,-0.019174759848570515],[0.0005326322180158477,-0.00346210941710301,-0.012516857123372421]]",775.0730574090001,775.0741704540001,21.625,22342,"[2117, 3564, -3348]","[[-10, 27, -106], [-3, 22, -93], [3, 12, -72], [13, 2, -47]]"
0.630070,0.883008,body,0.000000,0.000000,0.000000,0.000000,0.000000,0.000000,0.000000,0.000000,0.000000,0.000000,0.000000,0.000000,6.449979,-3.806781,-6.044162,-0.004155,-0.007989,0.011452,bmi088,0.01013625299992782,"[[-0.002663161090079238,-0.005060006071150553,-0.005060006071150553],[-0.00346210941710301,-0.00692421883420602,0.003728425526110934],[-0.004261057744126781,-0.00825579937924564,0.012250541014364496],[-0.004261057744126781,-0.009587379924285258,0.020506340393610135],[-0.006125270507182248,-0.010120012142301106,0.025832662573768612]]",775.083193662,775.0843221785001,21.625,22605,"[2120, 3592, -3366]","[[19, -10, -19], [26, -13, 14], [31, -16, 46], [36, -16, 77], [38, -23, 97]]"
0.640071,0.892695,body,0.000000,0.000000,0.000000,0.000000,0.000000,0.000000,0.000000,0.000000,0.000000,0.000000,0.000000,0.000000,6.446388,-3.817555,-6.051345,-0.008078,-0.010741,0.028407,bmi088,0.009632722999981524,"[[-0.007456851052221868,-0.01038632825130903,0.02929477199087162],[-0.007989483270237714,-0.010918960469324878,0.02929477199087162],[-0.008788431597261486,-0.010918960469324878,0.026631610900792385]]",775.092826385,775.093910885,21.625,22853,"[2126, 3590, -3370]","[[39, -28, 110], [41, -30, 110], [41, -33, 100]]"
0.650077,0.903047,body,0.000000,0.000000,0.000000,0.000000,0.000000,0.000000,0.000000,0.000000,0.000000,0.000000,0.000000,0.000000,6.428431,-3.842694,-6.049549,-0.007523,-0.006258,0.010519,bmi088,0.01024455799995394,"[[-0.008788431597261486,-0.009853696033293183,0.02077265650261806],[-0.007989483270237714,-0.00692421883420602,0.013582121559404116],[-0.006657902725198096,-0.004793689962142629,0.006657902725198096],[-0.006657902725198096,-0.00346210941710301,0.0010652644360316954]]",775.1030709429999,775.104136467,21.625,23118,"[2140, 3580, -3369]","[[37, -33, 78], [26, -30, 51], [18, -25, 25], [13, -25, 4]]"
0.660068,0.913047,body,0.000000,0.000000,0.000000,0.000000,0.000000,0.000000,0.000000,0.000000,0.000000,0.000000,0.000000,0.000000,6.383540,-3.840898,-6.004658,-0.008056,-0.001931,-0.008922,bmi088,0.009820054500096376,"[[-0.00825579937924564,-0.003195793308095086,-0.004261057744126781],[-0.008788431597261486,-0.002663161090079238,-0.008522115488253563],[-0.007989483270237714,-0.001331580545039619,-0.011185276578332801],[-0.007190534943213944,-0.0005326322180158477,-0.01171790879634865]]",775.1128909975,775.1140202025,21.625,23374,"[2139, 3555, -3344]","[[12, -31, -16], [10, -33, -32], [5, -30, -42], [2, -27, -44]]"
0.670072,0.923008,body,0.000000,0.000000,0.000000,0.000000,0.000000,0.000000,0.000000,0.000000,0.000000,0.000000,0.000000,0.000000,6.399701,-3.810372,-6.017227,-0.006125,0.000133,-0.007390,bmi088,0.009914055999956872,"[[-0.006391586616190172,0.00026631610900792384,-0.010652644360316953],[-0.006125270507182248,0.0007989483270237715,-0.009054747706269411],[-0.005326322180158476,0.0005326322180158477,-0.00692421883420602],[-0.006657902725198096,-0.0010652644360316954,-0.0029294771990871623]]",775.1228050535,775.1238849455,21.625,23629,"[2122, 3564, -3351]","[[-1, -24, -40], [-3, -23, -34], [-2, -20, -26], [4, -25, -11]]"
0.680081,0.933750,body,0.000000,0.000000,0.000000,0.000000,0.000000,0.000000,0.000000,0.000000,0.000000,0.000000,0.000000,0.000000,6.430227,-3.819350,-6.028001,-0.010227,-0.007297,0.009428,bmi088,0.010569316499982051,"[[-0.009587379924285258,-0.003728425526110934,0.001597896654047543],[-0.012516857123372421,-0.006657902725198096,0.005858954398174325],[-0.012250541014364496,-0.008522115488253563,0.009587379924285258],[-0.009853696033293183,-0.009587379924285258,0.013582121559404116],[-0.00692421883420602,-0.007989483270237714,0.01651159875849128]]",775.13337437,775.134505735,21.625,23904,"[2127, 3581, -3357]","[[14, -36, 6], [25, -47, 22], [32, -46, 36], [36, -37, 51], [30, -26, 62]]"
0.690070,0.943086,body,0.000000,0.000000,0.000000,0.000000,0.000000,0.000000,0.000000,0.000000,0.000000,0.000000,0.000000,0.000000,6.433818,-3.821146,-6.035184,-0.004527,-0.005681,0.018198,bmi088,0.00934543800008214,"[[-0.0055926382891664005,-0.006391586616190172,0.01864212763055467],[-0.003994741635118857,-0.0055926382891664005,0.01864212763055467],[-0.003994741635118857,-0.005060006071150553,0.01731054708551505]]",775.142719808,775.143751587,21.625,24143,"[2128, 3583, -3361]","[[24, -21, 70], [21, -15, 70], [19, -15, 65]]"
0.700072,0.953477,body,0.000000,0.000000,0.000000,0.000000,0.000000,0.000000,0.000000,0.000000,0.000000,0.000000,0.000000,0.000000,6.419453,-3.844489,-6.054936,-0.005726,-0.003862,0.005260,bmi088,0.010245773999940866,"[[-0.004261057744126781,-0.004793689962142629,0.013582121559404116],[-0.006125270507182248,-0.003994741635118857,0.008788431597261486],[-0.006657902725198096,-0.003728425526110934,0.002663161090079238],[-0.005858954398174325,-0.0029294771990871623,-0.003994741635118857]]",775.152965582,775.1540192980001,21.625,24409,"[2141, 3575, -3372]","[[18, -16, 51], [15, -23, 33], [14, -25, 10], [11, -22, -15]]"
0.710067,0.964102,body,0.000000,0.000000,0.000000,0.000000,0.000000,0.000000,0.000000,0.000000,0.000000,0.000000,0.000000,0.000000,6.412271,-3.831920,-5.986701,-0.001931,0.000133,-0.011052,bmi088,0.009880456000018967,"[[-0.003195793308095086,-0.0007989483270237715,-0.009321063815277334],[-0.001864212763055467,-0.00026631610900792384,-0.012516857123372421],[-0.0010652644360316954,0.0010652644360316954,-0.01171790879634865],[-0.001597896654047543,0.0005326322180158477,-0.010652644360316953]]",775.162846038,775.1645381650001,21.625,24681,"[2134, 3571, -3334]","[[3, -12, -35], [1, -7, -47], [-4, -4, -44], [-2, -6, -40]]"
0.720072,0.973711,body,0.000000,0.000000,0.000000,0.000000,0.000000,0.000000,0.000000,0.000000,0.000000,0.000000,0.000000,0.000000,6.437410,-3.844489,-5.988497,-0.001198,0.000266,-0.004394,bmi088,0.010115435999978217,"[[-0.001597896654047543,0.001864212763055467,-0.008522115488253563],[-0.001597896654047543,0.0010652644360316954,-0.006391586616190172],[-0.0010652644360316954,0.0,-0.003195793308095086],[-0.0005326322180158477,-0.001864212763055467,0.0005326322180158477]]",775.172961474,775.174021013,21.625,24927,"[2141, 3585, -3335]","[[-7, -6, -32], [-4, -6, -24], [0, -4, -12], [7, -2, 2]]"
0.730071,0.984258,body,0.000000,0.000000,0.000000,0.000000,0.000000,0.000000,0.000000,0.000000,0.000000,0.000000,0.000000,0.000000,6.446388,-3.815759,-6.047753,0.001012,-0.002450,0.012091,bmi088,0.010243629999990844,"[[0.0007989483270237715,-0.0023968449810713144,0.004793689962142629],[0.001864212763055467,-0.002663161090079238,0.009587379924285258],[0.001597896654047543,-0.002663161090079238,0.013582121559404116],[0.0005326322180158477,-0.0029294771990871623,0.01597896654047543],[0.00026631610900792384,-0.001597896654047543,0.01651159875849128]]",775.183205104,775.1844541195001,21.625,25197,"[2125, 3590, -3368]","[[9, 3, 18], [10, 7, 36], [10, 6, 51], [11, 2, 60], [6, 1, 62]]"
0.740071,0.993867,body,0.000000,0.000000,0.000000,0.000000,0.000000,0.000000,0.000000,0.000000,0.000000,0.000000,0.000000,0.000000,6.421249,-3.821146,-6.067506,0.001864,-0.000266,0.011540,bmi088,0.009666531500101883,"[[0.0007989483270237715,-0.0010652644360316954,0.015180018213451659],[0.001864212763055467,0.0,0.011984224905356573],[0.0029294771990871623,0.00026631610900792384,0.007456851052221868]]",775.1928716355001,775.193975304,21.625,25443,"[2128, 3576, -3379]","[[4, 3, 57], [0, 7, 45], [-1, 11, 28]]"
0.750072,1.003750,body,0.000000,0.000000,0.000000,0.000000,0.000000,0.000000,0.000000,0.000000,0.000000,0.000000,0.000000,0.000000,6.433818,-3.837307,-6.028001,0.004194,0.002064,-0.007057,bmi088,0.009853895499873033,"[[0.00346210941710301,0.0007989483270237715,0.001864212763055467],[0.00346210941710301,0.001864212763055467,-0.004527373853134706],[0.004261057744126781,0.002663161090079238,-0.01038632825130903],[0.0055926382891664005,0.0029294771990871623,-0.015180018213451659]]",775.2027255309999,775.2037629260001,21.625,25696,"[2137, 3583, -3357]","[[-3, 13, 7], [-7, 13, -17], [-10, 16, -39], [-11, 21, -57]]"
0.760069,1.014180,body,0.000000,0.000000,0.000000,0.000000,0.000000,0.000000,0.000000,0.000000,0.000000,0.000000,0.000000,0.000000,6.403292,-3.806781,-6.031593,0.005926,0.001997,-0.014448,bmi088,0.010290399000041361,"[[0.005858954398174325,0.0021305288720633907,-0.017576863194522972],[0.0055926382891664005,0.001597896654047543,-0.016245282649483356],[0.005060006071150553,0.001597896654047543,-0.013315805450396193],[0.007190534943213944,0.002663161090079238,-0.010652644360316953]]",775.21301593,775.214052349,21.625,25963,"[2120, 3566, -3359]","[[-8, 22, -66], [-6, 21, -61], [-6, 19, -50], [-10, 27, -40]]"
0.770073,1.023984,body,0.000000,0.000000,0.000000,0.000000,0.000000,0.000000,0.000000,0.000000,0.000000,0.000000,0.000000,0.000000,6.432023,-3.808576,-6.051345,0.012850,0.000666,-0.005459,bmi088,0.009564289500076484,"[[0.010918960469324878,0.0029294771990871623,-0.009321063815277334],[0.013315805450396193,0.001864212763055467,-0.007989483270237714],[0.014381069886427887,-0.0005326322180158477,-0.004527373853134706],[0.012783173232380344,-0.001597896654047543,0.0]]",775.2225802195001,775.2237620815,21.625,26214,"[2121, 3582, -3370]","[[-11, 41, -35], [-7, 50, -30], [2, 54, -17], [6, 48, 0]]"
0.780081,1.035195,body,0.000000,0.000000,0.000000,0.000000,0.000000,0.000000,0.000000,0.000000,0.000000,0.000000,0.000000,0.000000,6.430227,-3.812168,-6.029797,0.011611,-0.000266,0.008096,bmi088,0.01111348649988031,"[[0.012250541014364496,-0.001864212763055467,0.004793689962142629],[0.011451592687340724,-0.001864212763055467,0.009587379924285258],[0.01171790879634865,-0.0010652644360316954,0.011451592687340724],[0.01171790879634865,0.0005326322180158477,0.009853696033293183],[0.010918960469324878,0.0029294771990871623,0.004793689962142629]]",775.2336937059999,775.2348113425,21.625,26501,"[2123, 3581, -3358]","[[7, 46, 18], [7, 43, 36], [4, 44, 43], [-2, 44, 37], [-11, 41, 18]]"
0.790067,1.044180,body,0.000000,0.000000,0.000000,0.000000,0.000000,0.000000,0.000000,0.000000,0.000000,0.000000,0.000000,0.000000,6.412271,-3.815759,-6.031593,0.010653,0.002663,-0.002397,bmi088,0.009003751000136617,"[[0.010120012142301106,0.003994741635118857,0.00026631610900792384],[0.01038632825130903,0.003195793308095086,-0.002663161090079238],[0.011451592687340724,0.0007989483270237715,-0.004793689962142629]]",775.2426974570001,775.2437241160001,21.625,26731,"[2125, 3571, -3359]","[[-15, 38, 1], [-12, 39, -10], [-3, 43, -18]]"
0.800068,1.054609,body,0.000000,0.000000,0.000000,0.000000,0.000000,0.000000,0.000000,0.000000,0.000000,0.000000,0.000000,0.000000,6.426636,-3.806781,-6.038775,0.012117,0.000399,-0.010386,bmi088,0.010241310999845155,"[[0.011984224905356573,-0.0010652644360316954,-0.007190534943213944],[0.01171790879634865,-0.00026631610900792384,-0.01038632825130903],[0.012250541014364496,0.0010652644360316954,-0.011984224905356573],[0.012516857123372421,0.001864212763055467,-0.011984224905356573]]",775.2529387679999,775.2540195235,21.625,26998,"[2120, 3579, -3363]","[[4, 45, -27], [1, 44, -39], [-4, 46, -45], [-7, 47, -45]]"
0.810072,1.064922,body,0.000000,0.000000,0.000000,0.000000,0.000000,0.000000,0.000000,0.000000,0.000000,0.000000,0.000000,0.000000,6.430227,-3.785233,-6.054936,0.014514,0.000000,-0.005792,bmi088,0.010198653000088598,"[[0.01384843766841204,0.001597896654047543,-0.009853696033293183],[0.01464738599543581,0.0005326322180158477,-0.007723167161229791],[0.015180018213451659,0.0,-0.004527373853134706],[0.014381069886427887,-0.0021305288720633907,-0.0010652644360316954]]",775.263137421,775.264253538,21.625,27262,"[2108, 3581, -3372]","[[-6, 52, -37], [-2, 55, -29], [0, 57, -17], [8, 54, -4]]"
0.820074,1.074805,body,0.000000,0.000000,0.000000,0.000000,0.000000,0.000000,0.000000,0.000000,0.000000,0.000000,0.000000,0.000000,6.421249,-3.806781,-6.062119,0.010253,-0.001065,0.004261,bmi088,0.009824118999972598,"[[0.012783173232380344,-0.002663161090079238,0.001597896654047543],[0.011185276578332801,-0.002663161090079238,0.00346210941710301],[0.009587379924285258,0.0,0.005060006071150553],[0.007456851052221868,0.0010652644360316954,0.00692421883420602]]",775.27296154,775.2740124869999,21.625,27515,"[2120, 3576, -3376]","[[10, 48, 6], [10, 42, 13], [0, 36, 19], [-4, 28, 26]]"
0.830082,1.085273,body,0.000000,0.000000,0.000000,0.000000,0.000000,0.000000,0.000000,0.000000,0.000000,0.000000,0.000000,0.000000,6.394314,-3.796007,-6.033388,0.003569,0.000266,0.003409,bmi088,0.010227356999962467,"[[0.005060006071150553,0.0010652644360316954,0.007456851052221868],[0.002663161090079238,0.0005326322180158477,0.006657902725198096],[0.0023968449810713144,0.0005326322180158477,0.005060006071150553],[0.003195793308095086,0.00026631610900792384,0.0010652644360316954],[0.004527373853134706,-0.0010652644360316954,-0.003195793308095086]]",775.283188897,775.2843382625,21.625,27783,"[2114, 3561, -3360]","[[-4, 19, 28], [-2, 10, 25], [-2, 9, 19], [-1, 12, 4], [4, 17, -12]]"
0.840069,1.094844,body,0.000000,0.000000,0.000000,0.000000,0.000000,0.000000,0.000000,0.000000,0.000000,0.000000,0.000000,0.000000,6.381745,-3.792415,-6.028001,0.005149,-0.003640,-0.011097,bmi088,0.0095861300001161,"[[0.005326322180158476,-0.0023968449810713144,-0.00825579937924564],[0.005060006071150553,-0.003728425526110934,-0.011451592687340724],[0.005060006071150553,-0.004793689962142629,-0.013582121559404116]]",775.2927750270001,775.29381687,21.625,28028,"[2112, 3554, -3357]","[[9, 20, -31], [14, 19, -43], [18, 19, -51]]"
0.850072,1.105117,body,0.000000,0.000000,0.000000,0.000000,0.000000,0.000000,0.000000,0.000000,0.000000,0.000000,0.000000,0.000000,6.388927,-3.803189,-6.044162,0.002996,-0.002597,-0.009721,bmi088,0.010179787999959444,"[[0.003994741635118857,-0.004527373853134706,-0.013049489341388268],[0.00346210941710301,-0.00346210941710301,-0.010918960469324878],[0.002663161090079238,-0.0021305288720633907,-0.008522115488253563],[0.001864212763055467,-0.00026631610900792384,-0.006391586616190172]]",775.302954815,775.30399717,21.625,28291,"[2118, 3558, -3366]","[[17, 15, -49], [13, 13, -41], [8, 10, -32], [1, 7, -24]]"
0.860071,1.115273,body,0.000000,0.000000,0.000000,0.000000,0.000000,0.000000,0.000000,0.000000,0.000000,0.000000,0.000000,0.000000,6.390723,-3.806781,-6.058527,0.001997,-0.004527,0.006325,bmi088,0.009960807999959798,"[[0.0023968449810713144,-0.0007989483270237715,-0.0023968449810713144],[0.0029294771990871623,-0.0023968449810713144,0.00346210941710301],[0.0029294771990871623,-0.006125270507182248,0.009587379924285258],[-0.00026631610900792384,-0.008788431597261486,0.01464738599543581]]",775.312915623,775.3140227795,21.625,28551,"[2120, 3559, -3374]","[[3, 9, -9], [9, 11, 13], [23, 11, 36], [33, -1, 55]]"
0.870075,1.125430,body,0.000000,0.000000,0.000000,0.000000,0.000000,0.000000,0.000000,0.000000,0.000000,0.000000,0.000000,0.000000,6.390723,-3.813963,-6.060323,-0.005726,-0.005526,0.016378,bmi088,0.010089674500022738,"[[-0.004527373853134706,-0.009054747706269411,0.016245282649483356],[-0.006657902725198096,-0.007190534943213944,0.017576863194522972],[-0.006657902725198096,-0.003728425526110934,0.01651159875849128],[-0.005060006071150553,-0.0021305288720633907,0.015180018213451659]]",775.3230052975,775.324058965,21.625,28811,"[2124, 3559, -3375]","[[34, -17, 61], [27, -25, 66], [14, -25, 62], [8, -19, 57]]"
0.880072,1.135703,body,0.000000,0.000000,0.000000,0.000000,0.000000,0.000000,0.000000,0.000000,0.000000,0.000000,0.000000,0.000000,6.390723,-3.799598,-6.029797,-0.004927,-0.002064,0.005193,bmi088,0.010058457500008444,"[[-0.004527373853134706,-0.001597896654047543,0.012250541014364496],[-0.005326322180158476,-0.001597896654047543,0.008522115488253563],[-0.005326322180158476,-0.001864212763055467,0.00346210941710301],[-0.004527373853134706,-0.003195793308095086,-0.00346210941710301]]",775.333063755,775.334227201,21.625,29074,"[2116, 3559, -3358]","[[6, -17, 46], [6, -20, 32], [7, -20, 13], [12, -17, -13]]"
0.890071,1.145664,body,0.000000,0.000000,0.000000,0.000000,0.000000,0.000000,0.000000,0.000000,0.000000,0.000000,0.000000,0.000000,6.415862,-3.804985,-6.028001,-0.004328,-0.005659,-0.014714,bmi088,0.009957432499959395,"[[-0.003994741635118857,-0.004261057744126781,-0.010918960469324878],[-0.003728425526110934,-0.005858954398174325,-0.015712650431467506],[-0.004261057744126781,-0.005858954398174325,-0.017576863194522972],[-0.005326322180158476,-0.006657902725198096,-0.01464738599543581]]",775.3430211875,775.344080887,21.625,29329,"[2119, 3573, -3357]","[[16, -15, -41], [22, -14, -59], [22, -16, -66], [25, -20, -55]]"
0.900072,1.155703,body,0.000000,0.000000,0.000000,0.000000,0.000000,0.000000,0.000000,0.000000,0.000000,0.000000,0.000000,0.000000,6.426636,-3.806781,-6.058527,-0.007657,-0.008722,0.004328,bmi088,0.009932039499972234,"[[-0.00692421883420602,-0.007723167161229791,-0.007989483270237714],[-0.00825579937924564,-0.008788431597261486,0.001331580545039619],[-0.00825579937924564,-0.009587379924285258,0.009853696033293183],[-0.007190534943213944,-0.008788431597261486,0.014114753777419964]]",775.352953227,775.3540052144999,21.625,29586,"[2120, 3579, -3374]","[[29, -26, -30], [33, -31, 5], [36, -31, 37], [33, -27, 53]]"
0.910072,1.165898,body,0.000000,0.000000,0.000000,0.000000,0.000000,0.000000,0.000000,0.000000,0.000000,0.000000,0.000000,0.000000,6.424840,-3.817555,-6.060323,-0.008522,-0.008655,0.015313,bmi088,0.010112651000099504,"[[-0.006657902725198096,-0.008788431597261486,0.015180018213451659],[-0.006391586616190172,-0.009321063815277334,0.01464738599543581],[-0.009321063815277334,-0.008788431597261486,0.015446334322459582],[-0.01171790879634865,-0.007723167161229791,0.01597896654047543]]",775.363065878,775.364111833,21.625,29847,"[2126, 3578, -3375]","[[33, -25, 57], [35, -24, 55], [33, -35, 58], [29, -44, 60]]"
0.920068,1.175820,body,0.000000,0.000000,0.000000,0.000000,0.000000,0.000000,0.000000,0.000000,0.000000,0.000000,0.000000,0.000000,6.426636,-3.824737,-6.024410,-0.010586,-0.001465,0.011385,bmi088,0.009784821000039301,"[[-0.012783173232380344,-0.004793689962142629,0.015446334322459582],[-0.011451592687340724,-0.0021305288720633907,0.012783173232380344],[-0.010120012142301106,0.00026631610900792384,0.010120012142301106],[-0.007989483270237714,0.0007989483270237715,0.007190534943213944]]",775.3728506990001,775.373920447,21.625,30101,"[2130, 3579, -3355]","[[18, -48, 58], [8, -43, 48], [-1, -38, 38], [-3, -30, 27]]"
0.930073,1.186289,body,0.000000,0.000000,0.000000,0.000000,0.000000,0.000000,0.000000,0.000000,0.000000,0.000000,0.000000,0.000000,6.412271,-3.815759,-6.008249,-0.005659,-0.001198,-0.005060,bmi088,0.010315262999938568,"[[-0.006657902725198096,0.0005326322180158477,0.00346210941710301],[-0.006125270507182248,-0.0005326322180158477,-0.0021305288720633907],[-0.005326322180158476,-0.001864212763055467,-0.008522115488253563],[-0.004527373853134706,-0.0029294771990871623,-0.013049489341388268]]",775.383165962,775.3842511655,21.625,30369,"[2125, 3571, -3346]","[[-2, -25, 13], [2, -23, -8], [7, -20, -32], [11, -17, -49]]"
0.940072,1.195977,body,0.000000,0.000000,0.000000,0.000000,0.000000,0.000000,0.000000,0.000000,0.000000,0.000000,0.000000,0.000000,6.432023,-3.817555,-6.028001,-0.006192,-0.007723,-0.011119,bmi088,0.009857750000037413,"[[-0.003994741635118857,-0.004261057744126781,-0.01597896654047543],[-0.0055926382891664005,-0.006391586616190172,-0.014114753777419964],[-0.00692421883420602,-0.009054747706269411,-0.010652644360316953],[-0.00825579937924564,-0.011185276578332801,-0.003728425526110934]]",775.3930237120001,775.3938440475,21.625,30617,"[2126, 3582, -3357]","[[16, -15, -60], [24, -21, -53], [34, -26, -40], [42, -31, -14]]"
0.950071,1.206367,body,0.000000,0.000000,0.000000,0.000000,0.000000,0.000000,0.000000,0.000000,0.000000,0.000000,0.000000,0.000000,6.451775,-3.817555,-6.071097,-0.006325,-0.009987,0.016578,bmi088,0.010040121499969246,"[[-0.007723167161229791,-0.012250541014364496,0.004261057744126781],[-0.006125270507182248,-0.01171790879634865,0.013315805450396193],[-0.005326322180158476,-0.009321063815277334,0.021038972611625982],[-0.006125270507182248,-0.006657902725198096,0.02769687533682408]]",775.4030638335,775.4041137090001,21.625,30883,"[2126, 3593, -3381]","[[46, -29, 16], [44, -23, 50], [35, -20, 79], [25, -23, 104]]"
0.960070,1.216445,body,0.000000,0.000000,0.000000,0.000000,0.000000,0.000000,0.000000,0.000000,0.000000,0.000000,0.000000,0.000000,6.451775,-3.831920,-6.045958,-0.008256,-0.001997,0.021904,bmi088,0.009939207499883196,"[[-0.007456851052221868,-0.00346210941710301,0.02929477199087162],[-0.007456851052221868,-0.001597896654047543,0.02716424311880823],[-0.00825579937924564,-0.0010652644360316954,0.019707392066586366],[-0.009853696033293183,-0.001864212763055467,0.011451592687340724]]",775.4130030409999,775.4140883575001,21.625,31141,"[2134, 3593, -3367]","[[13, -28, 110], [6, -28, 102], [4, -31, 74], [7, -37, 43]]"
0.970068,1.226602,body,0.000000,0.000000,0.000000,0.000000,0.000000,0.000000,0.000000,0.000000,0.000000,0.000000,0.000000,0.000000,6.403292,-3.837307,-6.013636,-0.010519,-0.001997,-0.005992,bmi088,0.010109947000046304,"[[-0.010918960469324878,-0.002663161090079238,0.002663161090079238],[-0.011451592687340724,-0.001597896654047543,-0.003994741635118857],[-0.010652644360316953,-0.001597896654047543,-0.009321063815277334],[-0.009054747706269411,-0.0021305288720633907,-0.013315805450396193]]",775.423112988,775.424156047,21.625,31401,"[2137, 3566, -3349]","[[10, -41, 10], [6, -43, -15], [6, -40, -35], [8, -34, -50]]"
0.980069,1.236758,body,0.000000,0.000000,0.000000,0.000000,0.000000,0.000000,0.000000,0.000000,0.000000,0.000000,0.000000,0.000000,6.414066,-3.831920,-6.028001,-0.001731,-0.004394,-0.014314,bmi088,0.009956280500091452,"[[-0.0055926382891664005,-0.00346210941710301,-0.015712650431467506],[-0.0021305288720633907,-0.004527373853134706,-0.016245282649483356],[0.00026631610900792384,-0.004527373853134706,-0.014114753777419964],[0.0005326322180158477,-0.005060006071150553,-0.011185276578332801]]",775.4330692685,775.4341878170001,21.625,31661,"[2134, 3572, -3357]","[[13, -21, -59], [17, -8, -61], [17, 1, -53], [19, 2, -42]]"
0.990069,1.246797,body,0.000000,0.000000,0.000000,0.000000,0.000000,0.000000,0.000000,0.000000,0.000000,0.000000,0.000000,0.000000,6.426636,-3.830124,-6.038775,-0.003595,-0.003595,0.004061,bmi088,0.010021816999937982,"[[-0.0005326322180158477,-0.004793689962142629,-0.005326322180158476],[-0.0023968449810713144,-0.004527373853134706,0.001597896654047543],[-0.004261057744126781,-0.003195793308095086,0.007723167161229791],[-0.007190534943213944,-0.001864212763055467,0.012250541014364496]]",775.4430910855,775.444123105,21.625,31918,"[2133, 3579, -3363]","[[18, -2, -20], [17, -9, 6], [12, -16, 29], [7, -27, 46]]"
1.000072,1.256758,body,0.000000,0.000000,0.000000,0.000000,0.000000,0.000000,0.000000,0.000000,0.000000,0.000000,0.000000,0.000000,6.437410,-3.848081,-6.028001,-0.007590,0.002064,0.016179,bmi088,0.009823733499956688,"[[-0.009321063815277334,-0.0005326322180158477,0.015180018213451659],[-0.010120012142301106,0.001597896654047543,0.017044230976507126],[-0.007456851052221868,0.003195793308095086,0.01731054708551505],[-0.00346210941710301,0.003994741635118857,0.015180018213451659]]",775.452914819,775.453963815,21.625,32173,"[2143, 3585, -3357]","[[2, -35, 57], [-6, -38, 64], [-12, -28, 65], [-15, -13, 57]]"
1.010076,1.267031,body,0.000000,0.000000,0.000000,0.000000,0.000000,0.000000,0.000000,0.000000,0.000000,0.000000,0.000000,0.000000,6.419453,-3.828328,-6.022614,0.006924,0.003995,-0.003196,bmi088,0.010156604000030711,"[[0.001331580545039619,0.003728425526110934,0.009321063815277334],[0.0055926382891664005,0.003994741635118857,0.001331580545039619],[0.009054747706269411,0.004261057744126781,-0.007456851052221868],[0.01171790879634865,0.003994741635118857,-0.01597896654047543]]",775.463071423,775.4641312025001,21.625,32436,"[2132, 3575, -3354]","[[-14, 5, 35], [-15, 21, 5], [-16, 34, -28], [-15, 44, -60]]"
1.020070,1.277031,body,0.000000,0.000000,0.000000,0.000000,0.000000,0.000000,0.000000,0.000000,0.000000,0.000000,0.000000,0.000000,6.421249,-3.794211,-6.047753,0.009721,-0.000866,-0.026232,bmi088,0.009837062000087826,"[[0.012250541014364496,0.002663161090079238,-0.023702133701705222],[0.011451592687340724,0.0007989483270237715,-0.0290284558818637],[0.009054747706269411,-0.0023968449810713144,-0.028762139772855775],[0.006125270507182248,-0.004527373853134706,-0.0234358175926973]]",775.4729084850001,775.4740174010001,21.625,32692,"[2113, 3576, -3368]","[[-10, 46, -89], [-3, 43, -109], [9, 34, -108], [17, 23, -88]]"
1.030083,1.287422,body,0.000000,0.000000,0.000000,0.000000,0.000000,0.000000,0.000000,0.000000,0.000000,0.000000,0.000000,0.000000,6.430227,-3.812168,-6.085462,0.004208,-0.002397,0.006392,bmi088,0.010274413999923127,"[[0.003994741635118857,-0.005060006071150553,-0.014114753777419964],[0.004527373853134706,-0.003994741635118857,-0.003195793308095086],[0.005326322180158476,-0.0023968449810713144,0.007989483270237714],[0.005060006071150553,-0.0010652644360316954,0.01731054708551505],[0.0021305288720633907,0.0005326322180158477,0.023968449810713145]]",775.483182899,775.484280359,21.875,32958,"[2123, 3581, -3389]","[[19, 15, -53], [15, 17, -12], [9, 20, 30], [4, 19, 65], [-2, 8, 90]]"
1.040076,1.297422,body,0.000000,0.000000,0.000000,0.000000,0.000000,0.000000,0.000000,0.000000,0.000000,0.000000,0.000000,0.000000,6.432023,-3.848081,-6.071097,0.000444,0.006036,0.026365,bmi088,0.009900039000058314,"[[-0.00026631610900792384,0.002663161090079238,0.027430559227816155],[-0.0005326322180158477,0.005858954398174325,0.027963191445832],[0.0021305288720633907,0.009587379924285258,0.023702133701705222]]",775.493082938,775.4941757419999,21.875,33214,"[2143, 3582, -3381]","[[-10, -1, 103], [-22, -2, 105], [-36, 8, 89]]"
1.050069,1.307500,body,0.000000,0.000000,0.000000,0.000000,0.000000,0.000000,0.000000,0.000000,0.000000,0.000000,0.000000,0.000000,6.385336,-3.799598,-5.997475,0.010386,0.014115,0.002330,bmi088,0.009984951999967961,"[[0.005326322180158476,0.012516857123372421,0.017843179303530896],[0.009054747706269411,0.014913702104443736,0.009054747706269411],[0.012250541014364496,0.015712650431467506,-0.001597896654047543],[0.014913702104443736,0.013315805450396193,-0.01597896654047543]]",775.50306789,775.5041183895,21.875,33472,"[2116, 3556, -3340]","[[-47, 20, 67], [-56, 34, 34], [-59, 46, -6], [-50, 56, -60]]"
1.060070,1.317383,body,0.000000,0.000000,0.000000,0.000000,0.000000,0.000000,0.000000,0.000000,0.000000,0.000000,0.000000,0.000000,6.388927,-3.790620,-6.006453,0.018176,0.003063,-0.043210,bmi088,0.009762373000057778,"[[0.017044230976507126,0.008522115488253563,-0.03062635253591124],[0.017576863194522972,0.00346210941710301,-0.04261057744126781],[0.019174759848570515,0.0007989483270237715,-0.05033374460249761],[0.018908443739562592,-0.0005326322180158477,-0.04926848016646591]]",775.5128302630001,775.513924203,21.875,33725,"[2111, 3558, -3345]","[[-32, 64, -115], [-13, 66, -160], [-3, 72, -189], [2, 71, -185]]"
1.070071,1.327539,body,0.000000,0.000000,0.000000,0.000000,0.000000,0.000000,0.000000,0.000000,0.000000,0.000000,0.000000,0.000000,6.458958,-3.804985,-6.089053,0.016978,-0.003662,-0.012916,bmi088,0.0100052569998752,"[[0.018375811521546746,-0.001864212763055467,-0.040480048569204424],[0.017044230976507126,-0.0029294771990871623,-0.022636869265673525],[0.01597896654047543,-0.004261057744126781,-0.003728425526110934],[0.01651159875849128,-0.0055926382891664005,0.015180018213451659]]",775.52283552,775.5239677005,21.875,33985,"[2119, 3597, -3391]","[[7, 69, -152], [11, 64, -85], [16, 60, -14], [21, 62, 57]]"
1.080080,1.337891,body,0.000000,0.000000,0.000000,0.000000,0.000000,0.000000,0.000000,0.000000,0.000000,0.000000,0.000000,0.000000,6.430227,-3.815759,-6.076484,0.012184,-0.000866,0.037883,bmi088,0.010282670000037797,"[[0.01597896654047543,-0.005060006071150553,0.02982740420888747],[0.014114753777419964,-0.00346210941710301,0.0402137324601965],[0.010918960469324878,0.0005326322180158477,0.04287689355027574],[0.007723167161229791,0.004527373853134706,0.038615835806148954]]",775.53311819,775.5341836335,21.875,34250,"[2125, 3581, -3384]","[[19, 60, 112], [13, 53, 151], [-2, 41, 161], [-17, 29, 145]]"
1.090072,1.347617,body,0.000000,0.000000,0.000000,0.000000,0.000000,0.000000,0.000000,0.000000,0.000000,0.000000,0.000000,0.000000,6.374562,-3.840898,-6.010045,0.006059,0.008456,0.003396,bmi088,0.00963024200007112,"[[0.004527373853134706,0.007190534943213944,0.026631610900792385],[0.003195793308095086,0.009054747706269411,0.011185276578332801],[0.0055926382891664005,0.009054747706269411,-0.005060006071150553],[0.010918960469324878,0.008522115488253563,-0.019174759848570515]]",775.542748432,775.5438152035,21.875,34499,"[2139, 3550, -3347]","[[-27, 17, 100], [-34, 12, 42], [-34, 21, -19], [-32, 41, -72]]"
1.100068,1.357695,body,0.000000,0.000000,0.000000,0.000000,0.000000,0.000000,0.000000,0.000000,0.000000,0.000000,0.000000,0.000000,6.363788,-3.792415,-5.999271,0.021106,0.004661,-0.037151,bmi088,0.009937847999935912,"[[0.017576863194522972,0.007456851052221868,-0.03062635253591124],[0.021305288720633905,0.005858954398174325,-0.03834951969714103],[0.02290318537468145,0.004261057744126781,-0.04101268078722027],[0.022636869265673525,0.0010652644360316954,-0.038615835806148954]]",775.55268628,775.5537584594999,21.875,34757,"[2112, 3544, -3341]","[[-28, 66, -115], [-22, 80, -144], [-16, 86, -154], [-4, 85, -145]]"
1.110069,1.368164,body,0.000000,0.000000,0.000000,0.000000,0.000000,0.000000,0.000000,0.000000,0.000000,0.000000,0.000000,0.000000,6.405088,-3.769072,-6.067506,0.015979,-0.008522,-0.020307,bmi088,0.010366831000055754,"[[0.021038972611625982,-0.0023968449810713144,-0.033555829734998405],[0.017843179303530896,-0.00692421883420602,-0.02636529479178446],[0.014114753777419964,-0.010918960469324878,-0.01731054708551505],[0.010918960469324878,-0.01384843766841204,-0.003994741635118857]]",775.563053111,775.5641298190001,21.875,35025,"[2099, 3567, -3379]","[[9, 79, -126], [26, 67, -99], [41, 53, -65], [52, 41, -15]]"
1.120071,1.378164,body,0.000000,0.000000,0.000000,0.000000,0.000000,0.000000,0.000000,0.000000,0.000000,0.000000,0.000000,0.000000,6.442797,-3.779846,-6.099827,-0.002863,-0.011385,0.028829,bmi088,0.009887591000051543,"[[0.006657902725198096,-0.01464738599543581,0.010652644360316953],[0.00026631610900792384,-0.013049489341388268,0.025033714246744842],[-0.006391586616190172,-0.01038632825130903,0.036218990825077645],[-0.011984224905356573,-0.007456851052221868,0.04340952576829159]]",775.5729407020001,775.574032978,21.875,35281,"[2105, 3588, -3397]","[[55, 25, 40], [49, 1, 94], [39, -24, 136], [28, -45, 163]]"
1.130080,1.388516,body,0.000000,0.000000,0.000000,0.000000,0.000000,0.000000,0.000000,0.000000,0.000000,0.000000,0.000000,0.000000,6.408679,-3.810372,-6.054936,-0.012184,-0.004261,0.041545,bmi088,0.010191451999844503,"[[-0.014114753777419964,-0.006391586616190172,0.04633900296737875],[-0.014114753777419964,-0.0055926382891664005,0.04607268685837083],[-0.011984224905356573,-0.003994741635118857,0.04154531300523612],[-0.008522115488253563,-0.0010652644360316954,0.03222424918995878]]",775.5831321539999,775.584242175,21.875,35546,"[2122, 3569, -3372]","[[24, -53, 174], [21, -53, 173], [15, -45, 156], [4, -32, 121]]"
1.140076,1.398594,body,0.000000,0.000000,0.000000,0.000000,0.000000,0.000000,0.000000,0.000000,0.000000,0.000000,0.000000,0.000000,6.396110,-3.790620,-6.040571,0.001332,0.000133,-0.007989,bmi088,0.009968952999997782,"[[-0.003994741635118857,0.0010652644360316954,0.018109495412538822],[0.0010652644360316954,0.0007989483270237715,0.0007989483270237715],[0.003728425526110934,0.00026631610900792384,-0.017044230976507126],[0.004527373853134706,-0.001597896654047543,-0.03382214584400633]]",775.5931011069999,775.5942348555,21.875,35804,"[2111, 3562, -3364]","[[-4, -15, 68], [-3, 4, 3], [-1, 14, -64], [6, 17, -127]]"
1.150068,1.408086,body,0.000000,0.000000,0.000000,0.000000,0.000000,0.000000,0.000000,0.000000,0.000000,0.000000,0.000000,0.000000,6.403292,-3.769072,-6.022614,0.002996,-0.004461,-0.047471,bmi088,0.00940254150009423,"[[0.004261057744126781,-0.0023968449810713144,-0.04607268685837083],[0.003728425526110934,-0.003994741635118857,-0.05273058958356892],[0.00346210941710301,-0.005060006071150553,-0.05033374460249761],[0.0005326322180158477,-0.006391586616190172,-0.04074636467821235]]",775.6025036485,775.6036245334999,21.875,36047,"[2099, 3566, -3354]","[[9, 16, -173], [15, 14, -198], [19, 13, -189], [24, 2, -153]]"
1.160069,1.420469,body,0.000000,0.000000,0.000000,0.000000,0.000000,0.000000,0.000000,0.000000,0.000000,0.000000,0.000000,0.000000,6.417658,-3.804985,-6.063914,-0.008788,-0.010173,0.006711,bmi088,0.012023310499898798,"[[-0.0029294771990871623,-0.007190534943213944,-0.025033714246744842],[-0.006125270507182248,-0.00825579937924564,-0.007456851052221868],[-0.00825579937924564,-0.009853696033293183,0.008788431597261486],[-0.011451592687340724,-0.011984224905356573,0.0234358175926973],[-0.015180018213451659,-0.013582121559404116,0.03382214584400633]]",775.6145269589999,775.615889272,21.875,36364,"[2119, 3574, -3377]","[[27, -11, -94], [31, -23, -28], [37, -31, 33], [45, -43, 88], [51, -57, 127]]"
1.170071,1.428867,body,0.000000,0.000000,0.000000,0.000000,0.000000,0.000000,0.000000,0.000000,0.000000,0.000000,0.000000,0.000000,6.446388,-3.826533,-6.078279,-0.017843,-0.012606,0.041457,bmi088,0.008507885500080192,"[[-0.018375811521546746,-0.014114753777419964,0.041278996896228194],[-0.018375811521546746,-0.012783173232380344,0.04287689355027574],[-0.016777914867499202,-0.010918960469324878,0.0402137324601965]]",775.6230348445,775.624163809,21.875,36579,"[2131, 3590, -3385]","[[53, -69, 155], [48, -69, 161], [41, -63, 151]]"
1.180069,1.438984,body,0.000000,0.000000,0.000000,0.000000,0.000000,0.000000,0.000000,0.000000,0.000000,0.000000,0.000000,0.000000,6.437410,-3.815759,-6.047753,-0.015113,-0.007989,0.015579,bmi088,0.010070489499980795,"[[-0.01464738599543581,-0.010120012142301106,0.032756881407974635],[-0.014913702104443736,-0.008788431597261486,0.021837920938649755],[-0.015712650431467506,-0.007190534943213944,0.009587379924285258],[-0.015180018213451659,-0.005858954398174325,-0.001864212763055467]]",775.633105334,775.6341743779999,21.875,36838,"[2125, 3585, -3368]","[[38, -55, 123], [33, -56, 82], [27, -59, 36], [22, -57, -7]]"
1.190078,1.449062,body,0.000000,0.000000,0.000000,0.000000,0.000000,0.000000,0.000000,0.000000,0.000000,0.000000,0.000000,0.000000,6.399701,-3.804985,-6.013636,-0.012450,-0.005926,-0.020307,bmi088,0.0099569364999752,"[[-0.013582121559404116,-0.005858954398174325,-0.011185276578332801],[-0.011984224905356573,-0.006125270507182248,-0.01944107595757844],[-0.011984224905356573,-0.006125270507182248,-0.024501082028728992],[-0.012250541014364496,-0.0055926382891664005,-0.026098978682776535]]",775.6430622705,775.6441407225,21.875,37096,"[2119, 3564, -3349]","[[22, -51, -42], [23, -45, -73], [23, -45, -92], [21, -46, -98]]"
1.200078,1.459297,body,0.000000,0.000000,0.000000,0.000000,0.000000,0.000000,0.000000,0.000000,0.000000,0.000000,0.000000,0.000000,6.390723,-3.801394,-6.024410,-0.015180,-0.008522,-0.010786,bmi088,0.01002495300008377,"[[-0.013315805450396193,-0.006391586616190172,-0.023169501483689375],[-0.014913702104443736,-0.007456851052221868,-0.016777914867499202],[-0.015446334322459582,-0.009054747706269411,-0.007190534943213944],[-0.017044230976507126,-0.011185276578332801,0.003994741635118857]]",775.6530872235,775.6542523815,21.875,37358,"[2117, 3559, -3355]","[[24, -50, -87], [28, -56, -63], [34, -58, -27], [42, -64, 15]]"
1.210072,1.469258,body,0.000000,0.000000,0.000000,0.000000,0.000000,0.000000,0.000000,0.000000,0.000000,0.000000,0.000000,0.000000,6.419453,-3.831920,-6.069301,-0.018309,-0.014381,0.029561,bmi088,0.009959464499956994,"[[-0.017576863194522972,-0.013315805450396193,0.015712650431467506],[-0.017843179303530896,-0.015180018213451659,0.02556634646476069],[-0.018375811521546746,-0.014913702104443736,0.035153726389045944],[-0.01944107595757844,-0.014114753777419964,0.04181162911424404]]",775.663046688,775.664120196,21.875,37613,"[2134, 3575, -3380]","[[50, -66, 59], [57, -67, 96], [56, -69, 132], [53, -73, 157]]"
1.220071,1.479102,body,0.000000,0.000000,0.000000,0.000000,0.000000,0.000000,0.000000,0.000000,0.000000,0.000000,0.000000,0.000000,6.444592,-3.853468,-6.060323,-0.020839,-0.010986,0.037018,bmi088,0.009683139000003393,"[[-0.021305288720633905,-0.012783173232380344,0.044741106313331204],[-0.021038972611625982,-0.011451592687340724,0.04234426133225989],[-0.02077265650261806,-0.01038632825130903,0.035153726389045944],[-0.020240024284602212,-0.009321063815277334,0.025832662573768612]]",775.672729827,775.6738474634999,21.875,37865,"[2146, 3589, -3375]","[[48, -80, 168], [43, -79, 159], [39, -78, 132], [35, -76, 97]]"
1.230082,1.489648,body,0.000000,0.000000,0.000000,0.000000,0.000000,0.000000,0.000000,0.000000,0.000000,0.000000,0.000000,0.000000,6.424840,-3.846285,-6.004658,-0.015779,-0.004661,0.000399,bmi088,0.010415007999995396,"[[-0.020240024284602212,-0.009054747706269411,0.015712650431467506],[-0.018109495412538822,-0.00692421883420602,0.006125270507182248],[-0.01464738599543581,-0.00346210941710301,-0.004527373853134706],[-0.010120012142301106,0.0007989483270237715,-0.015712650431467506]]",775.683144835,775.6842563600001,21.875,38135,"[2142, 3578, -3344]","[[34, -76, 59], [26, -68, 23], [13, -55, -17], [-3, -38, -59]]"
1.240074,1.499492,body,0.000000,0.000000,0.000000,0.000000,0.000000,0.000000,0.000000,0.000000,0.000000,0.000000,0.000000,0.000000,6.415862,-3.851672,-5.999271,-0.001132,0.001332,-0.023569,bmi088,0.009827382000025864,"[[-0.006657902725198096,0.0023968449810713144,-0.0234358175926973],[-0.001864212763055467,0.0023968449810713144,-0.02556634646476069],[0.0007989483270237715,0.0010652644360316954,-0.024501082028728992],[0.003195793308095086,-0.0005326322180158477,-0.02077265650261806]]",775.692972217,775.694036205,21.875,38387,"[2145, 3573, -3341]","[[-9, -25, -88], [-9, -7, -96], [-4, 3, -92], [2, 12, -78]]"
1.250071,1.509531,body,0.000000,0.000000,0.000000,0.000000,0.000000,0.000000,0.000000,0.000000,0.000000,0.000000,0.000000,0.000000,6.412271,-3.842694,-6.017227,0.001864,-0.004328,-0.007723,bmi088,0.009942887999955019,"[[0.002663161090079238,-0.0023968449810713144,-0.017576863194522972],[0.0021305288720633907,-0.004261057744126781,-0.011185276578332801],[0.001597896654047543,-0.005326322180158476,-0.005060006071150553],[0.0010652644360316954,-0.005326322180158476,0.0029294771990871623]]",775.702915105,775.70395602,21.875,38644,"[2140, 3571, -3351]","[[9, 10, -66], [16, 8, -42], [20, 6, -19], [20, 4, 11]]"
1.260066,1.519609,body,0.000000,0.000000,0.000000,0.000000,0.000000,0.000000,0.000000,0.000000,0.000000,0.000000,0.000000,0.000000,6.433818,-3.831920,-6.049549,0.000732,-0.005060,0.017444,bmi088,0.009961560000078862,"[[0.001331580545039619,-0.004793689962142629,0.010652644360316953],[0.0007989483270237715,-0.004261057744126781,0.016777914867499202],[0.0,-0.004793689962142629,0.02077265650261806],[0.0007989483270237715,-0.006391586616190172,0.021571604829641832]]",775.7128766650001,775.713921884,21.875,38902,"[2134, 3583, -3369]","[[18, 5, 40], [16, 3, 63], [18, 0, 78], [24, 3, 81]]"
1.270072,1.529961,body,0.000000,0.000000,0.000000,0.000000,0.000000,0.000000,0.000000,0.000000,0.000000,0.000000,0.000000,0.000000,6.446388,-3.833715,-6.060323,0.005260,-0.003928,0.013982,bmi088,0.010199693000004117,"[[0.0021305288720633907,-0.006125270507182248,0.020240024284602212],[0.005060006071150553,-0.004793689962142629,0.01651159875849128],[0.006657902725198096,-0.003195793308095086,0.012783173232380344],[0.007190534943213944,-0.001597896654047543,0.006391586616190172]]",775.7230763580001,775.724158362,21.875,39167,"[2135, 3590, -3375]","[[23, 8, 76], [18, 19, 62], [12, 25, 48], [6, 27, 24]]"
1.280070,1.539766,body,0.000000,0.000000,0.000000,0.000000,0.000000,0.000000,0.000000,0.000000,0.000000,0.000000,0.000000,0.000000,6.423045,-3.851672,-6.038775,0.009854,0.001531,-0.009188,bmi088,0.00995735199990122,"[[0.00825579937924564,-0.00026631610900792384,-0.00026631610900792384],[0.008788431597261486,0.001331580545039619,-0.00825579937924564],[0.009853696033293183,0.0023968449810713144,-0.012516857123372421],[0.012516857123372421,0.002663161090079238,-0.015712650431467506]]",775.73303371,775.7338422365001,21.875,39418,"[2145, 3577, -3363]","[[1, 31, -1], [-5, 33, -31], [-9, 37, -47], [-10, 47, -59]]"
1.290069,1.550039,body,0.000000,0.000000,0.000000,0.000000,0.000000,0.000000,0.000000,0.000000,0.000000,0.000000,0.000000,0.000000,6.421249,-3.833715,-6.004658,0.015180,-0.000000,-0.014847,bmi088,0.009907078999958685,"[[0.01597896654047543,0.001597896654047543,-0.016777914867499202],[0.01731054708551505,-0.00026631610900792384,-0.016777914867499202],[0.015446334322459582,-0.0010652644360316954,-0.01464738599543581],[0.011984224905356573,-0.00026631610900792384,-0.011185276578332801]]",775.7429407889999,775.743990088,21.875,39681,"[2135, 3576, -3344]","[[-6, 60, -63], [1, 65, -63], [4, 58, -55], [1, 45, -42]]"
1.300073,1.560156,body,0.000000,0.000000,0.000000,0.000000,0.000000,0.000000,0.000000,0.000000,0.000000,0.000000,0.000000,0.000000,6.444592,-3.833715,-6.042366,0.011119,0.001798,0.001265,bmi088,0.009971575999998095,"[[0.010652644360316953,0.0010652644360316954,-0.006657902725198096],[0.009321063815277334,0.0021305288720633907,-0.001864212763055467],[0.011185276578332801,0.001864212763055467,0.004261057744126781],[0.013315805450396193,0.0021305288720633907,0.009321063815277334]]",775.7529123649999,775.7540065455,21.875,39940,"[2135, 3589, -3365]","[[-4, 40, -25], [-8, 35, -7], [-7, 42, 16], [-8, 50, 35]]"
1.310073,1.570234,body,0.000000,0.000000,0.000000,0.000000,0.000000,0.000000,0.000000,0.000000,0.000000,0.000000,0.000000,0.000000,6.455366,-3.840898,-6.056732,0.014847,0.002730,0.012450,bmi088,0.010016185000040423,"[[0.015446334322459582,0.001597896654047543,0.013582121559404116],[0.01464738599543581,0.0021305288720633907,0.014913702104443736],[0.014114753777419964,0.003195793308095086,0.013049489341388268],[0.015180018213451659,0.003994741635118857,0.00825579937924564]]",775.76292855,775.763981738,21.875,40198,"[2139, 3595, -3373]","[[-6, 58, 51], [-8, 55, 56], [-12, 53, 49], [-15, 57, 31]]"
1.320071,1.580430,body,0.000000,0.000000,0.000000,0.000000,0.000000,0.000000,0.000000,0.000000,0.000000,0.000000,0.000000,0.000000,6.424840,-3.828328,-6.063914,0.022237,0.005859,-0.008589,bmi088,0.009974553000006381,"[[0.01944107595757844,0.004527373853134706,0.0005326322180158477],[0.022636869265673525,0.004527373853134706,-0.006391586616190172],[0.023702133701705222,0.006125270507182248,-0.011984224905356573],[0.023169501483689375,0.00825579937924564,-0.01651159875849128]]",775.772903103,775.774052532,21.875,40459,"[2132, 3578, -3377]","[[-17, 73, 2], [-17, 85, -24], [-23, 89, -45], [-31, 87, -62]]"
1.330075,1.590703,body,0.000000,0.000000,0.000000,0.000000,0.000000,0.000000,0.000000,0.000000,0.000000,0.000000,0.000000,0.000000,6.406884,-3.801394,-6.062119,0.020839,0.010719,-0.023835,bmi088,0.010193083999979535,"[[0.023169501483689375,0.009587379924285258,-0.02077265650261806],[0.022636869265673525,0.01038632825130903,-0.024501082028728992],[0.01997370817559429,0.011185276578332801,-0.026098978682776535],[0.017576863194522972,0.01171790879634865,-0.023968449810713145]]",775.783096187,775.7841982235,21.875,40722,"[2117, 3568, -3376]","[[-36, 87, -78], [-39, 85, -92], [-42, 75, -98], [-44, 66, -90]]"
1.340070,1.600625,body,0.000000,0.000000,0.000000,0.000000,0.000000,0.000000,0.000000,0.000000,0.000000,0.000000,0.000000,0.000000,6.417658,-3.792415,-6.022614,0.015979,0.009920,-0.012051,bmi088,0.009882967000066856,"[[0.016777914867499202,0.011451592687340724,-0.01997370817559429],[0.017044230976507126,0.010120012142301106,-0.014114753777419964],[0.015712650431467506,0.009321063815277334,-0.009587379924285258],[0.014381069886427887,0.008788431597261486,-0.004527373853134706]]",775.792979154,775.7940351249999,21.875,40976,"[2112, 3574, -3354]","[[-43, 63, -75], [-38, 64, -53], [-35, 59, -36], [-33, 54, -17]]"
1.350072,1.610625,body,0.000000,0.000000,0.000000,0.000000,0.000000,0.000000,0.000000,0.000000,0.000000,0.000000,0.000000,0.000000,6.397905,-3.810372,-6.054936,0.012583,0.006658,0.004061,bmi088,0.009904614999982186,"[[0.012783173232380344,0.008522115488253563,-0.00026631610900792384],[0.012516857123372421,0.006657902725198096,0.004527373853134706],[0.012516857123372421,0.006125270507182248,0.006657902725198096],[0.012516857123372421,0.005326322180158476,0.005326322180158476]]",775.802883769,775.8039316125,21.875,41232,"[2122, 3563, -3372]","[[-32, 48, -1], [-25, 47, 17], [-23, 47, 25], [-20, 47, 20]]"
1.360072,1.620820,body,0.000000,0.000000,0.000000,0.000000,0.000000,0.000000,0.000000,0.000000,0.000000,0.000000,0.000000,0.000000,6.361992,-3.788824,-6.044162,0.011385,0.001132,-0.005393,bmi088,0.010058649999905356,"[[0.012516857123372421,0.005326322180158476,0.001331580545039619],[0.011185276578332801,0.0029294771990871623,-0.004261057744126781],[0.011185276578332801,-0.00026631610900792384,-0.007989483270237714],[0.010652644360316953,-0.00346210941710301,-0.010652644360316953]]",775.8129424189999,775.814009527,21.875,41493,"[2110, 3543, -3366]","[[-20, 47, 5], [-11, 42, -16], [1, 42, -30], [13, 40, -40]]"
1.370075,1.631094,body,0.000000,0.000000,0.000000,0.000000,0.000000,0.000000,0.000000,0.000000,0.000000,0.000000,0.000000,0.000000,6.415862,-3.758298,-6.078279,0.008655,-0.003529,-0.005326,bmi088,0.010165068000105748,"[[0.009853696033293183,-0.004261057744126781,-0.01038632825130903],[0.007723167161229791,-0.003994741635118857,-0.008788431597261486],[0.007723167161229791,-0.003195793308095086,-0.003994741635118857],[0.009321063815277334,-0.002663161090079238,0.001864212763055467]]",775.823107487,775.8241661145,21.875,41756,"[2093, 3573, -3385]","[[16, 37, -39], [15, 29, -33], [12, 29, -15], [10, 35, 7]]"
1.380077,1.641289,body,0.000000,0.000000,0.000000,0.000000,0.000000,0.000000,0.000000,0.000000,0.000000,0.000000,0.000000,0.000000,6.388927,-3.788824,-6.020819,0.011784,-0.002863,0.007057,bmi088,0.009962167999901794,"[[0.012250541014364496,-0.0023968449810713144,0.00692421883420602],[0.013315805450396193,-0.0021305288720633907,0.00825579937924564],[0.012250541014364496,-0.003195793308095086,0.007190534943213944],[0.009321063815277334,-0.003728425526110934,0.005858954398174325]]",775.8330696549999,775.8342288285,21.875,42017,"[2110, 3558, -3353]","[[9, 46, 26], [8, 50, 31], [12, 46, 27], [14, 35, 22]]"
1.390073,1.651367,body,0.000000,0.000000,0.000000,0.000000,0.000000,0.000000,0.000000,0.000000,0.000000,0.000000,0.000000,0.000000,6.390723,-3.792415,-6.017227,-0.000599,-0.006658,0.001931,bmi088,0.01007925800013254,"[[0.005326322180158476,-0.0055926382891664005,0.00346210941710301],[0.0005326322180158477,-0.006657902725198096,0.001331580545039619],[-0.00346210941710301,-0.007723167161229791,0.0007989483270237715],[-0.004793689962142629,-0.006657902725198096,0.0021305288720633907]]",775.843148913,775.844214645,21.875,42275,"[2112, 3559, -3351]","[[21, 20, 13], [25, 2, 5], [29, -13, 3], [25, -18, 8]]"
1.400072,1.661133,body,0.000000,0.000000,0.000000,0.000000,0.000000,0.000000,0.000000,0.000000,0.000000,0.000000,0.000000,0.000000,6.405088,-3.799598,-6.062119,-0.001997,-0.003196,0.006458,bmi088,0.009650530999920193,"[[-0.003994741635118857,-0.004261057744126781,0.004261057744126781],[-0.0021305288720633907,-0.002663161090079238,0.006125270507182248],[-0.0010652644360316954,-0.0023968449810713144,0.007723167161229791],[-0.0007989483270237715,-0.00346210941710301,0.007723167161229791]]",775.852799444,775.853857671,21.875,42525,"[2116, 3567, -3376]","[[16, -15, 16], [10, -8, 23], [9, -4, 29], [13, -3, 29]]"
1.410067,1.670625,body,0.000000,0.000000,0.000000,0.000000,0.000000,0.000000,0.000000,0.000000,0.000000,0.000000,0.000000,0.000000,6.396110,-3.787028,-6.051345,-0.005459,-0.001198,0.001598,bmi088,0.009424685999988469,"[[-0.001597896654047543,-0.002663161090079238,0.006125270507182248],[-0.003728425526110934,-0.001597896654047543,0.003728425526110934],[-0.006391586616190172,-0.0005326322180158477,-0.00026631610900792384],[-0.010120012142301106,0.0,-0.003195793308095086]]",775.86222413,775.8632770615,21.875,42768,"[2109, 3562, -3370]","[[10, -6, 23], [6, -14, 14], [2, -24, -1], [0, -38, -12]]"
1.420071,1.681680,body,0.000000,0.000000,0.000000,0.000000,0.000000,0.000000,0.000000,0.000000,0.000000,0.000000,0.000000,0.000000,6.387131,-3.799598,-6.017227,-0.007324,-0.000133,-0.004194,bmi088,0.010832904000039889,"[[-0.010918960469324878,-0.00026631610900792384,-0.005060006071150553],[-0.008788431597261486,-0.00026631610900792384,-0.005060006071150553],[-0.0055926382891664005,-0.00026631610900792384,-0.003994741635118857],[-0.003994741635118857,0.00026631610900792384,-0.002663161090079238]]",775.873057034,775.874207152,21.875,43051,"[2116, 3557, -3351]","[[1, -41, -19], [1, -33, -19], [1, -21, -15], [-1, -15, -10]]"
1.430075,1.692031,body,0.000000,0.000000,0.000000,0.000000,0.000000,0.000000,0.000000,0.000000,0.000000,0.000000,0.000000,0.000000,6.419453,-3.794211,-6.020819,-0.007989,-0.004687,-0.002450,bmi088,0.010234013500053152,"[[-0.005858954398174325,-0.0007989483270237715,-0.001864212763055467],[-0.00692421883420602,-0.0023968449810713144,-0.0021305288720633907],[-0.007989483270237714,-0.004793689962142629,-0.003195793308095086],[-0.008788431597261486,-0.00692421883420602,-0.0029294771990871623],[-0.01038632825130903,-0.008522115488253563,-0.0021305288720633907]]",775.8832910475,775.884440813,21.875,43316,"[2113, 3575, -3353]","[[3, -22, -7], [9, -26, -8], [18, -30, -12], [26, -33, -11], [32, -39, -8]]"
1.440072,1.701758,body,0.000000,0.000000,0.000000,0.000000,0.000000,0.000000,0.000000,0.000000,0.000000,0.000000,0.000000,0.000000,6.457162,-3.821146,-6.081871,-0.015358,-0.007812,0.006214,bmi088,0.009720019499923183,"[[-0.012783173232380344,-0.009587379924285258,0.001597896654047543],[-0.014913702104443736,-0.007989483270237714,0.006125270507182248],[-0.018375811521546746,-0.005858954398174325,0.010918960469324878]]",775.893011067,775.8940561745001,21.875,43565,"[2128, 3596, -3387]","[[36, -48, 6], [30, -56, 23], [22, -69, 41]]"
1.450068,1.711836,body,0.000000,0.000000,0.000000,0.000000,0.000000,0.000000,0.000000,0.000000,0.000000,0.000000,0.000000,0.000000,6.406884,-3.849876,-6.024410,-0.021904,-0.000932,0.014181,bmi088,0.009941992000108257,"[[-0.020506340393610135,-0.002663161090079238,0.014381069886427887],[-0.022370553156665602,-0.0010652644360316954,0.015712650431467506],[-0.022636869265673525,-0.00026631610900792384,0.015180018213451659],[-0.02210423704765768,0.00026631610900792384,0.011451592687340724]]",775.9029530590001,775.9040196870001,21.875,43823,"[2144, 3568, -3355]","[[10, -77, 54], [4, -84, 59], [1, -85, 57], [-1, -83, 43]]"
1.460072,1.721914,body,0.000000,0.000000,0.000000,0.000000,0.000000,0.000000,0.000000,0.000000,0.000000,0.000000,0.000000,0.000000,6.347627,-3.831920,-5.941810,-0.020107,-0.005393,-0.006924,bmi088,0.009956599999895843,"[[-0.02077265650261806,-0.00026631610900792384,0.00346210941710301],[-0.020506340393610135,-0.002663161090079238,-0.004261057744126781],[-0.019707392066586366,-0.007456851052221868,-0.01171790879634865],[-0.01944107595757844,-0.011185276578332801,-0.015180018213451659]]",775.912909659,775.914000879,21.875,44081,"[2134, 3535, -3309]","[[1, -78, 13], [10, -77, -16], [28, -74, -44], [42, -73, -57]]"
1.470075,1.732187,body,0.000000,0.000000,0.000000,0.000000,0.000000,0.000000,0.000000,0.000000,0.000000,0.000000,0.000000,0.000000,6.430227,-3.801394,-6.026206,-0.020373,-0.021039,-0.006258,bmi088,0.010140715500028818,"[[-0.019174759848570515,-0.014381069886427887,-0.01597896654047543],[-0.019707392066586366,-0.018375811521546746,-0.011451592687340724],[-0.02077265650261806,-0.023169501483689375,-0.004261057744126781],[-0.021837920938649755,-0.02822950755483993,0.006657902725198096]]",775.9230503745,775.9241269224999,21.875,44344,"[2117, 3581, -3356]","[[54, -72, -60], [69, -74, -43], [87, -78, -16], [106, -82, 25]]"
1.480078,1.742734,body,0.000000,0.000000,0.000000,0.000000,0.000000,0.000000,0.000000,0.000000,0.000000,0.000000,0.000000,0.000000,6.503849,-3.839102,-6.162675,-0.027324,-0.023809,0.045806,bmi088,0.010388287999944623,"[[-0.0234358175926973,-0.02982740420888747,0.020240024284602212],[-0.025300030355752765,-0.02822950755483993,0.035153726389045944],[-0.026631610900792385,-0.02476739813773692,0.04926848016646591],[-0.02849582366384785,-0.01997370817559429,0.05938849230876701],[-0.032756881407974635,-0.016245282649483356,0.06498113059793342]]",775.9334386625,775.9345676275,21.875,44614,"[2138, 3622, -3432]","[[112, -88, 76], [106, -95, 132], [93, -100, 185], [75, -107, 223], [61, -123, 244]]"
1.490071,1.752344,body,0.000000,0.000000,0.000000,0.000000,0.000000,0.000000,0.000000,0.000000,0.000000,0.000000,0.000000,0.000000,6.457162,-3.864241,-6.062119,-0.038971,-0.005593,0.051133,bmi088,0.009572417000072164,"[[-0.03648530693408557,-0.010918960469324878,0.0625842856168621],[-0.0402137324601965,-0.005060006071150553,0.05273058958356892],[-0.0402137324601965,-0.0007989483270237715,0.03808320358813311]]",775.9430110795,775.9440529230001,21.875,44860,"[2152, 3596, -3376]","[[41, -137, 235], [19, -151, 198], [3, -151, 143]]"
1.500083,1.762617,body,0.000000,0.000000,0.000000,0.000000,0.000000,0.000000,0.000000,0.000000,0.000000,0.000000,0.000000,0.000000,6.369175,-3.867833,-5.896919,-0.029162,0.002064,-0.003529,bmi088,0.010082826500024566,"[[-0.038615835806148954,0.001864212763055467,0.021038972611625982],[-0.033555829734998405,0.0021305288720633907,0.00346210941710301],[-0.02636529479178446,0.0021305288720633907,-0.012783173232380344],[-0.018109495412538822,0.0021305288720633907,-0.025832662573768612]]",775.953093906,775.954224167,21.875,45123,"[2154, 3547, -3284]","[[-7, -145, 79], [-8, -126, 13], [-8, -99, -48], [-8, -68, -97]]"
1.510071,1.772500,body,0.000000,0.000000,0.000000,0.000000,0.000000,0.000000,0.000000,0.000000,0.000000,0.000000,0.000000,0.000000,6.397905,-3.842694,-6.029797,0.001398,-0.001065,-0.034222,bmi088,0.009862853999948129,"[[-0.010120012142301106,0.0007989483270237715,-0.0346210941710301],[-0.0021305288720633907,-0.00026631610900792384,-0.03808320358813311],[0.005326322180158476,-0.001597896654047543,-0.03568635860706179],[0.012516857123372421,-0.003195793308095086,-0.02849582366384785]]",775.96295676,775.9640130519999,21.875,45376,"[2140, 3563, -3358]","[[-3, -38, -130], [1, -8, -143], [6, 20, -134], [12, 47, -107]]"
1.520071,1.782656,body,0.000000,0.000000,0.000000,0.000000,0.000000,0.000000,0.000000,0.000000,0.000000,0.000000,0.000000,0.000000,6.496666,-3.858855,-6.115988,0.011651,-0.010519,-0.004061,bmi088,0.01005887399992389,"[[0.015446334322459582,-0.005858954398174325,-0.01864212763055467],[0.01464738599543581,-0.009853696033293183,-0.008788431597261486],[0.01038632825130903,-0.013315805450396193,0.0007989483270237715],[0.006125270507182248,-0.013049489341388268,0.01038632825130903]]",775.9730156339999,775.9741012705,21.875,45636,"[2149, 3618, -3406]","[[22, 58, -70], [37, 55, -33], [50, 39, 3], [49, 23, 39]]"
1.530076,1.792969,body,0.000000,0.000000,0.000000,0.000000,0.000000,0.000000,0.000000,0.000000,0.000000,0.000000,0.000000,0.000000,6.493075,-3.855263,-6.085462,0.000666,-0.000866,0.026765,bmi088,0.010033017500063579,"[[0.00346210941710301,-0.01038632825130903,0.019707392066586366],[0.001864212763055467,-0.004261057744126781,0.02689792700980031],[-0.00026631610900792384,0.0023968449810713144,0.030093720317895395],[-0.0023968449810713144,0.008788431597261486,0.030360036426903318]]",775.9830486515,775.9842461455,21.875,45900,"[2147, 3616, -3389]","[[39, 13, 74], [16, 7, 101], [-9, -1, 113], [-33, -9, 114]]"
1.540072,1.802930,body,0.000000,0.000000,0.000000,0.000000,0.000000,0.000000,0.000000,0.000000,0.000000,0.000000,0.000000,0.000000,6.428431,-3.857059,-5.988497,0.005127,0.015646,0.008322,bmi088,0.01000484149994918,"[[-0.0023968449810713144,0.013315805450396193,0.02556634646476069],[0.0010652644360316954,0.015446334322459582,0.016777914867499202],[0.007723167161229791,0.016777914867499202,0.00346210941710301],[0.014114753777419964,0.017044230976507126,-0.012516857123372421]]",775.9930534929999,775.994118536,21.875,46155,"[2148, 3580, -3335]","[[-50, -9, 96], [-58, 4, 63], [-63, 29, 13], [-64, 53, -47]]"
1.550072,1.812930,body,0.000000,0.000000,0.000000,0.000000,0.000000,0.000000,0.000000,0.000000,0.000000,0.000000,0.000000,0.000000,6.381745,-3.833715,-6.013636,0.023636,0.012117,-0.048336,bmi088,0.009898263000081897,"[[0.019707392066586366,0.015446334322459582,-0.02982740420888747],[0.023169501483689375,0.013049489341388268,-0.046605319076386674],[0.025300030355752765,0.010918960469324878,-0.0569916473276957],[0.02636529479178446,0.009054747706269411,-0.05992112452678287]]",776.002951756,776.004016351,21.875,46411,"[2135, 3554, -3349]","[[-58, 74, -112], [-49, 87, -175], [-41, 95, -214], [-34, 99, -225]]"
1.560073,1.823125,body,0.000000,0.000000,0.000000,0.000000,0.000000,0.000000,0.000000,0.000000,0.000000,0.000000,0.000000,0.000000,6.410475,-3.806781,-6.056732,0.027564,0.003262,-0.035220,bmi088,0.010067977999938194,"[[0.02689792700980031,0.006391586616190172,-0.05486111845563231],[0.027963191445832,0.004527373853134706,-0.04447479020432328],[0.02849582366384785,0.0021305288720633907,-0.02982740420888747],[0.02689792700980031,0.0,-0.01171790879634865]]",776.013019734,776.0140637530001,21.875,46672,"[2120, 3570, -3373]","[[-24, 101, -206], [-17, 105, -167], [-8, 107, -112], [0, 101, -44]]"
1.570071,1.833164,body,0.000000,0.000000,0.000000,0.000000,0.000000,0.000000,0.000000,0.000000,0.000000,0.000000,0.000000,0.000000,6.446388,-3.794211,-6.054936,0.018908,-0.005393,0.026965,bmi088,0.009927623000066887,"[[0.02290318537468145,-0.003195793308095086,0.00692421883420602],[0.01944107595757844,-0.005060006071150553,0.02423476591972107],[0.01731054708551505,-0.00692421883420602,0.03568635860706179],[0.01597896654047543,-0.006391586616190172,0.04101268078722027]]",776.022947357,776.023992705,21.875,46929,"[2113, 3590, -3372]","[[12, 86, 26], [19, 73, 91], [26, 65, 134], [24, 60, 154]]"
1.580069,1.843477,body,0.000000,0.000000,0.000000,0.000000,0.000000,0.000000,0.000000,0.000000,0.000000,0.000000,0.000000,0.000000,6.466140,-3.824737,-6.094440,0.015713,-0.002463,0.034954,bmi088,0.010125323500005834,"[[0.01464738599543581,-0.0055926382891664005,0.042077945223251964],[0.013582121559404116,-0.0029294771990871623,0.0391484680241648],[0.015180018213451659,-0.0010652644360316954,0.033555829734998405],[0.01944107595757844,-0.00026631610900792384,0.025033714246744842]]",776.0330726805,776.0342014055,21.875,47193,"[2130, 3601, -3394]","[[21, 55, 158], [11, 51, 147], [4, 57, 126], [1, 73, 94]]"
1.590068,1.853438,body,0.000000,0.000000,0.000000,0.000000,0.000000,0.000000,0.000000,0.000000,0.000000,0.000000,0.000000,0.000000,6.387131,-3.806781,-6.045958,0.028429,0.006392,-0.004461,bmi088,0.009949256000027162,"[[0.02423476591972107,0.0007989483270237715,0.014913702104443736],[0.02822950755483993,0.003728425526110934,0.0029294771990871623],[0.030093720317895395,0.008522115488253563,-0.010918960469324878],[0.031158984753927088,0.012516857123372421,-0.02476739813773692]]",776.0430219365,776.044067284,21.875,47448,"[2120, 3557, -3367]","[[-3, 91, 56], [-14, 106, 11], [-32, 113, -41], [-47, 117, -93]]"
1.600072,1.863594,body,0.000000,0.000000,0.000000,0.000000,0.000000,0.000000,0.000000,0.000000,0.000000,0.000000,0.000000,0.000000,6.347627,-3.783437,-6.001066,0.031825,0.011185,-0.048669,bmi088,0.010002872499967452,"[[0.030093720317895395,0.01384843766841204,-0.03834951969714103],[0.031158984753927088,0.012783173232380344,-0.048203215730434214],[0.032756881407974635,0.01038632825130903,-0.05432848623761646],[0.03328951362599048,0.007723167161229791,-0.05379585401960062]]",776.053024809,776.054102061,21.875,47708,"[2107, 3535, -3342]","[[-52, 113, -144], [-48, 117, -181], [-39, 123, -204], [-29, 125, -202]]"
1.610072,1.873633,body,0.000000,0.000000,0.000000,0.000000,0.000000,0.000000,0.000000,0.000000,0.000000,0.000000,0.000000,0.000000,6.392518,-3.767276,-6.026206,0.029694,0.002929,-0.028762,bmi088,0.009921975999986898,"[[0.031691616971942935,0.005858954398174325,-0.04767058351241837],[0.028762139772855775,0.004527373853134706,-0.036218990825077645],[0.029561088099879545,0.0021305288720633907,-0.02290318537468145],[0.028762139772855775,-0.0007989483270237715,-0.00825579937924564]]",776.062946785,776.0640052525,21.875,47965,"[2098, 3560, -3356]","[[-22, 119, -179], [-17, 108, -136], [-8, 111, -86], [3, 108, -31]]"
1.620066,1.883711,body,0.000000,0.000000,0.000000,0.000000,0.000000,0.000000,0.000000,0.000000,0.000000,0.000000,0.000000,0.000000,6.428431,-3.778050,-6.072893,0.021505,-0.004128,0.020639,bmi088,0.009967240000037236,"[[0.02716424311880823,-0.003728425526110934,0.004527373853134706],[0.022370553156665602,-0.004261057744126781,0.016777914867499202],[0.019707392066586366,-0.004261057744126781,0.02636529479178446],[0.016777914867499202,-0.004261057744126781,0.03488741028003802]]",776.072914025,776.0739799170001,21.875,48223,"[2104, 3580, -3382]","[[14, 102, 17], [16, 84, 63], [16, 74, 99], [16, 63, 131]]"
1.630071,1.894336,body,0.000000,0.000000,0.000000,0.000000,0.000000,0.000000,0.000000,0.000000,0.000000,0.000000,0.000000,0.000000,6.419453,-3.796007,-6.092645,0.013902,0.000213,0.020879,bmi088,0.010434208999868133,"[[0.015712650431467506,-0.004261057744126781,0.037816887479125184],[0.014114753777419964,-0.00346210941710301,0.03382214584400633],[0.014114753777419964,-0.0005326322180158477,0.0234358175926973],[0.012783173232380344,0.0029294771990871623,0.010918960469324878],[0.012783173232380344,0.006391586616190172,-0.001597896654047543]]",776.0833482339999,776.0844699825,21.875,48495,"[2114, 3575, -3393]","[[16, 59, 142], [13, 53, 127], [2, 53, 88], [-11, 48, 41], [-24, 48, -6]]"
1.640073,1.903867,body,0.000000,0.000000,0.000000,0.000000,0.000000,0.000000,0.000000,0.000000,0.000000,0.000000,0.000000,0.000000,6.378153,-3.790620,-6.062119,0.012783,0.011097,-0.024235,bmi088,0.009694195500060232,"[[0.012516857123372421,0.009321063815277334,-0.013582121559404116],[0.012783173232380344,0.01171790879634865,-0.025033714246744842],[0.013049489341388268,0.012250541014364496,-0.03408846195301425]]",776.0930424295,776.093936734,21.875,48739,"[2111, 3552, -3376]","[[-35, 47, -51], [-44, 48, -94], [-46, 49, -128]]"
1.650072,1.914023,body,0.000000,0.000000,0.000000,0.000000,0.000000,0.000000,0.000000,0.000000,0.000000,0.000000,0.000000,0.000000,6.342240,-3.760094,-6.033388,0.012117,0.005593,-0.033889,bmi088,0.009855941500063636,"[[0.01384843766841204,0.010918960469324878,-0.038615835806148954],[0.01384843766841204,0.007190534943213944,-0.03755057137011726],[0.012250541014364496,0.003728425526110934,-0.03249056529896671],[0.008522115488253563,0.0005326322180158477,-0.02689792700980031]]",776.102898371,776.103955575,21.875,48999,"[2094, 3532, -3360]","[[-41, 52, -145], [-27, 52, -141], [-14, 46, -122], [-2, 32, -101]]"
1.660071,1.924141,body,0.000000,0.000000,0.000000,0.000000,0.000000,0.000000,0.000000,0.000000,0.000000,0.000000,0.000000,0.000000,6.379949,-3.749320,-6.044162,-0.001465,-0.004261,-0.002597,bmi088,0.010008025499928408,"[[0.005326322180158476,-0.001331580545039619,-0.018908443739562592],[0.0005326322180158477,-0.003994741635118857,-0.008788431597261486],[-0.003728425526110934,-0.005060006071150553,0.00346210941710301],[-0.007989483270237714,-0.006657902725198096,0.01384843766841204]]",776.1129063965,776.1139941445,21.875,49258,"[2088, 3553, -3366]","[[5, 20, -71], [15, 2, -33], [19, -14, 13], [25, -30, 52]]"
1.670070,1.934453,body,0.000000,0.000000,0.000000,0.000000,0.000000,0.000000,0.000000,0.000000,0.000000,0.000000,0.000000,0.000000,6.403292,-3.774459,-6.053140,-0.014581,-0.008322,0.028163,bmi088,0.010072074000049724,"[[-0.010918960469324878,-0.007723167161229791,0.022370553156665602],[-0.014114753777419964,-0.00825579937924564,0.027963191445832],[-0.01651159875849128,-0.00825579937924564,0.030892668644919165],[-0.016777914867499202,-0.009054747706269411,0.03142530086293501]]",776.1229784705,776.1241923810001,21.875,49522,"[2102, 3566, -3371]","[[29, -41, 84], [31, -53, 105], [31, -62, 116], [34, -63, 118]]"
1.680071,1.944570,body,0.000000,0.000000,0.000000,0.000000,0.000000,0.000000,0.000000,0.000000,0.000000,0.000000,0.000000,0.000000,6.415862,-3.796007,-6.028001,-0.018109,-0.009321,0.018642,bmi088,0.010081130499997926,"[[-0.017044230976507126,-0.01038632825130903,0.02929477199087162],[-0.017576863194522972,-0.010652644360316953,0.02423476591972107],[-0.018908443739562592,-0.008788431597261486,0.015446334322459582],[-0.018908443739562592,-0.007456851052221868,0.0055926382891664005]]",776.133059601,776.1341966140001,21.875,49781,"[2114, 3573, -3357]","[[39, -64, 110], [40, -66, 91], [33, -71, 58], [28, -71, 21]]"
1.690070,1.954570,body,0.000000,0.000000,0.000000,0.000000,0.000000,0.000000,0.000000,0.000000,0.000000,0.000000,0.000000,0.000000,6.408679,-3.787028,-6.004658,-0.021106,-0.008788,-0.012583,bmi088,0.009967576000008194,"[[-0.01944107595757844,-0.007190534943213944,-0.004527373853134706],[-0.02077265650261806,-0.007989483270237714,-0.012516857123372421],[-0.02210423704765768,-0.009321063815277334,-0.01651159875849128],[-0.02210423704765768,-0.010652644360316953,-0.016777914867499202]]",776.143027177,776.1440784604999,21.875,50037,"[2109, 3569, -3344]","[[27, -73, -17], [30, -78, -47], [35, -83, -62], [40, -83, -63]]"
1.700069,1.964609,body,0.000000,0.000000,0.000000,0.000000,0.000000,0.000000,0.000000,0.000000,0.000000,0.000000,0.000000,0.000000,6.388927,-3.803189,-6.008249,-0.025300,-0.015313,-0.003129,bmi088,0.009911447499916903,"[[-0.02210423704765768,-0.012250541014364496,-0.013315805450396193],[-0.02290318537468145,-0.01384843766841204,-0.008522115488253563],[-0.02636529479178446,-0.01651159875849128,-0.00026631610900792384],[-0.02982740420888747,-0.01864212763055467,0.009587379924285258]]",776.1529386244999,776.154002644,21.875,50294,"[2118, 3558, -3346]","[[46, -83, -50], [52, -86, -32], [62, -99, -1], [70, -112, 36]]"
1.710072,1.974727,body,0.000000,0.000000,0.000000,0.000000,0.000000,0.000000,0.000000,0.000000,0.000000,0.000000,0.000000,0.000000,6.433818,-3.810372,-6.038775,-0.039548,-0.020240,0.030560,bmi088,0.00999212050010101,"[[-0.03382214584400633,-0.020506340393610135,0.019707392066586366],[-0.03808320358813311,-0.020506340393610135,0.02822950755483993],[-0.04154531300523612,-0.020506340393610135,0.0346210941710301],[-0.044741106313331204,-0.01944107595757844,0.039681100242180654]]",776.162930745,776.1639843485,21.875,50553,"[2122, 3583, -3363]","[[77, -127, 74], [77, -143, 106], [77, -156, 130], [73, -168, 149]]"
1.720070,1.984922,body,0.000000,0.000000,0.000000,0.000000,0.000000,0.000000,0.000000,0.000000,0.000000,0.000000,0.000000,0.000000,6.453571,-3.849876,-6.053140,-0.042810,-0.017244,0.039814,bmi088,0.010063785999932406,"[[-0.04500742242233913,-0.018908443739562592,0.041278996896228194],[-0.04420847409531536,-0.01731054708551505,0.042077945223251964],[-0.042077945223251964,-0.017044230976507126,0.039681100242180654],[-0.03994741635118858,-0.015712650431467506,0.036218990825077645]]",776.172994531,776.1740802635,21.875,50814,"[2144, 3594, -3371]","[[71, -169, 155], [65, -166, 158], [64, -158, 149], [59, -150, 136]]"
1.730075,1.995078,body,0.000000,0.000000,0.000000,0.000000,0.000000,0.000000,0.000000,0.000000,0.000000,0.000000,0.000000,0.000000,6.432023,-3.844489,-6.028001,-0.039814,-0.013782,0.018509,bmi088,0.010022265499969762,"[[-0.039681100242180654,-0.015180018213451659,0.02929477199087162],[-0.03941478413317273,-0.014114753777419964,0.02210423704765768],[-0.040480048569204424,-0.013582121559404116,0.01464738599543581],[-0.039681100242180654,-0.012250541014364496,0.007989483270237714]]",776.1830167964999,776.184120529,21.875,51074,"[2141, 3582, -3357]","[[57, -149, 110], [53, -148, 83], [51, -152, 55], [46, -149, 30]]"
1.740104,2.005117,body,0.000000,0.000000,0.000000,0.000000,0.000000,0.000000,0.000000,0.000000,0.000000,0.000000,0.000000,0.000000,6.460753,-3.857059,-6.026206,-0.033622,-0.006192,-0.004328,bmi088,0.010009577000118952,"[[-0.037816887479125184,-0.008788431597261486,0.00026631610900792384],[-0.0346210941710301,-0.006125270507182248,-0.005326322180158476],[-0.03195793308095086,-0.004793689962142629,-0.007456851052221868],[-0.030093720317895395,-0.005060006071150553,-0.004793689962142629]]",776.1930263735001,776.1940782649999,21.875,51331,"[2148, 3598, -3356]","[[33, -142, 1], [23, -130, -20], [18, -120, -28], [19, -113, -18]]"
1.750069,2.015156,body,0.000000,0.000000,0.000000,0.000000,0.000000,0.000000,0.000000,0.000000,0.000000,0.000000,0.000000,0.000000,6.439205,-3.876811,-6.013636,-0.025100,-0.005193,0.002597,bmi088,0.00990619949993743,"[[-0.02769687533682408,-0.005060006071150553,-0.001864212763055467],[-0.025300030355752765,-0.005858954398174325,0.001331580545039619],[-0.023702133701705222,-0.005060006071150553,0.004261057744126781],[-0.023702133701705222,-0.004793689962142629,0.006657902725198096]]",776.202932573,776.2039867840001,21.875,51588,"[2159, 3586, -3349]","[[19, -104, -7], [22, -95, 5], [19, -89, 16], [18, -89, 25]]"
1.760077,2.025508,body,0.000000,0.000000,0.000000,0.000000,0.000000,0.000000,0.000000,0.000000,0.000000,0.000000,0.000000,0.000000,6.446388,-3.887585,-6.010045,-0.025034,-0.002730,0.013516,bmi088,0.010139066999954593,"[[-0.02476739813773692,-0.003994741635118857,0.008522115488253563],[-0.025300030355752765,-0.00346210941710301,0.011185276578332801],[-0.025300030355752765,-0.0023968449810713144,0.015446334322459582],[-0.02476739813773692,-0.0010652644360316954,0.018908443739562592]]",776.21307164,776.21422923,21.875,51853,"[2165, 3590, -3347]","[[15, -93, 32], [13, -95, 42], [9, -95, 58], [4, -93, 71]]"
1.770068,2.035352,body,0.000000,0.000000,0.000000,0.000000,0.000000,0.000000,0.000000,0.000000,0.000000,0.000000,0.000000,0.000000,6.451775,-3.894768,-6.056732,-0.017510,-0.002796,0.014581,bmi088,0.009841766000135976,"[[-0.02290318537468145,-0.001597896654047543,0.019174759848570515],[-0.020506340393610135,-0.002663161090079238,0.017044230976507126],[-0.01597896654047543,-0.003195793308095086,0.013315805450396193],[-0.010652644360316953,-0.003728425526110934,0.008788431597261486]]",776.2229134060001,776.223953873,21.875,52105,"[2169, 3593, -3373]","[[6, -86, 72], [10, -77, 64], [12, -60, 50], [14, -40, 33]]"
1.780074,2.045742,body,0.000000,0.000000,0.000000,0.000000,0.000000,0.000000,0.000000,0.000000,0.000000,0.000000,0.000000,0.000000,6.473323,-3.869628,-6.071097,-0.003795,-0.001931,-0.000599,bmi088,0.010211900999934187,"[[-0.006657902725198096,-0.002663161090079238,0.003994741635118857],[-0.004261057744126781,-0.002663161090079238,0.0007989483270237715],[-0.0029294771990871623,-0.001597896654047543,-0.0021305288720633907],[-0.001331580545039619,-0.0007989483270237715,-0.005060006071150553]]",776.233125307,776.2342351515,21.875,52371,"[2155, 3605, -3381]","[[10, -25, 15], [10, -16, 3], [6, -11, -8], [3, -5, -19]]"
1.790070,2.055977,body,0.000000,0.000000,0.000000,0.000000,0.000000,0.000000,0.000000,0.000000,0.000000,0.000000,0.000000,0.000000,6.442797,-3.866037,-6.024410,0.001758,0.004314,-0.007244,bmi088,0.010165452000023834,"[[0.0,0.001597896654047543,-0.008522115488253563],[0.0005326322180158477,0.003728425526110934,-0.009853696033293183],[0.001331580545039619,0.0055926382891664005,-0.009054747706269411],[0.00346210941710301,0.005326322180158476,-0.006391586616190172],[0.00346210941710301,0.005326322180158476,-0.0023968449810713144]]",776.243290759,776.244371195,21.875,52633,"[2153, 3588, -3355]","[[-6, 0, -32], [-14, 2, -37], [-21, 5, -34], [-20, 13, -24], [-20, 13, -9]]"
1.800071,2.065664,body,0.000000,0.000000,0.000000,0.000000,0.000000,0.000000,0.000000,0.000000,0.000000,0.000000,0.000000,0.000000,6.430227,-3.864241,-5.995680,0.005060,0.005770,0.003018,bmi088,0.00964692999991712,"[[0.003728425526110934,0.005060006071150553,0.0007989483270237715],[0.003728425526110934,0.006125270507182248,0.003195793308095086],[0.007723167161229791,0.006125270507182248,0.005060006071150553]]",776.252937689,776.253961788,21.875,52881,"[2152, 3581, -3339]","[[-19, 14, 3], [-23, 14, 12], [-23, 29, 19]]"
1.810067,2.075781,body,0.000000,0.000000,0.000000,0.000000,0.000000,0.000000,0.000000,0.000000,0.000000,0.000000,0.000000,0.000000,6.428431,-3.853468,-6.022614,0.022903,0.004927,0.001531,bmi088,0.009989113000074212,"[[0.014114753777419964,0.006125270507182248,0.006125270507182248],[0.02077265650261806,0.0055926382891664005,0.005060006071150553],[0.02636529479178446,0.004527373853134706,0.0007989483270237715],[0.030360036426903318,0.00346210941710301,-0.005858954398174325]]",776.262926802,776.263965653,21.875,53140,"[2146, 3580, -3354]","[[-23, 53, 23], [-21, 78, 19], [-17, 99, 3], [-13, 114, -22]]"
1.820071,2.085977,body,0.000000,0.000000,0.000000,0.000000,0.000000,0.000000,0.000000,0.000000,0.000000,0.000000,0.000000,0.000000,6.448184,-3.833715,-6.098032,0.035553,0.002197,-0.014714,bmi088,0.009986872499894162,"[[0.033555829734998405,0.0021305288720633907,-0.01171790879634865],[0.03542004249805387,0.0023968449810713144,-0.015446334322459582],[0.03648530693408557,0.001864212763055467,-0.016245282649483356],[0.03675162304309349,0.0023968449810713144,-0.015446334322459582]]",776.2729136744999,776.274015663,21.875,53401,"[2135, 3591, -3396]","[[-8, 126, -44], [-9, 133, -58], [-7, 137, -61], [-9, 138, -58]]"
1.830073,2.096367,body,0.000000,0.000000,0.000000,0.000000,0.000000,0.000000,0.000000,0.000000,0.000000,0.000000,0.000000,0.000000,6.433818,-3.812168,-6.099827,0.041545,0.009854,-0.012783,bmi088,0.010295726000094874,"[[0.03888215191515688,0.003728425526110934,-0.014114753777419964],[0.04074636467821235,0.007190534943213944,-0.012250541014364496],[0.04287689355027574,0.01038632825130903,-0.011451592687340724],[0.04287689355027574,0.013315805450396193,-0.012250541014364496],[0.04234426133225989,0.01464738599543581,-0.01384843766841204]]",776.2832094005,776.2842935325,21.875,53667,"[2123, 3583, -3397]","[[-14, 146, -53], [-27, 153, -46], [-39, 161, -43], [-50, 161, -46], [-55, 159, -52]]"
1.840072,2.106211,body,0.000000,0.000000,0.000000,0.000000,0.000000,0.000000,0.000000,0.000000,0.000000,0.000000,0.000000,0.000000,6.399701,-3.812168,-6.044162,0.040303,0.015358,-0.016955,bmi088,0.009815012499984732,"[[0.04074636467821235,0.015180018213451659,-0.01597896654047543],[0.03941478413317273,0.014913702104443736,-0.017044230976507126],[0.04074636467821235,0.01597896654047543,-0.017843179303530896]]",776.293024413,776.294045904,21.875,53919,"[2123, 3564, -3366]","[[-57, 153, -60], [-56, 148, -64], [-60, 153, -67]]"
1.850071,2.116250,body,0.000000,0.000000,0.000000,0.000000,0.000000,0.000000,0.000000,0.000000,0.000000,0.000000,0.000000,0.000000,6.358401,-3.808576,-6.020819,0.047205,0.018576,-0.021305,bmi088,0.009921366500066142,"[[0.043942157986307434,0.017044230976507126,-0.018109495412538822],[0.0468716351853946,0.01864212763055467,-0.01944107595757844],[0.04846953183944214,0.01944107595757844,-0.02210423704765768],[0.04953479627547384,0.019174759848570515,-0.02556634646476069]]",776.3029457795001,776.3039778305,21.875,54176,"[2121, 3541, -3353]","[[-64, 165, -68], [-70, 176, -73], [-73, 182, -83], [-72, 186, -96]]"
1.860072,2.126719,body,0.000000,0.000000,0.000000,0.000000,0.000000,0.000000,0.000000,0.000000,0.000000,0.000000,0.000000,0.000000,6.385336,-3.778050,-6.056732,0.049748,0.010493,-0.027697,bmi088,0.010257276499942236,"[[0.050866376820513454,0.017044230976507126,-0.02849582366384785],[0.0513990090385293,0.013582121559404116,-0.029561088099879545],[0.05033374460249761,0.009853696033293183,-0.028762139772855775],[0.049002164057457984,0.006391586616190172,-0.027430559227816155],[0.04713795129440252,0.0055926382891664005,-0.02423476591972107]]",776.313203056,776.3143111725001,21.875,54444,"[2104, 3556, -3373]","[[-64, 191, -107], [-51, 193, -111], [-37, 189, -108], [-24, 184, -103], [-21, 177, -91]]"
1.870068,2.136445,body,0.000000,0.000000,0.000000,0.000000,0.000000,0.000000,0.000000,0.000000,0.000000,0.000000,0.000000,0.000000,6.396110,-3.752911,-6.083666,0.041545,0.005149,-0.013405,bmi088,0.009705875000008746,"[[0.045540054640354974,0.005326322180158476,-0.019174759848570515],[0.04154531300523612,0.0055926382891664005,-0.013049489341388268],[0.03755057137011726,0.004527373853134706,-0.007989483270237714]]",776.322908931,776.323935766,21.875,54693,"[2090, 3562, -3388]","[[-20, 171, -72], [-21, 156, -49], [-17, 141, -30]]"
1.880075,2.146484,body,0.000000,0.000000,0.000000,0.000000,0.000000,0.000000,0.000000,0.000000,0.000000,0.000000,0.000000,0.000000,6.394314,-3.758298,-6.062119,0.028030,0.005060,0.001332,bmi088,0.010136458000033599,"[[0.03382214584400633,0.005060006071150553,-0.003994741635118857],[0.030892668644919165,0.005060006071150553,0.0005326322180158477],[0.02636529479178446,0.005060006071150553,0.003994741635118857],[0.021038972611625982,0.005060006071150553,0.004793689962142629]]",776.3330453890001,776.333863052,21.875,54950,"[2093, 3561, -3376]","[[-19, 127, -15], [-19, 116, 2], [-19, 99, 15], [-19, 79, 18]]"
1.890075,2.156250,body,0.000000,0.000000,0.000000,0.000000,0.000000,0.000000,0.000000,0.000000,0.000000,0.000000,0.000000,0.000000,6.360197,-3.770868,-6.053140,0.017044,0.002929,-0.000799,bmi088,0.00956003199985389,"[[0.01731054708551505,0.004527373853134706,0.0021305288720633907],[0.016245282649483356,0.003728425526110934,0.00026631610900792384],[0.017044230976507126,0.0021305288720633907,-0.001864212763055467],[0.017576863194522972,0.001331580545039619,-0.003728425526110934]]",776.3426054209999,776.343514654,21.875,55200,"[2100, 3542, -3371]","[[-17, 65, 8], [-14, 61, 1], [-8, 64, -7], [-5, 66, -14]]"
1.900077,2.166875,body,0.000000,0.000000,0.000000,0.000000,0.000000,0.000000,0.000000,0.000000,0.000000,0.000000,0.000000,0.000000,6.356605,-3.736750,-6.054936,0.009920,-0.001132,-0.008456,bmi088,0.010363967000103003,"[[0.01597896654047543,0.001331580545039619,-0.006657902725198096],[0.012516857123372421,0.0,-0.008522115488253563],[0.007989483270237714,-0.001331580545039619,-0.009054747706269411],[0.003195793308095086,-0.004527373853134706,-0.009587379924285258]]",776.352969388,776.354043967,21.875,55472,"[2081, 3540, -3372]","[[-5, 60, -25], [0, 47, -32], [5, 30, -34], [17, 12, -36]]"
1.910069,2.176953,body,0.000000,0.000000,0.000000,0.000000,0.000000,0.000000,0.000000,0.000000,0.000000,0.000000,0.000000,0.000000,6.358401,-3.733159,-6.053140,-0.004727,-0.009121,-0.006991,bmi088,0.00997013500000321,"[[-0.00026631610900792384,-0.007190534943213944,-0.010120012142301106],[-0.00346210941710301,-0.009587379924285258,-0.009054747706269411],[-0.005858954398174325,-0.009853696033293183,-0.006657902725198096],[-0.009321063815277334,-0.009853696033293183,-0.0021305288720633907]]",776.362939523,776.3640110145,21.875,55730,"[2079, 3541, -3371]","[[27, -1, -38], [36, -13, -34], [37, -22, -25], [37, -35, -8]]"
1.920069,2.187305,body,0.000000,0.000000,0.000000,0.000000,0.000000,0.000000,0.000000,0.000000,0.000000,0.000000,0.000000,0.000000,6.372766,-3.767276,-6.036979,-0.016844,-0.010986,0.009121,bmi088,0.009966791000010744,"[[-0.01384843766841204,-0.009321063815277334,0.001864212763055467],[-0.01651159875849128,-0.009853696033293183,0.006657902725198096],[-0.01864212763055467,-0.011451592687340724,0.011185276578332801],[-0.018375811521546746,-0.013315805450396193,0.016777914867499202]]",776.372906314,776.3742264185,21.875,55995,"[2098, 3549, -3362]","[[35, -52, 7], [37, -62, 25], [43, -70, 42], [50, -69, 63]]"
1.930079,2.197305,body,0.000000,0.000000,0.000000,0.000000,0.000000,0.000000,0.000000,0.000000,0.000000,0.000000,0.000000,0.000000,6.412271,-3.781642,-6.040571,-0.025833,-0.019308,0.021904,bmi088,0.010086905499974819,"[[-0.021305288720633905,-0.01597896654047543,0.020240024284602212],[-0.024501082028728992,-0.01864212763055467,0.022370553156665602],[-0.027963191445832,-0.02077265650261806,0.022370553156665602],[-0.029561088099879545,-0.021837920938649755,0.022636869265673525]]",776.3829932195,776.3841007445,21.875,56251,"[2106, 3571, -3364]","[[60, -80, 76], [70, -92, 84], [78, -105, 84], [82, -111, 85]]"
1.940068,2.207500,body,0.000000,0.000000,0.000000,0.000000,0.000000,0.000000,0.000000,0.000000,0.000000,0.000000,0.000000,0.000000,6.421249,-3.801394,-6.054936,-0.035686,-0.021904,0.017044,bmi088,0.010110218500017254,"[[-0.031158984753927088,-0.021305288720633905,0.02077265650261806],[-0.034354778062022175,-0.021038972611625982,0.01864212763055467],[-0.03728425526110934,-0.021837920938649755,0.015446334322459582],[-0.03994741635118858,-0.0234358175926973,0.013315805450396193]]",776.393103438,776.394204514,21.875,56512,"[2117, 3576, -3372]","[[80, -117, 78], [79, -129, 70], [82, -140, 58], [88, -150, 50]]"
1.950073,2.217500,body,0.000000,0.000000,0.000000,0.000000,0.000000,0.000000,0.000000,0.000000,0.000000,0.000000,0.000000,0.000000,6.453571,-3.815759,-6.056732,-0.041013,-0.019508,0.024301,bmi088,0.009911333999980343,"[[-0.04101268078722027,-0.02476739813773692,0.015180018213451659],[-0.04101268078722027,-0.022636869265673525,0.020506340393610135],[-0.04101268078722027,-0.018109495412538822,0.0290284558818637],[-0.04101268078722027,-0.012516857123372421,0.03249056529896671]]",776.403014772,776.404079352,21.875,56768,"[2125, 3594, -3373]","[[93, -154, 57], [85, -154, 77], [68, -154, 109], [47, -154, 122]]"
1.960072,2.227500,body,0.000000,0.000000,0.000000,0.000000,0.000000,0.000000,0.000000,0.000000,0.000000,0.000000,0.000000,0.000000,6.394314,-3.815759,-5.983110,-0.040347,-0.007790,0.021172,bmi088,0.009918454999933601,"[[-0.04154531300523612,-0.008522115488253563,0.032756881407974635],[-0.040480048569204424,-0.006125270507182248,0.02716424311880823],[-0.039681100242180654,-0.006657902725198096,0.018109495412538822],[-0.039681100242180654,-0.009853696033293183,0.006657902725198096]]",776.4129332269999,776.413989598,21.875,57024,"[2125, 3561, -3332]","[[32, -156, 123], [23, -152, 102], [25, -149, 68], [37, -149, 25]]"
1.970070,2.237578,body,0.000000,0.000000,0.000000,0.000000,0.000000,0.000000,0.000000,0.000000,0.000000,0.000000,0.000000,0.000000,6.379949,-3.831920,-5.954380,-0.041545,-0.020573,-0.013183,bmi088,0.009974807000048713,"[[-0.04074636467821235,-0.01384843766841204,-0.005326322180158476],[-0.041278996896228194,-0.018375811521546746,-0.01384843766841204],[-0.04234426133225989,-0.02290318537468145,-0.018375811521546746],[-0.04181162911424404,-0.02716424311880823,-0.015180018213451659]]",776.422908034,776.4239604055,21.875,57282,"[2134, 3553, -3316]","[[52, -153, -20], [69, -155, -52], [86, -159, -69], [102, -157, -57]]"
1.980071,2.248008,body,0.000000,0.000000,0.000000,0.000000,0.000000,0.000000,0.000000,0.000000,0.000000,0.000000,0.000000,0.000000,6.511031,-3.840898,-6.099827,-0.036352,-0.029561,0.018442,bmi088,0.01014834650004559,"[[-0.03994741635118858,-0.02929477199087162,-0.0055926382891664005],[-0.03675162304309349,-0.029561088099879545,0.009853696033293183],[-0.0346210941710301,-0.02929477199087162,0.026631610900792385],[-0.03408846195301425,-0.030093720317895395,0.04287689355027574]]",776.4330563805,776.4342623069999,21.875,57549,"[2139, 3626, -3397]","[[110, -150, -21], [111, -138, 37], [110, -130, 100], [113, -128, 161]]"
1.990097,2.258711,body,0.000000,0.000000,0.000000,0.000000,0.000000,0.000000,0.000000,0.000000,0.000000,0.000000,0.000000,0.000000,6.523601,-3.901950,-6.155492,-0.037950,-0.023835,0.057391,bmi088,0.010045385000012175,"[[-0.035153726389045944,-0.0290284558818637,0.053529537910592694],[-0.03595267471606972,-0.026631610900792385,0.06045375674479871],[-0.03888215191515688,-0.022370553156665602,0.060720072853806636],[-0.04181162911424404,-0.01731054708551505,0.05486111845563231]]",776.4431017655,776.4445122234999,21.875,57823,"[2173, 3633, -3428]","[[109, -132, 201], [100, -135, 227], [84, -146, 228], [65, -157, 206]]"
2.000072,2.267773,body,0.000000,0.000000,0.000000,0.000000,0.000000,0.000000,0.000000,0.000000,0.000000,0.000000,0.000000,0.000000,6.441001,-3.912724,-5.979519,-0.045940,-0.002730,0.024168,bmi088,0.009873445499920308,"[[-0.0458063707493629,-0.010918960469324878,0.04287689355027574],[-0.04713795129440252,-0.004793689962142629,0.029561088099879545],[-0.04713795129440252,0.0005326322180158477,0.01731054708551505],[-0.04367584187729951,0.004261057744126781,0.00692421883420602]]",776.452975211,776.4538312909999,21.875,58055,"[2179, 3587, -3330]","[[41, -172, 161], [18, -177, 111], [-2, -177, 65], [-16, -164, 26]]"
2.010070,2.278086,body,0.000000,0.000000,0.000000,0.000000,0.000000,0.000000,0.000000,0.000000,0.000000,0.000000,0.000000,0.000000,6.365584,-3.892972,-5.886145,-0.021904,0.009055,-0.021705,bmi088,0.009972007999976995,"[[-0.03648530693408557,0.007723167161229791,-0.004793689962142629],[-0.026631610900792385,0.010120012142301106,-0.017044230976507126],[-0.016245282649483356,0.010652644360316953,-0.02769687533682408],[-0.00825579937924564,0.007723167161229791,-0.03728425526110934]]",776.462947219,776.464004662,21.875,58319,"[2168, 3545, -3278]","[[-29, -137, -18], [-38, -100, -64], [-40, -61, -104], [-29, -31, -140]]"
2.020072,2.288242,body,0.000000,0.000000,0.000000,0.000000,0.000000,0.000000,0.000000,0.000000,0.000000,0.000000,0.000000,0.000000,6.437410,-3.880402,-6.010045,0.003862,-0.009254,-0.038350,bmi088,0.009998103500038269,"[[-0.001864212763055467,0.0021305288720633907,-0.043143209659283664],[0.002663161090079238,-0.005060006071150553,-0.044741106313331204],[0.00692421883420602,-0.013582121559404116,-0.0391484680241648],[0.007723167161229791,-0.020506340393610135,-0.02636529479178446]]",776.4729453225,776.4740511504999,21.875,58579,"[2161, 3585, -3347]","[[-8, -7, -162], [19, 10, -168], [51, 26, -147], [77, 29, -99]]"
2.030079,2.298437,body,0.000000,0.000000,0.000000,0.000000,0.000000,0.000000,0.000000,0.000000,0.000000,0.000000,0.000000,0.000000,6.528988,-3.885789,-6.146514,0.005326,-0.022171,0.021904,bmi088,0.010090761500009648,"[[0.006657902725198096,-0.025033714246744842,-0.008522115488253563],[0.004793689962142629,-0.02476739813773692,0.012516857123372421],[0.004793689962142629,-0.021837920938649755,0.03328951362599048],[0.005060006071150553,-0.017044230976507126,0.05033374460249761]]",776.483036084,776.484137992,21.875,58840,"[2164, 3636, -3423]","[[94, 25, -32], [93, 18, 47], [82, 18, 125], [64, 19, 189]]"
2.040071,2.308477,body,0.000000,0.000000,0.000000,0.000000,0.000000,0.000000,0.000000,0.000000,0.000000,0.000000,0.000000,0.000000,6.539762,-3.905541,-6.114192,0.004394,-0.001664,0.056392,bmi088,0.009988231999955133,"[[0.0055926382891664005,-0.011451592687340724,0.06098638896281456],[0.004793689962142629,-0.004527373853134706,0.06338323394388587],[0.004261057744126781,0.001864212763055467,0.05725796343670363],[0.0029294771990871623,0.007456851052221868,0.043942157986307434]]",776.493024316,776.494066031,21.875,59097,"[2175, 3642, -3405]","[[43, 21, 229], [17, 18, 238], [-7, 16, 215], [-28, 11, 165]]"
2.050071,2.318516,body,0.000000,0.000000,0.000000,0.000000,0.000000,0.000000,0.000000,0.000000,0.000000,0.000000,0.000000,0.000000,6.430227,-3.875015,-6.004658,0.012916,0.017710,-0.010053,bmi088,0.009920038000018394,"[[0.003728425526110934,0.012250541014364496,0.02476739813773692],[0.007456851052221868,0.016245282649483356,0.001597896654047543],[0.015712650431467506,0.01997370817559429,-0.02210423704765768],[0.02476739813773692,0.022370553156665602,-0.04447479020432328]]",776.502944354,776.5039881975,21.875,59354,"[2158, 3581, -3344]","[[-46, 14, 93], [-61, 28, 6], [-75, 59, -83], [-84, 93, -167]]"
2.060069,2.328555,body,0.000000,0.000000,0.000000,0.000000,0.000000,0.000000,0.000000,0.000000,0.000000,0.000000,0.000000,0.000000,6.367379,-3.830124,-5.977723,0.041612,0.023303,-0.069908,bmi088,0.00995939950007596,"[[0.03328951362599048,0.02423476591972107,-0.061519021180830406],[0.03994741635118858,0.02423476591972107,-0.07163903332313151],[0.04500742242233913,0.023169501483689375,-0.07510114274023452],[0.048203215730434214,0.021571604829641832,-0.07137271721412358]]",776.5129037535,776.5139448289999,21.875,59611,"[2133, 3546, -3329]","[[-91, 125, -231], [-91, 150, -269], [-87, 169, -282], [-81, 181, -268]]"
2.070068,2.338750,body,0.000000,0.000000,0.000000,0.000000,0.000000,0.000000,0.000000,0.000000,0.000000,0.000000,0.000000,0.000000,6.397905,-3.815759,-6.035184,0.048403,0.013848,-0.035553,bmi088,0.010049448500012659,"[[0.04980111238448176,0.018908443739562592,-0.061519021180830406],[0.04926848016646591,0.015712650431467506,-0.0458063707493629],[0.04793689962142629,0.011984224905356573,-0.02689792700980031],[0.046605319076386674,0.008788431597261486,-0.007989483270237714]]",776.522953202,776.524009382,21.875,59872,"[2125, 3563, -3361]","[[-71, 187, -231], [-59, 185, -172], [-45, 180, -101], [-33, 175, -30]]"
2.080075,2.348945,body,0.000000,0.000000,0.000000,0.000000,0.000000,0.000000,0.000000,0.000000,0.000000,0.000000,0.000000,0.000000,6.462549,-3.826533,-6.098032,0.039947,0.004727,0.026365,bmi088,0.010083385999905659,"[[0.04420847409531536,0.006391586616190172,0.009853696033293183],[0.04101268078722027,0.004261057744126781,0.02423476591972107],[0.03755057137011726,0.00346210941710301,0.033555829734998405],[0.037017939152101415,0.004793689962142629,0.037816887479125184]]",776.533036588,776.5341056475,21.875,60133,"[2131, 3599, -3396]","[[-24, 166, 37], [-16, 154, 91], [-13, 141, 126], [-18, 139, 142]]"
2.090074,2.359297,body,0.000000,0.000000,0.000000,0.000000,0.000000,0.000000,0.000000,0.000000,0.000000,0.000000,0.000000,0.000000,6.467936,-3.833715,-6.094440,0.040480,0.015393,0.014914,bmi088,0.010166586999957872,"[[0.03888215191515688,0.00692421883420602,0.036218990825077645],[0.040480048569204424,0.011185276578332801,0.030093720317895395],[0.04101268078722027,0.015712650431467506,0.01864212763055467],[0.040480048569204424,0.020240024284602212,0.003728425526110934],[0.04154531300523612,0.02290318537468145,-0.014114753777419964]]",776.5432031749999,776.544343372,21.875,60398,"[2135, 3602, -3394]","[[-26, 146, 136], [-42, 152, 113], [-59, 154, 70], [-76, 152, 14], [-86, 156, -53]]"
2.100071,2.369063,body,0.000000,0.000000,0.000000,0.000000,0.000000,0.000000,0.000000,0.000000,0.000000,0.000000,0.000000,0.000000,6.401497,-3.781642,-6.040571,0.040924,0.024945,-0.051221,bmi088,0.009760035000113021,"[[0.041278996896228194,0.023968449810713145,-0.03408846195301425],[0.04074636467821235,0.025300030355752765,-0.05273058958356892],[0.04074636467821235,0.02556634646476069,-0.06684534336098888]]",776.55296321,776.5540118060001,21.875,60648,"[2106, 3565, -3364]","[[-90, 155, -128], [-95, 153, -198], [-96, 153, -251]]"
2.110069,2.379180,body,0.000000,0.000000,0.000000,0.000000,0.000000,0.000000,0.000000,0.000000,0.000000,0.000000,0.000000,0.000000,6.327875,-3.765481,-6.001066,0.044275,0.022171,-0.068044,bmi088,0.009965416000000005,"[[0.04234426133225989,0.025832662573768612,-0.07350324608618698],[0.044741106313331204,0.02423476591972107,-0.07403587830420283],[0.04527373853134705,0.021571604829641832,-0.0681769239060285],[0.044741106313331204,0.017044230976507126,-0.05645901510967986]]",776.562928626,776.5639960215001,21.875,60907,"[2097, 3524, -3342]","[[-97, 159, -276], [-91, 168, -278], [-81, 170, -256], [-64, 168, -212]]"
2.120075,2.389336,body,0.000000,0.000000,0.000000,0.000000,0.000000,0.000000,0.000000,0.000000,0.000000,0.000000,0.000000,0.000000,6.369175,-3.752911,-6.078279,0.037551,0.003129,-0.013116,bmi088,0.01007252099998368,"[[0.04234426133225989,0.010652644360316953,-0.04101268078722027],[0.03994741635118858,0.004527373853134706,-0.022370553156665602],[0.03595267471606972,0.0,-0.00346210941710301],[0.03195793308095086,-0.002663161090079238,0.014381069886427887]]",776.573001147,776.5740640145,21.875,61167,"[2090, 3547, -3385]","[[-40, 159, -154], [-17, 150, -84], [0, 135, -13], [10, 120, 54]]"
2.130079,2.399688,body,0.000000,0.000000,0.000000,0.000000,0.000000,0.000000,0.000000,0.000000,0.000000,0.000000,0.000000,0.000000,6.415862,-3.783437,-6.092645,0.022371,-0.004328,0.040480,bmi088,0.01014081049993365,"[[0.027430559227816155,-0.003994741635118857,0.02929477199087162],[0.0234358175926973,-0.005060006071150553,0.0402137324601965],[0.02077265650261806,-0.004527373853134706,0.04607268685837083],[0.017843179303530896,-0.003728425526110934,0.04633900296737875]]",776.5831419575,776.584253322,21.875,61432,"[2107, 3573, -3393]","[[15, 103, 110], [19, 88, 151], [17, 78, 173], [14, 67, 174]]"
2.140068,2.409687,body,0.000000,0.000000,0.000000,0.000000,0.000000,0.000000,0.000000,0.000000,0.000000,0.000000,0.000000,0.000000,6.401497,-3.778050,-6.089053,0.010852,-0.001531,0.025700,bmi088,0.009928454500141015,"[[0.016777914867499202,-0.0023968449810713144,0.04181162911424404],[0.013582121559404116,-0.001864212763055467,0.03302319751698256],[0.008788431597261486,-0.001597896654047543,0.021038972611625982],[0.004261057744126781,-0.00026631610900792384,0.00692421883420602]]",776.5930704120001,776.594185313,21.875,61688,"[2104, 3565, -3391]","[[9, 63, 157], [7, 51, 124], [6, 33, 79], [1, 16, 26]]"
2.150070,2.419570,body,0.000000,0.000000,0.000000,0.000000,0.000000,0.000000,0.000000,0.000000,0.000000,0.000000,0.000000,0.000000,6.335058,-3.754707,-6.045958,0.003728,0.004328,-0.022637,bmi088,0.009725938999963546,"[[0.0023968449810713144,0.001597896654047543,-0.005858954398174325],[0.003728425526110934,0.003728425526110934,-0.01864212763055467],[0.004261057744126781,0.0055926382891664005,-0.02929477199087162],[0.004527373853134706,0.006391586616190172,-0.03675162304309349]]",776.602796351,776.603950212,21.875,61941,"[2091, 3528, -3367]","[[-6, 9, -22], [-14, 14, -70], [-21, 16, -110], [-24, 17, -138]]"
2.160074,2.429688,body,0.000000,0.000000,0.000000,0.000000,0.000000,0.000000,0.000000,0.000000,0.000000,0.000000,0.000000,0.000000,6.326079,-3.720589,-5.995680,0.001798,0.002064,-0.034088,bmi088,0.010119817999907355,"[[0.003728425526110934,0.006391586616190172,-0.039681100242180654],[0.002663161090079238,0.004261057744126781,-0.03834951969714103],[0.0010652644360316954,0.0010652644360316954,-0.033555829734998405],[-0.00026631610900792384,-0.00346210941710301,-0.02476739813773692]]",776.612916169,776.6139589720001,21.875,62200,"[2072, 3523, -3339]","[[-24, 14, -149], [-16, 10, -144], [-4, 4, -126], [13, -1, -93]]"
2.170069,2.439805,body,0.000000,0.000000,0.000000,0.000000,0.000000,0.000000,0.000000,0.000000,0.000000,0.000000,0.000000,0.000000,6.383540,-3.752911,-6.071097,-0.007523,-0.013382,0.005260,bmi088,0.009997880000014447,"[[-0.002663161090079238,-0.007989483270237714,-0.014381069886427887],[-0.005326322180158476,-0.012516857123372421,-0.001331580545039619],[-0.008788431597261486,-0.015180018213451659,0.01171790879634865],[-0.013315805450396193,-0.017843179303530896,0.025033714246744842]]",776.622914049,776.62395874,21.875,62459,"[2090, 3555, -3381]","[[30, -10, -54], [47, -20, -5], [57, -33, 44], [67, -50, 94]]"
2.180074,2.450234,body,0.000000,0.000000,0.000000,0.000000,0.000000,0.000000,0.000000,0.000000,0.000000,0.000000,0.000000,0.000000,6.442797,-3.797802,-6.099827,-0.024102,-0.020040,0.043876,bmi088,0.010175451000009161,"[[-0.018109495412538822,-0.01997370817559429,0.03568635860706179],[-0.022636869265673525,-0.021571604829641832,0.04367584187729951],[-0.026631610900792385,-0.020240024284602212,0.04846953183944214],[-0.0290284558818637,-0.018375811521546746,0.04767058351241837]]",776.6330895,776.6342577295,21.875,62726,"[2115, 3588, -3397]","[[75, -68, 134], [81, -85, 164], [76, -100, 182], [69, -109, 179]]"
2.190080,2.460234,body,0.000000,0.000000,0.000000,0.000000,0.000000,0.000000,0.000000,0.000000,0.000000,0.000000,0.000000,0.000000,6.417658,-3.803189,-6.051345,-0.035553,-0.013116,0.026898,bmi088,0.009996200000045974,"[[-0.030892668644919165,-0.01651159875849128,0.04287689355027574],[-0.033555829734998405,-0.014381069886427887,0.033555829734998405],[-0.037017939152101415,-0.012250541014364496,0.021837920938649755],[-0.04074636467821235,-0.009321063815277334,0.009321063815277334]]",776.6430857,776.644162648,21.875,62982,"[2118, 3574, -3370]","[[62, -116, 161], [54, -126, 126], [46, -139, 82], [35, -153, 35]]"
2.200071,2.470234,body,0.000000,0.000000,0.000000,0.000000,0.000000,0.000000,0.000000,0.000000,0.000000,0.000000,0.000000,0.000000,6.385336,-3.812168,-6.024410,-0.036152,-0.009654,-0.012850,bmi088,0.009889237999914258,"[[-0.0391484680241648,-0.008788431597261486,-0.0023968449810713144],[-0.03648530693408557,-0.009054747706269411,-0.011185276578332801],[-0.03408846195301425,-0.010120012142301106,-0.017044230976507126],[-0.03488741028003802,-0.010652644360316953,-0.02077265650261806]]",776.6529749379999,776.654059278,21.875,63238,"[2123, 3556, -3355]","[[33, -147, -9], [34, -137, -42], [38, -128, -64], [40, -131, -78]]"
2.210071,2.480234,body,0.000000,0.000000,0.000000,0.000000,0.000000,0.000000,0.000000,0.000000,0.000000,0.000000,0.000000,0.000000,6.410475,-3.828328,-6.010045,-0.038416,-0.017111,-0.009721,bmi088,0.009921430500071438,"[[-0.036218990825077645,-0.012516857123372421,-0.020240024284602212],[-0.03728425526110934,-0.015180018213451659,-0.015446334322459582],[-0.0391484680241648,-0.01944107595757844,-0.00692421883420602],[-0.04101268078722027,-0.021305288720633905,0.003728425526110934]]",776.6628963685,776.663938116,21.875,63494,"[2132, 3570, -3347]","[[47, -136, -76], [57, -140, -58], [73, -147, -26], [80, -154, 14]]"
2.220075,2.490508,body,0.000000,0.000000,0.000000,0.000000,0.000000,0.000000,0.000000,0.000000,0.000000,0.000000,0.000000,0.000000,6.430227,-3.830124,-6.067506,-0.047604,-0.025966,0.031891,bmi088,0.010132314499969652,"[[-0.043143209659283664,-0.023169501483689375,0.014913702104443736],[-0.0458063707493629,-0.02476739813773692,0.026631610900792385],[-0.04926848016646591,-0.027430559227816155,0.03834951969714103],[-0.05219795736555307,-0.02849582366384785,0.04767058351241837]]",776.673028683,776.6740923665,21.875,63757,"[2133, 3581, -3379]","[[87, -162, 56], [93, -172, 100], [103, -185, 144], [107, -196, 179]]"
2.230069,2.500703,body,0.000000,0.000000,0.000000,0.000000,0.000000,0.000000,0.000000,0.000000,0.000000,0.000000,0.000000,0.000000,6.473323,-3.875015,-6.060323,-0.051599,-0.025167,0.053796,bmi088,0.010030983999968157,"[[-0.05432848623761646,-0.02849582366384785,0.05432848623761646],[-0.053529537910592694,-0.02689792700980031,0.05672533121868778],[-0.051665325147537224,-0.02423476591972107,0.05512743456464023],[-0.0468716351853946,-0.021038972611625982,0.049002164057457984]]",776.683059667,776.6841548715,21.875,64018,"[2158, 3605, -3375]","[[107, -204, 204], [101, -201, 213], [91, -194, 207], [79, -176, 184]]"
2.240071,2.510820,body,0.000000,0.000000,0.000000,0.000000,0.000000,0.000000,0.000000,0.000000,0.000000,0.000000,0.000000,0.000000,6.446388,-3.878607,-6.011840,-0.039415,-0.013516,0.018509,bmi088,0.010031593000121575,"[[-0.043143209659283664,-0.018109495412538822,0.03834951969714103],[-0.039681100242180654,-0.014913702104443736,0.025832662573768612],[-0.037816887479125184,-0.01171790879634865,0.011451592687340724],[-0.037017939152101415,-0.009321063815277334,-0.001597896654047543]]",776.6930912600001,776.694188672,21.875,64277,"[2160, 3590, -3348]","[[68, -162, 144], [56, -149, 97], [44, -142, 43], [35, -139, -6]]"
2.250070,2.520977,body,0.000000,0.000000,0.000000,0.000000,0.000000,0.000000,0.000000,0.000000,0.000000,0.000000,0.000000,0.000000,6.401497,-3.876811,-5.984906,-0.030094,-0.006791,-0.021239,bmi088,0.009977687499940657,"[[-0.035153726389045944,-0.00692421883420602,-0.013049489341388268],[-0.03222424918995878,-0.006125270507182248,-0.021038972611625982],[-0.027963191445832,-0.005858954398174325,-0.02556634646476069],[-0.025033714246744842,-0.00825579937924564,-0.025300030355752765]]",776.7030689475,776.7042189365,21.875,64537,"[2159, 3565, -3333]","[[26, -132, -49], [23, -121, -79], [22, -105, -96], [31, -94, -95]]"
2.260072,2.530898,body,0.000000,0.000000,0.000000,0.000000,0.000000,0.000000,0.000000,0.000000,0.000000,0.000000,0.000000,0.000000,6.432023,-3.876811,-6.029797,-0.018376,-0.015912,-0.004461,bmi088,0.00986462950004352,"[[-0.02210423704765768,-0.01171790879634865,-0.01944107595757844],[-0.01864212763055467,-0.015446334322459582,-0.009853696033293183],[-0.01597896654047543,-0.017843179303530896,0.00026631610900792384],[-0.016777914867499202,-0.01864212763055467,0.011185276578332801]]",776.7129335770001,776.714038061,21.875,64791,"[2159, 3582, -3358]","[[44, -83, -73], [58, -70, -37], [67, -60, 1], [70, -63, 42]]"
2.270070,2.540977,body,0.000000,0.000000,0.000000,0.000000,0.000000,0.000000,0.000000,0.000000,0.000000,0.000000,0.000000,0.000000,6.478710,-3.873220,-6.065710,-0.019042,-0.014647,0.031425,bmi088,0.010038216499879127,"[[-0.018375811521546746,-0.017576863194522972,0.021571604829641832],[-0.01997370817559429,-0.015180018213451659,0.030093720317895395],[-0.019174759848570515,-0.01384843766841204,0.03542004249805387],[-0.01864212763055467,-0.011984224905356573,0.038615835806148954]]",776.7229717934999,776.724030741,21.875,65049,"[2157, 3608, -3378]","[[66, -69, 81], [57, -75, 113], [52, -72, 133], [45, -70, 145]]"
2.280074,2.551406,body,0.000000,0.000000,0.000000,0.000000,0.000000,0.000000,0.000000,0.000000,0.000000,0.000000,0.000000,0.000000,6.487688,-3.892972,-6.063914,-0.010253,-0.005326,0.031425,bmi088,0.010085417500022231,"[[-0.017843179303530896,-0.01038632825130903,0.03941478413317273],[-0.01384843766841204,-0.007456851052221868,0.037816887479125184],[-0.00825579937924564,-0.003728425526110934,0.029561088099879545],[-0.0010652644360316954,0.00026631610900792384,0.018908443739562592]]",776.733057211,776.734254705,21.875,65316,"[2168, 3613, -3377]","[[39, -67, 148], [28, -52, 142], [14, -31, 111], [-1, -4, 71]]"
2.290072,2.561328,body,0.000000,0.000000,0.000000,0.000000,0.000000,0.000000,0.000000,0.000000,0.000000,0.000000,0.000000,0.000000,6.439205,-3.871424,-6.004658,0.009388,0.008655,-0.015047,bmi088,0.010026504000052228,"[[0.003728425526110934,0.004793689962142629,0.005060006071150553],[0.007456851052221868,0.00825579937924564,-0.008788431597261486],[0.011451592687340724,0.010652644360316953,-0.02290318537468145],[0.014913702104443736,0.010918960469324878,-0.033555829734998405]]",776.743083715,776.744143687,21.875,65570,"[2156, 3586, -3344]","[[-18, 14, 19], [-31, 28, -33], [-40, 43, -86], [-41, 56, -126]]"
2.300069,2.571328,body,0.000000,0.000000,0.000000,0.000000,0.000000,0.000000,0.000000,0.000000,0.000000,0.000000,0.000000,0.000000,6.370971,-3.817555,-5.911284,0.021572,0.005526,-0.038749,bmi088,0.009870566000017789,"[[0.018375811521546746,0.009321063815277334,-0.0402137324601965],[0.021038972611625982,0.005858954398174325,-0.04154531300523612],[0.022636869265673525,0.003728425526110934,-0.0391484680241648],[0.02423476591972107,0.003195793308095086,-0.03408846195301425]]",776.752954281,776.754050557,21.875,65826,"[2126, 3548, -3292]","[[-35, 69, -151], [-22, 79, -156], [-14, 85, -147], [-12, 91, -128]]"
2.310070,2.581484,body,0.000000,0.000000,0.000000,0.000000,0.000000,0.000000,0.000000,0.000000,0.000000,0.000000,0.000000,0.000000,6.083666,-3.815759,-5.440823,0.027497,-0.013316,-0.022304,bmi088,0.010027719999925466,"[[0.02689792700980031,0.0029294771990871623,-0.027963191445832],[0.02982740420888747,-0.004527373853134706,-0.021038972611625982],[0.028762139772855775,-0.018375811521546746,-0.01731054708551505],[0.024501082028728992,-0.03328951362599048,-0.02290318537468145]]",776.762982001,776.7640718934999,21.875,66086,"[2125, 3388, -3030]","[[-11, 101, -105], [17, 112, -79], [69, 108, -65], [125, 92, -86]]"
2.320072,2.591797,body,0.000000,0.000000,0.000000,0.000000,0.000000,0.000000,0.000000,0.000000,0.000000,0.000000,0.000000,0.000000,5.683236,-3.607463,-5.510854,0.147592,0.009374,-0.079309,bmi088,0.01021246000004794,"[[0.02982740420888747,-0.04181162911424404,-0.04367584187729951],[0.0625842856168621,-0.0391484680241648,-0.07510114274023452],[0.13022857730487475,-0.003728425526110934,-0.10093380531400313],[0.2178465771684817,0.04926848016646591,-0.10226538585904275],[0.29747509376185094,0.08229167768344847,-0.07456851052221868]]",776.773194461,776.7742786890001,21.875,66350,"[2009, 3165, -3069]","[[157, 112, -164], [147, 235, -282], [14, 489, -379], [-185, 818, -384], [-309, 1117, -280]]"
2.330070,2.601875,body,0.000000,0.000000,0.000000,0.000000,0.000000,0.000000,0.000000,0.000000,0.000000,0.000000,0.000000,0.000000,6.171653,-3.066972,-6.527192,0.337334,-0.007723,0.009055,bmi088,0.009986071999946944,"[[0.3440804128382376,0.05725796343670363,-0.02929477199087162],[0.35047199945442775,-0.007456851052221868,0.01464738599543581],[0.31744880193744524,-0.07297061386817114,0.04181162911424404]]",776.783180533,776.7842512885,21.875,66608,"[1708, 3437, -3635]","[[-215, 1292, -110], [28, 1316, 55], [274, 1192, 157]]"
2.340071,2.611797,body,0.000000,0.000000,0.000000,0.000000,0.000000,0.000000,0.000000,0.000000,0.000000,0.000000,0.000000,0.000000,6.428431,-3.054403,-6.071097,0.143478,-0.092145,-0.060121,bmi088,0.009819268499995815,"[[0.25779399351967025,-0.12250541014364497,0.03888215191515688],[0.1864212763055467,-0.14247911831923926,-0.0021305288720633907],[0.108390656366225,-0.10785802414820915,-0.08442220655551186],[0.021305288720633905,0.004261057744126781,-0.19281286292173686]]",776.7929998015,776.794049373,21.875,66862,"[1701, 3580, -3381]","[[460, 968, 146], [535, 700, -8], [405, 407, -317], [-16, 80, -724]]"
2.350076,2.621836,body,0.000000,0.000000,0.000000,0.000000,0.000000,0.000000,0.000000,0.000000,0.000000,0.000000,0.000000,0.000000,5.776610,-3.445855,-5.336676,-0.111720,0.367250,-0.285890,bmi088,0.009956903500096814,"[[-0.07057376888709982,0.1773665285992773,-0.28762139772855777],[-0.132891738394954,0.35366779276252286,-0.3273024979707384],[-0.1384843766841204,0.46685213909089046,-0.2982740420888747],[-0.10492854694912199,0.4711131968350173,-0.23036343429185413]]",776.802956705,776.8039977799999,21.875,67119,"[1919, 3217, -2972]","[[-666, -265, -1080], [-1328, -499, -1229], [-1753, -520, -1120], [-1769, -394, -865]]"
2.360070,2.631914,body,0.000000,0.000000,0.000000,0.000000,0.000000,0.000000,0.000000,0.000000,0.000000,0.000000,0.000000,0.000000,6.033388,-3.338116,-5.616797,-0.122173,0.111786,-0.057058,bmi088,0.009949254999924051,"[[-0.07669903939428206,0.37017939152101415,-0.1565938720966592],[-0.08868326429963864,0.1989381334289191,-0.09321063815277335],[-0.1339570028309857,0.014913702104443736,-0.030093720317895395],[-0.18935075350463385,-0.13688648003007287,0.051665325147537224]]",776.81290596,776.813946587,21.875,67377,"[1859, 3360, -3128]","[[-1390, -288, -588], [-747, -333, -350], [-56, -503, -113], [514, -711, 194]]"
2.370069,2.642031,body,0.000000,0.000000,0.000000,0.000000,0.000000,0.000000,0.000000,0.000000,0.000000,0.000000,0.000000,0.000000,6.570288,-3.289633,-6.072893,-0.274971,-0.243080,0.396545,bmi088,0.01002376799999638,"[[-0.23622238869002846,-0.23062975040086203,0.16671388423896033],[-0.2695119023160189,-0.2639192640268525,0.3150519569563739],[-0.29001824270962906,-0.25433188410256724,0.4783037317782312],[-0.304132996487049,-0.2234392154576481,0.626109172277629]]",776.822929728,776.8239806910001,21.875,67636,"[1832, 3659, -3382]","[[866, -887, 626], [991, -1012, 1183], [955, -1089, 1796], [839, -1142, 2351]]"
2.380078,2.652539,body,0.000000,0.000000,0.000000,0.000000,0.000000,0.000000,0.000000,0.000000,0.000000,0.000000,0.000000,0.000000,6.839636,-3.273472,-6.625953,-0.404907,-0.154250,0.653913,bmi088,0.010282988999961162,"[[-0.3227751241176037,-0.19121496626768933,0.7246461326105608],[-0.353135160544507,-0.16724651645697616,0.7523430079473848],[-0.39601205409478274,-0.15153386602550867,0.7084008499610774],[-0.4471447470243041,-0.13821806057511246,0.6072007285380664],[-0.5054679748970394,-0.12303804236166081,0.4769721512331916]]",776.8332127169999,776.8343630745001,21.875,67905,"[1823, 3809, -3690]","[[718, -1212, 2721], [628, -1326, 2825], [569, -1487, 2660], [519, -1679, 2280], [462, -1898, 1791]]"
2.390073,2.662266,body,0.000000,0.000000,0.000000,0.000000,0.000000,0.000000,0.000000,0.000000,0.000000,0.000000,0.000000,0.000000,6.934805,-3.550003,-6.783970,-0.601342,-0.090192,0.250692,bmi088,0.00972469100008766,"[[-0.5643238349877906,-0.10785802414820915,0.34674357392831684],[-0.608265992974098,-0.0916127414987258,0.23941818199812354],[-0.6314354944577875,-0.07110640110511567,0.16591493591193654]]",776.842937408,776.843965875,21.875,68154,"[1977, 3862, -3778]","[[405, -2119, 1302], [344, -2284, 899], [267, -2371, 623]]"
2.400070,2.672344,body,0.000000,0.000000,0.000000,0.000000,0.000000,0.000000,0.000000,0.000000,0.000000,0.000000,0.000000,0.000000,6.730101,-3.645172,-6.665457,-0.619584,0.038882,0.120242,bmi088,0.009969815500085133,"[[-0.6354302360929063,-0.03834951969714103,0.1241033067976925],[-0.6282397011496923,0.013315805450396193,0.10972223691126462],[-0.6141249473722724,0.07030745277809189,0.1150485590914231],[-0.6005428258128682,0.11025486912928047,0.13209279006793023]]",776.8529072235001,776.853948747,21.875,68412,"[2030, 3748, -3712]","[[144, -2386, 466], [-50, -2359, 412], [-264, -2306, 432], [-414, -2255, 496]]"
2.410074,2.682500,body,0.000000,0.000000,0.000000,0.000000,0.000000,0.000000,0.000000,0.000000,0.000000,0.000000,0.000000,0.000000,6.805518,-3.801394,-6.658275,-0.598479,0.077099,0.190216,bmi088,0.010006567999880644,"[[-0.5941512391966781,0.11478224298241517,0.1531317626795562],[-0.597879664722789,0.0937432703707892,0.17496968361820597],[-0.6024070385759237,0.0636495500528938,0.20053603008296664],[-0.5994775613768366,0.036218990825077645,0.2322276470549096]]",776.8629137915,776.8639699390001,21.875,68672,"[2117, 3790, -3708]","[[-431, -2231, 575], [-352, -2245, 657], [-239, -2262, 753], [-136, -2251, 872]]"
2.420070,2.692656,body,0.000000,0.000000,0.000000,0.000000,0.000000,0.000000,0.000000,0.000000,0.000000,0.000000,0.000000,0.000000,6.764218,-3.702633,-6.268618,-0.551208,0.008589,0.293880,bmi088,0.010056168999994952,"[[-0.5829659626183453,0.01464738599543581,0.27004453453403476],[-0.5597964611346559,0.00346210941710301,0.3017361515059777],[-0.5392901207410458,0.003195793308095086,0.3129214280843105],[-0.5227785219825545,0.013049489341388268,0.2908171910366528]]",776.8729699605,776.874029756,21.875,68932,"[2062, 3767, -3491]","[[-55, -2189, 1014], [-13, -2102, 1133], [-12, -2025, 1175], [-49, -1963, 1092]]"
2.430072,2.702812,body,0.000000,0.000000,0.000000,0.000000,0.000000,0.000000,0.000000,0.000000,0.000000,0.000000,0.000000,0.000000,6.473323,-3.727772,-5.966949,-0.512326,0.062185,0.098936,bmi088,0.010047432500073228,"[[-0.5110606131862059,0.032756881407974635,0.23435817592697297],[-0.5065332393330712,0.05672533121868778,0.15020228548046904],[-0.5118595615132296,0.07616640717626622,0.05246427347456099],[-0.5198490447834674,0.08309062601047223,-0.041278996896228194]]",776.883017393,776.884079989,21.875,69192,"[2076, 3605, -3323]","[[-123, -1919, 880], [-213, -1902, 564], [-286, -1922, 197], [-312, -1952, -155]]"
2.440074,2.712930,body,0.000000,0.000000,0.000000,0.000000,0.000000,0.000000,0.000000,0.000000,0.000000,0.000000,0.000000,0.000000,6.523601,-3.822942,-6.045958,-0.500142,0.060254,-0.135755,bmi088,0.009999815999890416,"[[-0.5198490447834674,0.07723167161229791,-0.1139832946553914],[-0.5091964004231504,0.0636495500528938,-0.1531317626795562],[-0.4926848016646591,0.050866376820513454,-0.15419702711558791],[-0.47883636399624707,0.04926848016646591,-0.12170646181662119]]",776.8930172089999,776.894066845,21.875,69451,"[2129, 3633, -3367]","[[-290, -1952, -428], [-239, -1912, -575], [-191, -1850, -579], [-185, -1798, -457]]"
2.450080,2.723008,body,0.000000,0.000000,0.000000,0.000000,0.000000,0.000000,0.000000,0.000000,0.000000,0.000000,0.000000,0.000000,6.543353,-3.894768,-6.128558,-0.452538,0.103264,0.035353,bmi088,0.009936391000110234,"[[-0.4671184551998984,0.06498113059793342,-0.06444849837991756],[-0.45566686251255767,0.0916127414987258,0.0055926382891664005],[-0.4458131664792645,0.11824435239951818,0.07403587830420283],[-0.4415521087351377,0.13821806057511246,0.1262338356697559]]",776.9029536,776.9040188675,21.875,69709,"[2169, 3644, -3413]","[[-244, -1754, -242], [-344, -1711, 21], [-444, -1674, 278], [-519, -1658, 474]]"
2.460068,2.733008,body,0.000000,0.000000,0.000000,0.000000,0.000000,0.000000,0.000000,0.000000,0.000000,0.000000,0.000000,0.000000,6.448184,-3.979163,-6.047753,-0.426172,0.166048,0.181361,bmi088,0.009941958999888811,"[[-0.44288368928017735,0.1510012338074928,0.1565938720966592],[-0.44101947651712187,0.16165387816780977,0.1720402064191188],[-0.4258394583036702,0.17124125809209503,0.18588864408753084],[-0.3949467896587511,0.18029600579836444,0.21092235833427567]]",776.9128955589999,776.913946202,21.875,69965,"[2216, 3591, -3368]","[[-567, -1663, 588], [-607, -1656, 646], [-643, -1599, 698], [-677, -1483, 792]]"
2.470070,2.743281,body,0.000000,0.000000,0.000000,0.000000,0.000000,0.000000,0.000000,0.000000,0.000000,0.000000,0.000000,0.000000,6.363788,-3.943250,-5.992088,-0.309859,0.191681,0.262521,bmi088,0.010150458500106652,"[[-0.35340147665351496,0.19148128237669723,0.244744504178282],[-0.3126551119753026,0.19920444953792704,0.2764361211502249],[-0.28762139772855777,0.19734023677487156,0.2814961272213755],[-0.2857571849655023,0.17869810914431689,0.24740766526836125]]",776.9230460175,776.924101909,21.875,70228,"[2196, 3544, -3337]","[[-719, -1327, 919], [-748, -1174, 1038], [-741, -1080, 1057], [-671, -1073, 929]]"
2.480078,2.753555,body,0.000000,0.000000,0.000000,0.000000,0.000000,0.000000,0.000000,0.000000,0.000000,0.000000,0.000000,0.000000,6.451775,-4.061763,-6.060323,-0.288420,0.097538,0.050067,bmi088,0.010105161499950555,"[[-0.2982740420888747,0.1475391243903898,0.17257283863713466],[-0.3062635253591124,0.11078750134729631,0.08069378102940092],[-0.29188245547268454,0.07749798772130584,-0.00026631610900792384],[-0.25726136130165445,0.05432848623761646,-0.05273058958356892]]",776.933151179,776.9342401115,21.875,70491,"[2262, 3593, -3375]","[[-554, -1120, 648], [-416, -1150, 303], [-291, -1096, -1], [-204, -966, -198]]"
2.490068,2.763555,body,0.000000,0.000000,0.000000,0.000000,0.000000,0.000000,0.000000,0.000000,0.000000,0.000000,0.000000,0.000000,6.577471,-4.043807,-6.270414,-0.171508,0.056392,-0.084289,bmi088,0.009941031000039402,"[[-0.2135855194243549,0.043942157986307434,-0.07723167161229791],[-0.17843179303530898,0.04633900296737875,-0.08735168375459902],[-0.1552622915516196,0.05858954398174324,-0.08948221262666241],[-0.13875069279312832,0.07669903939428206,-0.08309062601047223]]",776.94309221,776.944143062,21.875,70747,"[2252, 3663, -3492]","[[-165, -802, -290], [-174, -670, -328], [-220, -583, -336], [-288, -521, -312]]"
2.500072,2.773594,body,0.000000,0.000000,0.000000,0.000000,0.000000,0.000000,0.000000,0.000000,0.000000,0.000000,0.000000,0.000000,6.577471,-4.045602,-6.313510,-0.098470,0.111720,-0.053130,bmi088,0.009904550499982179,"[[-0.12250541014364497,0.0950748509158288,-0.06897587223305228],[-0.10546117916713783,0.10972223691126462,-0.05379585401960062],[-0.08948221262666241,0.11904330072654196,-0.04527373853134705],[-0.07643272328527415,0.12303804236166081,-0.04447479020432328]]",776.9529967605,776.9540869570001,21.875,71004,"[2253, 3663, -3516]","[[-357, -460, -259], [-412, -396, -202], [-447, -336, -170], [-462, -287, -167]]"
2.510067,2.783555,body,0.000000,0.000000,0.000000,0.000000,0.000000,0.000000,0.000000,0.000000,0.000000,0.000000,0.000000,0.000000,6.475118,-4.086902,-6.160879,-0.055660,0.130162,-0.078497,bmi088,0.009744947500053058,"[[-0.06684534336098888,0.1241033067976925,-0.05246427347456099],[-0.05965480841777494,0.1262338356697559,-0.06657902725198096],[-0.05193164125654515,0.13156015784991437,-0.08655273542757524],[-0.04420847409531536,0.13875069279312832,-0.108390656366225]]",776.9627417080001,776.963926658,21.875,71259,"[2276, 3606, -3431]","[[-466, -251, -197], [-474, -224, -250], [-494, -195, -325], [-521, -166, -407]]"
2.520073,2.793789,body,0.000000,0.000000,0.000000,0.000000,0.000000,0.000000,0.000000,0.000000,0.000000,0.000000,0.000000,0.000000,6.361992,-4.072537,-6.015432,-0.018842,0.143744,-0.157260,bmi088,0.010197402999892802,"[[-0.03595267471606972,0.14514227940931848,-0.13102752563189854],[-0.025832662573768612,0.14700649217237396,-0.15233281435253243],[-0.013582121559404116,0.14434333108229472,-0.16911072922003165],[0.0,0.1384843766841204,-0.1765675802722535]]",776.972939111,776.974038956,21.875,71521,"[2268, 3543, -3350]","[[-545, -135, -492], [-552, -97, -572], [-542, -51, -635], [-520, 0, -663]]"
2.530067,2.803477,body,0.000000,0.000000,0.000000,0.000000,0.000000,0.000000,0.000000,0.000000,0.000000,0.000000,0.000000,0.000000,6.360197,-4.024054,-6.083666,0.025300,0.119176,-0.137885,bmi088,0.009579936500131225,"[[0.010918960469324878,0.1307612095228906,-0.17230652252812673],[0.021571604829641832,0.1227717262526529,-0.15579492376963544],[0.030892668644919165,0.11478224298241517,-0.12863068065082722],[0.037816887479125184,0.108390656366225,-0.09480853480682089]]",776.9825190475001,776.9836143160001,21.875,71769,"[2241, 3542, -3388]","[[-491, 41, -647], [-461, 81, -585], [-431, 116, -483], [-407, 142, -356]]"
2.540073,2.814023,body,0.000000,0.000000,0.000000,0.000000,0.000000,0.000000,0.000000,0.000000,0.000000,0.000000,0.000000,0.000000,6.449979,-3.961207,-6.295553,0.033223,0.089216,-0.010719,bmi088,0.010466112499898372,"[[0.03888215191515688,0.10120012142301106,-0.0580569117637274],[0.03542004249805387,0.09321063815277335,-0.024501082028728992],[0.030892668644919165,0.08468852266451977,0.006391586616190172],[0.02769687533682408,0.07776430383031376,0.03328951362599048]]",776.99298516,776.994037691,21.875,72039,"[2206, 3592, -3506]","[[-380, 146, -218], [-350, 133, -92], [-318, 116, 24], [-292, 104, 125]]"
2.550080,2.824219,body,0.000000,0.000000,0.000000,0.000000,0.000000,0.000000,0.000000,0.000000,0.000000,0.000000,0.000000,0.000000,6.439205,-3.989937,-6.256049,0.016179,0.066379,0.065048,bmi088,0.010031912499925966,"[[0.023968449810713145,0.07243798165015529,0.05512743456464023],[0.018375811521546746,0.0681769239060285,0.06737797557900473],[0.012516857123372421,0.06418218227090965,0.07030745277809189],[0.009853696033293183,0.060720072853806636,0.06737797557900473]]",777.0030170724999,777.0041389175001,21.875,72300,"[2222, 3586, -3484]","[[-272, 90, 207], [-256, 69, 253], [-241, 47, 264], [-228, 37, 253]]"
2.560069,2.834141,body,0.000000,0.000000,0.000000,0.000000,0.000000,0.000000,0.000000,0.000000,0.000000,0.000000,0.000000,0.000000,6.333262,-3.997120,-6.200384,0.022570,0.056592,0.045873,bmi088,0.009862261500074965,"[[0.011451592687340724,0.05779059565471947,0.06045375674479871],[0.01651159875849128,0.05645901510967986,0.05219795736555307],[0.025033714246744842,0.055926382891664,0.04181162911424404],[0.03728425526110934,0.056192699000671927,0.0290284558818637]]",777.012879334,777.013945194,21.875,72554,"[2226, 3527, -3453]","[[-217, 43, 227], [-212, 62, 196], [-210, 94, 157], [-211, 140, 109]]"
2.570073,2.844297,body,0.000000,0.000000,0.000000,0.000000,0.000000,0.000000,0.000000,0.000000,0.000000,0.000000,0.000000,0.000000,6.326079,-3.905541,-6.178836,0.076766,0.056858,-0.014980,bmi088,0.01004400900001201,"[[0.05273058958356892,0.05645901510967986,0.01171790879634865],[0.07004113666908397,0.056192699000671927,-0.006125270507182248],[0.08522115488253562,0.05672533121868778,-0.02423476591972107],[0.09906959255094767,0.0580569117637274,-0.041278996896228194]]",777.022923343,777.0239927385,21.875,72814,"[2175, 3523, -3441]","[[-212, 198, 44], [-211, 263, -23], [-213, 320, -91], [-218, 372, -155]]"
2.580082,2.854844,body,0.000000,0.000000,0.000000,0.000000,0.000000,0.000000,0.000000,0.000000,0.000000,0.000000,0.000000,0.000000,6.232705,-3.839102,-6.168062,0.111746,0.061785,-0.059921,bmi088,0.01035771049998857,"[[0.10918960469324877,0.06311691783487795,-0.05566006678265608],[0.1150485590914231,0.06684534336098888,-0.06711165946999681],[0.11451592687340725,0.06684534336098888,-0.07084008499610774],[0.11105381745630424,0.06125270507182248,-0.06471481448892549],[0.10892328858424084,0.050866376820513454,-0.041278996896228194]]",777.0332810535,777.0344305465001,21.875,73084,"[2138, 3471, -3435]","[[-237, 410, -209], [-251, 432, -252], [-251, 430, -266], [-230, 417, -243], [-191, 409, -155]]"
2.590070,2.864609,body,0.000000,0.000000,0.000000,0.000000,0.000000,0.000000,0.000000,0.000000,0.000000,0.000000,0.000000,0.000000,6.212953,-3.815759,-6.142923,0.118244,0.024324,0.039415,bmi088,0.009775907500056746,"[[0.1105211852382884,0.03808320358813311,-0.004527373853134706],[0.11717908796348649,0.023968449810713145,0.0402137324601965],[0.12703278399677967,0.010918960469324878,0.08255799379245639]]",777.043056961,777.04408506,21.875,73334,"[2125, 3460, -3421]","[[-143, 415, -17], [-90, 440, 151], [-41, 477, 310]]"
2.600071,2.874687,body,0.000000,0.000000,0.000000,0.000000,0.000000,0.000000,0.000000,0.000000,0.000000,0.000000,0.000000,0.000000,6.245275,-3.770868,-6.151901,0.147672,-0.008788,0.131360,bmi088,0.009896981999986565,"[[0.13768542835709663,0.0,0.11771172018150233],[0.1464738599543581,-0.00692421883420602,0.1374191122480887],[0.1520664982435245,-0.01171790879634865,0.14168016999221547],[0.15446334322459582,-0.01651159875849128,0.12863068065082722]]",777.052953943,777.054041275,21.875,73592,"[2100, 3478, -3426]","[[0, 517, 442], [26, 550, 516], [44, 571, 532], [62, 580, 483]]"
2.610069,2.884844,body,0.000000,0.000000,0.000000,0.000000,0.000000,0.000000,0.000000,0.000000,0.000000,0.000000,0.000000,0.000000,6.302736,-3.772663,-6.212953,0.155129,-0.037617,0.089948,bmi088,0.009827620999999453,"[[0.1531317626795562,-0.02423476591972107,0.10865697247523293],[0.15153386602550867,-0.032756881407974635,0.08894958040864656],[0.1531317626795562,-0.04261057744126781,0.08016114881138507],[0.16271914260384146,-0.050866376820513454,0.08202536157444054]]",777.062781564,777.064095908,21.875,73852,"[2101, 3510, -3460]","[[91, 575, 408], [123, 569, 334], [160, 575, 301], [191, 611, 308]]"
2.620095,2.894844,body,0.000000,0.000000,0.000000,0.000000,0.000000,0.000000,0.000000,0.000000,0.000000,0.000000,0.000000,0.000000,6.327875,-3.708020,-6.259640,0.201601,-0.059921,0.107725,bmi088,0.010165626999992128,"[[0.17896442525332482,-0.05645901510967986,0.0937432703707892],[0.1976065528838795,-0.05912217619975909,0.10759170803920123],[0.21145499055229153,-0.06125270507182248,0.11638013963646272],[0.21837920938649755,-0.06285060172587002,0.11318434632836763]]",777.072947191,777.073988954,21.875,74108,"[2065, 3524, -3486]","[[212, 672, 352], [222, 742, 404], [230, 794, 437], [236, 820, 425]]"
2.630073,2.905234,body,0.000000,0.000000,0.000000,0.000000,0.000000,0.000000,0.000000,0.000000,0.000000,0.000000,0.000000,0.000000,6.290166,-3.648763,-6.212953,0.216049,-0.056392,0.061120,bmi088,0.010119193999912568,"[[0.21944447382252924,-0.06285060172587002,0.09747169589690012],[0.2178465771684817,-0.06045375674479871,0.07430219441321075],[0.21491709996939454,-0.05459480234662439,0.04793689962142629],[0.2119876227703074,-0.04767058351241837,0.02476739813773692]]",777.0830663849999,777.0842351105,21.875,74374,"[2032, 3503, -3460]","[[236, 824, 366], [227, 818, 279], [205, 807, 180], [179, 796, 93]]"
2.640071,2.915195,body,0.000000,0.000000,0.000000,0.000000,0.000000,0.000000,0.000000,0.000000,0.000000,0.000000,0.000000,0.000000,6.239888,-3.652355,-6.107010,0.211788,-0.049002,0.016578,bmi088,0.00995149500010939,"[[0.20799288113518852,-0.04287689355027574,0.00825579937924564],[0.20692761669915682,-0.044741106313331204,0.0055926382891664005],[0.21092235833427567,-0.050866376820513454,0.015712650431467506],[0.2213086865855847,-0.05752427954571155,0.03675162304309349]]",777.09301788,777.094108348,21.875,74629,"[2034, 3475, -3401]","[[161, 781, 31], [168, 777, 21], [191, 792, 59], [216, 831, 138]]"
2.650071,2.925234,body,0.000000,0.000000,0.000000,0.000000,0.000000,0.000000,0.000000,0.000000,0.000000,0.000000,0.000000,0.000000,6.243479,-3.576937,-6.092645,0.247474,-0.076033,0.055660,bmi088,0.009946454999976595,"[[0.23435817592697297,-0.06285060172587002,0.0569916473276957],[0.2458097686143137,-0.07057376888709982,0.06737797557900473],[0.2532666196665356,-0.07989483270237716,0.05965480841777494],[0.2564624129746307,-0.09081379317170203,0.038615835806148954]]",777.102964335,777.1040261789999,21.875,74886,"[1992, 3477, -3393]","[[236, 880, 214], [265, 923, 253], [300, 951, 224], [341, 963, 145]]"
2.660067,2.935352,body,0.000000,0.000000,0.000000,0.000000,0.000000,0.000000,0.000000,0.000000,0.000000,0.000000,0.000000,0.000000,6.309918,-3.571550,-6.182427,0.251802,-0.109256,-0.019508,bmi088,0.009999639999932697,"[[0.25513083242959106,-0.10066748920499521,0.010652644360316953],[0.25166872301248805,-0.10918960469324877,-0.013315805450396193],[0.24980451024943257,-0.11371697854638348,-0.03222424918995878],[0.25060345857645633,-0.11345066243737556,-0.043143209659283664]]",777.112963975,777.1140385230001,21.875,75145,"[1989, 3514, -3443]","[[378, 958, 40], [410, 945, -50], [427, 938, -121], [426, 941, -162]]"
2.670072,2.945469,body,0.000000,0.000000,0.000000,0.000000,0.000000,0.000000,0.000000,0.000000,0.000000,0.000000,0.000000,0.000000,6.378153,-3.483563,-6.196792,0.257328,-0.108657,-0.042411,bmi088,0.010004040000012537,"[[0.2545982002115752,-0.11105381745630424,-0.04767058351241837],[0.2580603096286782,-0.10892328858424084,-0.04527373853134705],[0.25939189017371783,-0.1073253919301933,-0.040480048569204424],[0.25726136130165445,-0.1073253919301933,-0.036218990825077645]]",777.122968015,777.1240356025,21.875,75404,"[1940, 3552, -3451]","[[417, 956, -179], [409, 969, -170], [403, 974, -152], [403, 966, -136]]"
2.680069,2.955781,body,0.000000,0.000000,0.000000,0.000000,0.000000,0.000000,0.000000,0.000000,0.000000,0.000000,0.000000,0.000000,6.374562,-3.444059,-6.142923,0.227833,-0.108657,-0.045607,bmi088,0.01016599500007942,"[[0.24953819414042464,-0.10812434025721708,-0.037017939152101415],[0.23702133701705222,-0.10972223691126462,-0.042077945223251964],[0.220243422149553,-0.10918960469324877,-0.04873584794845006],[0.2045307717180855,-0.10759170803920123,-0.05459480234662439]]",777.13313401,777.134229022,21.875,75668,"[1918, 3550, -3421]","[[406, 937, -139], [412, 890, -158], [410, 827, -183], [404, 768, -205]]"
2.690070,2.965742,body,0.000000,0.000000,0.000000,0.000000,0.000000,0.000000,0.000000,0.000000,0.000000,0.000000,0.000000,0.000000,6.363788,-3.426103,-6.115988,0.181295,-0.107525,-0.044808,bmi088,0.009908789999940382,"[[0.19254654681272892,-0.10626012749416161,-0.056192699000671927],[0.1845570635424912,-0.10679275971217746,-0.05219795736555307],[0.17789916081729312,-0.10785802414820915,-0.042077945223251964],[0.17017599365606334,-0.10918960469324877,-0.028762139772855775]]",777.1430428,777.144096996,21.875,75923,"[1908, 3544, -3406]","[[399, 723, -211], [401, 693, -196], [405, 668, -158], [410, 639, -108]]"
2.700071,2.975781,body,0.000000,0.000000,0.000000,0.000000,0.000000,0.000000,0.000000,0.000000,0.000000,0.000000,0.000000,0.000000,6.388927,-3.417124,-6.130353,0.140016,-0.111453,-0.004194,bmi088,0.009928231000003507,"[[0.16032229762277014,-0.10918960469324877,-0.014913702104443736],[0.1472728082813819,-0.11025486912928047,-0.003994741635118857],[0.13315805450396193,-0.11105381745630424,0.0007989483270237715],[0.11930961683554989,-0.11531487520043102,0.001331580545039619]]",777.152971031,777.154049483,21.875,76180,"[1903, 3558, -3414]","[[410, 602, -56], [414, 553, -15], [417, 500, 3], [433, 448, 5]]"
2.710067,2.986523,body,0.000000,0.000000,0.000000,0.000000,0.000000,0.000000,0.000000,0.000000,0.000000,0.000000,0.000000,0.000000,6.403292,-3.429694,-6.128558,0.083677,-0.117818,0.001385,bmi088,0.010178971500067746,"[[0.10705907582118539,-0.11877698461753403,-0.001331580545039619],[0.09454221869781296,-0.12090751348959743,-0.0007989483270237715],[0.08255799379245639,-0.12010856516257365,-0.0010652644360316954],[0.07163903332313151,-0.11691277185447857,0.002663161090079238],[0.0625842856168621,-0.11238539800134385,0.007456851052221868]]",777.1631500025001,777.164543116,21.875,76455,"[1910, 3566, -3413]","[[446, 402, -5], [454, 355, -3], [451, 310, -4], [439, 269, 10], [422, 235, 28]]"
2.720071,2.996016,body,0.000000,0.000000,0.000000,0.000000,0.000000,0.000000,0.000000,0.000000,0.000000,0.000000,0.000000,0.000000,6.421249,-3.433285,-6.108806,0.044475,-0.105550,0.019086,bmi088,0.00978574750001826,"[[0.05432848623761646,-0.10785802414820915,0.014913702104443736],[0.044741106313331204,-0.10466223084011407,0.01997370817559429],[0.034354778062022175,-0.10412959862209822,0.022370553156665602]]",777.1729357500001,777.1740474984999,21.875,76698,"[1912, 3576, -3402]","[[405, 204, 56], [393, 168, 75], [391, 129, 84]]"
2.730071,3.006172,body,0.000000,0.000000,0.000000,0.000000,0.000000,0.000000,0.000000,0.000000,0.000000,0.000000,0.000000,0.000000,6.437410,-3.438672,-6.044162,0.004927,-0.105994,0.024767,bmi088,0.010061480999866035,"[[0.02210423704765768,-0.10466223084011407,0.02210423704765768],[0.01038632825130903,-0.10572749527614576,0.02210423704765768],[-0.0010652644360316954,-0.10626012749416161,0.02423476591972107],[-0.01171790879634865,-0.1073253919301933,0.03062635253591124]]",777.182997231,777.1840714909999,21.875,76958,"[1915, 3585, -3366]","[[393, 83, 83], [397, 39, 83], [399, -4, 91], [403, -44, 115]]"
2.740072,3.016289,body,0.000000,0.000000,0.000000,0.000000,0.000000,0.000000,0.000000,0.000000,0.000000,0.000000,0.000000,0.000000,6.466140,-3.462016,-6.051345,-0.034754,-0.105128,0.050600,bmi088,0.010023272500120584,"[[-0.02210423704765768,-0.1073253919301933,0.037816887479125184],[-0.031158984753927088,-0.10626012749416161,0.0468716351853946],[-0.038615835806148954,-0.10439591473110614,0.05459480234662439],[-0.04713795129440252,-0.10253170196805068,0.06311691783487795]]",777.1930205035001,777.194100619,21.875,77217,"[1928, 3601, -3370]","[[403, -83, 142], [399, -117, 176], [392, -145, 205], [385, -177, 237]]"
2.750072,3.026367,body,0.000000,0.000000,0.000000,0.000000,0.000000,0.000000,0.000000,0.000000,0.000000,0.000000,0.000000,0.000000,6.505644,-3.494337,-6.101623,-0.072371,-0.094209,0.075301,bmi088,0.009956823499919665,"[[-0.056192699000671927,-0.10013485698697937,0.06870955612404435],[-0.06631271114297303,-0.09667274756987636,0.07323692997717905],[-0.07669903939428206,-0.09187905760773372,0.07803061993932169],[-0.09028116095368618,-0.08815063208162278,0.08122641324741676]]",777.202977327,777.2040609785,21.875,77475,"[1946, 3623, -3398]","[[376, -211, 258], [363, -249, 275], [345, -288, 293], [331, -339, 305]]"
2.760071,3.036406,body,0.000000,0.000000,0.000000,0.000000,0.000000,0.000000,0.000000,0.000000,0.000000,0.000000,0.000000,0.000000,6.546944,-3.533842,-6.101623,-0.113784,-0.077232,0.081626,bmi088,0.00995483899998817,"[[-0.10226538585904275,-0.08415589044650393,0.08229167768344847],[-0.11238539800134385,-0.08069378102940092,0.08096009713840885],[-0.11797803629051026,-0.07536745884924245,0.08175904546543261],[-0.12250541014364497,-0.06870955612404435,0.0814927293564247]]",777.212932166,777.213993113,21.875,77732,"[1968, 3646, -3398]","[[316, -384, 309], [303, -422, 304], [283, -443, 307], [258, -460, 306]]"
2.770070,3.046484,body,0.000000,0.000000,0.000000,0.000000,0.000000,0.000000,0.000000,0.000000,0.000000,0.000000,0.000000,0.000000,6.550536,-3.578733,-6.085462,-0.136420,-0.051332,0.069841,bmi088,0.009978566999961913,"[[-0.12809804843281136,-0.061519021180830406,0.07909588437535338],[-0.13369068672197776,-0.05459480234662439,0.07323692997717905],[-0.13981595722916002,-0.04793689962142629,0.06711165946999681],[-0.1440770149732868,-0.041278996896228194,0.05992112452678287]]",777.2229107329999,777.2239595205,21.875,77990,"[1993, 3648, -3389]","[[231, -481, 297], [205, -502, 275], [180, -525, 252], [155, -541, 225]]"
2.780071,3.056875,body,0.000000,0.000000,0.000000,0.000000,0.000000,0.000000,0.000000,0.000000,0.000000,0.000000,0.000000,0.000000,6.545149,-3.585916,-6.029797,-0.153931,-0.030293,0.047005,bmi088,0.010211772000047858,"[[-0.1483380727174136,-0.03595267471606972,0.05299690569257685],[-0.15153386602550867,-0.03195793308095086,0.046605319076386674],[-0.1555286076606275,-0.028762139772855775,0.043143209659283664],[-0.16032229762277014,-0.024501082028728992,0.04527373853134705]]",777.233122505,777.234216237,21.875,78256,"[1997, 3645, -3358]","[[135, -557, 199], [120, -569, 175], [108, -584, 162], [92, -602, 170]]"
2.790066,3.066797,body,0.000000,0.000000,0.000000,0.000000,0.000000,0.000000,0.000000,0.000000,0.000000,0.000000,0.000000,0.000000,6.548740,-3.614646,-6.054936,-0.166181,-0.010253,0.059322,bmi088,0.009863685500022257,"[[-0.16484967147590485,-0.018908443739562592,0.050866376820513454],[-0.1664475681299524,-0.012783173232380344,0.05832322787273532],[-0.16671388423896033,-0.007190534943213944,0.06311691783487795],[-0.16671388423896033,-0.0021305288720633907,0.06498113059793342]]",777.2429861905,777.244033778,21.875,78510,"[2013, 3647, -3372]","[[71, -619, 191], [48, -625, 219], [27, -626, 237], [8, -626, 244]]"
2.800073,3.077031,body,0.000000,0.000000,0.000000,0.000000,0.000000,0.000000,0.000000,0.000000,0.000000,0.000000,0.000000,0.000000,6.593631,-3.679289,-6.089053,-0.172040,0.012916,0.055860,bmi088,0.010112921999962055,"[[-0.1699096775470554,0.00346210941710301,0.0636495500528938],[-0.17283915474614256,0.009853696033293183,0.05965480841777494],[-0.17363810307316635,0.015712650431467506,0.05379585401960062],[-0.17177389031011087,0.022636869265673525,0.04633900296737875]]",777.2530991125,777.254163468,21.875,78772,"[2049, 3672, -3391]","[[-13, -638, 239], [-37, -649, 224], [-59, -652, 202], [-85, -645, 174]]"
2.810076,3.087031,body,0.000000,0.000000,0.000000,0.000000,0.000000,0.000000,0.000000,0.000000,0.000000,0.000000,0.000000,0.000000,6.584653,-3.700837,-6.121375,-0.169177,0.040280,0.022104,bmi088,0.009891222000078415,"[[-0.17017599365606334,0.029561088099879545,0.03675162304309349],[-0.16964336143804748,0.037017939152101415,0.025832662573768612],[-0.16911072922003165,0.04367584187729951,0.01651159875849128],[-0.16777914867499202,0.050866376820513454,0.009321063815277334]]",777.2629903345,777.264056738,21.875,79028,"[2061, 3667, -3409]","[[-111, -639, 138], [-139, -637, 97], [-164, -635, 62], [-191, -630, 35]]"
2.820073,3.097070,body,0.000000,0.000000,0.000000,0.000000,0.000000,0.000000,0.000000,0.000000,0.000000,0.000000,0.000000,0.000000,6.539762,-3.763685,-6.080075,-0.158458,0.065913,-0.002663,bmi088,0.00993277449993002,"[[-0.16484967147590485,0.0569916473276957,0.004527373853134706],[-0.16032229762277014,0.06285060172587002,-0.0010652644360316954],[-0.15579492376963544,0.06844324001503643,-0.005326322180158476],[-0.1528654465705483,0.07536745884924245,-0.008788431597261486]]",777.272923109,777.273966568,21.875,79285,"[2096, 3642, -3386]","[[-214, -619, 17], [-236, -602, -4], [-257, -585, -20], [-283, -574, -33]]"
2.830070,3.107305,body,0.000000,0.000000,0.000000,0.000000,0.000000,0.000000,0.000000,0.000000,0.000000,0.000000,0.000000,0.000000,6.523601,-3.765481,-6.081871,-0.149403,0.090814,-0.012783,bmi088,0.010097465999933775,"[[-0.15153386602550867,0.08229167768344847,-0.010120012142301106],[-0.15046860158947697,0.08815063208162278,-0.011984224905356573],[-0.14887070493542942,0.09400958647979711,-0.01384843766841204],[-0.14674017606336603,0.09880327644193974,-0.015180018213451659]]",777.2830205749999,777.2840965304999,21.875,79547,"[2097, 3633, -3387]","[[-309, -569, -38], [-331, -565, -45], [-353, -559, -52], [-371, -551, -57]]"
2.840072,3.117695,body,0.000000,0.000000,0.000000,0.000000,0.000000,0.000000,0.000000,0.000000,0.000000,0.000000,0.000000,0.000000,6.516418,-3.774459,-6.128558,-0.139709,0.107272,-0.014434,bmi088,0.010204346500131578,"[[-0.14487596330031058,0.10199906975003482,-0.014381069886427887],[-0.14221280221023133,0.10412959862209822,-0.01464738599543581],[-0.13954964112015208,0.1059938113851537,-0.014913702104443736],[-0.13715279613908077,0.1094559208022567,-0.015446334322459582],[-0.13475595115800945,0.11478224298241517,-0.012783173232380344]]",777.2932249215,777.2943803185001,21.875,79813,"[2102, 3629, -3413]","[[-383, -544, -54], [-391, -534, -55], [-398, -524, -56], [-411, -515, -58], [-431, -506, -48]]"
2.850069,3.127422,body,0.000000,0.000000,0.000000,0.000000,0.000000,0.000000,0.000000,0.000000,0.000000,0.000000,0.000000,0.000000,6.487688,-3.812168,-6.132149,-0.132892,0.124813,-0.006569,bmi088,0.009715761499933251,"[[-0.1339570028309857,0.12037488127158158,-0.009321063815277334],[-0.132891738394954,0.1251685712337242,-0.0055926382891664005],[-0.1318264739589223,0.12889699675983513,-0.004793689962142629]]",777.302940683,777.303984334,21.875,80062,"[2123, 3613, -3415]","[[-452, -503, -35], [-470, -499, -21], [-484, -495, -18]]"
2.860079,3.137656,body,0.000000,0.000000,0.000000,0.000000,0.000000,0.000000,0.000000,0.000000,0.000000,0.000000,0.000000,0.000000,6.437410,-3.822942,-6.114192,-0.123304,0.133824,-0.006924,bmi088,0.010095833000036691,"[[-0.13022857730487475,0.1307612095228906,-0.004261057744126781],[-0.12650015177876384,0.132891738394954,-0.006125270507182248],[-0.12144014570761327,0.13502226726701738,-0.007190534943213944],[-0.1150485590914231,0.13662016392106494,-0.010120012142301106]]",777.313036516,777.314091079,21.875,80324,"[2129, 3585, -3405]","[[-491, -489, -16], [-499, -475, -23], [-507, -456, -27], [-513, -432, -38]]"
2.870075,3.147852,body,0.000000,0.000000,0.000000,0.000000,0.000000,0.000000,0.000000,0.000000,0.000000,0.000000,0.000000,0.000000,6.421249,-3.855263,-6.123171,-0.104529,0.133358,-0.016378,bmi088,0.010074200499957442,"[[-0.11025486912928047,0.13608753170304907,-0.013049489341388268],[-0.10652644360316954,0.13369068672197776,-0.01597896654047543],[-0.1027980180770586,0.13209279006793023,-0.018109495412538822],[-0.09853696033293181,0.13156015784991437,-0.018375811521546746]]",777.3231107165,777.324192144,21.875,80585,"[2147, 3576, -3410]","[[-511, -414, -49], [-502, -400, -60], [-496, -386, -68], [-494, -370, -69]]"
2.880072,3.157891,body,0.000000,0.000000,0.000000,0.000000,0.000000,0.000000,0.000000,0.000000,0.000000,0.000000,0.000000,0.000000,6.414066,-3.857059,-6.184223,-0.083756,0.134689,-0.009521,bmi088,0.009883541000135665,"[[-0.09241168982574957,0.13262542228594607,-0.015712650431467506],[-0.08575378710055148,0.13369068672197776,-0.010918960469324878],[-0.08016114881138507,0.1352885833760253,-0.006657902725198096],[-0.07669903939428206,0.13715279613908077,-0.004793689962142629]]",777.3329942575001,777.33410743,21.875,80842,"[2148, 3572, -3444]","[[-498, -347, -59], [-502, -322, -41], [-508, -301, -25], [-515, -288, -18]]"
2.890068,3.168047,body,0.000000,0.000000,0.000000,0.000000,0.000000,0.000000,0.000000,0.000000,0.000000,0.000000,0.000000,0.000000,6.347627,-3.849876,-6.168062,-0.072039,0.137219,-0.011385,bmi088,0.01011277649990916,"[[-0.07403587830420283,0.13821806057511246,-0.0055926382891664005],[-0.0727042977591632,0.13875069279312832,-0.00825579937924564],[-0.07217166554114736,0.13715279613908077,-0.013049489341388268],[-0.0692421883420602,0.13475595115800945,-0.01864212763055467]]",777.343107034,777.3441834380001,21.875,81102,"[2144, 3535, -3435]","[[-519, -278, -21], [-521, -273, -31], [-515, -271, -49], [-506, -260, -70]]"
2.900067,3.177969,body,0.000000,0.000000,0.000000,0.000000,0.000000,0.000000,0.000000,0.000000,0.000000,0.000000,0.000000,0.000000,6.302736,-3.831920,-6.132149,-0.056526,0.126434,-0.021438,bmi088,0.009789971499913008,"[[-0.06524744670694134,0.13049489341388268,-0.02210423704765768],[-0.05992112452678287,0.12650015177876384,-0.0234358175926973],[-0.05406217012860854,0.12490225512471628,-0.021571604829641832],[-0.0468716351853946,0.12383699068868459,-0.01864212763055467]]",777.3528970054999,777.353971089,21.875,81356,"[2134, 3510, -3415]","[[-490, -245, -83], [-475, -225, -88], [-469, -203, -81], [-465, -176, -70]]"
2.910076,3.188633,body,0.000000,0.000000,0.000000,0.000000,0.000000,0.000000,0.000000,0.000000,0.000000,0.000000,0.000000,0.000000,6.288371,-3.819350,-6.141127,-0.023436,0.115528,-0.017097,bmi088,0.01056020950011316,"[[-0.038615835806148954,0.12303804236166081,-0.016245282649483356],[-0.03062635253591124,0.1195759329445578,-0.014114753777419964],[-0.022636869265673525,0.11558119130943895,-0.015446334322459582],[-0.015180018213451659,0.11158644967432009,-0.017044230976507126],[-0.010120012142301106,0.10785802414820915,-0.022636869265673525]]",777.363457215,777.364550755,21.875,81629,"[2127, 3502, -3420]","[[-462, -145, -61], [-449, -115, -53], [-434, -85, -58], [-419, -57, -64], [-405, -38, -85]]"
2.920070,3.198242,body,0.000000,0.000000,0.000000,0.000000,0.000000,0.000000,0.000000,0.000000,0.000000,0.000000,0.000000,0.000000,6.272210,-3.806781,-6.191405,-0.004882,0.096762,-0.026365,bmi088,0.009482860999924014,"[[-0.006657902725198096,0.10253170196805068,-0.02636529479178446],[-0.004527373853134706,0.09640643146086843,-0.027963191445832],[-0.00346210941710301,0.09134642538971788,-0.02476739813773692]]",777.372940076,777.3740258079999,21.875,81875,"[2120, 3493, -3448]","[[-385, -25, -99], [-362, -17, -105], [-343, -13, -93]]"
2.930069,3.208320,body,0.000000,0.000000,0.000000,0.000000,0.000000,0.000000,0.000000,0.000000,0.000000,0.000000,0.000000,0.000000,6.245275,-3.781642,-6.218340,0.002863,0.083623,-0.015113,bmi088,0.009915877500020542,"[[-0.0029294771990871623,0.08735168375459902,-0.021305288720633905],[-0.0005326322180158477,0.08468852266451977,-0.017044230976507126],[0.003728425526110934,0.08229167768344847,-0.013049489341388268],[0.011185276578332801,0.08016114881138507,-0.009054747706269411]]",777.3828559535,777.383975478,21.875,82133,"[2106, 3478, -3463]","[[-328, -11, -80], [-318, -2, -64], [-309, 14, -49], [-301, 42, -34]]"
2.940077,3.218555,body,0.000000,0.000000,0.000000,0.000000,0.000000,0.000000,0.000000,0.000000,0.000000,0.000000,0.000000,0.000000,6.236297,-3.779846,-6.177040,0.029162,0.071572,-0.014048,bmi088,0.010116025499996795,"[[0.01944107595757844,0.07803061993932169,-0.00825579937924564],[0.02822950755483993,0.07456851052221868,-0.009853696033293183],[0.03328951362599048,0.07030745277809189,-0.015712650431467506],[0.03568635860706179,0.06338323394388587,-0.022370553156665602]]",777.392971979,777.3941223520001,21.875,82395,"[2105, 3473, -3440]","[[-293, 73, -31], [-280, 106, -37], [-264, 125, -59], [-238, 134, -84]]"
2.950070,3.228555,body,0.000000,0.000000,0.000000,0.000000,0.000000,0.000000,0.000000,0.000000,0.000000,0.000000,0.000000,0.000000,6.247071,-3.774459,-6.193201,0.040480,0.048403,-0.033689,bmi088,0.009975126500080478,"[[0.037017939152101415,0.05725796343670363,-0.0290284558818637],[0.038615835806148954,0.0513990090385293,-0.03382214584400633],[0.04074636467821235,0.0458063707493629,-0.036218990825077645],[0.045540054640354974,0.0391484680241648,-0.03568635860706179]]",777.4029471055001,777.4040026130001,21.875,82651,"[2102, 3479, -3449]","[[-215, 139, -109], [-193, 145, -127], [-172, 153, -136], [-147, 171, -134]]"
2.960071,3.238633,body,0.000000,0.000000,0.000000,0.000000,0.000000,0.000000,0.000000,0.000000,0.000000,0.000000,0.000000,0.000000,6.225523,-3.758298,-6.212953,0.055593,0.023170,-0.023702,bmi088,0.009966102499902263,"[[0.051665325147537224,0.03195793308095086,-0.03302319751698256],[0.055926382891664,0.025300030355752765,-0.027430559227816155],[0.05725796343670363,0.019707392066586366,-0.021038972611625982],[0.05752427954571155,0.015712650431467506,-0.013315805450396193]]",777.412913208,777.413965531,21.875,82909,"[2093, 3467, -3460]","[[-120, 194, -124], [-95, 210, -103], [-74, 215, -79], [-59, 216, -50]]"
2.970077,3.248594,body,0.000000,0.000000,0.000000,0.000000,0.000000,0.000000,0.000000,0.000000,0.000000,0.000000,0.000000,0.000000,6.248866,-3.747524,-6.202179,0.061319,0.004860,-0.010187,bmi088,0.009813603500106183,"[[0.05938849230876701,0.012250541014364496,-0.01038632825130903],[0.06098638896281456,0.00825579937924564,-0.009853696033293183],[0.062317969507854176,0.0023968449810713144,-0.010918960469324878],[0.0625842856168621,-0.00346210941710301,-0.009587379924285258]]",777.4227268115001,777.423826608,21.875,83164,"[2087, 3480, -3454]","[[-46, 223, -39], [-31, 229, -37], [-9, 234, -41], [13, 235, -36]]"
2.980079,3.258789,body,0.000000,0.000000,0.000000,0.000000,0.000000,0.000000,0.000000,0.000000,0.000000,0.000000,0.000000,0.000000,6.236297,-3.724181,-6.178836,0.064715,-0.017910,-0.008123,bmi088,0.010002486999837856,"[[0.06285060172587002,-0.008788431597261486,-0.009054747706269411],[0.06338323394388587,-0.014913702104443736,-0.008788431597261486],[0.06471481448892549,-0.021038972611625982,-0.007989483270237714],[0.06791060779702057,-0.02689792700980031,-0.006657902725198096]]",777.4327292984999,777.433913576,21.875,83425,"[2074, 3473, -3441]","[[33, 236, -34], [56, 238, -33], [79, 243, -30], [101, 255, -25]]"
2.990072,3.268945,body,0.000000,0.000000,0.000000,0.000000,0.000000,0.000000,0.000000,0.000000,0.000000,0.000000,0.000000,0.000000,6.218340,-3.688268,-6.168062,0.073437,-0.041013,-0.004993,bmi088,0.01012423350005065,"[[0.07004113666908397,-0.03195793308095086,-0.0055926382891664005],[0.07297061386817114,-0.03755057137011726,-0.005326322180158476],[0.07456851052221868,-0.04420847409531536,-0.004793689962142629],[0.07616640717626622,-0.05033374460249761,-0.004261057744126781]]",777.442853532,777.44395936,21.875,83685,"[2054, 3463, -3435]","[[120, 263, -21], [141, 274, -20], [166, 280, -18], [189, 286, -16]]"
3.000068,3.278945,body,0.000000,0.000000,0.000000,0.000000,0.000000,0.000000,0.000000,0.000000,0.000000,0.000000,0.000000,0.000000,6.270414,-3.693655,-6.184223,0.076566,-0.066579,-0.003329,bmi088,0.009923093500106006,"[[0.07536745884924245,-0.05752427954571155,-0.004527373853134706],[0.07536745884924245,-0.06391586616190172,-0.004527373853134706],[0.07643272328527415,-0.06950850445106813,-0.004261057744126781],[0.07909588437535338,-0.07536745884924245,0.0]]",777.4527766255001,777.453843237,21.875,83941,"[2057, 3492, -3444]","[[216, 283, -17], [240, 283, -17], [261, 287, -16], [283, 297, 0]]"
3.010072,3.289297,body,0.000000,0.000000,0.000000,0.000000,0.000000,0.000000,0.000000,0.000000,0.000000,0.000000,0.000000,0.000000,6.304532,-3.681085,-6.182427,0.074036,-0.089216,0.015846,bmi088,0.010239819499929581,"[[0.08016114881138507,-0.08069378102940092,0.0055926382891664005],[0.07696535550328999,-0.08681905153658317,0.012250541014364496],[0.07217166554114736,-0.09187905760773372,0.019174759848570515],[0.06684534336098888,-0.09747169589690012,0.02636529479178446]]",777.463016445,777.4640917925001,21.875,84206,"[2050, 3511, -3443]","[[303, 301, 21], [326, 289, 46], [345, 271, 72], [366, 251, 99]]"
3.020080,3.299336,body,0.000000,0.000000,0.000000,0.000000,0.000000,0.000000,0.000000,0.000000,0.000000,0.000000,0.000000,0.000000,6.306327,-3.684676,-6.177040,0.065647,-0.106992,0.038350,bmi088,0.009955397999988236,"[[0.06471481448892549,-0.10253170196805068,0.03302319751698256],[0.06444849837991756,-0.1059938113851537,0.03808320358813311],[0.06657902725198096,-0.10918960469324877,0.04101268078722027],[0.06684534336098888,-0.11025486912928047,0.041278996896228194]]",777.472971843,777.474023366,21.875,84463,"[2052, 3512, -3440]","[[385, 243, 124], [398, 242, 143], [410, 250, 154], [414, 251, 155]]"
3.030077,3.309609,body,0.000000,0.000000,0.000000,0.000000,0.000000,0.000000,0.000000,0.000000,0.000000,0.000000,0.000000,0.000000,6.322488,-3.668515,-6.148310,0.065181,-0.116580,0.032091,bmi088,0.010041895499966813,"[[0.06657902725198096,-0.11211908189233594,0.0391484680241648],[0.06551376281594927,-0.11478224298241517,0.03488741028003802],[0.06498113059793342,-0.11797803629051026,0.029561088099879545],[0.0636495500528938,-0.12144014570761327,0.02476739813773692]]",777.4830137385,777.4841295675001,21.875,84726,"[2043, 3521, -3424]","[[421, 250, 147], [431, 246, 131], [443, 244, 111], [456, 239, 93]]"
3.040070,3.319648,body,0.000000,0.000000,0.000000,0.000000,0.000000,0.000000,0.000000,0.000000,0.000000,0.000000,0.000000,0.000000,6.335058,-3.659537,-6.128558,0.061785,-0.125968,0.021239,bmi088,0.010024455500115437,"[[0.06178533728983833,-0.12303804236166081,0.021305288720633905],[0.06018744063579079,-0.12490225512471628,0.01944107595757844],[0.061519021180830406,-0.12676646788777174,0.020240024284602212],[0.0636495500528938,-0.12916331286884306,0.023968449810713145]]",777.4930381940001,777.4940958459999,21.875,84983,"[2038, 3528, -3413]","[[462, 232, 80], [469, 226, 73], [476, 231, 76], [485, 239, 90]]"
3.050072,3.329687,body,0.000000,0.000000,0.000000,0.000000,0.000000,0.000000,0.000000,0.000000,0.000000,0.000000,0.000000,0.000000,6.394314,-3.659537,-6.155492,0.062984,-0.134823,0.035487,bmi088,0.009915605999935906,"[[0.06471481448892549,-0.13209279006793023,0.0290284558818637],[0.06391586616190172,-0.13448963504900155,0.03328951362599048],[0.06205165339884625,-0.13662016392106494,0.03834951969714103],[0.06125270507182248,-0.13608753170304907,0.041278996896228194]]",777.5029538,777.504012251,21.875,85240,"[2038, 3561, -3428]","[[496, 243, 109], [505, 240, 125], [513, 233, 144], [511, 230, 155]]"
3.060070,3.339844,body,0.000000,0.000000,0.000000,0.000000,0.000000,0.000000,0.000000,0.000000,0.000000,0.000000,0.000000,0.000000,6.415862,-3.643376,-6.146514,0.054728,-0.133424,0.044142,bmi088,0.00999967099994592,"[[0.05912217619975909,-0.1352885833760253,0.043942157986307434],[0.0569916473276957,-0.1339570028309857,0.044741106313331204],[0.053529537910592694,-0.13342437061296986,0.04500742242233913],[0.04926848016646591,-0.13102752563189854,0.04287689355027574]]",777.512953471,777.514044243,21.875,85500,"[2029, 3573, -3423]","[[508, 222, 165], [503, 214, 168], [501, 201, 169], [492, 185, 161]]"
3.070069,3.349883,body,0.000000,0.000000,0.000000,0.000000,0.000000,0.000000,0.000000,0.000000,0.000000,0.000000,0.000000,0.000000,6.428431,-3.641581,-6.141127,0.047471,-0.124436,0.032557,bmi088,0.009878197000034561,"[[0.0458063707493629,-0.12889699675983513,0.03994741635118858],[0.044741106313331204,-0.12596751956074798,0.03542004249805387],[0.04793689962142629,-0.12303804236166081,0.030360036426903318],[0.0513990090385293,-0.11984224905356573,0.024501082028728992]]",777.522831668,777.5239944729999,21.875,85757,"[2028, 3580, -3420]","[[484, 172, 150], [473, 168, 133], [462, 180, 114], [450, 193, 92]]"
3.080085,3.360430,body,0.000000,0.000000,0.000000,0.000000,0.000000,0.000000,0.000000,0.000000,0.000000,0.000000,0.000000,0.000000,6.449979,-3.650559,-6.080075,0.055980,-0.114463,0.011558,bmi088,0.01038787000004504,"[[0.05486111845563231,-0.11744540407249442,0.01944107595757844],[0.055926382891664,-0.11558119130943895,0.015446334322459582],[0.05725796343670363,-0.11478224298241517,0.011185276578332801],[0.05672533121868778,-0.11318434632836763,0.007723167161229791],[0.05512743456464023,-0.11132013356531216,0.003994741635118857]]",777.533219538,777.5344124235,21.875,86027,"[2033, 3592, -3386]","[[441, 206, 73], [434, 210, 58], [431, 215, 42], [425, 213, 29], [418, 207, 15]]"
3.090070,3.370273,body,0.000000,0.000000,0.000000,0.000000,0.000000,0.000000,0.000000,0.000000,0.000000,0.000000,0.000000,0.000000,6.482301,-3.646968,-6.087258,0.047848,-0.105816,0.003817,bmi088,0.009841923999942992,"[[0.05060006071150553,-0.10812434025721708,0.002663161090079238],[0.04767058351241837,-0.10572749527614576,0.0029294771990871623],[0.04527373853134705,-0.10359696640408238,0.005858954398174325]]",777.543061462,777.54415369,21.875,86279,"[2031, 3610, -3390]","[[406, 190, 10], [397, 179, 11], [389, 170, 22]]"
3.100070,3.380313,body,0.000000,0.000000,0.000000,0.000000,0.000000,0.000000,0.000000,0.000000,0.000000,0.000000,0.000000,0.000000,6.548740,-3.648763,-6.112397,0.043543,-0.096340,0.018908,bmi088,0.009880325000040102,"[[0.044741106313331204,-0.10120012142301106,0.01038632825130903],[0.04447479020432328,-0.0982706442239239,0.015446334322459582],[0.04340952576829159,-0.09454221869781296,0.021837920938649755],[0.04154531300523612,-0.09134642538971788,0.027963191445832]]",777.552941787,777.5540752635,21.875,86536,"[2032, 3647, -3404]","[[380, 168, 39], [369, 167, 58], [355, 163, 82], [343, 156, 105]]"
3.110071,3.390352,body,0.000000,0.000000,0.000000,0.000000,0.000000,0.000000,0.000000,0.000000,0.000000,0.000000,0.000000,0.000000,6.550536,-3.643376,-6.130353,0.028895,-0.081626,0.034222,bmi088,0.01001439100002699,"[[0.03648530693408557,-0.08841694819063071,0.03328951362599048],[0.031158984753927088,-0.0849548387735277,0.03542004249805387],[0.02556634646476069,-0.07936220048436131,0.035153726389045944],[0.022370553156665602,-0.0737695621951949,0.03302319751698256]]",777.562956178,777.564009749,21.875,86793,"[2029, 3648, -3414]","[[332, 137, 125], [319, 117, 133], [298, 96, 132], [277, 84, 124]]"
3.120079,3.400469,body,0.000000,0.000000,0.000000,0.000000,0.000000,0.000000,0.000000,0.000000,0.000000,0.000000,0.000000,0.000000,6.541557,-3.648763,-6.060323,0.017710,-0.061519,0.022237,bmi088,0.009972358500021983,"[[0.01944107595757844,-0.0681769239060285,0.031158984753927088],[0.018109495412538822,-0.06418218227090965,0.02689792700980031],[0.016777914867499202,-0.05912217619975909,0.01997370817559429],[0.01651159875849128,-0.05459480234662439,0.010918960469324878]]",777.5729285365001,777.573996092,21.875,87052,"[2032, 3643, -3375]","[[256, 73, 117], [241, 68, 101], [222, 63, 75], [205, 62, 41]]"
3.130080,3.410820,body,0.000000,0.000000,0.000000,0.000000,0.000000,0.000000,0.000000,0.000000,0.000000,0.000000,0.000000,0.000000,6.528988,-3.645172,-6.065710,0.013382,-0.043010,0.002463,bmi088,0.010235963500008438,"[[0.015712650431467506,-0.04953479627547384,0.004261057744126781],[0.014114753777419964,-0.044741106313331204,0.0010652644360316954],[0.012516857123372421,-0.04074636467821235,0.001597896654047543],[0.011185276578332801,-0.037017939152101415,0.0029294771990871623]]",777.5831645000001,777.5842518635,21.875,87317,"[2030, 3636, -3378]","[[186, 59, 16], [168, 53, 4], [153, 47, 6], [139, 42, 11]]"
3.140072,3.420742,body,0.000000,0.000000,0.000000,0.000000,0.000000,0.000000,0.000000,0.000000,0.000000,0.000000,0.000000,0.000000,6.550536,-3.632602,-6.089053,0.005992,-0.026365,0.006924,bmi088,0.009844339999972362,"[[0.010652644360316953,-0.03302319751698256,0.004261057744126781],[0.00825579937924564,-0.02849582366384785,0.005858954398174325],[0.005060006071150553,-0.023702133701705222,0.007989483270237714],[0.0,-0.020240024284602212,0.009587379924285258]]",777.59300884,777.5940845875,21.875,87571,"[2023, 3648, -3391]","[[124, 40, 16], [107, 31, 22], [89, 19, 30], [76, 0, 36]]"
3.150071,3.430508,body,0.000000,0.000000,0.000000,0.000000,0.000000,0.000000,0.000000,0.000000,0.000000,0.000000,0.000000,0.000000,6.532579,-3.648763,-6.099827,-0.009787,-0.008456,0.015779,bmi088,0.009672688999899037,"[[-0.004527373853134706,-0.01597896654047543,0.01171790879634865],[-0.007989483270237714,-0.011451592687340724,0.014114753777419964],[-0.012250541014364496,-0.005858954398174325,0.017843179303530896],[-0.014381069886427887,-0.0005326322180158477,0.01944107595757844]]",777.6026815289999,777.603733404,21.875,87821,"[2032, 3638, -3397]","[[60, -17, 44], [43, -30, 53], [22, -46, 67], [2, -54, 73]]"
3.160073,3.440937,body,0.000000,0.000000,0.000000,0.000000,0.000000,0.000000,0.000000,0.000000,0.000000,0.000000,0.000000,0.000000,6.525397,-3.675698,-6.112397,-0.015846,0.015446,0.013848,bmi088,0.01014631400005328,"[[-0.016777914867499202,0.006125270507182248,0.019174759848570515],[-0.015446334322459582,0.013049489341388268,0.01731054708551505],[-0.01597896654047543,0.019174759848570515,0.011984224905356573],[-0.015180018213451659,0.0234358175926973,0.00692421883420602]]",777.612827843,777.6140452889999,21.875,88088,"[2047, 3634, -3404]","[[-23, -63, 72], [-49, -58, 65], [-72, -60, 45], [-88, -57, 26]]"
3.170080,3.451133,body,0.000000,0.000000,0.000000,0.000000,0.000000,0.000000,0.000000,0.000000,0.000000,0.000000,0.000000,0.000000,6.493075,-3.654150,-6.080075,-0.017976,0.035487,-0.008389,bmi088,0.010240251000027456,"[[-0.015446334322459582,0.02822950755483993,-0.00026631610900792384],[-0.016245282649483356,0.03328951362599048,-0.006391586616190172],[-0.01864212763055467,0.038615835806148954,-0.011451592687340724],[-0.021571604829641832,0.04181162911424404,-0.015446334322459582]]",777.623068094,777.6241356979999,21.875,88349,"[2035, 3616, -3386]","[[-106, -58, -1], [-125, -61, -24], [-145, -70, -43], [-157, -81, -58]]"
3.180073,3.461328,body,0.000000,0.000000,0.000000,0.000000,0.000000,0.000000,0.000000,0.000000,0.000000,0.000000,0.000000,0.000000,6.482301,-3.643376,-6.081871,-0.026632,0.051665,-0.017777,bmi088,0.010032663499941918,"[[-0.02476739813773692,0.044741106313331204,-0.01731054708551505],[-0.02689792700980031,0.049002164057457984,-0.019174759848570515],[-0.027430559227816155,0.05432848623761646,-0.018375811521546746],[-0.027430559227816155,0.05858954398174324,-0.016245282649483356]]",777.6331007575,777.634221322,21.875,88610,"[2029, 3610, -3387]","[[-168, -93, -65], [-184, -101, -72], [-204, -103, -69], [-220, -103, -61]]"
3.190071,3.471367,body,0.000000,0.000000,0.000000,0.000000,0.000000,0.000000,0.000000,0.000000,0.000000,0.000000,0.000000,0.000000,6.484097,-3.646968,-6.112397,-0.031226,0.067711,-0.007324,bmi088,0.00998359100003654,"[[-0.027963191445832,0.06178533728983833,-0.013315805450396193],[-0.030093720317895395,0.06524744670694134,-0.009321063815277334],[-0.03222424918995878,0.06977482056007604,-0.005060006071150553],[-0.0346210941710301,0.07403587830420283,-0.001597896654047543]]",777.6430843485,777.6441426075,21.875,88867,"[2031, 3611, -3404]","[[-232, -105, -50], [-245, -113, -35], [-262, -121, -19], [-278, -130, -6]]"
3.200073,3.481758,body,0.000000,0.000000,0.000000,0.000000,0.000000,0.000000,0.000000,0.000000,0.000000,0.000000,0.000000,0.000000,6.475118,-3.700837,-6.144719,-0.042983,0.083943,-0.008362,bmi088,0.01025669950001884,"[[-0.03755057137011726,0.07749798772130584,-0.001597896654047543],[-0.03994741635118858,0.08096009713840885,-0.004261057744126781],[-0.043143209659283664,0.08362325822848808,-0.00825579937924564],[-0.04527373853134705,0.08735168375459902,-0.012250541014364496],[-0.049002164057457984,0.09028116095368618,-0.015446334322459582]]",777.653341048,777.654416476,21.875,89133,"[2061, 3606, -3422]","[[-291, -141, -6], [-304, -150, -16], [-314, -162, -31], [-328, -170, -46], [-339, -184, -58]]"
3.210069,3.491406,body,0.000000,0.000000,0.000000,0.000000,0.000000,0.000000,0.000000,0.000000,0.000000,0.000000,0.000000,0.000000,6.433818,-3.709815,-6.105214,-0.050689,0.095430,-0.023258,bmi088,0.009607871999946838,"[[-0.050067428493489684,0.09321063815277335,-0.019174759848570515],[-0.050866376820513454,0.09560748313384466,-0.0234358175926973],[-0.05113269292952138,0.09747169589690012,-0.02716424311880823]]",777.66294892,777.6639689389999,21.875,89380,"[2066, 3583, -3400]","[[-350, -188, -72], [-359, -191, -88], [-366, -192, -102]]"
3.220070,3.501406,body,0.000000,0.000000,0.000000,0.000000,0.000000,0.000000,0.000000,0.000000,0.000000,0.000000,0.000000,0.000000,6.374562,-3.677494,-6.096236,-0.051599,0.098537,-0.026365,bmi088,0.009834388000058425,"[[-0.05219795736555307,0.09853696033293181,-0.02849582366384785],[-0.05326322180158477,0.09853696033293181,-0.02716424311880823],[-0.0513990090385293,0.09853696033293181,-0.02556634646476069],[-0.04953479627547384,0.09853696033293181,-0.02423476591972107]]",777.672783308,777.673856768,21.875,89636,"[2048, 3550, -3395]","[[-370, -196, -107], [-370, -200, -102], [-370, -193, -96], [-370, -186, -91]]"
3.230073,3.511953,body,0.000000,0.000000,0.000000,0.000000,0.000000,0.000000,0.000000,0.000000,0.000000,0.000000,0.000000,0.000000,6.374562,-3.655946,-6.151901,-0.047138,0.101067,-0.018775,bmi088,0.010279019999984484,"[[-0.0468716351853946,0.09960222476896352,-0.02210423704765768],[-0.04633900296737875,0.10093380531400313,-0.019707392066586366],[-0.04633900296737875,0.10146643753201898,-0.01731054708551505],[-0.049002164057457984,0.10226538585904275,-0.01597896654047543]]",777.683062328,777.6842828305,21.875,89906,"[2036, 3550, -3426]","[[-374, -176, -83], [-379, -174, -74], [-381, -174, -65], [-384, -184, -60]]"
3.240070,3.521758,body,0.000000,0.000000,0.000000,0.000000,0.000000,0.000000,0.000000,0.000000,0.000000,0.000000,0.000000,0.000000,6.367379,-3.679289,-6.216545,-0.059788,0.100068,-0.010986,bmi088,0.009867364999990968,"[[-0.053529537910592694,0.10173275364102691,-0.014114753777419964],[-0.05938849230876701,0.10066748920499521,-0.012250541014364496],[-0.0625842856168621,0.09933590865995559,-0.009587379924285258],[-0.0636495500528938,0.09853696033293181,-0.007989483270237714]]",777.692929693,777.693980736,21.875,90157,"[2049, 3546, -3462]","[[-382, -201, -53], [-378, -223, -46], [-373, -235, -36], [-370, -239, -30]]"
3.250070,3.531875,body,0.000000,0.000000,0.000000,0.000000,0.000000,0.000000,0.000000,0.000000,0.000000,0.000000,0.000000,0.000000,6.326079,-3.693655,-6.173449,-0.059455,0.098271,-0.003928,bmi088,0.009991750500034868,"[[-0.0625842856168621,0.09880327644193974,-0.005060006071150553],[-0.05992112452678287,0.0982706442239239,-0.00346210941710301],[-0.05832322787273532,0.09800432811491597,-0.0023968449810713144],[-0.0569916473276957,0.09800432811491597,-0.004793689962142629]]",777.7029214435,777.703971767,21.875,90416,"[2057, 3523, -3438]","[[-371, -235, -19], [-369, -225, -13], [-368, -219, -9], [-368, -214, -18]]"
3.260069,3.541992,body,0.000000,0.000000,0.000000,0.000000,0.000000,0.000000,0.000000,0.000000,0.000000,0.000000,0.000000,0.000000,6.336853,-3.709815,-6.139332,-0.060187,0.098004,-0.014714,bmi088,0.010009767499923328,"[[-0.058855860090751166,0.09853696033293181,-0.007723167161229791],[-0.06018744063579079,0.09933590865995559,-0.012516857123372421],[-0.06178533728983833,0.09853696033293181,-0.017044230976507126],[-0.05992112452678287,0.09560748313384466,-0.021571604829641832]]",777.712931211,777.713977438,21.875,90675,"[2066, 3529, -3419]","[[-370, -221, -29], [-373, -226, -47], [-370, -232, -64], [-359, -225, -81]]"
3.270077,3.552539,body,0.000000,0.000000,0.000000,0.000000,0.000000,0.000000,0.000000,0.000000,0.000000,0.000000,0.000000,0.000000,6.281188,-3.699042,-6.182427,-0.055554,0.085274,-0.023489,bmi088,0.01042671850007082,"[[-0.0580569117637274,0.09241168982574957,-0.024501082028728992],[-0.05672533121868778,0.08868326429963864,-0.025832662573768612],[-0.055926382891664,0.08522115488253562,-0.02556634646476069],[-0.053529537910592694,0.0814927293564247,-0.0234358175926973],[-0.053529537910592694,0.07856325215733753,-0.018109495412538822]]",777.7233579295,777.724433901,21.875,90945,"[2060, 3498, -3443]","[[-347, -218, -92], [-333, -213, -97], [-320, -210, -96], [-306, -201, -88], [-295, -201, -68]]"
3.280072,3.562422,body,0.000000,0.000000,0.000000,0.000000,0.000000,0.000000,0.000000,0.000000,0.000000,0.000000,0.000000,0.000000,6.281188,-3.715202,-6.209362,-0.057879,0.073592,-0.002929,bmi088,0.009741138499975932,"[[-0.05539375067364816,0.07643272328527415,-0.01038632825130903],[-0.05912217619975909,0.0737695621951949,-0.002663161090079238],[-0.05912217619975909,0.07057376888709982,0.004261057744126781]]",777.733099068,777.7341898239999,21.875,91198,"[2069, 3498, -3458]","[[-287, -208, -39], [-277, -222, -10], [-265, -222, 16]]"
3.290068,3.572383,body,0.000000,0.000000,0.000000,0.000000,0.000000,0.000000,0.000000,0.000000,0.000000,0.000000,0.000000,0.000000,6.284779,-3.731363,-6.203975,-0.054728,0.064715,0.009121,bmi088,0.0098883890000252,"[[-0.0569916473276957,0.0681769239060285,0.007989483270237714],[-0.05459480234662439,0.06631271114297303,0.010918960469324878],[-0.05379585401960062,0.06391586616190172,0.01038632825130903],[-0.053529537910592694,0.06045375674479871,0.007190534943213944]]",777.742987457,777.7440497,21.875,91453,"[2078, 3500, -3455]","[[-256, -214, 30], [-249, -205, 41], [-240, -202, 39], [-227, -201, 27]]"
3.300094,3.582578,body,0.000000,0.000000,0.000000,0.000000,0.000000,0.000000,0.000000,0.000000,0.000000,0.000000,0.000000,0.000000,6.268618,-3.722385,-6.177040,-0.050067,0.051000,-0.001931,bmi088,0.010072056000012708,"[[-0.05219795736555307,0.0569916473276957,0.0029294771990871623],[-0.04980111238448176,0.05299690569257685,-0.0010652644360316954],[-0.04926848016646591,0.04926848016646591,-0.003195793308095086],[-0.049002164057457984,0.044741106313331204,-0.006391586616190172]]",777.753059513,777.7541166364999,21.875,91714,"[2073, 3491, -3440]","[[-214, -196, 11], [-199, -187, -4], [-185, -185, -12], [-168, -184, -24]]"
3.310071,3.592617,body,0.000000,0.000000,0.000000,0.000000,0.000000,0.000000,0.000000,0.000000,0.000000,0.000000,0.000000,0.000000,6.281188,-3.727772,-6.168062,-0.042877,0.033556,-0.007657,bmi088,0.009938725999859344,"[[-0.048203215730434214,0.04074636467821235,-0.008522115488253563],[-0.04447479020432328,0.03648530693408557,-0.009587379924285258],[-0.04074636467821235,0.031158984753927088,-0.007989483270237714],[-0.03808320358813311,0.025832662573768612,-0.004527373853134706]]",777.7629982389999,777.7640529944999,21.875,91971,"[2076, 3498, -3435]","[[-153, -181, -32], [-137, -167, -36], [-117, -153, -30], [-97, -143, -17]]"
3.320077,3.602695,body,0.000000,0.000000,0.000000,0.000000,0.000000,0.000000,0.000000,0.000000,0.000000,0.000000,0.000000,0.000000,6.279392,-3.763685,-6.209362,-0.035886,0.015646,0.004794,bmi088,0.009964902500087192,"[[-0.03755057137011726,0.021305288720633905,-0.0010652644360316954],[-0.03648530693408557,0.017843179303530896,0.002663161090079238],[-0.035153726389045944,0.01384843766841204,0.006657902725198096],[-0.034354778062022175,0.009587379924285258,0.010918960469324878]]",777.7729631415,777.7740230009999,21.875,92229,"[2096, 3497, -3458]","[[-80, -141, -4], [-67, -137, 10], [-52, -132, 25], [-36, -129, 41]]"
3.330071,3.613320,body,0.000000,0.000000,0.000000,0.000000,0.000000,0.000000,0.000000,0.000000,0.000000,0.000000,0.000000,0.000000,6.295553,-3.779846,-6.182427,-0.032384,-0.001758,0.020240,bmi088,0.010208954500058098,"[[-0.03488741028003802,0.005326322180158476,0.01464738599543581],[-0.034354778062022175,0.001597896654047543,0.017576863194522972],[-0.032756881407974635,-0.001597896654047543,0.020506340393610135],[-0.030093720317895395,-0.005326322180158476,0.023968449810713145],[-0.02982740420888747,-0.008788431597261486,0.024501082028728992]]",777.783172096,777.7845257050001,21.875,92501,"[2105, 3506, -3443]","[[-20, -131, 55], [-6, -129, 66], [6, -123, 77], [20, -113, 90], [33, -112, 92]]"
3.340073,3.622891,body,0.000000,0.000000,0.000000,0.000000,0.000000,0.000000,0.000000,0.000000,0.000000,0.000000,0.000000,0.000000,6.275801,-3.760094,-6.180632,-0.026099,-0.017666,0.019175,bmi088,0.009791875500013703,"[[-0.0290284558818637,-0.013315805450396193,0.023702133701705222],[-0.027430559227816155,-0.017843179303530896,0.019707392066586366],[-0.021837920938649755,-0.021837920938649755,0.014114753777419964]]",777.7929639715001,777.794011447,21.875,92746,"[2094, 3495, -3442]","[[50, -109, 89], [67, -103, 74], [82, -82, 53]]"
3.350069,3.633008,body,0.000000,0.000000,0.000000,0.000000,0.000000,0.000000,0.000000,0.000000,0.000000,0.000000,0.000000,0.000000,6.293758,-3.765481,-6.169858,-0.010453,-0.031825,0.003262,bmi088,0.01000943149995237,"[[-0.015712650431467506,-0.026098978682776535,0.007723167161229791],[-0.01171790879634865,-0.02982740420888747,0.002663161090079238],[-0.00825579937924564,-0.03382214584400633,0.0007989483270237715],[-0.006125270507182248,-0.03755057137011726,0.001864212763055467]]",777.802973403,777.804019646,21.875,93005,"[2097, 3505, -3436]","[[98, -59, 29], [112, -44, 10], [127, -31, 3], [141, -23, 7]]"
3.360069,3.643242,body,0.000000,0.000000,0.000000,0.000000,0.000000,0.000000,0.000000,0.000000,0.000000,0.000000,0.000000,0.000000,6.315305,-3.752911,-6.189610,-0.000599,-0.048802,0.012051,bmi088,0.010064023999916571,"[[-0.0023968449810713144,-0.04181162911424404,0.005060006071150553],[-0.0007989483270237715,-0.046605319076386674,0.009853696033293183],[0.0,-0.0513990090385293,0.014114753777419964],[0.0007989483270237715,-0.05539375067364816,0.019174759848570515]]",777.8130374269999,777.8141375590001,21.875,93267,"[2090, 3517, -3447]","[[157, -9, 19], [175, -3, 37], [193, 0, 53], [208, 3, 72]]"
3.370071,3.653281,body,0.000000,0.000000,0.000000,0.000000,0.000000,0.000000,0.000000,0.000000,0.000000,0.000000,0.000000,0.000000,6.338649,-3.747524,-6.189610,0.003595,-0.060387,0.030094,bmi088,0.009941894000121465,"[[0.0007989483270237715,-0.05779059565471947,0.02423476591972107],[0.002663161090079238,-0.05992112452678287,0.02929477199087162],[0.003994741635118857,-0.06098638896281456,0.03249056529896671],[0.00692421883420602,-0.06285060172587002,0.034354778062022175]]",777.822979321,777.8240352759999,21.875,93524,"[2087, 3530, -3447]","[[217, 3, 91], [225, 10, 110], [229, 15, 122], [236, 26, 129]]"
3.380069,3.663594,body,0.000000,0.000000,0.000000,0.000000,0.000000,0.000000,0.000000,0.000000,0.000000,0.000000,0.000000,0.000000,6.347627,-3.783437,-6.169858,0.014314,-0.064981,0.031492,bmi088,0.010137240999938513,"[[0.010120012142301106,-0.06391586616190172,0.034354778062022175],[0.013049489341388268,-0.06471481448892549,0.03328951362599048],[0.01597896654047543,-0.06471481448892549,0.03062635253591124],[0.018109495412538822,-0.06657902725198096,0.02769687533682408]]",777.833116562,777.834268823,21.875,93788,"[2107, 3535, -3436]","[[240, 38, 129], [243, 49, 125], [243, 60, 115], [250, 68, 104]]"
3.390072,3.673672,body,0.000000,0.000000,0.000000,0.000000,0.000000,0.000000,0.000000,0.000000,0.000000,0.000000,0.000000,0.000000,6.356605,-3.756502,-6.139332,0.022570,-0.071639,0.014115,bmi088,0.00999891900005423,"[[0.019174759848570515,-0.06844324001503643,0.0234358175926973],[0.020506340393610135,-0.07110640110511567,0.01731054708551505],[0.023169501483689375,-0.07243798165015529,0.010918960469324878],[0.027430559227816155,-0.07456851052221868,0.004793689962142629]]",777.843115481,777.844194429,21.875,94046,"[2092, 3540, -3419]","[[257, 72, 88], [267, 77, 65], [272, 87, 41], [280, 103, 18]]"
3.400072,3.684883,body,0.000000,0.000000,0.000000,0.000000,0.000000,0.000000,0.000000,0.000000,0.000000,0.000000,0.000000,0.000000,6.387131,-3.742137,-6.141127,0.034248,-0.084316,0.007457,bmi088,0.010970649000000776,"[[0.030093720317895395,-0.0782969360483296,0.0021305288720633907],[0.031691616971942935,-0.08229167768344847,0.001864212763055467],[0.03328951362599048,-0.08548747099154355,0.005858954398174325],[0.03675162304309349,-0.08708536764559109,0.010652644360316953],[0.03941478413317273,-0.08841694819063071,0.016777914867499202]]",777.85408613,777.8552878319999,21.875,94333,"[2084, 3557, -3420]","[[294, 113, 8], [309, 119, 7], [321, 125, 22], [327, 138, 40], [332, 148, 63]]"
3.410072,3.693750,body,0.000000,0.000000,0.000000,0.000000,0.000000,0.000000,0.000000,0.000000,0.000000,0.000000,0.000000,0.000000,6.410475,-3.760094,-6.169858,0.040569,-0.088772,0.027342,bmi088,0.00896762000002127,"[[0.04101268078722027,-0.08948221262666241,0.02210423704765768],[0.04074636467821235,-0.08921589651765449,0.02769687533682408],[0.03994741635118858,-0.08761799986360694,0.03222424918995878]]",777.8630537500001,777.864080969,21.875,94560,"[2094, 3570, -3436]","[[336, 154, 83], [335, 153, 104], [329, 150, 121]]"
3.420067,3.703828,body,0.000000,0.000000,0.000000,0.000000,0.000000,0.000000,0.000000,0.000000,0.000000,0.000000,0.000000,0.000000,6.428431,-3.763685,-6.114192,0.039947,-0.083557,0.035087,bmi088,0.009885908999876847,"[[0.0391484680241648,-0.08548747099154355,0.035153726389045944],[0.03941478413317273,-0.08362325822848808,0.037017939152101415],[0.039681100242180654,-0.08282430990146432,0.035153726389045944],[0.04154531300523612,-0.08229167768344847,0.03302319751698256]]",777.8729396589999,777.8740534715,21.875,94818,"[2096, 3580, -3405]","[[321, 147, 132], [314, 148, 139], [311, 149, 132], [309, 156, 124]]"
3.430072,3.714414,body,0.000000,0.000000,0.000000,0.000000,0.000000,0.000000,0.000000,0.000000,0.000000,0.000000,0.000000,0.000000,6.424840,-3.724181,-6.087258,0.053103,-0.074302,0.012357,bmi088,0.010445439000022816,"[[0.04447479020432328,-0.07936220048436131,0.02769687533682408],[0.04953479627547384,-0.07643272328527415,0.021837920938649755],[0.05326322180158477,-0.07243798165015529,0.013049489341388268],[0.05779059565471947,-0.07137271721412358,0.004261057744126781],[0.06045375674479871,-0.07190534943213944,-0.005060006071150553]]",777.883385098,777.8845065109999,21.875,95089,"[2074, 3578, -3390]","[[298, 167, 104], [287, 186, 82], [272, 200, 49], [268, 217, 16], [270, 227, -19]]"
3.440076,3.724023,body,0.000000,0.000000,0.000000,0.000000,0.000000,0.000000,0.000000,0.000000,0.000000,0.000000,0.000000,0.000000,6.455366,-3.711611,-6.090849,0.061519,-0.079362,-0.017222,bmi088,0.0096108479999657,"[[0.06178533728983833,-0.07563377495825037,-0.012783173232380344],[0.06178533728983833,-0.07989483270237716,-0.01864212763055467],[0.06098638896281456,-0.08255799379245639,-0.020240024284602212]]",777.8929959459999,777.894033981,21.875,95335,"[2067, 3595, -3392]","[[284, 232, -48], [300, 232, -70], [310, 229, -76]]"
3.450069,3.734141,body,0.000000,0.000000,0.000000,0.000000,0.000000,0.000000,0.000000,0.000000,0.000000,0.000000,0.000000,0.000000,6.491279,-3.708020,-6.164471,0.059655,-0.078963,-0.001332,bmi088,0.009977831000014703,"[[0.060720072853806636,-0.08282430990146432,-0.016777914867499202],[0.05992112452678287,-0.08122641324741676,-0.00825579937924564],[0.05912217619975909,-0.07723167161229791,0.00346210941710301],[0.058855860090751166,-0.07456851052221868,0.016245282649483356]]",777.9029737769999,777.904025092,21.875,95594,"[2065, 3615, -3433]","[[311, 228, -63], [305, 225, -31], [290, 222, 13], [280, 221, 61]]"
3.460070,3.744336,body,0.000000,0.000000,0.000000,0.000000,0.000000,0.000000,0.000000,0.000000,0.000000,0.000000,0.000000,0.000000,6.516418,-3.708020,-6.189610,0.058856,-0.062851,0.037085,bmi088,0.010039543500056425,"[[0.05912217619975909,-0.07057376888709982,0.027963191445832],[0.05992112452678287,-0.06604639503396512,0.03755057137011726],[0.05912217619975909,-0.05965480841777494,0.04181162911424404],[0.05725796343670363,-0.05512743456464023,0.04101268078722027]]",777.9130133205,777.9140881885,21.875,95855,"[2065, 3629, -3447]","[[265, 222, 105], [248, 225, 141], [224, 222, 157], [207, 215, 154]]"
3.470075,3.754336,body,0.000000,0.000000,0.000000,0.000000,0.000000,0.000000,0.000000,0.000000,0.000000,0.000000,0.000000,0.000000,6.487688,-3.706224,-6.099827,0.054195,-0.047404,0.016312,bmi088,0.009936486000015066,"[[0.05486111845563231,-0.051665325147537224,0.03488741028003802],[0.05432848623761646,-0.04873584794845006,0.023702133701705222],[0.053529537910592694,-0.045540054640354974,0.009853696033293183],[0.05406217012860854,-0.04367584187729951,-0.003195793308095086]]",777.9229498065,777.923991393,21.875,96111,"[2064, 3613, -3397]","[[194, 206, 131], [183, 204, 89], [171, 201, 37], [164, 203, -12]]"
3.480082,3.764609,body,0.000000,0.000000,0.000000,0.000000,0.000000,0.000000,0.000000,0.000000,0.000000,0.000000,0.000000,0.000000,6.435614,-3.663129,-6.062119,0.061253,-0.040081,-0.027697,bmi088,0.010106328500000927,"[[0.05566006678265608,-0.04181162911424404,-0.015180018213451659],[0.05965480841777494,-0.04154531300523612,-0.02556634646476069],[0.06311691783487795,-0.039681100242180654,-0.03382214584400633],[0.06657902725198096,-0.03728425526110934,-0.036218990825077645]]",777.933056135,777.934129691,21.875,96374,"[2040, 3584, -3376]","[[157, 209, -57], [156, 224, -96], [149, 237, -127], [140, 250, -136]]"
3.490072,3.774727,body,0.000000,0.000000,0.000000,0.000000,0.000000,0.000000,0.000000,0.000000,0.000000,0.000000,0.000000,0.000000,6.467936,-3.637989,-6.135740,0.067112,-0.032224,-0.025300,bmi088,0.01002448799999911,"[[0.06870955612404435,-0.03408846195301425,-0.03408846195301425],[0.0692421883420602,-0.03222424918995878,-0.02929477199087162],[0.06711165946999681,-0.031691616971942935,-0.022370553156665602],[0.06338323394388587,-0.030892668644919165,-0.015446334322459582]]",777.943080623,777.944145042,21.875,96633,"[2026, 3602, -3417]","[[128, 258, -128], [121, 260, -110], [119, 252, -84], [116, 238, -58]]"
3.500073,3.784805,body,0.000000,0.000000,0.000000,0.000000,0.000000,0.000000,0.000000,0.000000,0.000000,0.000000,0.000000,0.000000,6.494871,-3.663129,-6.164471,0.053929,-0.020773,0.004661,bmi088,0.009959029999890845,"[[0.05992112452678287,-0.02849582366384785,-0.007989483270237714],[0.05459480234662439,-0.023968449810713145,0.0],[0.051665325147537224,-0.018375811521546746,0.009587379924285258],[0.04953479627547384,-0.012250541014364496,0.017044230976507126]]",777.9530396529999,777.9541117849999,21.875,96891,"[2040, 3617, -3433]","[[107, 225, -30], [90, 205, 0], [69, 194, 36], [46, 186, 64]]"
3.510071,3.794805,body,0.000000,0.000000,0.000000,0.000000,0.000000,0.000000,0.000000,0.000000,0.000000,0.000000,0.000000,0.000000,6.487688,-3.652355,-6.119579,0.045873,0.001531,0.020773,bmi088,0.009906405000037921,"[[0.04873584794845006,-0.00692421883420602,0.02290318537468145],[0.0468716351853946,-0.0010652644360316954,0.02423476591972107],[0.04447479020432328,0.004261057744126781,0.021837920938649755],[0.04340952576829159,0.009853696033293183,0.014114753777419964]]",777.9629460579999,777.964008078,21.875,97147,"[2034, 3613, -3408]","[[26, 183, 86], [4, 176, 91], [-16, 167, 82], [-37, 163, 53]]"
3.520072,3.805000,body,0.000000,0.000000,0.000000,0.000000,0.000000,0.000000,0.000000,0.000000,0.000000,0.000000,0.000000,0.000000,6.448184,-3.620033,-6.078279,0.045074,0.015912,-0.019707,bmi088,0.010013192000087656,"[[0.043143209659283664,0.01384843766841204,0.001597896654047543],[0.043942157986307434,0.01597896654047543,-0.012516857123372421],[0.04607268685837083,0.016777914867499202,-0.027430559227816155],[0.04713795129440252,0.017044230976507126,-0.040480048569204424]]",777.97295925,777.9740799265,21.875,97408,"[2016, 3591, -3385]","[[-52, 162, 6], [-60, 165, -47], [-63, 173, -103], [-64, 177, -152]]"
3.530070,3.815078,body,0.000000,0.000000,0.000000,0.000000,0.000000,0.000000,0.000000,0.000000,0.000000,0.000000,0.000000,0.000000,6.435614,-3.582324,-6.107010,0.040081,0.020773,-0.049069,bmi088,0.010029046999989077,"[[0.04607268685837083,0.018109495412538822,-0.04926848016646591],[0.042077945223251964,0.020240024284602212,-0.05326322180158477],[0.03755057137011726,0.02210423704765768,-0.05060006071150553],[0.0346210941710301,0.022636869265673525,-0.043143209659283664]]",777.982988297,777.984063469,21.875,97666,"[1995, 3584, -3401]","[[-68, 173, -185], [-76, 158, -200], [-83, 141, -190], [-85, 130, -162]]"
3.540068,3.824648,body,0.000000,0.000000,0.000000,0.000000,0.000000,0.000000,0.000000,0.000000,0.000000,0.000000,0.000000,0.000000,6.449979,-3.625420,-6.130353,0.023303,0.022703,-0.012783,bmi088,0.00976379500002622,"[[0.03195793308095086,0.021038972611625982,-0.03142530086293501],[0.02716424311880823,0.021305288720633905,-0.018908443739562592],[0.02077265650261806,0.022636869265673525,-0.0055926382891664005],[0.013315805450396193,0.025832662573768612,0.004793689962142629]]",777.992752092,777.9935353220001,21.875,97911,"[2019, 3592, -3414]","[[-79, 120, -118], [-80, 102, -71], [-85, 78, -21], [-97, 50, 18]]"
3.550077,3.835352,body,0.000000,0.000000,0.000000,0.000000,0.000000,0.000000,0.000000,0.000000,0.000000,0.000000,0.000000,0.000000,6.441001,-3.607463,-6.119579,0.002863,0.033423,0.015579,bmi088,0.010172730000022057,"[[0.007456851052221868,0.02822950755483993,0.013049489341388268],[0.0029294771990871623,0.031691616971942935,0.01651159875849128],[0.0010652644360316954,0.03542004249805387,0.017843179303530896],[0.0,0.03834951969714103,0.014913702104443736]]",778.0029248220001,778.004114332,21.875,98185,"[2009, 3587, -3408]","[[-106, 28, 49], [-119, 11, 62], [-133, 4, 67], [-144, 0, 56]]"
3.560074,3.845469,body,0.000000,0.000000,0.000000,0.000000,0.000000,0.000000,0.000000,0.000000,0.000000,0.000000,0.000000,0.000000,6.394314,-3.629011,-6.114192,-0.006059,0.047005,-0.002863,bmi088,0.010132969499863975,"[[-0.0021305288720633907,0.04154531300523612,0.009853696033293183],[-0.005326322180158476,0.04447479020432328,0.001864212763055467],[-0.007456851052221868,0.04926848016646591,-0.00692421883420602],[-0.009321063815277334,0.05273058958356892,-0.016245282649483356]]",778.0130577914999,778.014109443,21.875,98444,"[2021, 3561, -3405]","[[-156, -8, 37], [-167, -20, 7], [-185, -28, -26], [-198, -35, -61]]"
3.570069,3.855469,body,0.000000,0.000000,0.000000,0.000000,0.000000,0.000000,0.000000,0.000000,0.000000,0.000000,0.000000,0.000000,6.376358,-3.607463,-6.087258,-0.011918,0.052997,-0.034621,bmi088,0.009906213500016747,"[[-0.011185276578332801,0.05432848623761646,-0.026098978682776535],[-0.011984224905356573,0.05379585401960062,-0.033555829734998405],[-0.012250541014364496,0.05273058958356892,-0.03888215191515688],[-0.012250541014364496,0.05113269292952138,-0.03994741635118858]]",778.022964005,778.024022632,21.875,98700,"[2009, 3551, -3390]","[[-204, -42, -98], [-202, -45, -126], [-198, -46, -146], [-192, -46, -150]]"
3.580069,3.865742,body,0.000000,0.000000,0.000000,0.000000,0.000000,0.000000,0.000000,0.000000,0.000000,0.000000,0.000000,0.000000,6.376358,-3.602076,-6.151901,-0.021239,0.049468,-0.028030,bmi088,0.01008709650000128,"[[-0.015180018213451659,0.04953479627547384,-0.03941478413317273],[-0.018109495412538822,0.04846953183944214,-0.03382214584400633],[-0.023169501483689375,0.04953479627547384,-0.025033714246744842],[-0.02849582366384785,0.05033374460249761,-0.01384843766841204]]",778.0330511015,778.034134193,21.875,98963,"[2006, 3551, -3426]","[[-186, -57, -148], [-182, -68, -127], [-186, -87, -94], [-189, -107, -52]]"
3.590073,3.876250,body,0.000000,0.000000,0.000000,0.000000,0.000000,0.000000,0.000000,0.000000,0.000000,0.000000,0.000000,0.000000,6.405088,-3.625420,-6.186019,-0.042504,0.050653,0.011292,bmi088,0.010390734000111479,"[[-0.035153726389045944,0.04980111238448176,-0.002663161090079238],[-0.0402137324601965,0.04873584794845006,0.007190534943213944],[-0.043942157986307434,0.050067428493489684,0.014381069886427887],[-0.0458063707493629,0.0513990090385293,0.018109495412538822],[-0.047404267403410444,0.05326322180158477,0.01944107595757844]]",778.0434418355001,778.0445484795,21.875,99232,"[2019, 3567, -3445]","[[-187, -132, -10], [-183, -151, 27], [-188, -165, 54], [-193, -172, 68], [-200, -178, 73]]"
3.600071,3.885898,body,0.000000,0.000000,0.000000,0.000000,0.000000,0.000000,0.000000,0.000000,0.000000,0.000000,0.000000,0.000000,6.381745,-3.663129,-6.137536,-0.051221,0.056814,0.013582,bmi088,0.009547022499873492,"[[-0.04926848016646591,0.05486111845563231,0.018109495412538822],[-0.050866376820513454,0.0569916473276957,0.014114753777419964],[-0.053529537910592694,0.05858954398174324,0.008522115488253563]]",778.0529888579999,778.054066142,21.875,99479,"[2040, 3554, -3418]","[[-206, -185, 68], [-214, -191, 53], [-220, -201, 32]]"
3.610068,3.895977,body,0.000000,0.000000,0.000000,0.000000,0.000000,0.000000,0.000000,0.000000,0.000000,0.000000,0.000000,0.000000,6.336853,-3.643376,-6.114192,-0.056326,0.056592,-0.008322,bmi088,0.010003415500023038,"[[-0.05486111845563231,0.058855860090751166,0.001331580545039619],[-0.05725796343670363,0.05832322787273532,-0.0055926382891664005],[-0.055926382891664,0.055926382891664,-0.012783173232380344],[-0.05725796343670363,0.05326322180158477,-0.016245282649483356]]",778.0629922735,778.064055413,21.875,99737,"[2029, 3529, -3405]","[[-221, -206, 5], [-219, -215, -21], [-210, -210, -48], [-200, -215, -61]]"
3.620068,3.906055,body,0.000000,0.000000,0.000000,0.000000,0.000000,0.000000,0.000000,0.000000,0.000000,0.000000,0.000000,0.000000,6.331466,-3.650559,-6.128558,-0.061120,0.050467,-0.019042,bmi088,0.009980358500115472,"[[-0.05779059565471947,0.05113269292952138,-0.01997370817559429],[-0.060720072853806636,0.050866376820513454,-0.021305288720633905],[-0.06178533728983833,0.05033374460249761,-0.020240024284602212],[-0.06418218227090965,0.04953479627547384,-0.01464738599543581]]",778.0729726320001,778.074016971,21.875,99995,"[2033, 3526, -3413]","[[-192, -217, -75], [-191, -228, -80], [-189, -232, -76], [-186, -241, -55]]"
3.630077,3.916797,body,0.000000,0.000000,0.000000,0.000000,0.000000,0.000000,0.000000,0.000000,0.000000,0.000000,0.000000,0.000000,6.361992,-3.679289,-6.189610,-0.071959,0.043623,0.012943,bmi088,0.010540032999870164,"[[-0.06578007892495719,0.04767058351241837,-0.004527373853134706],[-0.0681769239060285,0.04500742242233913,0.005326322180158476],[-0.07163903332313151,0.04287689355027574,0.01464738599543581],[-0.07483482663122659,0.04181162911424404,0.021305288720633905],[-0.07936220048436131,0.04074636467821235,0.027963191445832]]",778.083512665,778.0846373895,21.875,100270,"[2049, 3543, -3447]","[[-179, -247, -17], [-169, -256, 20], [-161, -269, 55], [-157, -281, 80], [-153, -298, 105]]"
3.640072,3.926289,body,0.000000,0.000000,0.000000,0.000000,0.000000,0.000000,0.000000,0.000000,0.000000,0.000000,0.000000,0.000000,6.338649,-3.722385,-6.184223,-0.081582,0.040391,0.034621,bmi088,0.00944566099997246,"[[-0.080427464920393,0.0402137324601965,0.03328951362599048],[-0.08229167768344847,0.03994741635118858,0.036218990825077645],[-0.08202536157444054,0.04101268078722027,0.034354778062022175]]",778.0929583259999,778.0940285209999,21.875,100513,"[2073, 3530, -3444]","[[-151, -302, 125], [-150, -309, 136], [-154, -308, 129]]"
3.650069,3.936445,body,0.000000,0.000000,0.000000,0.000000,0.000000,0.000000,0.000000,0.000000,0.000000,0.000000,0.000000,0.000000,6.313510,-3.724181,-6.168062,-0.079296,0.037617,0.017311,bmi088,0.010036215500122125,"[[-0.08229167768344847,0.040480048569204424,0.02929477199087162],[-0.08096009713840885,0.0391484680241648,0.02210423704765768],[-0.0782969360483296,0.03648530693408557,0.013582121559404116],[-0.07563377495825037,0.034354778062022175,0.004261057744126781]]",778.1029945415,778.104071393,21.875,100773,"[2074, 3516, -3435]","[[-152, -309, 110], [-147, -304, 83], [-137, -294, 51], [-129, -284, 16]]"
3.660082,3.946680,body,0.000000,0.000000,0.000000,0.000000,0.000000,0.000000,0.000000,0.000000,0.000000,0.000000,0.000000,0.000000,6.317101,-3.722385,-6.128558,-0.073770,0.028030,-0.011984,bmi088,0.01010991299995112,"[[-0.07430219441321075,0.03249056529896671,-0.004793689962142629],[-0.0737695621951949,0.03062635253591124,-0.011451592687340724],[-0.07350324608618698,0.02716424311880823,-0.015446334322459582],[-0.07350324608618698,0.021837920938649755,-0.016245282649483356]]",778.1131044545,778.114202955,21.875,101035,"[2073, 3518, -3413]","[[-122, -279, -18], [-115, -277, -43], [-102, -276, -58], [-82, -276, -61]]"
3.670068,3.956602,body,0.000000,0.000000,0.000000,0.000000,0.000000,0.000000,0.000000,0.000000,0.000000,0.000000,0.000000,0.000000,6.351218,-3.738546,-6.175245,-0.072638,0.013316,-0.001132,bmi088,0.009850436500073556,"[[-0.07297061386817114,0.01731054708551505,-0.013049489341388268],[-0.0727042977591632,0.014114753777419964,-0.007190534943213944],[-0.07243798165015529,0.01171790879634865,0.002663161090079238],[-0.07243798165015529,0.010120012142301106,0.013049489341388268]]",778.1229548910001,778.124011214,21.875,101289,"[2082, 3537, -3439]","[[-65, -274, -49], [-53, -273, -27], [-44, -272, 10], [-38, -272, 49]]"
3.680070,3.966953,body,0.000000,0.000000,0.000000,0.000000,0.000000,0.000000,0.000000,0.000000,0.000000,0.000000,0.000000,0.000000,6.360197,-3.758298,-6.198588,-0.073969,0.008722,0.039947,bmi088,0.010183114000028581,"[[-0.07323692997717905,0.009587379924285258,0.02476739813773692],[-0.0737695621951949,0.008788431597261486,0.03648530693408557],[-0.07456851052221868,0.008788431597261486,0.046605319076386674],[-0.07430219441321075,0.007723167161229791,0.05193164125654515]]",778.1331380050001,778.1342507935,21.875,101554,"[2093, 3542, -3452]","[[-36, -275, 93], [-33, -277, 137], [-33, -280, 175], [-29, -279, 195]]"
3.690071,3.977500,body,0.000000,0.000000,0.000000,0.000000,0.000000,0.000000,0.000000,0.000000,0.000000,0.000000,0.000000,0.000000,6.336853,-3.810372,-6.157288,-0.066100,0.002557,0.032011,bmi088,0.01019426649986599,"[[-0.07190534943213944,0.00692421883420602,0.04953479627547384],[-0.06897587223305228,0.004261057744126781,0.04234426133225989],[-0.06551376281594927,0.0023968449810713144,0.03222424918995878],[-0.0636495500528938,0.0005326322180158477,0.022636869265673525],[-0.06045375674479871,-0.001331580545039619,0.013315805450396193]]",778.1433322715,778.1445850625,21.875,101824,"[2122, 3529, -3429]","[[-26, -270, 186], [-16, -259, 159], [-9, -246, 121], [-2, -239, 85], [5, -227, 50]]"
3.700071,3.986680,body,0.000000,0.000000,0.000000,0.000000,0.000000,0.000000,0.000000,0.000000,0.000000,0.000000,0.000000,0.000000,6.340445,-3.810372,-6.148310,-0.052464,-0.005060,-0.002042,bmi088,0.009379835999993702,"[[-0.05645901510967986,-0.003728425526110934,0.003994741635118857],[-0.05193164125654515,-0.005060006071150553,-0.0029294771990871623],[-0.049002164057457984,-0.006391586616190172,-0.007190534943213944]]",778.1527121075,778.15373971,21.875,102059,"[2122, 3531, -3424]","[[14, -212, 15], [19, -195, -11], [24, -184, -27]]"
3.710068,3.997031,body,0.000000,0.000000,0.000000,0.000000,0.000000,0.000000,0.000000,0.000000,0.000000,0.000000,0.000000,0.000000,6.360197,-3.772663,-6.182427,-0.040413,-0.012850,-0.001198,bmi088,0.01022743500004708,"[[-0.0458063707493629,-0.008522115488253563,-0.007190534943213944],[-0.042077945223251964,-0.01171790879634865,-0.005060006071150553],[-0.03808320358813311,-0.014114753777419964,0.0005326322180158477],[-0.03568635860706179,-0.017044230976507126,0.00692421883420602]]",778.1629395425,778.163982666,21.875,102324,"[2101, 3542, -3443]","[[32, -172, -27], [44, -158, -19], [53, -143, 2], [64, -134, 26]]"
3.720072,4.006992,body,0.000000,0.000000,0.000000,0.000000,0.000000,0.000000,0.000000,0.000000,0.000000,0.000000,0.000000,0.000000,6.374562,-3.790620,-6.175245,-0.033889,-0.018442,0.024102,bmi088,0.009803715500083854,"[[-0.034354778062022175,-0.018908443739562592,0.014381069886427887],[-0.034354778062022175,-0.01944107595757844,0.021837920938649755],[-0.03382214584400633,-0.018109495412538822,0.02769687533682408],[-0.03302319751698256,-0.01731054708551505,0.03249056529896671]]",778.1727432580001,778.173829678,21.875,102579,"[2111, 3550, -3439]","[[71, -129, 54], [73, -129, 82], [68, -127, 104], [65, -124, 122]]"
3.730069,4.017383,body,0.000000,0.000000,0.000000,0.000000,0.000000,0.000000,0.000000,0.000000,0.000000,0.000000,0.000000,0.000000,6.397905,-3.813963,-6.153697,-0.019907,-0.021305,0.032424,bmi088,0.01027657199983878,"[[-0.02982740420888747,-0.01864212763055467,0.03328951362599048],[-0.02423476591972107,-0.021305288720633905,0.03382214584400633],[-0.01651159875849128,-0.022370553156665602,0.03249056529896671],[-0.009054747706269411,-0.02290318537468145,0.030093720317895395]]",778.1830198299999,778.184096298,21.875,102845,"[2124, 3563, -3427]","[[70, -112, 125], [80, -91, 127], [84, -62, 122], [86, -34, 113]]"
3.740072,4.027656,body,0.000000,0.000000,0.000000,0.000000,0.000000,0.000000,0.000000,0.000000,0.000000,0.000000,0.000000,0.000000,6.363788,-3.787028,-6.173449,0.006019,-0.026738,0.006977,bmi088,0.010191194500066558,"[[-0.00346210941710301,-0.02423476591972107,0.023169501483689375],[0.0010652644360316954,-0.026098978682776535,0.015180018213451659],[0.0055926382891664005,-0.027430559227816155,0.00692421883420602],[0.010918960469324878,-0.02769687533682408,-0.0010652644360316954],[0.01597896654047543,-0.02822950755483993,-0.009321063815277334]]",778.1932110245,778.194267092,21.875,103108,"[2109, 3544, -3438]","[[91, -13, 87], [98, 4, 57], [103, 21, 26], [104, 41, -4], [106, 60, -35]]"
3.750070,4.037461,body,0.000000,0.000000,0.000000,0.000000,0.000000,0.000000,0.000000,0.000000,0.000000,0.000000,0.000000,0.000000,6.363788,-3.769072,-6.139332,0.025122,-0.029295,-0.016867,bmi088,0.009733314499953849,"[[0.021571604829641832,-0.02849582366384785,-0.015446334322459582],[0.025300030355752765,-0.0290284558818637,-0.018375811521546746],[0.02849582366384785,-0.030360036426903318,-0.016777914867499202]]",778.2029443389999,778.203987078,21.875,103359,"[2099, 3544, -3419]","[[107, 81, -58], [109, 95, -69], [114, 107, -63]]"
3.760072,4.047383,body,0.000000,0.000000,0.000000,0.000000,0.000000,0.000000,0.000000,0.000000,0.000000,0.000000,0.000000,0.000000,6.403292,-3.788824,-6.142923,0.033356,-0.032224,-0.001598,bmi088,0.009754146000091168,"[[0.030093720317895395,-0.031158984753927088,-0.013582121559404116],[0.03195793308095086,-0.032756881407974635,-0.006657902725198096],[0.034354778062022175,-0.03249056529896671,0.001864212763055467],[0.037017939152101415,-0.03249056529896671,0.011984224905356573]]",778.212698485,778.213774217,21.875,103613,"[2110, 3566, -3421]","[[117, 113, -51], [123, 120, -25], [122, 129, 7], [122, 139, 45]]"
3.770072,4.057695,body,0.000000,0.000000,0.000000,0.000000,0.000000,0.000000,0.000000,0.000000,0.000000,0.000000,0.000000,0.000000,6.397905,-3.787028,-6.157288,0.041612,-0.032357,0.018309,bmi088,0.010232107499973608,"[[0.039681100242180654,-0.031158984753927088,0.018908443739562592],[0.04074636467821235,-0.031691616971942935,0.02077265650261806],[0.042077945223251964,-0.03302319751698256,0.018908443739562592],[0.043942157986307434,-0.033555829734998405,0.01464738599543581]]",778.2229305925,778.2239794760001,21.875,103877,"[2109, 3563, -3429]","[[117, 149, 71], [119, 153, 78], [124, 158, 71], [126, 165, 55]]"
3.780073,4.068164,body,0.000000,0.000000,0.000000,0.000000,0.000000,0.000000,0.000000,0.000000,0.000000,0.000000,0.000000,0.000000,6.376358,-3.751115,-6.151901,0.057657,-0.034488,0.006325,bmi088,0.01026045949993204,"[[0.049002164057457984,-0.03382214584400633,0.011451592687340724],[0.05459480234662439,-0.03408846195301425,0.00825579937924564],[0.06125270507182248,-0.0346210941710301,0.005326322180158476],[0.06578007892495719,-0.03542004249805387,0.00026631610900792384]]",778.2331910519999,778.2342995844999,21.875,104145,"[2089, 3551, -3426]","[[127, 184, 43], [128, 205, 31], [130, 230, 20], [133, 247, 1]]"
3.790071,4.078047,body,0.000000,0.000000,0.000000,0.000000,0.000000,0.000000,0.000000,0.000000,0.000000,0.000000,0.000000,0.000000,6.388927,-3.720589,-6.151901,0.073770,-0.034954,-0.013449,bmi088,0.00983432400005313,"[[0.06950850445106813,-0.03542004249805387,-0.005858954398174325],[0.07190534943213944,-0.035153726389045944,-0.010918960469324878],[0.07536745884924245,-0.03488741028003802,-0.016777914867499202],[0.0782969360483296,-0.034354778062022175,-0.020240024284602212]]",778.243025376,778.244116964,21.875,104398,"[2072, 3558, -3426]","[[133, 261, -22], [132, 270, -41], [131, 283, -63], [129, 294, -76]]"
3.800070,4.087891,body,0.000000,0.000000,0.000000,0.000000,0.000000,0.000000,0.000000,0.000000,0.000000,0.000000,0.000000,0.000000,6.385336,-3.706224,-6.141127,0.079629,-0.035021,-0.018775,bmi088,0.009735490500020205,"[[0.07962851659336923,-0.034354778062022175,-0.023702133701705222],[0.07989483270237716,-0.03488741028003802,-0.02210423704765768],[0.07962851659336923,-0.03542004249805387,-0.018109495412538822],[0.07936220048436131,-0.03542004249805387,-0.011185276578332801]]",778.2527608665,778.25383351,21.875,104650,"[2064, 3556, -3420]","[[129, 299, -89], [131, 300, -83], [133, 299, -68], [133, 298, -42]]"
3.810068,4.098086,body,0.000000,0.000000,0.000000,0.000000,0.000000,0.000000,0.000000,0.000000,0.000000,0.000000,0.000000,0.000000,6.396110,-3.673902,-6.142923,0.079296,-0.031159,0.002330,bmi088,0.01013143349996426,"[[0.0782969360483296,-0.0346210941710301,-0.00346210941710301],[0.0782969360483296,-0.03222424918995878,0.0021305288720633907],[0.07989483270237716,-0.02982740420888747,0.005326322180158476],[0.08069378102940092,-0.027963191445832,0.005326322180158476]]",778.2628923,778.263933855,21.875,104911,"[2046, 3562, -3421]","[[130, 294, -13], [121, 294, 8], [112, 300, 20], [105, 303, 20]]"
3.820079,4.108359,body,0.000000,0.000000,0.000000,0.000000,0.000000,0.000000,0.000000,0.000000,0.000000,0.000000,0.000000,0.000000,6.401497,-3.668515,-6.141127,0.079229,-0.026232,-0.003196,bmi088,0.010128216999987671,"[[0.08016114881138507,-0.026631610900792385,0.003728425526110934],[0.07803061993932169,-0.026098978682776535,0.0],[0.07856325215733753,-0.025300030355752765,-0.005326322180158476],[0.08016114881138507,-0.02689792700980031,-0.011185276578332801]]",778.273020517,778.274089753,21.875,105174,"[2043, 3565, -3420]","[[100, 301, 14], [98, 293, 0], [95, 295, -20], [101, 301, -42]]"
3.830082,4.118398,body,0.000000,0.000000,0.000000,0.000000,0.000000,0.000000,0.000000,0.000000,0.000000,0.000000,0.000000,0.000000,6.401497,-3.655946,-6.132149,0.083424,-0.026898,-0.021505,bmi088,0.009864660500056743,"[[0.08229167768344847,-0.02716424311880823,-0.01597896654047543],[0.08335694211948017,-0.02769687533682408,-0.020506340393610135],[0.08362325822848808,-0.026631610900792385,-0.023702133701705222],[0.08442220655551186,-0.026098978682776535,-0.025832662573768612]]",778.2828851775,778.284002014,21.875,105431,"[2036, 3565, -3415]","[[102, 309, -60], [104, 313, -77], [100, 314, -89], [98, 317, -97]]"
3.840071,4.128750,body,0.000000,0.000000,0.000000,0.000000,0.000000,0.000000,0.000000,0.000000,0.000000,0.000000,0.000000,0.000000,6.376358,-3.636194,-6.121375,0.083091,-0.024235,-0.020573,bmi088,0.010240282500035391,"[[0.08442220655551186,-0.025300030355752765,-0.025300030355752765],[0.08388957433749601,-0.023702133701705222,-0.02290318537468145],[0.08309062601047223,-0.023702133701705222,-0.019707392066586366],[0.08096009713840885,-0.02423476591972107,-0.014381069886427887]]",778.29312546,778.294229816,21.875,105696,"[2025, 3551, -3409]","[[95, 317, -95], [89, 315, -86], [89, 312, -74], [91, 304, -54]]"
3.850072,4.138828,body,0.000000,0.000000,0.000000,0.000000,0.000000,0.000000,0.000000,0.000000,0.000000,0.000000,0.000000,0.000000,6.414066,-3.611055,-6.162675,0.068377,-0.024168,-0.004661,bmi088,0.009995685999911075,"[[0.07616640717626622,-0.02476739813773692,-0.010120012142301106],[0.07110640110511567,-0.02423476591972107,-0.0055926382891664005],[0.06524744670694134,-0.023968449810713145,-0.003195793308095086],[0.06098638896281456,-0.023702133701705222,0.00026631610900792384]]",778.303121146,778.304195342,21.875,105954,"[2011, 3572, -3432]","[[93, 286, -38], [91, 267, -21], [90, 245, -12], [89, 229, 1]]"
3.860078,4.148789,body,0.000000,0.000000,0.000000,0.000000,0.000000,0.000000,0.000000,0.000000,0.000000,0.000000,0.000000,0.000000,6.405088,-3.616442,-6.150106,0.049335,-0.018975,0.006059,bmi088,0.00991811650010277,"[[0.05512743456464023,-0.0234358175926973,0.003728425526110934],[0.05060006071150553,-0.01997370817559429,0.007190534943213944],[0.046605319076386674,-0.017044230976507126,0.007456851052221868],[0.04500742242233913,-0.015446334322459582,0.005858954398174325]]",778.3130392625001,778.3140782415,21.875,106209,"[2014, 3567, -3425]","[[88, 207, 14], [75, 190, 27], [64, 175, 28], [58, 169, 22]]"
3.870077,4.158867,body,0.000000,0.000000,0.000000,0.000000,0.000000,0.000000,0.000000,0.000000,0.000000,0.000000,0.000000,0.000000,6.415862,-3.616442,-6.142923,0.040413,-0.014181,-0.004328,bmi088,0.009948869499908142,"[[0.04367584187729951,-0.01464738599543581,0.0023968449810713144],[0.04181162911424404,-0.01464738599543581,-0.001331580545039619],[0.039681100242180654,-0.01384843766841204,-0.006125270507182248],[0.03648530693408557,-0.013582121559404116,-0.012250541014364496]]",778.322988132,778.324037815,21.875,106467,"[2014, 3573, -3421]","[[55, 164, 9], [55, 157, -5], [52, 149, -23], [51, 137, -46]]"
3.880081,4.169258,body,0.000000,0.000000,0.000000,0.000000,0.000000,0.000000,0.000000,0.000000,0.000000,0.000000,0.000000,0.000000,6.406884,-3.591302,-6.115988,0.032437,-0.012890,-0.016192,bmi088,0.010218746000077772,"[[0.036218990825077645,-0.013049489341388268,-0.017044230976507126],[0.03568635860706179,-0.013049489341388268,-0.01997370817559429],[0.03408846195301425,-0.013582121559404116,-0.018375811521546746],[0.030360036426903318,-0.012783173232380344,-0.015446334322459582],[0.025832662573768612,-0.011984224905356573,-0.010120012142301106]]",778.333206878,778.334360067,21.875,106733,"[2000, 3568, -3406]","[[49, 136, -64], [49, 134, -75], [51, 128, -69], [48, 114, -58], [45, 97, -38]]"
3.890069,4.178945,body,0.000000,0.000000,0.000000,0.000000,0.000000,0.000000,0.000000,0.000000,0.000000,0.000000,0.000000,0.000000,6.415862,-3.620033,-6.148310,0.015979,-0.011629,0.001332,bmi088,0.009628206999877875,"[[0.021038972611625982,-0.011451592687340724,-0.004261057744126781],[0.016245282649483356,-0.011451592687340724,0.0010652644360316954],[0.010652644360316953,-0.011984224905356573,0.007190534943213944]]",778.3428350849999,778.34387176,21.875,106981,"[2016, 3573, -3424]","[[43, 79, -16], [43, 61, 4], [45, 40, 27]]"
3.900070,4.189219,body,0.000000,0.000000,0.000000,0.000000,0.000000,0.000000,0.000000,0.000000,0.000000,0.000000,0.000000,0.000000,6.419453,-3.612850,-6.132149,-0.001931,-0.007590,0.016046,bmi088,0.010120472500148026,"[[0.0055926382891664005,-0.010918960469324878,0.01171790879634865],[-0.0007989483270237715,-0.009321063815277334,0.015712650431467506],[-0.005326322180158476,-0.006125270507182248,0.017576863194522972],[-0.007190534943213944,-0.003994741635118857,0.019174759848570515]]",778.3529555575001,778.3540532095,21.875,107244,"[2012, 3575, -3415]","[[41, 21, 44], [35, -3, 59], [23, -20, 66], [15, -27, 72]]"
3.910071,4.199297,body,0.000000,0.000000,0.000000,0.000000,0.000000,0.000000,0.000000,0.000000,0.000000,0.000000,0.000000,0.000000,6.385336,-3.620033,-6.130353,-0.011918,-0.002463,0.012450,bmi088,0.010017414499998267,"[[-0.008522115488253563,-0.00346210941710301,0.01944107595757844],[-0.010652644360316953,-0.003195793308095086,0.016245282649483356],[-0.013582121559404116,-0.002663161090079238,0.01038632825130903],[-0.014913702104443736,-0.0005326322180158477,0.003728425526110934]]",778.3629729720001,778.364009695,21.875,107502,"[2016, 3556, -3414]","[[13, -32, 73], [12, -40, 61], [10, -51, 39], [2, -56, 14]]"
3.920078,4.209609,body,0.000000,0.000000,0.000000,0.000000,0.000000,0.000000,0.000000,0.000000,0.000000,0.000000,0.000000,0.000000,6.406884,-3.623624,-6.123171,-0.017510,-0.000067,-0.007590,bmi088,0.01012805649997972,"[[-0.015712650431467506,-0.00026631610900792384,-0.0021305288720633907],[-0.015712650431467506,0.0,-0.00692421883420602],[-0.017044230976507126,-0.00026631610900792384,-0.01038632825130903],[-0.021571604829641832,0.00026631610900792384,-0.010918960469324878]]",778.3731010285001,778.3742151765,21.875,107766,"[2018, 3568, -3410]","[[1, -59, -8], [0, -59, -26], [1, -64, -39], [-1, -81, -41]]"
3.930070,4.219766,body,0.000000,0.000000,0.000000,0.000000,0.000000,0.000000,0.000000,0.000000,0.000000,0.000000,0.000000,0.000000,6.408679,-3.616442,-6.114192,-0.032957,0.002064,-0.001997,bmi088,0.010042390499961584,"[[-0.027430559227816155,0.0005326322180158477,-0.009321063815277334],[-0.031691616971942935,0.0007989483270237715,-0.0055926382891664005],[-0.0346210941710301,0.002663161090079238,-0.00026631610900792384],[-0.03808320358813311,0.004261057744126781,0.007190534943213944]]",778.383143419,778.3842346710001,21.875,108026,"[2014, 3569, -3405]","[[-2, -103, -35], [-3, -119, -21], [-10, -130, -1], [-16, -143, 27]]"
3.940072,4.229844,body,0.000000,0.000000,0.000000,0.000000,0.000000,0.000000,0.000000,0.000000,0.000000,0.000000,0.000000,0.000000,6.446388,-3.645172,-6.150106,-0.048536,0.008855,0.025167,bmi088,0.009991669999976693,"[[-0.04181162911424404,0.006657902725198096,0.015180018213451659],[-0.04607268685837083,0.007723167161229791,0.0234358175926973],[-0.05060006071150553,0.009587379924285258,0.02929477199087162],[-0.05566006678265608,0.011451592687340724,0.032756881407974635]]",778.393135089,778.394228309,21.875,108284,"[2030, 3590, -3425]","[[-25, -157, 57], [-29, -173, 88], [-36, -190, 110], [-43, -209, 123]]"
3.950070,4.239727,body,0.000000,0.000000,0.000000,0.000000,0.000000,0.000000,0.000000,0.000000,0.000000,0.000000,0.000000,0.000000,6.417658,-3.668515,-6.139332,-0.057657,0.014381,0.025167,bmi088,0.009739681499922881,"[[-0.0580569117637274,0.011984224905356573,0.03222424918995878],[-0.05912217619975909,0.013582121559404116,0.02849582366384785],[-0.05779059565471947,0.014913702104443736,0.023169501483689375],[-0.05566006678265608,0.017044230976507126,0.016777914867499202]]",778.4028747704999,778.4039943590001,21.875,108537,"[2043, 3574, -3419]","[[-45, -218, 121], [-51, -222, 107], [-56, -217, 87], [-64, -209, 63]]"
3.960071,4.249922,body,0.000000,0.000000,0.000000,0.000000,0.000000,0.000000,0.000000,0.000000,0.000000,0.000000,0.000000,0.000000,6.388927,-3.673902,-6.128558,-0.056659,0.018642,0.000399,bmi088,0.01016125700016346,"[[-0.05432848623761646,0.017843179303530896,0.009853696033293183],[-0.05566006678265608,0.018375811521546746,0.0023968449810713144],[-0.05752427954571155,0.019174759848570515,-0.003994741635118857],[-0.05912217619975909,0.019174759848570515,-0.006657902725198096]]",778.4130360275001,778.414081839,21.875,108798,"[2046, 3558, -3413]","[[-67, -204, 37], [-69, -209, 9], [-72, -216, -15], [-72, -222, -25]]"
3.970073,4.260078,body,0.000000,0.000000,0.000000,0.000000,0.000000,0.000000,0.000000,0.000000,0.000000,0.000000,0.000000,0.000000,6.394314,-3.684676,-6.108806,-0.060587,0.018442,-0.004661,bmi088,0.0099935739999637,"[[-0.05938849230876701,0.01864212763055467,-0.007456851052221868],[-0.06018744063579079,0.017843179303530896,-0.005858954398174325],[-0.06098638896281456,0.018375811521546746,-0.004793689962142629],[-0.06178533728983833,0.018908443739562592,-0.0005326322180158477]]",778.4230296015,778.424102661,21.875,109058,"[2052, 3561, -3402]","[[-70, -223, -28], [-67, -226, -22], [-69, -229, -18], [-71, -232, -2]]"
3.980071,4.270234,body,0.000000,0.000000,0.000000,0.000000,0.000000,0.000000,0.000000,0.000000,0.000000,0.000000,0.000000,0.000000,6.433818,-3.686472,-6.151901,-0.065647,0.020307,0.016445,bmi088,0.009963717499886116,"[[-0.06285060172587002,0.018908443739562592,0.005858954398174325],[-0.06444849837991756,0.019174759848570515,0.013582121559404116],[-0.06711165946999681,0.02077265650261806,0.020240024284602212],[-0.0681769239060285,0.022370553156665602,0.026098978682776535]]",778.4329933189999,778.4341242835,21.875,109318,"[2053, 3583, -3426]","[[-71, -236, 22], [-72, -242, 51], [-78, -252, 76], [-84, -256, 98]]"
3.990070,4.280039,body,0.000000,0.000000,0.000000,0.000000,0.000000,0.000000,0.000000,0.000000,0.000000,0.000000,0.000000,0.000000,6.419453,-3.711611,-6.130353,-0.067844,0.026698,0.029694,bmi088,0.009788978000074167,"[[-0.06764429168801266,0.023968449810713145,0.030093720317895395],[-0.06711165946999681,0.02556634646476069,0.031691616971942935],[-0.06737797557900473,0.02769687533682408,0.030892668644919165],[-0.0692421883420602,0.029561088099879545,0.026098978682776535]]",778.442782297,778.443854333,21.875,109569,"[2067, 3575, -3414]","[[-90, -254, 113], [-96, -252, 119], [-104, -253, 116], [-111, -260, 98]]"
4.000072,4.290391,body,0.000000,0.000000,0.000000,0.000000,0.000000,0.000000,0.000000,0.000000,0.000000,0.000000,0.000000,0.000000,6.385336,-3.740342,-6.135740,-0.065847,0.029228,0.009321,bmi088,0.010218106000024818,"[[-0.0692421883420602,0.029561088099879545,0.019707392066586366],[-0.06791060779702057,0.02929477199087162,0.01171790879634865],[-0.06471481448892549,0.0290284558818637,0.005326322180158476],[-0.061519021180830406,0.0290284558818637,0.0005326322180158477]]",778.453000403,778.454093863,21.875,109834,"[2083, 3556, -3417]","[[-111, -260, 74], [-110, -255, 44], [-109, -243, 20], [-109, -231, 2]]"
4.010070,4.300508,body,0.000000,0.000000,0.000000,0.000000,0.000000,0.000000,0.000000,0.000000,0.000000,0.000000,0.000000,0.000000,6.378153,-3.734955,-6.133945,-0.056526,0.027364,-0.008456,bmi088,0.01000779900005,"[[-0.058855860090751166,0.02822950755483993,-0.005326322180158476],[-0.05752427954571155,0.02769687533682408,-0.009321063815277334],[-0.05566006678265608,0.02689792700980031,-0.011185276578332801],[-0.05406217012860854,0.026631610900792385,-0.007989483270237714]]",778.4630082020001,778.4640788930001,21.875,110093,"[2080, 3552, -3416]","[[-106, -221, -20], [-104, -216, -35], [-101, -209, -42], [-100, -203, -30]]"
4.020071,4.310781,body,0.000000,0.000000,0.000000,0.000000,0.000000,0.000000,0.000000,0.000000,0.000000,0.000000,0.000000,0.000000,6.381745,-3.722385,-6.155492,-0.050334,0.022104,0.003795,bmi088,0.01000045399996452,"[[-0.05219795736555307,0.024501082028728992,-0.00346210941710301],[-0.050866376820513454,0.022636869265673525,0.001864212763055467],[-0.04980111238448176,0.02077265650261806,0.0055926382891664005],[-0.04846953183944214,0.020506340393610135,0.011185276578332801]]",778.473008656,778.4741741485,21.875,110356,"[2073, 3554, -3428]","[[-92, -196, -13], [-85, -191, 7], [-78, -187, 21], [-77, -182, 42]]"
4.030071,4.320742,body,0.000000,0.000000,0.000000,0.000000,0.000000,0.000000,0.000000,0.000000,0.000000,0.000000,0.000000,0.000000,6.394314,-3.769072,-6.186019,-0.047005,0.022637,0.023702,bmi088,0.009999413499940601,"[[-0.04767058351241837,0.02077265650261806,0.017576863194522972],[-0.04767058351241837,0.021837920938649755,0.023968449810713145],[-0.047404267403410444,0.0234358175926973,0.02716424311880823],[-0.04527373853134705,0.024501082028728992,0.026098978682776535]]",778.4830080695,778.484114154,21.875,110611,"[2099, 3561, -3445]","[[-78, -179, 66], [-82, -179, 90], [-88, -178, 102], [-92, -170, 98]]"
4.040070,4.331523,body,0.000000,0.000000,0.000000,0.000000,0.000000,0.000000,0.000000,0.000000,0.000000,0.000000,0.000000,0.000000,6.379949,-3.776255,-6.139332,-0.033130,0.027058,0.010440,bmi088,0.010675122499947065,"[[-0.04101268078722027,0.025300030355752765,0.022636869265673525],[-0.03755057137011726,0.025300030355752765,0.018375811521546746],[-0.033555829734998405,0.02716424311880823,0.012783173232380344],[-0.029561088099879545,0.02822950755483993,0.004527373853134706],[-0.023968449810713145,0.02929477199087162,-0.006125270507182248]]",778.4936831919999,778.494784828,21.875,110887,"[2103, 3553, -3419]","[[-95, -154, 85], [-95, -141, 69], [-102, -126, 48], [-106, -111, 17], [-110, -90, -23]]"
4.050070,4.341523,body,0.000000,0.000000,0.000000,0.000000,0.000000,0.000000,0.000000,0.000000,0.000000,0.000000,0.000000,0.000000,6.351218,-3.760094,-6.123171,-0.013982,0.025433,-0.021039,bmi088,0.009622127000056935,"[[-0.01864212763055467,0.02849582366384785,-0.015180018213451659],[-0.01464738599543581,0.02716424311880823,-0.021305288720633905],[-0.012250541014364496,0.024501082028728992,-0.023702133701705222],[-0.01038632825130903,0.021571604829641832,-0.023968449810713145]]",778.503305319,778.5045217095,21.875,111143,"[2094, 3537, -3410]","[[-107, -70, -57], [-102, -55, -80], [-92, -46, -89], [-81, -39, -90]]"
4.060073,4.350977,body,0.000000,0.000000,0.000000,0.000000,0.000000,0.000000,0.000000,0.000000,0.000000,0.000000,0.000000,0.000000,6.372766,-3.747524,-6.157288,-0.008966,0.019885,-0.016689,bmi088,0.009619839500032867,"[[-0.009853696033293183,0.01997370817559429,-0.02210423704765768],[-0.009054747706269411,0.01997370817559429,-0.017576863194522972],[-0.007989483270237714,0.019707392066586366,-0.01038632825130903]]",778.5129251585,778.51399497,21.875,111385,"[2087, 3549, -3429]","[[-75, -37, -83], [-75, -34, -66], [-74, -30, -39]]"
4.070070,4.361094,body,0.000000,0.000000,0.000000,0.000000,0.000000,0.000000,0.000000,0.000000,0.000000,0.000000,0.000000,0.000000,6.387131,-3.769072,-6.171653,0.001132,0.019241,0.008522,bmi088,0.010022454500017375,"[[-0.004261057744126781,0.01864212763055467,-0.0021305288720633907],[0.00026631610900792384,0.018375811521546746,0.007989483270237714],[0.003728425526110934,0.019707392066586366,0.013315805450396193],[0.004793689962142629,0.020240024284602212,0.014913702104443736]]",778.522947613,778.5240079365,21.875,111644,"[2099, 3557, -3437]","[[-70, -16, -8], [-69, 1, 30], [-74, 14, 50], [-76, 18, 56]]"
4.080071,4.371484,body,0.000000,0.000000,0.000000,0.000000,0.000000,0.000000,0.000000,0.000000,0.000000,0.000000,0.000000,0.000000,6.369175,-3.770868,-6.178836,0.005459,0.017177,0.009787,bmi088,0.010200825999959307,"[[0.003728425526110934,0.019174759848570515,0.013049489341388268],[0.00346210941710301,0.017044230976507126,0.011185276578332801],[0.005326322180158476,0.01651159875849128,0.009321063815277334],[0.009321063815277334,0.01597896654047543,0.0055926382891664005]]",778.533148439,778.5342867955001,21.875,111910,"[2100, 3547, -3441]","[[-72, 14, 49], [-64, 13, 42], [-62, 20, 35], [-60, 35, 21]]"
4.090069,4.381328,body,0.000000,0.000000,0.000000,0.000000,0.000000,0.000000,0.000000,0.000000,0.000000,0.000000,0.000000,0.000000,6.326079,-3.758298,-6.141127,0.017111,0.011918,-0.013582,bmi088,0.009802002000014909,"[[0.013315805450396193,0.01464738599543581,-0.0010652644360316954],[0.01597896654047543,0.012783173232380344,-0.009587379924285258],[0.018375811521546746,0.010918960469324878,-0.018375811521546746],[0.02077265650261806,0.009321063815277334,-0.025300030355752765]]",778.542950441,778.5440083805,21.875,112162,"[2093, 3523, -3420]","[[-55, 50, -4], [-48, 60, -36], [-41, 69, -69], [-35, 78, -95]]"
4.100071,4.391523,body,0.000000,0.000000,0.000000,0.000000,0.000000,0.000000,0.000000,0.000000,0.000000,0.000000,0.000000,0.000000,6.326079,-3.740342,-6.189610,0.021438,0.003129,-0.027431,bmi088,0.01000706249999439,"[[0.021837920938649755,0.007190534943213944,-0.0290284558818637],[0.021571604829641832,0.004793689962142629,-0.03062635253591124],[0.020506340393610135,0.001597896654047543,-0.02769687533682408],[0.021837920938649755,-0.0010652644360316954,-0.022370553156665602]]",778.5529575035,778.554081924,21.875,112423,"[2083, 3523, -3447]","[[-27, 82, -109], [-18, 81, -115], [-6, 77, -104], [4, 82, -84]]"
4.110068,4.401602,body,0.000000,0.000000,0.000000,0.000000,0.000000,0.000000,0.000000,0.000000,0.000000,0.000000,0.000000,0.000000,6.358401,-3.720589,-6.157288,0.026831,-0.003928,-0.005326,bmi088,0.010015574499902868,"[[0.024501082028728992,-0.0023968449810713144,-0.01597896654047543],[0.026631610900792385,-0.003728425526110934,-0.009853696033293183],[0.02716424311880823,-0.004527373853134706,-0.0021305288720633907],[0.0290284558818637,-0.005060006071150553,0.006657902725198096]]",778.5629730779999,778.5640401375,21.875,112681,"[2072, 3541, -3429]","[[9, 92, -60], [14, 100, -37], [17, 102, -8], [19, 109, 25]]"
4.120071,4.411836,body,0.000000,0.000000,0.000000,0.000000,0.000000,0.000000,0.000000,0.000000,0.000000,0.000000,0.000000,0.000000,6.390723,-3.733159,-6.173449,0.030360,-0.007590,0.018975,bmi088,0.010139688500089505,"[[0.02929477199087162,-0.005858954398174325,0.014381069886427887],[0.030892668644919165,-0.006657902725198096,0.01997370817559429],[0.02982740420888747,-0.008788431597261486,0.021837920938649755],[0.03142530086293501,-0.009054747706269411,0.019707392066586366]]",778.5731127665,778.574175602,21.875,112943,"[2079, 3559, -3438]","[[22, 110, 54], [25, 116, 75], [33, 112, 82], [34, 118, 74]]"
4.130070,4.421953,body,0.000000,0.000000,0.000000,0.000000,0.000000,0.000000,0.000000,0.000000,0.000000,0.000000,0.000000,0.000000,6.374562,-3.724181,-6.146514,0.031825,-0.012450,0.002863,bmi088,0.009967413500021394,"[[0.031691616971942935,-0.01038632825130903,0.013315805450396193],[0.03222424918995878,-0.011451592687340724,0.006657902725198096],[0.03195793308095086,-0.013049489341388268,-0.0010652644360316954],[0.03142530086293501,-0.014913702104443736,-0.007456851052221868]]",778.58308018,778.5841669035001,21.875,113202,"[2074, 3550, -3423]","[[39, 119, 50], [43, 121, 25], [49, 120, -4], [56, 118, -28]]"
4.140071,4.431992,body,0.000000,0.000000,0.000000,0.000000,0.000000,0.000000,0.000000,0.000000,0.000000,0.000000,0.000000,0.000000,6.356605,-3.686472,-6.144719,0.037883,-0.017843,-0.022903,bmi088,0.009967845500000294,"[[0.03249056529896671,-0.01597896654047543,-0.01464738599543581],[0.03568635860706179,-0.017576863194522972,-0.02077265650261806],[0.03994741635118858,-0.017843179303530896,-0.02636529479178446],[0.04340952576829159,-0.01997370817559429,-0.02982740420888747]]",778.5930480255,778.594118589,21.875,113459,"[2053, 3540, -3422]","[[60, 122, -55], [66, 134, -78], [67, 150, -99], [75, 163, -112]]"
4.150071,4.442383,body,0.000000,0.000000,0.000000,0.000000,0.000000,0.000000,0.000000,0.000000,0.000000,0.000000,0.000000,0.000000,6.372766,-3.686472,-6.166266,0.040480,-0.026498,-0.014847,bmi088,0.010082695500045702,"[[0.043143209659283664,-0.021837920938649755,-0.027963191445832],[0.04154531300523612,-0.02556634646476069,-0.02077265650261806],[0.0391484680241648,-0.02769687533682408,-0.010652644360316953],[0.03808320358813311,-0.030892668644919165,0.0]]",778.6031307210001,778.604391752,21.875,113725,"[2053, 3549, -3434]","[[82, 162, -105], [96, 156, -78], [104, 147, -40], [116, 143, 0]]"
4.160072,4.452305,body,0.000000,0.000000,0.000000,0.000000,0.000000,0.000000,0.000000,0.000000,0.000000,0.000000,0.000000,0.000000,6.367379,-3.672107,-6.178836,0.036752,-0.031026,0.019042,bmi088,0.009880051999971329,"[[0.03728425526110934,-0.03142530086293501,0.009587379924285258],[0.037017939152101415,-0.03222424918995878,0.017576863194522972],[0.037017939152101415,-0.03062635253591124,0.023169501483689375],[0.03568635860706179,-0.02982740420888747,0.025832662573768612]]",778.613010773,778.614152314,21.875,113979,"[2045, 3546, -3441]","[[118, 140, 36], [121, 139, 66], [115, 139, 87], [112, 134, 97]]"
4.170072,4.462227,body,0.000000,0.000000,0.000000,0.000000,0.000000,0.000000,0.000000,0.000000,0.000000,0.000000,0.000000,0.000000,6.376358,-3.681085,-6.141127,0.033223,-0.029428,0.020839,bmi088,0.009955461499885132,"[[0.03302319751698256,-0.02849582366384785,0.02716424311880823],[0.031691616971942935,-0.0290284558818637,0.025033714246744842],[0.03249056529896671,-0.029561088099879545,0.020240024284602212],[0.03568635860706179,-0.03062635253591124,0.010918960469324878]]",778.6229662344999,778.6240054054999,21.875,114233,"[2050, 3551, -3420]","[[107, 124, 102], [109, 119, 94], [111, 122, 76], [115, 134, 41]]"
4.180072,4.472500,body,0.000000,0.000000,0.000000,0.000000,0.000000,0.000000,0.000000,0.000000,0.000000,0.000000,0.000000,0.000000,6.372766,-3.677494,-6.128558,0.037551,-0.029162,-0.009587,bmi088,0.01010367200001383,"[[0.03755057137011726,-0.02982740420888747,0.0007989483270237715],[0.038615835806148954,-0.029561088099879545,-0.007989483270237714],[0.037017939152101415,-0.02822950755483993,-0.01384843766841204],[0.037017939152101415,-0.0290284558818637,-0.01731054708551505]]",778.6330699064999,778.6341564224999,21.875,114496,"[2048, 3549, -3413]","[[112, 141, 3], [111, 145, -30], [106, 139, -52], [109, 139, -65]]"
4.190072,4.482461,body,0.000000,0.000000,0.000000,0.000000,0.000000,0.000000,0.000000,0.000000,0.000000,0.000000,0.000000,0.000000,6.372766,-3.661333,-6.135740,0.036019,-0.034688,-0.014714,bmi088,0.009917732500070997,"[[0.037017939152101415,-0.030360036426903318,-0.018908443739562592],[0.03728425526110934,-0.03328951362599048,-0.018375811521546746],[0.036218990825077645,-0.03568635860706179,-0.01384843766841204],[0.033555829734998405,-0.03941478413317273,-0.007723167161229791]]",778.642987639,778.644036538,21.875,114751,"[2039, 3549, -3417]","[[114, 139, -71], [125, 140, -69], [134, 136, -52], [148, 126, -29]]"
4.200073,4.492539,body,0.000000,0.000000,0.000000,0.000000,0.000000,0.000000,0.000000,0.000000,0.000000,0.000000,0.000000,0.000000,6.396110,-3.659537,-6.169858,0.022437,-0.042011,0.012583,bmi088,0.009947557000032248,"[[0.028762139772855775,-0.04234426133225989,0.00026631610900792384],[0.02290318537468145,-0.04367584187729951,0.007989483270237714],[0.01944107595757844,-0.042077945223251964,0.017044230976507126],[0.01864212763055467,-0.03994741635118858,0.025033714246744842]]",778.652935196,778.6539891350001,21.875,115009,"[2038, 3562, -3436]","[[159, 108, 1], [164, 86, 30], [158, 73, 64], [150, 70, 94]]"
4.210073,4.502813,body,0.000000,0.000000,0.000000,0.000000,0.000000,0.000000,0.000000,0.000000,0.000000,0.000000,0.000000,0.000000,6.423045,-3.690063,-6.166266,0.015779,-0.036885,0.031692,bmi088,0.010162184999899182,"[[0.018908443739562592,-0.03834951969714103,0.03062635253591124],[0.01651159875849128,-0.03728425526110934,0.033555829734998405],[0.014381069886427887,-0.036218990825077645,0.03302319751698256],[0.013315805450396193,-0.03568635860706179,0.029561088099879545]]",778.663097381,778.6641514805,21.875,115272,"[2055, 3577, -3434]","[[144, 71, 115], [140, 62, 126], [136, 54, 124], [134, 50, 111]]"
4.220071,4.512812,body,0.000000,0.000000,0.000000,0.000000,0.000000,0.000000,0.000000,0.000000,0.000000,0.000000,0.000000,0.000000,6.419453,-3.681085,-6.124966,0.017244,-0.032224,0.008855,bmi088,0.009856516000013471,"[[0.01651159875849128,-0.0346210941710301,0.022370553156665602],[0.018375811521546746,-0.03302319751698256,0.01384843766841204],[0.018109495412538822,-0.030892668644919165,0.003994741635118857],[0.01597896654047543,-0.030360036426903318,-0.004793689962142629]]",778.672953897,778.674061917,21.875,115528,"[2050, 3575, -3411]","[[130, 62, 84], [124, 69, 52], [116, 68, 15], [114, 60, -18]]"
4.230069,4.523047,body,0.000000,0.000000,0.000000,0.000000,0.000000,0.000000,0.000000,0.000000,0.000000,0.000000,0.000000,0.000000,6.397905,-3.652355,-6.126762,0.015713,-0.030560,-0.014647,bmi088,0.010114472000054775,"[[0.01464738599543581,-0.031158984753927088,-0.01171790879634865],[0.015446334322459582,-0.031691616971942935,-0.015446334322459582],[0.01597896654047543,-0.030892668644919165,-0.016245282649483356],[0.016777914867499202,-0.02849582366384785,-0.015180018213451659]]",778.683068369,778.6841444204999,21.875,115790,"[2034, 3563, -3412]","[[117, 55, -44], [119, 58, -58], [116, 60, -61], [107, 63, -57]]"
4.240072,4.533086,body,0.000000,0.000000,0.000000,0.000000,0.000000,0.000000,0.000000,0.000000,0.000000,0.000000,0.000000,0.000000,6.433818,-3.646968,-6.159084,0.013316,-0.029361,0.003329,bmi088,0.009924372499995116,"[[0.015446334322459582,-0.027430559227816155,-0.009321063815277334],[0.014913702104443736,-0.027963191445832,-0.001331580545039619],[0.013315805450396193,-0.02982740420888747,0.00825579937924564],[0.009587379924285258,-0.03222424918995878,0.015712650431467506]]",778.6929927415,778.6940786655,21.875,116047,"[2031, 3583, -3430]","[[103, 58, -35], [105, 56, -5], [112, 50, 31], [121, 36, 59]]"
4.250074,4.543047,body,0.000000,0.000000,0.000000,0.000000,0.000000,0.000000,0.000000,0.000000,0.000000,0.000000,0.000000,0.000000,6.421249,-3.673902,-6.171653,-0.000133,-0.031425,0.027830,bmi088,0.009884707999958664,"[[0.004793689962142629,-0.03328951362599048,0.02290318537468145],[0.00026631610900792384,-0.03382214584400633,0.027430559227816155],[-0.001864212763055467,-0.030892668644919165,0.030360036426903318],[-0.003728425526110934,-0.02769687533682408,0.03062635253591124]]",778.7028774495,778.703933133,21.875,116302,"[2046, 3576, -3437]","[[125, 18, 86], [127, 1, 103], [116, -7, 114], [104, -14, 115]]"
4.260073,4.553164,body,0.000000,0.000000,0.000000,0.000000,0.000000,0.000000,0.000000,0.000000,0.000000,0.000000,0.000000,0.000000,6.428431,-3.663129,-6.144719,-0.007657,-0.017843,0.020839,bmi088,0.010018118500056516,"[[-0.005858954398174325,-0.02290318537468145,0.027963191445832],[-0.007190534943213944,-0.019174759848570515,0.02423476591972107],[-0.008788431597261486,-0.015446334322459582,0.01864212763055467],[-0.008788431597261486,-0.01384843766841204,0.012516857123372421]]",778.712895568,778.7139656035,21.875,116561,"[2040, 3580, -3422]","[[86, -22, 105], [72, -27, 91], [58, -33, 70], [52, -33, 47]]"
4.270068,4.563281,body,0.000000,0.000000,0.000000,0.000000,0.000000,0.000000,0.000000,0.000000,0.000000,0.000000,0.000000,0.000000,6.403292,-3.663129,-6.126762,-0.005992,-0.012783,-0.005659,bmi088,0.010038567000037801,"[[-0.007456851052221868,-0.013315805450396193,0.003195793308095086],[-0.006391586616190172,-0.013049489341388268,-0.004261057744126781],[-0.005060006071150553,-0.013049489341388268,-0.009853696033293183],[-0.005060006071150553,-0.01171790879634865,-0.01171790879634865]]",778.7229341350001,778.7239616735001,21.875,116820,"[2040, 3566, -3412]","[[50, -28, 12], [49, -24, -16], [49, -19, -37], [44, -19, -44]]"
4.280077,4.573555,body,0.000000,0.000000,0.000000,0.000000,0.000000,0.000000,0.000000,0.000000,0.000000,0.000000,0.000000,0.000000,6.424840,-3.657742,-6.141127,-0.004061,-0.006658,-0.010453,bmi088,0.010125271999868346,"[[-0.003728425526110934,-0.009587379924285258,-0.01384843766841204],[-0.003994741635118857,-0.007723167161229791,-0.014114753777419964],[-0.003728425526110934,-0.005326322180158476,-0.01038632825130903],[-0.004793689962142629,-0.003994741635118857,-0.00346210941710301]]",778.7330594069999,778.734127011,21.875,117083,"[2037, 3578, -3420]","[[36, -14, -52], [29, -15, -53], [20, -14, -39], [15, -18, -13]]"
4.290070,4.583555,body,0.000000,0.000000,0.000000,0.000000,0.000000,0.000000,0.000000,0.000000,0.000000,0.000000,0.000000,0.000000,6.410475,-3.672107,-6.155492,-0.011185,-0.000666,0.014448,bmi088,0.009913829000083751,"[[-0.006657902725198096,-0.0021305288720633907,0.004527373853134706],[-0.009321063815277334,-0.001597896654047543,0.011451592687340724],[-0.013049489341388268,0.0,0.018375811521546746],[-0.015712650431467506,0.0010652644360316954,0.0234358175926973]]",778.742973236,778.744020663,21.875,117339,"[2045, 3570, -3428]","[[8, -25, 17], [6, -35, 43], [0, -49, 69], [-4, -59, 88]]"
4.300067,4.593672,body,0.000000,0.000000,0.000000,0.000000,0.000000,0.000000,0.000000,0.000000,0.000000,0.000000,0.000000,0.000000,6.423045,-3.695450,-6.169858,-0.017111,0.006791,0.020706,bmi088,0.00993581299997004,"[[-0.017044230976507126,0.00346210941710301,0.025832662573768612],[-0.017044230976507126,0.005858954398174325,0.02423476591972107],[-0.017044230976507126,0.008522115488253563,0.01997370817559429],[-0.01731054708551505,0.009321063815277334,0.012783173232380344]]",778.752909049,778.7539906205,21.875,117598,"[2058, 3577, -3436]","[[-13, -64, 97], [-22, -64, 91], [-32, -64, 75], [-35, -65, 48]]"
4.310066,4.603750,body,0.000000,0.000000,0.000000,0.000000,0.000000,0.000000,0.000000,0.000000,0.000000,0.000000,0.000000,0.000000,6.390723,-3.675698,-6.139332,-0.013982,0.012583,-0.007457,bmi088,0.010007798000060575,"[[-0.016777914867499202,0.009853696033293183,0.004261057744126781],[-0.015180018213451659,0.011451592687340724,-0.004261057744126781],[-0.012516857123372421,0.01384843766841204,-0.01171790879634865],[-0.011451592687340724,0.015180018213451659,-0.018109495412538822]]",778.762916847,778.76396965,21.875,117856,"[2047, 3559, -3419]","[[-37, -63, 16], [-43, -57, -16], [-52, -47, -44], [-57, -43, -68]]"
4.320068,4.613984,body,0.000000,0.000000,0.000000,0.000000,0.000000,0.000000,0.000000,0.000000,0.000000,0.000000,0.000000,0.000000,6.414066,-3.673902,-6.132149,-0.014647,0.018109,-0.023103,bmi088,0.010127015999955802,"[[-0.012250541014364496,0.015712650431467506,-0.0234358175926973],[-0.015180018213451659,0.01731054708551505,-0.02636529479178446],[-0.016245282649483356,0.018908443739562592,-0.02423476591972107],[-0.014913702104443736,0.020506340393610135,-0.018375811521546746]]",778.773043863,778.774111291,21.875,118118,"[2046, 3572, -3415]","[[-59, -46, -88], [-65, -57, -99], [-71, -61, -91], [-77, -56, -69]]"
4.330073,4.624141,body,0.000000,0.000000,0.000000,0.000000,0.000000,0.000000,0.000000,0.000000,0.000000,0.000000,0.000000,0.000000,6.410475,-3.682881,-6.135740,-0.016179,0.017843,-0.000133,bmi088,0.00996949400007452,"[[-0.013582121559404116,0.01944107595757844,-0.01038632825130903],[-0.01384843766841204,0.017576863194522972,-0.004261057744126781],[-0.017044230976507126,0.01651159875849128,0.00346210941710301],[-0.020240024284602212,0.017843179303530896,0.010652644360316953]]",778.7830133570001,778.784125889,21.875,118378,"[2051, 3570, -3417]","[[-73, -51, -39], [-66, -52, -16], [-62, -64, 13], [-67, -76, 40]]"
4.340073,4.634375,body,0.000000,0.000000,0.000000,0.000000,0.000000,0.000000,0.000000,0.000000,0.000000,0.000000,0.000000,0.000000,6.403292,-3.690063,-6.162675,-0.023702,0.022850,0.013955,bmi088,0.010189160999971136,"[[-0.0234358175926973,0.020506340393610135,0.015712650431467506],[-0.025033714246744842,0.022370553156665602,0.016777914867499202],[-0.02423476591972107,0.023702133701705222,0.015180018213451659],[-0.023702133701705222,0.0234358175926973,0.012783173232380344],[-0.02210423704765768,0.02423476591972107,0.009321063815277334]]",778.793202518,778.79426745,21.875,118640,"[2055, 3566, -3432]","[[-77, -88, 59], [-84, -94, 63], [-89, -91, 57], [-88, -89, 48], [-91, -83, 35]]"
4.350078,4.644453,body,0.000000,0.000000,0.000000,0.000000,0.000000,0.000000,0.000000,0.000000,0.000000,0.000000,0.000000,0.000000,6.390723,-3.699042,-6.146514,-0.020506,0.026898,0.001065,bmi088,0.009992534499929207,"[[-0.021837920938649755,0.025033714246744842,0.005326322180158476],[-0.020506340393610135,0.027430559227816155,0.001331580545039619],[-0.019174759848570515,0.02822950755483993,-0.00346210941710301]]",778.8031950525,778.804226239,21.875,118898,"[2060, 3559, -3423]","[[-94, -82, 20], [-103, -77, 5], [-106, -72, -13]]"
4.360070,4.654414,body,0.000000,0.000000,0.000000,0.000000,0.000000,0.000000,0.000000,0.000000,0.000000,0.000000,0.000000,0.000000,6.394314,-3.673902,-6.146514,-0.016778,0.029428,-0.015979,bmi088,0.009761425499959842,"[[-0.017044230976507126,0.028762139772855775,-0.009587379924285258],[-0.015712650431467506,0.02929477199087162,-0.016245282649483356],[-0.01651159875849128,0.02982740420888747,-0.019174759848570515],[-0.017843179303530896,0.02982740420888747,-0.018908443739562592]]",778.8129564779999,778.8140784985001,21.875,119153,"[2046, 3561, -3423]","[[-108, -64, -36], [-110, -59, -61], [-112, -62, -72], [-112, -67, -71]]"
4.370071,4.664453,body,0.000000,0.000000,0.000000,0.000000,0.000000,0.000000,0.000000,0.000000,0.000000,0.000000,0.000000,0.000000,6.367379,-3.716998,-6.159084,-0.020639,0.029761,-0.010986,bmi088,0.00999167000009038,"[[-0.01944107595757844,0.029561088099879545,-0.01597896654047543],[-0.020506340393610135,0.02929477199087162,-0.013582121559404116],[-0.021038972611625982,0.029561088099879545,-0.009321063815277334],[-0.021571604829641832,0.03062635253591124,-0.005060006071150553]]",778.822948148,778.8239999269999,21.875,119410,"[2070, 3546, -3430]","[[-111, -73, -60], [-110, -77, -51], [-111, -79, -35], [-115, -81, -19]]"
4.380072,4.675078,body,0.000000,0.000000,0.000000,0.000000,0.000000,0.000000,0.000000,0.000000,0.000000,0.000000,0.000000,0.000000,6.370971,-3.686472,-6.153697,-0.021092,0.029561,0.005646,bmi088,0.010388637000005474,"[[-0.01997370817559429,0.03222424918995878,0.001331580545039619],[-0.01997370817559429,0.031691616971942935,0.005326322180158476],[-0.021038972611625982,0.02982740420888747,0.007989483270237714],[-0.02210423704765768,0.02769687533682408,0.007190534943213944],[-0.022370553156665602,0.02636529479178446,0.006391586616190172]]",778.833336785,778.834478406,21.875,119682,"[2053, 3548, -3427]","[[-121, -75, 5], [-119, -75, 20], [-112, -79, 30], [-104, -83, 27], [-99, -84, 24]]"
4.390068,4.684648,body,0.000000,0.000000,0.000000,0.000000,0.000000,0.000000,0.000000,0.000000,0.000000,0.000000,0.000000,0.000000,6.383540,-3.697246,-6.153697,-0.021483,0.025034,0.002752,bmi088,0.009621535499945821,"[[-0.021305288720633905,0.02556634646476069,0.005326322180158476],[-0.021571604829641832,0.024501082028728992,0.003195793308095086],[-0.021571604829641832,0.025033714246744842,-0.00026631610900792384]]",778.8429583205,778.843985859,21.875,119927,"[2059, 3555, -3427]","[[-96, -80, 20], [-92, -81, 12], [-94, -81, -1]]"
4.400070,4.694883,body,0.000000,0.000000,0.000000,0.000000,0.000000,0.000000,0.000000,0.000000,0.000000,0.000000,0.000000,0.000000,6.381745,-3.727772,-6.155492,-0.018775,0.027697,-0.005127,bmi088,0.009981061499956922,"[[-0.020506340393610135,0.02636529479178446,-0.0029294771990871623],[-0.019174759848570515,0.02769687533682408,-0.004793689962142629],[-0.018109495412538822,0.02849582366384785,-0.006391586616190172],[-0.01731054708551505,0.02822950755483993,-0.006391586616190172]]",778.8529393819999,778.854083387,21.875,120189,"[2076, 3554, -3428]","[[-99, -77, -11], [-104, -72, -18], [-107, -68, -24], [-106, -65, -24]]"
4.410068,4.704961,body,0.000000,0.000000,0.000000,0.000000,0.000000,0.000000,0.000000,0.000000,0.000000,0.000000,0.000000,0.000000,6.347627,-3.736750,-6.130353,-0.015713,0.024834,-0.008456,bmi088,0.009914917000060086,"[[-0.016245282649483356,0.02716424311880823,-0.006391586616190172],[-0.016245282649483356,0.025300030355752765,-0.00692421883420602],[-0.015446334322459582,0.023968449810713145,-0.009587379924285258],[-0.014913702104443736,0.02290318537468145,-0.010918960469324878]]",778.862854299,778.8640605610001,21.875,120447,"[2081, 3535, -3414]","[[-102, -61, -24], [-95, -61, -26], [-90, -58, -36], [-86, -56, -41]]"
4.420070,4.715078,body,0.000000,0.000000,0.000000,0.000000,0.000000,0.000000,0.000000,0.000000,0.000000,0.000000,0.000000,0.000000,6.360197,-3.729568,-6.150106,-0.014448,0.020506,-0.009055,bmi088,0.010126696000043012,"[[-0.012516857123372421,0.022636869265673525,-0.01171790879634865],[-0.012783173232380344,0.02077265650261806,-0.010120012142301106],[-0.014381069886427887,0.01997370817559429,-0.009054747706269411],[-0.018109495412538822,0.01864212763055467,-0.005326322180158476]]",778.872980995,778.874078519,21.875,120706,"[2077, 3542, -3425]","[[-85, -47, -44], [-78, -48, -38], [-75, -54, -34], [-70, -68, -20]]"
4.430073,4.725313,body,0.000000,0.000000,0.000000,0.000000,0.000000,0.000000,0.000000,0.000000,0.000000,0.000000,0.000000,0.000000,6.360197,-3.702633,-6.184223,-0.017710,0.015313,0.007324,bmi088,0.010121848499920816,"[[-0.019707392066586366,0.017576863194522972,-0.00026631610900792384],[-0.01944107595757844,0.016245282649483356,0.005858954398174325],[-0.016777914867499202,0.014381069886427887,0.010918960469324878],[-0.014913702104443736,0.013049489341388268,0.012783173232380344]]",778.8831028435,778.884192175,21.875,120968,"[2062, 3542, -3444]","[[-66, -74, -1], [-61, -73, 22], [-54, -63, 41], [-49, -56, 48]]"
4.440071,4.735273,body,0.000000,0.000000,0.000000,0.000000,0.000000,0.000000,0.000000,0.000000,0.000000,0.000000,0.000000,0.000000,6.347627,-3.734955,-6.169858,-0.011651,0.010253,0.011318,bmi088,0.009872995500018078,"[[-0.013315805450396193,0.010652644360316953,0.01384843766841204],[-0.011984224905356573,0.010652644360316953,0.01384843766841204],[-0.010918960469324878,0.010120012142301106,0.010918960469324878],[-0.01038632825130903,0.009587379924285258,0.006657902725198096]]",778.892975839,778.8940445630001,21.875,121223,"[2080, 3535, -3436]","[[-40, -50, 52], [-40, -45, 52], [-38, -41, 41], [-36, -39, 25]]"
4.450070,4.745078,body,0.000000,0.000000,0.000000,0.000000,0.000000,0.000000,0.000000,0.000000,0.000000,0.000000,0.000000,0.000000,6.335058,-3.716998,-6.137536,-0.012583,0.006258,-0.001664,bmi088,0.009727777500074808,"[[-0.011984224905356573,0.007989483270237714,0.001331580545039619],[-0.013315805450396193,0.006391586616190172,-0.001597896654047543],[-0.013582121559404116,0.005858954398174325,-0.0029294771990871623],[-0.011451592687340724,0.004793689962142629,-0.00346210941710301]]",778.9027036165,778.903745091,21.875,121474,"[2070, 3528, -3418]","[[-30, -45, 5], [-24, -50, -6], [-22, -51, -11], [-18, -43, -13]]"
4.460071,4.755508,body,0.000000,0.000000,0.000000,0.000000,0.000000,0.000000,0.000000,0.000000,0.000000,0.000000,0.000000,0.000000,6.327875,-3.708020,-6.155492,-0.006125,-0.000932,-0.002197,bmi088,0.010289643499959311,"[[-0.008788431597261486,0.003994741635118857,-0.003728425526110934],[-0.006391586616190172,0.0010652644360316954,-0.003728425526110934],[-0.005060006071150553,-0.002663161090079238,-0.001864212763055467],[-0.004261057744126781,-0.006125270507182248,0.0005326322180158477]]",778.91299326,778.914036783,21.875,121741,"[2065, 3524, -3428]","[[-15, -33, -14], [-4, -24, -14], [10, -19, -7], [23, -16, 2]]"
4.470070,4.765547,body,0.000000,0.000000,0.000000,0.000000,0.000000,0.000000,0.000000,0.000000,0.000000,0.000000,0.000000,0.000000,6.327875,-3.733159,-6.150106,-0.006658,-0.006458,0.003728,bmi088,0.009949188999939906,"[[-0.005060006071150553,-0.006657902725198096,0.0023968449810713144],[-0.006391586616190172,-0.006125270507182248,0.0029294771990871623],[-0.007723167161229791,-0.005858954398174325,0.003994741635118857],[-0.007456851052221868,-0.007190534943213944,0.0055926382891664005]]",778.922942449,778.9239896839999,21.875,121998,"[2079, 3524, -3425]","[[25, -19, 9], [23, -24, 11], [22, -29, 15], [27, -28, 21]]"
4.480069,4.775859,body,0.000000,0.000000,0.000000,0.000000,0.000000,0.000000,0.000000,0.000000,0.000000,0.000000,0.000000,0.000000,6.365584,-3.733159,-6.153697,-0.004128,-0.009987,0.013782,bmi088,0.01015972100003637,"[[-0.00692421883420602,-0.009321063815277334,0.009853696033293183],[-0.005858954398174325,-0.01038632825130903,0.014114753777419964],[-0.003728425526110934,-0.01038632825130903,0.01597896654047543],[0.0,-0.009853696033293183,0.015180018213451659]]",778.93310217,778.934149149,21.875,122262,"[2079, 3545, -3427]","[[35, -26, 37], [39, -22, 53], [39, -14, 60], [37, 0, 57]]"
4.490069,4.786133,body,0.000000,0.000000,0.000000,0.000000,0.000000,0.000000,0.000000,0.000000,0.000000,0.000000,0.000000,0.000000,6.356605,-3.733159,-6.168062,0.007723,-0.010453,0.007390,bmi088,0.010031078499991963,"[[0.004793689962142629,-0.009321063815277334,0.012516857123372421],[0.007190534943213944,-0.009321063815277334,0.009853696033293183],[0.009054747706269411,-0.01038632825130903,0.005858954398174325],[0.009853696033293183,-0.012783173232380344,0.001331580545039619]]",778.9431332485,778.9443339745001,21.875,122525,"[2079, 3540, -3435]","[[35, 18, 47], [35, 27, 37], [39, 34, 22], [48, 37, 5]]"
4.500072,4.795977,body,0.000000,0.000000,0.000000,0.000000,0.000000,0.000000,0.000000,0.000000,0.000000,0.000000,0.000000,0.000000,6.356605,-3.713407,-6.171653,0.011585,-0.017177,-0.005060,bmi088,0.00986525149994577,"[[0.01038632825130903,-0.014381069886427887,-0.0023968449810713144],[0.01038632825130903,-0.016245282649483356,-0.0055926382891664005],[0.011451592687340724,-0.018109495412538822,-0.006657902725198096],[0.014114753777419964,-0.01997370817559429,-0.0055926382891664005]]",778.9529984999999,778.95407412,21.875,122777,"[2068, 3540, -3437]","[[54, 39, -9], [61, 39, -21], [68, 43, -25], [75, 53, -21]]"
4.510070,4.806250,body,0.000000,0.000000,0.000000,0.000000,0.000000,0.000000,0.000000,0.000000,0.000000,0.000000,0.000000,0.000000,6.383540,-3.724181,-6.164471,0.014314,-0.021971,0.001798,bmi088,0.010099752000087392,"[[0.015712650431467506,-0.02077265650261806,-0.00346210941710301],[0.015712650431467506,-0.021571604829641832,-0.0005326322180158477],[0.01384843766841204,-0.022636869265673525,0.003195793308095086],[0.011984224905356573,-0.02290318537468145,0.007989483270237714]]",778.963098252,778.9642182085,21.875,123040,"[2074, 3555, -3433]","[[78, 59, -13], [81, 59, -2], [85, 52, 12], [86, 45, 30]]"
4.520071,4.816250,body,0.000000,0.000000,0.000000,0.000000,0.000000,0.000000,0.000000,0.000000,0.000000,0.000000,0.000000,0.000000,6.399701,-3.724181,-6.162675,0.013516,-0.021372,0.014448,bmi088,0.009899380499973631,"[[0.010652644360316953,-0.021837920938649755,0.013049489341388268],[0.012783173232380344,-0.021571604829641832,0.015180018213451659],[0.014381069886427887,-0.021305288720633905,0.015446334322459582],[0.016245282649483356,-0.02077265650261806,0.014114753777419964]]",778.9729976325,778.974117125,21.875,123296,"[2074, 3564, -3432]","[[82, 40, 49], [81, 48, 57], [80, 54, 58], [78, 61, 53]]"
4.530066,4.826328,body,0.000000,0.000000,0.000000,0.000000,0.000000,0.000000,0.000000,0.000000,0.000000,0.000000,0.000000,0.000000,6.361992,-3.708020,-6.144719,0.019175,-0.020307,0.007923,bmi088,0.009988277500042386,"[[0.016777914867499202,-0.01997370817559429,0.012516857123372421],[0.018109495412538822,-0.019707392066586366,0.010652644360316953],[0.020240024284602212,-0.020240024284602212,0.006391586616190172],[0.021571604829641832,-0.021305288720633905,0.0021305288720633907]]",778.98298591,778.9840618339999,21.875,123554,"[2065, 3543, -3422]","[[75, 63, 47], [74, 68, 40], [76, 76, 24], [80, 81, 8]]"
4.540069,4.836523,body,0.000000,0.000000,0.000000,0.000000,0.000000,0.000000,0.000000,0.000000,0.000000,0.000000,0.000000,0.000000,6.356605,-3.686472,-6.168062,0.023103,-0.026432,-0.006325,bmi088,0.010078776000000289,"[[0.022636869265673525,-0.02290318537468145,-0.0023968449810713144],[0.023702133701705222,-0.025300030355752765,-0.005858954398174325],[0.0234358175926973,-0.02769687533682408,-0.008522115488253563],[0.022636869265673525,-0.02982740420888747,-0.008522115488253563]]",778.993064686,778.9942985805001,21.875,123815,"[2053, 3540, -3435]","[[86, 85, -9], [95, 89, -22], [104, 88, -32], [112, 85, -32]]"
4.550074,4.846484,body,0.000000,0.000000,0.000000,0.000000,0.000000,0.000000,0.000000,0.000000,0.000000,0.000000,0.000000,0.000000,6.385336,-3.695450,-6.177040,0.023369,-0.028629,0.000599,bmi088,0.00990568399993208,"[[0.022370553156665602,-0.02982740420888747,-0.0055926382891664005],[0.0234358175926973,-0.028762139772855775,-0.0005326322180158477],[0.02423476591972107,-0.02769687533682408,0.0029294771990871623],[0.0234358175926973,-0.02822950755483993,0.0055926382891664005]]",779.00297037,779.004030022,21.875,124070,"[2058, 3556, -3440]","[[112, 84, -21], [108, 88, -2], [104, 91, 11], [106, 88, 21]]"
4.560071,4.856523,body,0.000000,0.000000,0.000000,0.000000,0.000000,0.000000,0.000000,0.000000,0.000000,0.000000,0.000000,0.000000,6.414066,-3.693655,-6.155492,0.020040,-0.030893,0.013915,bmi088,0.009916629000031207,"[[0.0234358175926973,-0.030360036426903318,0.008788431597261486],[0.022370553156665602,-0.03142530086293501,0.013315805450396193],[0.019174759848570515,-0.03142530086293501,0.016245282649483356],[0.015180018213451659,-0.030360036426903318,0.01731054708551505]]",779.012886999,779.013943226,21.875,124327,"[2057, 3572, -3428]","[[114, 88, 33], [118, 84, 50], [118, 72, 61], [114, 57, 65]]"
4.570071,4.867539,body,0.000000,0.000000,0.000000,0.000000,0.000000,0.000000,0.000000,0.000000,0.000000,0.000000,0.000000,0.000000,6.396110,-3.684676,-6.150106,0.018323,-0.025353,0.009108,bmi088,0.010733075000075587,"[[0.01384843766841204,-0.0290284558818637,0.015712650431467506],[0.015712650431467506,-0.02716424311880823,0.01384843766841204],[0.018109495412538822,-0.025300030355752765,0.009853696033293183],[0.020506340393610135,-0.0234358175926973,0.0055926382891664005],[0.0234358175926973,-0.021837920938649755,0.0005326322180158477]]",779.0236200740001,779.0248538569999,21.875,124609,"[2052, 3562, -3425]","[[109, 52, 59], [102, 59, 52], [95, 68, 37], [88, 77, 21], [82, 88, 2]]"
4.580072,4.876875,body,0.000000,0.000000,0.000000,0.000000,0.000000,0.000000,0.000000,0.000000,0.000000,0.000000,0.000000,0.000000,6.363788,-3.673902,-6.142923,0.024324,-0.023436,-0.007102,bmi088,0.009382074999962242,"[[0.02476739813773692,-0.02210423704765768,-0.00346210941710301],[0.02476739813773692,-0.023702133701705222,-0.007456851052221868],[0.0234358175926973,-0.024501082028728992,-0.01038632825130903]]",779.033002149,779.034079449,21.875,124848,"[2046, 3544, -3421]","[[83, 93, -13], [89, 93, -28], [92, 88, -39]]"
4.590069,4.886992,body,0.000000,0.000000,0.000000,0.000000,0.000000,0.000000,0.000000,0.000000,0.000000,0.000000,0.000000,0.000000,6.385336,-3.663129,-6.148310,0.021106,-0.024834,-0.007324,bmi088,0.01000965449998148,"[[0.02290318537468145,-0.023968449810713145,-0.012250541014364496],[0.02210423704765768,-0.023968449810713145,-0.01038632825130903],[0.02077265650261806,-0.025033714246744842,-0.005858954398174325],[0.01864212763055467,-0.02636529479178446,-0.0007989483270237715]]",779.0430118035,779.0440549425,21.875,125107,"[2040, 3556, -3424]","[[90, 86, -46], [90, 83, -39], [94, 78, -22], [99, 70, -3]]"
4.600070,4.895781,body,0.000000,0.000000,0.000000,0.000000,0.000000,0.000000,0.000000,0.000000,0.000000,0.000000,0.000000,0.000000,6.428431,-3.677494,-6.164471,0.013582,-0.022770,0.009721,bmi088,0.00890134600001602,"[[0.01597896654047543,-0.025832662573768612,0.004261057744126781],[0.01384843766841204,-0.02423476591972107,0.007723167161229791],[0.012250541014364496,-0.021305288720633905,0.011984224905356573],[0.012250541014364496,-0.019707392066586366,0.014913702104443736]]",779.0519131495,779.0527352285001,21.875,125332,"[2048, 3580, -3433]","[[97, 60, 16], [91, 52, 29], [80, 46, 45], [74, 46, 56]]"
4.610078,4.907461,body,0.000000,0.000000,0.000000,0.000000,0.000000,0.000000,0.000000,0.000000,0.000000,0.000000,0.000000,0.000000,6.419453,-3.686472,-6.148310,0.014914,-0.014781,0.014847,bmi088,0.01116469949988641,"[[0.013049489341388268,-0.017044230976507126,0.017044230976507126],[0.015180018213451659,-0.015180018213451659,0.01731054708551505],[0.01597896654047543,-0.013582121559404116,0.014913702104443736],[0.015446334322459582,-0.013315805450396193,0.010120012142301106]]",779.0630778489999,779.0643282235001,21.875,125631,"[2053, 3575, -3424]","[[64, 49, 64], [57, 57, 65], [51, 60, 56], [50, 58, 38]]"
4.620071,4.917344,body,0.000000,0.000000,0.000000,0.000000,0.000000,0.000000,0.000000,0.000000,0.000000,0.000000,0.000000,0.000000,6.392518,-3.663129,-6.124966,0.013183,-0.011119,-0.001065,bmi088,0.00990920400010964,"[[0.013582121559404116,-0.011984224905356573,0.004793689962142629],[0.012783173232380344,-0.011185276578332801,0.0005326322180158477],[0.012783173232380344,-0.010652644360316953,-0.003195793308095086],[0.013582121559404116,-0.010652644360316953,-0.006391586616190172]]",779.072987053,779.0740965135001,21.875,125884,"[2040, 3560, -3411]","[[45, 51, 18], [42, 48, 2], [40, 48, -12], [40, 51, -24]]"
4.630068,4.927617,body,0.000000,0.000000,0.000000,0.000000,0.000000,0.000000,0.000000,0.000000,0.000000,0.000000,0.000000,0.000000,6.383540,-3.675698,-6.128558,0.011518,-0.009920,-0.011119,bmi088,0.010103128499963532,"[[0.013582121559404116,-0.01038632825130903,-0.009853696033293183],[0.012250541014364496,-0.009587379924285258,-0.01171790879634865],[0.010918960469324878,-0.009853696033293183,-0.012250541014364496],[0.009321063815277334,-0.009853696033293183,-0.010652644360316953]]",779.0830901815,779.084229322,21.875,126147,"[2047, 3555, -3413]","[[39, 51, -37], [36, 46, -44], [37, 41, -46], [37, 35, -40]]"
4.640133,4.937734,body,0.000000,0.000000,0.000000,0.000000,0.000000,0.000000,0.000000,0.000000,0.000000,0.000000,0.000000,0.000000,6.442797,-3.670311,-6.178836,0.006724,-0.008456,0.001132,bmi088,0.010095399499959967,"[[0.008788431597261486,-0.01038632825130903,-0.007190534943213944],[0.00825579937924564,-0.009054747706269411,-0.0021305288720633907],[0.006125270507182248,-0.007989483270237714,0.003728425526110934],[0.003728425526110934,-0.006391586616190172,0.010120012142301106]]",779.093185581,779.094242352,21.875,126406,"[2044, 3588, -3441]","[[39, 33, -27], [34, 31, -8], [30, 23, 14], [24, 14, 38]]"
4.650072,4.947578,body,0.000000,0.000000,0.000000,0.000000,0.000000,0.000000,0.000000,0.000000,0.000000,0.000000,0.000000,0.000000,6.408679,-3.668515,-6.139332,-0.002131,-0.003529,0.015446,bmi088,0.009747281500040117,"[[0.0007989483270237715,-0.0055926382891664005,0.014381069886427887],[-0.001597896654047543,-0.004527373853134706,0.017044230976507126],[-0.00346210941710301,-0.0029294771990871623,0.01651159875849128],[-0.004261057744126781,-0.0010652644360316954,0.01384843766841204]]",779.1029328625,779.103985042,21.875,126658,"[2043, 3569, -3419]","[[21, 3, 54], [17, -6, 64], [11, -13, 62], [4, -16, 52]]"
4.660070,4.957695,body,0.000000,0.000000,0.000000,0.000000,0.000000,0.000000,0.000000,0.000000,0.000000,0.000000,0.000000,0.000000,6.410475,-3.688268,-6.121375,-0.003262,0.003196,0.004727,bmi088,0.0100069344999838,"[[-0.004261057744126781,0.001597896654047543,0.010120012142301106],[-0.003728425526110934,0.0023968449810713144,0.00692421883420602],[-0.002663161090079238,0.003994741635118857,0.003195793308095086],[-0.0023968449810713144,0.004793689962142629,-0.001331580545039619]]",779.112939797,779.113998456,21.875,126917,"[2054, 3570, -3409]","[[-6, -16, 38], [-9, -14, 26], [-15, -10, 12], [-18, -9, -5]]"
4.670074,4.967812,body,0.000000,0.000000,0.000000,0.000000,0.000000,0.000000,0.000000,0.000000,0.000000,0.000000,0.000000,0.000000,6.396110,-3.681085,-6.142923,-0.000999,0.006192,-0.010253,bmi088,0.009995334000109324,"[[-0.0005326322180158477,0.0055926382891664005,-0.005858954398174325],[-0.00026631610900792384,0.006391586616190172,-0.009587379924285258],[-0.00026631610900792384,0.006125270507182248,-0.011451592687340724],[-0.0029294771990871623,0.006657902725198096,-0.014114753777419964]]",779.1229351310001,779.1239809260001,21.875,127176,"[2050, 3562, -3421]","[[-21, -2, -22], [-24, -1, -36], [-23, -1, -43], [-25, -11, -53]]"
4.680071,4.978203,body,0.000000,0.000000,0.000000,0.000000,0.000000,0.000000,0.000000,0.000000,0.000000,0.000000,0.000000,0.000000,6.412271,-3.684676,-6.162675,-0.006991,0.008189,-0.009854,bmi088,0.010231225999859817,"[[-0.005326322180158476,0.006657902725198096,-0.014381069886427887],[-0.006657902725198096,0.007989483270237714,-0.012783173232380344],[-0.00692421883420602,0.009054747706269411,-0.008522115488253563],[-0.009054747706269411,0.009054747706269411,-0.003728425526110934]]",779.1331663569999,779.1342456089999,21.875,127442,"[2052, 3571, -3432]","[[-25, -20, -54], [-30, -25, -48], [-34, -26, -32], [-34, -34, -14]]"
4.690072,4.988125,body,0.000000,0.000000,0.000000,0.000000,0.000000,0.000000,0.000000,0.000000,0.000000,0.000000,0.000000,0.000000,6.415862,-3.681085,-6.173449,-0.017244,0.009721,0.006858,bmi088,0.009853827500137413,"[[-0.013582121559404116,0.009054747706269411,0.0007989483270237715],[-0.017044230976507126,0.009321063815277334,0.004793689962142629],[-0.018908443739562592,0.009853696033293183,0.009321063815277334],[-0.01944107595757844,0.010652644360316953,0.012516857123372421]]",779.1430201845001,779.144069004,21.875,127696,"[2050, 3573, -3438]","[[-34, -51, 3], [-35, -64, 18], [-37, -71, 35], [-40, -73, 47]]"
4.700073,4.998164,body,0.000000,0.000000,0.000000,0.000000,0.000000,0.000000,0.000000,0.000000,0.000000,0.000000,0.000000,0.000000,6.388927,-3.672107,-6.166266,-0.017244,0.014181,0.013649,bmi088,0.00989598849992035,"[[-0.01944107595757844,0.010652644360316953,0.01597896654047543],[-0.019174759848570515,0.013315805450396193,0.01597896654047543],[-0.016245282649483356,0.014913702104443736,0.01384843766841204],[-0.014114753777419964,0.017843179303530896,0.008788431597261486]]",779.152916173,779.1539983365001,21.875,127953,"[2045, 3558, -3434]","[[-40, -73, 60], [-50, -72, 60], [-56, -61, 52], [-67, -53, 33]]"
4.710079,5.008555,body,0.000000,0.000000,0.000000,0.000000,0.000000,0.000000,0.000000,0.000000,0.000000,0.000000,0.000000,0.000000,6.397905,-3.673902,-6.151901,-0.015513,0.018376,-0.002929,bmi088,0.01002741449997302,"[[-0.01384843766841204,0.018375811521546746,0.003994741635118857],[-0.015712650431467506,0.018908443739562592,-0.00026631610900792384],[-0.016245282649483356,0.018375811521546746,-0.005326322180158476],[-0.016245282649483356,0.017843179303530896,-0.010120012142301106]]",779.1629435875,779.1642727315,21.875,128219,"[2046, 3563, -3426]","[[-69, -52, 15], [-71, -59, -1], [-69, -61, -20], [-67, -61, -38]]"
4.720070,5.018320,body,0.000000,0.000000,0.000000,0.000000,0.000000,0.000000,0.000000,0.000000,0.000000,0.000000,0.000000,0.000000,6.383540,-3.690063,-6.148310,-0.016245,0.017244,-0.013516,bmi088,0.009950325000090743,"[[-0.015712650431467506,0.017044230976507126,-0.01384843766841204],[-0.01731054708551505,0.016245282649483356,-0.015446334322459582],[-0.016777914867499202,0.017044230976507126,-0.014114753777419964],[-0.015180018213451659,0.01864212763055467,-0.010652644360316953]]",779.1728939125001,779.1739318515,21.875,128469,"[2055, 3555, -3424]","[[-64, -59, -52], [-61, -65, -58], [-64, -63, -53], [-70, -57, -40]]"
4.730068,5.028633,body,0.000000,0.000000,0.000000,0.000000,0.000000,0.000000,0.000000,0.000000,0.000000,0.000000,0.000000,0.000000,6.397905,-3.700837,-6.159084,-0.015047,0.020107,0.002264,bmi088,0.010147592499947677,"[[-0.014381069886427887,0.021305288720633905,-0.005326322180158476],[-0.014381069886427887,0.021305288720633905,-0.0007989483270237715],[-0.01597896654047543,0.01997370817559429,0.005060006071150553],[-0.015446334322459582,0.017843179303530896,0.010120012142301106]]",779.183041505,779.1841137325,21.875,128733,"[2061, 3563, -3430]","[[-80, -54, -20], [-80, -54, -3], [-75, -60, 19], [-67, -58, 38]]"
4.740074,5.038750,body,0.000000,0.000000,0.000000,0.000000,0.000000,0.000000,0.000000,0.000000,0.000000,0.000000,0.000000,0.000000,6.385336,-3.704429,-6.169858,-0.019574,0.019574,0.014847,bmi088,0.010044390999951247,"[[-0.016245282649483356,0.018109495412538822,0.014913702104443736],[-0.01864212763055467,0.018908443739562592,0.016777914867499202],[-0.021038972611625982,0.020240024284602212,0.015712650431467506],[-0.022370553156665602,0.021038972611625982,0.011984224905356573]]",779.193085896,779.194165772,21.875,128992,"[2063, 3556, -3436]","[[-68, -61, 56], [-71, -70, 63], [-76, -79, 59], [-79, -84, 45]]"
4.750072,5.048711,body,0.000000,0.000000,0.000000,0.000000,0.000000,0.000000,0.000000,0.000000,0.000000,0.000000,0.000000,0.000000,6.356605,-3.713407,-6.135740,-0.020773,0.021572,-0.001531,bmi088,0.009859219999952984,"[[-0.02077265650261806,0.02210423704765768,0.006657902725198096],[-0.020240024284602212,0.022370553156665602,0.0007989483270237715],[-0.020506340393610135,0.021571604829641832,-0.004527373853134706],[-0.021571604829641832,0.020240024284602212,-0.009054747706269411]]",779.2029451159999,779.203994367,21.875,129247,"[2068, 3540, -3417]","[[-83, -78, 25], [-84, -76, 3], [-81, -77, -17], [-76, -81, -34]]"
4.760070,5.058789,body,0.000000,0.000000,0.000000,0.000000,0.000000,0.000000,0.000000,0.000000,0.000000,0.000000,0.000000,0.000000,6.367379,-3.686472,-6.139332,-0.017643,0.017976,-0.012051,bmi088,0.009956052999996245,"[[-0.02210423704765768,0.018908443739562592,-0.011185276578332801],[-0.019707392066586366,0.017843179303530896,-0.011185276578332801],[-0.016245282649483356,0.017576863194522972,-0.012516857123372421],[-0.012516857123372421,0.017576863194522972,-0.013315805450396193]]",779.2129011689999,779.2139622285,21.875,129505,"[2053, 3546, -3419]","[[-71, -83, -42], [-67, -74, -42], [-66, -61, -47], [-66, -47, -50]]"
4.770070,5.069063,body,0.000000,0.000000,0.000000,0.000000,0.000000,0.000000,0.000000,0.000000,0.000000,0.000000,0.000000,0.000000,6.387131,-3.691859,-6.171653,-0.011585,0.016445,-0.005526,bmi088,0.010166809000111243,"[[-0.010652644360316953,0.01731054708551505,-0.012516857123372421],[-0.010652644360316953,0.017576863194522972,-0.00825579937924564],[-0.01171790879634865,0.01597896654047543,-0.003195793308095086],[-0.013315805450396193,0.014913702104443736,0.001864212763055467]]",779.223067978,779.2241350859999,21.875,129768,"[2056, 3557, -3437]","[[-65, -40, -47], [-66, -40, -31], [-60, -44, -12], [-56, -50, 7]]"
4.780073,5.079180,body,0.000000,0.000000,0.000000,0.000000,0.000000,0.000000,0.000000,0.000000,0.000000,0.000000,0.000000,0.000000,6.363788,-3.711611,-6.171653,-0.018243,0.012317,0.007923,bmi088,0.009962709999967956,"[[-0.015712650431467506,0.012783173232380344,0.004793689962142629],[-0.01731054708551505,0.011984224905356573,0.007190534943213944],[-0.019707392066586366,0.012250541014364496,0.008788431597261486],[-0.020240024284602212,0.012250541014364496,0.010918960469324878]]",779.233030688,779.2341058909999,21.875,130027,"[2067, 3544, -3437]","[[-48, -59, 18], [-45, -65, 27], [-46, -74, 33], [-46, -76, 41]]"
4.790070,5.089258,body,0.000000,0.000000,0.000000,0.000000,0.000000,0.000000,0.000000,0.000000,0.000000,0.000000,0.000000,0.000000,6.351218,-3.709815,-6.146514,-0.018043,0.010187,0.011119,bmi088,0.00998077350004678,"[[-0.019707392066586366,0.011451592687340724,0.013582121559404116],[-0.018375811521546746,0.01038632825130903,0.01464738599543581],[-0.017843179303530896,0.009321063815277334,0.011451592687340724],[-0.016245282649483356,0.009587379924285258,0.004793689962142629]]",779.2430114615,779.244073993,21.875,130285,"[2066, 3537, -3423]","[[-43, -74, 51], [-39, -69, 55], [-35, -67, 43], [-36, -61, 18]]"
4.800072,5.099375,body,0.000000,0.000000,0.000000,0.000000,0.000000,0.000000,0.000000,0.000000,0.000000,0.000000,0.000000,0.000000,6.367379,-3.697246,-6.178836,-0.008855,0.007457,-0.008389,bmi088,0.009948420999990049,"[[-0.012250541014364496,0.008522115488253563,-0.002663161090079238],[-0.008522115488253563,0.008522115488253563,-0.00825579937924564],[-0.006657902725198096,0.00692421883420602,-0.011185276578332801],[-0.007989483270237714,0.005858954398174325,-0.011451592687340724]]",779.2529598825,779.2541076155001,21.875,130544,"[2059, 3546, -3441]","[[-32, -46, -10], [-32, -32, -31], [-26, -25, -42], [-22, -30, -43]]"
4.810074,5.109375,body,0.000000,0.000000,0.000000,0.000000,0.000000,0.000000,0.000000,0.000000,0.000000,0.000000,0.000000,0.000000,6.365584,-3.704429,-6.155492,-0.007523,0.001864,-0.004128,bmi088,0.009970101500016426,"[[-0.00825579937924564,0.00346210941710301,-0.010652644360316953],[-0.008522115488253563,0.0021305288720633907,-0.007190534943213944],[-0.007190534943213944,0.0010652644360316954,-0.002663161090079238],[-0.006125270507182248,0.0007989483270237715,0.003994741635118857]]",779.262929984,779.263979651,21.875,130800,"[2063, 3545, -3428]","[[-13, -31, -40], [-8, -32, -27], [-4, -27, -10], [-3, -23, 15]]"
4.820069,5.119609,body,0.000000,0.000000,0.000000,0.000000,0.000000,0.000000,0.000000,0.000000,0.000000,0.000000,0.000000,0.000000,6.336853,-3.684676,-6.178836,-0.003529,0.001398,0.014181,bmi088,0.010033542999963174,"[[-0.003994741635118857,0.001331580545039619,0.009321063815277334],[-0.0029294771990871623,0.001597896654047543,0.013582121559404116],[-0.003195793308095086,0.001597896654047543,0.01651159875849128],[-0.003994741635118857,0.0010652644360316954,0.01731054708551505]]",779.272963527,779.274091243,21.875,131062,"[2052, 3529, -3441]","[[-5, -15, 35], [-6, -11, 51], [-6, -12, 62], [-4, -15, 65]]"
4.830071,5.129453,body,0.000000,0.000000,0.000000,0.000000,0.000000,0.000000,0.000000,0.000000,0.000000,0.000000,0.000000,0.000000,6.349423,-3.716998,-6.159084,-0.002863,-0.000266,0.013183,bmi088,0.009758497500001795,"[[-0.005326322180158476,0.001597896654047543,0.01731054708551505],[-0.003994741635118857,0.0005326322180158477,0.015712650431467506],[-0.001864212763055467,-0.0005326322180158477,0.013049489341388268],[-0.00026631610900792384,-0.002663161090079238,0.006657902725198096]]",779.2827220245,779.2838206040001,21.875,131314,"[2070, 3536, -3430]","[[-6, -20, 65], [-2, -15, 59], [2, -7, 49], [10, -1, 25]]"
4.840071,5.139609,body,0.000000,0.000000,0.000000,0.000000,0.000000,0.000000,0.000000,0.000000,0.000000,0.000000,0.000000,0.000000,6.344036,-3.738546,-6.124966,0.001798,-0.002929,-0.007523,bmi088,0.01007138249997297,"[[-0.00026631610900792384,-0.003195793308095086,0.0],[0.0,-0.0029294771990871623,-0.006657902725198096],[0.0021305288720633907,-0.0029294771990871623,-0.01038632825130903],[0.005326322180158476,-0.002663161090079238,-0.013049489341388268]]",779.292793407,779.293904819,21.875,131574,"[2082, 3533, -3411]","[[12, -1, 0], [11, 0, -25], [11, 8, -39], [10, 20, -49]]"
4.850072,5.149805,body,0.000000,0.000000,0.000000,0.000000,0.000000,0.000000,0.000000,0.000000,0.000000,0.000000,0.000000,0.000000,6.361992,-3.722385,-6.151901,0.009254,-0.005459,-0.007057,bmi088,0.010150935500064406,"[[0.00825579937924564,-0.0029294771990871623,-0.013049489341388268],[0.010652644360316953,-0.003728425526110934,-0.009587379924285258],[0.009853696033293183,-0.006125270507182248,-0.004793689962142629],[0.00825579937924564,-0.009054747706269411,-0.0007989483270237715]]",779.3029443425,779.303976249,21.875,131835,"[2073, 3543, -3426]","[[11, 31, -49], [14, 40, -36], [23, 37, -18], [34, 31, -3]]"
4.860068,5.159922,body,0.000000,0.000000,0.000000,0.000000,0.000000,0.000000,0.000000,0.000000,0.000000,0.000000,0.000000,0.000000,6.376358,-3.697246,-6.173449,0.003329,-0.011918,0.007989,bmi088,0.009958116500001779,"[[0.005858954398174325,-0.011185276578332801,0.0029294771990871623],[0.004527373853134706,-0.01171790879634865,0.006657902725198096],[0.0023968449810713144,-0.011984224905356573,0.009853696033293183],[0.0005326322180158477,-0.012783173232380344,0.012516857123372421]]",779.312902459,779.3139636945,21.875,132094,"[2059, 3551, -3438]","[[42, 22, 11], [44, 17, 25], [45, 9, 37], [48, 2, 47]]"
4.870070,5.170234,body,0.000000,0.000000,0.000000,0.000000,0.000000,0.000000,0.000000,0.000000,0.000000,0.000000,0.000000,0.000000,6.367379,-3.708020,-6.150106,0.000666,-0.015446,0.014314,bmi088,0.010201321000067765,"[[-0.001331580545039619,-0.014114753777419964,0.013315805450396193],[-0.0010652644360316954,-0.015712650431467506,0.014913702104443736],[0.0007989483270237715,-0.01597896654047543,0.01464738599543581],[0.004261057744126781,-0.01597896654047543,0.014381069886427887]]",779.3231037800001,779.3241965355,21.875,132358,"[2065, 3546, -3425]","[[53, -5, 50], [59, -4, 56], [60, 3, 55], [60, 16, 54]]"
4.880071,5.180313,body,0.000000,0.000000,0.000000,0.000000,0.000000,0.000000,0.000000,0.000000,0.000000,0.000000,0.000000,0.000000,6.336853,-3.706224,-6.132149,0.005326,-0.014914,0.004394,bmi088,0.00988929899995128,"[[0.005858954398174325,-0.015180018213451659,0.011185276578332801],[0.005326322180158476,-0.014114753777419964,0.006657902725198096],[0.003994741635118857,-0.014381069886427887,0.0021305288720633907],[0.006125270507182248,-0.01597896654047543,-0.0023968449810713144]]",779.3329930790001,779.334120556,21.875,132616,"[2064, 3529, -3415]","[[57, 22, 42], [53, 20, 25], [54, 15, 8], [60, 23, -9]]"
4.890069,5.189766,body,0.000000,0.000000,0.000000,0.000000,0.000000,0.000000,0.000000,0.000000,0.000000,0.000000,0.000000,0.000000,6.345832,-3.702633,-6.150106,0.013982,-0.020506,-0.005127,bmi088,0.009702287999971304,"[[0.009587379924285258,-0.019174759848570515,-0.004793689962142629],[0.013582121559404116,-0.021038972611625982,-0.006391586616190172],[0.015446334322459582,-0.021305288720633905,-0.0055926382891664005],[0.01731054708551505,-0.020506340393610135,-0.003728425526110934]]",779.342695367,779.3434815410001,21.875,132858,"[2062, 3534, -3425]","[[72, 36, -18], [79, 51, -24], [80, 58, -21], [77, 65, -14]]"
4.900074,5.201055,body,0.000000,0.000000,0.000000,0.000000,0.000000,0.000000,0.000000,0.000000,0.000000,0.000000,0.000000,0.000000,6.388927,-3.720589,-6.175245,0.013249,-0.023436,0.005459,bmi088,0.010229256999991776,"[[0.017576863194522972,-0.02077265650261806,0.0],[0.01597896654047543,-0.02210423704765768,0.003195793308095086],[0.012516857123372421,-0.02423476591972107,0.007190534943213944],[0.00692421883420602,-0.026631610900792385,0.011451592687340724]]",779.352924624,779.354665696,21.875,133147,"[2072, 3558, -3439]","[[78, 66, 0], [83, 60, 12], [91, 47, 27], [100, 26, 43]]"
4.910076,5.210508,body,0.000000,0.000000,0.000000,0.000000,0.000000,0.000000,0.000000,0.000000,0.000000,0.000000,0.000000,0.000000,6.396110,-3.722385,-6.171653,0.003396,-0.024368,0.021039,bmi088,0.010007605500049976,"[[0.00346210941710301,-0.02689792700980031,0.01597896654047543],[0.001864212763055467,-0.026098978682776535,0.020506340393610135],[0.003728425526110934,-0.0234358175926973,0.02290318537468145],[0.004527373853134706,-0.021038972611625982,0.02476739813773692]]",779.3629322295001,779.3639993209999,21.875,133389,"[2073, 3562, -3437]","[[101, 13, 60], [98, 7, 77], [88, 14, 86], [79, 17, 93]]"
4.920067,5.220625,body,0.000000,0.000000,0.000000,0.000000,0.000000,0.000000,0.000000,0.000000,0.000000,0.000000,0.000000,0.000000,6.376358,-3.720589,-6.148310,0.009654,-0.015180,0.013449,bmi088,0.010004869499880442,"[[0.006657902725198096,-0.018109495412538822,0.02290318537468145],[0.007456851052221868,-0.015180018213451659,0.018375811521546746],[0.010652644360316953,-0.013582121559404116,0.010652644360316953],[0.01384843766841204,-0.01384843766841204,0.001864212763055467]]",779.372937099,779.374007342,21.875,133648,"[2072, 3551, -3424]","[[68, 25, 86], [57, 28, 69], [51, 40, 40], [52, 52, 7]]"
4.930070,5.230547,body,0.000000,0.000000,0.000000,0.000000,0.000000,0.000000,0.000000,0.000000,0.000000,0.000000,0.000000,0.000000,6.344036,-3.706224,-6.142923,0.018509,-0.015446,-0.017643,bmi088,0.009726848000127575,"[[0.016245282649483356,-0.01384843766841204,-0.00692421883420602],[0.017843179303530896,-0.01464738599543581,-0.015180018213451659],[0.019174759848570515,-0.015712650431467506,-0.021837920938649755],[0.02077265650261806,-0.017576863194522972,-0.026631610900792385]]",779.3826639470001,779.383802496,21.875,133902,"[2064, 3533, -3421]","[[52, 61, -26], [55, 67, -57], [59, 72, -82], [66, 78, -100]]"
4.940070,5.240898,body,0.000000,0.000000,0.000000,0.000000,0.000000,0.000000,0.000000,0.000000,0.000000,0.000000,0.000000,0.000000,6.405088,-3.677494,-6.144719,0.019974,-0.020506,-0.017710,bmi088,0.010325899000008576,"[[0.021571604829641832,-0.01864212763055467,-0.027430559227816155],[0.021038972611625982,-0.020506340393610135,-0.023702133701705222],[0.01944107595757844,-0.021305288720633905,-0.015446334322459582],[0.017843179303530896,-0.021571604829641832,-0.004261057744126781]]",779.3929898460001,779.394037193,21.875,134167,"[2048, 3567, -3422]","[[70, 81, -103], [77, 79, -89], [80, 73, -58], [81, 67, -16]]"
4.950070,5.250938,body,0.000000,0.000000,0.000000,0.000000,0.000000,0.000000,0.000000,0.000000,0.000000,0.000000,0.000000,0.000000,6.414066,-3.693655,-6.196792,0.012450,-0.018975,0.021106,bmi088,0.009928771999966557,"[[0.01464738599543581,-0.020506340393610135,0.007456851052221868],[0.012783173232380344,-0.019707392066586366,0.018109495412538822],[0.010918960469324878,-0.018109495412538822,0.02689792700980031],[0.011451592687340724,-0.017576863194522972,0.03195793308095086]]",779.4029186180001,779.403984877,21.875,134424,"[2057, 3572, -3451]","[[77, 55, 28], [74, 48, 68], [68, 41, 101], [66, 43, 120]]"
4.960074,5.261211,body,0.000000,0.000000,0.000000,0.000000,0.000000,0.000000,0.000000,0.000000,0.000000,0.000000,0.000000,0.000000,6.424840,-3.715202,-6.144719,0.007723,-0.016112,0.024701,bmi088,0.01001765399996657,"[[0.01038632825130903,-0.01731054708551505,0.03328951362599048],[0.009054747706269411,-0.017843179303530896,0.029561088099879545],[0.006391586616190172,-0.01597896654047543,0.022636869265673525],[0.005060006071150553,-0.013315805450396193,0.013315805450396193]]",779.412936272,779.4140723085,21.875,134687,"[2069, 3578, -3422]","[[65, 39, 125], [67, 34, 111], [60, 24, 85], [50, 19, 50]]"
4.970077,5.271289,body,0.000000,0.000000,0.000000,0.000000,0.000000,0.000000,0.000000,0.000000,0.000000,0.000000,0.000000,0.000000,6.378153,-3.700837,-6.108806,0.008922,-0.006591,-0.008522,bmi088,0.010092966499996692,"[[0.005060006071150553,-0.009321063815277334,0.00346210941710301],[0.007456851052221868,-0.006657902725198096,-0.0055926382891664005],[0.009587379924285258,-0.005060006071150553,-0.013315805450396193],[0.013582121559404116,-0.005326322180158476,-0.01864212763055467]]",779.4230292385,779.424087914,21.875,134945,"[2061, 3552, -3402]","[[35, 19, 13], [25, 28, -21], [19, 36, -50], [20, 51, -70]]"
4.980073,5.280898,body,0.000000,0.000000,0.000000,0.000000,0.000000,0.000000,0.000000,0.000000,0.000000,0.000000,0.000000,0.000000,6.358401,-3.681085,-6.142923,0.020972,-0.009254,-0.021838,bmi088,0.009679087499989691,"[[0.01731054708551505,-0.00692421883420602,-0.02210423704765768],[0.02210423704765768,-0.008788431597261486,-0.022636869265673525],[0.023169501483689375,-0.01038632825130903,-0.02210423704765768],[0.021305288720633905,-0.010918960469324878,-0.020506340393610135]]",779.432708326,779.4335723095,21.875,135191,"[2050, 3541, -3421]","[[26, 65, -83], [33, 83, -85], [39, 87, -83], [41, 80, -77]]"
4.990069,5.291445,body,0.000000,0.000000,0.000000,0.000000,0.000000,0.000000,0.000000,0.000000,0.000000,0.000000,0.000000,0.000000,6.390723,-3.684676,-6.178836,0.011052,-0.010852,-0.001332,bmi088,0.010279609999997774,"[[0.01651159875849128,-0.010918960469324878,-0.016245282649483356],[0.01171790879634865,-0.010918960469324878,-0.007456851052221868],[0.008788431597261486,-0.010918960469324878,0.003728425526110934],[0.007190534943213944,-0.010652644360316953,0.01464738599543581]]",779.442987936,779.4440229310001,21.875,135461,"[2052, 3559, -3441]","[[41, 62, -61], [41, 44, -28], [41, 33, 14], [40, 27, 55]]"
5.000072,5.301680,body,0.000000,0.000000,0.000000,0.000000,0.000000,0.000000,0.000000,0.000000,0.000000,0.000000,0.000000,0.000000,6.412271,-3.675698,-6.184223,0.006192,-0.005326,0.025566,bmi088,0.010094454999943991,"[[0.006657902725198096,-0.009321063815277334,0.02210423704765768],[0.006125270507182248,-0.006657902725198096,0.02636529479178446],[0.006125270507182248,-0.00346210941710301,0.027963191445832],[0.005858954398174325,-0.001864212763055467,0.025832662573768612]]",779.453082391,779.454149562,21.875,135723,"[2047, 3571, -3444]","[[35, 25, 83], [25, 23, 99], [13, 23, 105], [7, 22, 97]]"
5.010072,5.311836,body,0.000000,0.000000,0.000000,0.000000,0.000000,0.000000,0.000000,0.000000,0.000000,0.000000,0.000000,0.000000,6.397905,-3.673902,-6.139332,0.007657,0.000533,0.004394,bmi088,0.010037302000000636,"[[0.006657902725198096,-0.001331580545039619,0.019707392066586366],[0.006657902725198096,-0.00026631610900792384,0.009587379924285258],[0.007989483270237714,0.0010652644360316954,-0.0010652644360316954],[0.009321063815277334,0.002663161090079238,-0.010652644360316953]]",779.463119693,779.464184096,21.875,135983,"[2046, 3563, -3419]","[[5, 25, 74], [1, 25, 36], [-4, 30, -4], [-10, 35, -40]]"
5.020072,5.321758,body,0.000000,0.000000,0.000000,0.000000,0.000000,0.000000,0.000000,0.000000,0.000000,0.000000,0.000000,0.000000,6.367379,-3.659537,-6.139332,0.015313,0.003329,-0.026632,bmi088,0.009788993000029222,"[[0.013582121559404116,0.003195793308095086,-0.018109495412538822],[0.01597896654047543,0.003994741635118857,-0.025300030355752765],[0.016777914867499202,0.00346210941710301,-0.030892668644919165],[0.014913702104443736,0.002663161090079238,-0.03222424918995878]]",779.472908686,779.473992706,21.875,136237,"[2038, 3546, -3419]","[[-12, 51, -68], [-15, 60, -95], [-13, 63, -116], [-10, 56, -121]]"
5.030073,5.331953,body,0.000000,0.000000,0.000000,0.000000,0.000000,0.000000,0.000000,0.000000,0.000000,0.000000,0.000000,0.000000,6.397905,-3.668515,-6.166266,0.012384,0.002330,-0.017111,bmi088,0.010053046500047458,"[[0.014381069886427887,0.0023968449810713144,-0.030360036426903318],[0.013582121559404116,0.0021305288720633907,-0.021837920938649755],[0.012783173232380344,0.0023968449810713144,-0.013582121559404116],[0.008788431597261486,0.0023968449810713144,-0.002663161090079238]]",779.4829617325,779.484072537,21.875,136498,"[2043, 3563, -3434]","[[-9, 54, -114], [-8, 51, -82], [-9, 48, -51], [-9, 33, -10]]"
5.040069,5.341992,body,0.000000,0.000000,0.000000,0.000000,0.000000,0.000000,0.000000,0.000000,0.000000,0.000000,0.000000,0.000000,6.419453,-3.668515,-6.175245,-0.000067,0.000999,0.017910,bmi088,0.010011333499960529,"[[0.004793689962142629,0.001597896654047543,0.006125270507182248],[0.0010652644360316954,0.00026631610900792384,0.015712650431467506],[-0.001864212763055467,0.00026631610900792384,0.02210423704765768],[-0.004261057744126781,0.001864212763055467,0.02769687533682408]]",779.492973066,779.494037165,21.875,136755,"[2043, 3575, -3439]","[[-6, 18, 23], [-1, 4, 59], [-1, -7, 83], [-7, -16, 104]]"
5.050067,5.352070,body,0.000000,0.000000,0.000000,0.000000,0.000000,0.000000,0.000000,0.000000,0.000000,0.000000,0.000000,0.000000,6.379949,-3.663129,-6.173449,-0.009055,0.006791,0.024967,bmi088,0.009960372000023199,"[[-0.00692421883420602,0.004527373853134706,0.030093720317895395],[-0.009054747706269411,0.006391586616190172,0.028762139772855775],[-0.01038632825130903,0.007723167161229791,0.023968449810713145],[-0.009853696033293183,0.008522115488253563,0.017044230976507126]]",779.502933438,779.503978689,21.875,137013,"[2040, 3553, -3438]","[[-17, -26, 113], [-24, -34, 108], [-29, -39, 90], [-32, -37, 64]]"
5.060070,5.362227,body,0.000000,0.000000,0.000000,0.000000,0.000000,0.000000,0.000000,0.000000,0.000000,0.000000,0.000000,0.000000,6.381745,-3.679289,-6.166266,-0.001864,0.011918,-0.004061,bmi088,0.010022133999996186,"[[-0.006125270507182248,0.009321063815277334,0.010652644360316953],[-0.001864212763055467,0.010652644360316953,0.0021305288720633907],[0.0005326322180158477,0.012783173232380344,-0.008522115488253563],[0.0,0.014913702104443736,-0.020506340393610135]]",779.512955572,779.514046168,21.875,137273,"[2049, 3554, -3434]","[[-35, -23, 40], [-40, -7, 8], [-48, 2, -32], [-56, 0, -77]]"
5.070079,5.372422,body,0.000000,0.000000,0.000000,0.000000,0.000000,0.000000,0.000000,0.000000,0.000000,0.000000,0.000000,0.000000,6.351218,-3.672107,-6.133945,-0.003728,0.016378,-0.037484,bmi088,0.01006344600000375,"[[-0.001864212763055467,0.016777914867499202,-0.031158984753927088],[-0.00346210941710301,0.017044230976507126,-0.0391484680241648],[-0.004793689962142629,0.01651159875849128,-0.041278996896228194],[-0.004793689962142629,0.015180018213451659,-0.03834951969714103]]",779.523019018,779.5240884455,21.875,137534,"[2045, 3537, -3416]","[[-63, -7, -117], [-64, -13, -147], [-62, -18, -155], [-57, -18, -144]]"
5.080068,5.382305,body,0.000000,0.000000,0.000000,0.000000,0.000000,0.000000,0.000000,0.000000,0.000000,0.000000,0.000000,0.000000,6.379949,-3.681085,-6.137536,-0.006724,0.008123,-0.009388,bmi088,0.009808098000007703,"[[-0.005326322180158476,0.012250541014364496,-0.0290284558818637],[-0.006391586616190172,0.008788431597261486,-0.01651159875849128],[-0.007456851052221868,0.006125270507182248,-0.0029294771990871623],[-0.007723167161229791,0.005326322180158476,0.010918960469324878]]",779.532827116,779.533896207,21.875,137787,"[2050, 3553, -3418]","[[-46, -20, -109], [-33, -24, -62], [-23, -28, -11], [-20, -29, 41]]"
5.090069,5.392539,body,0.000000,0.000000,0.000000,0.000000,0.000000,0.000000,0.000000,0.000000,0.000000,0.000000,0.000000,0.000000,6.390723,-3.679289,-6.198588,-0.015247,0.008589,0.027763,bmi088,0.010137303500073358,"[[-0.01038632825130903,0.007190534943213944,0.021305288720633905],[-0.014114753777419964,0.008788431597261486,0.02849582366384785],[-0.018375811521546746,0.009587379924285258,0.03062635253591124],[-0.018109495412538822,0.008788431597261486,0.03062635253591124]]",779.5429644195001,779.5440055265,21.875,138049,"[2049, 3559, -3452]","[[-27, -39, 80], [-33, -53, 107], [-36, -69, 115], [-33, -68, 115]]"
5.100076,5.403008,body,0.000000,0.000000,0.000000,0.000000,0.000000,0.000000,0.000000,0.000000,0.000000,0.000000,0.000000,0.000000,6.374562,-3.682881,-6.182427,-0.017377,0.010253,0.013249,bmi088,0.01022669749988836,"[[-0.017843179303530896,0.009054747706269411,0.02769687533682408],[-0.01651159875849128,0.009587379924285258,0.020240024284602212],[-0.01731054708551505,0.010652644360316953,0.008522115488253563],[-0.017843179303530896,0.01171790879634865,-0.00346210941710301]]",779.553191117,779.5543204974999,21.875,138317,"[2051, 3550, -3443]","[[-34, -67, 104], [-36, -62, 76], [-40, -65, 32], [-44, -67, -13]]"
5.110066,5.412500,body,0.000000,0.000000,0.000000,0.000000,0.000000,0.000000,0.000000,0.000000,0.000000,0.000000,0.000000,0.000000,6.360197,-3.684676,-6.124966,-0.015313,0.014448,-0.019574,bmi088,0.009499948000097902,"[[-0.018375811521546746,0.013582121559404116,-0.012783173232380344],[-0.016777914867499202,0.01464738599543581,-0.018375811521546746],[-0.01384843766841204,0.015446334322459582,-0.022370553156665602],[-0.012250541014364496,0.014114753777419964,-0.02476739813773692]]",779.5626910650001,779.5637612445,21.875,138560,"[2052, 3542, -3411]","[[-51, -69, -48], [-55, -63, -69], [-58, -52, -84], [-53, -46, -93]]"
5.120071,5.422813,body,0.000000,0.000000,0.000000,0.000000,0.000000,0.000000,0.000000,0.000000,0.000000,0.000000,0.000000,0.000000,6.354810,-3.700837,-6.119579,-0.015047,0.010653,-0.013382,bmi088,0.01018151249991206,"[[-0.013049489341388268,0.012783173232380344,-0.022636869265673525],[-0.014381069886427887,0.011451592687340724,-0.016777914867499202],[-0.015712650431467506,0.010120012142301106,-0.009853696033293183],[-0.017044230976507126,0.00825579937924564,-0.004261057744126781]]",779.5728725775,779.5739266605,21.875,138824,"[2061, 3539, -3408]","[[-48, -49, -85], [-43, -54, -63], [-38, -59, -37], [-31, -64, -16]]"
5.130068,5.433320,body,0.000000,0.000000,0.000000,0.000000,0.000000,0.000000,0.000000,0.000000,0.000000,0.000000,0.000000,0.000000,6.370971,-3.727772,-6.168062,-0.023902,0.003462,0.015446,bmi088,0.01032413899997664,"[[-0.020506340393610135,0.006125270507182248,0.0023968449810713144],[-0.0234358175926973,0.003728425526110934,0.010652644360316953],[-0.025832662573768612,0.0021305288720633907,0.020506340393610135],[-0.025832662573768612,0.001864212763055467,0.02822950755483993]]",779.5831967165,779.584330145,21.875,139093,"[2076, 3548, -3435]","[[-23, -77, 9], [-14, -88, 40], [-8, -97, 77], [-7, -97, 106]]"
5.140071,5.443125,body,0.000000,0.000000,0.000000,0.000000,0.000000,0.000000,0.000000,0.000000,0.000000,0.000000,0.000000,0.000000,6.376358,-3.715202,-6.153697,-0.022837,0.005260,0.030560,bmi088,0.0097540490000938,"[[-0.02423476591972107,0.0029294771990871623,0.033555829734998405],[-0.023169501483689375,0.005060006071150553,0.03408846195301425],[-0.02210423704765768,0.006125270507182248,0.03062635253591124],[-0.021837920938649755,0.00692421883420602,0.023968449810713145]]",779.5929507655001,779.594009489,21.875,139344,"[2069, 3551, -3427]","[[-11, -91, 126], [-19, -87, 128], [-23, -83, 115], [-26, -82, 90]]"
5.150070,5.453320,body,0.000000,0.000000,0.000000,0.000000,0.000000,0.000000,0.000000,0.000000,0.000000,0.000000,0.000000,0.000000,6.353014,-3.708020,-6.160879,-0.017577,0.006059,0.000133,bmi088,0.010143399499952466,"[[-0.019707392066586366,0.00692421883420602,0.015446334322459582],[-0.017576863194522972,0.006657902725198096,0.005858954398174325],[-0.01651159875849128,0.006125270507182248,-0.005326322180158476],[-0.01651159875849128,0.004527373853134706,-0.015446334322459582]]",779.603094165,779.604122136,21.875,139605,"[2065, 3538, -3431]","[[-26, -74, 58], [-25, -66, 22], [-23, -62, -20], [-17, -62, -58]]"
5.160071,5.463281,body,0.000000,0.000000,0.000000,0.000000,0.000000,0.000000,0.000000,0.000000,0.000000,0.000000,0.000000,0.000000,6.360197,-3.704429,-6.164471,-0.015113,0.002463,-0.023236,bmi088,0.009794417500074815,"[[-0.016777914867499202,0.003195793308095086,-0.022636869265673525],[-0.015712650431467506,0.0021305288720633907,-0.025033714246744842],[-0.014114753777419964,0.001864212763055467,-0.024501082028728992],[-0.01384843766841204,0.002663161090079238,-0.02077265650261806]]",779.6128885825001,779.6139625860001,21.875,139860,"[2063, 3542, -3433]","[[-12, -63, -85], [-8, -59, -94], [-7, -53, -92], [-10, -52, -78]]"
5.170070,5.473438,body,0.000000,0.000000,0.000000,0.000000,0.000000,0.000000,0.000000,0.000000,0.000000,0.000000,0.000000,0.000000,6.372766,-3.722385,-6.155492,-0.016245,0.001664,0.002264,bmi088,0.010075110499883522,"[[-0.015712650431467506,0.0023968449810713144,-0.014114753777419964],[-0.016777914867499202,0.0021305288720633907,-0.003728425526110934],[-0.016777914867499202,0.0007989483270237715,0.007989483270237714],[-0.015712650431467506,0.001331580545039619,0.018908443739562592]]",779.622963693,779.624004096,21.875,140120,"[2073, 3549, -3428]","[[-9, -59, -53], [-8, -63, -14], [-3, -63, 30], [-5, -59, 71]]"
5.180071,5.483633,body,0.000000,0.000000,0.000000,0.000000,0.000000,0.000000,0.000000,0.000000,0.000000,0.000000,0.000000,0.000000,6.387131,-3.738546,-6.171653,-0.017377,0.002330,0.026765,bmi088,0.010013285500008351,"[[-0.016245282649483356,0.0023968449810713144,0.02476739813773692],[-0.017044230976507126,0.0029294771990871623,0.02716424311880823],[-0.018109495412538822,0.002663161090079238,0.027430559227816155],[-0.018109495412538822,0.001331580545039619,0.02769687533682408]]",779.6329769785,779.634087655,21.875,140381,"[2082, 3557, -3437]","[[-9, -61, 93], [-11, -64, 102], [-10, -68, 103], [-5, -68, 104]]"
5.190069,5.493750,body,0.000000,0.000000,0.000000,0.000000,0.000000,0.000000,0.000000,0.000000,0.000000,0.000000,0.000000,0.000000,6.392518,-3.770868,-6.159084,-0.015180,-0.000200,0.017111,bmi088,0.010039558000016768,"[[-0.016777914867499202,0.00026631610900792384,0.025832662573768612],[-0.015446334322459582,0.00026631610900792384,0.021038972611625982],[-0.01464738599543581,0.00026631610900792384,0.014381069886427887],[-0.01384843766841204,-0.001597896654047543,0.007190534943213944]]",779.6430165365,779.6440779155,21.875,140640,"[2100, 3560, -3430]","[[-1, -63, 97], [-1, -58, 79], [-1, -55, 54], [6, -52, 27]]"
5.200071,5.503906,body,0.000000,0.000000,0.000000,0.000000,0.000000,0.000000,0.000000,0.000000,0.000000,0.000000,0.000000,0.000000,6.376358,-3.731363,-6.160879,-0.009454,-0.005526,-0.009587,bmi088,0.00997760449990892,"[[-0.012250541014364496,-0.003994741635118857,-0.0010652644360316954],[-0.009853696033293183,-0.006125270507182248,-0.00825579937924564],[-0.008788431597261486,-0.006125270507182248,-0.013582121559404116],[-0.00692421883420602,-0.005858954398174325,-0.015446334322459582]]",779.6529941409999,779.6541133455,21.875,140900,"[2078, 3551, -3431]","[[15, -46, -4], [23, -37, -31], [23, -33, -51], [22, -26, -58]]"
5.210070,5.513867,body,0.000000,0.000000,0.000000,0.000000,0.000000,0.000000,0.000000,0.000000,0.000000,0.000000,0.000000,0.000000,6.360197,-3.718794,-6.171653,-0.006525,-0.006658,-0.009454,bmi088,0.009958901000118203,"[[-0.006125270507182248,-0.0055926382891664005,-0.015712650431467506],[-0.006391586616190172,-0.006125270507182248,-0.013049489341388268],[-0.00692421883420602,-0.00692421883420602,-0.008522115488253563],[-0.006657902725198096,-0.007989483270237714,-0.0005326322180158477]]",779.662953042,779.6639928684999,21.875,141155,"[2071, 3542, -3437]","[[21, -23, -59], [23, -24, -49], [26, -26, -32], [30, -25, -2]]"
5.220067,5.524063,body,0.000000,0.000000,0.000000,0.000000,0.000000,0.000000,0.000000,0.000000,0.000000,0.000000,0.000000,0.000000,6.353014,-3.729568,-6.180632,-0.009787,-0.007057,0.015979,bmi088,0.010027573499883147,"[[-0.007989483270237714,-0.00825579937924564,0.008788431597261486],[-0.009853696033293183,-0.007723167161229791,0.016245282649483356],[-0.011451592687340724,-0.006125270507182248,0.019174759848570515],[-0.009853696033293183,-0.006125270507182248,0.019707392066586366]]",779.6729806154999,779.674065659,21.875,141416,"[2077, 3538, -3442]","[[31, -30, 33], [29, -37, 61], [23, -43, 72], [23, -37, 74]]"
5.230071,5.535078,body,0.000000,0.000000,0.000000,0.000000,0.000000,0.000000,0.000000,0.000000,0.000000,0.000000,0.000000,0.000000,6.381745,-3.738546,-6.148310,-0.003675,-0.007457,0.010653,bmi088,0.010773555000014312,"[[-0.007723167161229791,-0.00692421883420602,0.018375811521546746],[-0.005060006071150553,-0.00825579937924564,0.016245282649483356],[-0.003195793308095086,-0.007989483270237714,0.011451592687340724],[-0.001597896654047543,-0.007456851052221868,0.006391586616190172],[-0.0007989483270237715,-0.006657902725198096,0.0007989483270237715]]",779.6837541704999,779.6849588005,21.875,141698,"[2082, 3554, -3424]","[[26, -29, 69], [31, -19, 61], [30, -12, 43], [28, -6, 24], [25, -3, 3]]"
5.240072,5.544141,body,0.000000,0.000000,0.000000,0.000000,0.000000,0.000000,0.000000,0.000000,0.000000,0.000000,0.000000,0.000000,6.363788,-3.736750,-6.159084,0.006303,-0.008078,-0.008256,bmi088,0.009159094000096957,"[[0.001864212763055467,-0.006657902725198096,-0.005060006071150553],[0.006391586616190172,-0.007989483270237714,-0.008788431597261486],[0.010652644360316953,-0.009587379924285258,-0.010918960469324878]]",779.6929132645,779.6939517315,21.875,141930,"[2081, 3544, -3430]","[[25, 7, -19], [30, 24, -33], [36, 40, -41]]"
5.250071,5.554336,body,0.000000,0.000000,0.000000,0.000000,0.000000,0.000000,0.000000,0.000000,0.000000,0.000000,0.000000,0.000000,6.388927,-3.709815,-6.205771,0.012517,-0.009388,-0.007124,bmi088,0.01004912600001262,"[[0.012783173232380344,-0.01171790879634865,-0.009054747706269411],[0.013049489341388268,-0.010918960469324878,-0.007989483270237714],[0.012250541014364496,-0.008522115488253563,-0.007190534943213944],[0.011984224905356573,-0.006391586616190172,-0.004261057744126781]]",779.7029623905,779.7040028255,21.875,142191,"[2066, 3558, -3456]","[[44, 48, -34], [41, 49, -30], [32, 46, -27], [24, 45, -16]]"
5.260069,5.564375,body,0.000000,0.000000,0.000000,0.000000,0.000000,0.000000,0.000000,0.000000,0.000000,0.000000,0.000000,0.000000,6.387131,-3.699042,-6.175245,0.013848,-0.006192,0.006924,bmi088,0.00992771599999287,"[[0.011451592687340724,-0.006391586616190172,-0.00026631610900792384],[0.012783173232380344,-0.007190534943213944,0.006391586616190172],[0.014381069886427887,-0.006125270507182248,0.009853696033293183],[0.016777914867499202,-0.005060006071150553,0.01171790879634865]]",779.7128901065,779.7139626539999,21.875,142448,"[2060, 3557, -3439]","[[24, 43, -1], [27, 48, 24], [23, 54, 37], [19, 63, 44]]"
5.270071,5.574570,body,0.000000,0.000000,0.000000,0.000000,0.000000,0.000000,0.000000,0.000000,0.000000,0.000000,0.000000,0.000000,6.374562,-3.715202,-6.141127,0.018309,-0.006192,0.008988,bmi088,0.010073430499915048,"[[0.01731054708551505,-0.003994741635118857,0.010918960469324878],[0.018109495412538822,-0.0055926382891664005,0.009853696033293183],[0.018375811521546746,-0.00692421883420602,0.008788431597261486],[0.01944107595757844,-0.00825579937924564,0.006391586616190172]]",779.7229635369999,779.724007924,21.875,142709,"[2069, 3550, -3420]","[[15, 65, 41], [21, 68, 37], [26, 69, 33], [31, 73, 24]]"
5.280071,5.584883,body,0.000000,0.000000,0.000000,0.000000,0.000000,0.000000,0.000000,0.000000,0.000000,0.000000,0.000000,0.000000,6.379949,-3.722385,-6.133945,0.021838,-0.005726,-0.004128,bmi088,0.010127639500069563,"[[0.01997370817559429,-0.00692421883420602,0.0029294771990871623],[0.021038972611625982,-0.005326322180158476,-0.001597896654047543],[0.022636869265673525,-0.004793689962142629,-0.006657902725198096],[0.023702133701705222,-0.005858954398174325,-0.011185276578332801]]",779.7330911765,779.7341875484999,21.875,142973,"[2073, 3553, -3416]","[[26, 75, 11], [20, 79, -6], [18, 85, -25], [22, 89, -42]]"
5.290069,5.595039,body,0.000000,0.000000,0.000000,0.000000,0.000000,0.000000,0.000000,0.000000,0.000000,0.000000,0.000000,0.000000,6.370971,-3.670311,-6.164471,0.026166,-0.009920,-0.014314,bmi088,0.010080278500026907,"[[0.02423476591972107,-0.00825579937924564,-0.01464738599543581],[0.025033714246744842,-0.009587379924285258,-0.01597896654047543],[0.02636529479178446,-0.010918960469324878,-0.014913702104443736],[0.0290284558818637,-0.010918960469324878,-0.01171790879634865]]",779.743171455,779.7442416829999,21.875,143233,"[2044, 3548, -3433]","[[31, 91, -55], [36, 94, -60], [41, 99, -56], [41, 109, -44]]"
5.300072,5.605000,body,0.000000,0.000000,0.000000,0.000000,0.000000,0.000000,0.000000,0.000000,0.000000,0.000000,0.000000,0.000000,6.405088,-3.673902,-6.148310,0.027630,-0.007191,-0.001398,bmi088,0.00986363499998788,"[[0.02929477199087162,-0.009587379924285258,-0.007456851052221868],[0.02929477199087162,-0.007989483270237714,-0.003195793308095086],[0.02689792700980031,-0.006125270507182248,0.0005326322180158477],[0.025033714246744842,-0.005060006071150553,0.004527373853134706]]",779.75303509,779.754107941,21.875,143488,"[2046, 3567, -3424]","[[36, 110, -28], [30, 110, -12], [23, 101, 2], [19, 94, 17]]"
5.310069,5.614727,body,0.000000,0.000000,0.000000,0.000000,0.000000,0.000000,0.000000,0.000000,0.000000,0.000000,0.000000,0.000000,6.405088,-3.677494,-6.142923,0.018775,-0.004328,0.007723,bmi088,0.009632526500013228,"[[0.022370553156665602,-0.004261057744126781,0.008522115488253563],[0.01944107595757844,-0.003994741635118857,0.009853696033293183],[0.016777914867499202,-0.004261057744126781,0.00825579937924564],[0.01651159875849128,-0.004793689962142629,0.004261057744126781]]",779.7626676165,779.7637140510001,21.875,143737,"[2048, 3567, -3421]","[[16, 84, 32], [15, 73, 37], [16, 63, 31], [18, 62, 16]]"
5.320069,5.624961,body,0.000000,0.000000,0.000000,0.000000,0.000000,0.000000,0.000000,0.000000,0.000000,0.000000,0.000000,0.000000,6.369175,-3.709815,-6.130353,0.021705,-0.005526,-0.005726,bmi088,0.010021861500035811,"[[0.018375811521546746,-0.004527373853134706,0.00026631610900792384],[0.021038972611625982,-0.005060006071150553,-0.00346210941710301],[0.0234358175926973,-0.0055926382891664005,-0.007190534943213944],[0.023968449810713145,-0.00692421883420602,-0.012516857123372421]]",779.7726894780001,779.7738566354999,21.875,143999,"[2066, 3547, -3414]","[[17, 69, 1], [19, 79, -13], [21, 88, -27], [26, 90, -47]]"
5.330073,5.635586,body,0.000000,0.000000,0.000000,0.000000,0.000000,0.000000,0.000000,0.000000,0.000000,0.000000,0.000000,0.000000,6.353014,-3.677494,-6.153697,0.022211,-0.007404,-0.015180,bmi088,0.010525966499926653,"[[0.022370553156665602,-0.007456851052221868,-0.01597896654047543],[0.02077265650261806,-0.007190534943213944,-0.017843179303530896],[0.021305288720633905,-0.007456851052221868,-0.016777914867499202],[0.023169501483689375,-0.006657902725198096,-0.014913702104443736],[0.0234358175926973,-0.00825579937924564,-0.01038632825130903]]",779.7832154445,779.7843607775,21.875,144271,"[2048, 3538, -3427]","[[28, 84, -60], [27, 78, -67], [28, 80, -63], [25, 87, -56], [31, 88, -39]]"
5.340068,5.645391,body,0.000000,0.000000,0.000000,0.000000,0.000000,0.000000,0.000000,0.000000,0.000000,0.000000,0.000000,0.000000,6.387131,-3.679289,-6.196792,0.016867,-0.011629,0.000621,bmi088,0.009767681499965875,"[[0.020240024284602212,-0.009853696033293183,-0.005060006071150553],[0.016777914867499202,-0.011984224905356573,0.0007989483270237715],[0.013582121559404116,-0.013049489341388268,0.006125270507182248]]",779.792983126,779.794041977,21.875,144522,"[2049, 3557, -3451]","[[37, 76, -19], [45, 63, 3], [49, 51, 23]]"
5.350072,5.655508,body,0.000000,0.000000,0.000000,0.000000,0.000000,0.000000,0.000000,0.000000,0.000000,0.000000,0.000000,0.000000,6.392518,-3.682881,-6.191405,0.009654,-0.011252,0.014181,bmi088,0.009988645000134966,"[[0.011984224905356573,-0.01384843766841204,0.010652644360316953],[0.010918960469324878,-0.012516857123372421,0.014114753777419964],[0.008522115488253563,-0.010652644360316953,0.015712650431467506],[0.007190534943213944,-0.007989483270237714,0.016245282649483356]]",779.8029717710001,779.80403963,21.875,144781,"[2051, 3560, -3448]","[[52, 45, 40], [47, 41, 53], [40, 32, 59], [30, 27, 61]]"
5.360072,5.665625,body,0.000000,0.000000,0.000000,0.000000,0.000000,0.000000,0.000000,0.000000,0.000000,0.000000,0.000000,0.000000,6.370971,-3.657742,-6.133945,0.008456,-0.005659,0.008522,bmi088,0.009955123999816351,"[[0.005858954398174325,-0.007723167161229791,0.01464738599543581],[0.007723167161229791,-0.005858954398174325,0.011451592687340724],[0.009321063815277334,-0.005060006071150553,0.006391586616190172],[0.010918960469324878,-0.003994741635118857,0.001597896654047543]]",779.8129268949999,779.8140528515,21.875,145040,"[2037, 3548, -3416]","[[29, 22, 55], [22, 29, 43], [19, 35, 24], [15, 41, 6]]"
5.370070,5.675664,body,0.000000,0.000000,0.000000,0.000000,0.000000,0.000000,0.000000,0.000000,0.000000,0.000000,0.000000,0.000000,6.361992,-3.661333,-6.128558,0.008322,-0.005992,-0.010120,bmi088,0.010016533499992875,"[[0.010652644360316953,-0.004261057744126781,-0.004527373853134706],[0.009054747706269411,-0.005060006071150553,-0.009054747706269411],[0.007190534943213944,-0.006391586616190172,-0.013315805450396193],[0.006391586616190172,-0.00825579937924564,-0.013582121559404116]]",779.8229434284999,779.8239917354999,21.875,145297,"[2039, 3543, -3413]","[[16, 40, -17], [19, 34, -34], [24, 27, -50], [31, 24, -51]]"
5.380069,5.685898,body,0.000000,0.000000,0.000000,0.000000,0.000000,0.000000,0.000000,0.000000,0.000000,0.000000,0.000000,0.000000,6.379949,-3.659537,-6.155492,0.007057,-0.008189,-0.007590,bmi088,0.01006000650011174,"[[0.00692421883420602,-0.008788431597261486,-0.013049489341388268],[0.007989483270237714,-0.008522115488253563,-0.009321063815277334],[0.007723167161229791,-0.00825579937924564,-0.006657902725198096],[0.0055926382891664005,-0.007190534943213944,-0.001331580545039619]]",779.833003435,779.834095999,21.875,145559,"[2038, 3553, -3428]","[[33, 26, -49], [32, 30, -35], [31, 29, -25], [27, 21, -5]]"
5.390072,5.695820,body,0.000000,0.000000,0.000000,0.000000,0.000000,0.000000,0.000000,0.000000,0.000000,0.000000,0.000000,0.000000,6.390723,-3.668515,-6.173449,-0.000067,-0.005459,0.013449,bmi088,0.009864866499924574,"[[0.0021305288720633907,-0.006657902725198096,0.004527373853134706],[-0.00026631610900792384,-0.0055926382891664005,0.011185276578332801],[-0.0010652644360316954,-0.005060006071150553,0.017576863194522972],[-0.0010652644360316954,-0.004527373853134706,0.020506340393610135]]",779.8428683015,779.843917713,21.875,145813,"[2043, 3559, -3438]","[[25, 8, 17], [21, -1, 42], [19, -4, 66], [17, -4, 77]]"
5.400072,5.706133,body,0.000000,0.000000,0.000000,0.000000,0.000000,0.000000,0.000000,0.000000,0.000000,0.000000,0.000000,0.000000,6.370971,-3.682881,-6.146514,-0.005659,-0.001997,0.015713,bmi088,0.010120071500068661,"[[-0.002663161090079238,-0.003994741635118857,0.021038972611625982],[-0.004793689962142629,-0.003195793308095086,0.018109495412538822],[-0.007456851052221868,-0.0010652644360316954,0.014381069886427887],[-0.007723167161229791,0.00026631610900792384,0.009321063815277334]]",779.852988373,779.854111721,21.875,146077,"[2051, 3548, -3423]","[[15, -10, 79], [12, -18, 68], [4, -28, 54], [-1, -29, 35]]"
5.410068,5.716172,body,0.000000,0.000000,0.000000,0.000000,0.000000,0.000000,0.000000,0.000000,0.000000,0.000000,0.000000,0.000000,6.361992,-3.655946,-6.135740,-0.009654,-0.001132,-0.005659,bmi088,0.009979540999893288,"[[-0.007456851052221868,0.0005326322180158477,0.003195793308095086],[-0.007723167161229791,-0.0010652644360316954,-0.003728425526110934],[-0.01038632825130903,-0.001864212763055467,-0.009321063815277334],[-0.013049489341388268,-0.0021305288720633907,-0.012783173232380344]]",779.8629679139999,779.8640434209999,21.875,146334,"[2036, 3543, -3417]","[[-2, -28, 12], [4, -29, -14], [7, -39, -35], [8, -49, -48]]"
5.420069,5.726211,body,0.000000,0.000000,0.000000,0.000000,0.000000,0.000000,0.000000,0.000000,0.000000,0.000000,0.000000,0.000000,6.385336,-3.646968,-6.148310,-0.012251,-0.002730,-0.011385,bmi088,0.009944676000031905,"[[-0.013315805450396193,-0.001864212763055467,-0.014381069886427887],[-0.01171790879634865,-0.0021305288720633907,-0.01464738599543581],[-0.01171790879634865,-0.00346210941710301,-0.011185276578332801],[-0.012250541014364496,-0.00346210941710301,-0.005326322180158476]]",779.8729125899999,779.873969969,21.875,146591,"[2031, 3556, -3424]","[[7, -50, -54], [8, -44, -55], [13, -44, -42], [13, -46, -20]]"
5.430073,5.736562,body,0.000000,0.000000,0.000000,0.000000,0.000000,0.000000,0.000000,0.000000,0.000000,0.000000,0.000000,0.000000,6.379949,-3.684676,-6.157288,-0.017244,-0.004061,0.008589,bmi088,0.010008821000155876,"[[-0.014381069886427887,-0.004261057744126781,0.001597896654047543],[-0.01651159875849128,-0.00346210941710301,0.00692421883420602],[-0.018375811521546746,-0.004261057744126781,0.010918960469324878],[-0.019707392066586366,-0.004261057744126781,0.014913702104443736]]",779.8829214110001,779.8841955944999,21.875,146856,"[2052, 3553, -3429]","[[16, -54, 6], [13, -62, 26], [16, -69, 41], [16, -74, 56]]"
5.440071,5.746641,body,0.000000,0.000000,0.000000,0.000000,0.000000,0.000000,0.000000,0.000000,0.000000,0.000000,0.000000,0.000000,6.405088,-3.716998,-6.175245,-0.024102,-0.002730,0.022038,bmi088,0.0101495439998871,"[[-0.02077265650261806,-0.004793689962142629,0.01864212763055467],[-0.0234358175926973,-0.004261057744126781,0.022370553156665602],[-0.02556634646476069,-0.0021305288720633907,0.023968449810713145],[-0.026631610900792385,0.00026631610900792384,0.023169501483689375]]",779.893070955,779.894164607,21.875,147114,"[2070, 3567, -3439]","[[18, -78, 70], [16, -88, 84], [8, -96, 90], [-1, -100, 87]]"
5.450078,5.757187,body,0.000000,0.000000,0.000000,0.000000,0.000000,0.000000,0.000000,0.000000,0.000000,0.000000,0.000000,0.000000,6.408679,-3.690063,-6.157288,-0.022317,0.001012,0.005752,bmi088,0.010343131500007985,"[[-0.02556634646476069,0.001331580545039619,0.018908443739562592],[-0.0234358175926973,0.0007989483270237715,0.013049489341388268],[-0.021038972611625982,-0.00026631610900792384,0.006125270507182248],[-0.020240024284602212,0.0007989483270237715,-0.001331580545039619],[-0.021305288720633905,0.0023968449810713144,-0.007989483270237714]]",779.9034140865,779.904627517,21.875,147384,"[2055, 3569, -3429]","[[-5, -96, 71], [-3, -88, 49], [1, -79, 23], [-3, -76, -5], [-9, -80, -30]]"
5.460084,5.766563,body,0.000000,0.000000,0.000000,0.000000,0.000000,0.000000,0.000000,0.000000,0.000000,0.000000,0.000000,0.000000,6.388927,-3.716998,-6.139332,-0.021838,-0.000266,-0.009232,bmi088,0.009426139000083822,"[[-0.022636869265673525,0.001864212763055467,-0.010652644360316953],[-0.02210423704765768,-0.0005326322180158477,-0.009853696033293183],[-0.02077265650261806,-0.0021305288720633907,-0.007190534943213944]]",779.9128402255001,779.91386898,21.875,147624,"[2070, 3558, -3419]","[[-7, -85, -40], [2, -83, -37], [8, -78, -27]]"
5.470071,5.776797,body,0.000000,0.000000,0.000000,0.000000,0.000000,0.000000,0.000000,0.000000,0.000000,0.000000,0.000000,0.000000,6.388927,-3.693655,-6.148310,-0.019042,0.000399,0.000266,bmi088,0.010124407499915833,"[[-0.01997370817559429,-0.001864212763055467,-0.0055926382891664005],[-0.018908443739562592,-0.0005326322180158477,-0.0023968449810713144],[-0.018375811521546746,0.0010652644360316954,0.001597896654047543],[-0.018908443739562592,0.0029294771990871623,0.007456851052221868]]",779.922964633,779.9240147160001,21.875,147886,"[2057, 3558, -3424]","[[7, -75, -21], [2, -71, -9], [-4, -69, 6], [-11, -71, 28]]"
5.480071,5.787578,body,0.000000,0.000000,0.000000,0.000000,0.000000,0.000000,0.000000,0.000000,0.000000,0.000000,0.000000,0.000000,6.397905,-3.708020,-6.178836,-0.019548,0.005912,0.015713,bmi088,0.010562782999954834,"[[-0.01944107595757844,0.005858954398174325,0.013049489341388268],[-0.019707392066586366,0.007456851052221868,0.01731054708551505],[-0.018908443739562592,0.007190534943213944,0.018908443739562592],[-0.019174759848570515,0.005060006071150553,0.01651159875849128],[-0.020506340393610135,0.003994741635118857,0.012783173232380344]]",779.933527416,779.934652877,21.875,148162,"[2065, 3563, -3441]","[[-22, -73, 49], [-28, -74, 65], [-27, -71, 71], [-19, -72, 62], [-15, -77, 48]]"
5.490068,5.798008,body,0.000000,0.000000,0.000000,0.000000,0.000000,0.000000,0.000000,0.000000,0.000000,0.000000,0.000000,0.000000,6.372766,-3.704429,-6.166266,-0.019108,0.003063,0.005526,bmi088,0.010361660000057782,"[[-0.02210423704765768,0.0021305288720633907,0.009321063815277334],[-0.021837920938649755,0.0021305288720633907,0.00692421883420602],[-0.01864212763055467,0.0029294771990871623,0.004261057744126781],[-0.01384843766841204,0.005060006071150553,0.001597896654047543]]",779.943889076,779.9449651275,21.875,148429,"[2063, 3549, -3434]","[[-8, -83, 35], [-8, -82, 26], [-11, -70, 16], [-19, -52, 6]]"
5.500071,5.807070,body,0.000000,0.000000,0.000000,0.000000,0.000000,0.000000,0.000000,0.000000,0.000000,0.000000,0.000000,0.000000,6.372766,-3.688268,-6.166266,-0.009232,0.009410,-0.001687,bmi088,0.008998291000011704,"[[-0.010652644360316953,0.007190534943213944,-0.0010652644360316954],[-0.009321063815277334,0.009587379924285258,-0.001597896654047543],[-0.007723167161229791,0.011451592687340724,-0.0023968449810713144]]",779.952887367,779.9539130180001,21.875,148661,"[2054, 3549, -3434]","[[-27, -40, -4], [-36, -35, -6], [-43, -29, -9]]"
5.510069,5.817227,body,0.000000,0.000000,0.000000,0.000000,0.000000,0.000000,0.000000,0.000000,0.000000,0.000000,0.000000,0.000000,6.385336,-3.713407,-6.150106,-0.005260,0.012184,-0.006724,bmi088,0.0100549820000424,"[[-0.005858954398174325,0.011984224905356573,-0.002663161090079238],[-0.004261057744126781,0.01171790879634865,-0.005326322180158476],[-0.004527373853134706,0.012250541014364496,-0.00825579937924564],[-0.006391586616190172,0.012783173232380344,-0.010652644360316953]]",779.9629423490001,779.963982368,21.875,148921,"[2068, 3556, -3425]","[[-45, -22, -10], [-44, -16, -20], [-46, -17, -31], [-48, -24, -40]]"
5.520070,5.827500,body,0.000000,0.000000,0.000000,0.000000,0.000000,0.000000,0.000000,0.000000,0.000000,0.000000,0.000000,0.000000,6.378153,-3.720589,-6.142923,-0.009188,0.010653,-0.004993,bmi088,0.010040374499908467,"[[-0.008522115488253563,0.012250541014364496,-0.009853696033293183],[-0.009587379924285258,0.011185276578332801,-0.00692421883420602],[-0.009587379924285258,0.009853696033293183,-0.003195793308095086],[-0.009054747706269411,0.009321063815277334,0.0]]",779.9729827235,779.974147768,21.875,149184,"[2072, 3552, -3421]","[[-46, -32, -37], [-42, -36, -26], [-37, -36, -12], [-35, -34, 0]]"
5.530067,5.838008,body,0.000000,0.000000,0.000000,0.000000,0.000000,0.000000,0.000000,0.000000,0.000000,0.000000,0.000000,0.000000,6.379949,-3.706224,-6.164471,-0.004208,0.010386,0.008735,bmi088,0.01043561250003222,"[[-0.00825579937924564,0.009587379924285258,0.003195793308095086],[-0.006125270507182248,0.009853696033293183,0.00692421883420602],[-0.00346210941710301,0.01038632825130903,0.010918960469324878],[-0.001597896654047543,0.010918960469324878,0.012516857123372421],[-0.001597896654047543,0.011185276578332801,0.010120012142301106]]",779.983418336,779.984505492,21.875,149453,"[2064, 3553, -3433]","[[-36, -31, 12], [-37, -23, 26], [-39, -13, 41], [-41, -6, 47], [-42, -6, 38]]"
5.540071,5.847617,body,0.000000,0.000000,0.000000,0.000000,0.000000,0.000000,0.000000,0.000000,0.000000,0.000000,0.000000,0.000000,6.369175,-3.734955,-6.162675,-0.000976,0.008877,-0.004705,bmi088,0.009574093999958677,"[[-0.001331580545039619,0.010120012142301106,0.0023968449810713144],[-0.001331580545039619,0.009321063815277334,-0.005326322180158476],[-0.00026631610900792384,0.007190534943213944,-0.011185276578332801]]",779.99299243,779.994015408,21.875,149699,"[2080, 3547, -3432]","[[-38, -5, 9], [-35, -5, -20], [-27, -1, -42]]"
5.550072,5.857695,body,0.000000,0.000000,0.000000,0.000000,0.000000,0.000000,0.000000,0.000000,0.000000,0.000000,0.000000,0.000000,6.354810,-3.715202,-6.153697,0.005193,0.003529,-0.009854,bmi088,0.009943908000082047,"[[0.002663161090079238,0.005060006071150553,-0.012250541014364496],[0.0055926382891664005,0.0029294771990871623,-0.010918960469324878],[0.007190534943213944,0.002663161090079238,-0.009054747706269411],[0.005326322180158476,0.00346210941710301,-0.007190534943213944]]",780.002936338,780.003993237,21.875,149957,"[2069, 3539, -3427]","[[-19, 10, -46], [-11, 21, -41], [-10, 27, -34], [-13, 20, -27]]"
5.560072,5.868047,body,0.000000,0.000000,0.000000,0.000000,0.000000,0.000000,0.000000,0.000000,0.000000,0.000000,0.000000,0.000000,6.388927,-3.715202,-6.155492,0.001332,0.003396,-0.004128,bmi088,0.010207064999917748,"[[0.003728425526110934,0.003728425526110934,-0.006125270507182248],[0.0010652644360316954,0.00346210941710301,-0.004793689962142629],[0.0,0.003195793308095086,-0.003728425526110934],[0.0005326322180158477,0.003195793308095086,-0.001864212763055467]]",780.013143403,780.0142456149999,21.875,150222,"[2069, 3558, -3428]","[[-14, 14, -23], [-13, 4, -18], [-12, 0, -14], [-12, 2, -7]]"
5.570074,5.878008,body,0.000000,0.000000,0.000000,0.000000,0.000000,0.000000,0.000000,0.000000,0.000000,0.000000,0.000000,0.000000,6.385336,-3.704429,-6.151901,0.003795,0.003396,0.003862,bmi088,0.009853106500031572,"[[0.0029294771990871623,0.003195793308095086,-0.00026631610900792384],[0.003728425526110934,0.003195793308095086,0.0021305288720633907],[0.004261057744126781,0.00346210941710301,0.005060006071150553],[0.004261057744126781,0.003728425526110934,0.008522115488253563]]",780.0229965095,780.0240553604999,21.875,150477,"[2063, 3556, -3426]","[[-12, 11, -1], [-12, 14, 8], [-13, 16, 19], [-14, 16, 32]]"
5.580094,5.888359,body,0.000000,0.000000,0.000000,0.000000,0.000000,0.000000,0.000000,0.000000,0.000000,0.000000,0.000000,0.000000,6.347627,-3.709815,-6.146514,0.005859,0.004128,0.003795,bmi088,0.010185368500060576,"[[0.004527373853134706,0.004261057744126781,0.00825579937924564],[0.005060006071150553,0.004261057744126781,0.006125270507182248],[0.0055926382891664005,0.004261057744126781,0.0021305288720633907],[0.00825579937924564,0.003728425526110934,-0.001331580545039619]]",780.033181878,780.0342870659999,21.875,150742,"[2066, 3535, -3423]","[[-16, 17, 31], [-16, 19, 23], [-16, 21, 8], [-14, 31, -5]]"
5.590070,5.898164,body,0.000000,0.000000,0.000000,0.000000,0.000000,0.000000,0.000000,0.000000,0.000000,0.000000,0.000000,0.000000,6.338649,-3.729568,-6.141127,0.011252,-0.000266,-0.011385,bmi088,0.009673422999981085,"[[0.009321063815277334,0.0023968449810713144,-0.005326322180158476],[0.011185276578332801,0.0007989483270237715,-0.010120012142301106],[0.01171790879634865,-0.001331580545039619,-0.014114753777419964],[0.012783173232380344,-0.0029294771990871623,-0.01597896654047543]]",780.042855301,780.044013034,21.875,150993,"[2077, 3530, -3420]","[[-9, 35, -20], [-3, 42, -38], [5, 44, -53], [11, 48, -60]]"
5.600073,5.908281,body,0.000000,0.000000,0.000000,0.000000,0.000000,0.000000,0.000000,0.000000,0.000000,0.000000,0.000000,0.000000,6.367379,-3.734955,-6.164471,0.014647,-0.002463,-0.010653,bmi088,0.010085687000014332,"[[0.013582121559404116,-0.00346210941710301,-0.015446334322459582],[0.014381069886427887,-0.002663161090079238,-0.012516857123372421],[0.014913702104443736,-0.0021305288720633907,-0.010120012142301106],[0.015712650431467506,-0.001597896654047543,-0.004527373853134706]]",780.052940988,780.053998191,21.875,151252,"[2080, 3546, -3433]","[[13, 51, -58], [10, 54, -47], [8, 56, -38], [6, 59, -17]]"
5.610067,5.918359,body,0.000000,0.000000,0.000000,0.000000,0.000000,0.000000,0.000000,0.000000,0.000000,0.000000,0.000000,0.000000,6.358401,-3.699042,-6.177040,0.015713,-0.003196,0.001465,bmi088,0.009979988999930356,"[[0.016245282649483356,-0.0021305288720633907,-0.0005326322180158477],[0.017044230976507126,-0.001864212763055467,0.002663161090079238],[0.015712650431467506,-0.00346210941710301,0.0021305288720633907],[0.01384843766841204,-0.005326322180158476,0.001597896654047543]]",780.062920977,780.063971108,21.875,151510,"[2060, 3541, -3440]","[[8, 61, -2], [7, 64, 10], [13, 59, 8], [20, 52, 6]]"
5.620072,5.928750,body,0.000000,0.000000,0.000000,0.000000,0.000000,0.000000,0.000000,0.000000,0.000000,0.000000,0.000000,0.000000,6.356605,-3.684676,-6.173449,0.007989,-0.003995,0.001997,bmi088,0.010225368999954298,"[[0.009587379924285258,-0.006125270507182248,0.0007989483270237715],[0.00692421883420602,-0.005326322180158476,0.0010652644360316954],[0.006391586616190172,-0.0029294771990871623,0.002663161090079238],[0.009054747706269411,-0.001597896654047543,0.00346210941710301]]",780.0731463459999,780.0742653585,21.875,151776,"[2052, 3540, -3438]","[[23, 36, 3], [20, 26, 4], [11, 24, 10], [6, 34, 13]]"
5.630071,5.938750,body,0.000000,0.000000,0.000000,0.000000,0.000000,0.000000,0.000000,0.000000,0.000000,0.000000,0.000000,0.000000,6.347627,-3.673902,-6.164471,0.016179,-0.003396,-0.002663,bmi088,0.00989569900002607,"[[0.013049489341388268,-0.0010652644360316954,0.0021305288720633907],[0.015712650431467506,-0.002663161090079238,-0.0007989483270237715],[0.017576863194522972,-0.003994741635118857,-0.004261057744126781],[0.018375811521546746,-0.005858954398174325,-0.007723167161229791]]",780.083042045,780.084139793,21.875,152032,"[2046, 3535, -3433]","[[4, 49, 8], [10, 59, -3], [15, 66, -16], [22, 69, -29]]"
5.640070,5.948789,body,0.000000,0.000000,0.000000,0.000000,0.000000,0.000000,0.000000,0.000000,0.000000,0.000000,0.000000,0.000000,6.372766,-3.670311,-6.141127,0.016245,-0.009521,-0.011452,bmi088,0.009941156500076431,"[[0.01864212763055467,-0.006657902725198096,-0.01038632825130903],[0.017576863194522972,-0.00825579937924564,-0.012516857123372421],[0.015712650431467506,-0.01038632825130903,-0.011984224905356573],[0.013049489341388268,-0.012783173232380344,-0.010918960469324878]]",780.0929832015,780.09409455,21.875,152289,"[2044, 3549, -3420]","[[25, 70, -39], [31, 66, -47], [39, 59, -45], [48, 49, -41]]"
5.650071,5.958867,body,0.000000,0.000000,0.000000,0.000000,0.000000,0.000000,0.000000,0.000000,0.000000,0.000000,0.000000,0.000000,6.379949,-3.709815,-6.178836,0.008655,-0.013582,0.002796,bmi088,0.009997396999892771,"[[0.010918960469324878,-0.013315805450396193,-0.007456851052221868],[0.008788431597261486,-0.01384843766841204,-0.001331580545039619],[0.007723167161229791,-0.013315805450396193,0.006125270507182248],[0.007190534943213944,-0.01384843766841204,0.01384843766841204]]",780.1029805984999,780.1040259619999,21.875,152547,"[2066, 3553, -3441]","[[50, 41, -28], [52, 33, -5], [50, 29, 23], [52, 27, 52]]"
5.660070,5.968945,body,0.000000,0.000000,0.000000,0.000000,0.000000,0.000000,0.000000,0.000000,0.000000,0.000000,0.000000,0.000000,6.387131,-3.681085,-6.177040,0.004727,-0.013449,0.021572,bmi088,0.009937876000094548,"[[0.00692421883420602,-0.013315805450396193,0.019174759848570515],[0.006657902725198096,-0.013315805450396193,0.022370553156665602],[0.003728425526110934,-0.013582121559404116,0.0234358175926973],[0.001597896654047543,-0.013582121559404116,0.021305288720633905]]",780.1129184745,780.1139955179999,21.875,152805,"[2050, 3557, -3440]","[[50, 26, 72], [50, 25, 84], [51, 14, 88], [51, 6, 80]]"
5.670069,5.979023,body,0.000000,0.000000,0.000000,0.000000,0.000000,0.000000,0.000000,0.000000,0.000000,0.000000,0.000000,0.000000,6.379949,-3.690063,-6.139332,0.002730,-0.013982,0.009055,bmi088,0.010013141499939593,"[[0.0,-0.014381069886427887,0.017044230976507126],[0.001331580545039619,-0.01464738599543581,0.012783173232380344],[0.00346210941710301,-0.014381069886427887,0.00692421883420602],[0.006125270507182248,-0.012516857123372421,-0.0005326322180158477]]",780.122931616,780.123986275,21.875,153063,"[2055, 3553, -3419]","[[54, 0, 64], [55, 5, 48], [54, 13, 26], [47, 23, -2]]"
5.680071,5.989297,body,0.000000,0.000000,0.000000,0.000000,0.000000,0.000000,0.000000,0.000000,0.000000,0.000000,0.000000,0.000000,6.344036,-3.682881,-6.130353,0.006791,-0.012051,-0.012051,bmi088,0.010125527500008502,"[[0.007456851052221868,-0.011451592687340724,-0.008522115488253563],[0.007190534943213944,-0.01171790879634865,-0.01384843766841204],[0.006391586616190172,-0.012250541014364496,-0.01464738599543581],[0.006125270507182248,-0.012783173232380344,-0.011185276578332801]]",780.1330571435,780.1341274189999,21.875,153326,"[2051, 3533, -3414]","[[43, 28, -32], [44, 27, -52], [46, 24, -55], [48, 23, -42]]"
5.690079,5.999766,body,0.000000,0.000000,0.000000,0.000000,0.000000,0.000000,0.000000,0.000000,0.000000,0.000000,0.000000,0.000000,6.390723,-3.677494,-6.159084,0.003196,-0.016192,0.003835,bmi088,0.010360331500010034,"[[0.007190534943213944,-0.012516857123372421,-0.006125270507182248],[0.006391586616190172,-0.014114753777419964,-0.001331580545039619],[0.003728425526110934,-0.01597896654047543,0.003728425526110934],[0.0005326322180158477,-0.01864212763055467,0.008522115488253563],[-0.001864212763055467,-0.019707392066586366,0.014381069886427887]]",780.143417475,780.1444869510001,21.875,153594,"[2048, 3559, -3430]","[[47, 27, -23], [53, 24, -5], [60, 14, 14], [70, 2, 32], [74, -7, 54]]"
5.700073,6.009375,body,0.000000,0.000000,0.000000,0.000000,0.000000,0.000000,0.000000,0.000000,0.000000,0.000000,0.000000,0.000000,6.412271,-3.695450,-6.169858,-0.006747,-0.017222,0.020950,bmi088,0.009520892999944408,"[[-0.004261057744126781,-0.019707392066586366,0.019174759848570515],[-0.00692421883420602,-0.017576863194522972,0.021305288720633905],[-0.009054747706269411,-0.014381069886427887,0.022370553156665602]]",780.1529383679999,780.153992291,21.875,153840,"[2058, 3571, -3436]","[[74, -16, 72], [66, -26, 80], [54, -34, 84]]"
5.710071,6.019453,body,0.000000,0.000000,0.000000,0.000000,0.000000,0.000000,0.000000,0.000000,0.000000,0.000000,0.000000,0.000000,6.392518,-3.688268,-6.135740,-0.010187,-0.009587,0.015380,bmi088,0.00997195650006688,"[[-0.009853696033293183,-0.011451592687340724,0.019707392066586366],[-0.01038632825130903,-0.010120012142301106,0.017576863194522972],[-0.010120012142301106,-0.008788431597261486,0.01384843766841204],[-0.01038632825130903,-0.007989483270237714,0.01038632825130903]]",780.1629103245,780.1639485830001,21.875,154098,"[2054, 3560, -3417]","[[43, -37, 74], [38, -39, 66], [33, -38, 52], [30, -39, 39]]"
5.720074,6.029766,body,0.000000,0.000000,0.000000,0.000000,0.000000,0.000000,0.000000,0.000000,0.000000,0.000000,0.000000,0.000000,6.387131,-3.702633,-6.123171,-0.008322,-0.009055,-0.001265,bmi088,0.010160552000002099,"[[-0.010120012142301106,-0.00825579937924564,0.0055926382891664005],[-0.010120012142301106,-0.008788431597261486,0.0010652644360316954],[-0.00825579937924564,-0.009587379924285258,-0.003728425526110934],[-0.004793689962142629,-0.009587379924285258,-0.007989483270237714]]",780.1730708765,780.1741457119999,21.875,154362,"[2062, 3557, -3410]","[[31, -38, 21], [33, -38, 4], [36, -31, -14], [36, -18, -30]]"
5.730073,6.039844,body,0.000000,0.000000,0.000000,0.000000,0.000000,0.000000,0.000000,0.000000,0.000000,0.000000,0.000000,0.000000,6.394314,-3.672107,-6.130353,-0.000200,-0.013782,-0.010653,bmi088,0.009968468500005656,"[[-0.0010652644360316954,-0.010918960469324878,-0.01171790879634865],[0.001331580545039619,-0.013049489341388268,-0.012516857123372421],[0.0010652644360316954,-0.01464738599543581,-0.011451592687340724],[-0.0021305288720633907,-0.01651159875849128,-0.00692421883420602]]",780.183039345,780.1841077165,21.875,154620,"[2045, 3561, -3414]","[[41, -4, -44], [49, 5, -47], [55, 4, -43], [62, -8, -26]]"
5.740068,6.049922,body,0.000000,0.000000,0.000000,0.000000,0.000000,0.000000,0.000000,0.000000,0.000000,0.000000,0.000000,0.000000,6.424840,-3.675698,-6.153697,-0.005992,-0.013848,0.014115,bmi088,0.009982308999951783,"[[-0.004793689962142629,-0.015712650431467506,0.0007989483270237715],[-0.006125270507182248,-0.015180018213451659,0.010652644360316953],[-0.006391586616190172,-0.012783173232380344,0.01944107595757844],[-0.006657902725198096,-0.01171790879634865,0.02556634646476069]]",780.193021654,780.194079529,21.875,154878,"[2047, 3578, -3427]","[[59, -18, 3], [57, -23, 40], [48, -24, 73], [44, -25, 96]]"
5.750069,6.060039,body,0.000000,0.000000,0.000000,0.000000,0.000000,0.000000,0.000000,0.000000,0.000000,0.000000,0.000000,0.000000,6.399701,-3.715202,-6.148310,-0.008389,-0.008655,0.025367,bmi088,0.009965541000042322,"[[-0.007456851052221868,-0.010120012142301106,0.028762139772855775],[-0.008522115488253563,-0.010120012142301106,0.0290284558818637],[-0.009054747706269411,-0.00825579937924564,0.025033714246744842],[-0.008522115488253563,-0.006125270507182248,0.01864212763055467]]",780.202987195,780.204061182,21.875,155137,"[2069, 3564, -3424]","[[38, -28, 108], [38, -32, 109], [31, -34, 94], [23, -32, 70]]"
5.760073,6.070273,body,0.000000,0.000000,0.000000,0.000000,0.000000,0.000000,0.000000,0.000000,0.000000,0.000000,0.000000,0.000000,6.370971,-3.713407,-6.146514,-0.004461,-0.003529,-0.002197,bmi088,0.010150008000096022,"[[-0.007723167161229791,-0.004527373853134706,0.010652644360316953],[-0.00692421883420602,-0.00346210941710301,0.001864212763055467],[-0.003728425526110934,-0.003195793308095086,-0.00692421883420602],[0.0005326322180158477,-0.0029294771990871623,-0.014381069886427887]]",780.2131372030001,780.2142077179999,21.875,155399,"[2068, 3548, -3423]","[[17, -29, 40], [13, -26, 7], [12, -14, -26], [11, 2, -54]]"
5.770069,6.080156,body,0.000000,0.000000,0.000000,0.000000,0.000000,0.000000,0.000000,0.000000,0.000000,0.000000,0.000000,0.000000,6.379949,-3.690063,-6.168062,0.006791,-0.004461,-0.019508,bmi088,0.009816225499889697,"[[0.004793689962142629,-0.003728425526110934,-0.01944107595757844],[0.006391586616190172,-0.004793689962142629,-0.02077265650261806],[0.007456851052221868,-0.005060006071150553,-0.02077265650261806],[0.008522115488253563,-0.004261057744126781,-0.017044230976507126]]",780.2229534285,780.2239971429999,21.875,155652,"[2055, 3553, -3435]","[[14, 18, -73], [18, 24, -78], [19, 28, -78], [16, 32, -64]]"
5.780071,6.090430,body,0.000000,0.000000,0.000000,0.000000,0.000000,0.000000,0.000000,0.000000,0.000000,0.000000,0.000000,0.000000,6.405088,-3.704429,-6.189610,0.004527,-0.003262,0.000732,bmi088,0.010095094999996945,"[[0.008788431597261486,-0.0029294771990871623,-0.011451592687340724],[0.006125270507182248,-0.0023968449810713144,-0.003195793308095086],[0.003195793308095086,-0.00346210941710301,0.005326322180158476],[0.0,-0.004261057744126781,0.012250541014364496]]",780.2330485235,780.2341356950001,21.875,155915,"[2063, 3567, -3447]","[[11, 33, -43], [9, 23, -12], [13, 12, 20], [16, 0, 46]]"
5.790088,6.100313,body,0.000000,0.000000,0.000000,0.000000,0.000000,0.000000,0.000000,0.000000,0.000000,0.000000,0.000000,0.000000,6.426636,-3.693655,-6.173449,-0.001265,-0.001332,0.021039,bmi088,0.00982353750009679,"[[-0.001331580545039619,-0.004261057744126781,0.018109495412538822],[-0.0023968449810713144,-0.0023968449810713144,0.021305288720633905],[-0.001331580545039619,0.00026631610900792384,0.022636869265673525],[0.0,0.0010652644360316954,0.02210423704765768]]",780.2428720610001,780.2439357285,21.875,156168,"[2057, 3579, -3438]","[[16, -5, 68], [9, -9, 80], [-1, -5, 85], [-4, 0, 83]]"
5.800075,6.110547,body,0.000000,0.000000,0.000000,0.000000,0.000000,0.000000,0.000000,0.000000,0.000000,0.000000,0.000000,0.000000,6.390723,-3.688268,-6.119579,0.001731,0.002264,0.010786,bmi088,0.010104087499939851,"[[0.0010652644360316954,0.0005326322180158477,0.020240024284602212],[0.0010652644360316954,0.00026631610900792384,0.01597896654047543],[0.001597896654047543,0.002663161090079238,0.00825579937924564],[0.003195793308095086,0.0055926382891664005,-0.001331580545039619]]",780.2529761485,780.2540555759999,21.875,156430,"[2054, 3559, -3408]","[[-2, 4, 76], [-1, 4, 60], [-10, 6, 31], [-21, 12, -5]]"
5.810069,6.120703,body,0.000000,0.000000,0.000000,0.000000,0.000000,0.000000,0.000000,0.000000,0.000000,0.000000,0.000000,0.000000,6.356605,-3.704429,-6.146514,0.004993,0.007057,-0.015779,bmi088,0.009990277000042624,"[[0.004527373853134706,0.007989483270237714,-0.01038632825130903],[0.006391586616190172,0.007190534943213944,-0.014913702104443736],[0.004527373853134706,0.007190534943213944,-0.018375811521546746],[0.004527373853134706,0.005858954398174325,-0.01944107595757844]]",780.2629664255,780.2640735335,21.875,156690,"[2063, 3540, -3423]","[[-30, 17, -39], [-27, 24, -56], [-27, 17, -69], [-22, 17, -73]]"
5.820075,6.130937,body,0.000000,0.000000,0.000000,0.000000,0.000000,0.000000,0.000000,0.000000,0.000000,0.000000,0.000000,0.000000,6.358401,-3.708020,-6.157288,0.008256,0.006858,-0.017510,bmi088,0.01012429549996341,"[[0.005326322180158476,0.006125270507182248,-0.021571604829641832],[0.009321063815277334,0.006391586616190172,-0.020506340393610135],[0.010120012142301106,0.00692421883420602,-0.017044230976507126],[0.00825579937924564,0.007989483270237714,-0.010918960469324878]]",780.273090721,780.2741717485001,21.875,156952,"[2065, 3541, -3429]","[[-23, 20, -81], [-24, 35, -77], [-26, 38, -64], [-30, 31, -41]]"
5.830072,6.141094,body,0.000000,0.000000,0.000000,0.000000,0.000000,0.000000,0.000000,0.000000,0.000000,0.000000,0.000000,0.000000,6.379949,-3.716998,-6.150106,-0.001132,0.010253,0.007191,bmi088,0.010034437500053173,"[[0.00346210941710301,0.008522115488253563,-0.0029294771990871623],[-0.0007989483270237715,0.009587379924285258,0.005858954398174325],[-0.00346210941710301,0.010652644360316953,0.01171790879634865],[-0.003728425526110934,0.012250541014364496,0.014114753777419964]]",780.2831251585001,780.2842218185,21.875,157212,"[2070, 3553, -3425]","[[-32, 13, -11], [-36, -3, 22], [-40, -13, 44], [-46, -14, 53]]"
5.840070,6.151016,body,0.000000,0.000000,0.000000,0.000000,0.000000,0.000000,0.000000,0.000000,0.000000,0.000000,0.000000,0.000000,6.354810,-3.716998,-6.166266,-0.003462,0.012450,0.010187,bmi088,0.009889442500025325,"[[-0.003195793308095086,0.013049489341388268,0.014114753777419964],[-0.0023968449810713144,0.012783173232380344,0.012250541014364496],[-0.003195793308095086,0.012250541014364496,0.010120012142301106],[-0.005060006071150553,0.01171790879634865,0.004261057744126781]]",780.2930146010001,780.2940731159999,21.875,157466,"[2070, 3539, -3434]","[[-49, -12, 53], [-48, -9, 46], [-46, -12, 38], [-44, -19, 16]]"
5.850072,6.161836,body,0.000000,0.000000,0.000000,0.000000,0.000000,0.000000,0.000000,0.000000,0.000000,0.000000,0.000000,0.000000,6.344036,-3.713407,-6.141127,-0.005593,0.011452,-0.013369,bmi088,0.010397034999868993,"[[-0.006657902725198096,0.011984224905356573,-0.001864212763055467],[-0.00692421883420602,0.011451592687340724,-0.009321063815277334],[-0.006391586616190172,0.011451592687340724,-0.015446334322459582],[-0.005326322180158476,0.011185276578332801,-0.019707392066586366],[-0.002663161090079238,0.011185276578332801,-0.020506340393610135]]",780.303411636,780.304642474,21.875,157743,"[2068, 3533, -3420]","[[-45, -25, -7], [-43, -26, -35], [-43, -24, -58], [-42, -20, -74], [-42, -10, -77]]"
5.860072,6.171211,body,0.000000,0.000000,0.000000,0.000000,0.000000,0.000000,0.000000,0.000000,0.000000,0.000000,0.000000,0.000000,6.365584,-3.708020,-6.166266,0.002752,0.006924,-0.016955,bmi088,0.009529580000048554,"[[0.0007989483270237715,0.009853696033293183,-0.01997370817559429],[0.00346210941710301,0.006657902725198096,-0.01731054708551505],[0.003994741635118857,0.004261057744126781,-0.013582121559404116]]",780.312941216,780.314011859,21.875,157983,"[2065, 3545, -3434]","[[-37, 3, -75], [-25, 13, -65], [-16, 15, -51]]"
5.870072,6.181289,body,0.000000,0.000000,0.000000,0.000000,0.000000,0.000000,0.000000,0.000000,0.000000,0.000000,0.000000,0.000000,6.378153,-3.702633,-6.175245,-0.004661,0.001531,0.004194,bmi088,0.010020500499990703,"[[0.001864212763055467,0.002663161090079238,-0.006657902725198096],[-0.003195793308095086,0.001597896654047543,0.0010652644360316954],[-0.007723167161229791,0.0005326322180158477,0.00825579937924564],[-0.009587379924285258,0.001331580545039619,0.014114753777419964]]",780.3229617165,780.3239986149999,21.875,158241,"[2062, 3552, -3439]","[[-10, 7, -25], [-6, -12, 4], [-2, -29, 31], [-5, -36, 53]]"
5.880072,6.191484,body,0.000000,0.000000,0.000000,0.000000,0.000000,0.000000,0.000000,0.000000,0.000000,0.000000,0.000000,0.000000,6.360197,-3.724181,-6.153697,-0.009055,0.006458,0.019441,bmi088,0.00999645199999577,"[[-0.008522115488253563,0.004793689962142629,0.018109495412538822],[-0.007989483270237714,0.006657902725198096,0.021038972611625982],[-0.009321063815277334,0.007456851052221868,0.020506340393610135],[-0.01038632825130903,0.00692421883420602,0.018109495412538822]]",780.3329581685,780.3340731809999,21.875,158502,"[2074, 3542, -3427]","[[-18, -32, 68], [-25, -30, 79], [-28, -35, 77], [-26, -39, 68]]"
5.890072,6.201250,body,0.000000,0.000000,0.000000,0.000000,0.000000,0.000000,0.000000,0.000000,0.000000,0.000000,0.000000,0.000000,6.376358,-3.684676,-6.151901,-0.008589,0.005127,0.004594,bmi088,0.009718735499973263,"[[-0.010918960469324878,0.006391586616190172,0.013582121559404116],[-0.009853696033293183,0.005060006071150553,0.007989483270237714],[-0.008522115488253563,0.004261057744126781,0.001331580545039619],[-0.005060006071150553,0.004793689962142629,-0.004527373853134706]]",780.342676904,780.343728043,21.875,158752,"[2052, 3551, -3426]","[[-24, -41, 51], [-19, -37, 30], [-16, -32, 5], [-18, -19, -17]]"
5.900070,6.211758,body,0.000000,0.000000,0.000000,0.000000,0.000000,0.000000,0.000000,0.000000,0.000000,0.000000,0.000000,0.000000,6.358401,-3.695450,-6.141127,0.000399,0.005127,-0.012317,bmi088,0.01023946450004587,"[[-0.001864212763055467,0.005326322180158476,-0.009321063815277334],[-0.00026631610900792384,0.005326322180158476,-0.012250541014364496],[0.001331580545039619,0.004793689962142629,-0.014381069886427887],[0.0023968449810713144,0.005060006071150553,-0.013315805450396193]]",780.3529163685,780.354036357,21.875,159021,"[2058, 3541, -3420]","[[-20, -7, -35], [-20, -1, -46], [-18, 5, -54], [-19, 9, -50]]"
5.910072,6.221836,body,0.000000,0.000000,0.000000,0.000000,0.000000,0.000000,0.000000,0.000000,0.000000,0.000000,0.000000,0.000000,6.370971,-3.673902,-6.153697,0.000466,0.003196,-0.008189,bmi088,0.010097462499970788,"[[0.0023968449810713144,0.004527373853134706,-0.011185276578332801],[0.001597896654047543,0.003994741635118857,-0.009587379924285258],[0.0,0.0023968449810713144,-0.007989483270237714],[-0.0021305288720633907,0.001864212763055467,-0.003994741635118857]]",780.363013831,780.3640677379999,21.875,159279,"[2046, 3548, -3427]","[[-17, 9, -42], [-15, 6, -36], [-9, 0, -30], [-7, -8, -15]]"
5.920082,6.232109,body,0.000000,0.000000,0.000000,0.000000,0.000000,0.000000,0.000000,0.000000,0.000000,0.000000,0.000000,0.000000,6.367379,-3.699042,-6.189610,-0.004461,0.000200,0.008855,bmi088,0.010141142500060596,"[[-0.003994741635118857,0.00026631610900792384,0.001331580545039619],[-0.005060006071150553,-0.0005326322180158477,0.007723167161229791],[-0.004527373853134706,-0.0005326322180158477,0.011451592687340724],[-0.004261057744126781,0.001597896654047543,0.014913702104443736]]",780.3731549735,780.374252561,21.875,159542,"[2060, 3546, -3447]","[[-1, -15, 5], [2, -19, 29], [2, -17, 43], [-6, -16, 56]]"
5.930071,6.242148,body,0.000000,0.000000,0.000000,0.000000,0.000000,0.000000,0.000000,0.000000,0.000000,0.000000,0.000000,0.000000,6.376358,-3.688268,-6.182427,-0.004993,0.003129,0.015313,bmi088,0.009890369999993709,"[[-0.004261057744126781,0.003195793308095086,0.01651159875849128],[-0.005060006071150553,0.003994741635118857,0.017044230976507126],[-0.005858954398174325,0.0029294771990871623,0.015446334322459582],[-0.004793689962142629,0.0023968449810713144,0.012250541014364496]]",780.3830453435,780.38416178,21.875,159799,"[2054, 3551, -3443]","[[-12, -16, 62], [-15, -19, 64], [-11, -22, 58], [-9, -18, 46]]"
5.940068,6.252109,body,0.000000,0.000000,0.000000,0.000000,0.000000,0.000000,0.000000,0.000000,0.000000,0.000000,0.000000,0.000000,6.361992,-3.695450,-6.148310,-0.000000,0.002929,-0.003129,bmi088,0.009913091000044005,"[[-0.0029294771990871623,0.002663161090079238,0.00692421883420602],[0.0,0.003994741635118857,0.0007989483270237715],[0.001331580545039619,0.003728425526110934,-0.006657902725198096],[0.001597896654047543,0.001331580545039619,-0.013582121559404116]]",780.3929584345001,780.394005029,21.875,160054,"[2058, 3543, -3424]","[[-10, -11, 26], [-15, 0, 3], [-14, 5, -25], [-5, 6, -51]]"
5.950072,6.262539,body,0.000000,0.000000,0.000000,0.000000,0.000000,0.000000,0.000000,0.000000,0.000000,0.000000,0.000000,0.000000,6.360197,-3.677494,-6.141127,-0.001012,-0.006605,-0.015553,bmi088,0.010272505499870022,"[[0.0010652644360316954,-0.002663161090079238,-0.018375811521546746],[-0.0007989483270237715,-0.0055926382891664005,-0.020506340393610135],[-0.001597896654047543,-0.007989483270237714,-0.018109495412538822],[-0.001864212763055467,-0.00825579937924564,-0.013582121559404116],[-0.001864212763055467,-0.008522115488253563,-0.007190534943213944]]",780.40323094,780.40434112,21.875,160321,"[2048, 3542, -3420]","[[10, 4, -69], [21, -3, -77], [30, -6, -68], [31, -7, -51], [32, -7, -27]]"
5.960076,6.272266,body,0.000000,0.000000,0.000000,0.000000,0.000000,0.000000,0.000000,0.000000,0.000000,0.000000,0.000000,0.000000,6.388927,-3.691859,-6.173449,-0.002929,-0.007634,0.013582,bmi088,0.009694990500065614,"[[-0.0023968449810713144,-0.007989483270237714,0.0023968449810713144],[-0.0029294771990871623,-0.007456851052221868,0.013315805450396193],[-0.00346210941710301,-0.007456851052221868,0.025033714246744842]]",780.4129259305,780.4139614210001,21.875,160570,"[2056, 3558, -3438]","[[30, -9, 9], [28, -11, 50], [28, -13, 94]]"
5.970072,6.282422,body,0.000000,0.000000,0.000000,0.000000,0.000000,0.000000,0.000000,0.000000,0.000000,0.000000,0.000000,0.000000,6.379949,-3.700837,-6.178836,-0.008522,-0.007324,0.033955,bmi088,0.010019076499929724,"[[-0.006125270507182248,-0.007989483270237714,0.03249056529896671],[-0.008522115488253563,-0.00825579937924564,0.036218990825077645],[-0.010120012142301106,-0.007456851052221868,0.036218990825077645],[-0.009321063815277334,-0.0055926382891664005,0.030892668644919165]]",780.422945007,780.423988194,21.875,160830,"[2061, 3553, -3441]","[[30, -23, 122], [31, -32, 136], [28, -38, 136], [21, -35, 116]]"
5.980073,6.292734,body,0.000000,0.000000,0.000000,0.000000,0.000000,0.000000,0.000000,0.000000,0.000000,0.000000,0.000000,0.000000,6.356605,-3.738546,-6.121375,-0.008056,-0.003928,0.007324,bmi088,0.010076197499984119,"[[-0.009321063815277334,-0.004793689962142629,0.021837920938649755],[-0.009587379924285258,-0.003994741635118857,0.011185276578332801],[-0.00825579937924564,-0.003728425526110934,0.001597896654047543],[-0.005060006071150553,-0.003195793308095086,-0.005326322180158476]]",780.4330212044999,780.4341676575,21.875,161094,"[2082, 3540, -3409]","[[18, -35, 82], [15, -36, 42], [14, -31, 6], [12, -19, -20]]"
5.990069,6.302656,body,0.000000,0.000000,0.000000,0.000000,0.000000,0.000000,0.000000,0.000000,0.000000,0.000000,0.000000,0.000000,6.354810,-3.699042,-6.135740,0.002197,-0.007390,-0.014714,bmi088,0.009950051500027257,"[[0.0,-0.003994741635118857,-0.011185276578332801],[0.0023968449810713144,-0.0055926382891664005,-0.014381069886427887],[0.003728425526110934,-0.009054747706269411,-0.016777914867499202],[0.002663161090079238,-0.010918960469324878,-0.01651159875849128]]",780.442971256,780.444011995,21.875,161348,"[2060, 3539, -3417]","[[15, 0, -42], [21, 9, -54], [34, 14, -63], [41, 10, -62]]"
6.000069,6.312773,body,0.000000,0.000000,0.000000,0.000000,0.000000,0.000000,0.000000,0.000000,0.000000,0.000000,0.000000,0.000000,6.399701,-3.691859,-6.177040,0.000266,-0.014847,-0.006192,bmi088,0.00999690050002755,"[[0.0010652644360316954,-0.012516857123372421,-0.01384843766841204],[0.0,-0.013582121559404116,-0.009321063815277334],[-0.0007989483270237715,-0.015446334322459582,-0.004261057744126781],[0.0007989483270237715,-0.017843179303530896,0.002663161090079238]]",780.4529681565,780.4540173749999,21.875,161607,"[2056, 3564, -3440]","[[47, 4, -52], [51, 0, -35], [58, -3, -16], [67, 3, 10]]"
6.010068,6.322930,body,0.000000,0.000000,0.000000,0.000000,0.000000,0.000000,0.000000,0.000000,0.000000,0.000000,0.000000,0.000000,6.387131,-3.715202,-6.193201,0.001598,-0.013982,0.023636,bmi088,0.009999364500004049,"[[0.001331580545039619,-0.01731054708551505,0.01171790879634865],[0.0023968449810713144,-0.016245282649483356,0.021571604829641832],[0.001597896654047543,-0.012783173232380344,0.028762139772855775],[0.0010652644360316954,-0.009587379924285258,0.03249056529896671]]",780.462967521,780.464040996,21.875,161867,"[2069, 3557, -3449]","[[65, 5, 44], [61, 9, 81], [48, 6, 108], [36, 4, 122]]"
6.020071,6.333125,body,0.000000,0.000000,0.000000,0.000000,0.000000,0.000000,0.000000,0.000000,0.000000,0.000000,0.000000,0.000000,6.378153,-3.693655,-6.142923,0.000533,-0.003396,0.023502,bmi088,0.010056180999981734,"[[-0.0005326322180158477,-0.006125270507182248,0.03142530086293501],[-0.0007989483270237715,-0.00346210941710301,0.02822950755483993],[0.0007989483270237715,-0.0021305288720633907,0.021571604829641832],[0.002663161090079238,-0.001864212763055467,0.012783173232380344]]",780.473023702,780.474133018,21.875,162128,"[2057, 3552, -3421]","[[23, -2, 118], [13, -3, 106], [8, 3, 81], [7, 10, 48]]"
6.030071,6.343281,body,0.000000,0.000000,0.000000,0.000000,0.000000,0.000000,0.000000,0.000000,0.000000,0.000000,0.000000,0.000000,6.372766,-3.700837,-6.117784,0.007191,-0.005792,-0.013116,bmi088,0.010040101000072355,"[[0.003994741635118857,-0.002663161090079238,0.0010652644360316954],[0.005858954398174325,-0.004793689962142629,-0.010120012142301106],[0.007989483270237714,-0.006657902725198096,-0.01944107595757844],[0.010918960469324878,-0.009054747706269411,-0.023968449810713145]]",780.483063803,780.484176575,21.875,162388,"[2061, 3549, -3407]","[[10, 15, 4], [18, 22, -38], [25, 30, -73], [34, 41, -90]]"
6.040070,6.353359,body,0.000000,0.000000,0.000000,0.000000,0.000000,0.000000,0.000000,0.000000,0.000000,0.000000,0.000000,0.000000,6.360197,-3.690063,-6.141127,0.013649,-0.009787,-0.021904,bmi088,0.009998772000017198,"[[0.012783173232380344,-0.010120012142301106,-0.02689792700980031],[0.014381069886427887,-0.009853696033293183,-0.025832662573768612],[0.014381069886427887,-0.009853696033293183,-0.021571604829641832],[0.013049489341388268,-0.009321063815277334,-0.013315805450396193]]",780.4930625750001,780.494121602,21.875,162646,"[2055, 3542, -3420]","[[38, 48, -101], [37, 54, -97], [37, 54, -81], [35, 49, -50]]"
6.050079,6.363516,body,0.000000,0.000000,0.000000,0.000000,0.000000,0.000000,0.000000,0.000000,0.000000,0.000000,0.000000,0.000000,6.379949,-3.699042,-6.184223,0.006458,-0.008456,0.008456,bmi088,0.010078597999950034,"[[0.01038632825130903,-0.009587379924285258,-0.004793689962142629],[0.007456851052221868,-0.008522115488253563,0.004793689962142629],[0.004527373853134706,-0.00825579937924564,0.013315805450396193],[0.00346210941710301,-0.007456851052221868,0.020506340393610135]]",780.503141173,780.504200856,21.875,162906,"[2060, 3553, -3444]","[[36, 39, -18], [32, 28, 18], [31, 17, 50], [28, 13, 77]]"
6.060076,6.373438,body,0.000000,0.000000,0.000000,0.000000,0.000000,0.000000,0.000000,0.000000,0.000000,0.000000,0.000000,0.000000,6.379949,-3.704429,-6.151901,0.005992,-0.005726,0.025167,bmi088,0.009814161000008426,"[[0.0029294771990871623,-0.00692421883420602,0.023968449810713145],[0.004793689962142629,-0.005858954398174325,0.02636529479178446],[0.006391586616190172,-0.0055926382891664005,0.026631610900792385],[0.009853696033293183,-0.004527373853134706,0.023702133701705222]]",780.512955334,780.514010457,21.875,163160,"[2063, 3553, -3426]","[[26, 11, 90], [22, 18, 99], [21, 24, 100], [17, 37, 89]]"
6.070071,6.383672,body,0.000000,0.000000,0.000000,0.000000,0.000000,0.000000,0.000000,0.000000,0.000000,0.000000,0.000000,0.000000,6.370971,-3.704429,-6.151901,0.010919,-0.004461,0.000732,bmi088,0.01005376500006605,"[[0.01038632825130903,-0.004527373853134706,0.017576863194522972],[0.01171790879634865,-0.003994741635118857,0.00692421883420602],[0.010652644360316953,-0.004261057744126781,-0.004261057744126781],[0.010918960469324878,-0.005060006071150553,-0.01731054708551505]]",780.5230090990001,780.5240836785,21.875,163422,"[2063, 3548, -3426]","[[17, 39, 66], [15, 44, 26], [16, 40, -16], [19, 41, -65]]"
6.080072,6.393750,body,0.000000,0.000000,0.000000,0.000000,0.000000,0.000000,0.000000,0.000000,0.000000,0.000000,0.000000,0.000000,6.347627,-3.700837,-6.150106,0.012251,-0.008189,-0.028163,bmi088,0.009915586999909465,"[[0.009853696033293183,-0.006657902725198096,-0.025832662573768612],[0.01171790879634865,-0.007989483270237714,-0.03062635253591124],[0.013049489341388268,-0.008788431597261486,-0.030360036426903318],[0.014381069886427887,-0.009321063815277334,-0.025832662573768612]]",780.532924686,780.534082131,21.875,163680,"[2061, 3535, -3425]","[[25, 37, -97], [30, 44, -115], [33, 49, -114], [35, 54, -97]]"
6.090070,6.404063,body,0.000000,0.000000,0.000000,0.000000,0.000000,0.000000,0.000000,0.000000,0.000000,0.000000,0.000000,0.000000,6.385336,-3.682881,-6.175245,0.009055,-0.007989,-0.001119,bmi088,0.010290297500091583,"[[0.013049489341388268,-0.009853696033293183,-0.019174759848570515],[0.011451592687340724,-0.009054747706269411,-0.009587379924285258],[0.009054747706269411,-0.007989483270237714,-0.00026631610900792384],[0.006391586616190172,-0.006657902725198096,0.008522115488253563],[0.005326322180158476,-0.006391586616190172,0.014913702104443736]]",780.5432149835001,780.544278955,21.875,163944,"[2051, 3556, -3439]","[[37, 49, -72], [34, 43, -36], [30, 34, -1], [25, 24, 32], [24, 20, 56]]"
6.100071,6.413828,body,0.000000,0.000000,0.000000,0.000000,0.000000,0.000000,0.000000,0.000000,0.000000,0.000000,0.000000,0.000000,6.406884,-3.706224,-6.157288,0.007013,-0.005593,0.022459,bmi088,0.009684574499942755,"[[0.0055926382891664005,-0.006125270507182248,0.020240024284602212],[0.007723167161229791,-0.005858954398174325,0.023702133701705222],[0.007723167161229791,-0.004793689962142629,0.0234358175926973]]",780.552899558,780.553926521,21.875,164194,"[2064, 3568, -3429]","[[23, 21, 76], [22, 29, 89], [18, 29, 88]]"
6.110071,6.423945,body,0.000000,0.000000,0.000000,0.000000,0.000000,0.000000,0.000000,0.000000,0.000000,0.000000,0.000000,0.000000,6.360197,-3.715202,-6.133945,0.003662,-0.004194,0.008855,bmi088,0.010011156500013385,"[[0.006391586616190172,-0.004261057744126781,0.01864212763055467],[0.003195793308095086,-0.003994741635118857,0.012250541014364496],[0.001864212763055467,-0.004527373853134706,0.005326322180158476],[0.003195793308095086,-0.003994741635118857,-0.0007989483270237715]]",780.5629107145,780.563947069,21.875,164453,"[2069, 3542, -3416]","[[16, 24, 70], [15, 12, 46], [17, 7, 20], [15, 12, -3]]"
6.120073,6.434336,body,0.000000,0.000000,0.000000,0.000000,0.000000,0.000000,0.000000,0.000000,0.000000,0.000000,0.000000,0.000000,6.372766,-3.679289,-6.153697,0.010453,-0.002863,-0.014914,bmi088,0.010238840499937396,"[[0.007989483270237714,-0.003195793308095086,-0.007456851052221868],[0.01171790879634865,-0.002663161090079238,-0.013315805450396193],[0.011984224905356573,-0.0023968449810713144,-0.017843179303530896],[0.010120012142301106,-0.003195793308095086,-0.021038972611625982]]",780.573149555,780.57420111,21.875,164719,"[2049, 3549, -3427]","[[12, 30, -28], [10, 44, -50], [9, 45, -67], [12, 38, -79]]"
6.130073,6.444453,body,0.000000,0.000000,0.000000,0.000000,0.000000,0.000000,0.000000,0.000000,0.000000,0.000000,0.000000,0.000000,6.360197,-3.672107,-6.171653,0.008322,-0.002730,-0.017910,bmi088,0.009930482999948254,"[[0.008788431597261486,-0.003195793308095086,-0.022370553156665602],[0.008788431597261486,-0.0029294771990871623,-0.021837920938649755],[0.008522115488253563,-0.0023968449810713144,-0.017576863194522972],[0.007190534943213944,-0.0023968449810713144,-0.009853696033293183]]",780.5830800379999,780.5841970505,21.875,164978,"[2045, 3542, -3437]","[[12, 33, -84], [11, 33, -82], [9, 32, -66], [9, 27, -37]]"
6.140068,6.454453,body,0.000000,0.000000,0.000000,0.000000,0.000000,0.000000,0.000000,0.000000,0.000000,0.000000,0.000000,0.000000,6.388927,-3.695450,-6.151901,0.000133,-0.002730,0.012717,bmi088,0.009964756000044872,"[[0.004793689962142629,-0.003195793308095086,0.0],[0.001864212763055467,-0.0029294771990871623,0.009587379924285258],[-0.001331580545039619,-0.002663161090079238,0.01731054708551505],[-0.004793689962142629,-0.0021305288720633907,0.023968449810713145]]",780.593044794,780.594096477,21.875,165234,"[2058, 3558, -3426]","[[12, 18, 0], [11, 7, 36], [10, -5, 65], [8, -18, 90]]"
6.150081,6.464531,body,0.000000,0.000000,0.000000,0.000000,0.000000,0.000000,0.000000,0.000000,0.000000,0.000000,0.000000,0.000000,6.390723,-3.693655,-6.141127,-0.002663,-0.002197,0.025034,bmi088,0.009979716000088956,"[[-0.005326322180158476,-0.0029294771990871623,0.02849582366384785],[-0.00346210941710301,-0.002663161090079238,0.02982740420888747],[-0.0010652644360316954,-0.0021305288720633907,0.02556634646476069],[-0.0007989483270237715,-0.0010652644360316954,0.016245282649483356]]",780.6030245100001,780.604078113,21.875,165492,"[2057, 3559, -3420]","[[11, -20, 107], [10, -13, 112], [8, -4, 96], [4, -3, 61]]"
6.160070,6.474570,body,0.000000,0.000000,0.000000,0.000000,0.000000,0.000000,0.000000,0.000000,0.000000,0.000000,0.000000,0.000000,6.367379,-3.684676,-6.135740,0.001664,0.002929,-0.004594,bmi088,0.009891169999946214,"[[-0.001331580545039619,-0.0005326322180158477,0.006657902725198096],[0.0005326322180158477,0.001864212763055467,-0.001864212763055467],[0.003195793308095086,0.004527373853134706,-0.008788431597261486],[0.004261057744126781,0.005858954398174325,-0.014381069886427887]]",780.61291568,780.6139920675,21.875,165749,"[2052, 3546, -3417]","[[2, -5, 25], [-7, 2, -7], [-17, 12, -33], [-22, 16, -54]]"
6.170072,6.484687,body,0.000000,0.000000,0.000000,0.000000,0.000000,0.000000,0.000000,0.000000,0.000000,0.000000,0.000000,0.000000,6.372766,-3.691859,-6.139332,0.000999,0.001731,-0.019508,bmi088,0.010024821000001793,"[[0.004261057744126781,0.004261057744126781,-0.01864212763055467],[0.001864212763055467,0.0023968449810713144,-0.021571604829641832],[0.0,0.0005326322180158477,-0.021038972611625982],[-0.0021305288720633907,-0.00026631610900792384,-0.016777914867499202]]",780.622940501,780.623988392,21.875,166008,"[2056, 3549, -3419]","[[-16, 16, -70], [-9, 7, -81], [-2, 0, -79], [1, -8, -63]]"
6.180074,6.495273,body,0.000000,0.000000,0.000000,0.000000,0.000000,0.000000,0.000000,0.000000,0.000000,0.000000,0.000000,0.000000,6.381745,-3.688268,-6.166266,-0.006551,-0.002876,0.006338,bmi088,0.010425547999943774,"[[-0.001597896654047543,-0.0010652644360316954,-0.009054747706269411],[-0.004261057744126781,-0.0021305288720633907,0.00026631610900792384],[-0.00692421883420602,-0.003195793308095086,0.008522115488253563],[-0.009587379924285258,-0.004261057744126781,0.014381069886427887],[-0.01038632825130903,-0.003728425526110934,0.017576863194522972]]",780.633366049,780.634471029,21.875,166279,"[2054, 3554, -3434]","[[4, -6, -34], [8, -16, 1], [12, -26, 32], [16, -36, 54], [14, -39, 66]]"
6.190074,6.504922,body,0.000000,0.000000,0.000000,0.000000,0.000000,0.000000,0.000000,0.000000,0.000000,0.000000,0.000000,0.000000,6.383540,-3.697246,-6.177040,-0.013937,-0.000799,0.021039,bmi088,0.009623997500057158,"[[-0.012516857123372421,-0.0023968449810713144,0.01997370817559429],[-0.014381069886427887,-0.0010652644360316954,0.021571604829641832],[-0.014913702104443736,0.0010652644360316954,0.021571604829641832]]",780.6429900465,780.644016737,21.875,166526,"[2059, 3555, -3440]","[[9, -47, 75], [4, -54, 81], [-4, -56, 81]]"
6.200069,6.515039,body,0.000000,0.000000,0.000000,0.000000,0.000000,0.000000,0.000000,0.000000,0.000000,0.000000,0.000000,0.000000,6.365584,-3.713407,-6.148310,-0.011318,0.004128,0.010386,bmi088,0.009943346999989444,"[[-0.013049489341388268,0.003195793308095086,0.018908443739562592],[-0.011984224905356573,0.004527373853134706,0.014381069886427887],[-0.01038632825130903,0.004527373853134706,0.007456851052221868],[-0.009853696033293183,0.004261057744126781,0.0007989483270237715]]",780.6529333935,780.654005621,21.875,166785,"[2068, 3545, -3424]","[[-12, -49, 71], [-17, -45, 54], [-17, -39, 28], [-16, -37, 3]]"
6.210070,6.524687,body,0.000000,0.000000,0.000000,0.000000,0.000000,0.000000,0.000000,0.000000,0.000000,0.000000,0.000000,0.000000,6.379949,-3.682881,-6.132149,-0.007989,0.002064,-0.011185,bmi088,0.009491611499925057,"[[-0.00825579937924564,0.00346210941710301,-0.005060006071150553],[-0.00692421883420602,0.002663161090079238,-0.009853696033293183],[-0.007456851052221868,0.001331580545039619,-0.013582121559404116],[-0.009321063815277334,0.0007989483270237715,-0.016245282649483356]]",780.6624250049999,780.663564193,21.875,167032,"[2051, 3553, -3415]","[[-13, -31, -19], [-10, -26, -37], [-5, -28, -51], [-3, -35, -61]]"
6.220072,6.535273,body,0.000000,0.000000,0.000000,0.000000,0.000000,0.000000,0.000000,0.000000,0.000000,0.000000,0.000000,0.000000,6.381745,-3.702633,-6.160879,-0.010453,0.000200,-0.006591,bmi088,0.010485933000154546,"[[-0.010918960469324878,0.00026631610900792384,-0.01464738599543581],[-0.01038632825130903,0.0,-0.01038632825130903],[-0.009853696033293183,0.00026631610900792384,-0.004261057744126781],[-0.010652644360316953,0.00026631610900792384,0.0029294771990871623]]",780.6729109380001,780.674020814,21.875,167303,"[2062, 3554, -3431]","[[-1, -41, -55], [0, -39, -39], [-1, -37, -16], [-1, -40, 11]]"
6.230071,6.545586,body,0.000000,0.000000,0.000000,0.000000,0.000000,0.000000,0.000000,0.000000,0.000000,0.000000,0.000000,0.000000,6.369175,-3.708020,-6.189610,-0.014248,0.001398,0.017244,bmi088,0.010232983999912904,"[[-0.012250541014364496,0.001331580545039619,0.009587379924285258],[-0.014114753777419964,0.001597896654047543,0.01651159875849128],[-0.014913702104443736,0.0021305288720633907,0.020506340393610135],[-0.015712650431467506,0.0005326322180158477,0.022370553156665602]]",780.683143922,780.68422351,21.875,167567,"[2065, 3547, -3447]","[[-5, -46, 36], [-6, -53, 62], [-8, -56, 77], [-2, -59, 84]]"
6.240070,6.555508,body,0.000000,0.000000,0.000000,0.000000,0.000000,0.000000,0.000000,0.000000,0.000000,0.000000,0.000000,0.000000,6.372766,-3.716998,-6.148310,-0.014647,0.001132,0.014314,bmi088,0.009809872999994695,"[[-0.015446334322459582,0.00026631610900792384,0.020506340393610135],[-0.014913702104443736,0.0007989483270237715,0.017576863194522972],[-0.014381069886427887,0.001331580545039619,0.012250541014364496],[-0.01384843766841204,0.0021305288720633907,0.00692421883420602]]",780.692953795,780.6940245984999,21.875,167821,"[2070, 3549, -3424]","[[-1, -58, 77], [-3, -56, 66], [-5, -54, 46], [-8, -52, 26]]"
6.250072,6.565586,body,0.000000,0.000000,0.000000,0.000000,0.000000,0.000000,0.000000,0.000000,0.000000,0.000000,0.000000,0.000000,6.361992,-3.709815,-6.135740,-0.008988,0.003862,-0.006458,bmi088,0.010002980500075864,"[[-0.01384843766841204,0.002663161090079238,0.00026631610900792384],[-0.010918960469324878,0.003994741635118857,-0.004527373853134706],[-0.007723167161229791,0.003994741635118857,-0.009054747706269411],[-0.00346210941710301,0.004793689962142629,-0.012516857123372421]]",780.7029567755001,780.704014907,21.875,168079,"[2066, 3543, -3417]","[[-10, -52, 1], [-15, -41, -17], [-15, -29, -34], [-18, -13, -47]]"
6.260070,6.575664,body,0.000000,0.000000,0.000000,0.000000,0.000000,0.000000,0.000000,0.000000,0.000000,0.000000,0.000000,0.000000,6.376358,-3.711611,-6.160879,-0.000932,0.002131,-0.013516,bmi088,0.009945491499934178,"[[-0.001597896654047543,0.005326322180158476,-0.014913702104443736],[0.00026631610900792384,0.004261057744126781,-0.015180018213451659],[0.0,0.001331580545039619,-0.013582121559404116],[-0.0023968449810713144,-0.0023968449810713144,-0.01038632825130903]]",780.712902267,780.713948846,21.875,168337,"[2067, 3551, -3431]","[[-20, -6, -56], [-16, 1, -57], [-5, 0, -51], [9, -9, -39]]"
6.270066,6.585820,body,0.000000,0.000000,0.000000,0.000000,0.000000,0.000000,0.000000,0.000000,0.000000,0.000000,0.000000,0.000000,6.396110,-3.693655,-6.178836,-0.006658,-0.002530,0.004261,bmi088,0.010031508999986727,"[[-0.005060006071150553,-0.004261057744126781,-0.006125270507182248],[-0.006391586616190172,-0.003994741635118857,0.0005326322180158477],[-0.00692421883420602,-0.001864212763055467,0.007456851052221868],[-0.00825579937924564,0.0,0.015180018213451659]]",780.722933776,780.7239887549999,21.875,168597,"[2057, 3562, -3441]","[[16, -19, -23], [15, -24, 2], [7, -26, 28], [0, -31, 57]]"
6.280077,6.596484,body,0.000000,0.000000,0.000000,0.000000,0.000000,0.000000,0.000000,0.000000,0.000000,0.000000,0.000000,0.000000,6.390723,-3.724181,-6.180632,-0.008309,0.000586,0.018482,bmi088,0.010461004000035246,"[[-0.01038632825130903,0.0,0.02077265650261806],[-0.010120012142301106,0.00026631610900792384,0.022636869265673525],[-0.009054747706269411,0.0,0.021038972611625982],[-0.00692421883420602,0.001331580545039619,0.01651159875849128],[-0.005060006071150553,0.001331580545039619,0.011451592687340724]]",780.73339478,780.734527985,21.875,168870,"[2074, 3559, -3442]","[[0, -39, 78], [-1, -38, 85], [0, -34, 79], [-5, -26, 62], [-5, -19, 43]]"
6.290072,6.606094,body,0.000000,0.000000,0.000000,0.000000,0.000000,0.000000,0.000000,0.000000,0.000000,0.000000,0.000000,0.000000,6.361992,-3.693655,-6.159084,0.002219,0.004084,-0.002397,bmi088,0.00959417299998222,"[[-0.0010652644360316954,0.003195793308095086,0.004793689962142629],[0.002663161090079238,0.004527373853134706,-0.001864212763055467],[0.005060006071150553,0.004527373853134706,-0.010120012142301106]]",780.742988953,780.744026988,21.875,169116,"[2057, 3543, -3430]","[[-12, -4, 18], [-17, 10, -7], [-17, 19, -38]]"
6.300071,6.616172,body,0.000000,0.000000,0.000000,0.000000,0.000000,0.000000,0.000000,0.000000,0.000000,0.000000,0.000000,0.000000,6.344036,-3.679289,-6.135740,0.006791,0.000266,-0.023569,bmi088,0.009955251999940629,"[[0.006391586616190172,0.00346210941710301,-0.017576863194522972],[0.006657902725198096,0.001331580545039619,-0.024501082028728992],[0.007190534943213944,-0.0007989483270237715,-0.02689792700980031],[0.00692421883420602,-0.0029294771990871623,-0.025300030355752765]]",780.752944205,780.754020848,21.875,169374,"[2049, 3533, -3417]","[[-13, 24, -66], [-5, 25, -92], [3, 27, -101], [11, 26, -95]]"
6.310072,6.625664,body,0.000000,0.000000,0.000000,0.000000,0.000000,0.000000,0.000000,0.000000,0.000000,0.000000,0.000000,0.000000,6.374562,-3.711611,-6.182427,0.005992,-0.004527,-0.003129,bmi088,0.009251238500155523,"[[0.006657902725198096,-0.004261057744126781,-0.018109495412538822],[0.006391586616190172,-0.004527373853134706,-0.008522115488253563],[0.005858954398174325,-0.004793689962142629,0.0021305288720633907],[0.005060006071150553,-0.004527373853134706,0.011984224905356573]]",780.7621954435001,780.7633948575,21.875,169617,"[2067, 3550, -3443]","[[16, 25, -68], [17, 24, -32], [18, 22, 8], [17, 19, 45]]"
6.320075,6.636445,body,0.000000,0.000000,0.000000,0.000000,0.000000,0.000000,0.000000,0.000000,0.000000,0.000000,0.000000,0.000000,6.390723,-3.684676,-6.182427,0.000932,-0.001132,0.023236,bmi088,0.010733697499858863,"[[0.0029294771990871623,-0.0021305288720633907,0.01864212763055467],[0.001331580545039619,-0.0010652644360316954,0.02423476591972107],[-0.0007989483270237715,0.0,0.025300030355752765],[0.00026631610900792384,-0.001331580545039619,0.02476739813773692]]",780.772929141,780.7740254810001,21.875,169893,"[2052, 3559, -3443]","[[8, 11, 70], [4, 5, 91], [0, -3, 95], [5, 1, 93]]"
6.330073,6.646680,body,0.000000,0.000000,0.000000,0.000000,0.000000,0.000000,0.000000,0.000000,0.000000,0.000000,0.000000,0.000000,6.345832,-3.699042,-6.159084,0.006059,0.000666,0.005792,bmi088,0.010162871000034102,"[[0.001864212763055467,-0.0007989483270237715,0.018908443739562592],[0.005326322180158476,-0.00026631610900792384,0.010652644360316953],[0.007190534943213944,0.001331580545039619,0.0007989483270237715],[0.009853696033293183,0.0023968449810713144,-0.007190534943213944]]",780.783092012,780.784154383,21.875,170155,"[2060, 3534, -3430]","[[3, 7, 71], [1, 20, 40], [-5, 27, 3], [-9, 37, -27]]"
6.340069,6.656758,body,0.000000,0.000000,0.000000,0.000000,0.000000,0.000000,0.000000,0.000000,0.000000,0.000000,0.000000,0.000000,6.331466,-3.693655,-6.141127,0.013249,0.001465,-0.018642,bmi088,0.009920450999970853,"[[0.011185276578332801,0.0029294771990871623,-0.013582121559404116],[0.012783173232380344,0.0029294771990871623,-0.018109495412538822],[0.013582121559404116,0.0010652644360316954,-0.021305288720633905],[0.015446334322459582,-0.0010652644360316954,-0.021571604829641832]]",780.793012463,780.794125155,21.875,170413,"[2057, 3526, -3420]","[[-11, 42, -51], [-11, 48, -68], [-4, 51, -80], [4, 58, -81]]"
6.350073,6.666719,body,0.000000,0.000000,0.000000,0.000000,0.000000,0.000000,0.000000,0.000000,0.000000,0.000000,0.000000,0.000000,6.383540,-3.675698,-6.162675,0.012251,-0.004860,-0.011718,bmi088,0.009936627000001863,"[[0.015712650431467506,-0.003195793308095086,-0.019707392066586366],[0.01464738599543581,-0.003994741635118857,-0.015446334322459582],[0.011451592687340724,-0.005060006071150553,-0.009321063815277334],[0.007190534943213944,-0.007190534943213944,-0.0023968449810713144]]",780.80294909,780.803992677,21.875,170668,"[2047, 3555, -3432]","[[12, 59, -74], [15, 55, -58], [19, 43, -35], [27, 27, -9]]"
6.360071,6.676836,body,0.000000,0.000000,0.000000,0.000000,0.000000,0.000000,0.000000,0.000000,0.000000,0.000000,0.000000,0.000000,6.372766,-3.704429,-6.186019,0.001664,-0.008256,0.013382,bmi088,0.0099712679999584,"[[0.003728425526110934,-0.008522115488253563,0.00346210941710301],[0.0021305288720633907,-0.009587379924285258,0.009587379924285258],[0.0007989483270237715,-0.00825579937924564,0.016777914867499202],[0.0,-0.006657902725198096,0.023702133701705222]]",780.8129203579999,780.813984137,21.875,170927,"[2063, 3549, -3445]","[[32, 14, 13], [36, 8, 36], [31, 3, 63], [25, 0, 89]]"
6.370070,6.687109,body,0.000000,0.000000,0.000000,0.000000,0.000000,0.000000,0.000000,0.000000,0.000000,0.000000,0.000000,0.000000,6.372766,-3.722385,-6.157288,-0.003662,-0.003862,0.022903,bmi088,0.009988308000060897,"[[-0.001864212763055467,-0.005326322180158476,0.027430559227816155],[-0.0029294771990871623,-0.003994741635118857,0.02689792700980031],[-0.004793689962142629,-0.00346210941710301,0.02210423704765768],[-0.005060006071150553,-0.002663161090079238,0.015180018213451659]]",780.822908666,780.8241274879999,21.875,171190,"[2073, 3549, -3429]","[[20, -7, 103], [15, -11, 101], [13, -18, 83], [10, -19, 57]]"
6.380087,6.697305,body,0.000000,0.000000,0.000000,0.000000,0.000000,0.000000,0.000000,0.000000,0.000000,0.000000,0.000000,0.000000,6.378153,-3.708020,-6.151901,0.001398,-0.003728,-0.008855,bmi088,0.010240856999985226,"[[-0.004527373853134706,-0.0029294771990871623,0.005858954398174325],[-0.00026631610900792384,-0.0029294771990871623,-0.004261057744126781],[0.003994741635118857,-0.003728425526110934,-0.014381069886427887],[0.006391586616190172,-0.005326322180158476,-0.022636869265673525]]",780.833149523,780.834233238,21.875,171451,"[2065, 3552, -3426]","[[11, -17, 22], [11, -1, -16], [14, 15, -54], [20, 24, -85]]"
6.390072,6.707266,body,0.000000,0.000000,0.000000,0.000000,0.000000,0.000000,0.000000,0.000000,0.000000,0.000000,0.000000,0.000000,6.379949,-3.695450,-6.157288,0.004461,-0.011651,-0.021638,bmi088,0.009845233000078224,"[[0.005858954398174325,-0.008788431597261486,-0.026098978682776535],[0.003728425526110934,-0.011185276578332801,-0.025300030355752765],[0.003728425526110934,-0.013049489341388268,-0.02077265650261806],[0.004527373853134706,-0.013582121559404116,-0.014381069886427887]]",780.842994756,780.8440621034999,21.875,171706,"[2058, 3553, -3429]","[[33, 22, -98], [42, 14, -95], [49, 14, -78], [51, 17, -54]]"
6.400070,6.717227,body,0.000000,0.000000,0.000000,0.000000,0.000000,0.000000,0.000000,0.000000,0.000000,0.000000,0.000000,0.000000,6.397905,-3.699042,-6.175245,0.002397,-0.013848,0.007324,bmi088,0.009912114999906407,"[[0.006125270507182248,-0.014381069886427887,-0.006125270507182248],[0.004793689962142629,-0.01464738599543581,0.003994741635118857],[0.001331580545039619,-0.013582121559404116,0.011984224905356573],[-0.002663161090079238,-0.012783173232380344,0.01944107595757844]]",780.852906871,780.8539401855,21.875,171961,"[2060, 3563, -3439]","[[54, 23, -23], [55, 18, 15], [51, 5, 45], [48, -10, 73]]"
6.410075,6.727539,body,0.000000,0.000000,0.000000,0.000000,0.000000,0.000000,0.000000,0.000000,0.000000,0.000000,0.000000,0.000000,6.385336,-3.700837,-6.141127,-0.005792,-0.011052,0.025633,bmi088,0.010163367000131984,"[[-0.005326322180158476,-0.011984224905356573,0.023702133701705222],[-0.006657902725198096,-0.01171790879634865,0.02689792700980031],[-0.006125270507182248,-0.011185276578332801,0.02689792700980031],[-0.005060006071150553,-0.009321063815277334,0.025033714246744842]]",780.8630702380001,780.864129969,21.875,172225,"[2061, 3556, -3420]","[[45, -20, 89], [44, -25, 101], [42, -23, 101], [35, -19, 94]]"
6.420069,6.737461,body,0.000000,0.000000,0.000000,0.000000,0.000000,0.000000,0.000000,0.000000,0.000000,0.000000,0.000000,0.000000,6.367379,-3.699042,-6.150106,-0.000599,-0.005992,0.006924,bmi088,0.00984078549993228,"[[-0.002663161090079238,-0.007456851052221868,0.01944107595757844],[-0.0007989483270237715,-0.005858954398174325,0.012783173232380344],[0.0,-0.0055926382891664005,0.0029294771990871623],[0.0010652644360316954,-0.005060006071150553,-0.007456851052221868]]",780.8729110235,780.8739501299999,21.875,172479,"[2060, 3546, -3425]","[[28, -10, 73], [22, -3, 48], [21, 0, 11], [19, 4, -28]]"
6.430068,6.747773,body,0.000000,0.000000,0.000000,0.000000,0.000000,0.000000,0.000000,0.000000,0.000000,0.000000,0.000000,0.000000,6.383540,-3.708020,-6.150106,0.006858,-0.006991,-0.020506,bmi088,0.010145526999963295,"[[0.00346210941710301,-0.005326322180158476,-0.01597896654047543],[0.006391586616190172,-0.005858954398174325,-0.02077265650261806],[0.008788431597261486,-0.007456851052221868,-0.02290318537468145],[0.008788431597261486,-0.009321063815277334,-0.022370553156665602]]",780.8830565505,780.884131498,21.875,172743,"[2065, 3555, -3425]","[[20, 13, -60], [22, 24, -78], [28, 33, -86], [35, 33, -84]]"
6.440095,6.758047,body,0.000000,0.000000,0.000000,0.000000,0.000000,0.000000,0.000000,0.000000,0.000000,0.000000,0.000000,0.000000,6.385336,-3.708020,-6.146514,0.001491,-0.012357,-0.000586,bmi088,0.010192151499950342,"[[0.00692421883420602,-0.011451592687340724,-0.017843179303530896],[0.003994741635118857,-0.012516857123372421,-0.009587379924285258],[0.0010652644360316954,-0.013315805450396193,-0.0007989483270237715],[-0.0010652644360316954,-0.013049489341388268,0.008522115488253563],[-0.00346210941710301,-0.011451592687340724,0.016777914867499202]]",780.8932487019999,780.8943230255,21.875,173006,"[2065, 3556, -3423]","[[43, 26, -67], [47, 15, -36], [50, 4, -3], [49, -4, 32], [43, -13, 63]]"
6.450073,6.767852,body,0.000000,0.000000,0.000000,0.000000,0.000000,0.000000,0.000000,0.000000,0.000000,0.000000,0.000000,0.000000,6.392518,-3.711611,-6.159084,-0.006747,-0.008256,0.025744,bmi088,0.009721599500153388,"[[-0.0055926382891664005,-0.009587379924285258,0.02290318537468145],[-0.007190534943213944,-0.007989483270237714,0.026631610900792385],[-0.007456851052221868,-0.007190534943213944,0.02769687533682408]]",780.9029703015001,780.903993568,21.875,173257,"[2067, 3560, -3430]","[[36, -21, 86], [30, -27, 100], [27, -28, 104]]"
6.460071,6.777930,body,0.000000,0.000000,0.000000,0.000000,0.000000,0.000000,0.000000,0.000000,0.000000,0.000000,0.000000,0.000000,6.369175,-3.700837,-6.133945,-0.004261,-0.004394,0.017244,bmi088,0.009933762999935425,"[[-0.006125270507182248,-0.006391586616190172,0.02716424311880823],[-0.005060006071150553,-0.0055926382891664005,0.022370553156665602],[-0.003728425526110934,-0.00346210941710301,0.014381069886427887],[-0.0021305288720633907,-0.0021305288720633907,0.005060006071150553]]",780.9129040645,780.91397754,21.875,173515,"[2061, 3547, -3416]","[[24, -23, 102], [21, -19, 84], [13, -14, 54], [8, -8, 19]]"
6.470077,6.788164,body,0.000000,0.000000,0.000000,0.000000,0.000000,0.000000,0.000000,0.000000,0.000000,0.000000,0.000000,0.000000,6.370971,-3.682881,-6.137536,0.001265,-0.004328,-0.014980,bmi088,0.010095237999962592,"[[-0.0005326322180158477,-0.0010652644360316954,-0.003728425526110934],[0.00026631610900792384,-0.002663161090079238,-0.013049489341388268],[0.001331580545039619,-0.005326322180158476,-0.019174759848570515],[0.003994741635118857,-0.00825579937924564,-0.023968449810713145]]",780.9229993025,780.924067946,21.875,173777,"[2051, 3548, -3418]","[[4, -2, -14], [10, 1, -49], [20, 5, -72], [31, 15, -90]]"
6.480073,6.798320,body,0.000000,0.000000,0.000000,0.000000,0.000000,0.000000,0.000000,0.000000,0.000000,0.000000,0.000000,0.000000,6.379949,-3.684676,-6.144719,0.006392,-0.007657,-0.016312,bmi088,0.010030645000028926,"[[0.006657902725198096,-0.008788431597261486,-0.0234358175926973],[0.00825579937924564,-0.00825579937924564,-0.02077265650261806],[0.007190534943213944,-0.006657902725198096,-0.01464738599543581],[0.00346210941710301,-0.00692421883420602,-0.006391586616190172]]",780.9330299475,780.934118639,21.875,174037,"[2052, 3553, -3422]","[[33, 25, -88], [31, 31, -78], [25, 27, -55], [26, 13, -24]]"
6.490068,6.808320,body,0.000000,0.000000,0.000000,0.000000,0.000000,0.000000,0.000000,0.000000,0.000000,0.000000,0.000000,0.000000,6.396110,-3.718794,-6.164471,-0.002397,-0.006724,0.016112,bmi088,0.009946339499947499,"[[-0.00026631610900792384,-0.006391586616190172,0.002663161090079238],[-0.001864212763055467,-0.006657902725198096,0.013582121559404116],[-0.002663161090079238,-0.00692421883420602,0.021571604829641832],[-0.004793689962142629,-0.00692421883420602,0.026631610900792385]]",780.942976287,780.944018434,21.875,174293,"[2071, 3562, -3433]","[[24, -1, 10], [25, -7, 51], [26, -10, 81], [26, -18, 100]]"
6.500069,6.818437,body,0.000000,0.000000,0.000000,0.000000,0.000000,0.000000,0.000000,0.000000,0.000000,0.000000,0.000000,0.000000,6.392518,-3.702633,-6.166266,-0.006125,-0.001332,0.022504,bmi088,0.009964995500013174,"[[-0.006391586616190172,-0.004527373853134706,0.02636529479178446],[-0.007190534943213944,-0.0021305288720633907,0.025300030355752765],[-0.0055926382891664005,0.0005326322180158477,0.021571604829641832],[-0.005326322180158476,0.0007989483270237715,0.016777914867499202]]",780.9529412825,780.95401855,21.875,174552,"[2062, 3560, -3434]","[[17, -24, 99], [8, -27, 95], [-2, -21, 81], [-3, -20, 63]]"
6.510081,6.828359,body,0.000000,0.000000,0.000000,0.000000,0.000000,0.000000,0.000000,0.000000,0.000000,0.000000,0.000000,0.000000,6.365584,-3.684676,-6.137536,-0.001531,-0.000067,-0.003529,bmi088,0.009832817499955127,"[[-0.004261057744126781,0.00026631610900792384,0.009321063815277334],[-0.00346210941710301,-0.00026631610900792384,0.0005326322180158477],[-0.0007989483270237715,-0.00026631610900792384,-0.007989483270237714],[0.0023968449810713144,0.0,-0.01597896654047543]]",780.9627740999999,780.9638393509999,21.875,174806,"[2052, 3545, -3418]","[[-1, -16, 35], [1, -13, 2], [1, -3, -30], [0, 9, -60]]"
6.520069,6.838398,body,0.000000,0.000000,0.000000,0.000000,0.000000,0.000000,0.000000,0.000000,0.000000,0.000000,0.000000,0.000000,6.374562,-3.681085,-6.135740,0.004328,0.000399,-0.022770,bmi088,0.0099281625000458,"[[0.004261057744126781,-0.00026631610900792384,-0.021305288720633905],[0.005326322180158476,0.00026631610900792384,-0.025033714246744842],[0.004527373853134706,0.0007989483270237715,-0.024501082028728992],[0.003195793308095086,0.0007989483270237715,-0.020240024284602212]]",780.9727022625,780.973767402,21.875,175063,"[2050, 3550, -3417]","[[1, 16, -80], [-1, 20, -94], [-3, 17, -92], [-3, 12, -76]]"
6.530067,6.848672,body,0.000000,0.000000,0.000000,0.000000,0.000000,0.000000,0.000000,0.000000,0.000000,0.000000,0.000000,0.000000,6.390723,-3.709815,-6.151901,-0.000266,0.000533,-0.001398,bmi088,0.010099030499986839,"[[0.0007989483270237715,0.0007989483270237715,-0.014114753777419964],[-0.0007989483270237715,0.0005326322180158477,-0.006125270507182248],[-0.0007989483270237715,0.00026631610900792384,0.002663161090079238],[-0.00026631610900792384,0.0005326322180158477,0.011984224905356573]]",780.982801293,780.9838884325,21.875,175326,"[2066, 3559, -3426]","[[-3, 3, -53], [-2, -3, -23], [-1, -3, 10], [-2, -1, 45]]"
6.540083,6.859414,body,0.000000,0.000000,0.000000,0.000000,0.000000,0.000000,0.000000,0.000000,0.000000,0.000000,0.000000,0.000000,6.376358,-3.679289,-6.184223,-0.003036,0.001172,0.019441,bmi088,0.010678736000045319,"[[-0.0005326322180158477,0.0007989483270237715,0.01864212763055467],[-0.001331580545039619,0.0007989483270237715,0.021837920938649755],[-0.003994741635118857,0.0007989483270237715,0.022370553156665602],[-0.005060006071150553,0.001597896654047543,0.019174759848570515],[-0.004261057744126781,0.001864212763055467,0.015180018213451659]]",780.993480029,780.9945492965,21.875,175601,"[2049, 3551, -3444]","[[-3, -2, 70], [-3, -5, 82], [-3, -15, 84], [-6, -19, 72], [-7, -16, 57]]"
6.550074,6.868711,body,0.000000,0.000000,0.000000,0.000000,0.000000,0.000000,0.000000,0.000000,0.000000,0.000000,0.000000,0.000000,6.401497,-3.699042,-6.159084,0.001065,0.003640,0.001420,bmi088,0.009231366999983948,"[[-0.0007989483270237715,0.002663161090079238,0.009054747706269411],[0.001597896654047543,0.003728425526110934,0.001864212763055467],[0.0023968449810713144,0.004527373853134706,-0.006657902725198096]]",781.002711396,781.003738118,21.875,175839,"[2060, 3565, -3430]","[[-10, -3, 34], [-14, 6, 7], [-17, 9, -25]]"
6.560068,6.879023,body,0.000000,0.000000,0.000000,0.000000,0.000000,0.000000,0.000000,0.000000,0.000000,0.000000,0.000000,0.000000,6.383540,-3.691859,-6.164471,0.005193,0.004128,-0.016978,bmi088,0.010154854999996132,"[[0.0021305288720633907,0.004793689962142629,-0.013582121559404116],[0.003994741635118857,0.004527373853134706,-0.01731054708551505],[0.006125270507182248,0.004261057744126781,-0.018375811521546746],[0.008522115488253563,0.0029294771990871623,-0.01864212763055467]]",781.012866251,781.013935198,21.875,176103,"[2056, 3555, -3433]","[[-18, 8, -51], [-17, 15, -65], [-16, 23, -69], [-11, 32, -70]]"
6.570071,6.889297,body,0.000000,0.000000,0.000000,0.000000,0.000000,0.000000,0.000000,0.000000,0.000000,0.000000,0.000000,0.000000,6.351218,-3.684676,-6.150106,0.006192,0.001864,-0.008322,bmi088,0.00999573199999304,"[[0.008522115488253563,0.0023968449810713144,-0.017044230976507126],[0.007723167161229791,0.0023968449810713144,-0.012250541014364496],[0.005858954398174325,0.0021305288720633907,-0.005858954398174325],[0.002663161090079238,0.0005326322180158477,0.001864212763055467]]",781.022861983,781.024086933,21.875,176366,"[2052, 3537, -3425]","[[-9, 32, -64], [-9, 29, -46], [-8, 22, -22], [-2, 10, 7]]"
6.580069,6.900508,body,0.000000,0.000000,0.000000,0.000000,0.000000,0.000000,0.000000,0.000000,0.000000,0.000000,0.000000,0.000000,6.403292,-3.695450,-6.160879,-0.001545,0.000053,0.014860,bmi088,0.011293131499996889,"[[-0.0005326322180158477,-0.0005326322180158477,0.00692421883420602],[-0.0023968449810713144,-0.0005326322180158477,0.012250541014364496],[-0.0023968449810713144,0.0,0.01597896654047543],[-0.001597896654047543,0.0005326322180158477,0.01944107595757844],[-0.0007989483270237715,0.0007989483270237715,0.019707392066586366]]",781.0341551145,781.035177069,21.875,176653,"[2058, 3566, -3431]","[[2, -2, 26], [2, -9, 46], [0, -9, 60], [-2, -6, 73], [-3, -3, 74]]"
6.590071,6.909414,body,0.000000,0.000000,0.000000,0.000000,0.000000,0.000000,0.000000,0.000000,0.000000,0.000000,0.000000,0.000000,6.379949,-3.699042,-6.150106,-0.001687,0.003906,0.009676,bmi088,0.00880599850006547,"[[-0.0010652644360316954,0.001864212763055467,0.016245282649483356],[-0.001864212763055467,0.003728425526110934,0.009587379924285258],[-0.0021305288720633907,0.006125270507182248,0.003195793308095086]]",781.042961113,781.0439936600001,21.875,176881,"[2060, 3553, -3425]","[[-7, -4, 61], [-14, -7, 36], [-23, -8, 12]]"
6.600071,6.919688,body,0.000000,0.000000,0.000000,0.000000,0.000000,0.000000,0.000000,0.000000,0.000000,0.000000,0.000000,0.000000,6.342240,-3.679289,-6.160879,0.000200,0.008123,-0.014714,bmi088,0.010054325500050254,"[[-0.001331580545039619,0.007989483270237714,-0.004793689962142629],[-0.0005326322180158477,0.009321063815277334,-0.011185276578332801],[0.0007989483270237715,0.008522115488253563,-0.019174759848570515],[0.001864212763055467,0.006657902725198096,-0.023702133701705222]]",781.0530154385001,781.054127187,21.875,177144,"[2049, 3532, -3431]","[[-30, -5, -18], [-35, -2, -42], [-32, 3, -72], [-25, 7, -89]]"
6.610071,6.929648,body,0.000000,0.000000,0.000000,0.000000,0.000000,0.000000,0.000000,0.000000,0.000000,0.000000,0.000000,0.000000,6.369175,-3.708020,-6.151901,0.002663,0.003462,-0.018376,bmi088,0.009935267499940892,"[[0.003195793308095086,0.004527373853134706,-0.025300030355752765],[0.003728425526110934,0.003728425526110934,-0.02210423704765768],[0.0029294771990871623,0.0029294771990871623,-0.01651159875849128],[0.0007989483270237715,0.002663161090079238,-0.009587379924285258]]",781.062950706,781.0639955409999,21.875,177399,"[2065, 3547, -3426]","[[-17, 12, -95], [-14, 14, -83], [-11, 11, -62], [-10, 3, -36]]"
6.620069,6.939531,body,0.000000,0.000000,0.000000,0.000000,0.000000,0.000000,0.000000,0.000000,0.000000,0.000000,0.000000,0.000000,6.383540,-3.695450,-6.196792,-0.001997,0.002597,0.008456,bmi088,0.00975228749996404,"[[0.0,0.0021305288720633907,-0.0010652644360316954],[-0.0005326322180158477,0.002663161090079238,0.006657902725198096],[-0.001864212763055467,0.003195793308095086,0.012516857123372421],[-0.0055926382891664005,0.0023968449810713144,0.015712650431467506]]",781.0727029935,781.0737530765,21.875,177652,"[2058, 3555, -3451]","[[-8, 0, -4], [-10, -2, 25], [-12, -7, 47], [-9, -21, 59]]"
6.630073,6.949766,body,0.000000,0.000000,0.000000,0.000000,0.000000,0.000000,0.000000,0.000000,0.000000,0.000000,0.000000,0.000000,6.394314,-3.711611,-6.178836,-0.011585,-0.000067,0.017843,bmi088,0.010032436999949823,"[[-0.009321063815277334,0.00026631610900792384,0.017843179303530896],[-0.011451592687340724,-0.0010652644360316954,0.01944107595757844],[-0.013049489341388268,-0.0005326322180158477,0.01864212763055467],[-0.012516857123372421,0.0010652644360316954,0.015446334322459582]]",781.0827354305,781.0838567945,21.875,177914,"[2067, 3561, -3441]","[[-1, -35, 67], [4, -43, 73], [2, -49, 70], [-4, -47, 58]]"
6.640072,6.960273,body,0.000000,0.000000,0.000000,0.000000,0.000000,0.000000,0.000000,0.000000,0.000000,0.000000,0.000000,0.000000,6.354810,-3.706224,-6.130353,-0.003995,0.003262,0.003795,bmi088,0.01043286000003718,"[[-0.009853696033293183,0.001597896654047543,0.010918960469324878],[-0.005060006071150553,0.0023968449810713144,0.007456851052221868],[-0.001597896654047543,0.003994741635118857,0.001864212763055467],[0.0005326322180158477,0.005060006071150553,-0.005060006071150553]]",781.0931682905,781.094292183,21.875,178183,"[2064, 3539, -3414]","[[-6, -37, 41], [-9, -19, 28], [-15, -6, 7], [-19, 2, -19]]"
6.650073,6.969727,body,0.000000,0.000000,0.000000,0.000000,0.000000,0.000000,0.000000,0.000000,0.000000,0.000000,0.000000,0.000000,6.331466,-3.681085,-6.110601,0.000067,0.002929,-0.019441,bmi088,0.009382793499980835,"[[0.00026631610900792384,0.004793689962142629,-0.013582121559404116],[-0.0005326322180158477,0.003728425526110934,-0.018908443739562592],[-0.00026631610900792384,0.002663161090079238,-0.022636869265673525],[0.0007989483270237715,0.0005326322180158477,-0.022636869265673525]]",781.102551084,781.1036142390001,21.875,178425,"[2050, 3526, -3403]","[[-18, 1, -51], [-14, -2, -71], [-10, -1, -85], [-2, 3, -85]]"
6.660069,6.980273,body,0.000000,0.000000,0.000000,0.000000,0.000000,0.000000,0.000000,0.000000,0.000000,0.000000,0.000000,0.000000,6.376358,-3.688268,-6.155492,-0.002463,-0.007124,-0.007057,bmi088,0.010391179000066586,"[[0.0010652644360316954,-0.0029294771990871623,-0.020240024284602212],[-0.0007989483270237715,-0.006391586616190172,-0.012783173232380344],[-0.003728425526110934,-0.008788431597261486,-0.0029294771990871623],[-0.006391586616190172,-0.01038632825130903,0.007723167161229791]]",781.112942263,781.114036507,21.875,178695,"[2054, 3551, -3428]","[[11, 4, -76], [24, -3, -48], [33, -14, -11], [39, -24, 29]]"
6.670071,6.990312,body,0.000000,0.000000,0.000000,0.000000,0.000000,0.000000,0.000000,0.000000,0.000000,0.000000,0.000000,0.000000,6.417658,-3.715202,-6.194997,-0.009721,-0.008522,0.025966,bmi088,0.009826528999951734,"[[-0.009054747706269411,-0.010918960469324878,0.016777914867499202],[-0.01038632825130903,-0.009853696033293183,0.023702133701705222],[-0.010652644360316953,-0.007723167161229791,0.030093720317895395],[-0.008788431597261486,-0.0055926382891664005,0.03328951362599048]]",781.122768792,781.123963534,21.875,178952,"[2069, 3574, -3450]","[[41, -34, 63], [37, -39, 89], [29, -40, 113], [21, -33, 125]]"
6.680074,7.000781,body,0.000000,0.000000,0.000000,0.000000,0.000000,0.000000,0.000000,0.000000,0.000000,0.000000,0.000000,0.000000,6.396110,-3.713407,-6.191405,-0.006325,-0.003795,0.023569,bmi088,0.01039322799999809,"[[-0.007190534943213944,-0.004261057744126781,0.03328951362599048],[-0.006657902725198096,-0.003728425526110934,0.02822950755483993],[-0.005858954398174325,-0.003994741635118857,0.021038972611625982],[-0.0055926382891664005,-0.003195793308095086,0.01171790879634865]]",781.13316202,781.1343134480001,21.875,179220,"[2068, 3562, -3448]","[[16, -27, 125], [14, -25, 106], [15, -22, 79], [12, -21, 44]]"
6.690071,7.010664,body,0.000000,0.000000,0.000000,0.000000,0.000000,0.000000,0.000000,0.000000,0.000000,0.000000,0.000000,0.000000,6.338649,-3.702633,-6.142923,-0.003063,-0.004328,-0.012317,bmi088,0.00986364950006191,"[[-0.004527373853134706,-0.0023968449810713144,0.0007989483270237715],[-0.003728425526110934,-0.00346210941710301,-0.009321063815277334],[-0.0029294771990871623,-0.005060006071150553,-0.017843179303530896],[-0.0010652644360316954,-0.006391586616190172,-0.02290318537468145]]",781.1430256695,781.1440795604999,21.875,179473,"[2062, 3530, -3421]","[[9, -17, 3], [13, -14, -35], [19, -11, -67], [24, -4, -86]]"
6.700072,7.020938,body,0.000000,0.000000,0.000000,0.000000,0.000000,0.000000,0.000000,0.000000,0.000000,0.000000,0.000000,0.000000,6.349423,-3.715202,-6.155492,0.002064,-0.005326,-0.021438,bmi088,0.010135670499948901,"[[0.0007989483270237715,-0.005858954398174325,-0.026098978682776535],[0.0029294771990871623,-0.005326322180158476,-0.025300030355752765],[0.002663161090079238,-0.004793689962142629,-0.021038972611625982],[0.001864212763055467,-0.005326322180158476,-0.013315805450396193]]",781.15316134,781.1542429435001,21.875,179736,"[2069, 3536, -3428]","[[22, 3, -98], [20, 11, -95], [18, 10, -79], [20, 7, -50]]"
6.710068,7.031445,body,0.000000,0.000000,0.000000,0.000000,0.000000,0.000000,0.000000,0.000000,0.000000,0.000000,0.000000,0.000000,6.383540,-3.699042,-6.180632,-0.000666,-0.006991,0.007923,bmi088,0.009850705499957257,"[[0.001331580545039619,-0.0055926382891664005,-0.004527373853134706],[0.0007989483270237715,-0.00692421883420602,0.003728425526110934],[-0.0010652644360316954,-0.007456851052221868,0.012516857123372421],[-0.003728425526110934,-0.007989483270237714,0.01997370817559429]]",781.1630120455,781.16467134,21.875,180005,"[2060, 3555, -3442]","[[21, 5, -17], [26, 3, 14], [28, -4, 47], [30, -14, 75]]"
6.720072,7.040859,body,0.000000,0.000000,0.000000,0.000000,0.000000,0.000000,0.000000,0.000000,0.000000,0.000000,0.000000,0.000000,6.385336,-3.716998,-6.166266,-0.004194,-0.004860,0.025633,bmi088,0.009894914500023333,"[[-0.005326322180158476,-0.007723167161229791,0.025300030355752765],[-0.004793689962142629,-0.006125270507182248,0.02769687533682408],[-0.003728425526110934,-0.004261057744126781,0.02636529479178446],[-0.0029294771990871623,-0.001331580545039619,0.023169501483689375]]",781.17290696,781.173945699,21.875,180246,"[2070, 3556, -3434]","[[29, -20, 95], [23, -18, 104], [16, -14, 99], [5, -11, 87]]"
6.730081,7.051250,body,0.000000,0.000000,0.000000,0.000000,0.000000,0.000000,0.000000,0.000000,0.000000,0.000000,0.000000,0.000000,6.374562,-3.743933,-6.142923,-0.002863,-0.000799,0.001997,bmi088,0.010231129000089823,"[[-0.003195793308095086,-0.00026631610900792384,0.01651159875849128],[-0.003728425526110934,-0.00026631610900792384,0.007190534943213944],[-0.0023968449810713144,-0.0007989483270237715,-0.002663161090079238],[-0.0021305288720633907,-0.001864212763055467,-0.013049489341388268]]",781.1831380890001,781.1842343325,21.875,180512,"[2085, 3550, -3421]","[[1, -12, 62], [1, -14, 27], [3, -9, -10], [7, -8, -49]]"
6.740072,7.061289,body,0.000000,0.000000,0.000000,0.000000,0.000000,0.000000,0.000000,0.000000,0.000000,0.000000,0.000000,0.000000,6.347627,-3.708020,-6.146514,0.001132,-0.004993,-0.023303,bmi088,0.009900769999944714,"[[0.0,-0.0029294771990871623,-0.020240024284602212],[0.00026631610900792384,-0.004793689962142629,-0.02423476591972107],[0.001597896654047543,-0.005326322180158476,-0.025300030355752765],[0.002663161090079238,-0.00692421883420602,-0.0234358175926973]]",781.193038859,781.1941363349999,21.875,180769,"[2065, 3535, -3423]","[[11, 0, -76], [18, 1, -91], [20, 6, -95], [26, 10, -88]]"
6.750068,7.071328,body,0.000000,0.000000,0.000000,0.000000,0.000000,0.000000,0.000000,0.000000,0.000000,0.000000,0.000000,0.000000,6.383540,-3.691859,-6.162675,0.001997,-0.008722,-0.005792,bmi088,0.009973827999942841,"[[0.0023968449810713144,-0.00825579937924564,-0.018908443739562592],[0.001597896654047543,-0.009321063815277334,-0.011185276578332801],[0.0010652644360316954,-0.009054747706269411,-0.001597896654047543],[0.0029294771990871623,-0.00825579937924564,0.008522115488253563]]",781.203012687,781.2040770579999,21.875,181026,"[2056, 3555, -3432]","[[31, 9, -71], [35, 6, -42], [34, 4, -6], [31, 11, 32]]"
6.760071,7.081289,body,0.000000,0.000000,0.000000,0.000000,0.000000,0.000000,0.000000,0.000000,0.000000,0.000000,0.000000,0.000000,6.370971,-3.679289,-6.177040,0.002863,-0.005459,0.024767,bmi088,0.00990179450013784,"[[0.004793689962142629,-0.00692421883420602,0.018109495412538822],[0.004793689962142629,-0.0055926382891664005,0.02476739813773692],[0.0023968449810713144,-0.004527373853134706,0.02822950755483993],[-0.0005326322180158477,-0.004793689962142629,0.027963191445832]]",781.2129144815001,781.2139720845,21.875,181281,"[2049, 3548, -3440]","[[26, 18, 68], [21, 18, 93], [17, 9, 106], [18, -2, 105]]"
6.770080,7.091523,body,0.000000,0.000000,0.000000,0.000000,0.000000,0.000000,0.000000,0.000000,0.000000,0.000000,0.000000,0.000000,6.388927,-3.693655,-6.182427,0.000799,-0.003462,0.017244,bmi088,0.010080709500016383,"[[-0.0010652644360316954,-0.004527373853134706,0.025832662573768612],[-0.00026631610900792384,-0.003728425526110934,0.021305288720633905],[0.001864212763055467,-0.00346210941710301,0.015446334322459582],[0.002663161090079238,-0.0021305288720633907,0.006391586616190172]]",781.2229951910001,781.224055162,21.875,181543,"[2057, 3558, -3443]","[[17, -4, 97], [14, -1, 80], [13, 7, 58], [8, 10, 24]]"
6.780071,7.101719,body,0.000000,0.000000,0.000000,0.000000,0.000000,0.000000,0.000000,0.000000,0.000000,0.000000,0.000000,0.000000,6.360197,-3.682881,-6.151901,0.003595,-0.000932,-0.014381,bmi088,0.01002222899978733,"[[0.003994741635118857,-0.0007989483270237715,-0.003728425526110934],[0.0029294771990871623,0.0005326322180158477,-0.012783173232380344],[0.002663161090079238,-0.0007989483270237715,-0.018908443739562592],[0.004793689962142629,-0.002663161090079238,-0.02210423704765768]]",781.2330174199999,781.234119792,21.875,181804,"[2051, 3542, -3426]","[[3, 15, -14], [-2, 11, -48], [3, 10, -71], [10, 18, -83]]"
6.790068,7.111758,body,0.000000,0.000000,0.000000,0.000000,0.000000,0.000000,0.000000,0.000000,0.000000,0.000000,0.000000,0.000000,6.354810,-3.682881,-6.169858,0.012117,-0.004261,-0.020440,bmi088,0.00997880400007034,"[[0.00825579937924564,-0.004261057744126781,-0.02423476591972107],[0.012250541014364496,-0.004261057744126781,-0.02423476591972107],[0.01384843766841204,-0.003994741635118857,-0.02077265650261806],[0.014114753777419964,-0.004527373853134706,-0.012516857123372421]]",781.242996224,781.2440418425,21.875,182061,"[2051, 3539, -3436]","[[16, 31, -91], [16, 46, -91], [15, 52, -78], [17, 53, -47]]"
6.800071,7.121836,body,0.000000,0.000000,0.000000,0.000000,0.000000,0.000000,0.000000,0.000000,0.000000,0.000000,0.000000,0.000000,6.381745,-3.675698,-6.180632,0.005792,-0.007257,0.007590,bmi088,0.009936883000023045,"[[0.011185276578332801,-0.0055926382891664005,-0.002663161090079238],[0.006657902725198096,-0.007190534943213944,0.0055926382891664005],[0.00346210941710301,-0.00825579937924564,0.011451592687340724],[0.001864212763055467,-0.007989483270237714,0.01597896654047543]]",781.252933107,781.2540286305,21.875,182319,"[2047, 3554, -3442]","[[21, 42, -10], [27, 25, 21], [31, 13, 43], [30, 7, 60]]"
6.810072,7.132109,body,0.000000,0.000000,0.000000,0.000000,0.000000,0.000000,0.000000,0.000000,0.000000,0.000000,0.000000,0.000000,6.383540,-3.688268,-6.171653,0.001265,-0.005193,0.018243,bmi088,0.010154343000067456,"[[0.001597896654047543,-0.007456851052221868,0.019707392066586366],[0.0007989483270237715,-0.0055926382891664005,0.020506340393610135],[0.0007989483270237715,-0.004793689962142629,0.01864212763055467],[0.001864212763055467,-0.0029294771990871623,0.014114753777419964]]",781.2630874500001,781.264186462,21.875,182582,"[2054, 3555, -3437]","[[28, 6, 74], [21, 3, 77], [18, 3, 70], [11, 7, 53]]"
6.820070,7.141797,body,0.000000,0.000000,0.000000,0.000000,0.000000,0.000000,0.000000,0.000000,0.000000,0.000000,0.000000,0.000000,6.367379,-3.716998,-6.157288,0.007923,-0.001265,-0.003329,bmi088,0.009637901999894893,"[[0.004527373853134706,-0.0023968449810713144,0.00692421883420602],[0.007190534943213944,-0.0010652644360316954,-0.0005326322180158477],[0.009853696033293183,-0.0010652644360316954,-0.007456851052221868],[0.010120012142301106,-0.0005326322180158477,-0.012250541014364496]]",781.272725352,781.273780187,21.875,182830,"[2070, 3546, -3429]","[[9, 17, 26], [4, 27, -2], [4, 37, -28], [2, 38, -46]]"
6.830071,7.152305,body,0.000000,0.000000,0.000000,0.000000,0.000000,0.000000,0.000000,0.000000,0.000000,0.000000,0.000000,0.000000,6.353014,-3.729568,-6.155492,0.010053,-0.000866,-0.017777,bmi088,0.010306793500035383,"[[0.009853696033293183,-0.0005326322180158477,-0.01597896654047543],[0.009321063815277334,-0.0005326322180158477,-0.018109495412538822],[0.01038632825130903,-0.0010652644360316954,-0.01944107595757844],[0.010652644360316953,-0.001331580545039619,-0.017576863194522972]]",781.2830321455,781.284170022,21.875,183099,"[2077, 3538, -3428]","[[2, 37, -60], [2, 35, -68], [4, 39, -73], [5, 40, -66]]"
6.840069,7.162344,body,0.000000,0.000000,0.000000,0.000000,0.000000,0.000000,0.000000,0.000000,0.000000,0.000000,0.000000,0.000000,6.387131,-3.677494,-6.169858,0.008123,-0.003595,-0.006924,bmi088,0.009858544499934396,"[[0.010918960469324878,-0.0021305288720633907,-0.014381069886427887],[0.008788431597261486,-0.003195793308095086,-0.008788431597261486],[0.007723167161229791,-0.004527373853134706,-0.005326322180158476],[0.005060006071150553,-0.004527373853134706,0.0007989483270237715]]",781.2928906899999,781.2940150145,21.875,183356,"[2048, 3557, -3436]","[[8, 41, -54], [12, 33, -33], [17, 29, -20], [17, 19, 3]]"
6.850069,7.172383,body,0.000000,0.000000,0.000000,0.000000,0.000000,0.000000,0.000000,0.000000,0.000000,0.000000,0.000000,0.000000,6.396110,-3.697246,-6.160879,0.000266,-0.004461,0.013782,bmi088,0.010070469000083904,"[[0.0023968449810713144,-0.004793689962142629,0.006125270507182248],[0.0005326322180158477,-0.004527373853134706,0.012783173232380344],[-0.0005326322180158477,-0.004793689962142629,0.016777914867499202],[-0.001331580545039619,-0.003728425526110934,0.01944107595757844]]",781.302961159,781.304025226,21.875,183613,"[2059, 3562, -3431]","[[18, 9, 23], [17, 2, 48], [18, -2, 63], [14, -5, 73]]"
6.860071,7.182617,body,0.000000,0.000000,0.000000,0.000000,0.000000,0.000000,0.000000,0.000000,0.000000,0.000000,0.000000,0.000000,6.372766,-3.697246,-6.150106,-0.002530,-0.001332,0.014314,bmi088,0.010074660499981292,"[[-0.0023968449810713144,-0.002663161090079238,0.01944107595757844],[-0.00346210941710301,-0.001597896654047543,0.017843179303530896],[-0.0029294771990871623,-0.0005326322180158477,0.013582121559404116],[-0.001331580545039619,-0.0005326322180158477,0.006391586616190172]]",781.3130358195,781.314125935,21.875,183875,"[2059, 3549, -3425]","[[10, -9, 73], [6, -13, 67], [2, -11, 51], [2, -5, 24]]"
6.870093,7.192734,body,0.000000,0.000000,0.000000,0.000000,0.000000,0.000000,0.000000,0.000000,0.000000,0.000000,0.000000,0.000000,6.349423,-3.691859,-6.151901,0.003462,-0.000599,-0.013915,bmi088,0.010033396500034542,"[[0.0010652644360316954,-0.00026631610900792384,-0.0023968449810713144],[0.003994741635118857,-0.0005326322180158477,-0.01171790879634865],[0.004793689962142629,0.0,-0.01864212763055467],[0.003994741635118857,-0.001597896654047543,-0.02290318537468145]]",781.323069216,781.324155795,21.875,184134,"[2056, 3536, -3426]","[[1, 4, -9], [2, 15, -44], [0, 18, -70], [6, 15, -86]]"
6.880071,7.202852,body,0.000000,0.000000,0.000000,0.000000,0.000000,0.000000,0.000000,0.000000,0.000000,0.000000,0.000000,0.000000,6.360197,-3.679289,-6.175245,0.001997,-0.004461,-0.014581,bmi088,0.009917329500012784,"[[0.003195793308095086,-0.00346210941710301,-0.023169501483689375],[0.0023968449810713144,-0.005326322180158476,-0.019174759848570515],[0.001597896654047543,-0.004793689962142629,-0.012516857123372421],[0.0007989483270237715,-0.004261057744126781,-0.00346210941710301]]",781.3329865455,781.3341385819999,21.875,184393,"[2049, 3542, -3439]","[[13, 12, -87], [20, 9, -72], [18, 6, -47], [16, 3, -13]]"
6.890069,7.213008,body,0.000000,0.000000,0.000000,0.000000,0.000000,0.000000,0.000000,0.000000,0.000000,0.000000,0.000000,0.000000,6.392518,-3.691859,-6.168062,-0.001798,-0.003129,0.012916,bmi088,0.01014928599988707,"[[0.0,-0.003728425526110934,0.005060006071150553],[-0.0005326322180158477,-0.003994741635118857,0.01171790879634865],[-0.0023968449810713144,-0.0029294771990871623,0.016245282649483356],[-0.004261057744126781,-0.001864212763055467,0.01864212763055467]]",781.3431358314999,781.3441932585,21.875,184653,"[2056, 3560, -3435]","[[14, 0, 19], [15, -2, 44], [11, -9, 61], [7, -16, 70]]"
6.900078,7.223008,body,0.000000,0.000000,0.000000,0.000000,0.000000,0.000000,0.000000,0.000000,0.000000,0.000000,0.000000,0.000000,6.387131,-3.715202,-6.168062,-0.009321,-0.001997,0.016378,bmi088,0.009900001500000144,"[[-0.007989483270237714,-0.0010652644360316954,0.018908443739562592],[-0.009853696033293183,-0.0021305288720633907,0.018109495412538822],[-0.01038632825130903,-0.0023968449810713144,0.015712650431467506],[-0.009054747706269411,-0.0023968449810713144,0.012783173232380344]]",781.3530358329999,781.3540860759999,21.875,184909,"[2069, 3557, -3435]","[[4, -30, 71], [8, -37, 68], [9, -39, 59], [9, -34, 48]]"
6.910070,7.233047,body,0.000000,0.000000,0.000000,0.000000,0.000000,0.000000,0.000000,0.000000,0.000000,0.000000,0.000000,0.000000,6.365584,-3.704429,-6.142923,-0.003928,-0.001132,0.002863,bmi088,0.009920034000060696,"[[-0.00692421883420602,-0.0023968449810713144,0.008522115488253563],[-0.004527373853134706,-0.001864212763055467,0.005326322180158476],[-0.0023968449810713144,-0.0007989483270237715,0.0007989483270237715],[-0.001864212763055467,0.0005326322180158477,-0.003195793308095086]]",781.362955867,781.364012206,21.875,185166,"[2063, 3545, -3421]","[[9, -26, 32], [7, -17, 20], [3, -9, 3], [-2, -7, -12]]"
6.920070,7.242891,body,0.000000,0.000000,0.000000,0.000000,0.000000,0.000000,0.000000,0.000000,0.000000,0.000000,0.000000,0.000000,6.354810,-3.691859,-6.148310,-0.004194,-0.000466,-0.011185,bmi088,0.009976067000025068,"[[-0.0023968449810713144,0.0005326322180158477,-0.007989483270237714],[-0.003728425526110934,-0.0005326322180158477,-0.01171790879634865],[-0.005326322180158476,-0.0007989483270237715,-0.013049489341388268],[-0.005326322180158476,-0.0010652644360316954,-0.011984224905356573]]",781.372931934,781.3738520945,21.875,185418,"[2056, 3539, -3424]","[[-2, -9, -30], [2, -14, -44], [3, -20, -49], [4, -20, -45]]"
6.930070,7.253516,body,0.000000,0.000000,0.000000,0.000000,0.000000,0.000000,0.000000,0.000000,0.000000,0.000000,0.000000,0.000000,6.372766,-3.708020,-6.151901,-0.005260,-0.002796,0.001198,bmi088,0.010042387999988023,"[[-0.004261057744126781,-0.001864212763055467,-0.007989483270237714],[-0.003195793308095086,-0.003195793308095086,-0.0021305288720633907],[-0.005858954398174325,-0.003728425526110934,0.004793689962142629],[-0.007723167161229791,-0.0023968449810713144,0.010120012142301106]]",781.382974322,781.3844462845,21.875,185690,"[2065, 3549, -3426]","[[7, -16, -30], [12, -12, -8], [14, -22, 18], [9, -29, 38]]"
6.940073,7.263438,body,0.000000,0.000000,0.000000,0.000000,0.000000,0.000000,0.000000,0.000000,0.000000,0.000000,0.000000,0.000000,6.376358,-3.713407,-6.171653,-0.010653,0.001332,0.015912,bmi088,0.01004298050008856,"[[-0.009321063815277334,-0.0007989483270237715,0.013582121559404116],[-0.009587379924285258,0.001331580545039619,0.015712650431467506],[-0.010652644360316953,0.002663161090079238,0.017843179303530896],[-0.013049489341388268,0.0021305288720633907,0.01651159875849128]]",781.3930173025001,781.3940641209999,21.875,185944,"[2068, 3551, -3437]","[[3, -35, 51], [-5, -36, 59], [-10, -40, 67], [-8, -49, 62]]"
6.950071,7.273203,body,0.000000,0.000000,0.000000,0.000000,0.000000,0.000000,0.000000,0.000000,0.000000,0.000000,0.000000,0.000000,6.356605,-3.699042,-6.168062,-0.008589,-0.000266,0.006791,bmi088,0.009648636999941118,"[[-0.012516857123372421,0.0007989483270237715,0.013582121559404116],[-0.010918960469324878,-0.0005326322180158477,0.008788431597261486],[-0.006657902725198096,-0.0010652644360316954,0.004527373853134706],[-0.004261057744126781,-0.00026631610900792384,0.00026631610900792384]]",781.4026659395,781.40372055,21.875,186194,"[2060, 3540, -3435]","[[-3, -47, 51], [2, -41, 33], [4, -25, 17], [1, -16, 1]]"
6.960072,7.283711,body,0.000000,0.000000,0.000000,0.000000,0.000000,0.000000,0.000000,0.000000,0.000000,0.000000,0.000000,0.000000,6.374562,-3.699042,-6.171653,-0.005060,0.000067,-0.010120,bmi088,0.010336281499917277,"[[-0.003994741635118857,0.0,-0.005326322180158476],[-0.005060006071150553,0.00026631610900792384,-0.009321063815277334],[-0.0055926382891664005,-0.00026631610900792384,-0.012250541014364496],[-0.0055926382891664005,0.00026631610900792384,-0.013582121559404116]]",781.4130022209999,781.4140870565,21.875,186463,"[2060, 3550, -3437]","[[0, -15, -20], [-1, -19, -35], [1, -21, -46], [-1, -21, -51]]"
6.970072,7.293750,body,0.000000,0.000000,0.000000,0.000000,0.000000,0.000000,0.000000,0.000000,0.000000,0.000000,0.000000,0.000000,6.374562,-3.697246,-6.162675,-0.007457,-0.000067,-0.007523,bmi088,0.009967939000034676,"[[-0.0055926382891664005,0.0,-0.013582121559404116],[-0.00692421883420602,-0.00026631610900792384,-0.01171790879634865],[-0.007989483270237714,-0.00026631610900792384,-0.005858954398174325],[-0.009321063815277334,0.00026631610900792384,0.0010652644360316954]]",781.42297016,781.4240191065,21.875,186720,"[2059, 3550, -3432]","[[0, -21, -51], [1, -26, -44], [1, -30, -22], [-1, -35, 4]]"
6.980071,7.304063,body,0.000000,0.000000,0.000000,0.000000,0.000000,0.000000,0.000000,0.000000,0.000000,0.000000,0.000000,0.000000,6.383540,-3.709815,-6.178836,-0.010120,-0.000266,0.016046,bmi088,0.010045364000006884,"[[-0.01038632825130903,-0.00026631610900792384,0.008788431597261486],[-0.01038632825130903,-0.0007989483270237715,0.015446334322459582],[-0.010652644360316953,-0.0005326322180158477,0.019707392066586366],[-0.009054747706269411,0.0005326322180158477,0.020240024284602212]]",781.433015524,781.434179849,21.875,186984,"[2066, 3555, -3441]","[[1, -39, 33], [3, -39, 58], [2, -40, 74], [-2, -34, 76]]"
6.990070,7.314063,body,0.000000,0.000000,0.000000,0.000000,0.000000,0.000000,0.000000,0.000000,0.000000,0.000000,0.000000,0.000000,6.353014,-3.720589,-6.157288,-0.004993,-0.001398,0.008855,bmi088,0.010021172000051592,"[[-0.007989483270237714,0.0,0.016777914867499202],[-0.005326322180158476,-0.0010652644360316954,0.011185276578332801],[-0.003994741635118857,-0.001864212763055467,0.005858954398174325],[-0.002663161090079238,-0.002663161090079238,0.001597896654047543]]",781.443036696,781.444105419,21.875,187240,"[2072, 3538, -3429]","[[0, -30, 63], [4, -20, 42], [7, -15, 22], [10, -10, 6]]"
7.000078,7.324375,body,0.000000,0.000000,0.000000,0.000000,0.000000,0.000000,0.000000,0.000000,0.000000,0.000000,0.000000,0.000000,6.358401,-3.715202,-6.173449,0.002237,-0.002610,-0.007510,bmi088,0.010214406999921266,"[[-0.0021305288720633907,-0.003728425526110934,-0.00346210941710301],[-0.001331580545039619,-0.003994741635118857,-0.00825579937924564],[0.001597896654047543,-0.003195793308095086,-0.011185276578332801],[0.005060006071150553,-0.001331580545039619,-0.009054747706269411],[0.007989483270237714,-0.0007989483270237715,-0.0055926382891664005]]",781.453251103,781.4543168499999,21.875,187504,"[2069, 3541, -3438]","[[14, -8, -13], [15, -5, -31], [12, 6, -42], [5, 19, -34], [3, 30, -21]]"
7.010071,7.333945,body,0.000000,0.000000,0.000000,0.000000,0.000000,0.000000,0.000000,0.000000,0.000000,0.000000,0.000000,0.000000,6.383540,-3.708020,-6.175245,0.005238,-0.000178,0.001509,bmi088,0.009492313999999169,"[[0.00692421883420602,-0.00026631610900792384,-0.001331580545039619],[0.0055926382891664005,-0.00026631610900792384,0.001597896654047543],[0.003195793308095086,0.0,0.004261057744126781]]",781.462743417,781.463779788,21.875,187749,"[2065, 3555, -3439]","[[1, 26, -5], [1, 21, 6], [0, 12, 16]]"
7.020071,7.344375,body,0.000000,0.000000,0.000000,0.000000,0.000000,0.000000,0.000000,0.000000,0.000000,0.000000,0.000000,0.000000,6.392518,-3.700837,-6.203975,0.001531,-0.001132,0.008788,bmi088,0.01022291950005183,"[[0.0023968449810713144,-0.00026631610900792384,0.006391586616190172],[0.001331580545039619,-0.0005326322180158477,0.007723167161229791],[0.001331580545039619,-0.001864212763055467,0.009587379924285258],[0.0010652644360316954,-0.001864212763055467,0.011451592687340724]]",781.4729663365,781.4740656204999,21.875,188016,"[2061, 3560, -3455]","[[1, 9, 24], [2, 5, 29], [7, 5, 36], [7, 4, 43]]"
7.030071,7.355352,body,0.000000,0.000000,0.000000,0.000000,0.000000,0.000000,0.000000,0.000000,0.000000,0.000000,0.000000,0.000000,6.354810,-3.708020,-6.168062,0.001917,0.003728,0.007563,bmi088,0.010902387499982069,"[[0.0010652644360316954,0.0,0.011984224905356573],[0.0007989483270237715,0.0023968449810713144,0.011451592687340724],[0.001597896654047543,0.005060006071150553,0.009321063815277334],[0.0023968449810713144,0.005858954398174325,0.005326322180158476],[0.003728425526110934,0.005326322180158476,-0.00026631610900792384]]",781.483868724,781.48496892,21.875,188297,"[2065, 3539, -3435]","[[0, 4, 45], [-9, 3, 43], [-19, 6, 35], [-22, 9, 20], [-20, 14, -1]]"
7.040083,7.364688,body,0.000000,0.000000,0.000000,0.000000,0.000000,0.000000,0.000000,0.000000,0.000000,0.000000,0.000000,0.000000,6.365584,-3.708020,-6.144719,0.003107,0.001243,-0.014204,bmi088,0.009249798000041665,"[[0.004527373853134706,0.0029294771990871623,-0.00825579937924564],[0.0029294771990871623,0.0007989483270237715,-0.014913702104443736],[0.001864212763055467,0.0,-0.01944107595757844]]",781.493118522,781.494175261,21.875,188536,"[2065, 3545, -3422]","[[-11, 17, -31], [-3, 11, -56], [0, 7, -73]]"
7.050072,7.374414,body,0.000000,0.000000,0.000000,0.000000,0.000000,0.000000,0.000000,0.000000,0.000000,0.000000,0.000000,0.000000,6.361992,-3.693655,-6.168062,0.006059,0.000067,-0.019574,bmi088,0.009613357000034739,"[[0.0023968449810713144,0.0005326322180158477,-0.02077265650261806],[0.005060006071150553,0.0,-0.021571604829641832],[0.007723167161229791,0.0,-0.020240024284602212],[0.009054747706269411,-0.00026631610900792384,-0.015712650431467506]]",781.5027318790001,781.503804314,21.875,188785,"[2057, 3543, -3435]","[[-2, 9, -78], [0, 19, -81], [0, 29, -76], [1, 34, -59]]"
7.060071,7.384531,body,0.000000,0.000000,0.000000,0.000000,0.000000,0.000000,0.000000,0.000000,0.000000,0.000000,0.000000,0.000000,6.365584,-3.715202,-6.180632,0.007191,-0.002463,0.000466,bmi088,0.010004450999986148,"[[0.009587379924285258,-0.0007989483270237715,-0.009587379924285258],[0.008522115488253563,-0.002663161090079238,-0.0023968449810713144],[0.006391586616190172,-0.003195793308095086,0.003994741635118857],[0.004261057744126781,-0.003195793308095086,0.009853696033293183]]",781.51273633,781.5138086535001,21.875,189044,"[2069, 3545, -3442]","[[3, 36, -36], [10, 32, -9], [12, 24, 15], [12, 16, 37]]"
7.070073,7.394648,body,0.000000,0.000000,0.000000,0.000000,0.000000,0.000000,0.000000,0.000000,0.000000,0.000000,0.000000,0.000000,6.388927,-3.700837,-6.182427,0.001997,-0.002131,0.013316,bmi088,0.00999883550002778,"[[0.001864212763055467,-0.002663161090079238,0.013582121559404116],[0.001864212763055467,-0.0023968449810713144,0.014913702104443736],[0.001864212763055467,-0.0021305288720633907,0.013582121559404116],[0.0023968449810713144,-0.001331580545039619,0.011185276578332801]]",781.5227351655001,781.5237973285,21.875,189303,"[2061, 3558, -3443]","[[10, 7, 51], [9, 7, 56], [8, 7, 51], [5, 9, 42]]"
7.080069,7.405039,body,0.000000,0.000000,0.000000,0.000000,0.000000,0.000000,0.000000,0.000000,0.000000,0.000000,0.000000,0.000000,6.336853,-3.693655,-6.141127,0.001864,-0.000067,0.001531,bmi088,0.010267735999832439,"[[0.001331580545039619,-0.00026631610900792384,0.006657902725198096],[0.0010652644360316954,0.00026631610900792384,0.003994741635118857],[0.001331580545039619,0.0005326322180158477,0.0],[0.003728425526110934,-0.0007989483270237715,-0.004527373853134706]]",781.5330029014999,781.534089305,21.875,189569,"[2057, 3529, -3420]","[[1, 5, 25], [-1, 4, 15], [-2, 5, 0], [3, 14, -17]]"
7.090079,7.415586,body,0.000000,0.000000,0.000000,0.000000,0.000000,0.000000,0.000000,0.000000,0.000000,0.000000,0.000000,0.000000,6.360197,-3.679289,-6.142923,0.006325,-0.003063,-0.010852,bmi088,0.010177526500001477,"[[0.006125270507182248,-0.0021305288720633907,-0.009321063815277334],[0.00692421883420602,-0.00346210941710301,-0.012250541014364496],[0.006391586616190172,-0.003195793308095086,-0.011984224905356573],[0.005858954398174325,-0.00346210941710301,-0.009853696033293183]]",781.5431804279999,781.544524612,21.875,189839,"[2049, 3542, -3421]","[[8, 23, -35], [13, 26, -46], [12, 24, -45], [13, 22, -37]]"
7.100071,7.425234,body,0.000000,0.000000,0.000000,0.000000,0.000000,0.000000,0.000000,0.000000,0.000000,0.000000,0.000000,0.000000,6.405088,-3.672107,-6.166266,0.003662,-0.005526,-0.000732,bmi088,0.00979398399999809,"[[0.0055926382891664005,-0.003728425526110934,-0.007190534943213944],[0.003994741635118857,-0.0055926382891664005,-0.003195793308095086],[0.0029294771990871623,-0.006125270507182248,0.001331580545039619],[0.0021305288720633907,-0.006657902725198096,0.006125270507182248]]",781.5529744119999,781.5540729920001,21.875,190086,"[2045, 3567, -3434]","[[14, 21, -27], [21, 15, -12], [23, 11, 5], [25, 8, 23]]"
7.110077,7.435781,body,0.000000,0.000000,0.000000,0.000000,0.000000,0.000000,0.000000,0.000000,0.000000,0.000000,0.000000,0.000000,6.390723,-3.691859,-6.180632,0.000067,-0.006724,0.013183,bmi088,0.009966002500050308,"[[0.0023968449810713144,-0.006657902725198096,0.009587379924285258],[0.001597896654047543,-0.006657902725198096,0.012783173232380344],[-0.0005326322180158477,-0.007190534943213944,0.01464738599543581],[-0.003195793308095086,-0.006391586616190172,0.015712650431467506]]",781.5629404145,781.5642386300001,21.875,190356,"[2056, 3559, -3442]","[[25, 9, 36], [25, 6, 48], [27, -2, 55], [24, -12, 59]]"
7.120072,7.445430,body,0.000000,0.000000,0.000000,0.000000,0.000000,0.000000,0.000000,0.000000,0.000000,0.000000,0.000000,0.000000,6.353014,-3.711611,-6.157288,-0.002463,-0.003329,0.010386,bmi088,0.010039492500027336,"[[-0.004527373853134706,-0.0055926382891664005,0.015446334322459582],[-0.003728425526110934,-0.00346210941710301,0.013049489341388268],[-0.001597896654047543,-0.0021305288720633907,0.009054747706269411],[0.0,-0.0021305288720633907,0.003994741635118857]]",781.572979907,781.574037558,21.875,190603,"[2067, 3538, -3429]","[[21, -17, 58], [13, -14, 49], [8, -6, 34], [8, 0, 15]]"
7.130077,7.456328,body,0.000000,0.000000,0.000000,0.000000,0.000000,0.000000,0.000000,0.000000,0.000000,0.000000,0.000000,0.000000,6.342240,-3.686472,-6.139332,0.003409,-0.003356,-0.008735,bmi088,0.010679471499997817,"[[0.0010652644360316954,-0.003195793308095086,0.00026631610900792384],[0.001331580545039619,-0.003994741635118857,-0.005326322180158476],[0.003195793308095086,-0.003195793308095086,-0.010652644360316953],[0.005326322180158476,-0.002663161090079238,-0.014381069886427887],[0.006125270507182248,-0.003728425526110934,-0.013582121559404116]]",781.5836593785,781.584807831,21.875,190882,"[2053, 3532, -3419]","[[12, 4, 1], [15, 5, -20], [12, 12, -40], [10, 20, -54], [14, 23, -51]]"
7.140072,7.465586,body,0.000000,0.000000,0.000000,0.000000,0.000000,0.000000,0.000000,0.000000,0.000000,0.000000,0.000000,0.000000,6.361992,-3.693655,-6.162675,0.002308,-0.008611,-0.007013,bmi088,0.009269958000004408,"[[0.005060006071150553,-0.00692421883420602,-0.010652644360316953],[0.001864212763055467,-0.009054747706269411,-0.00692421883420602],[0.0,-0.009853696033293183,-0.00346210941710301]]",781.5929293365,781.593953403,21.875,191119,"[2057, 3543, -3432]","[[26, 19, -40], [34, 7, -26], [37, 0, -13]]"
7.150071,7.475508,body,0.000000,0.000000,0.000000,0.000000,0.000000,0.000000,0.000000,0.000000,0.000000,0.000000,0.000000,0.000000,6.376358,-3.693655,-6.184223,-0.002330,-0.009121,0.009587,bmi088,0.009803423999983352,"[[-0.001597896654047543,-0.009587379924285258,0.001331580545039619],[-0.001597896654047543,-0.009321063815277334,0.00692421883420602],[-0.0023968449810713144,-0.008788431597261486,0.013049489341388268],[-0.003728425526110934,-0.008788431597261486,0.017044230976507126]]",781.6027327605,781.603777307,21.875,191373,"[2057, 3551, -3444]","[[36, -6, 5], [35, -6, 26], [33, -9, 49], [33, -14, 64]]"
7.160072,7.486523,body,0.000000,0.000000,0.000000,0.000000,0.000000,0.000000,0.000000,0.000000,0.000000,0.000000,0.000000,0.000000,6.378153,-3.713407,-6.182427,-0.007723,-0.005459,0.017710,bmi088,0.010232743500068864,"[[-0.005858954398174325,-0.007723167161229791,0.01944107595757844],[-0.007456851052221868,-0.006125270507182248,0.019707392066586366],[-0.008788431597261486,-0.004527373853134706,0.018109495412538822],[-0.008788431597261486,-0.00346210941710301,0.013582121559404116]]",781.612965504,781.6146923195,21.875,191655,"[2068, 3552, -3443]","[[29, -22, 73], [23, -28, 74], [17, -33, 68], [13, -33, 51]]"
7.170072,7.496211,body,0.000000,0.000000,0.000000,0.000000,0.000000,0.000000,0.000000,0.000000,0.000000,0.000000,0.000000,0.000000,6.363788,-3.693655,-6.141127,-0.004594,-0.003928,0.000932,bmi088,0.010212934999913159,"[[-0.00692421883420602,-0.00346210941710301,0.00825579937924564],[-0.004261057744126781,-0.003728425526110934,0.00346210941710301],[-0.00346210941710301,-0.003994741635118857,-0.001331580545039619],[-0.003728425526110934,-0.004527373853134706,-0.006657902725198096]]",781.623178439,781.6242545545,21.875,191903,"[2057, 3544, -3420]","[[13, -26, 31], [14, -16, 13], [15, -13, -5], [17, -14, -25]]"
7.180072,7.506250,body,0.000000,0.000000,0.000000,0.000000,0.000000,0.000000,0.000000,0.000000,0.000000,0.000000,0.000000,0.000000,6.390723,-3.686472,-6.162675,-0.000466,-0.004794,-0.009055,bmi088,0.00993545850008104,"[[-0.002663161090079238,-0.004261057744126781,-0.009587379924285258],[-0.001597896654047543,-0.004793689962142629,-0.010652644360316953],[0.00026631610900792384,-0.004793689962142629,-0.008788431597261486],[0.0021305288720633907,-0.005326322180158476,-0.007190534943213944]]",781.6331138975,781.6341751330001,21.875,192160,"[2053, 3559, -3432]","[[16, -10, -36], [18, -6, -40], [18, 1, -33], [20, 8, -27]]"
7.190074,7.516211,body,0.000000,0.000000,0.000000,0.000000,0.000000,0.000000,0.000000,0.000000,0.000000,0.000000,0.000000,0.000000,6.417658,-3.706224,-6.175245,0.001265,-0.006924,0.002730,bmi088,0.009875168999997186,"[[0.003994741635118857,-0.005858954398174325,-0.003728425526110934],[0.003195793308095086,-0.00692421883420602,-0.0005326322180158477],[0.0,-0.007723167161229791,0.004527373853134706],[-0.0021305288720633907,-0.007190534943213944,0.010652644360316953]]",781.6429890665,781.644022221,21.875,192415,"[2064, 3574, -3439]","[[22, 15, -14], [26, 12, -2], [29, 0, 17], [27, -8, 40]]"
7.200072,7.526328,body,0.000000,0.000000,0.000000,0.000000,0.000000,0.000000,0.000000,0.000000,0.000000,0.000000,0.000000,0.000000,6.399701,-3.690063,-6.162675,-0.004128,-0.006458,0.017710,bmi088,0.009946162500000355,"[[-0.005060006071150553,-0.005858954398174325,0.015446334322459582],[-0.005326322180158476,-0.006125270507182248,0.018908443739562592],[-0.004527373853134706,-0.006657902725198096,0.018908443739562592],[-0.001597896654047543,-0.007190534943213944,0.017576863194522972]]",781.652935229,781.654049281,21.875,192674,"[2055, 3564, -3432]","[[22, -19, 58], [23, -20, 71], [25, -17, 71], [27, -6, 66]]"
7.210075,7.536172,body,0.000000,0.000000,0.000000,0.000000,0.000000,0.000000,0.000000,0.000000,0.000000,0.000000,0.000000,0.000000,6.381745,-3.708020,-6.160879,0.001664,-0.006059,0.004993,bmi088,0.009793983999884404,"[[0.00026631610900792384,-0.006125270507182248,0.013582121559404116],[0.0010652644360316954,-0.006125270507182248,0.00825579937924564],[0.0021305288720633907,-0.005858954398174325,0.0021305288720633907],[0.003195793308095086,-0.006125270507182248,-0.003994741635118857]]",781.6627292129999,781.6637751359999,21.875,192926,"[2065, 3554, -3431]","[[23, 1, 51], [23, 4, 31], [22, 8, 8], [23, 12, -15]]"
7.220080,7.546406,body,0.000000,0.000000,0.000000,0.000000,0.000000,0.000000,0.000000,0.000000,0.000000,0.000000,0.000000,0.000000,6.363788,-3.679289,-6.155492,0.003995,-0.004394,-0.013049,bmi088,0.01008926900010465,"[[0.003195793308095086,-0.005326322180158476,-0.008788431597261486],[0.003728425526110934,-0.004261057744126781,-0.012516857123372421],[0.004527373853134706,-0.003728425526110934,-0.014913702104443736],[0.004527373853134706,-0.004261057744126781,-0.01597896654047543]]",781.672818482,781.673904389,21.875,193188,"[2049, 3544, -3428]","[[20, 12, -33], [16, 14, -47], [14, 17, -56], [16, 17, -60]]"
7.230081,7.557031,body,0.000000,0.000000,0.000000,0.000000,0.000000,0.000000,0.000000,0.000000,0.000000,0.000000,0.000000,0.000000,6.390723,-3.686472,-6.178836,0.002503,-0.004368,-0.003356,bmi088,0.010461851500053854,"[[0.003728425526110934,-0.004793689962142629,-0.014114753777419964],[0.0029294771990871623,-0.005060006071150553,-0.01038632825130903],[0.0029294771990871623,-0.004793689962142629,-0.00346210941710301],[0.0021305288720633907,-0.003994741635118857,0.002663161090079238],[0.0007989483270237715,-0.003195793308095086,0.008522115488253563]]",781.6832803335001,781.684385457,21.875,193460,"[2053, 3559, -3441]","[[18, 14, -53], [19, 11, -39], [18, 11, -13], [15, 8, 10], [12, 3, 32]]"
7.240072,7.566836,body,0.000000,0.000000,0.000000,0.000000,0.000000,0.000000,0.000000,0.000000,0.000000,0.000000,0.000000,0.000000,6.381745,-3.706224,-6.193201,-0.002042,-0.000888,0.014470,bmi088,0.009734430499975133,"[[-0.0005326322180158477,-0.0023968449810713144,0.012783173232380344],[-0.002663161090079238,-0.0010652644360316954,0.015180018213451659],[-0.0029294771990871623,0.0007989483270237715,0.015446334322459582]]",781.693014764,781.6940943674999,21.875,193711,"[2064, 3554, -3449]","[[9, -2, 48], [4, -10, 57], [-3, -11, 58]]"
7.250070,7.576602,body,0.000000,0.000000,0.000000,0.000000,0.000000,0.000000,0.000000,0.000000,0.000000,0.000000,0.000000,0.000000,6.390723,-3.699042,-6.160879,-0.000067,0.004194,0.007856,bmi088,0.009701053999947362,"[[-0.002663161090079238,0.0029294771990871623,0.012783173232380344],[-0.0005326322180158477,0.004793689962142629,0.009054747706269411],[0.0007989483270237715,0.004793689962142629,0.006125270507182248],[0.0021305288720633907,0.004261057744126781,0.00346210941710301]]",781.702715818,781.703759309,21.875,193961,"[2060, 3559, -3431]","[[-11, -10, 48], [-18, -2, 34], [-18, 3, 23], [-16, 8, 13]]"
7.260079,7.587031,body,0.000000,0.000000,0.000000,0.000000,0.000000,0.000000,0.000000,0.000000,0.000000,0.000000,0.000000,0.000000,6.379949,-3.709815,-6.178836,0.004061,0.000466,-0.008123,bmi088,0.010241943999972136,"[[0.0029294771990871623,0.0029294771990871623,0.0],[0.00346210941710301,0.0005326322180158477,-0.005858954398174325],[0.004527373853134706,-0.0005326322180158477,-0.01171790879634865],[0.005326322180158476,-0.0010652644360316954,-0.014913702104443736]]",781.712957762,781.714053462,21.875,194228,"[2066, 3553, -3441]","[[-11, 11, 0], [-2, 13, -22], [2, 17, -44], [4, 20, -56]]"
7.270067,7.596875,body,0.000000,0.000000,0.000000,0.000000,0.000000,0.000000,0.000000,0.000000,0.000000,0.000000,0.000000,0.000000,6.351218,-3.709815,-6.166266,0.004727,0.000399,-0.013516,bmi088,0.009807232000071053,"[[0.0055926382891664005,0.0007989483270237715,-0.01597896654047543],[0.004261057744126781,0.0007989483270237715,-0.015446334322459582],[0.003728425526110934,0.00026631610900792384,-0.013315805450396193],[0.005326322180158476,-0.00026631610900792384,-0.009321063815277334]]",781.722764994,781.7238092205,21.875,194480,"[2066, 3537, -3434]","[[-3, 21, -60], [-3, 16, -58], [-1, 14, -50], [1, 20, -35]]"
7.280070,7.607383,body,0.000000,0.000000,0.000000,0.000000,0.000000,0.000000,0.000000,0.000000,0.000000,0.000000,0.000000,0.000000,6.361992,-3.699042,-6.169858,0.003462,0.000133,0.004061,bmi088,0.010355177499945967,"[[0.00692421883420602,0.0,-0.004261057744126781],[0.005858954398174325,0.00026631610900792384,0.0010652644360316954],[0.0021305288720633907,0.0,0.007190534943213944],[-0.0010652644360316954,0.00026631610900792384,0.012250541014364496]]",781.7331201715,781.734182847,21.875,194749,"[2060, 3543, -3436]","[[0, 26, -16], [-1, 22, 4], [0, 8, 27], [-1, -4, 46]]"
7.290074,7.618242,body,0.000000,0.000000,0.000000,0.000000,0.000000,0.000000,0.000000,0.000000,0.000000,0.000000,0.000000,0.000000,6.374562,-3.709815,-6.160879,-0.000852,0.001758,0.010493,bmi088,0.0107097124999882,"[[-0.0021305288720633907,0.0010652644360316954,0.015180018213451659],[-0.0021305288720633907,0.001864212763055467,0.014381069886427887],[-0.001597896654047543,0.0021305288720633907,0.011185276578332801],[-0.00026631610900792384,0.001864212763055467,0.007456851052221868],[0.001864212763055467,0.001864212763055467,0.004261057744126781]]",781.743829884,781.7449441440001,21.875,195027,"[2066, 3550, -3431]","[[-4, -8, 57], [-7, -8, 54], [-8, -6, 42], [-7, -1, 28], [-7, 7, 16]]"
7.300072,7.627344,body,0.000000,0.000000,0.000000,0.000000,0.000000,0.000000,0.000000,0.000000,0.000000,0.000000,0.000000,0.000000,6.383540,-3.702633,-6.142923,0.002219,0.002574,-0.004439,bmi088,0.009101186999942001,"[[0.0029294771990871623,0.0021305288720633907,0.00026631610900792384],[0.0021305288720633907,0.002663161090079238,-0.004261057744126781],[0.001597896654047543,0.0029294771990871623,-0.009321063815277334]]",781.7529310709999,781.753944737,21.875,195260,"[2062, 3555, -3421]","[[-8, 11, 1], [-10, 8, -16], [-11, 6, -35]]"
7.310070,7.637734,body,0.000000,0.000000,0.000000,0.000000,0.000000,0.000000,0.000000,0.000000,0.000000,0.000000,0.000000,0.000000,6.345832,-3.699042,-6.142923,0.005260,0.000932,-0.011052,bmi088,0.009957362500017553,"[[0.0029294771990871623,0.0029294771990871623,-0.01171790879634865],[0.005858954398174325,0.001597896654047543,-0.013315805450396193],[0.006391586616190172,0.0,-0.010652644360316953],[0.005858954398174325,-0.0007989483270237715,-0.008522115488253563]]",781.7628884334999,781.764198585,21.875,195526,"[2060, 3534, -3421]","[[-11, 11, -44], [-6, 22, -50], [0, 24, -40], [3, 22, -32]]"
7.320069,7.648594,body,0.000000,0.000000,0.000000,0.000000,0.000000,0.000000,0.000000,0.000000,0.000000,0.000000,0.000000,0.000000,6.394314,-3.682881,-6.180632,0.001598,-0.000426,0.000426,bmi088,0.010806402000071103,"[[0.004261057744126781,-0.0010652644360316954,-0.005326322180158476],[0.003728425526110934,-0.0007989483270237715,-0.003728425526110934],[0.0021305288720633907,-0.0005326322180158477,-0.0007989483270237715],[-0.00026631610900792384,0.00026631610900792384,0.003728425526110934],[-0.001864212763055467,0.0,0.00825579937924564]]",781.7736948355,781.7749734985,21.875,195804,"[2051, 3561, -3442]","[[4, 16, -20], [3, 14, -14], [2, 8, -3], [-1, -1, 14], [0, -7, 31]]"
7.330070,7.657930,body,0.000000,0.000000,0.000000,0.000000,0.000000,0.000000,0.000000,0.000000,0.000000,0.000000,0.000000,0.000000,6.390723,-3.684676,-6.177040,-0.000355,0.000178,0.013405,bmi088,0.009413560999973924,"[[-0.001864212763055467,0.00026631610900792384,0.011984224905356573],[-0.0005326322180158477,-0.00026631610900792384,0.013582121559404116],[0.001331580545039619,0.0005326322180158477,0.01464738599543581]]",781.7831083965,781.7841802075,21.875,196043,"[2052, 3559, -3440]","[[-1, -7, 45], [1, -2, 51], [-2, 5, 55]]"
7.340072,7.667930,body,0.000000,0.000000,0.000000,0.000000,0.000000,0.000000,0.000000,0.000000,0.000000,0.000000,0.000000,0.000000,6.372766,-3.713407,-6.144719,-0.000000,0.000533,0.009254,bmi088,0.009909649500059459,"[[0.001597896654047543,0.0007989483270237715,0.014381069886427887],[0.0010652644360316954,0.0010652644360316954,0.012250541014364496],[-0.0007989483270237715,0.0005326322180158477,0.007989483270237714],[-0.001864212763055467,-0.00026631610900792384,0.0023968449810713144]]",781.793018046,781.794072001,21.875,196299,"[2068, 3549, -3422]","[[-3, 6, 54], [-4, 4, 46], [-2, -3, 30], [1, -7, 9]]"
7.350070,7.678008,body,0.000000,0.000000,0.000000,0.000000,0.000000,0.000000,0.000000,0.000000,0.000000,0.000000,0.000000,0.000000,6.379949,-3.691859,-6.159084,-0.000533,-0.001065,-0.012783,bmi088,0.00996619499994722,"[[-0.002663161090079238,-0.0010652644360316954,-0.0055926382891664005],[-0.001331580545039619,-0.0007989483270237715,-0.012250541014364496],[0.0,-0.0010652644360316954,-0.016777914867499202],[0.001864212763055467,-0.001331580545039619,-0.01651159875849128]]",781.802984241,781.804044452,21.875,196557,"[2056, 3553, -3430]","[[4, -10, -21], [3, -5, -46], [4, 0, -63], [5, 7, -62]]"
7.360078,7.688359,body,0.000000,0.000000,0.000000,0.000000,0.000000,0.000000,0.000000,0.000000,0.000000,0.000000,0.000000,0.000000,6.383540,-3.675698,-6.166266,0.001997,-0.003196,-0.008256,bmi088,0.010213335000003099,"[[0.002663161090079238,-0.001864212763055467,-0.01464738599543581],[0.002663161090079238,-0.002663161090079238,-0.010652644360316953],[0.0023968449810713144,-0.00346210941710301,-0.006657902725198096],[0.00026631610900792384,-0.004793689962142629,-0.0010652644360316954]]",781.813197576,781.814292796,21.875,196822,"[2047, 3555, -3434]","[[7, 10, -55], [10, 10, -40], [13, 9, -25], [18, 1, -4]]"
7.370067,7.698203,body,0.000000,0.000000,0.000000,0.000000,0.000000,0.000000,0.000000,0.000000,0.000000,0.000000,0.000000,0.000000,6.392518,-3.682881,-6.168062,-0.003262,-0.004328,0.011119,bmi088,0.009788512000000082,"[[-0.0021305288720633907,-0.0055926382891664005,0.005060006071150553],[-0.004261057744126781,-0.005326322180158476,0.01038632825130903],[-0.004261057744126781,-0.003728425526110934,0.013315805450396193],[-0.0023968449810713144,-0.002663161090079238,0.015712650431467506]]",781.822986088,781.824037707,21.875,197074,"[2051, 3560, -3435]","[[21, -8, 19], [20, -16, 39], [14, -16, 50], [10, -9, 59]]"
7.380070,7.708477,body,0.000000,0.000000,0.000000,0.000000,0.000000,0.000000,0.000000,0.000000,0.000000,0.000000,0.000000,0.000000,6.387131,-3.688268,-6.173449,-0.000932,-0.000666,0.015646,bmi088,0.01007710850001331,"[[0.00026631610900792384,-0.0023968449810713144,0.01731054708551505],[0.0005326322180158477,-0.0021305288720633907,0.017843179303530896],[-0.0007989483270237715,0.00026631610900792384,0.01597896654047543],[-0.003728425526110934,0.001597896654047543,0.011451592687340724]]",781.8330631965,781.8341512960001,21.875,197337,"[2054, 3557, -3438]","[[9, 1, 65], [8, 2, 67], [-1, -3, 60], [-6, -14, 43]]"
7.390068,7.718555,body,0.000000,0.000000,0.000000,0.000000,0.000000,0.000000,0.000000,0.000000,0.000000,0.000000,0.000000,0.000000,6.342240,-3.704429,-6.139332,-0.004860,0.000333,-0.002663,bmi088,0.010013955499971416,"[[-0.005326322180158476,0.001864212763055467,0.006391586616190172],[-0.0055926382891664005,0.00026631610900792384,-0.00026631610900792384],[-0.005060006071150553,-0.0005326322180158477,-0.0055926382891664005],[-0.00346210941710301,-0.00026631610900792384,-0.011185276578332801]]",781.843077152,781.844146547,21.875,197595,"[2063, 3532, -3419]","[[-7, -20, 24], [-1, -21, -1], [2, -19, -21], [1, -13, -42]]"
7.400069,7.728438,body,0.000000,0.000000,0.000000,0.000000,0.000000,0.000000,0.000000,0.000000,0.000000,0.000000,0.000000,0.000000,6.351218,-3.704429,-6.142923,-0.002197,-0.001731,-0.011119,bmi088,0.009705405999966388,"[[-0.0023968449810713144,0.0,-0.013049489341388268],[-0.001597896654047543,-0.00026631610900792384,-0.012783173232380344],[-0.0023968449810713144,-0.0023968449810713144,-0.01038632825130903],[-0.0023968449810713144,-0.004261057744126781,-0.00825579937924564]]",781.852782558,781.853884098,21.875,197848,"[2063, 3537, -3421]","[[0, -9, -49], [1, -6, -48], [9, -9, -39], [16, -9, -31]]"
7.410070,7.738711,body,0.000000,0.000000,0.000000,0.000000,0.000000,0.000000,0.000000,0.000000,0.000000,0.000000,0.000000,0.000000,6.374562,-3.677494,-6.194997,-0.005659,-0.003462,0.003728,bmi088,0.010230616000058035,"[[-0.003994741635118857,-0.004527373853134706,-0.004261057744126781],[-0.005326322180158476,-0.004261057744126781,0.0005326322180158477],[-0.006391586616190172,-0.002663161090079238,0.006125270507182248],[-0.00692421883420602,-0.0023968449810713144,0.012516857123372421]]",781.863013174,781.864066265,21.875,198111,"[2048, 3550, -3450]","[[17, -15, -16], [16, -20, 2], [10, -24, 23], [9, -26, 47]]"
7.420072,7.748711,body,0.000000,0.000000,0.000000,0.000000,0.000000,0.000000,0.000000,0.000000,0.000000,0.000000,0.000000,0.000000,6.372766,-3.702633,-6.189610,-0.011452,-0.002863,0.023236,bmi088,0.00991296149993559,"[[-0.008522115488253563,-0.001864212763055467,0.018908443739562592],[-0.01171790879634865,-0.002663161090079238,0.02476739813773692],[-0.013049489341388268,-0.003195793308095086,0.025832662573768612],[-0.012516857123372421,-0.003728425526110934,0.0234358175926973]]",781.8729261354999,781.8739812905001,21.875,198367,"[2062, 3549, -3447]","[[7, -32, 71], [10, -44, 93], [12, -49, 97], [14, -47, 88]]"
7.430072,7.759062,body,0.000000,0.000000,0.000000,0.000000,0.000000,0.000000,0.000000,0.000000,0.000000,0.000000,0.000000,0.000000,6.358401,-3.702633,-6.135740,-0.009654,-0.001997,0.010986,bmi088,0.010174854500064612,"[[-0.010652644360316953,-0.0023968449810713144,0.01944107595757844],[-0.009587379924285258,-0.001331580545039619,0.014913702104443736],[-0.009321063815277334,-0.001864212763055467,0.008522115488253563],[-0.009054747706269411,-0.0023968449810713144,0.0010652644360316954]]",781.88310099,781.884201554,21.875,198632,"[2062, 3541, -3417]","[[9, -40, 73], [5, -36, 56], [7, -35, 32], [9, -34, 4]]"
7.440068,7.769102,body,0.000000,0.000000,0.000000,0.000000,0.000000,0.000000,0.000000,0.000000,0.000000,0.000000,0.000000,0.000000,6.344036,-3.688268,-6.128558,-0.007923,-0.004727,-0.011718,bmi088,0.009945890499921006,"[[-0.009587379924285258,-0.0029294771990871623,-0.005326322180158476],[-0.009054747706269411,-0.0029294771990871623,-0.010652644360316953],[-0.007456851052221868,-0.0055926382891664005,-0.014381069886427887],[-0.0055926382891664005,-0.007456851052221868,-0.01651159875849128]]",781.8930468804999,781.894119908,21.875,198889,"[2054, 3533, -3413]","[[11, -36, -20], [11, -34, -40], [21, -28, -54], [28, -21, -62]]"
7.450065,7.779102,body,0.000000,0.000000,0.000000,0.000000,0.000000,0.000000,0.000000,0.000000,0.000000,0.000000,0.000000,0.000000,6.372766,-3.718794,-6.186019,-0.004128,-0.006991,-0.004794,bmi088,0.009937122500105033,"[[-0.003728425526110934,-0.00692421883420602,-0.015180018213451659],[-0.00346210941710301,-0.006391586616190172,-0.009587379924285258],[-0.003728425526110934,-0.006391586616190172,-0.001597896654047543],[-0.0055926382891664005,-0.00825579937924564,0.007190534943213944]]",781.902984003,781.9040265819999,21.875,199145,"[2071, 3549, -3445]","[[26, -14, -57], [24, -13, -36], [24, -14, -6], [31, -21, 27]]"
7.460069,7.789297,body,0.000000,0.000000,0.000000,0.000000,0.000000,0.000000,0.000000,0.000000,0.000000,0.000000,0.000000,0.000000,6.385336,-3.725976,-6.193201,-0.006724,-0.007856,0.017111,bmi088,0.01005245199996807,"[[-0.006657902725198096,-0.00825579937924564,0.012783173232380344],[-0.006391586616190172,-0.008788431597261486,0.016245282649483356],[-0.007190534943213944,-0.007456851052221868,0.018908443739562592],[-0.006657902725198096,-0.00692421883420602,0.020506340393610135]]",781.913036455,781.914090506,21.875,199406,"[2075, 3556, -3449]","[[31, -25, 48], [33, -24, 61], [28, -27, 71], [26, -25, 77]]"
7.470071,7.799336,body,0.000000,0.000000,0.000000,0.000000,0.000000,0.000000,0.000000,0.000000,0.000000,0.000000,0.000000,0.000000,6.387131,-3.715202,-6.146514,-0.004993,-0.004927,0.014914,bmi088,0.009945602500010864,"[[-0.00692421883420602,-0.005858954398174325,0.021038972611625982],[-0.004527373853134706,-0.0055926382891664005,0.01864212763055467],[-0.004527373853134706,-0.004793689962142629,0.013315805450396193],[-0.003994741635118857,-0.00346210941710301,0.006657902725198096]]",781.9229820575,781.924049101,21.875,199663,"[2069, 3557, -3423]","[[22, -26, 79], [21, -17, 70], [18, -17, 50], [13, -15, 25]]"
7.480070,7.809609,body,0.000000,0.000000,0.000000,0.000000,0.000000,0.000000,0.000000,0.000000,0.000000,0.000000,0.000000,0.000000,6.376358,-3.720589,-6.144719,0.001198,-0.002929,-0.010053,bmi088,0.010085140999990472,"[[-0.001864212763055467,-0.00346210941710301,-0.00026631610900792384],[0.0010652644360316954,-0.003195793308095086,-0.007190534943213944],[0.003195793308095086,-0.0029294771990871623,-0.014114753777419964],[0.0023968449810713144,-0.0021305288720633907,-0.01864212763055467]]",781.9330671985,781.934153698,21.875,199926,"[2072, 3551, -3422]","[[13, -7, -1], [12, 4, -27], [11, 12, -53], [8, 9, -70]]"
7.490069,7.819375,body,0.000000,0.000000,0.000000,0.000000,0.000000,0.000000,0.000000,0.000000,0.000000,0.000000,0.000000,0.000000,6.358401,-3.708020,-6.144719,0.004328,-0.003728,-0.016445,bmi088,0.009725806500000544,"[[0.003195793308095086,-0.0023968449810713144,-0.01864212763055467],[0.003994741635118857,-0.0023968449810713144,-0.017843179303530896],[0.005326322180158476,-0.003728425526110934,-0.016245282649483356],[0.004793689962142629,-0.006391586616190172,-0.013049489341388268]]",781.942793005,781.943867072,21.875,200176,"[2065, 3541, -3422]","[[9, 12, -70], [9, 15, -67], [14, 20, -61], [24, 18, -49]]"
7.500071,7.829844,body,0.000000,0.000000,0.000000,0.000000,0.000000,0.000000,0.000000,0.000000,0.000000,0.000000,0.000000,0.000000,6.381745,-3.711611,-6.168062,0.002996,-0.005393,0.002663,bmi088,0.010386170500055414,"[[0.003728425526110934,-0.00825579937924564,-0.006657902725198096],[0.00346210941710301,-0.007190534943213944,0.0],[0.002663161090079238,-0.004527373853134706,0.006391586616190172],[0.0021305288720633907,-0.001597896654047543,0.010918960469324878]]",781.9531791755,781.9542155940001,21.875,200444,"[2067, 3554, -3435]","[[31, 14, -25], [27, 13, 0], [17, 10, 24], [6, 8, 41]]"
7.510073,7.839766,body,0.000000,0.000000,0.000000,0.000000,0.000000,0.000000,0.000000,0.000000,0.000000,0.000000,0.000000,0.000000,6.370971,-3.713407,-6.166266,-0.000067,-0.001265,0.017843,bmi088,0.009810735999963072,"[[0.001597896654047543,-0.00026631610900792384,0.015446334322459582],[0.00026631610900792384,-0.00026631610900792384,0.01864212763055467],[-0.0005326322180158477,-0.001864212763055467,0.01997370817559429],[-0.001597896654047543,-0.002663161090079238,0.01731054708551505]]",781.9629899115,781.964029674,21.875,200698,"[2068, 3548, -3434]","[[1, 6, 58], [1, 1, 70], [7, -2, 75], [10, -6, 65]]"
7.520071,7.849648,body,0.000000,0.000000,0.000000,0.000000,0.000000,0.000000,0.000000,0.000000,0.000000,0.000000,0.000000,0.000000,6.379949,-3.702633,-6.171653,0.003329,0.000067,-0.000399,bmi088,0.009722398500002782,"[[-0.001864212763055467,-0.001597896654047543,0.011185276578332801],[0.00026631610900792384,0.0,0.0029294771990871623],[0.004527373853134706,0.001331580545039619,-0.004793689962142629],[0.01038632825130903,0.0005326322180158477,-0.010918960469324878]]",781.97271231,781.973770553,21.875,200951,"[2062, 3553, -3437]","[[6, -7, 42], [0, 1, 11], [-5, 17, -18], [-2, 39, -41]]"
7.530073,7.860313,body,0.000000,0.000000,0.000000,0.000000,0.000000,0.000000,0.000000,0.000000,0.000000,0.000000,0.000000,0.000000,6.356605,-3.709815,-6.159084,0.016139,-0.001119,-0.016032,bmi088,0.01051106800002799,"[[0.015180018213451659,0.0005326322180158477,-0.01464738599543581],[0.016777914867499202,-0.00026631610900792384,-0.016777914867499202],[0.017044230976507126,-0.0005326322180158477,-0.018109495412538822],[0.01597896654047543,-0.001864212763055467,-0.01731054708551505],[0.015712650431467506,-0.00346210941710301,-0.013315805450396193]]",781.983223378,781.984328582,21.875,201224,"[2066, 3540, -3430]","[[-2, 57, -55], [1, 63, -63], [2, 64, -68], [7, 60, -65], [13, 59, -50]]"
7.540072,7.870156,body,0.000000,0.000000,0.000000,0.000000,0.000000,0.000000,0.000000,0.000000,0.000000,0.000000,0.000000,0.000000,6.363788,-3.715202,-6.162675,0.013138,-0.005060,-0.002219,bmi088,0.009755918999871938,"[[0.014913702104443736,-0.005060006071150553,-0.00825579937924564],[0.013582121559404116,-0.005326322180158476,-0.001864212763055467],[0.010918960469324878,-0.004793689962142629,0.00346210941710301]]",781.9929792969999,781.994077557,21.875,201476,"[2069, 3544, -3432]","[[19, 56, -31], [20, 51, -7], [18, 41, 13]]"
7.550076,7.880195,body,0.000000,0.000000,0.000000,0.000000,0.000000,0.000000,0.000000,0.000000,0.000000,0.000000,0.000000,0.000000,6.410475,-3.670311,-6.164471,0.005260,-0.000266,0.013183,bmi088,0.009984035500110622,"[[0.007989483270237714,-0.002663161090079238,0.009853696033293183],[0.005858954398174325,-0.0007989483270237715,0.01384843766841204],[0.004527373853134706,0.0010652644360316954,0.015180018213451659],[0.002663161090079238,0.001331580545039619,0.01384843766841204]]",782.0029633325,782.0040073509999,21.875,201733,"[2044, 3570, -3433]","[[10, 30, 37], [3, 22, 52], [-4, 17, 57], [-5, 10, 52]]"
7.560069,7.890430,body,0.000000,0.000000,0.000000,0.000000,0.000000,0.000000,0.000000,0.000000,0.000000,0.000000,0.000000,0.000000,6.392518,-3.673902,-6.157288,0.003262,0.000799,0.004993,bmi088,0.010069764499917255,"[[0.001597896654047543,0.001331580545039619,0.010918960469324878],[0.0021305288720633907,0.001331580545039619,0.007190534943213944],[0.003728425526110934,0.0007989483270237715,0.003195793308095086],[0.0055926382891664005,-0.00026631610900792384,-0.001331580545039619]]",782.013033097,782.014138349,21.875,201995,"[2046, 3560, -3429]","[[-5, 6, 41], [-5, 8, 27], [-3, 14, 12], [1, 21, -5]]"
7.570071,7.900547,body,0.000000,0.000000,0.000000,0.000000,0.000000,0.000000,0.000000,0.000000,0.000000,0.000000,0.000000,0.000000,6.353014,-3.704429,-6.150106,0.009987,0.000133,-0.012850,bmi088,0.010016692000021976,"[[0.007456851052221868,-0.0005326322180158477,-0.0055926382891664005],[0.009587379924285258,0.00026631610900792384,-0.010652644360316953],[0.011451592687340724,0.0007989483270237715,-0.015446334322459582],[0.011451592687340724,0.0,-0.019707392066586366]]",782.023049789,782.0241084639999,21.875,202254,"[2063, 3538, -3425]","[[2, 28, -21], [-1, 36, -40], [-3, 43, -58], [0, 43, -74]]"
7.580072,7.910703,body,0.000000,0.000000,0.000000,0.000000,0.000000,0.000000,0.000000,0.000000,0.000000,0.000000,0.000000,0.000000,6.356605,-3.681085,-6.169858,0.008855,-0.000466,-0.016645,bmi088,0.009970930999998018,"[[0.01038632825130903,-0.00026631610900792384,-0.021571604829641832],[0.009054747706269411,-0.00026631610900792384,-0.01997370817559429],[0.00825579937924564,-0.0005326322180158477,-0.015446334322459582],[0.007723167161229791,-0.0007989483270237715,-0.009587379924285258]]",782.03302072,782.034150772,21.875,202514,"[2050, 3540, -3436]","[[1, 39, -81], [1, 34, -75], [2, 31, -58], [3, 29, -36]]"
7.590082,7.921094,body,0.000000,0.000000,0.000000,0.000000,0.000000,0.000000,0.000000,0.000000,0.000000,0.000000,0.000000,0.000000,6.376358,-3.686472,-6.189610,0.004847,-0.001971,0.010120,bmi088,0.010317017000033957,"[[0.006657902725198096,-0.0007989483270237715,-0.002663161090079238],[0.005858954398174325,-0.0010652644360316954,0.005060006071150553],[0.005060006071150553,-0.001331580545039619,0.011451592687340724],[0.004527373853134706,-0.002663161090079238,0.017044230976507126],[0.0021305288720633907,-0.003994741635118857,0.019707392066586366]]",782.043337737,782.0444378044999,21.875,202780,"[2053, 3551, -3447]","[[3, 25, -10], [4, 22, 19], [5, 19, 43], [10, 17, 64], [15, 8, 74]]"
7.600070,7.930781,body,0.000000,0.000000,0.000000,0.000000,0.000000,0.000000,0.000000,0.000000,0.000000,0.000000,0.000000,0.000000,6.394314,-3.695450,-6.168062,-0.002574,-0.004616,0.017399,bmi088,0.00962177199994585,"[[-0.0007989483270237715,-0.005060006071150553,0.02077265650261806],[-0.00346210941710301,-0.004793689962142629,0.017843179303530896],[-0.00346210941710301,-0.003994741635118857,0.013582121559404116]]",782.052959509,782.054034329,21.875,203028,"[2058, 3561, -3435]","[[19, -3, 78], [18, -13, 67], [15, -13, 51]]"
7.610068,7.940820,body,0.000000,0.000000,0.000000,0.000000,0.000000,0.000000,0.000000,0.000000,0.000000,0.000000,0.000000,0.000000,6.358401,-3.709815,-6.162675,-0.000999,-0.001198,0.000799,bmi088,0.009948691000090548,"[[-0.0021305288720633907,-0.002663161090079238,0.009587379924285258],[-0.00026631610900792384,-0.001597896654047543,0.004527373853134706],[-0.0005326322180158477,0.0,-0.001597896654047543],[-0.0010652644360316954,-0.0005326322180158477,-0.009321063815277334]]",782.0629082,782.0639480585,21.875,203285,"[2066, 3541, -3432]","[[10, -8, 36], [6, -1, 17], [0, -2, -6], [2, -4, -35]]"
7.620070,7.951172,body,0.000000,0.000000,0.000000,0.000000,0.000000,0.000000,0.000000,0.000000,0.000000,0.000000,0.000000,0.000000,6.370971,-3.666720,-6.155492,0.002197,-0.003329,-0.015047,bmi088,0.010099973000023965,"[[-0.00026631610900792384,-0.001597896654047543,-0.014114753777419964],[0.001597896654047543,-0.003195793308095086,-0.016777914867499202],[0.003994741635118857,-0.004261057744126781,-0.016245282649483356],[0.00346210941710301,-0.004261057744126781,-0.013049489341388268]]",782.0730081730001,782.074177042,21.875,203550,"[2042, 3548, -3428]","[[6, -1, -53], [12, 6, -63], [16, 15, -61], [16, 13, -49]]"
7.630072,7.961328,body,0.000000,0.000000,0.000000,0.000000,0.000000,0.000000,0.000000,0.000000,0.000000,0.000000,0.000000,0.000000,6.367379,-3.693655,-6.159084,-0.004194,-0.002929,0.003063,bmi088,0.010126837499910835,"[[0.0007989483270237715,-0.003728425526110934,-0.007456851052221868],[-0.0029294771990871623,-0.0029294771990871623,0.00026631610900792384],[-0.006125270507182248,-0.002663161090079238,0.006391586616190172],[-0.008522115488253563,-0.0023968449810713144,0.013049489341388268]]",782.0831350105,782.084208758,21.875,203810,"[2057, 3546, -3430]","[[14, 3, -28], [11, -11, 1], [10, -23, 24], [9, -32, 49]]"
7.640068,7.971211,body,0.000000,0.000000,0.000000,0.000000,0.000000,0.000000,0.000000,0.000000,0.000000,0.000000,0.000000,0.000000,6.367379,-3.715202,-6.169858,-0.006791,-0.005526,0.019774,bmi088,0.009741278500086992,"[[-0.009587379924285258,-0.003728425526110934,0.01731054708551505],[-0.007989483270237714,-0.005060006071150553,0.020506340393610135],[-0.005858954398174325,-0.00692421883420602,0.021305288720633905],[-0.003728425526110934,-0.006391586616190172,0.01997370817559429]]",782.0928762890001,782.0939950135,21.875,204063,"[2069, 3546, -3436]","[[14, -36, 65], [19, -30, 77], [26, -22, 80], [24, -14, 75]]"
7.650072,7.981250,body,0.000000,0.000000,0.000000,0.000000,0.000000,0.000000,0.000000,0.000000,0.000000,0.000000,0.000000,0.000000,6.353014,-3.700837,-6.168062,-0.003928,-0.004993,0.007657,bmi088,0.009910434499943221,"[[-0.0029294771990871623,-0.0055926382891664005,0.016245282649483356],[-0.003195793308095086,-0.005060006071150553,0.010918960469324878],[-0.003994741635118857,-0.005060006071150553,0.004793689962142629],[-0.0055926382891664005,-0.004261057744126781,-0.001331580545039619]]",782.1027867235,782.1039308720001,21.875,204320,"[2061, 3538, -3435]","[[21, -11, 61], [19, -12, 41], [19, -15, 18], [16, -21, -5]]"
7.660069,7.991406,body,0.000000,0.000000,0.000000,0.000000,0.000000,0.000000,0.000000,0.000000,0.000000,0.000000,0.000000,0.000000,6.345832,-3.688268,-6.124966,-0.002264,-0.003462,-0.011318,bmi088,0.010135829499972715,"[[-0.004527373853134706,-0.003195793308095086,-0.006657902725198096],[-0.0023968449810713144,-0.002663161090079238,-0.010918960469324878],[-0.0005326322180158477,-0.003728425526110934,-0.01384843766841204],[-0.001597896654047543,-0.004261057744126781,-0.01384843766841204]]",782.112922553,782.11396774,21.875,204580,"[2054, 3534, -3411]","[[12, -17, -25], [10, -9, -41], [14, -2, -52], [16, -6, -52]]"
7.670077,8.001250,body,0.000000,0.000000,0.000000,0.000000,0.000000,0.000000,0.000000,0.000000,0.000000,0.000000,0.000000,0.000000,6.392518,-3.684676,-6.157288,-0.003928,-0.002796,-0.007457,bmi088,0.009742799000036939,"[[-0.0021305288720633907,-0.00346210941710301,-0.013049489341388268],[-0.003195793308095086,-0.0021305288720633907,-0.01038632825130903],[-0.004261057744126781,-0.0021305288720633907,-0.006657902725198096],[-0.006125270507182248,-0.00346210941710301,0.00026631610900792384]]",782.122665352,782.123727963,21.875,204832,"[2052, 3560, -3429]","[[13, -8, -49], [8, -12, -39], [8, -16, -25], [13, -23, 1]]"
7.680071,8.011836,body,0.000000,0.000000,0.000000,0.000000,0.000000,0.000000,0.000000,0.000000,0.000000,0.000000,0.000000,0.000000,6.408679,-3.684676,-6.202179,-0.007923,-0.004594,0.016378,bmi088,0.010363306000044759,"[[-0.007190534943213944,-0.004527373853134706,0.009054747706269411],[-0.007989483270237714,-0.004793689962142629,0.015446334322459582],[-0.008788431597261486,-0.004527373853134706,0.020240024284602212],[-0.007723167161229791,-0.004527373853134706,0.02077265650261806]]",782.1330286580001,782.1341650625,21.875,205103,"[2052, 3569, -3454]","[[17, -27, 34], [18, -30, 58], [17, -33, 76], [17, -29, 78]]"
7.690073,8.021797,body,0.000000,0.000000,0.000000,0.000000,0.000000,0.000000,0.000000,0.000000,0.000000,0.000000,0.000000,0.000000,6.388927,-3.716998,-6.171653,-0.005127,-0.002597,0.014448,bmi088,0.009948241999950369,"[[-0.005858954398174325,-0.003994741635118857,0.01997370817559429],[-0.004261057744126781,-0.003728425526110934,0.016777914867499202],[-0.004527373853134706,-0.0021305288720633907,0.013049489341388268],[-0.005858954398174325,-0.0005326322180158477,0.007989483270237714]]",782.1429769,782.144025111,21.875,205358,"[2070, 3558, -3437]","[[15, -22, 75], [14, -16, 63], [8, -17, 49], [2, -22, 30]]"
7.700069,8.031836,body,0.000000,0.000000,0.000000,0.000000,0.000000,0.000000,0.000000,0.000000,0.000000,0.000000,0.000000,0.000000,6.342240,-3.702633,-6.130353,-0.009121,0.001132,-0.006392,bmi088,0.009940466499983813,"[[-0.008788431597261486,0.0010652644360316954,0.0010652644360316954],[-0.009587379924285258,0.001597896654047543,-0.005060006071150553],[-0.009853696033293183,0.001331580545039619,-0.009587379924285258],[-0.00825579937924564,0.0005326322180158477,-0.011984224905356573]]",782.1529173665,782.153962121,21.875,205615,"[2062, 3532, -3414]","[[-4, -33, 4], [-6, -36, -19], [-5, -37, -36], [-2, -31, -45]]"
7.710071,8.041797,body,0.000000,0.000000,0.000000,0.000000,0.000000,0.000000,0.000000,0.000000,0.000000,0.000000,0.000000,0.000000,6.370971,-3.688268,-6.153697,-0.005326,-0.000133,-0.010852,bmi088,0.00982270449992484,"[[-0.006391586616190172,0.0,-0.01384843766841204],[-0.004527373853134706,0.00026631610900792384,-0.013315805450396193],[-0.004527373853134706,0.0,-0.01038632825130903],[-0.005858954398174325,-0.0007989483270237715,-0.005858954398174325]]",782.1627400709999,782.163811882,21.875,205870,"[2054, 3548, -3427]","[[0, -24, -52], [-1, -17, -50], [0, -17, -39], [3, -22, -22]]"
7.720078,8.052695,body,0.000000,0.000000,0.000000,0.000000,0.000000,0.000000,0.000000,0.000000,0.000000,0.000000,0.000000,0.000000,6.414066,-3.724181,-6.196792,-0.003302,-0.006019,0.008362,bmi088,0.010769649000053505,"[[-0.005858954398174325,-0.0029294771990871623,-0.001331580545039619],[-0.004261057744126781,-0.004527373853134706,0.0023968449810713144],[-0.002663161090079238,-0.006657902725198096,0.00825579937924564],[-0.001331580545039619,-0.007723167161229791,0.014114753777419964],[-0.0023968449810713144,-0.00825579937924564,0.018375811521546746]]",782.17350972,782.1745997395,21.875,206149,"[2074, 3572, -3451]","[[11, -22, -5], [17, -16, 9], [25, -10, 31], [29, -5, 53], [31, -9, 69]]"
7.730073,8.062266,body,0.000000,0.000000,0.000000,0.000000,0.000000,0.000000,0.000000,0.000000,0.000000,0.000000,0.000000,0.000000,6.430227,-3.736750,-6.180632,-0.005504,-0.004794,0.021572,bmi088,0.009484362000080182,"[[-0.003728425526110934,-0.006657902725198096,0.020506340393610135],[-0.006125270507182248,-0.004527373853134706,0.021837920938649755],[-0.006657902725198096,-0.003195793308095086,0.022370553156665602]]",782.182994082,782.184035669,21.875,206394,"[2081, 3581, -3442]","[[25, -14, 77], [17, -23, 82], [12, -25, 84]]"
7.740069,8.072930,body,0.000000,0.000000,0.000000,0.000000,0.000000,0.000000,0.000000,0.000000,0.000000,0.000000,0.000000,0.000000,6.349423,-3.734955,-6.146514,-0.009481,0.000959,0.004581,bmi088,0.010515804999954526,"[[-0.00825579937924564,-0.001864212763055467,0.018375811521546746],[-0.009321063815277334,-0.0010652644360316954,0.010652644360316953],[-0.01038632825130903,0.0010652644360316954,0.002663161090079238],[-0.010652644360316953,0.002663161090079238,-0.0021305288720633907],[-0.008788431597261486,0.003994741635118857,-0.006657902725198096]]",782.193509887,782.194575074,21.875,206667,"[2080, 3536, -3423]","[[7, -31, 69], [4, -35, 40], [-4, -39, 10], [-10, -40, -8], [-15, -33, -25]]"
7.750071,8.082227,body,0.000000,0.000000,0.000000,0.000000,0.000000,0.000000,0.000000,0.000000,0.000000,0.000000,0.000000,0.000000,6.342240,-3.708020,-6.135740,-0.002131,0.002663,-0.013582,bmi088,0.0089513599999691,"[[-0.0055926382891664005,0.003728425526110934,-0.010918960469324878],[-0.0021305288720633907,0.0023968449810713144,-0.014913702104443736],[0.001331580545039619,0.001864212763055467,-0.014913702104443736]]",782.202461247,782.2037876229999,21.875,206905,"[2065, 3532, -3417]","[[-14, -21, -41], [-9, -8, -56], [-7, 5, -56]]"
7.760072,8.092500,body,0.000000,0.000000,0.000000,0.000000,0.000000,0.000000,0.000000,0.000000,0.000000,0.000000,0.000000,0.000000,6.351218,-3.704429,-6.151901,0.005459,0.001132,-0.008322,bmi088,0.010459308000008605,"[[0.004261057744126781,0.0023968449810713144,-0.013582121559404116],[0.00692421883420602,0.002663161090079238,-0.010918960469324878],[0.006657902725198096,0.001331580545039619,-0.00692421883420602],[0.003994741635118857,-0.001864212763055467,-0.001864212763055467]]",782.212920555,782.2139667179999,21.875,207168,"[2063, 3537, -3426]","[[-9, 16, -51], [-10, 26, -41], [-5, 25, -26], [7, 15, -7]]"
7.770074,8.102656,body,0.000000,0.000000,0.000000,0.000000,0.000000,0.000000,0.000000,0.000000,0.000000,0.000000,0.000000,0.000000,6.367379,-3.700837,-6.189610,-0.004261,-0.003595,0.008123,bmi088,0.010042004000069937,"[[0.0,-0.003728425526110934,0.002663161090079238],[-0.00346210941710301,-0.003994741635118857,0.006391586616190172],[-0.006657902725198096,-0.003195793308095086,0.010120012142301106],[-0.00692421883420602,-0.00346210941710301,0.013315805450396193]]",782.222962559,782.224010482,21.875,207428,"[2061, 3546, -3447]","[[14, 0, 10], [15, -13, 24], [12, -25, 38], [13, -26, 50]]"
7.780083,8.113086,body,0.000000,0.000000,0.000000,0.000000,0.000000,0.000000,0.000000,0.000000,0.000000,0.000000,0.000000,0.000000,6.369175,-3.713407,-6.194997,-0.003928,0.001132,0.018642,bmi088,0.010079092999944805,"[[-0.005326322180158476,-0.002663161090079238,0.015712650431467506],[-0.0029294771990871623,-0.0007989483270237715,0.017576863194522972],[-0.0029294771990871623,0.0029294771990871623,0.019707392066586366],[-0.004527373853134706,0.005060006071150553,0.021571604829641832]]",782.233041652,782.2342819145,21.875,207695,"[2068, 3547, -3450]","[[10, -20, 59], [3, -11, 66], [-11, -11, 74], [-19, -17, 81]]"
7.790072,8.122734,body,0.000000,0.000000,0.000000,0.000000,0.000000,0.000000,0.000000,0.000000,0.000000,0.000000,0.000000,0.000000,6.376358,-3.720589,-6.198588,0.000666,0.006658,0.007191,bmi088,0.009730270499971994,"[[-0.004527373853134706,0.006391586616190172,0.020506340393610135],[-0.0010652644360316954,0.00692421883420602,0.013315805450396193],[0.0029294771990871623,0.007456851052221868,0.003195793308095086],[0.005326322180158476,0.005858954398174325,-0.00825579937924564]]",782.2427719225,782.2438325655,21.875,207942,"[2072, 3551, -3452]","[[-24, -17, 77], [-26, -4, 50], [-28, 11, 12], [-22, 20, -31]]"
7.800069,8.132812,body,0.000000,0.000000,0.000000,0.000000,0.000000,0.000000,0.000000,0.000000,0.000000,0.000000,0.000000,0.000000,6.347627,-3.679289,-6.182427,0.005659,0.003063,-0.024435,bmi088,0.009985843000094974,"[[0.0055926382891664005,0.003728425526110934,-0.015446334322459582],[0.005858954398174325,0.002663161090079238,-0.023169501483689375],[0.0055926382891664005,0.0023968449810713144,-0.02822950755483993],[0.0055926382891664005,0.00346210941710301,-0.030892668644919165]]",782.2527577655001,782.2537987759999,21.875,208200,"[2049, 3535, -3443]","[[-14, 21, -58], [-10, 22, -87], [-9, 21, -106], [-13, 21, -116]]"
7.810069,8.142891,body,0.000000,0.000000,0.000000,0.000000,0.000000,0.000000,0.000000,0.000000,0.000000,0.000000,0.000000,0.000000,6.329671,-3.695450,-6.144719,0.006325,0.001664,-0.018309,bmi088,0.009925506499939729,"[[0.005326322180158476,0.003728425526110934,-0.02822950755483993],[0.005858954398174325,0.00346210941710301,-0.022636869265673525],[0.006657902725198096,0.0005326322180158477,-0.015180018213451659],[0.007456851052221868,-0.0010652644360316954,-0.007190534943213944]]",782.262683272,782.2637527310001,21.875,208458,"[2058, 3525, -3422]","[[-14, 20, -106], [-13, 22, -85], [-2, 25, -57], [4, 28, -27]]"
7.820072,8.153398,body,0.000000,0.000000,0.000000,0.000000,0.000000,0.000000,0.000000,0.000000,0.000000,0.000000,0.000000,0.000000,6.351218,-3.716998,-6.148310,0.003862,-0.003396,0.009787,bmi088,0.010361225499991633,"[[0.006125270507182248,-0.002663161090079238,0.001331580545039619],[0.003994741635118857,-0.003195793308095086,0.008522115488253563],[0.002663161090079238,-0.003728425526110934,0.013315805450396193],[0.002663161090079238,-0.003994741635118857,0.01597896654047543]]",782.2730444975,782.2741478129999,21.875,208727,"[2070, 3537, -3424]","[[10, 23, 5], [12, 15, 32], [14, 10, 50], [15, 10, 60]]"
7.830076,8.163594,body,0.000000,0.000000,0.000000,0.000000,0.000000,0.000000,0.000000,0.000000,0.000000,0.000000,0.000000,0.000000,6.412271,-3.711611,-6.175245,0.005526,-0.005859,0.016046,bmi088,0.010107429000072443,"[[0.004261057744126781,-0.004793689962142629,0.01651159875849128],[0.005060006071150553,-0.005858954398174325,0.016777914867499202],[0.006391586616190172,-0.006657902725198096,0.01597896654047543],[0.006391586616190172,-0.006125270507182248,0.014913702104443736]]",782.2831519265001,782.284228538,21.875,208988,"[2067, 3571, -3439]","[[18, 16, 62], [22, 19, 63], [25, 24, 60], [23, 24, 56]]"
7.840067,8.173555,body,0.000000,0.000000,0.000000,0.000000,0.000000,0.000000,0.000000,0.000000,0.000000,0.000000,0.000000,0.000000,6.369175,-3.708020,-6.171653,0.006392,-0.003928,0.004061,bmi088,0.009871136499896238,"[[0.007190534943213944,-0.005060006071150553,0.01171790879634865],[0.007723167161229791,-0.004261057744126781,0.006657902725198096],[0.006125270507182248,-0.00346210941710301,0.001597896654047543],[0.004527373853134706,-0.0029294771990871623,-0.003728425526110934]]",782.293023063,782.2941065059999,21.875,209243,"[2065, 3547, -3437]","[[19, 27, 44], [16, 29, 25], [13, 23, 6], [11, 17, -14]]"
7.850083,8.183711,body,0.000000,0.000000,0.000000,0.000000,0.000000,0.000000,0.000000,0.000000,0.000000,0.000000,0.000000,0.000000,6.345832,-3.668515,-6.150106,0.006059,-0.001332,-0.013848,bmi088,0.010082244000045648,"[[0.003195793308095086,-0.001597896654047543,-0.008522115488253563],[0.005326322180158476,-0.0010652644360316954,-0.01384843766841204],[0.00692421883420602,-0.0007989483270237715,-0.016245282649483356],[0.008788431597261486,-0.001864212763055467,-0.016777914867499202]]",782.303105307,782.3041519655001,21.875,209503,"[2043, 3534, -3425]","[[6, 12, -32], [4, 20, -52], [3, 26, -61], [7, 33, -63]]"
7.860070,8.193633,body,0.000000,0.000000,0.000000,0.000000,0.000000,0.000000,0.000000,0.000000,0.000000,0.000000,0.000000,0.000000,6.376358,-3.691859,-6.141127,0.007856,-0.005127,-0.005992,bmi088,0.009806287000060365,"[[0.008522115488253563,-0.0023968449810713144,-0.014381069886427887],[0.00825579937924564,-0.004527373853134706,-0.009587379924285258],[0.007190534943213944,-0.0055926382891664005,-0.003195793308095086],[0.007456851052221868,-0.007989483270237714,0.003195793308095086]]",782.3129115940001,782.3139605409999,21.875,209757,"[2056, 3551, -3420]","[[9, 32, -54], [17, 31, -36], [21, 27, -12], [30, 28, 12]]"
7.870075,8.203477,body,0.000000,0.000000,0.000000,0.000000,0.000000,0.000000,0.000000,0.000000,0.000000,0.000000,0.000000,0.000000,6.388927,-3.686472,-6.169858,0.006791,-0.008056,0.014847,bmi088,0.009765086000015799,"[[0.00692421883420602,-0.008522115488253563,0.009054747706269411],[0.007723167161229791,-0.009587379924285258,0.01384843766841204],[0.006657902725198096,-0.007989483270237714,0.01731054708551505],[0.005858954398174325,-0.006125270507182248,0.019174759848570515]]",782.3226766800001,782.3237046185,21.875,210009,"[2053, 3558, -3436]","[[32, 26, 34], [36, 29, 52], [30, 25, 65], [23, 22, 72]]"
7.880076,8.214063,body,0.000000,0.000000,0.000000,0.000000,0.000000,0.000000,0.000000,0.000000,0.000000,0.000000,0.000000,0.000000,6.370971,-3.693655,-6.177040,0.003329,-0.004794,0.012117,bmi088,0.010327256499977011,"[[0.004261057744126781,-0.004793689962142629,0.018375811521546746],[0.00346210941710301,-0.0055926382891664005,0.015446334322459582],[0.003195793308095086,-0.005326322180158476,0.01038632825130903],[0.0023968449810713144,-0.00346210941710301,0.004261057744126781]]",782.3330039365001,782.3341454925,21.875,210280,"[2057, 3548, -3440]","[[18, 16, 69], [21, 13, 58], [20, 12, 39], [13, 9, 16]]"
7.890072,8.224102,body,0.000000,0.000000,0.000000,0.000000,0.000000,0.000000,0.000000,0.000000,0.000000,0.000000,0.000000,0.000000,6.376358,-3.693655,-6.169858,0.000932,-0.000266,-0.006325,bmi088,0.010008850499957589,"[[0.0010652644360316954,-0.001331580545039619,-0.0005326322180158477],[0.0005326322180158477,-0.00026631610900792384,-0.005326322180158476],[0.0005326322180158477,0.00026631610900792384,-0.00825579937924564],[0.001597896654047543,0.00026631610900792384,-0.011185276578332801]]",782.343012787,782.34407375,21.875,210537,"[2057, 3551, -3436]","[[5, 4, -2], [1, 2, -20], [-1, 2, -31], [-1, 6, -42]]"
7.900070,8.234102,body,0.000000,0.000000,0.000000,0.000000,0.000000,0.000000,0.000000,0.000000,0.000000,0.000000,0.000000,0.000000,6.363788,-3.684676,-6.162675,0.001265,0.003462,-0.008589,bmi088,0.009903712999971503,"[[0.001331580545039619,0.0005326322180158477,-0.011185276578332801],[0.0010652644360316954,0.002663161090079238,-0.009587379924285258],[0.0007989483270237715,0.004793689962142629,-0.007456851052221868],[0.001864212763055467,0.005858954398174325,-0.006125270507182248]]",782.3529165,782.353975127,21.875,210793,"[2052, 3544, -3432]","[[-2, 5, -42], [-10, 4, -36], [-18, 3, -28], [-22, 7, -23]]"
7.910068,8.244219,body,0.000000,0.000000,0.000000,0.000000,0.000000,0.000000,0.000000,0.000000,0.000000,0.000000,0.000000,0.000000,6.342240,-3.700837,-6.133945,0.000732,0.001398,0.000599,bmi088,0.010007026500034044,"[[0.0021305288720633907,0.004527373853134706,-0.00346210941710301],[0.001864212763055467,0.0023968449810713144,-0.0005326322180158477],[0.0005326322180158477,0.0007989483270237715,0.0029294771990871623],[-0.001597896654047543,-0.0021305288720633907,0.00346210941710301]]",782.3629235265,782.363976441,21.875,211052,"[2061, 3532, -3416]","[[-17, 8, -13], [-9, 7, -2], [-3, 2, 11], [8, -6, 13]]"
7.920067,8.254219,body,0.000000,0.000000,0.000000,0.000000,0.000000,0.000000,0.000000,0.000000,0.000000,0.000000,0.000000,0.000000,6.356605,-3.702633,-6.182427,-0.002863,-0.006791,0.005926,bmi088,0.009874352499991801,"[[-0.00346210941710301,-0.004527373853134706,0.005326322180158476],[-0.004261057744126781,-0.007190534943213944,0.0055926382891664005],[-0.002663161090079238,-0.007989483270237714,0.00692421883420602],[-0.0010652644360316954,-0.007456851052221868,0.005858954398174325]]",782.372797879,782.373850746,21.875,211308,"[2062, 3540, -3443]","[[17, -13, 20], [27, -16, 21], [30, -10, 26], [28, -4, 22]]"
7.930071,8.264336,body,0.000000,0.000000,0.000000,0.000000,0.000000,0.000000,0.000000,0.000000,0.000000,0.000000,0.000000,0.000000,6.376358,-3.699042,-6.187814,-0.001864,-0.008589,0.001398,bmi088,0.009923808999928951,"[[-0.0007989483270237715,-0.007723167161229791,0.004793689962142629],[-0.0021305288720633907,-0.00825579937924564,0.001597896654047543],[-0.0021305288720633907,-0.009054747706269411,-0.00026631610900792384],[-0.0023968449810713144,-0.009321063815277334,-0.0005326322180158477]]",782.382721688,782.383867964,21.875,211567,"[2060, 3551, -3446]","[[29, -3, 18], [31, -8, 6], [34, -8, -1], [35, -9, -2]]"
7.940070,8.274805,body,0.000000,0.000000,0.000000,0.000000,0.000000,0.000000,0.000000,0.000000,0.000000,0.000000,0.000000,0.000000,6.372766,-3.695450,-6.180632,-0.005326,-0.007790,0.006125,bmi088,0.010403481500020462,"[[-0.003195793308095086,-0.009321063815277334,0.002663161090079238],[-0.004527373853134706,-0.008522115488253563,0.006125270507182248],[-0.00692421883420602,-0.007190534943213944,0.007723167161229791],[-0.006657902725198096,-0.006125270507182248,0.007989483270237714]]",782.3931251695,782.394212005,21.875,211835,"[2058, 3549, -3442]","[[35, -12, 10], [32, -17, 23], [27, -26, 29], [23, -25, 30]]"
7.950081,8.284805,body,0.000000,0.000000,0.000000,0.000000,0.000000,0.000000,0.000000,0.000000,0.000000,0.000000,0.000000,0.000000,6.351218,-3.686472,-6.130353,-0.005459,-0.007191,0.001864,bmi088,0.00988321650004309,"[[-0.006125270507182248,-0.006657902725198096,0.005858954398174325],[-0.004793689962142629,-0.007190534943213944,0.0029294771990871623],[-0.004527373853134706,-0.007456851052221868,-0.00026631610900792384],[-0.006391586616190172,-0.007456851052221868,-0.0010652644360316954]]",782.403008386,782.4041594145,21.875,212091,"[2053, 3537, -3414]","[[25, -23, 22], [27, -18, 11], [28, -17, -1], [28, -24, -4]]"
7.960070,8.294766,body,0.000000,0.000000,0.000000,0.000000,0.000000,0.000000,0.000000,0.000000,0.000000,0.000000,0.000000,0.000000,6.333262,-3.697246,-6.124966,-0.002730,-0.005726,-0.000266,bmi088,0.00990379299992128,"[[-0.007190534943213944,-0.006391586616190172,-0.001331580545039619],[-0.006125270507182248,-0.005326322180158476,-0.0007989483270237715],[-0.0010652644360316954,-0.004527373853134706,-0.0005326322180158477],[0.00346210941710301,-0.006657902725198096,0.001597896654047543]]",782.4129121789999,782.413961782,21.875,212346,"[2059, 3527, -3411]","[[24, -27, -5], [20, -23, -3], [17, -4, -2], [25, 13, 6]]"
7.970072,8.305078,body,0.000000,0.000000,0.000000,0.000000,0.000000,0.000000,0.000000,0.000000,0.000000,0.000000,0.000000,0.000000,6.360197,-3.688268,-6.169858,0.004461,-0.014581,0.008522,bmi088,0.01015819700000975,"[[0.005858954398174325,-0.010918960469324878,0.004793689962142629],[0.005858954398174325,-0.01464738599543581,0.007989483270237714],[0.003994741635118857,-0.016777914867499202,0.010120012142301106],[0.0021305288720633907,-0.01597896654047543,0.011185276578332801]]",782.4230703759999,782.4241447315001,21.875,212610,"[2054, 3542, -3436]","[[41, 22, 18], [55, 22, 30], [63, 15, 38], [60, 8, 42]]"
7.980069,8.315352,body,0.000000,0.000000,0.000000,0.000000,0.000000,0.000000,0.000000,0.000000,0.000000,0.000000,0.000000,0.000000,6.390723,-3.715202,-6.187814,-0.004394,-0.012783,0.015446,bmi088,0.010104932500098585,"[[-0.0010652644360316954,-0.014913702104443736,0.012783173232380344],[-0.00346210941710301,-0.013049489341388268,0.014114753777419964],[-0.005858954398174325,-0.012783173232380344,0.01651159875849128],[-0.007190534943213944,-0.01038632825130903,0.018375811521546746]]",782.4331753085,782.434333137,21.875,212873,"[2069, 3559, -3446]","[[56, -4, 48], [49, -13, 53], [48, -22, 62], [39, -27, 69]]"
7.990071,8.325234,body,0.000000,0.000000,0.000000,0.000000,0.000000,0.000000,0.000000,0.000000,0.000000,0.000000,0.000000,0.000000,6.392518,-3.724181,-6.175245,-0.004927,-0.002863,0.021172,bmi088,0.00983966349997445,"[[-0.007190534943213944,-0.008522115488253563,0.01997370817559429],[-0.005858954398174325,-0.005326322180158476,0.021305288720633905],[-0.004527373853134706,-0.001597896654047543,0.021837920938649755],[-0.0021305288720633907,0.003994741635118857,0.021571604829641832]]",782.443014972,782.444071839,21.875,213126,"[2074, 3560, -3439]","[[32, -27, 75], [20, -22, 80], [6, -17, 82], [-15, -8, 81]]"
8.000069,8.335234,body,0.000000,0.000000,0.000000,0.000000,0.000000,0.000000,0.000000,0.000000,0.000000,0.000000,0.000000,0.000000,6.327875,-3.697246,-6.103419,0.000000,0.010919,-0.002397,bmi088,0.009905248999984906,"[[-0.0010652644360316954,0.009587379924285258,0.01597896654047543],[0.00026631610900792384,0.011984224905356573,0.006391586616190172],[0.00026631610900792384,0.012250541014364496,-0.007989483270237714],[0.0005326322180158477,0.009853696033293183,-0.023968449810713145]]",782.452920221,782.45396864,21.875,213382,"[2059, 3524, -3399]","[[-36, -4, 60], [-45, 1, 24], [-46, 1, -30], [-37, 2, -90]]"
8.010074,8.345586,body,0.000000,0.000000,0.000000,0.000000,0.000000,0.000000,0.000000,0.000000,0.000000,0.000000,0.000000,0.000000,6.317101,-3.686472,-6.094440,0.000266,0.001664,-0.045673,bmi088,0.009997986500025036,"[[-0.00026631610900792384,0.007190534943213944,-0.038615835806148954],[-0.00026631610900792384,0.003195793308095086,-0.04846953183944214],[0.0,-0.00026631610900792384,-0.050067428493489684],[0.001597896654047543,-0.00346210941710301,-0.045540054640354974]]",782.4629182075,782.464215287,21.875,213647,"[2053, 3518, -3394]","[[-27, -1, -145], [-12, -1, -182], [1, 0, -188], [13, 6, -171]]"
8.020071,8.355117,body,0.000000,0.000000,0.000000,0.000000,0.000000,0.000000,0.000000,0.000000,0.000000,0.000000,0.000000,0.000000,6.396110,-3.691859,-6.203975,0.002397,-0.005992,-0.007523,bmi088,0.009635403999936898,"[[0.0029294771990871623,-0.004793689962142629,-0.033555829734998405],[0.0029294771990871623,-0.006125270507182248,-0.017843179303530896],[0.0021305288720633907,-0.006391586616190172,0.001597896654047543],[0.001597896654047543,-0.006657902725198096,0.019707392066586366]]",782.4725536115,782.4736541110001,21.875,213891,"[2056, 3562, -3455]","[[18, 11, -126], [23, 11, -67], [24, 8, 6], [25, 6, 74]]"
8.030071,8.365586,body,0.000000,0.000000,0.000000,0.000000,0.000000,0.000000,0.000000,0.000000,0.000000,0.000000,0.000000,0.000000,6.437410,-3.713407,-6.236297,-0.003728,-0.005193,0.040280,bmi088,0.01025024700004451,"[[0.00026631610900792384,-0.00692421883420602,0.03382214584400633],[-0.0023968449810713144,-0.006657902725198096,0.042077945223251964],[-0.005060006071150553,-0.005060006071150553,0.043942157986307434],[-0.007723167161229791,-0.0021305288720633907,0.041278996896228194]]",782.4828038585,782.4839722315,21.875,214159,"[2068, 3585, -3473]","[[26, 1, 127], [25, -9, 158], [19, -19, 165], [8, -29, 155]]"
8.040071,8.375859,body,0.000000,0.000000,0.000000,0.000000,0.000000,0.000000,0.000000,0.000000,0.000000,0.000000,0.000000,0.000000,6.365584,-3.731363,-6.160879,-0.012650,0.004594,0.020706,bmi088,0.010234406499989745,"[[-0.009054747706269411,0.0010652644360316954,0.03488741028003802],[-0.011451592687340724,0.00346210941710301,0.02636529479178446],[-0.014381069886427887,0.006125270507182248,0.01651159875849128],[-0.015712650431467506,0.007723167161229791,0.005060006071150553]]",782.493038265,782.4941498210001,21.875,214422,"[2078, 3545, -3431]","[[-4, -34, 131], [-13, -43, 99], [-23, -54, 62], [-29, -59, 19]]"
8.050070,8.385625,body,0.000000,0.000000,0.000000,0.000000,0.000000,0.000000,0.000000,0.000000,0.000000,0.000000,0.000000,0.000000,6.331466,-3.708020,-6.107010,-0.007390,0.003529,-0.014581,bmi088,0.009742797999933828,"[[-0.014381069886427887,0.007456851052221868,-0.004527373853134706],[-0.010652644360316953,0.004793689962142629,-0.012516857123372421],[-0.004793689962142629,0.0021305288720633907,-0.018109495412538822],[0.00026631610900792384,-0.00026631610900792384,-0.023169501483689375]]",782.5027810629999,782.503829322,21.875,214672,"[2065, 3526, -3401]","[[-28, -54, -17], [-18, -40, -47], [-8, -18, -68], [1, 1, -87]]"
8.060078,8.395898,body,0.000000,0.000000,0.000000,0.000000,0.000000,0.000000,0.000000,0.000000,0.000000,0.000000,0.000000,0.000000,6.338649,-3.688268,-6.155492,0.000999,-0.004727,-0.022304,bmi088,0.010138581000092017,"[[0.0029294771990871623,-0.001331580545039619,-0.025832662573768612],[0.0021305288720633907,-0.0029294771990871623,-0.02556634646476069],[0.0,-0.0055926382891664005,-0.02290318537468145],[-0.0010652644360316954,-0.009054747706269411,-0.014913702104443736]]",782.512919644,782.513965007,21.875,214935,"[2054, 3530, -3428]","[[5, 11, -97], [11, 8, -96], [21, 0, -86], [34, -4, -56]]"
8.070072,8.406055,body,0.000000,0.000000,0.000000,0.000000,0.000000,0.000000,0.000000,0.000000,0.000000,0.000000,0.000000,0.000000,6.370971,-3.711611,-6.202179,-0.004328,-0.009055,0.018309,bmi088,0.010018979000051331,"[[-0.002663161090079238,-0.011185276578332801,-0.003195793308095086],[-0.00346210941710301,-0.010918960469324878,0.012250541014364496],[-0.005060006071150553,-0.008788431597261486,0.026098978682776535],[-0.006125270507182248,-0.005326322180158476,0.03808320358813311]]",782.5229386230001,782.523998418,21.875,215195,"[2067, 3548, -3454]","[[42, -10, -12], [41, -13, 46], [33, -19, 98], [20, -23, 143]]"
8.080078,8.417148,body,0.000000,0.000000,0.000000,0.000000,0.000000,0.000000,0.000000,0.000000,0.000000,0.000000,0.000000,0.000000,6.370971,-3.722385,-6.180632,-0.002663,0.002557,0.031266,bmi088,0.011234487999900011,"[[-0.007190534943213944,-0.001331580545039619,0.04340952576829159],[-0.005858954398174325,0.001597896654047543,0.04287689355027574],[-0.00346210941710301,0.003728425526110934,0.03595267471606972],[0.0,0.003994741635118857,0.02476739813773692],[0.003195793308095086,0.004793689962142629,0.009321063815277334]]",782.534173111,782.5350131905,21.875,215479,"[2073, 3548, -3442]","[[5, -27, 163], [-6, -22, 161], [-14, -13, 135], [-15, 0, 93], [-18, 12, 35]]"
8.090071,8.426172,body,0.000000,0.000000,0.000000,0.000000,0.000000,0.000000,0.000000,0.000000,0.000000,0.000000,0.000000,0.000000,6.358401,-3.699042,-6.144719,0.007191,0.004527,-0.019707,bmi088,0.008728332000032424,"[[0.005858954398174325,0.004261057744126781,-0.005858954398174325],[0.007723167161229791,0.004527373853134706,-0.020506340393610135],[0.007989483270237714,0.004793689962142629,-0.032756881407974635]]",782.542901443,782.543928326,21.875,215710,"[2060, 3541, -3422]","[[-16, 22, -22], [-17, 29, -77], [-18, 30, -123]]"
8.100078,8.436328,body,0.000000,0.000000,0.000000,0.000000,0.000000,0.000000,0.000000,0.000000,0.000000,0.000000,0.000000,0.000000,6.349423,-3.672107,-6.151901,0.009587,0.004727,-0.046539,bmi088,0.010030355000026248,"[[0.008522115488253563,0.005326322180158476,-0.04367584187729951],[0.009321063815277334,0.005060006071150553,-0.050067428493489684],[0.01038632825130903,0.004527373853134706,-0.04980111238448176],[0.010120012142301106,0.003994741635118857,-0.04261057744126781]]",782.552931798,782.5539770810001,21.875,215970,"[2045, 3536, -3426]","[[-20, 32, -164], [-19, 35, -188], [-17, 39, -187], [-15, 38, -160]]"
8.110076,8.447422,body,0.000000,0.000000,0.000000,0.000000,0.000000,0.000000,0.000000,0.000000,0.000000,0.000000,0.000000,0.000000,6.347627,-3.684676,-6.166266,0.002983,0.002184,0.002077,bmi088,0.010891538999999284,"[[0.008788431597261486,0.004527373853134706,-0.029561088099879545],[0.006391586616190172,0.00346210941710301,-0.01384843766841204],[0.00346210941710301,0.001864212763055467,0.003195793308095086],[0.0,0.0007989483270237715,0.018375811521546746],[-0.003728425526110934,0.00026631610900792384,0.03222424918995878]]",782.563823337,782.5649368125,21.875,216254,"[2052, 3535, -3434]","[[-17, 33, -111], [-13, 24, -52], [-7, 13, 12], [-3, 0, 69], [-1, -14, 121]]"
8.120069,8.456523,body,0.000000,0.000000,0.000000,0.000000,0.000000,0.000000,0.000000,0.000000,0.000000,0.000000,0.000000,0.000000,6.388927,-3.682881,-6.164471,-0.005681,0.002131,0.042167,bmi088,0.009068913499959308,"[[-0.005326322180158476,0.001331580545039619,0.04074636467821235],[-0.005858954398174325,0.0021305288720633907,0.04447479020432328],[-0.005858954398174325,0.0029294771990871623,0.041278996896228194]]",782.5728922505,782.5739368455,21.875,216487,"[2051, 3558, -3433]","[[-5, -20, 153], [-8, -22, 167], [-11, -22, 155]]"
8.130076,8.466641,body,0.000000,0.000000,0.000000,0.000000,0.000000,0.000000,0.000000,0.000000,0.000000,0.000000,0.000000,0.000000,6.367379,-3.720589,-6.178836,-0.001598,0.003063,0.010519,bmi088,0.009949217499979568,"[[-0.004527373853134706,0.0023968449810713144,0.03222424918995878],[-0.002663161090079238,0.002663161090079238,0.01864212763055467],[-0.00026631610900792384,0.002663161090079238,0.003195793308095086],[0.0010652644360316954,0.004527373853134706,-0.011984224905356573]]",782.582841468,782.583935536,21.875,216746,"[2072, 3546, -3441]","[[-9, -17, 121], [-10, -10, 70], [-10, -1, 12], [-17, 4, -45]]"
8.140077,8.476914,body,0.000000,0.000000,0.000000,0.000000,0.000000,0.000000,0.000000,0.000000,0.000000,0.000000,0.000000,0.000000,6.318897,-3.700837,-6.141127,0.005792,0.005792,-0.034022,bmi088,0.010165301500023816,"[[0.002663161090079238,0.005060006071150553,-0.02476739813773692],[0.005060006071150553,0.005858954398174325,-0.033555829734998405],[0.00692421883420602,0.006391586616190172,-0.03834951969714103],[0.008522115488253563,0.005858954398174325,-0.03941478413317273]]",782.5930067695,782.594092101,21.875,217009,"[2061, 3519, -3420]","[[-19, 10, -93], [-22, 19, -126], [-24, 26, -144], [-22, 32, -148]]"
8.150072,8.487031,body,0.000000,0.000000,0.000000,0.000000,0.000000,0.000000,0.000000,0.000000,0.000000,0.000000,0.000000,0.000000,6.351218,-3.704429,-6.180632,0.009787,-0.002929,-0.020773,bmi088,0.0100111230000266,"[[0.009321063815277334,0.003195793308095086,-0.037017939152101415],[0.009054747706269411,-0.001864212763055467,-0.029561088099879545],[0.009853696033293183,-0.0055926382891664005,-0.01651159875849128],[0.010918960469324878,-0.007456851052221868,0.0]]",782.6030178925,782.6040861515,21.875,217268,"[2063, 3537, -3442]","[[-12, 35, -139], [7, 34, -111], [21, 37, -62], [28, 41, 0]]"
8.160069,8.496836,body,0.000000,0.000000,0.000000,0.000000,0.000000,0.000000,0.000000,0.000000,0.000000,0.000000,0.000000,0.000000,6.415862,-3.700837,-6.230910,0.011119,-0.005193,0.025034,bmi088,0.009707660999993095,"[[0.013315805450396193,-0.007456851052221868,0.014913702104443736],[0.013315805450396193,-0.005858954398174325,0.02476739813773692],[0.011451592687340724,-0.003994741635118857,0.02929477199087162],[0.006391586616190172,-0.00346210941710301,0.031158984753927088]]",782.6127255535,782.613776724,21.875,217519,"[2061, 3573, -3470]","[[28, 50, 56], [22, 50, 93], [15, 43, 110], [13, 24, 117]]"
8.170070,8.507305,body,0.000000,0.000000,0.000000,0.000000,0.000000,0.000000,0.000000,0.000000,0.000000,0.000000,0.000000,0.000000,6.385336,-3.693655,-6.166266,-0.000599,-0.004394,0.021039,bmi088,0.010295688000041991,"[[0.001331580545039619,-0.004261057744126781,0.02982740420888747],[-0.001864212763055467,-0.005858954398174325,0.02689792700980031],[-0.001331580545039619,-0.005060006071150553,0.019707392066586366],[-0.0005326322180158477,-0.0023968449810713144,0.007723167161229791]]",782.6230212415,782.6241219175,21.875,217787,"[2057, 3556, -3434]","[[16, 5, 112], [22, -7, 101], [19, -5, 74], [9, -2, 29]]"
8.180071,8.517266,body,0.000000,0.000000,0.000000,0.000000,0.000000,0.000000,0.000000,0.000000,0.000000,0.000000,0.000000,0.000000,6.322488,-3.715202,-6.105214,0.006458,0.003329,-0.019707,bmi088,0.009868927999946209,"[[0.001864212763055467,0.001597896654047543,-0.007989483270237714],[0.004261057744126781,0.004527373853134706,-0.01997370817559429],[0.00825579937924564,0.005060006071150553,-0.025832662573768612],[0.011451592687340724,0.0021305288720633907,-0.025033714246744842]]",782.6328901695,782.6339848929999,21.875,218042,"[2069, 3521, -3400]","[[-6, 7, -30], [-17, 16, -75], [-19, 31, -97], [-8, 43, -94]]"
8.190068,8.527383,body,0.000000,0.000000,0.000000,0.000000,0.000000,0.000000,0.000000,0.000000,0.000000,0.000000,0.000000,0.000000,6.342240,-3.659537,-6.162675,0.019175,-0.006059,-0.016844,bmi088,0.010071155999980874,"[[0.015180018213451659,-0.001597896654047543,-0.021837920938649755],[0.018908443739562592,-0.0055926382891664005,-0.017843179303530896],[0.021571604829641832,-0.007456851052221868,-0.014913702104443736],[0.021038972611625982,-0.009587379924285258,-0.012783173232380344]]",782.6429613255,782.644013072,21.875,218301,"[2038, 3532, -3432]","[[6, 57, -82], [21, 71, -67], [28, 81, -56], [36, 79, -48]]"
8.200071,8.537500,body,0.000000,0.000000,0.000000,0.000000,0.000000,0.000000,0.000000,0.000000,0.000000,0.000000,0.000000,0.000000,6.387131,-3.650559,-6.230910,0.011518,-0.011452,-0.000133,bmi088,0.009984561999999642,"[[0.017843179303530896,-0.010652644360316953,-0.009054747706269411],[0.013315805450396193,-0.011984224905356573,-0.0029294771990871623],[0.009321063815277334,-0.01171790879634865,0.002663161090079238],[0.0055926382891664005,-0.011451592687340724,0.008788431597261486]]",782.6529458875,782.6540026905,21.875,218560,"[2033, 3557, -3470]","[[40, 67, -34], [45, 50, -11], [44, 35, 10], [43, 21, 33]]"
8.210076,8.547695,body,0.000000,0.000000,0.000000,0.000000,0.000000,0.000000,0.000000,0.000000,0.000000,0.000000,0.000000,0.000000,6.399701,-3.706224,-6.196792,-0.004927,-0.009987,0.027564,bmi088,0.010073987999930978,"[[0.0021305288720633907,-0.011451592687340724,0.015446334322459582],[-0.002663161090079238,-0.011451592687340724,0.023968449810713145],[-0.007723167161229791,-0.010120012142301106,0.03249056529896671],[-0.011451592687340724,-0.00692421883420602,0.03834951969714103]]",782.6630198754999,782.6640778139999,21.875,218821,"[2064, 3564, -3451]","[[43, 8, 58], [43, -10, 90], [38, -29, 122], [26, -43, 144]]"
8.220068,8.557461,body,0.000000,0.000000,0.000000,0.000000,0.000000,0.000000,0.000000,0.000000,0.000000,0.000000,0.000000,0.000000,6.378153,-3.727772,-6.182427,-0.006858,0.001864,0.036552,bmi088,0.009636204000116777,"[[-0.012250541014364496,-0.0029294771990871623,0.042077945223251964],[-0.009853696033293183,0.0005326322180158477,0.04181162911424404],[-0.005858954398174325,0.003994741635118857,0.03648530693408557],[0.0005326322180158477,0.005858954398174325,0.025832662573768612]]",782.6726560795,782.6737284185,21.875,219071,"[2076, 3552, -3443]","[[11, -46, 158], [-2, -37, 157], [-15, -22, 137], [-22, 2, 97]]"
8.230081,8.568047,body,0.000000,0.000000,0.000000,0.000000,0.000000,0.000000,0.000000,0.000000,0.000000,0.000000,0.000000,0.000000,6.329671,-3.664924,-6.128558,0.012384,0.009121,-0.019175,bmi088,0.01044138650001969,"[[0.006125270507182248,0.007723167161229791,0.010652644360316953],[0.012250541014364496,0.009054747706269411,-0.008522115488253563],[0.015180018213451659,0.009587379924285258,-0.02982740420888747],[0.01597896654047543,0.010120012142301106,-0.049002164057457984]]",782.683097466,782.6841816775,21.875,219342,"[2041, 3525, -3413]","[[-29, 23, 40], [-34, 46, -32], [-36, 57, -112], [-38, 60, -184]]"
8.240070,8.578125,body,0.000000,0.000000,0.000000,0.000000,0.000000,0.000000,0.000000,0.000000,0.000000,0.000000,0.000000,0.000000,6.309918,-3.682881,-6.094440,0.007257,0.001398,-0.063250,bmi088,0.009926865000011276,"[[0.012516857123372421,0.007989483270237714,-0.06391586616190172],[0.007989483270237714,0.004793689962142629,-0.07057376888709982],[0.004793689962142629,-0.00026631610900792384,-0.06684534336098888],[0.003728425526110934,-0.00692421883420602,-0.051665325147537224]]",782.6930243310001,782.6941740315,21.875,219600,"[2051, 3514, -3394]","[[-30, 47, -240], [-18, 30, -265], [1, 18, -251], [26, 14, -194]]"
8.250069,8.587969,body,0.000000,0.000000,0.000000,0.000000,0.000000,0.000000,0.000000,0.000000,0.000000,0.000000,0.000000,0.000000,6.376358,-3.682881,-6.175245,0.003529,-0.013049,0.007989,bmi088,0.00969514899998103,"[[0.003994741635118857,-0.011984224905356573,-0.030360036426903318],[0.004261057744126781,-0.01464738599543581,-0.003994741635118857],[0.00346210941710301,-0.01384843766841204,0.021305288720633905],[0.0023968449810713144,-0.01171790879634865,0.04500742242233913]]",782.70271948,782.7039139655001,21.875,219852,"[2051, 3551, -3439]","[[45, 15, -114], [55, 16, -15], [52, 13, 80], [44, 9, 169]]"
8.260070,8.597930,body,0.000000,0.000000,0.000000,0.000000,0.000000,0.000000,0.000000,0.000000,0.000000,0.000000,0.000000,0.000000,6.388927,-3.709815,-6.203975,-0.011851,-0.013449,0.050600,bmi088,0.009978241999988313,"[[-0.001331580545039619,-0.01038632825130903,0.05858954398174324],[-0.00692421883420602,-0.01038632825130903,0.05965480841777494],[-0.015446334322459582,-0.014114753777419964,0.04926848016646591],[-0.023702133701705222,-0.018908443739562592,0.03488741028003802]]",782.712697722,782.713765277,21.875,220107,"[2066, 3558, -3455]","[[39, -5, 220], [39, -26, 224], [53, -58, 185], [71, -89, 131]]"
8.270070,8.607891,body,0.000000,0.000000,0.000000,0.000000,0.000000,0.000000,0.000000,0.000000,0.000000,0.000000,0.000000,0.000000,6.397905,-3.731363,-6.164471,-0.027297,-0.013582,0.017643,bmi088,0.009835007999981826,"[[-0.02849582366384785,-0.02077265650261806,0.021305288720633905],[-0.030093720317895395,-0.018375811521546746,0.014381069886427887],[-0.02769687533682408,-0.011984224905356573,0.01464738599543581],[-0.02290318537468145,-0.003195793308095086,0.020240024284602212]]",782.72253273,782.7235988130001,21.875,220362,"[2078, 3563, -3433]","[[78, -107, 80], [69, -113, 54], [45, -104, 55], [12, -86, 76]]"
8.280084,8.618672,body,0.000000,0.000000,0.000000,0.000000,0.000000,0.000000,0.000000,0.000000,0.000000,0.000000,0.000000,0.000000,6.315305,-3.679289,-6.112397,-0.007057,0.005260,0.007257,bmi088,0.010630829999968228,"[[-0.01464738599543581,0.004261057744126781,0.0234358175926973],[-0.006391586616190172,0.008522115488253563,0.018109495412538822],[-0.0029294771990871623,0.006391586616190172,0.003994741635118857],[-0.004261057744126781,0.001864212763055467,-0.01651159875849128]]",782.73316356,782.7342752435,21.875,220638,"[2049, 3517, -3404]","[[-16, -55, 88], [-32, -24, 68], [-24, -11, 15], [-7, -16, -62]]"
8.290069,8.628594,body,0.000000,0.000000,0.000000,0.000000,0.000000,0.000000,0.000000,0.000000,0.000000,0.000000,0.000000,0.000000,6.313510,-3.691859,-6.090849,-0.014914,-0.013982,-0.052198,bmi088,0.009866303999956472,"[[-0.008788431597261486,-0.005858954398174325,-0.03808320358813311],[-0.012516857123372421,-0.01171790879634865,-0.056192699000671927],[-0.017044230976507126,-0.017576863194522972,-0.061519021180830406],[-0.021305288720633905,-0.02077265650261806,-0.05299690569257685]]",782.7430298639999,782.7440859465,21.875,220892,"[2056, 3516, -3392]","[[22, -33, -143], [44, -47, -211], [66, -64, -231], [78, -80, -199]]"
8.300071,8.638477,body,0.000000,0.000000,0.000000,0.000000,0.000000,0.000000,0.000000,0.000000,0.000000,0.000000,0.000000,0.000000,6.394314,-3.711611,-6.202179,-0.022437,-0.019574,0.021172,bmi088,0.009748030000082508,"[[-0.02476739813773692,-0.022370553156665602,-0.028762139772855775],[-0.02423476591972107,-0.021038972611625982,0.003195793308095086],[-0.02210423704765768,-0.01864212763055467,0.039681100242180654],[-0.01864212763055467,-0.016245282649483356,0.07057376888709982]]",782.752777894,782.7538419770001,21.875,221145,"[2067, 3561, -3454]","[[84, -93, -108], [79, -91, 12], [70, -83, 149], [61, -70, 265]]"
8.310080,8.649375,body,0.000000,0.000000,0.000000,0.000000,0.000000,0.000000,0.000000,0.000000,0.000000,0.000000,0.000000,0.000000,6.442797,-3.709815,-6.247071,-0.014860,-0.009321,0.069562,bmi088,0.010725535000005948,"[[-0.016245282649483356,-0.014114753777419964,0.09081379317170203],[-0.015180018213451659,-0.010918960469324878,0.09480853480682089],[-0.014381069886427887,-0.008522115488253563,0.08175904546543261],[-0.014913702104443736,-0.006657902725198096,0.056192699000671927],[-0.013582121559404116,-0.006391586616190172,0.02423476591972107]]",782.763503429,782.764626089,21.875,221424,"[2066, 3588, -3479]","[[53, -61, 341], [41, -57, 356], [32, -54, 307], [25, -56, 211], [24, -51, 91]]"
8.320073,8.658828,body,0.000000,0.000000,0.000000,0.000000,0.000000,0.000000,0.000000,0.000000,0.000000,0.000000,0.000000,0.000000,6.381745,-3.738546,-6.196792,-0.011718,-0.000621,-0.025122,bmi088,0.009451272999967841,"[[-0.01384843766841204,-0.004261057744126781,-0.005060006071150553],[-0.011984224905356573,-0.0007989483270237715,-0.027963191445832],[-0.009321063815277334,0.003195793308095086,-0.04234426133225989]]",782.772954702,782.773982176,21.875,221666,"[2082, 3554, -3451]","[[16, -52, -19], [3, -45, -105], [-12, -35, -159]]"
8.330071,8.669141,body,0.000000,0.000000,0.000000,0.000000,0.000000,0.000000,0.000000,0.000000,0.000000,0.000000,0.000000,0.000000,6.320692,-3.693655,-6.123171,0.005859,0.007989,-0.045473,bmi088,0.010140917000057925,"[[-0.00346210941710301,0.006657902725198096,-0.049002164057457984],[0.004261057744126781,0.007989483270237714,-0.04873584794845006],[0.009853696033293183,0.009321063815277334,-0.044741106313331204],[0.012783173232380344,0.007989483270237714,-0.03941478413317273]]",782.783095619,782.7841933665,21.875,221930,"[2057, 3520, -3410]","[[-25, -13, -184], [-30, 16, -183], [-35, 37, -168], [-30, 48, -148]]"
8.340076,8.679023,body,0.000000,0.000000,0.000000,0.000000,0.000000,0.000000,0.000000,0.000000,0.000000,0.000000,0.000000,0.000000,6.354810,-3.704429,-6.137536,0.003928,-0.000000,-0.023902,bmi088,0.009800334999908955,"[[0.010120012142301106,0.006391586616190172,-0.035153726389045944],[0.006657902725198096,0.001597896654047543,-0.029561088099879545],[0.001331580545039619,-0.0021305288720633907,-0.021571604829641832],[-0.0023968449810713144,-0.005858954398174325,-0.009321063815277334]]",782.792895954,782.7939679250001,21.875,222183,"[2063, 3539, -3418]","[[-24, 38, -132], [-6, 25, -111], [8, 5, -81], [22, -9, -35]]"
8.350073,8.689258,body,0.000000,0.000000,0.000000,0.000000,0.000000,0.000000,0.000000,0.000000,0.000000,0.000000,0.000000,0.000000,6.412271,-3.727772,-6.207566,-0.006658,-0.006591,0.033156,bmi088,0.01012378050006646,"[[-0.0055926382891664005,-0.007723167161229791,0.007190534943213944],[-0.007190534943213944,-0.007989483270237714,0.026631610900792385],[-0.007456851052221868,-0.006391586616190172,0.04367584187729951],[-0.006391586616190172,-0.004261057744126781,0.05512743456464023]]",782.8030197345,782.804074457,21.875,222445,"[2076, 3571, -3457]","[[29, -21, 27], [30, -27, 100], [24, -28, 164], [16, -24, 207]]"
8.360068,8.699336,body,0.000000,0.000000,0.000000,0.000000,0.000000,0.000000,0.000000,0.000000,0.000000,0.000000,0.000000,0.000000,6.426636,-3.729568,-6.175245,-0.004993,0.000599,0.047071,bmi088,0.009955809499956558,"[[-0.004793689962142629,-0.001864212763055467,0.06018744063579079],[-0.004793689962142629,-0.00026631610900792384,0.05672533121868778],[-0.0055926382891664005,0.001597896654047543,0.044741106313331204],[-0.004793689962142629,0.0029294771990871623,0.026631610900792385]]",782.812975544,782.8140534675,21.875,222703,"[2077, 3579, -3439]","[[7, -18, 226], [1, -18, 213], [-6, -21, 168], [-11, -18, 100]]"
8.370071,8.709648,body,0.000000,0.000000,0.000000,0.000000,0.000000,0.000000,0.000000,0.000000,0.000000,0.000000,0.000000,0.000000,6.367379,-3.725976,-6.151901,0.001531,0.005393,-0.021039,bmi088,0.010194181999963803,"[[-0.003195793308095086,0.003728425526110934,0.005858954398174325],[-0.00026631610900792384,0.004793689962142629,-0.014381069886427887],[0.0023968449810713144,0.005858954398174325,-0.03195793308095086],[0.007190534943213944,0.007190534943213944,-0.04367584187729951]]",782.823169726,782.824265202,21.875,222967,"[2075, 3546, -3426]","[[-14, -12, 22], [-18, -1, -54], [-22, 9, -120], [-27, 27, -164]]"
8.380072,8.719922,body,0.000000,0.000000,0.000000,0.000000,0.000000,0.000000,0.000000,0.000000,0.000000,0.000000,0.000000,0.000000,6.347627,-3.693655,-6.157288,0.013476,0.006605,-0.038243,bmi088,0.010133189000043785,"[[0.011984224905356573,0.00825579937924564,-0.04846953183944214],[0.01597896654047543,0.007723167161229791,-0.047404267403410444],[0.01651159875849128,0.007190534943213944,-0.042077945223251964],[0.013582121559404116,0.0055926382891664005,-0.032756881407974635],[0.009321063815277334,0.004261057744126781,-0.020506340393610135]]",782.833302915,782.8343888705,21.875,223230,"[2057, 3535, -3429]","[[-31, 45, -182], [-29, 60, -178], [-27, 62, -158], [-21, 51, -123], [-16, 35, -77]]"
8.390071,8.729766,body,0.000000,0.000000,0.000000,0.000000,0.000000,0.000000,0.000000,0.000000,0.000000,0.000000,0.000000,0.000000,6.351218,-3.697246,-6.153697,0.007723,-0.000266,0.008966,bmi088,0.009788271000047644,"[[0.007456851052221868,0.001864212763055467,-0.006125270507182248],[0.007723167161229791,-0.0005326322180158477,0.009587379924285258],[0.007989483270237714,-0.0021305288720633907,0.0234358175926973]]",782.843091186,782.8441304524999,21.875,223482,"[2059, 3537, -3427]","[[-7, 28, -23], [2, 29, 36], [8, 30, 88]]"
8.400069,8.739570,body,0.000000,0.000000,0.000000,0.000000,0.000000,0.000000,0.000000,0.000000,0.000000,0.000000,0.000000,0.000000,6.376358,-3.699042,-6.202179,0.005792,0.000000,0.032158,bmi088,0.009687932999895565,"[[0.006391586616190172,-0.0023968449810713144,0.03302319751698256],[0.005326322180158476,-0.001331580545039619,0.03595267471606972],[0.005326322180158476,0.0010652644360316954,0.03302319751698256],[0.006125270507182248,0.002663161090079238,0.026631610900792385]]",782.8527791189999,782.853835762,21.875,223733,"[2060, 3551, -3454]","[[9, 24, 124], [5, 20, 135], [-4, 20, 124], [-10, 23, 100]]"
8.410077,8.749688,body,0.000000,0.000000,0.000000,0.000000,0.000000,0.000000,0.000000,0.000000,0.000000,0.000000,0.000000,0.000000,6.399701,-3.686472,-6.180632,0.013649,0.005060,-0.001531,bmi088,0.009977346000141551,"[[0.008788431597261486,0.004261057744126781,0.016245282649483356],[0.01171790879634865,0.004793689962142629,0.004793689962142629],[0.01597896654047543,0.005326322180158476,-0.007723167161229791],[0.018109495412538822,0.005858954398174325,-0.01944107595757844]]",782.8627564650001,782.86382442,21.875,223992,"[2053, 3564, -3442]","[[-16, 33, 61], [-18, 44, 18], [-20, 60, -29], [-22, 68, -73]]"
8.420070,8.759922,body,0.000000,0.000000,0.000000,0.000000,0.000000,0.000000,0.000000,0.000000,0.000000,0.000000,0.000000,0.000000,6.336853,-3.702633,-6.159084,0.019707,0.010053,-0.036286,bmi088,0.010033826999915618,"[[0.019707392066586366,0.007989483270237714,-0.030360036426903318],[0.019174759848570515,0.009853696033293183,-0.03755057137011726],[0.01944107595757844,0.010918960469324878,-0.0402137324601965],[0.020506340393610135,0.011451592687340724,-0.037017939152101415]]",782.872790292,782.8739386965,21.875,224254,"[2062, 3529, -3430]","[[-30, 74, -114], [-37, 72, -141], [-41, 73, -151], [-43, 77, -139]]"
8.430083,8.770313,body,0.000000,0.000000,0.000000,0.000000,0.000000,0.000000,0.000000,0.000000,0.000000,0.000000,0.000000,0.000000,6.324284,-3.681085,-6.169858,0.022637,0.007856,-0.017177,bmi088,0.010333240500017382,"[[0.021305288720633905,0.011451592687340724,-0.03062635253591124],[0.023169501483689375,0.009321063815277334,-0.02210423704765768],[0.023169501483689375,0.006391586616190172,-0.013049489341388268],[0.02290318537468145,0.004261057744126781,-0.0029294771990871623]]",782.8831235325,782.884216992,21.875,224520,"[2050, 3522, -3436]","[[-43, 80, -115], [-35, 87, -83], [-24, 87, -49], [-16, 86, -11]]"
8.440076,8.780352,body,0.000000,0.000000,0.000000,0.000000,0.000000,0.000000,0.000000,0.000000,0.000000,0.000000,0.000000,0.000000,6.340445,-3.673902,-6.150106,0.016671,0.001491,0.014381,bmi088,0.010219030500024928,"[[0.019707392066586366,0.004261057744126781,0.006391586616190172],[0.01731054708551505,0.004527373853134706,0.011984224905356573],[0.01597896654047543,0.0021305288720633907,0.016777914867499202],[0.015712650431467506,-0.0005326322180158477,0.018109495412538822],[0.01464738599543581,-0.0029294771990871623,0.01864212763055467]]",782.893342563,782.894149217,21.875,224777,"[2046, 3531, -3425]","[[-16, 74, 24], [-17, 65, 45], [-8, 60, 63], [2, 59, 68], [11, 55, 70]]"
8.450070,8.790313,body,0.000000,0.000000,0.000000,0.000000,0.000000,0.000000,0.000000,0.000000,0.000000,0.000000,0.000000,0.000000,6.387131,-3.686472,-6.155492,0.013049,-0.001953,0.008345,bmi088,0.009663420499919084,"[[0.013315805450396193,-0.0029294771990871623,0.01384843766841204],[0.012516857123372421,-0.001864212763055467,0.008522115488253563],[0.013315805450396193,-0.0010652644360316954,0.002663161090079238]]",782.9030059835,782.9040251215,21.875,225032,"[2053, 3557, -3428]","[[11, 50, 52], [7, 47, 32], [4, 50, 10]]"
8.460069,8.800469,body,0.000000,0.000000,0.000000,0.000000,0.000000,0.000000,0.000000,0.000000,0.000000,0.000000,0.000000,0.000000,6.365584,-3.681085,-6.187814,0.011784,-0.000799,-0.009188,bmi088,0.009962833500026136,"[[0.013315805450396193,-0.0007989483270237715,-0.0021305288720633907],[0.01171790879634865,-0.001331580545039619,-0.007723167161229791],[0.011185276578332801,-0.0010652644360316954,-0.011984224905356573],[0.010918960469324878,0.0,-0.014913702104443736]]",782.912968817,782.9140265159999,21.875,225292,"[2050, 3545, -3446]","[[3, 50, -8], [5, 44, -29], [4, 42, -45], [0, 41, -56]]"
8.470075,8.810742,body,0.000000,0.000000,0.000000,0.000000,0.000000,0.000000,0.000000,0.000000,0.000000,0.000000,0.000000,0.000000,6.351218,-3.681085,-6.182427,0.012091,0.001172,-0.013209,bmi088,0.010363912999991953,"[[0.011984224905356573,0.001597896654047543,-0.016777914867499202],[0.012516857123372421,0.001864212763055467,-0.01651159875849128],[0.013315805450396193,0.0010652644360316954,-0.014913702104443736],[0.012516857123372421,0.0005326322180158477,-0.010652644360316953],[0.010120012142301106,0.0007989483270237715,-0.007190534943213944]]",782.92333273,782.924213066,21.875,225555,"[2050, 3537, -3443]","[[-6, 45, -63], [-7, 47, -62], [-4, 50, -56], [-2, 47, -40], [-3, 38, -27]]"
8.480071,8.821133,body,0.000000,0.000000,0.000000,0.000000,0.000000,0.000000,0.000000,0.000000,0.000000,0.000000,0.000000,0.000000,6.340445,-3.668515,-6.157288,0.001198,-0.002197,0.003529,bmi088,0.009956546000012167,"[[0.0055926382891664005,0.0,-0.001864212763055467],[0.001331580545039619,-0.001331580545039619,0.0021305288720633907],[-0.0005326322180158477,-0.003195793308095086,0.006125270507182248],[-0.001597896654047543,-0.004261057744126781,0.007723167161229791]]",782.933289276,782.9344939855,21.875,225821,"[2043, 3531, -3429]","[[0, 21, -7], [5, 5, 8], [12, -2, 23], [16, -6, 29]]"
8.490073,8.831055,body,0.000000,0.000000,0.000000,0.000000,0.000000,0.000000,0.000000,0.000000,0.000000,0.000000,0.000000,0.000000,6.335058,-3.666720,-6.155492,0.000089,-0.006214,0.009854,bmi088,0.009888480500080732,"[[-0.00026631610900792384,-0.0055926382891664005,0.01038632825130903],[0.00026631610900792384,-0.005858954398174325,0.010652644360316953],[0.00026631610900792384,-0.007190534943213944,0.008522115488253563]]",782.9431777565001,782.944286496,21.875,226075,"[2042, 3528, -3428]","[[21, -1, 39], [22, 1, 40], [27, 1, 32]]"
8.500071,8.841172,body,0.000000,0.000000,0.000000,0.000000,0.000000,0.000000,0.000000,0.000000,0.000000,0.000000,0.000000,0.000000,6.336853,-3.693655,-6.168062,-0.004727,-0.013915,0.000866,bmi088,0.009963409499960107,"[[-0.0029294771990871623,-0.009853696033293183,0.004261057744126781],[-0.005326322180158476,-0.01384843766841204,0.0007989483270237715],[-0.0055926382891664005,-0.01597896654047543,-0.0007989483270237715],[-0.005060006071150553,-0.01597896654047543,-0.0007989483270237715]]",782.953141166,782.954303843,21.875,226334,"[2057, 3529, -3435]","[[37, -11, 16], [52, -20, 3], [60, -21, -3], [60, -19, -3]]"
8.510068,8.851016,body,0.000000,0.000000,0.000000,0.000000,0.000000,0.000000,0.000000,0.000000,0.000000,0.000000,0.000000,0.000000,6.358401,-3.690063,-6.150106,-0.007390,-0.012317,0.002463,bmi088,0.009724013999971248,"[[-0.004793689962142629,-0.014381069886427887,-0.0005326322180158477],[-0.006391586616190172,-0.012783173232380344,0.001864212763055467],[-0.00825579937924564,-0.011451592687340724,0.0029294771990871623],[-0.010120012142301106,-0.010652644360316953,0.0055926382891664005]]",782.96286518,782.9640293605,21.875,226586,"[2055, 3541, -3425]","[[54, -18, -2], [48, -24, 7], [43, -31, 11], [40, -38, 21]]"
8.520072,8.861914,body,0.000000,0.000000,0.000000,0.000000,0.000000,0.000000,0.000000,0.000000,0.000000,0.000000,0.000000,0.000000,6.353014,-3.699042,-6.182427,-0.015553,-0.008362,0.008682,bmi088,0.010743967500047802,"[[-0.012783173232380344,-0.009587379924285258,0.007456851052221868],[-0.014114753777419964,-0.00825579937924564,0.009853696033293183],[-0.015446334322459582,-0.007456851052221868,0.010120012142301106],[-0.01731054708551505,-0.007456851052221868,0.008522115488253563],[-0.018109495412538822,-0.009054747706269411,0.007456851052221868]]",782.9736091475,782.9748153129999,21.875,226865,"[2060, 3538, -3443]","[[36, -48, 28], [31, -53, 37], [28, -58, 38], [28, -65, 32], [34, -68, 28]]"
8.530072,8.871484,body,0.000000,0.000000,0.000000,0.000000,0.000000,0.000000,0.000000,0.000000,0.000000,0.000000,0.000000,0.000000,6.360197,-3.695450,-6.173449,-0.017311,-0.010919,0.006835,bmi088,0.009525946500048121,"[[-0.01864212763055467,-0.009853696033293183,0.006657902725198096],[-0.01731054708551505,-0.011451592687340724,0.006657902725198096],[-0.01597896654047543,-0.011451592687340724,0.007190534943213944]]",782.9831350940001,782.984269866,21.875,227110,"[2058, 3542, -3438]","[[37, -70, 25], [43, -65, 25], [43, -60, 27]]"
8.540069,8.881211,body,0.000000,0.000000,0.000000,0.000000,0.000000,0.000000,0.000000,0.000000,0.000000,0.000000,0.000000,0.000000,6.349423,-3.700837,-6.160879,-0.012717,-0.015247,0.008056,bmi088,0.009694908999904328,"[[-0.014381069886427887,-0.013049489341388268,0.007190534943213944],[-0.012783173232380344,-0.014913702104443736,0.007456851052221868],[-0.012250541014364496,-0.016245282649483356,0.007989483270237714],[-0.011451592687340724,-0.016777914867499202,0.009587379924285258]]",782.992830003,782.993908102,21.875,227359,"[2061, 3536, -3431]","[[49, -54, 27], [56, -48, 28], [61, -46, 30], [63, -43, 36]]"
8.550078,8.891406,body,0.000000,0.000000,0.000000,0.000000,0.000000,0.000000,0.000000,0.000000,0.000000,0.000000,0.000000,0.000000,6.365584,-3.699042,-6.171653,-0.015247,-0.016245,0.012117,bmi088,0.010096275999899262,"[[-0.013315805450396193,-0.016777914867499202,0.01038632825130903],[-0.014114753777419964,-0.01651159875849128,0.01171790879634865],[-0.01651159875849128,-0.016245282649483356,0.012516857123372421],[-0.017044230976507126,-0.015446334322459582,0.01384843766841204]]",783.0029262789999,783.0039792580001,21.875,227620,"[2060, 3545, -3437]","[[63, -50, 39], [62, -53, 44], [61, -62, 47], [58, -64, 52]]"
8.560071,8.901563,body,0.000000,0.000000,0.000000,0.000000,0.000000,0.000000,0.000000,0.000000,0.000000,0.000000,0.000000,0.000000,6.388927,-3.716998,-6.159084,-0.018376,-0.010453,0.013183,bmi088,0.01002843500009476,"[[-0.018375811521546746,-0.013582121559404116,0.013049489341388268],[-0.018375811521546746,-0.011185276578332801,0.012783173232380344],[-0.01864212763055467,-0.009054747706269411,0.013049489341388268],[-0.018109495412538822,-0.007989483270237714,0.01384843766841204]]",783.012954714,783.014033517,21.875,227880,"[2070, 3558, -3430]","[[51, -69, 49], [42, -69, 48], [34, -70, 49], [30, -68, 52]]"
8.570084,8.912187,body,0.000000,0.000000,0.000000,0.000000,0.000000,0.000000,0.000000,0.000000,0.000000,0.000000,0.000000,0.000000,6.388927,-3.736750,-6.141127,-0.018376,-0.003941,0.009587,bmi088,0.010523580000040056,"[[-0.018375811521546746,-0.006391586616190172,0.01384843766841204],[-0.018908443739562592,-0.004261057744126781,0.013315805450396193],[-0.019174759848570515,-0.0021305288720633907,0.01038632825130903],[-0.01864212763055467,-0.002663161090079238,0.007190534943213944],[-0.016777914867499202,-0.004261057744126781,0.003195793308095086]]",783.023478294,783.024555129,21.875,228152,"[2081, 3558, -3420]","[[24, -69, 52], [16, -71, 50], [8, -72, 39], [10, -70, 27], [16, -63, 12]]"
8.580069,8.922031,body,0.000000,0.000000,0.000000,0.000000,0.000000,0.000000,0.000000,0.000000,0.000000,0.000000,0.000000,0.000000,6.358401,-3.718794,-6.157288,-0.013671,-0.007279,-0.001864,bmi088,0.00972999749990322,"[[-0.014381069886427887,-0.0055926382891664005,0.0005326322180158477],[-0.013049489341388268,-0.007190534943213944,-0.0021305288720633907],[-0.013582121559404116,-0.009054747706269411,-0.003994741635118857]]",783.0332082914999,783.034279639,21.875,228404,"[2071, 3541, -3429]","[[21, -54, 2], [27, -49, -8], [34, -51, -15]]"
8.590071,8.931992,body,0.000000,0.000000,0.000000,0.000000,0.000000,0.000000,0.000000,0.000000,0.000000,0.000000,0.000000,0.000000,6.367379,-3.709815,-6.169858,-0.013116,-0.011651,0.000466,bmi088,0.009843631499961703,"[[-0.01384843766841204,-0.010918960469324878,-0.00346210941710301],[-0.013315805450396193,-0.01171790879634865,-0.001597896654047543],[-0.012516857123372421,-0.01171790879634865,0.001864212763055467],[-0.012783173232380344,-0.012250541014364496,0.005060006071150553]]",783.0430519229999,783.044122294,21.875,228659,"[2066, 3546, -3436]","[[41, -52, -13], [44, -50, -6], [44, -47, 7], [46, -48, 19]]"
8.600071,8.942695,body,0.000000,0.000000,0.000000,0.000000,0.000000,0.000000,0.000000,0.000000,0.000000,0.000000,0.000000,0.000000,6.410475,-3.745728,-6.200384,-0.013249,-0.010786,0.015313,bmi088,0.009927857500088066,"[[-0.012783173232380344,-0.012250541014364496,0.008788431597261486],[-0.013315805450396193,-0.012516857123372421,0.013049489341388268],[-0.013315805450396193,-0.01038632825130903,0.017576863194522972],[-0.013582121559404116,-0.007989483270237714,0.021837920938649755]]",783.0529797805,783.054753732,21.875,228933,"[2086, 3570, -3453]","[[46, -48, 33], [47, -50, 49], [39, -50, 66], [30, -51, 82]]"
8.610074,8.952188,body,0.000000,0.000000,0.000000,0.000000,0.000000,0.000000,0.000000,0.000000,0.000000,0.000000,0.000000,0.000000,6.397905,-3.736750,-6.186019,-0.012184,-0.002330,0.022038,bmi088,0.010057891499968719,"[[-0.013315805450396193,-0.005060006071150553,0.02423476591972107],[-0.012783173232380344,-0.00346210941710301,0.024501082028728992],[-0.011984224905356573,-0.0010652644360316954,0.02210423704765768],[-0.010652644360316953,0.00026631610900792384,0.01731054708551505]]",783.063037672,783.064096763,21.875,229176,"[2081, 3563, -3445]","[[19, -50, 91], [13, -48, 92], [4, -45, 83], [-1, -40, 65]]"
8.620070,8.962266,body,0.000000,0.000000,0.000000,0.000000,0.000000,0.000000,0.000000,0.000000,0.000000,0.000000,0.000000,0.000000,6.372766,-3.693655,-6.139332,-0.004328,0.001198,-0.001997,bmi088,0.009929409000051237,"[[-0.00692421883420602,0.0010652644360316954,0.010120012142301106],[-0.004527373853134706,0.0010652644360316954,0.0010652644360316954],[-0.0029294771990871623,0.0010652644360316954,-0.00692421883420602],[-0.0029294771990871623,0.001597896654047543,-0.012250541014364496]]",783.072967081,783.0740594849999,21.875,229434,"[2057, 3549, -3419]","[[-4, -26, 38], [-4, -17, 4], [-4, -11, -26], [-6, -11, -46]]"
8.630078,8.972617,body,0.000000,0.000000,0.000000,0.000000,0.000000,0.000000,0.000000,0.000000,0.000000,0.000000,0.000000,0.000000,6.351218,-3.725976,-6.146514,-0.000533,0.001997,-0.017910,bmi088,0.01016672599996582,"[[-0.003195793308095086,0.002663161090079238,-0.01651159875849128],[-0.001331580545039619,0.002663161090079238,-0.01944107595757844],[0.0,0.0021305288720633907,-0.019174759848570515],[0.0023968449810713144,0.0005326322180158477,-0.01651159875849128]]",783.083133807,783.0842944515,21.875,229699,"[2075, 3537, -3423]","[[-10, -12, -62], [-10, -5, -73], [-8, 0, -72], [-2, 9, -62]]"
8.640071,8.982539,body,0.000000,0.000000,0.000000,0.000000,0.000000,0.000000,0.000000,0.000000,0.000000,0.000000,0.000000,0.000000,6.347627,-3.724181,-6.186019,0.004794,0.000067,-0.004927,bmi088,0.009898320500042246,"[[0.003195793308095086,0.0,-0.01171790879634865],[0.004261057744126781,0.0,-0.007989483270237714],[0.005326322180158476,0.00026631610900792384,-0.002663161090079238],[0.006391586616190172,0.0,0.002663161090079238]]",783.0930321275,783.0941342589999,21.875,229953,"[2074, 3535, -3445]","[[0, 12, -44], [0, 16, -30], [-1, 20, -10], [0, 24, 10]]"
8.650070,8.992617,body,0.000000,0.000000,0.000000,0.000000,0.000000,0.000000,0.000000,0.000000,0.000000,0.000000,0.000000,0.000000,6.365584,-3.709815,-6.177040,0.009521,0.001798,0.011851,bmi088,0.010016354500066882,"[[0.007723167161229791,0.0005326322180158477,0.007989483270237714],[0.009054747706269411,0.0010652644360316954,0.01171790879634865],[0.01038632825130903,0.0023968449810713144,0.014114753777419964],[0.010918960469324878,0.003195793308095086,0.013582121559404116]]",783.1030484820001,783.104097061,21.875,230211,"[2066, 3545, -3440]","[[-2, 29, 30], [-4, 34, 44], [-9, 39, 53], [-12, 41, 51]]"
8.660069,9.002656,body,0.000000,0.000000,0.000000,0.000000,0.000000,0.000000,0.000000,0.000000,0.000000,0.000000,0.000000,0.000000,6.387131,-3.716998,-6.153697,0.008922,0.006525,0.002597,bmi088,0.009897296999952232,"[[0.009587379924285258,0.0055926382891664005,0.010652644360316953],[0.008522115488253563,0.006657902725198096,0.006125270507182248],[0.007989483270237714,0.007190534943213944,0.00026631610900792384],[0.009587379924285258,0.006657902725198096,-0.006657902725198096]]",783.112945779,783.1139944375,21.875,230468,"[2070, 3557, -3427]","[[-21, 36, 40], [-25, 32, 23], [-27, 30, 1], [-25, 36, -25]]"
8.670077,9.012930,body,0.000000,0.000000,0.000000,0.000000,0.000000,0.000000,0.000000,0.000000,0.000000,0.000000,0.000000,0.000000,6.351218,-3.693655,-6.171653,0.016512,0.007790,-0.022104,bmi088,0.010110819999908927,"[[0.012516857123372421,0.00692421883420602,-0.014913702104443736],[0.015712650431467506,0.007723167161229791,-0.022370553156665602],[0.018375811521546746,0.008522115488253563,-0.026098978682776535],[0.01944107595757844,0.007989483270237714,-0.025033714246744842]]",783.1230565989999,783.124143227,21.875,230731,"[2057, 3537, -3437]","[[-26, 47, -56], [-29, 59, -84], [-32, 69, -98], [-30, 73, -94]]"
8.680068,9.023086,body,0.000000,0.000000,0.000000,0.000000,0.000000,0.000000,0.000000,0.000000,0.000000,0.000000,0.000000,0.000000,6.353014,-3.679289,-6.148310,0.017244,0.004461,-0.012916,bmi088,0.010073268000041935,"[[0.01864212763055467,0.005858954398174325,-0.021038972611625982],[0.018375811521546746,0.003994741635118857,-0.015446334322459582],[0.016245282649483356,0.003728425526110934,-0.01038632825130903],[0.015712650431467506,0.004261057744126781,-0.004793689962142629]]",783.133129867,783.134192734,21.875,230991,"[2049, 3538, -3424]","[[-22, 70, -79], [-15, 69, -58], [-14, 61, -39], [-16, 59, -18]]"
8.690070,9.033125,body,0.000000,0.000000,0.000000,0.000000,0.000000,0.000000,0.000000,0.000000,0.000000,0.000000,0.000000,0.000000,6.361992,-3.691859,-6.160879,0.017910,0.005260,0.006858,bmi088,0.009928113499995561,"[[0.015712650431467506,0.005060006071150553,0.0],[0.017843179303530896,0.004793689962142629,0.005326322180158476],[0.019707392066586366,0.005326322180158476,0.009853696033293183],[0.018375811521546746,0.005858954398174325,0.012250541014364496]]",783.1430579805,783.1441225115,21.875,231248,"[2056, 3543, -3431]","[[-19, 59, 0], [-18, 67, 20], [-20, 74, 37], [-22, 69, 46]]"
8.700077,9.043203,body,0.000000,0.000000,0.000000,0.000000,0.000000,0.000000,0.000000,0.000000,0.000000,0.000000,0.000000,0.000000,6.351218,-3.693655,-6.159084,0.017710,0.008988,0.005393,bmi088,0.009994738500040512,"[[0.017044230976507126,0.007989483270237714,0.011451592687340724],[0.016777914867499202,0.009321063815277334,0.008522115488253563],[0.017576863194522972,0.009853696033293183,0.003728425526110934],[0.01944107595757844,0.008788431597261486,-0.0021305288720633907]]",783.153052719,783.1541079374999,21.875,231506,"[2057, 3537, -3430]","[[-30, 64, 43], [-35, 63, 32], [-37, 66, 14], [-33, 73, -8]]"
8.710070,9.053633,body,0.000000,0.000000,0.000000,0.000000,0.000000,0.000000,0.000000,0.000000,0.000000,0.000000,0.000000,0.000000,6.347627,-3.697246,-6.187814,0.016245,0.009854,-0.020347,bmi088,0.010230102499917848,"[[0.019174759848570515,0.008522115488253563,-0.009853696033293183],[0.01864212763055467,0.009587379924285258,-0.017044230976507126],[0.015446334322459582,0.01038632825130903,-0.022370553156665602],[0.014114753777419964,0.010918960469324878,-0.02556634646476069],[0.01384843766841204,0.009853696033293183,-0.02689792700980031]]",783.1632828214999,783.16442345,21.875,231773,"[2059, 3535, -3446]","[[-32, 72, -37], [-36, 70, -64], [-39, 58, -84], [-41, 53, -96], [-37, 52, -101]]"
8.720071,9.063359,body,0.000000,0.000000,0.000000,0.000000,0.000000,0.000000,0.000000,0.000000,0.000000,0.000000,0.000000,0.000000,6.340445,-3.688268,-6.168062,0.014026,0.005770,-0.020684,bmi088,0.009653084500087061,"[[0.01464738599543581,0.007723167161229791,-0.025033714246744842],[0.014381069886427887,0.0055926382891664005,-0.021571604829641832],[0.013049489341388268,0.003994741635118857,-0.015446334322459582]]",783.172935906,783.1740295249999,21.875,232022,"[2054, 3531, -3435]","[[-29, 55, -94], [-21, 54, -81], [-15, 49, -58]]"
8.730071,9.074180,body,0.000000,0.000000,0.000000,0.000000,0.000000,0.000000,0.000000,0.000000,0.000000,0.000000,0.000000,0.000000,6.374562,-3.657742,-6.191405,0.010493,0.003196,0.003356,bmi088,0.010538251999946624,"[[0.01171790879634865,0.00346210941710301,-0.009587379924285258],[0.01171790879634865,0.003195793308095086,-0.001331580545039619],[0.010918960469324878,0.00346210941710301,0.005858954398174325],[0.009853696033293183,0.00346210941710301,0.010652644360316953],[0.00825579937924564,0.0023968449810713144,0.011185276578332801]]",783.183474158,783.1846983075,21.875,232299,"[2037, 3550, -3448]","[[-13, 44, -36], [-12, 44, -5], [-13, 41, 22], [-13, 37, 40], [-9, 31, 42]]"
8.740071,9.083516,body,0.000000,0.000000,0.000000,0.000000,0.000000,0.000000,0.000000,0.000000,0.000000,0.000000,0.000000,0.000000,6.372766,-3.690063,-6.191405,0.008256,0.000976,0.005149,bmi088,0.009482025000011163,"[[0.007989483270237714,0.0007989483270237715,0.008522115488253563],[0.00825579937924564,0.0010652644360316954,0.005060006071150553],[0.008522115488253563,0.0010652644360316954,0.001864212763055467]]",783.192956183,783.1939814655,21.875,232538,"[2055, 3549, -3448]","[[-3, 30, 32], [-4, 31, 19], [-4, 32, 7]]"
8.750070,9.093672,body,0.000000,0.000000,0.000000,0.000000,0.000000,0.000000,0.000000,0.000000,0.000000,0.000000,0.000000,0.000000,6.351218,-3.688268,-6.169858,0.003662,0.001864,-0.006325,bmi088,0.010007859000097596,"[[0.007190534943213944,0.001597896654047543,-0.001597896654047543],[0.005326322180158476,0.001597896654047543,-0.004527373853134706],[0.0023968449810713144,0.0021305288720633907,-0.007989483270237714],[-0.00026631610900792384,0.0021305288720633907,-0.011185276578332801]]",783.2029640420001,783.2040120765,21.875,232798,"[2054, 3537, -3436]","[[-6, 27, -6], [-6, 20, -17], [-8, 9, -30], [-8, -1, -42]]"
8.760073,9.103594,body,0.000000,0.000000,0.000000,0.000000,0.000000,0.000000,0.000000,0.000000,0.000000,0.000000,0.000000,0.000000,6.327875,-3.700837,-6.150106,-0.001864,-0.000866,-0.009055,bmi088,0.009752301999924384,"[[-0.0021305288720633907,0.0010652644360316954,-0.012250541014364496],[-0.0023968449810713144,-0.0007989483270237715,-0.011451592687340724],[-0.001864212763055467,-0.001864212763055467,-0.007989483270237714],[-0.0010652644360316954,-0.001864212763055467,-0.004527373853134706]]",783.212716344,783.213799531,21.875,233052,"[2061, 3524, -3425]","[[-4, -8, -46], [3, -9, -43], [7, -7, -30], [7, -4, -17]]"
8.770075,9.114414,body,0.000000,0.000000,0.000000,0.000000,0.000000,0.000000,0.000000,0.000000,0.000000,0.000000,0.000000,0.000000,6.318897,-3.666720,-6.182427,-0.003249,-0.006232,0.004208,bmi088,0.01072121499998957,"[[-0.0005326322180158477,-0.001597896654047543,-0.001597896654047543],[-0.0007989483270237715,-0.003728425526110934,0.001331580545039619],[-0.002663161090079238,-0.006391586616190172,0.00346210941710301],[-0.005060006071150553,-0.009321063815277334,0.007190534943213944],[-0.007190534943213944,-0.010120012142301106,0.010652644360316953]]",783.223437559,783.224530811,21.875,233329,"[2042, 3519, -3443]","[[6, -2, -6], [14, -3, 5], [24, -10, 13], [35, -19, 27], [38, -27, 40]]"
8.780071,9.124102,body,0.000000,0.000000,0.000000,0.000000,0.000000,0.000000,0.000000,0.000000,0.000000,0.000000,0.000000,0.000000,6.376358,-3.652355,-6.194997,-0.011984,-0.011984,0.015713,bmi088,0.009531674499953624,"[[-0.009853696033293183,-0.010918960469324878,0.014381069886427887],[-0.011984224905356573,-0.011984224905356573,0.01651159875849128],[-0.014114753777419964,-0.013049489341388268,0.016245282649483356]]",783.2329692335,783.234074581,21.875,233577,"[2034, 3551, -3450]","[[41, -37, 54], [45, -45, 62], [49, -53, 61]]"
8.790067,9.134219,body,0.000000,0.000000,0.000000,0.000000,0.000000,0.000000,0.000000,0.000000,0.000000,0.000000,0.000000,0.000000,6.374562,-3.690063,-6.177040,-0.014914,-0.010386,0.015247,bmi088,0.010051475500063134,"[[-0.015180018213451659,-0.014114753777419964,0.01731054708551505],[-0.015180018213451659,-0.012783173232380344,0.015446334322459582],[-0.014913702104443736,-0.009321063815277334,0.015712650431467506],[-0.014381069886427887,-0.005326322180158476,0.012516857123372421]]",783.243020709,783.2440835279999,21.875,233836,"[2055, 3550, -3440]","[[53, -57, 65], [48, -57, 58], [35, -56, 59], [20, -54, 47]]"
8.800076,9.144453,body,0.000000,0.000000,0.000000,0.000000,0.000000,0.000000,0.000000,0.000000,0.000000,0.000000,0.000000,0.000000,6.354810,-3.706224,-6.155492,-0.013183,-0.004461,0.005193,bmi088,0.010112548499932927,"[[-0.014114753777419964,-0.0029294771990871623,0.01038632825130903],[-0.013582121559404116,-0.003728425526110934,0.006391586616190172],[-0.013049489341388268,-0.005060006071150553,0.003195793308095086],[-0.011984224905356573,-0.006125270507182248,0.0007989483270237715]]",783.2531332574999,783.2542086685,21.875,234098,"[2064, 3539, -3428]","[[11, -53, 39], [14, -51, 24], [19, -49, 12], [23, -45, 3]]"
8.810072,9.154336,body,0.000000,0.000000,0.000000,0.000000,0.000000,0.000000,0.000000,0.000000,0.000000,0.000000,0.000000,0.000000,6.370971,-3.691859,-6.162675,-0.007124,-0.009521,-0.001931,bmi088,0.009789518500042504,"[[-0.010120012142301106,-0.00692421883420602,-0.00026631610900792384],[-0.007190534943213944,-0.008522115488253563,-0.001597896654047543],[-0.0055926382891664005,-0.010652644360316953,-0.0029294771990871623],[-0.0055926382891664005,-0.011984224905356573,-0.0029294771990871623]]",783.262922776,783.263983931,21.875,234351,"[2056, 3548, -3432]","[[26, -38, -1], [32, -27, -6], [40, -21, -11], [45, -21, -11]]"
8.820072,9.164531,body,0.000000,0.000000,0.000000,0.000000,0.000000,0.000000,0.000000,0.000000,0.000000,0.000000,0.000000,0.000000,6.410475,-3.715202,-6.191405,-0.013449,-0.012384,0.007457,bmi088,0.010038531000077455,"[[-0.008522115488253563,-0.012783173232380344,0.0],[-0.012516857123372421,-0.012516857123372421,0.004527373853134706],[-0.015712650431467506,-0.012516857123372421,0.009853696033293183],[-0.017044230976507126,-0.01171790879634865,0.015446334322459582]]",783.2729613070001,783.274067935,21.875,234612,"[2069, 3570, -3448]","[[48, -32, 0], [47, -47, 17], [47, -59, 37], [44, -64, 58]]"
8.830075,9.175234,body,0.000000,0.000000,0.000000,0.000000,0.000000,0.000000,0.000000,0.000000,0.000000,0.000000,0.000000,0.000000,6.367379,-3.711611,-6.166266,-0.016139,-0.007350,0.022584,bmi088,0.010599500999887823,"[[-0.01651159875849128,-0.01038632825130903,0.02077265650261806],[-0.016777914867499202,-0.007723167161229791,0.023968449810713145],[-0.01597896654047543,-0.006657902725198096,0.02556634646476069],[-0.015712650431467506,-0.006125270507182248,0.023702133701705222],[-0.015712650431467506,-0.005858954398174325,0.018908443739562592]]",783.283560808,783.28467462,21.875,234886,"[2067, 3546, -3434]","[[39, -62, 78], [29, -63, 90], [25, -60, 96], [23, -59, 89], [22, -59, 71]]"
8.840071,9.184648,body,0.000000,0.000000,0.000000,0.000000,0.000000,0.000000,0.000000,0.000000,0.000000,0.000000,0.000000,0.000000,6.369175,-3.731363,-6.130353,-0.016334,-0.006924,0.007279,bmi088,0.009369750500127338,"[[-0.016245282649483356,-0.005858954398174325,0.012516857123372421],[-0.016777914867499202,-0.006391586616190172,0.006657902725198096],[-0.01597896654047543,-0.008522115488253563,0.002663161090079238]]",783.2929305585001,783.293958145,21.875,235127,"[2078, 3547, -3414]","[[22, -61, 47], [24, -63, 25], [32, -60, 10]]"
8.850065,9.194531,body,0.000000,0.000000,0.000000,0.000000,0.000000,0.000000,0.000000,0.000000,0.000000,0.000000,0.000000,0.000000,6.376358,-3.724181,-6.123171,-0.012850,-0.006724,-0.006192,bmi088,0.009994785499884529,"[[-0.01464738599543581,-0.007456851052221868,-0.00346210941710301],[-0.013582121559404116,-0.006657902725198096,-0.007723167161229791],[-0.012250541014364496,-0.005858954398174325,-0.008788431597261486],[-0.010918960469324878,-0.00692421883420602,-0.004793689962142629]]",783.302925344,783.303754175,21.875,235380,"[2074, 3551, -3410]","[[28, -55, -13], [25, -51, -29], [22, -46, -33], [26, -41, -18]]"
8.860069,9.204922,body,0.000000,0.000000,0.000000,0.000000,0.000000,0.000000,0.000000,0.000000,0.000000,0.000000,0.000000,0.000000,6.385336,-3.711611,-6.169858,-0.007989,-0.008522,0.003928,bmi088,0.009995745500077646,"[[-0.01038632825130903,-0.007190534943213944,-0.0007989483270237715],[-0.008522115488253563,-0.007989483270237714,0.002663161090079238],[-0.007190534943213944,-0.009054747706269411,0.0055926382891664005],[-0.005858954398174325,-0.009853696033293183,0.00825579937924564]]",783.3129210895,783.3139978285,21.875,235646,"[2067, 3556, -3436]","[[27, -39, -3], [30, -32, 10], [34, -27, 21], [37, -22, 31]]"
8.870067,9.215547,body,0.000000,0.000000,0.000000,0.000000,0.000000,0.000000,0.000000,0.000000,0.000000,0.000000,0.000000,0.000000,6.401497,-3.736750,-6.189610,-0.011345,-0.007989,0.013582,bmi088,0.010542251499941813,"[[-0.007456851052221868,-0.010120012142301106,0.011451592687340724],[-0.009321063815277334,-0.008788431597261486,0.012516857123372421],[-0.011984224905356573,-0.007456851052221868,0.014114753777419964],[-0.013582121559404116,-0.007190534943213944,0.014381069886427887],[-0.014381069886427887,-0.006391586616190172,0.015446334322459582]]",783.323463341,783.324529584,21.875,235918,"[2081, 3565, -3447]","[[38, -28, 43], [33, -35, 47], [28, -45, 53], [27, -51, 54], [24, -54, 58]]"
8.880072,9.225234,body,0.000000,0.000000,0.000000,0.000000,0.000000,0.000000,0.000000,0.000000,0.000000,0.000000,0.000000,0.000000,6.370971,-3.713407,-6.151901,-0.010298,-0.004172,0.012694,bmi088,0.009517785000070944,"[[-0.013582121559404116,-0.005326322180158476,0.01464738599543581],[-0.010652644360316953,-0.003728425526110934,0.012516857123372421],[-0.006657902725198096,-0.00346210941710301,0.010918960469324878]]",783.332981126,783.334089018,21.875,236166,"[2068, 3548, -3426]","[[20, -51, 55], [14, -40, 47], [13, -25, 41]]"
8.890070,9.235391,body,0.000000,0.000000,0.000000,0.000000,0.000000,0.000000,0.000000,0.000000,0.000000,0.000000,0.000000,0.000000,6.363788,-3.720589,-6.139332,0.003928,-0.004194,-0.000866,bmi088,0.01009480299990173,"[[-0.0010652644360316954,-0.003728425526110934,0.007989483270237714],[0.003728425526110934,-0.004261057744126781,0.0023968449810713144],[0.005858954398174325,-0.004261057744126781,-0.004527373853134706],[0.007190534943213944,-0.004527373853134706,-0.009321063815277334]]",783.343075929,783.3441530524999,21.875,236426,"[2072, 3544, -3419]","[[14, -4, 30], [16, 14, 9], [16, 22, -17], [17, 27, -35]]"
8.900072,9.245430,body,0.000000,0.000000,0.000000,0.000000,0.000000,0.000000,0.000000,0.000000,0.000000,0.000000,0.000000,0.000000,6.363788,-3.708020,-6.193201,0.007057,-0.006525,-0.010253,bmi088,0.009944177000079435,"[[0.007190534943213944,-0.004793689962142629,-0.012516857123372421],[0.007456851052221868,-0.006391586616190172,-0.012516857123372421],[0.00692421883420602,-0.00692421883420602,-0.010652644360316953],[0.006657902725198096,-0.007989483270237714,-0.005326322180158476]]",783.353020106,783.354082973,21.875,236683,"[2065, 3544, -3449]","[[18, 27, -47], [24, 28, -47], [26, 26, -40], [30, 25, -20]]"
8.910070,9.255742,body,0.000000,0.000000,0.000000,0.000000,0.000000,0.000000,0.000000,0.000000,0.000000,0.000000,0.000000,0.000000,6.394314,-3.700837,-6.175245,0.004527,-0.002863,0.007723,bmi088,0.010189157000013438,"[[0.005326322180158476,-0.00692421883420602,0.00026631610900792384],[0.004793689962142629,-0.004261057744126781,0.005858954398174325],[0.003728425526110934,-0.0010652644360316954,0.010652644360316953],[0.004261057744126781,0.0007989483270237715,0.014114753777419964]]",783.363209263,783.364261858,21.875,236947,"[2061, 3561, -3439]","[[26, 20, 1], [16, 18, 22], [4, 14, 40], [-3, 16, 53]]"
8.920069,9.265586,body,0.000000,0.000000,0.000000,0.000000,0.000000,0.000000,0.000000,0.000000,0.000000,0.000000,0.000000,0.000000,6.385336,-3.693655,-6.177040,0.006059,0.002397,0.015380,bmi088,0.009738620999996783,"[[0.004261057744126781,0.0005326322180158477,0.017044230976507126],[0.005060006071150553,0.0005326322180158477,0.01731054708551505],[0.006391586616190172,0.002663161090079238,0.016245282649483356],[0.008522115488253563,0.005858954398174325,0.010918960469324878]]",783.372947884,783.3740111185,21.875,237199,"[2057, 3556, -3440]","[[-2, 16, 64], [-2, 19, 65], [-10, 24, 61], [-22, 32, 41]]"
8.930070,9.275898,body,0.000000,0.000000,0.000000,0.000000,0.000000,0.000000,0.000000,0.000000,0.000000,0.000000,0.000000,0.000000,6.354810,-3.679289,-6.159084,0.013782,0.008655,-0.006325,bmi088,0.010133843999938108,"[[0.011451592687340724,0.008522115488253563,0.004793689962142629],[0.013049489341388268,0.009054747706269411,-0.002663161090079238],[0.01464738599543581,0.008788431597261486,-0.009853696033293183],[0.01597896654047543,0.00825579937924564,-0.017576863194522972]]",783.383081728,783.384219412,21.875,237463,"[2049, 3539, -3430]","[[-32, 43, 18], [-34, 49, -10], [-33, 55, -37], [-31, 60, -66]]"
8.940072,9.285938,body,0.000000,0.000000,0.000000,0.000000,0.000000,0.000000,0.000000,0.000000,0.000000,0.000000,0.000000,0.000000,6.370971,-3.693655,-6.144719,0.020972,0.007523,-0.027697,bmi088,0.00999043349997919,"[[0.018109495412538822,0.007989483270237714,-0.023968449810713145],[0.020240024284602212,0.007456851052221868,-0.02822950755483993],[0.022636869265673525,0.007456851052221868,-0.030093720317895395],[0.02290318537468145,0.007190534943213944,-0.02849582366384785]]",783.3930721615,783.3941531245,21.875,237720,"[2057, 3548, -3422]","[[-30, 68, -90], [-28, 76, -106], [-28, 85, -113], [-27, 86, -107]]"
8.950070,9.295859,body,0.000000,0.000000,0.000000,0.000000,0.000000,0.000000,0.000000,0.000000,0.000000,0.000000,0.000000,0.000000,6.381745,-3.708020,-6.187814,0.017510,0.003795,-0.013382,bmi088,0.009831710500066038,"[[0.021038972611625982,0.005858954398174325,-0.02476739813773692],[0.017843179303530896,0.004261057744126781,-0.01731054708551505],[0.015446334322459582,0.0023968449810713144,-0.009853696033293183],[0.015712650431467506,0.002663161090079238,-0.001597896654047543]]",783.402903872,783.403953155,21.875,237974,"[2065, 3554, -3446]","[[-22, 79, -93], [-16, 67, -65], [-9, 58, -37], [-10, 59, -6]]"
8.960071,9.306016,body,0.000000,0.000000,0.000000,0.000000,0.000000,0.000000,0.000000,0.000000,0.000000,0.000000,0.000000,0.000000,6.376358,-3.693655,-6.184223,0.009987,0.007923,0.010786,bmi088,0.010053154499928496,"[[0.014114753777419964,0.003994741635118857,0.005326322180158476],[0.011185276578332801,0.007190534943213944,0.01038632825130903],[0.007989483270237714,0.009587379924285258,0.013315805450396193],[0.006657902725198096,0.010918960469324878,0.014114753777419964]]",783.4129570265,783.4140120055,21.875,238234,"[2057, 3551, -3444]","[[-15, 53, 20], [-27, 42, 39], [-36, 30, 50], [-41, 25, 53]]"
8.970071,9.316094,body,0.000000,0.000000,0.000000,0.000000,0.000000,0.000000,0.000000,0.000000,0.000000,0.000000,0.000000,0.000000,6.353014,-3.704429,-6.139332,0.011984,0.009388,0.002131,bmi088,0.009960641000134274,"[[0.007190534943213944,0.01038632825130903,0.011451592687340724],[0.010120012142301106,0.009321063815277334,0.006125270507182248],[0.014114753777419964,0.008788431597261486,-0.001331580545039619],[0.01651159875849128,0.009054747706269411,-0.007723167161229791]]",783.4229176675001,783.42396087,21.875,238492,"[2063, 3538, -3419]","[[-39, 27, 43], [-35, 38, 23], [-33, 53, -5], [-34, 62, -29]]"
8.980072,9.326445,body,0.000000,0.000000,0.000000,0.000000,0.000000,0.000000,0.000000,0.000000,0.000000,0.000000,0.000000,0.000000,6.354810,-3.677494,-6.151901,0.013516,0.005792,-0.019707,bmi088,0.010089922999895862,"[[0.01597896654047543,0.009321063815277334,-0.013049489341388268],[0.01384843766841204,0.007456851052221868,-0.017576863194522972],[0.012783173232380344,0.004527373853134706,-0.022370553156665602],[0.011451592687340724,0.001864212763055467,-0.025832662573768612]]",783.4330075905,783.4341789714999,21.875,238757,"[2048, 3539, -3426]","[[-35, 60, -49], [-28, 52, -66], [-17, 48, -84], [-7, 43, -97]]"
8.990070,9.336484,body,0.000000,0.000000,0.000000,0.000000,0.000000,0.000000,0.000000,0.000000,0.000000,0.000000,0.000000,0.000000,6.333262,-3.673902,-6.169858,0.010519,-0.000599,-0.016778,bmi088,0.010032738500058258,"[[0.011185276578332801,0.0005326322180158477,-0.025033714246744842],[0.01038632825130903,0.0,-0.02077265650261806],[0.010120012142301106,-0.0010652644360316954,-0.014381069886427887],[0.01038632825130903,-0.001864212763055467,-0.00692421883420602]]",783.443040329,783.4440899635,21.875,239014,"[2046, 3527, -3436]","[[-2, 42, -94], [0, 39, -78], [4, 38, -54], [7, 39, -26]]"
9.000071,9.346367,body,0.000000,0.000000,0.000000,0.000000,0.000000,0.000000,0.000000,0.000000,0.000000,0.000000,0.000000,0.000000,6.363788,-3.695450,-6.205771,0.005526,-0.003529,0.014381,bmi088,0.009680347999960759,"[[0.009853696033293183,-0.0029294771990871623,0.001864212763055467],[0.007190534943213944,-0.00346210941710301,0.011451592687340724],[0.004261057744126781,-0.003728425526110934,0.01944107595757844],[0.0007989483270237715,-0.003994741635118857,0.02476739813773692]]",783.452720677,783.4538777695,21.875,239267,"[2058, 3544, -3456]","[[11, 37, 7], [13, 27, 43], [14, 16, 73], [15, 3, 93]]"
9.010069,9.356680,body,0.000000,0.000000,0.000000,0.000000,0.000000,0.000000,0.000000,0.000000,0.000000,0.000000,0.000000,0.000000,6.351218,-3.699042,-6.159084,-0.000067,0.000200,0.020573,bmi088,0.010233046000053037,"[[-0.0005326322180158477,-0.002663161090079238,0.026098978682776535],[-0.0010652644360316954,-0.0005326322180158477,0.023968449810713145],[0.0,0.001597896654047543,0.019174759848570515],[0.001331580545039619,0.0023968449810713144,0.013049489341388268]]",783.462953723,783.464092127,21.875,239531,"[2060, 3537, -3430]","[[10, -2, 98], [2, -4, 90], [-6, 0, 72], [-9, 5, 49]]"
9.020072,9.366875,body,0.000000,0.000000,0.000000,0.000000,0.000000,0.000000,0.000000,0.000000,0.000000,0.000000,0.000000,0.000000,6.336853,-3.686472,-6.175245,0.001465,0.001132,-0.005193,bmi088,0.009972640999876603,"[[0.0021305288720633907,0.001331580545039619,0.006125270507182248],[0.0023968449810713144,0.0007989483270237715,-0.0021305288720633907],[0.001597896654047543,0.0010652644360316954,-0.009321063815277334],[-0.00026631610900792384,0.001331580545039619,-0.015446334322459582]]",783.4729263639999,783.47415573,21.875,239792,"[2053, 3529, -3439]","[[-5, 8, 23], [-3, 9, -8], [-4, 6, -35], [-5, -1, -58]]"
9.030073,9.377148,body,0.000000,0.000000,0.000000,0.000000,0.000000,0.000000,0.000000,0.000000,0.000000,0.000000,0.000000,0.000000,6.347627,-3.668515,-6.169858,0.000333,-0.002064,-0.017643,bmi088,0.010265110500085939,"[[-0.0010652644360316954,0.0007989483270237715,-0.017843179303530896],[0.0005326322180158477,-0.001597896654047543,-0.020240024284602212],[0.001331580545039619,-0.003195793308095086,-0.018908443739562592],[0.0005326322180158477,-0.004261057744126781,-0.013582121559404116]]",783.4831914745,783.48431295,21.875,240055,"[2043, 3535, -3436]","[[-3, -4, -67], [6, 2, -76], [12, 5, -71], [16, 2, -51]]"
9.040072,9.386992,body,0.000000,0.000000,0.000000,0.000000,0.000000,0.000000,0.000000,0.000000,0.000000,0.000000,0.000000,0.000000,6.356605,-3.679289,-6.168062,-0.005326,-0.004661,0.005193,bmi088,0.009802141499903883,"[[-0.0029294771990871623,-0.004261057744126781,-0.005858954398174325],[-0.004527373853134706,-0.004527373853134706,0.0021305288720633907],[-0.006125270507182248,-0.004793689962142629,0.009321063815277334],[-0.007723167161229791,-0.005060006071150553,0.015180018213451659]]",783.4929936159999,783.494061763,21.875,240307,"[2049, 3540, -3435]","[[16, -11, -22], [17, -17, 8], [18, -23, 35], [19, -29, 57]]"
9.050072,9.397187,body,0.000000,0.000000,0.000000,0.000000,0.000000,0.000000,0.000000,0.000000,0.000000,0.000000,0.000000,0.000000,6.370971,-3.697246,-6.180632,-0.012783,-0.001731,0.023236,bmi088,0.010019810000130747,"[[-0.010652644360316953,-0.003728425526110934,0.020240024284602212],[-0.012783173232380344,-0.0023968449810713144,0.02290318537468145],[-0.014381069886427887,-0.00026631610900792384,0.02476739813773692],[-0.013315805450396193,-0.0005326322180158477,0.025033714246744842]]",783.503013426,783.504150982,21.875,240568,"[2059, 3548, -3442]","[[14, -40, 76], [9, -48, 86], [1, -54, 93], [2, -50, 94]]"
9.060071,9.407383,body,0.000000,0.000000,0.000000,0.000000,0.000000,0.000000,0.000000,0.000000,0.000000,0.000000,0.000000,0.000000,6.354810,-3.688268,-6.166266,-0.011585,-0.003928,0.011252,bmi088,0.010132131999966987,"[[-0.012250541014364496,-0.001331580545039619,0.02210423704765768],[-0.011451592687340724,-0.003195793308095086,0.01597896654047543],[-0.011185276578332801,-0.004793689962142629,0.007456851052221868],[-0.011451592687340724,-0.006391586616190172,-0.0005326322180158477]]",783.513145558,783.514217209,21.875,240829,"[2054, 3539, -3434]","[[5, -46, 83], [12, -43, 60], [18, -42, 28], [24, -43, -2]]"
9.070072,9.417227,body,0.000000,0.000000,0.000000,0.000000,0.000000,0.000000,0.000000,0.000000,0.000000,0.000000,0.000000,0.000000,6.360197,-3.679289,-6.160879,-0.009388,-0.004527,-0.008722,bmi088,0.009767245500029276,"[[-0.010652644360316953,-0.006391586616190172,-0.006391586616190172],[-0.009587379924285258,-0.005326322180158476,-0.009321063815277334],[-0.00825579937924564,-0.00346210941710301,-0.010120012142301106],[-0.009054747706269411,-0.0029294771990871623,-0.009054747706269411]]",783.5229128035,783.523962214,21.875,241081,"[2049, 3542, -3431]","[[24, -40, -24], [20, -36, -35], [13, -31, -38], [11, -34, -34]]"
9.080071,9.427500,body,0.000000,0.000000,0.000000,0.000000,0.000000,0.000000,0.000000,0.000000,0.000000,0.000000,0.000000,0.000000,6.370971,-3.720589,-6.180632,-0.014048,-0.008189,0.001997,bmi088,0.010110771499967086,"[[-0.012250541014364496,-0.005060006071150553,-0.006391586616190172],[-0.01464738599543581,-0.007456851052221868,-0.0021305288720633907],[-0.015180018213451659,-0.009853696033293183,0.004793689962142629],[-0.014114753777419964,-0.01038632825130903,0.01171790879634865]]",783.533023575,783.5341105704999,21.875,241344,"[2072, 3548, -3442]","[[19, -46, -24], [28, -55, -8], [37, -57, 18], [39, -53, 44]]"
9.090070,9.437812,body,0.000000,0.000000,0.000000,0.000000,0.000000,0.000000,0.000000,0.000000,0.000000,0.000000,0.000000,0.000000,6.378153,-3.727772,-6.160879,-0.010120,-0.008655,0.020240,bmi088,0.01018554100005531,"[[-0.013049489341388268,-0.010652644360316953,0.017576863194522972],[-0.009853696033293183,-0.009054747706269411,0.021038972611625982],[-0.008522115488253563,-0.007989483270237714,0.021837920938649755],[-0.009054747706269411,-0.00692421883420602,0.020506340393610135]]",783.5432091160001,783.54431984,21.875,241608,"[2076, 3552, -3431]","[[40, -49, 66], [34, -37, 79], [30, -32, 82], [26, -34, 77]]"
9.100068,9.447578,body,0.000000,0.000000,0.000000,0.000000,0.000000,0.000000,0.000000,0.000000,0.000000,0.000000,0.000000,0.000000,6.361992,-3.718794,-6.171653,-0.014714,-0.006192,0.009654,bmi088,0.009713132499882704,"[[-0.012516857123372421,-0.00692421883420602,0.01651159875849128],[-0.015180018213451659,-0.00692421883420602,0.01171790879634865],[-0.015712650431467506,-0.006125270507182248,0.007190534943213944],[-0.015446334322459582,-0.004793689962142629,0.003195793308095086]]",783.5529222485,783.553974699,21.875,241858,"[2071, 3543, -3437]","[[26, -47, 62], [26, -57, 44], [23, -59, 27], [18, -58, 12]]"
9.110070,9.457695,body,0.000000,0.000000,0.000000,0.000000,0.000000,0.000000,0.000000,0.000000,0.000000,0.000000,0.000000,0.000000,6.369175,-3.700837,-6.169858,-0.008389,-0.003196,-0.003063,bmi088,0.009996946000001117,"[[-0.013049489341388268,-0.002663161090079238,0.0007989483270237715],[-0.010652644360316953,-0.0021305288720633907,-0.001864212763055467],[-0.007190534943213944,-0.003195793308095086,-0.003994741635118857],[-0.002663161090079238,-0.004793689962142629,-0.007190534943213944]]",783.5629191945,783.563968829,21.875,242117,"[2061, 3547, -3436]","[[10, -49, 3], [8, -40, -7], [12, -27, -15], [18, -10, -27]]"
9.120072,9.467813,body,0.000000,0.000000,0.000000,0.000000,0.000000,0.000000,0.000000,0.000000,0.000000,0.000000,0.000000,0.000000,6.365584,-3.690063,-6.171653,0.002597,-0.008522,-0.010320,bmi088,0.009989761500037275,"[[0.001331580545039619,-0.007190534943213944,-0.010120012142301106],[0.00346210941710301,-0.008788431597261486,-0.011451592687340724],[0.0029294771990871623,-0.009054747706269411,-0.011185276578332801],[0.002663161090079238,-0.009054747706269411,-0.008522115488253563]]",783.572908956,783.5739680305,21.875,242376,"[2055, 3545, -3437]","[[27, 5, -38], [33, 13, -43], [34, 11, -42], [34, 10, -32]]"
9.130071,9.478359,body,0.000000,0.000000,0.000000,0.000000,0.000000,0.000000,0.000000,0.000000,0.000000,0.000000,0.000000,0.000000,6.376358,-3.715202,-6.175245,-0.000053,-0.006338,0.008735,bmi088,0.010416168999995534,"[[0.002663161090079238,-0.007723167161229791,-0.004261057744126781],[0.001864212763055467,-0.007989483270237714,0.0021305288720633907],[-0.00026631610900792384,-0.006391586616190172,0.009054747706269411],[-0.0023968449810713144,-0.005858954398174325,0.01597896654047543],[-0.0021305288720633907,-0.003728425526110934,0.02077265650261806]]",783.583325125,783.58441108,21.875,242646,"[2069, 3551, -3439]","[[29, 10, -16], [30, 7, 8], [24, -1, 34], [22, -9, 60], [14, -8, 78]]"
9.140070,9.488047,body,0.000000,0.000000,0.000000,0.000000,0.000000,0.000000,0.000000,0.000000,0.000000,0.000000,0.000000,0.000000,6.381745,-3.711611,-6.160879,0.002131,-0.001332,0.021927,bmi088,0.009633051000037085,"[[-0.00026631610900792384,-0.0023968449810713144,0.023702133701705222],[0.001864212763055467,-0.0010652644360316954,0.022636869265673525],[0.004793689962142629,-0.0005326322180158477,0.01944107595757844]]",783.592958176,783.5939817779999,21.875,242894,"[2067, 3554, -3431]","[[9, -1, 89], [4, 7, 85], [2, 18, 73]]"
9.150069,9.498086,body,0.000000,0.000000,0.000000,0.000000,0.000000,0.000000,0.000000,0.000000,0.000000,0.000000,0.000000,0.000000,6.381745,-3.709815,-6.142923,0.008123,-0.000732,-0.001598,bmi088,0.00994168049999189,"[[0.006391586616190172,-0.00026631610900792384,0.012516857123372421],[0.008788431597261486,-0.0005326322180158477,0.0029294771990871623],[0.008522115488253563,-0.0007989483270237715,-0.006391586616190172],[0.008788431597261486,-0.001331580545039619,-0.015446334322459582]]",783.6028998565,783.6039376829999,21.875,243151,"[2066, 3554, -3421]","[[1, 24, 47], [2, 33, 11], [3, 32, -24], [5, 33, -58]]"
9.160072,9.509297,body,0.000000,0.000000,0.000000,0.000000,0.000000,0.000000,0.000000,0.000000,0.000000,0.000000,0.000000,0.000000,6.408679,-3.697246,-6.157288,0.011665,-0.003888,-0.020080,bmi088,0.011043252000035864,"[[0.009054747706269411,-0.0010652644360316954,-0.02210423704765768],[0.011451592687340724,-0.0029294771990871623,-0.025300030355752765],[0.013315805450396193,-0.004527373853134706,-0.023702133701705222],[0.013315805450396193,-0.005326322180158476,-0.018109495412538822],[0.011185276578332801,-0.0055926382891664005,-0.011185276578332801]]",783.6139431085,783.615022136,21.875,243438,"[2059, 3569, -3429]","[[4, 34, -83], [11, 43, -95], [17, 50, -89], [20, 50, -68], [21, 42, -42]]"
9.170074,9.518203,body,0.000000,0.000000,0.000000,0.000000,0.000000,0.000000,0.000000,0.000000,0.000000,0.000000,0.000000,0.000000,6.392518,-3.686472,-6.178836,0.004439,-0.004084,0.006214,bmi088,0.008850077499914732,"[[0.007456851052221868,-0.004527373853134706,-0.0029294771990871623],[0.003994741635118857,-0.004527373853134706,0.006125270507182248],[0.001864212763055467,-0.003195793308095086,0.015446334322459582]]",783.622793186,783.6238324359999,21.875,243666,"[2053, 3560, -3441]","[[17, 28, -11], [17, 15, 23], [12, 7, 58]]"
9.180071,9.528633,body,0.000000,0.000000,0.000000,0.000000,0.000000,0.000000,0.000000,0.000000,0.000000,0.000000,0.000000,0.000000,6.369175,-3.711611,-6.151901,0.000399,0.000000,0.016978,bmi088,0.010243446000004042,"[[0.001597896654047543,-0.0023968449810713144,0.02077265650261806],[0.001331580545039619,0.0,0.021305288720633905],[0.00026631610900792384,0.0007989483270237715,0.01597896654047543],[-0.001597896654047543,0.001597896654047543,0.009853696033293183]]",783.633036632,783.6341302349999,21.875,243933,"[2067, 3547, -3426]","[[9, 6, 78], [0, 5, 80], [-3, 1, 60], [-6, -6, 37]]"
9.190071,9.538984,body,0.000000,0.000000,0.000000,0.000000,0.000000,0.000000,0.000000,0.000000,0.000000,0.000000,0.000000,0.000000,6.340445,-3.709815,-6.128558,0.001225,0.003302,-0.005912,bmi088,0.010016322000069522,"[[-0.0023968449810713144,0.001864212763055467,0.0029294771990871623],[-0.0021305288720633907,0.003195793308095086,-0.0029294771990871623],[0.0,0.004527373853134706,-0.007723167161229791],[0.0029294771990871623,0.003994741635118857,-0.010652644360316953],[0.007723167161229791,0.0029294771990871623,-0.011185276578332801]]",783.643052954,783.644376481,21.875,244198,"[2066, 3531, -3413]","[[-7, -9, 11], [-12, -8, -11], [-17, 0, -29], [-15, 11, -40], [-11, 29, -42]]"
9.200071,9.548711,body,0.000000,0.000000,0.000000,0.000000,0.000000,0.000000,0.000000,0.000000,0.000000,0.000000,0.000000,0.000000,6.320692,-3.690063,-6.142923,0.010830,0.001420,-0.013316,bmi088,0.009898815500037017,"[[0.01038632825130903,0.001597896654047543,-0.012516857123372421],[0.01171790879634865,0.001597896654047543,-0.013049489341388268],[0.01038632825130903,0.0010652644360316954,-0.014381069886427887]]",783.6529517695001,783.65398622,21.875,244447,"[2055, 3520, -3421]","[[-6, 39, -47], [-6, 44, -49], [-4, 39, -54]]"
9.210071,9.558867,body,0.000000,0.000000,0.000000,0.000000,0.000000,0.000000,0.000000,0.000000,0.000000,0.000000,0.000000,0.000000,6.361992,-3.720589,-6.182427,0.005260,-0.003329,-0.008256,bmi088,0.00999678549987948,"[[0.008522115488253563,-0.0005326322180158477,-0.014114753777419964],[0.005858954398174325,-0.003195793308095086,-0.011185276578332801],[0.003994741635118857,-0.004527373853134706,-0.00692421883420602],[0.002663161090079238,-0.005060006071150553,-0.0007989483270237715]]",783.662948555,783.664021198,21.875,244707,"[2072, 3543, -3443]","[[2, 32, -53], [12, 22, -42], [17, 15, -26], [19, 10, -3]]"
9.220070,9.568984,body,0.000000,0.000000,0.000000,0.000000,0.000000,0.000000,0.000000,0.000000,0.000000,0.000000,0.000000,0.000000,6.376358,-3.681085,-6.207566,0.002597,-0.004194,0.013715,bmi088,0.010021730000062234,"[[0.0021305288720633907,-0.005060006071150553,0.004793689962142629],[0.002663161090079238,-0.004793689962142629,0.010652644360316953],[0.002663161090079238,-0.004261057744126781,0.017044230976507126],[0.0029294771990871623,-0.002663161090079238,0.022370553156665602]]",783.672970285,783.6740308640001,21.875,244966,"[2050, 3551, -3457]","[[19, 8, 18], [18, 10, 40], [16, 10, 64], [10, 11, 84]]"
9.230073,9.579180,body,0.000000,0.000000,0.000000,0.000000,0.000000,0.000000,0.000000,0.000000,0.000000,0.000000,0.000000,0.000000,6.387131,-3.718794,-6.168062,-0.002796,0.002663,0.020373,bmi088,0.010050530499938759,"[[0.0005326322180158477,0.0,0.025300030355752765],[-0.0023968449810713144,0.0023968449810713144,0.024501082028728992],[-0.004793689962142629,0.003994741635118857,0.01997370817559429],[-0.004527373853134706,0.004261057744126781,0.01171790879634865]]",783.6830208155,783.684119699,21.875,245227,"[2071, 3557, -3435]","[[0, 2, 95], [-9, -9, 92], [-15, -18, 75], [-16, -17, 44]]"
9.240087,9.589297,body,0.000000,0.000000,0.000000,0.000000,0.000000,0.000000,0.000000,0.000000,0.000000,0.000000,0.000000,0.000000,6.338649,-3.702633,-6.130353,-0.002064,0.001731,-0.008788,bmi088,0.010041634499998509,"[[-0.002663161090079238,0.003195793308095086,0.001597896654047543],[-0.0021305288720633907,0.0021305288720633907,-0.00692421883420602],[-0.001864212763055467,0.001331580545039619,-0.013049489341388268],[-0.001597896654047543,0.00026631610900792384,-0.016777914867499202]]",783.69306245,783.694120325,21.875,245486,"[2062, 3530, -3414]","[[-12, -10, 6], [-8, -8, -26], [-5, -7, -49], [-1, -6, -63]]"
9.250075,9.599453,body,0.000000,0.000000,0.000000,0.000000,0.000000,0.000000,0.000000,0.000000,0.000000,0.000000,0.000000,0.000000,6.326079,-3.700837,-6.166266,0.001465,-0.001132,-0.017444,bmi088,0.010008289499978673,"[[0.0005326322180158477,-0.00026631610900792384,-0.01997370817559429],[0.001864212763055467,-0.0007989483270237715,-0.020240024284602212],[0.0021305288720633907,-0.001597896654047543,-0.017843179303530896],[0.001331580545039619,-0.001864212763055467,-0.01171790879634865]]",783.7030707394999,783.7041357344999,21.875,245746,"[2061, 3523, -3434]","[[1, 2, -75], [3, 7, -76], [6, 8, -67], [7, 5, -44]]"
9.260075,9.609414,body,0.000000,0.000000,0.000000,0.000000,0.000000,0.000000,0.000000,0.000000,0.000000,0.000000,0.000000,0.000000,6.367379,-3.695450,-6.205771,-0.001332,-0.002463,0.006525,bmi088,0.009885664000080396,"[[0.0007989483270237715,-0.0021305288720633907,-0.003994741635118857],[-0.0007989483270237715,-0.001864212763055467,0.003195793308095086],[-0.0021305288720633907,-0.0023968449810713144,0.01038632825130903],[-0.003195793308095086,-0.00346210941710301,0.01651159875849128]]",783.7129564035,783.7140311905,21.875,246001,"[2058, 3546, -3456]","[[8, 3, -15], [7, -3, 12], [9, -8, 39], [13, -12, 62]]"
9.270069,9.619531,body,0.000000,0.000000,0.000000,0.000000,0.000000,0.000000,0.000000,0.000000,0.000000,0.000000,0.000000,0.000000,6.381745,-3.713407,-6.186019,-0.002264,-0.002397,0.022437,bmi088,0.009977585000001454,"[[-0.0029294771990871623,-0.003728425526110934,0.021571604829641832],[-0.0023968449810713144,-0.003195793308095086,0.02476739813773692],[-0.001864212763055467,-0.001864212763055467,0.02423476591972107],[-0.001864212763055467,-0.0007989483270237715,0.019174759848570515]]",783.7229339885,783.7239962635,21.875,246260,"[2068, 3554, -3445]","[[14, -11, 81], [12, -9, 93], [7, -7, 91], [3, -7, 72]]"
9.280072,9.629805,body,0.000000,0.000000,0.000000,0.000000,0.000000,0.000000,0.000000,0.000000,0.000000,0.000000,0.000000,0.000000,6.358401,-3.699042,-6.173449,-0.002530,0.004261,0.000599,bmi088,0.010140644499983864,"[[-0.00346210941710301,0.001331580545039619,0.011451592687340724],[-0.00346210941710301,0.003994741635118857,0.003195793308095086],[-0.0023968449810713144,0.005858954398174325,-0.0029294771990871623],[-0.0007989483270237715,0.005858954398174325,-0.009321063815277334]]",783.733074633,783.734166108,21.875,246523,"[2060, 3541, -3438]","[[-5, -13, 43], [-15, -13, 12], [-22, -9, -11], [-22, -3, -35]]"
9.290071,9.640078,body,0.000000,0.000000,0.000000,0.000000,0.000000,0.000000,0.000000,0.000000,0.000000,0.000000,0.000000,0.000000,6.344036,-3.697246,-6.146514,0.002264,0.002131,-0.022504,bmi088,0.010097602999962874,"[[0.0005326322180158477,0.005326322180158476,-0.017044230976507126],[0.001864212763055467,0.003728425526110934,-0.0234358175926973],[0.002663161090079238,0.0010652644360316954,-0.02556634646476069],[0.003994741635118857,-0.001597896654047543,-0.023968449810713145]]",783.743172236,783.744316368,21.875,246786,"[2059, 3533, -3423]","[[-20, 2, -64], [-14, 7, -88], [-4, 10, -96], [6, 15, -90]]"
9.300073,9.649922,body,0.000000,0.000000,0.000000,0.000000,0.000000,0.000000,0.000000,0.000000,0.000000,0.000000,0.000000,0.000000,6.340445,-3.686472,-6.180632,0.004261,-0.003129,-0.009987,bmi088,0.009813038499942195,"[[0.005326322180158476,-0.0021305288720633907,-0.02077265650261806],[0.005858954398174325,-0.0023968449810713144,-0.014913702104443736],[0.004261057744126781,-0.0029294771990871623,-0.00692421883420602],[0.001597896654047543,-0.005060006071150553,0.002663161090079238]]",783.7529852744999,783.7540657575,21.875,247038,"[2053, 3531, -3442]","[[8, 20, -78], [9, 22, -56], [11, 16, -26], [19, 6, 10]]"
9.310072,9.659922,body,0.000000,0.000000,0.000000,0.000000,0.000000,0.000000,0.000000,0.000000,0.000000,0.000000,0.000000,0.000000,6.383540,-3.679289,-6.173449,-0.000799,-0.004061,0.017910,bmi088,0.009934720500041294,"[[-0.00026631610900792384,-0.006391586616190172,0.010120012142301106],[-0.0007989483270237715,-0.0055926382891664005,0.016777914867499202],[-0.0010652644360316954,-0.002663161090079238,0.02077265650261806],[-0.0010652644360316954,-0.001597896654047543,0.023968449810713145]]",783.762919995,783.7639675969999,21.875,247294,"[2049, 3555, -3438]","[[24, -1, 38], [21, -3, 63], [10, -4, 78], [6, -4, 90]]"
9.320068,9.670117,body,0.000000,0.000000,0.000000,0.000000,0.000000,0.000000,0.000000,0.000000,0.000000,0.000000,0.000000,0.000000,6.370971,-3.688268,-6.159084,-0.003329,-0.001798,0.017044,bmi088,0.010014546000093105,"[[-0.002663161090079238,-0.001597896654047543,0.023702133701705222],[-0.003994741635118857,-0.0023968449810713144,0.02077265650261806],[-0.004793689962142629,-0.001864212763055467,0.014913702104443736],[-0.001864212763055467,-0.001331580545039619,0.008788431597261486]]",783.772934541,783.774014448,21.875,247555,"[2054, 3548, -3430]","[[6, -10, 89], [9, -15, 78], [7, -18, 56], [5, -7, 33]]"
9.330073,9.680312,body,0.000000,0.000000,0.000000,0.000000,0.000000,0.000000,0.000000,0.000000,0.000000,0.000000,0.000000,0.000000,6.344036,-3.697246,-6.166266,0.004661,-0.003529,-0.004727,bmi088,0.01008622699987427,"[[0.002663161090079238,-0.0021305288720633907,0.002663161090079238],[0.005858954398174325,-0.003728425526110934,-0.002663161090079238],[0.005858954398174325,-0.003994741635118857,-0.007723167161229791],[0.004261057744126781,-0.004261057744126781,-0.011185276578332801]]",783.7830207679999,783.7841050750001,21.875,247816,"[2059, 3533, -3434]","[[8, 10, 10], [14, 22, -10], [15, 22, -29], [16, 16, -42]]"
9.340071,9.690391,body,0.000000,0.000000,0.000000,0.000000,0.000000,0.000000,0.000000,0.000000,0.000000,0.000000,0.000000,0.000000,6.381745,-3.682881,-6.159084,-0.000599,-0.003995,-0.010719,bmi088,0.009997089500075163,"[[0.0021305288720633907,-0.003994741635118857,-0.013315805450396193],[0.00026631610900792384,-0.004527373853134706,-0.011984224905356573],[-0.001864212763055467,-0.003728425526110934,-0.010652644360316953],[-0.0029294771990871623,-0.003728425526110934,-0.00692421883420602]]",783.7930178575,783.79407178,21.875,248074,"[2051, 3554, -3430]","[[15, 8, -50], [17, 1, -45], [14, -7, -40], [14, -11, -26]]"
9.350071,9.700469,body,0.000000,0.000000,0.000000,0.000000,0.000000,0.000000,0.000000,0.000000,0.000000,0.000000,0.000000,0.000000,6.365584,-3.700837,-6.182427,-0.000067,-0.002397,0.007390,bmi088,0.009928432500032613,"[[-0.0023968449810713144,-0.00346210941710301,-0.001864212763055467],[-0.001597896654047543,-0.003195793308095086,0.0055926382891664005],[0.0010652644360316954,-0.0023968449810713144,0.01171790879634865],[0.002663161090079238,-0.0005326322180158477,0.014114753777419964]]",783.80294629,783.804037909,21.875,248332,"[2061, 3545, -3443]","[[13, -9, -7], [12, -6, 21], [9, 4, 44], [2, 10, 53]]"
9.360091,9.710313,body,0.000000,0.000000,0.000000,0.000000,0.000000,0.000000,0.000000,0.000000,0.000000,0.000000,0.000000,0.000000,6.347627,-3.720589,-6.160879,0.002197,0.001465,0.012450,bmi088,0.010039217999974426,"[[0.003994741635118857,0.0010652644360316954,0.015446334322459582],[0.002663161090079238,0.001597896654047543,0.01464738599543581],[0.001597896654047543,0.001597896654047543,0.012516857123372421],[0.0005326322180158477,0.001597896654047543,0.007190534943213944]]",783.812985508,783.8137861140001,21.875,248584,"[2072, 3535, -3431]","[[-4, 15, 58], [-6, 10, 55], [-6, 6, 47], [-6, 2, 27]]"
9.370072,9.720625,body,0.000000,0.000000,0.000000,0.000000,0.000000,0.000000,0.000000,0.000000,0.000000,0.000000,0.000000,0.000000,6.347627,-3.708020,-6.160879,-0.000333,0.001265,-0.004128,bmi088,0.009939488499981053,"[[-0.0005326322180158477,0.001864212763055467,0.0021305288720633907],[-0.0005326322180158477,0.001331580545039619,-0.001864212763055467],[-0.0007989483270237715,0.001331580545039619,-0.006391586616190172],[0.0005326322180158477,0.0005326322180158477,-0.01038632825130903]]",783.8229249965,783.823976727,21.875,248848,"[2065, 3535, -3431]","[[-7, -2, 8], [-5, -2, -7], [-5, -3, -24], [-2, 2, -39]]"
9.380068,9.730781,body,0.000000,0.000000,0.000000,0.000000,0.000000,0.000000,0.000000,0.000000,0.000000,0.000000,0.000000,0.000000,6.351218,-3.699042,-6.178836,0.000533,-0.004993,-0.013449,bmi088,0.009989249499994912,"[[0.00026631610900792384,-0.001331580545039619,-0.014114753777419964],[0.0,-0.005060006071150553,-0.014913702104443736],[0.00026631610900792384,-0.00692421883420602,-0.01384843766841204],[0.001597896654047543,-0.006657902725198096,-0.010918960469324878]]",783.832914246,783.8340073055,21.875,249108,"[2060, 3537, -3441]","[[5, 1, -53], [19, 0, -56], [26, 1, -52], [25, 6, -41]]"
9.390071,9.740937,body,0.000000,0.000000,0.000000,0.000000,0.000000,0.000000,0.000000,0.000000,0.000000,0.000000,0.000000,0.000000,6.361992,-3.704429,-6.173449,-0.000266,-0.002863,-0.001731,bmi088,0.010133636000091428,"[[0.001864212763055467,-0.004527373853134706,-0.007190534943213944],[0.001331580545039619,-0.002663161090079238,-0.003994741635118857],[-0.0010652644360316954,-0.001864212763055467,-0.0005326322180158477],[-0.003195793308095086,-0.0023968449810713144,0.004793689962142629]]",783.8430478820001,783.844099165,21.875,249368,"[2063, 3543, -3438]","[[17, 7, -27], [10, 5, -15], [7, -4, -2], [9, -12, 18]]"
9.400073,9.750898,body,0.000000,0.000000,0.000000,0.000000,0.000000,0.000000,0.000000,0.000000,0.000000,0.000000,0.000000,0.000000,6.372766,-3.704429,-6.180632,-0.005260,-0.003595,0.014115,bmi088,0.009854110999867771,"[[-0.0055926382891664005,-0.0023968449810713144,0.010652644360316953],[-0.006125270507182248,-0.00346210941710301,0.014913702104443736],[-0.005060006071150553,-0.003994741635118857,0.015446334322459582],[-0.004261057744126781,-0.004527373853134706,0.015446334322459582]]",783.8529019929999,783.853945804,21.875,249623,"[2063, 3549, -3442]","[[9, -21, 40], [13, -23, 56], [15, -19, 58], [17, -16, 58]]"
9.410071,9.761094,body,0.000000,0.000000,0.000000,0.000000,0.000000,0.000000,0.000000,0.000000,0.000000,0.000000,0.000000,0.000000,6.390723,-3.686472,-6.171653,-0.002929,-0.006192,0.008855,bmi088,0.010039202500138344,"[[-0.003195793308095086,-0.004793689962142629,0.014114753777419964],[-0.003195793308095086,-0.005858954398174325,0.012250541014364496],[-0.002663161090079238,-0.006657902725198096,0.007456851052221868],[-0.002663161090079238,-0.007456851052221868,0.001597896654047543]]",783.8629411955001,783.863999694,21.875,249884,"[2053, 3559, -3437]","[[18, -12, 53], [22, -12, 46], [25, -10, 28], [28, -10, 6]]"
9.420072,9.771133,body,0.000000,0.000000,0.000000,0.000000,0.000000,0.000000,0.000000,0.000000,0.000000,0.000000,0.000000,0.000000,6.381745,-3.681085,-6.191405,-0.000333,-0.005859,-0.004927,bmi088,0.009844606999877215,"[[-0.001864212763055467,-0.007190534943213944,-0.003728425526110934],[-0.00026631610900792384,-0.00692421883420602,-0.0055926382891664005],[0.0007989483270237715,-0.005060006071150553,-0.005858954398174325],[0.0,-0.004261057744126781,-0.004527373853134706]]",783.8727858025,783.873928655,21.875,250141,"[2050, 3554, -3448]","[[27, -7, -14], [26, -1, -21], [19, 3, -22], [16, 0, -17]]"
9.430070,9.781562,body,0.000000,0.000000,0.000000,0.000000,0.000000,0.000000,0.000000,0.000000,0.000000,0.000000,0.000000,0.000000,6.361992,-3.697246,-6.182427,-0.000333,-0.005659,0.003595,bmi088,0.01037178399997174,"[[-0.001331580545039619,-0.004527373853134706,-0.0023968449810713144],[-0.001597896654047543,-0.0055926382891664005,0.0010652644360316954],[0.00026631610900792384,-0.006391586616190172,0.006391586616190172],[0.001331580545039619,-0.006125270507182248,0.009321063815277334]]",783.8831575864999,783.884258614,21.875,250408,"[2059, 3543, -3443]","[[17, -5, -9], [21, -6, 4], [24, 1, 24], [23, 5, 35]]"
9.440068,9.791641,body,0.000000,0.000000,0.000000,0.000000,0.000000,0.000000,0.000000,0.000000,0.000000,0.000000,0.000000,0.000000,6.365584,-3.695450,-6.160879,-0.002796,-0.001664,0.010519,bmi088,0.01000214550003875,"[[0.0005326322180158477,-0.003728425526110934,0.012250541014364496],[-0.0023968449810713144,-0.0010652644360316954,0.01038632825130903],[-0.004527373853134706,0.0,0.010652644360316953],[-0.004793689962142629,-0.001864212763055467,0.008788431597261486]]",783.893159732,783.8942269510001,21.875,250666,"[2058, 3545, -3431]","[[14, 2, 46], [4, -9, 39], [0, -17, 40], [7, -18, 33]]"
9.450071,9.801914,body,0.000000,0.000000,0.000000,0.000000,0.000000,0.000000,0.000000,0.000000,0.000000,0.000000,0.000000,0.000000,6.385336,-3.673902,-6.162675,-0.000200,-0.002064,0.002197,bmi088,0.010021282000025167,"[[-0.003728425526110934,-0.002663161090079238,0.007456851052221868],[-0.0010652644360316954,-0.002663161090079238,0.003994741635118857],[0.0010652644360316954,-0.001331580545039619,0.0005326322180158477],[0.0029294771990871623,-0.001597896654047543,-0.003195793308095086]]",783.903181014,783.904353211,21.875,250929,"[2046, 3556, -3432]","[[10, -14, 28], [10, -4, 15], [5, 4, 2], [6, 11, -12]]"
9.460070,9.811602,body,0.000000,0.000000,0.000000,0.000000,0.000000,0.000000,0.000000,0.000000,0.000000,0.000000,0.000000,0.000000,6.370971,-3.684676,-6.168062,0.003462,-0.001997,-0.009854,bmi088,0.009724365000010948,"[[0.0023968449810713144,-0.001864212763055467,-0.006391586616190172],[0.0023968449810713144,-0.0023968449810713144,-0.009321063815277334],[0.003195793308095086,-0.001864212763055467,-0.011185276578332801],[0.005858954398174325,-0.001864212763055467,-0.012516857123372421]]",783.912905379,783.9139664219999,21.875,251177,"[2052, 3548, -3435]","[[7, 9, -24], [9, 9, -35], [7, 12, -42], [7, 22, -47]]"
9.470070,9.821797,body,0.000000,0.000000,0.000000,0.000000,0.000000,0.000000,0.000000,0.000000,0.000000,0.000000,0.000000,0.000000,6.349423,-3.686472,-6.193201,0.002730,-0.004128,-0.006658,bmi088,0.010022466000009445,"[[0.006125270507182248,-0.0021305288720633907,-0.011984224905356573],[0.003994741635118857,-0.003728425526110934,-0.009587379924285258],[0.001331580545039619,-0.005060006071150553,-0.004793689962142629],[-0.0005326322180158477,-0.0055926382891664005,-0.00026631610900792384]]",783.922927845,783.924042537,21.875,251438,"[2053, 3536, -3449]","[[8, 23, -45], [14, 15, -36], [19, 5, -18], [21, -2, -1]]"
9.480070,9.831992,body,0.000000,0.000000,0.000000,0.000000,0.000000,0.000000,0.000000,0.000000,0.000000,0.000000,0.000000,0.000000,6.392518,-3.697246,-6.193201,0.001065,-0.002530,0.012583,bmi088,0.01011272400000962,"[[0.00026631610900792384,-0.005326322180158476,0.004527373853134706],[0.0007989483270237715,-0.003994741635118857,0.009853696033293183],[0.001597896654047543,-0.001597896654047543,0.01597896654047543],[0.001597896654047543,0.0007989483270237715,0.01997370817559429]]",783.933040569,783.934133148,21.875,251699,"[2059, 3560, -3449]","[[20, 1, 17], [15, 3, 37], [6, 6, 60], [-3, 6, 75]]"
9.490079,9.842500,body,0.000000,0.000000,0.000000,0.000000,0.000000,0.000000,0.000000,0.000000,0.000000,0.000000,0.000000,0.000000,6.374562,-3.700837,-6.153697,-0.002557,-0.000266,0.012890,bmi088,0.010252741999920545,"[[0.001331580545039619,0.001597896654047543,0.021571604829641832],[-0.0007989483270237715,0.001331580545039619,0.019707392066586366],[-0.003195793308095086,-0.0007989483270237715,0.01464738599543581],[-0.005326322180158476,-0.001864212763055467,0.007723167161229791],[-0.004793689962142629,-0.001597896654047543,0.0007989483270237715]]",783.9432933109999,783.944508324,21.875,251968,"[2061, 3550, -3427]","[[-6, 5, 81], [-5, -3, 74], [3, -12, 55], [7, -20, 29], [6, -18, 3]]"
9.500073,9.852070,body,0.000000,0.000000,0.000000,0.000000,0.000000,0.000000,0.000000,0.000000,0.000000,0.000000,0.000000,0.000000,6.358401,-3.700837,-6.132149,-0.001065,0.000533,-0.011008,bmi088,0.009642923000001247,"[[-0.003195793308095086,0.0,-0.005060006071150553],[-0.0010652644360316954,0.0007989483270237715,-0.011451592687340724],[0.0010652644360316954,0.0007989483270237715,-0.01651159875849128]]",783.9529362339999,783.9539778364999,21.875,252213,"[2061, 3541, -3415]","[[0, -12, -19], [-3, -4, -43], [-3, 4, -62]]"
9.510073,9.862227,body,0.000000,0.000000,0.000000,0.000000,0.000000,0.000000,0.000000,0.000000,0.000000,0.000000,0.000000,0.000000,6.344036,-3.695450,-6.141127,0.001598,-0.001798,-0.014448,bmi088,0.010012754000058521,"[[0.001331580545039619,0.0005326322180158477,-0.01864212763055467],[0.0010652644360316954,-0.0007989483270237715,-0.016777914867499202],[0.0010652644360316954,-0.002663161090079238,-0.013315805450396193],[0.0029294771990871623,-0.004261057744126781,-0.009054747706269411]]",783.962948988,783.964007119,21.875,252473,"[2058, 3533, -3420]","[[-2, 5, -70], [3, 4, -63], [10, 4, -50], [16, 11, -34]]"
9.520072,9.872695,body,0.000000,0.000000,0.000000,0.000000,0.000000,0.000000,0.000000,0.000000,0.000000,0.000000,0.000000,0.000000,6.388927,-3.697246,-6.194997,0.002344,-0.008096,0.008203,bmi088,0.010325351000005867,"[[0.004793689962142629,-0.005858954398174325,-0.003994741635118857],[0.004527373853134706,-0.007190534943213944,0.0021305288720633907],[0.002663161090079238,-0.008788431597261486,0.008788431597261486],[0.0005326322180158477,-0.009587379924285258,0.014913702104443736],[-0.0007989483270237715,-0.009054747706269411,0.019174759848570515]]",783.973274339,783.974383095,21.875,252741,"[2059, 3558, -3450]","[[22, 18, -15], [27, 17, 8], [33, 10, 33], [36, 2, 56], [34, -3, 72]]"
9.530071,9.882539,body,0.000000,0.000000,0.000000,0.000000,0.000000,0.000000,0.000000,0.000000,0.000000,0.000000,0.000000,0.000000,6.387131,-3.688268,-6.189610,-0.002841,-0.005770,0.020418,bmi088,0.009778493999988314,"[[-0.001864212763055467,-0.007723167161229791,0.021305288720633905],[-0.002663161090079238,-0.0055926382891664005,0.021305288720633905],[-0.003994741635118857,-0.003994741635118857,0.01864212763055467]]",783.983052833,783.9841081,21.875,252993,"[2054, 3557, -3447]","[[29, -7, 80], [21, -10, 80], [15, -15, 70]]"
9.540076,9.892656,body,0.000000,0.000000,0.000000,0.000000,0.000000,0.000000,0.000000,0.000000,0.000000,0.000000,0.000000,0.000000,6.349423,-3.697246,-6.148310,-0.000067,-0.001531,0.005726,bmi088,0.010000753500094106,"[[-0.00346210941710301,-0.0021305288720633907,0.014114753777419964],[-0.001597896654047543,-0.0010652644360316954,0.009054747706269411],[0.001331580545039619,-0.0010652644360316954,0.003195793308095086],[0.00346210941710301,-0.001864212763055467,-0.00346210941710301]]",783.9930535865001,783.994128422,21.875,253252,"[2059, 3536, -3424]","[[8, -13, 53], [4, -6, 34], [4, 5, 12], [7, 13, -13]]"
9.550071,9.902266,body,0.000000,0.000000,0.000000,0.000000,0.000000,0.000000,0.000000,0.000000,0.000000,0.000000,0.000000,0.000000,6.324284,-3.688268,-6.137536,0.001531,-0.002730,-0.017044,bmi088,0.009685547999879418,"[[0.002663161090079238,-0.0029294771990871623,-0.011185276578332801],[0.001597896654047543,-0.003195793308095086,-0.017044230976507126],[0.0010652644360316954,-0.0029294771990871623,-0.020240024284602212],[0.0007989483270237715,-0.001864212763055467,-0.019707392066586366]]",784.0027391345,784.003622894,21.875,253498,"[2054, 3522, -3418]","[[11, 10, -42], [12, 6, -64], [11, 4, -76], [7, 3, -74]]"
9.560073,9.912852,body,0.000000,0.000000,0.000000,0.000000,0.000000,0.000000,0.000000,0.000000,0.000000,0.000000,0.000000,0.000000,6.392518,-3.704429,-6.173449,-0.001398,-0.002530,-0.007390,bmi088,0.010276454500058207,"[[0.0005326322180158477,-0.001331580545039619,-0.01731054708551505],[-0.0007989483270237715,-0.0021305288720633907,-0.01171790879634865],[-0.0021305288720633907,-0.0029294771990871623,-0.004527373853134706],[-0.003195793308095086,-0.003728425526110934,0.003994741635118857]]",784.013015589,784.0140788240001,21.875,253769,"[2063, 3560, -3438]","[[5, 2, -65], [8, -3, -44], [11, -8, -17], [14, -12, 15]]"
9.570072,9.922813,body,0.000000,0.000000,0.000000,0.000000,0.000000,0.000000,0.000000,0.000000,0.000000,0.000000,0.000000,0.000000,6.399701,-3.708020,-6.203975,-0.008056,-0.003196,0.020040,bmi088,0.009899168000060854,"[[-0.004793689962142629,-0.002663161090079238,0.01171790879634865],[-0.00692421883420602,-0.0023968449810713144,0.017576863194522972],[-0.009054747706269411,-0.00346210941710301,0.023968449810713145],[-0.011451592687340724,-0.004261057744126781,0.02689792700980031]]",784.0229147570001,784.0239543115,21.875,254024,"[2065, 3564, -3455]","[[10, -18, 44], [9, -26, 66], [13, -34, 90], [16, -43, 101]]"
9.580067,9.934023,body,0.000000,0.000000,0.000000,0.000000,0.000000,0.000000,0.000000,0.000000,0.000000,0.000000,0.000000,0.000000,6.367379,-3.688268,-6.160879,-0.006591,-0.000333,0.017643,bmi088,0.010085858999900665,"[[-0.010918960469324878,-0.003728425526110934,0.02636529479178446],[-0.007989483270237714,-0.001597896654047543,0.021038972611625982],[-0.003994741635118857,0.0010652644360316954,0.01464738599543581],[-0.00346210941710301,0.0029294771990871623,0.008522115488253563]]",784.033000616,784.034874457,21.875,254311,"[2054, 3546, -3431]","[[14, -41, 99], [6, -30, 79], [-4, -15, 55], [-11, -13, 32]]"
9.590073,9.943086,body,0.000000,0.000000,0.000000,0.000000,0.000000,0.000000,0.000000,0.000000,0.000000,0.000000,0.000000,0.000000,6.336853,-3.713407,-6.148310,-0.000333,0.004661,-0.010187,bmi088,0.009913072000017564,"[[-0.0029294771990871623,0.004527373853134706,0.0023968449810713144],[-0.0023968449810713144,0.005060006071150553,-0.0055926382891664005],[0.0010652644360316954,0.005060006071150553,-0.014913702104443736],[0.0029294771990871623,0.003994741635118857,-0.022636869265673525]]",784.042913688,784.043967083,21.875,254543,"[2068, 3529, -3424]","[[-17, -11, 9], [-19, -9, -21], [-19, 4, -56], [-15, 11, -85]]"
9.600070,9.953203,body,0.000000,0.000000,0.000000,0.000000,0.000000,0.000000,0.000000,0.000000,0.000000,0.000000,0.000000,0.000000,6.353014,-3.713407,-6.173449,0.007723,0.001997,-0.020839,bmi088,0.010026641999957064,"[[0.0055926382891664005,0.002663161090079238,-0.025033714246744842],[0.007190534943213944,0.001864212763055467,-0.023169501483689375],[0.009054747706269411,0.0021305288720633907,-0.01997370817559429],[0.009054747706269411,0.001331580545039619,-0.015180018213451659]]",784.05294033,784.0539939810001,21.875,254802,"[2068, 3538, -3438]","[[-10, 21, -94], [-7, 27, -87], [-8, 34, -75], [-5, 34, -57]]"
9.610072,9.963359,body,0.000000,0.000000,0.000000,0.000000,0.000000,0.000000,0.000000,0.000000,0.000000,0.000000,0.000000,0.000000,6.376358,-3.695450,-6.162675,0.002463,-0.003662,0.002929,bmi088,0.009999666000112484,"[[0.007456851052221868,-0.0005326322180158477,-0.01038632825130903],[0.004527373853134706,-0.003728425526110934,-0.0007989483270237715],[0.0005326322180158477,-0.005326322180158476,0.007190534943213944],[-0.002663161090079238,-0.005060006071150553,0.015712650431467506]]",784.0629399960001,784.064012143,21.875,255062,"[2058, 3551, -3432]","[[2, 28, -39], [14, 17, -3], [20, 2, 27], [19, -10, 59]]"
9.620071,9.973555,body,0.000000,0.000000,0.000000,0.000000,0.000000,0.000000,0.000000,0.000000,0.000000,0.000000,0.000000,0.000000,6.383540,-3.693655,-6.180632,-0.003995,0.000000,0.021039,bmi088,0.010066754499916897,"[[-0.004527373853134706,-0.002663161090079238,0.020240024284602212],[-0.003728425526110934,-0.00026631610900792384,0.023169501483689375],[-0.003994741635118857,0.001331580545039619,0.022636869265673525],[-0.003728425526110934,0.001597896654047543,0.018109495412538822]]",784.0730067505,784.074099794,21.875,255323,"[2057, 3555, -3442]","[[10, -17, 76], [1, -14, 87], [-5, -15, 85], [-6, -14, 68]]"
9.630071,9.983633,body,0.000000,0.000000,0.000000,0.000000,0.000000,0.000000,0.000000,0.000000,0.000000,0.000000,0.000000,0.000000,6.392518,-3.695450,-6.186019,0.000466,0.000932,0.001864,bmi088,0.010013729999968746,"[[-0.002663161090079238,0.001597896654047543,0.011185276578332801],[-0.0007989483270237715,0.0007989483270237715,0.004527373853134706],[0.002663161090079238,0.0007989483270237715,-0.001331580545039619],[0.002663161090079238,0.0005326322180158477,-0.00692421883420602]]",784.0830204805,784.0840888519999,21.875,255581,"[2058, 3560, -3445]","[[-6, -10, 42], [-3, -3, 17], [-3, 10, -5], [-2, 10, -26]]"
9.640072,9.993867,body,0.000000,0.000000,0.000000,0.000000,0.000000,0.000000,0.000000,0.000000,0.000000,0.000000,0.000000,0.000000,6.340445,-3.700837,-6.155492,0.005459,0.000133,-0.017577,bmi088,0.01004502650005179,"[[0.003994741635118857,0.0007989483270237715,-0.012516857123372421],[0.00346210941710301,0.0005326322180158477,-0.016777914867499202],[0.006657902725198096,0.0,-0.01997370817559429],[0.007723167161229791,-0.0007989483270237715,-0.021038972611625982]]",784.093065507,784.094190231,21.875,255843,"[2061, 3531, -3428]","[[-3, 15, -47], [-2, 13, -63], [0, 25, -75], [3, 29, -79]]"
9.650071,10.003867,body,0.000000,0.000000,0.000000,0.000000,0.000000,0.000000,0.000000,0.000000,0.000000,0.000000,0.000000,0.000000,6.356605,-3.659537,-6.184223,0.008722,-0.003529,-0.011252,bmi088,0.009774173499977223,"[[0.009853696033293183,-0.001331580545039619,-0.019707392066586366],[0.009587379924285258,-0.002663161090079238,-0.015180018213451659],[0.009054747706269411,-0.003994741635118857,-0.009321063815277334],[0.006391586616190172,-0.006125270507182248,-0.0007989483270237715]]",784.1028396805,784.104102407,21.875,256099,"[2038, 3540, -3444]","[[5, 37, -74], [10, 36, -57], [15, 34, -35], [23, 24, -3]]"
9.660071,10.014062,body,0.000000,0.000000,0.000000,0.000000,0.000000,0.000000,0.000000,0.000000,0.000000,0.000000,0.000000,0.000000,6.383540,-3.673902,-6.184223,0.003795,-0.003928,0.018043,bmi088,0.010124436000069181,"[[0.004793689962142629,-0.006657902725198096,0.008522115488253563],[0.003728425526110934,-0.006125270507182248,0.01731054708551505],[0.00346210941710301,-0.0029294771990871623,0.021571604829641832],[0.003195793308095086,0.0,0.02476739813773692]]",784.1129641165,784.114179722,21.875,256360,"[2046, 3555, -3444]","[[25, 18, 32], [23, 14, 65], [11, 13, 81], [0, 12, 93]]"
9.670072,10.023750,body,0.000000,0.000000,0.000000,0.000000,0.000000,0.000000,0.000000,0.000000,0.000000,0.000000,0.000000,0.000000,6.372766,-3.711611,-6.175245,0.001798,0.001465,0.017710,bmi088,0.009830830999931095,"[[0.002663161090079238,0.001597896654047543,0.025033714246744842],[0.001864212763055467,0.001331580545039619,0.02290318537468145],[0.0010652644360316954,0.001331580545039619,0.01597896654047543],[0.001597896654047543,0.001597896654047543,0.00692421883420602]]",784.1227949475,784.123734212,21.875,256608,"[2067, 3549, -3439]","[[-6, 10, 94], [-5, 7, 86], [-5, 4, 60], [-6, 6, 26]]"
9.680071,10.034219,body,0.000000,0.000000,0.000000,0.000000,0.000000,0.000000,0.000000,0.000000,0.000000,0.000000,0.000000,0.000000,6.335058,-3.697246,-6.166266,0.010253,0.000932,-0.014714,bmi088,0.010217461000024741,"[[0.004527373853134706,0.001331580545039619,-0.003195793308095086],[0.008522115488253563,0.001331580545039619,-0.011984224905356573],[0.012783173232380344,0.0005326322180158477,-0.01944107595757844],[0.015180018213451659,0.0005326322180158477,-0.02423476591972107]]",784.1330124085,784.1340923,21.875,256876,"[2059, 3528, -3434]","[[-5, 17, -12], [-5, 32, -45], [-2, 48, -73], [-2, 57, -91]]"
9.690071,10.044336,body,0.000000,0.000000,0.000000,0.000000,0.000000,0.000000,0.000000,0.000000,0.000000,0.000000,0.000000,0.000000,6.356605,-3.684676,-6.173449,0.012783,-0.000533,-0.023036,bmi088,0.010031058500089785,"[[0.015712650431467506,0.0005326322180158477,-0.02636529479178446],[0.014381069886427887,0.0,-0.025832662573768612],[0.011451592687340724,-0.0010652644360316954,-0.02290318537468145],[0.009587379924285258,-0.001597896654047543,-0.017044230976507126]]",784.1430434670001,784.1441116139999,21.875,257135,"[2052, 3540, -3438]","[[-2, 59, -99], [0, 54, -97], [4, 43, -86], [6, 36, -64]]"
9.700073,10.054336,body,0.000000,0.000000,0.000000,0.000000,0.000000,0.000000,0.000000,0.000000,0.000000,0.000000,0.000000,0.000000,6.367379,-3.697246,-6.187814,0.005260,-0.001664,0.004194,bmi088,0.00990929599993251,"[[0.007723167161229791,-0.0007989483270237715,-0.007989483270237714],[0.006391586616190172,-0.0010652644360316954,0.0005326322180158477],[0.004527373853134706,-0.001864212763055467,0.009321063815277334],[0.0023968449810713144,-0.0029294771990871623,0.014913702104443736]]",784.152952763,784.153991853,21.875,257391,"[2059, 3546, -3446]","[[3, 29, -30], [4, 24, 2], [7, 17, 35], [11, 9, 56]]"
9.710071,10.064727,body,0.000000,0.000000,0.000000,0.000000,0.000000,0.000000,0.000000,0.000000,0.000000,0.000000,0.000000,0.000000,6.356605,-3.704429,-6.180632,-0.002330,-0.003396,0.021305,bmi088,0.010225732999970205,"[[-0.0005326322180158477,-0.0023968449810713144,0.01997370817559429],[-0.002663161090079238,-0.002663161090079238,0.022370553156665602],[-0.00346210941710301,-0.003728425526110934,0.023169501483689375],[-0.002663161090079238,-0.004793689962142629,0.019707392066586366]]",784.163178496,784.164276612,21.875,257657,"[2063, 3540, -3442]","[[9, -2, 75], [10, -10, 84], [14, -13, 87], [18, -10, 74]]"
9.720071,10.074570,body,0.000000,0.000000,0.000000,0.000000,0.000000,0.000000,0.000000,0.000000,0.000000,0.000000,0.000000,0.000000,6.342240,-3.706224,-6.153697,-0.003662,-0.000533,0.002131,bmi088,0.009768637999968632,"[[-0.0023968449810713144,-0.003195793308095086,0.013049489341388268],[-0.00346210941710301,-0.0010652644360316954,0.005060006071150553],[-0.004261057744126781,0.0007989483270237715,-0.001864212763055467],[-0.004527373853134706,0.001331580545039619,-0.007723167161229791]]",784.172947134,784.1740064969999,21.875,257909,"[2064, 3532, -3427]","[[12, -9, 49], [4, -13, 19], [-3, -16, -7], [-5, -17, -29]]"
9.730069,10.084727,body,0.000000,0.000000,0.000000,0.000000,0.000000,0.000000,0.000000,0.000000,0.000000,0.000000,0.000000,0.000000,6.335058,-3.668515,-6.146514,-0.002397,-0.001997,-0.015979,bmi088,0.009999665500004085,"[[-0.00346210941710301,0.00026631610900792384,-0.012783173232380344],[-0.002663161090079238,-0.001331580545039619,-0.01597896654047543],[-0.001597896654047543,-0.003195793308095086,-0.017576863194522972],[-0.001864212763055467,-0.003728425526110934,-0.017576863194522972]]",784.1829467995,784.184045299,21.875,258169,"[2043, 3528, -3423]","[[-1, -13, -48], [5, -10, -60], [12, -6, -66], [14, -7, -66]]"
9.740074,10.094883,body,0.000000,0.000000,0.000000,0.000000,0.000000,0.000000,0.000000,0.000000,0.000000,0.000000,0.000000,0.000000,6.347627,-3.670311,-6.169858,-0.003529,-0.006658,-0.006458,bmi088,0.010057554500008337,"[[-0.0021305288720633907,-0.004261057744126781,-0.014913702104443736],[-0.003195793308095086,-0.006391586616190172,-0.009054747706269411],[-0.003994741635118857,-0.007723167161229791,-0.003728425526110934],[-0.004793689962142629,-0.00825579937924564,0.001864212763055467]]",784.193004354,784.19410535,21.875,258429,"[2044, 3535, -3436]","[[16, -8, -56], [24, -12, -34], [29, -15, -14], [31, -18, 7]]"
9.750074,10.105000,body,0.000000,0.000000,0.000000,0.000000,0.000000,0.000000,0.000000,0.000000,0.000000,0.000000,0.000000,0.000000,6.383540,-3.691859,-6.186019,-0.010653,-0.005992,0.017444,bmi088,0.010065074999943135,"[[-0.006657902725198096,-0.007989483270237714,0.007190534943213944],[-0.009054747706269411,-0.006391586616190172,0.014913702104443736],[-0.012250541014364496,-0.005326322180158476,0.02210423704765768],[-0.01464738599543581,-0.004261057744126781,0.02556634646476069]]",784.2030694289999,784.2041153995001,21.875,258688,"[2056, 3555, -3445]","[[30, -25, 27], [24, -34, 56], [20, -46, 83], [16, -55, 96]]"
9.760071,10.115000,body,0.000000,0.000000,0.000000,0.000000,0.000000,0.000000,0.000000,0.000000,0.000000,0.000000,0.000000,0.000000,6.379949,-3.702633,-6.159084,-0.013316,-0.006724,0.017510,bmi088,0.009859439000138082,"[[-0.015712650431467506,-0.0055926382891664005,0.025300030355752765],[-0.015180018213451659,-0.006391586616190172,0.02077265650261806],[-0.012783173232380344,-0.007190534943213944,0.014913702104443736],[-0.009587379924285258,-0.007723167161229791,0.009054747706269411]]",784.2129288680001,784.213978775,21.875,258944,"[2062, 3553, -3430]","[[21, -59, 95], [24, -57, 78], [27, -48, 56], [29, -36, 34]]"
9.770071,10.125039,body,0.000000,0.000000,0.000000,0.000000,0.000000,0.000000,0.000000,0.000000,0.000000,0.000000,0.000000,0.000000,6.358401,-3.699042,-6.141127,-0.001931,-0.005393,-0.001864,bmi088,0.009941969000010431,"[[-0.006125270507182248,-0.006657902725198096,0.004527373853134706],[-0.0023968449810713144,-0.0055926382891664005,0.0005326322180158477],[0.00026631610900792384,-0.004261057744126781,-0.003728425526110934],[0.0005326322180158477,-0.005060006071150553,-0.008788431597261486]]",784.2228708370001,784.223927175,21.875,259201,"[2060, 3541, -3420]","[[25, -23, 17], [21, -9, 2], [16, 1, -14], [19, 2, -33]]"
9.780075,10.135977,body,0.000000,0.000000,0.000000,0.000000,0.000000,0.000000,0.000000,0.000000,0.000000,0.000000,0.000000,0.000000,6.370971,-3.681085,-6.168062,-0.003595,-0.005260,-0.010786,bmi088,0.01034943149988976,"[[-0.0021305288720633907,-0.004527373853134706,-0.012250541014364496],[-0.00346210941710301,-0.005060006071150553,-0.013315805450396193],[-0.004261057744126781,-0.005060006071150553,-0.010918960469324878],[-0.004527373853134706,-0.006391586616190172,-0.006657902725198096]]",784.2332202685,784.23466719,21.875,259481,"[2050, 3548, -3435]","[[17, -8, -46], [19, -13, -50], [19, -16, -41], [24, -17, -25]]"
9.790067,10.145313,body,0.000000,0.000000,0.000000,0.000000,0.000000,0.000000,0.000000,0.000000,0.000000,0.000000,0.000000,0.000000,6.390723,-3.697246,-6.178836,-0.009254,-0.006059,0.008256,bmi088,0.009681500000056076,"[[-0.006125270507182248,-0.00692421883420602,-0.0021305288720633907],[-0.008522115488253563,-0.00692421883420602,0.003994741635118857],[-0.010652644360316953,-0.005858954398174325,0.011451592687340724],[-0.01171790879634865,-0.004527373853134706,0.019707392066586366]]",784.2429017685,784.243949707,21.875,259720,"[2059, 3559, -3441]","[[26, -23, -8], [26, -32, 15], [22, -40, 43], [17, -44, 74]]"
9.800068,10.155430,body,0.000000,0.000000,0.000000,0.000000,0.000000,0.000000,0.000000,0.000000,0.000000,0.000000,0.000000,0.000000,6.381745,-3.718794,-6.151901,-0.008189,-0.004461,0.026099,bmi088,0.01004635449999114,"[[-0.010918960469324878,-0.005326322180158476,0.02636529479178446],[-0.009321063815277334,-0.004793689962142629,0.0290284558818637],[-0.007190534943213944,-0.004527373853134706,0.027963191445832],[-0.005326322180158476,-0.003195793308095086,0.021038972611625982]]",784.252948123,784.253983533,21.875,259979,"[2071, 3554, -3426]","[[20, -41, 99], [18, -35, 109], [17, -27, 105], [12, -20, 79]]"
9.810071,10.165820,body,0.000000,0.000000,0.000000,0.000000,0.000000,0.000000,0.000000,0.000000,0.000000,0.000000,0.000000,0.000000,6.374562,-3.716998,-6.160879,-0.003262,-0.001065,0.000266,bmi088,0.010164068499989298,"[[-0.004793689962142629,-0.0023968449810713144,0.012783173232380344],[-0.003994741635118857,-0.0005326322180158477,0.003994741635118857],[-0.002663161090079238,-0.0005326322180158477,-0.004261057744126781],[-0.001597896654047543,-0.0007989483270237715,-0.011451592687340724]]",784.2631121915,784.264245924,21.875,260245,"[2070, 3550, -3431]","[[9, -18, 48], [2, -15, 15], [2, -10, -16], [3, -6, -43]]"
9.820073,10.175703,body,0.000000,0.000000,0.000000,0.000000,0.000000,0.000000,0.000000,0.000000,0.000000,0.000000,0.000000,0.000000,6.374562,-3.713407,-6.159084,0.000932,-0.001065,-0.017577,bmi088,0.009808734000102959,"[[-0.0010652644360316954,-0.0021305288720633907,-0.017044230976507126],[0.0,-0.001331580545039619,-0.019174759848570515],[0.001331580545039619,-0.00026631610900792384,-0.018375811521546746],[0.00346210941710301,-0.0005326322180158477,-0.015712650431467506]]",784.2729209255001,784.2739886730001,21.875,260498,"[2068, 3550, -3430]","[[8, -4, -64], [5, 0, -72], [1, 5, -69], [2, 13, -59]]"
9.830071,10.185859,body,0.000000,0.000000,0.000000,0.000000,0.000000,0.000000,0.000000,0.000000,0.000000,0.000000,0.000000,0.000000,6.381745,-3.695450,-6.171653,0.002264,-0.002064,-0.000666,bmi088,0.010038177999831532,"[[0.00346210941710301,-0.001864212763055467,-0.009587379924285258],[0.00346210941710301,-0.0029294771990871623,-0.00346210941710301],[0.001864212763055467,-0.0029294771990871623,0.003195793308095086],[0.00026631610900792384,-0.0005326322180158477,0.007190534943213944]]",784.2829591034999,784.284070787,21.875,260758,"[2058, 3554, -3437]","[[7, 13, -36], [11, 13, -13], [11, 7, 12], [2, 1, 27]]"
9.840073,10.196016,body,0.000000,0.000000,0.000000,0.000000,0.000000,0.000000,0.000000,0.000000,0.000000,0.000000,0.000000,0.000000,6.378153,-3.699042,-6.169858,-0.002730,0.000732,0.012251,bmi088,0.01006262600003538,"[[-0.001597896654047543,0.00026631610900792384,0.009853696033293183],[-0.003195793308095086,0.0010652644360316954,0.011451592687340724],[-0.00346210941710301,0.0005326322180158477,0.013049489341388268],[-0.002663161090079238,0.0010652644360316954,0.01464738599543581]]",784.2930217295,784.294082388,21.875,261018,"[2060, 3552, -3436]","[[-1, -6, 37], [-4, -12, 43], [-2, -13, 49], [-4, -10, 55]]"
9.850076,10.206250,body,0.000000,0.000000,0.000000,0.000000,0.000000,0.000000,0.000000,0.000000,0.000000,0.000000,0.000000,0.000000,6.345832,-3.742137,-6.153697,0.004328,0.001598,0.008322,bmi088,0.010157507500025531,"[[0.0010652644360316954,0.0021305288720633907,0.014381069886427887],[0.004527373853134706,0.0021305288720633907,0.011451592687340724],[0.006391586616190172,0.001864212763055467,0.006125270507182248],[0.005326322180158476,0.00026631610900792384,0.001331580545039619]]",784.303179237,784.3042314639999,21.875,261280,"[2084, 3534, -3427]","[[-8, 4, 54], [-8, 17, 43], [-7, 24, 23], [-1, 20, 5]]"
9.860073,10.216133,body,0.000000,0.000000,0.000000,0.000000,0.000000,0.000000,0.000000,0.000000,0.000000,0.000000,0.000000,0.000000,6.356605,-3.711611,-6.151901,0.004394,-0.000399,-0.012384,bmi088,0.00974734050009829,"[[0.004793689962142629,-0.00026631610900792384,-0.005060006071150553],[0.004261057744126781,-0.001331580545039619,-0.01038632825130903],[0.003994741635118857,-0.00026631610900792384,-0.016245282649483356],[0.004527373853134706,0.00026631610900792384,-0.017843179303530896]]",784.3129265775001,784.313984244,21.875,261533,"[2067, 3540, -3426]","[[1, 18, -19], [5, 16, -39], [1, 15, -61], [-1, 17, -67]]"
9.870071,10.226250,body,0.000000,0.000000,0.000000,0.000000,0.000000,0.000000,0.000000,0.000000,0.000000,0.000000,0.000000,0.000000,6.394314,-3.702633,-6.178836,0.005859,-0.001265,-0.008123,bmi088,0.009998304499958977,"[[0.00692421883420602,0.0005326322180158477,-0.01651159875849128],[0.007190534943213944,-0.0007989483270237715,-0.01171790879634865],[0.005858954398174325,-0.0021305288720633907,-0.005060006071150553],[0.00346210941710301,-0.002663161090079238,0.0007989483270237715]]",784.322924882,784.323981253,21.875,261792,"[2062, 3561, -3441]","[[-2, 26, -62], [3, 27, -44], [8, 22, -19], [10, 13, 3]]"
9.880079,10.236758,body,0.000000,0.000000,0.000000,0.000000,0.000000,0.000000,0.000000,0.000000,0.000000,0.000000,0.000000,0.000000,6.369175,-3.668515,-6.184223,-0.000053,0.001172,0.012197,bmi088,0.010302661999958218,"[[0.001864212763055467,-0.001864212763055467,0.0055926382891664005],[0.0007989483270237715,-0.0007989483270237715,0.009321063815277334],[-0.00026631610900792384,0.001331580545039619,0.013049489341388268],[-0.001597896654047543,0.002663161090079238,0.01597896654047543],[-0.0010652644360316954,0.004527373853134706,0.017044230976507126]]",784.333227544,784.3343874530001,21.875,262061,"[2043, 3547, -3444]","[[7, 7, 21], [3, 3, 35], [-5, -1, 49], [-10, -6, 60], [-17, -4, 64]]"
9.890069,10.246562,body,0.000000,0.000000,0.000000,0.000000,0.000000,0.000000,0.000000,0.000000,0.000000,0.000000,0.000000,0.000000,6.369175,-3.679289,-6.189610,0.003817,0.004882,0.008522,bmi088,0.009785276999991765,"[[0.001331580545039619,0.004793689962142629,0.014381069886427887],[0.005060006071150553,0.005060006071150553,0.009054747706269411],[0.005060006071150553,0.004793689962142629,0.0021305288720633907]]",784.343012821,784.34406524,21.875,262312,"[2049, 3547, -3447]","[[-18, 5, 54], [-19, 19, 34], [-18, 19, 8]]"
9.900071,10.256602,body,0.000000,0.000000,0.000000,0.000000,0.000000,0.000000,0.000000,0.000000,0.000000,0.000000,0.000000,0.000000,6.345832,-3.693655,-6.132149,0.003329,0.004461,-0.013249,bmi088,0.009907678999979908,"[[0.00346210941710301,0.004793689962142629,-0.004527373853134706],[0.001331580545039619,0.004527373853134706,-0.010652644360316953],[0.003195793308095086,0.004793689962142629,-0.017044230976507126],[0.005326322180158476,0.003728425526110934,-0.02077265650261806]]",784.3529205,784.353996375,21.875,262569,"[2057, 3534, -3415]","[[-18, 13, -17], [-17, 5, -40], [-18, 12, -64], [-14, 20, -78]]"
9.910072,10.266914,body,0.000000,0.000000,0.000000,0.000000,0.000000,0.000000,0.000000,0.000000,0.000000,0.000000,0.000000,0.000000,6.363788,-3.679289,-6.155492,0.010120,0.001398,-0.015513,bmi088,0.010147652000000562,"[[0.008788431597261486,0.00346210941710301,-0.020506340393610135],[0.009853696033293183,0.0023968449810713144,-0.018109495412538822],[0.011451592687340724,0.0010652644360316954,-0.014114753777419964],[0.01038632825130903,-0.001331580545039619,-0.009321063815277334]]",784.363068152,784.364231644,21.875,262833,"[2049, 3544, -3428]","[[-13, 33, -77], [-9, 37, -68], [-4, 43, -53], [5, 39, -35]]"
9.920070,10.277578,body,0.000000,0.000000,0.000000,0.000000,0.000000,0.000000,0.000000,0.000000,0.000000,0.000000,0.000000,0.000000,6.361992,-3.675698,-6.186019,0.004794,-0.001811,0.008469,bmi088,0.010523753500024213,"[[0.008522115488253563,-0.002663161090079238,-0.002663161090079238],[0.005326322180158476,-0.002663161090079238,0.003195793308095086],[0.003728425526110934,-0.001597896654047543,0.009853696033293183],[0.00346210941710301,-0.0010652644360316954,0.014381069886427887],[0.0029294771990871623,-0.0010652644360316954,0.017576863194522972]]",784.3735919055,784.374742022,21.875,263106,"[2047, 3543, -3445]","[[10, 32, -10], [10, 20, 12], [6, 14, 37], [4, 13, 54], [4, 11, 66]]"
9.930068,10.287031,body,0.000000,0.000000,0.000000,0.000000,0.000000,0.000000,0.000000,0.000000,0.000000,0.000000,0.000000,0.000000,6.363788,-3.713407,-6.186019,0.000533,-0.001687,0.012428,bmi088,0.00935984600005213,"[[0.0021305288720633907,-0.001864212763055467,0.016245282649483356],[0.00026631610900792384,-0.001864212763055467,0.012250541014364496],[-0.0007989483270237715,-0.001331580545039619,0.008788431597261486]]",784.3829517515001,784.3840672905,21.875,263348,"[2068, 3544, -3445]","[[7, 8, 61], [7, 1, 46], [5, -3, 33]]"
9.940073,10.297148,body,0.000000,0.000000,0.000000,0.000000,0.000000,0.000000,0.000000,0.000000,0.000000,0.000000,0.000000,0.000000,6.338649,-3.699042,-6.160879,-0.000599,-0.000666,-0.003795,bmi088,0.010058353499971417,"[[-0.001864212763055467,-0.0007989483270237715,0.005060006071150553],[-0.001864212763055467,-0.001331580545039619,-0.00026631610900792384],[-0.0005326322180158477,-0.0005326322180158477,-0.006391586616190172],[0.001864212763055467,0.0,-0.013582121559404116]]",784.393010105,784.394092828,21.875,263607,"[2060, 3530, -3431]","[[3, -7, 19], [5, -7, -1], [2, -2, -24], [0, 7, -51]]"
9.950072,10.307109,body,0.000000,0.000000,0.000000,0.000000,0.000000,0.000000,0.000000,0.000000,0.000000,0.000000,0.000000,0.000000,6.349423,-3.684676,-6.151901,0.003995,-0.003795,-0.016978,bmi088,0.009906158999910986,"[[0.003994741635118857,0.0,-0.01731054708551505],[0.005060006071150553,-0.0029294771990871623,-0.018908443739562592],[0.003994741635118857,-0.005326322180158476,-0.017576863194522972],[0.0029294771990871623,-0.00692421883420602,-0.014114753777419964]]",784.4029162639999,784.4039676904999,21.875,263862,"[2052, 3536, -3426]","[[0, 15, -65], [11, 19, -71], [20, 15, -66], [26, 11, -53]]"
9.960069,10.317227,body,0.000000,0.000000,0.000000,0.000000,0.000000,0.000000,0.000000,0.000000,0.000000,0.000000,0.000000,0.000000,6.383540,-3.702633,-6.193201,0.002330,-0.007191,-0.000266,bmi088,0.009964688000081878,"[[0.0023968449810713144,-0.007723167161229791,-0.009587379924285258],[0.002663161090079238,-0.00825579937924564,-0.003994741635118857],[0.002663161090079238,-0.007456851052221868,0.002663161090079238],[0.001597896654047543,-0.005326322180158476,0.009853696033293183]]",784.412880952,784.4139646829999,21.875,264121,"[2062, 3555, -3449]","[[29, 9, -36], [31, 10, -15], [28, 10, 10], [20, 6, 37]]"
9.970071,10.327383,body,0.000000,0.000000,0.000000,0.000000,0.000000,0.000000,0.000000,0.000000,0.000000,0.000000,0.000000,0.000000,6.363788,-3.720589,-6.178836,-0.003396,-0.002397,0.021438,bmi088,0.010044033499980287,"[[-0.0007989483270237715,-0.003728425526110934,0.016777914867499202],[-0.0029294771990871623,-0.0023968449810713144,0.021038972611625982],[-0.004527373853134706,-0.0023968449810713144,0.023702133701705222],[-0.005326322180158476,-0.0010652644360316954,0.02423476591972107]]",784.4229249855,784.423980524,21.875,264381,"[2072, 3544, -3441]","[[14, -3, 63], [9, -11, 79], [9, -17, 89], [4, -20, 91]]"
9.980070,10.337656,body,0.000000,0.000000,0.000000,0.000000,0.000000,0.000000,0.000000,0.000000,0.000000,0.000000,0.000000,0.000000,6.345832,-3.704429,-6.159084,-0.004794,-0.000067,0.012117,bmi088,0.010026801000094565,"[[-0.0055926382891664005,0.0,0.021571604829641832],[-0.005060006071150553,0.0007989483270237715,0.01651159875849128],[-0.004261057744126781,0.00026631610900792384,0.009054747706269411],[-0.004261057744126781,-0.001331580545039619,0.001331580545039619]]",784.4329517865001,784.434145488,21.875,264644,"[2063, 3534, -3430]","[[0, -21, 81], [-3, -19, 62], [-1, -16, 34], [5, -16, 5]]"
9.990071,10.347891,body,0.000000,0.000000,0.000000,0.000000,0.000000,0.000000,0.000000,0.000000,0.000000,0.000000,0.000000,0.000000,6.329671,-3.682881,-6.153697,-0.004194,-0.003196,-0.012983,bmi088,0.010180148499898678,"[[-0.004527373853134706,-0.0023968449810713144,-0.006125270507182248],[-0.005060006071150553,-0.003195793308095086,-0.012250541014364496],[-0.003728425526110934,-0.00346210941710301,-0.01597896654047543],[-0.00346210941710301,-0.003728425526110934,-0.017576863194522972]]",784.443131935,784.4442734429999,21.875,264906,"[2051, 3525, -3427]","[[9, -17, -23], [12, -19, -46], [13, -14, -60], [14, -13, -66]]"
10.000071,10.357734,body,0.000000,0.000000,0.000000,0.000000,0.000000,0.000000,0.000000,0.000000,0.000000,0.000000,0.000000,0.000000,6.358401,-3.700837,-6.180632,-0.003396,-0.008189,-0.008788,bmi088,0.009801037000102042,"[[-0.0029294771990871623,-0.005060006071150553,-0.016777914867499202],[-0.003994741635118857,-0.007190534943213944,-0.013315805450396193],[-0.003728425526110934,-0.009853696033293183,-0.00692421883420602],[-0.0029294771990871623,-0.010652644360316953,0.001864212763055467]]",784.4529329720001,784.453995007,21.875,265158,"[2061, 3541, -3442]","[[19, -11, -63], [27, -15, -50], [37, -14, -26], [40, -11, 7]]"
10.010071,10.368398,body,0.000000,0.000000,0.000000,0.000000,0.000000,0.000000,0.000000,0.000000,0.000000,0.000000,0.000000,0.000000,6.390723,-3.700837,-6.175245,-0.002823,-0.007137,0.018908,bmi088,0.010438392499963811,"[[-0.0021305288720633907,-0.009853696033293183,0.01038632825130903],[-0.001864212763055467,-0.007989483270237714,0.017044230976507126],[-0.0021305288720633907,-0.006657902725198096,0.021305288720633905],[-0.003728425526110934,-0.006125270507182248,0.022636869265673525],[-0.004261057744126781,-0.005060006071150553,0.023169501483689375]]",784.4633713645001,784.464539049,21.875,265431,"[2061, 3559, -3439]","[[37, -8, 39], [30, -7, 64], [25, -8, 80], [23, -14, 85], [19, -16, 87]]"
10.020073,10.377930,body,0.000000,0.000000,0.000000,0.000000,0.000000,0.000000,0.000000,0.000000,0.000000,0.000000,0.000000,0.000000,6.349423,-3.708020,-6.157288,-0.004439,-0.002219,0.018021,bmi088,0.009601945499980502,"[[-0.003994741635118857,-0.003728425526110934,0.021837920938649755],[-0.003994741635118857,-0.001597896654047543,0.018908443739562592],[-0.005326322180158476,-0.001331580545039619,0.013315805450396193]]",784.47297331,784.473981744,21.875,265675,"[2065, 3536, -3429]","[[14, -15, 82], [6, -15, 71], [5, -20, 50]]"
10.030072,10.387969,body,0.000000,0.000000,0.000000,0.000000,0.000000,0.000000,0.000000,0.000000,0.000000,0.000000,0.000000,0.000000,6.353014,-3.709815,-6.135740,-0.004261,-0.002663,-0.003928,bmi088,0.0097896929999024,"[[-0.006125270507182248,-0.00026631610900792384,0.005858954398174325],[-0.004793689962142629,-0.001864212763055467,-0.0010652644360316954],[-0.003195793308095086,-0.003195793308095086,-0.007989483270237714],[-0.0029294771990871623,-0.005326322180158476,-0.012516857123372421]]",784.482763003,784.483918512,21.875,265932,"[2066, 3538, -3417]","[[1, -23, 22], [7, -18, -4], [12, -12, -30], [20, -11, -47]]"
10.040073,10.398945,body,0.000000,0.000000,0.000000,0.000000,0.000000,0.000000,0.000000,0.000000,0.000000,0.000000,0.000000,0.000000,6.338649,-3.681085,-6.168062,-0.001065,-0.007523,-0.013915,bmi088,0.010247365500049455,"[[-0.0023968449810713144,-0.006657902725198096,-0.015446334322459582],[-0.001864212763055467,-0.007456851052221868,-0.015180018213451659],[0.00026631610900792384,-0.007723167161229791,-0.014381069886427887],[-0.00026631610900792384,-0.00825579937924564,-0.010652644360316953]]",784.4930103685,784.4948819215,21.875,266213,"[2050, 3530, -3435]","[[25, -9, -58], [28, -7, -57], [29, 1, -54], [31, -1, -40]]"
10.050074,10.408281,body,0.000000,0.000000,0.000000,0.000000,0.000000,0.000000,0.000000,0.000000,0.000000,0.000000,0.000000,0.000000,6.363788,-3.699042,-6.202179,-0.006325,-0.005792,0.007457,bmi088,0.009919007000007696,"[[-0.0023968449810713144,-0.007723167161229791,-0.004527373853134706],[-0.006125270507182248,-0.006657902725198096,0.003728425526110934],[-0.00825579937924564,-0.004527373853134706,0.01171790879634865],[-0.008522115488253563,-0.004261057744126781,0.018908443739562592]]",784.5029293755,784.5039876344999,21.875,266452,"[2060, 3544, -3454]","[[29, -9, -17], [25, -23, 14], [17, -31, 44], [16, -32, 71]]"
10.060072,10.418320,body,0.000000,0.000000,0.000000,0.000000,0.000000,0.000000,0.000000,0.000000,0.000000,0.000000,0.000000,0.000000,6.388927,-3.700837,-6.168062,-0.006125,-0.004194,0.021771,bmi088,0.00997731250004108,"[[-0.007456851052221868,-0.004261057744126781,0.022636869265673525],[-0.006125270507182248,-0.005326322180158476,0.023169501483689375],[-0.0055926382891664005,-0.004527373853134706,0.021571604829641832],[-0.005326322180158476,-0.002663161090079238,0.019707392066586366]]",784.512906688,784.5139477305,21.875,266709,"[2061, 3558, -3435]","[[16, -28, 85], [20, -23, 87], [17, -21, 81], [10, -20, 74]]"
10.070071,10.428437,body,0.000000,0.000000,0.000000,0.000000,0.000000,0.000000,0.000000,0.000000,0.000000,0.000000,0.000000,0.000000,6.344036,-3.699042,-6.169858,-0.003063,-0.001198,0.003862,bmi088,0.010018256999956066,"[[-0.004261057744126781,-0.0005326322180158477,0.015180018213451659],[-0.00346210941710301,-0.0005326322180158477,0.00825579937924564],[-0.002663161090079238,-0.001597896654047543,-0.0005326322180158477],[-0.001864212763055467,-0.0021305288720633907,-0.007456851052221868]]",784.522924945,784.5239581475,21.875,266968,"[2060, 3533, -3436]","[[2, -16, 57], [2, -13, 31], [6, -10, -2], [8, -7, -28]]"
10.080069,10.438594,body,0.000000,0.000000,0.000000,0.000000,0.000000,0.000000,0.000000,0.000000,0.000000,0.000000,0.000000,0.000000,6.340445,-3.691859,-6.164471,0.005593,-0.001332,-0.015646,bmi088,0.010196004000022185,"[[0.001331580545039619,-0.001864212763055467,-0.012516857123372421],[0.003994741635118857,-0.001597896654047543,-0.014913702104443736],[0.007456851052221868,-0.0010652644360316954,-0.017576863194522972],[0.009587379924285258,-0.0007989483270237715,-0.017576863194522972]]",784.533120949,784.533955828,21.875,267228,"[2056, 3531, -3433]","[[7, 5, -47], [6, 15, -56], [4, 28, -66], [3, 36, -66]]"
10.090071,10.448711,body,0.000000,0.000000,0.000000,0.000000,0.000000,0.000000,0.000000,0.000000,0.000000,0.000000,0.000000,0.000000,6.376358,-3.716998,-6.171653,0.006858,-0.003795,-0.005526,bmi088,0.009827502000007371,"[[0.010652644360316953,-0.001864212763055467,-0.014913702104443736],[0.008788431597261486,-0.003728425526110934,-0.009054747706269411],[0.005060006071150553,-0.004527373853134706,-0.0021305288720633907],[0.0029294771990871623,-0.005060006071150553,0.003994741635118857]]",784.542948451,784.5439805809999,21.875,267487,"[2070, 3551, -3437]","[[7, 40, -56], [14, 33, -34], [17, 19, -8], [19, 11, 15]]"
10.100071,10.458789,body,0.000000,0.000000,0.000000,0.000000,0.000000,0.000000,0.000000,0.000000,0.000000,0.000000,0.000000,0.000000,6.372766,-3.715202,-6.187814,-0.000866,-0.005393,0.019175,bmi088,0.009932191499956389,"[[0.0010652644360316954,-0.0055926382891664005,0.012250541014364496],[-0.00026631610900792384,-0.006125270507182248,0.018908443739562592],[-0.001864212763055467,-0.0055926382891664005,0.022636869265673525],[-0.0023968449810713144,-0.004261057744126781,0.02290318537468145]]",784.5528806425,784.5539495575,21.875,267745,"[2069, 3549, -3446]","[[21, 4, 46], [23, -1, 71], [21, -7, 85], [16, -9, 86]]"
10.110079,10.468906,body,0.000000,0.000000,0.000000,0.000000,0.000000,0.000000,0.000000,0.000000,0.000000,0.000000,0.000000,0.000000,6.338649,-3.720589,-6.173449,0.000866,0.000932,0.013982,bmi088,0.009935903500036147,"[[-0.00026631610900792384,-0.001864212763055467,0.021571604829641832],[0.0010652644360316954,0.0,0.01864212763055467],[0.001864212763055467,0.0023968449810713144,0.01171790879634865],[0.0007989483270237715,0.003195793308095086,0.003994741635118857]]",784.562816546,784.5639535739999,21.875,268004,"[2072, 3530, -3438]","[[7, -1, 81], [0, 4, 70], [-9, 7, 44], [-12, 3, 15]]"
10.120077,10.479141,body,0.000000,0.000000,0.000000,0.000000,0.000000,0.000000,0.000000,0.000000,0.000000,0.000000,0.000000,0.000000,6.344036,-3.695450,-6.153697,0.005127,0.002131,-0.014181,bmi088,0.01018277200000739,"[[0.0021305288720633907,0.003728425526110934,-0.003728425526110934],[0.004261057744126781,0.003195793308095086,-0.011451592687340724],[0.006391586616190172,0.001864212763055467,-0.017843179303530896],[0.007723167161229791,-0.00026631610900792384,-0.023702133701705222]]",784.572999318,784.574075257,21.875,268266,"[2058, 3533, -3427]","[[-14, 8, -14], [-12, 16, -43], [-7, 24, -67], [1, 29, -89]]"
10.130071,10.489609,body,0.000000,0.000000,0.000000,0.000000,0.000000,0.000000,0.000000,0.000000,0.000000,0.000000,0.000000,0.000000,6.347627,-3.661333,-6.171653,0.009534,-0.001758,-0.014647,bmi088,0.010204756999883102,"[[0.008788431597261486,-0.001331580545039619,-0.02423476591972107],[0.009587379924285258,-0.0021305288720633907,-0.022636869265673525],[0.009853696033293183,-0.0023968449810713144,-0.01597896654047543],[0.009853696033293183,-0.001864212763055467,-0.009321063815277334],[0.009587379924285258,-0.0010652644360316954,-0.0010652644360316954]]",784.5832040749999,784.5843997275,21.875,268534,"[2039, 3535, -3437]","[[5, 33, -91], [8, 36, -85], [9, 37, -60], [7, 37, -35], [4, 36, -4]]"
10.140075,10.499297,body,0.000000,0.000000,0.000000,0.000000,0.000000,0.000000,0.000000,0.000000,0.000000,0.000000,0.000000,0.000000,6.374562,-3.679289,-6.178836,0.007013,-0.000089,0.012606,bmi088,0.009736171500094315,"[[0.008788431597261486,0.0,0.006125270507182248],[0.007723167161229791,-0.00026631610900792384,0.012783173232380344],[0.004527373853134706,0.0,0.018908443739562592]]",784.5929402465,784.594014858,21.875,268782,"[2049, 3550, -3441]","[[0, 33, 23], [1, 29, 48], [0, 17, 71]]"
10.150069,10.509414,body,0.000000,0.000000,0.000000,0.000000,0.000000,0.000000,0.000000,0.000000,0.000000,0.000000,0.000000,0.000000,6.372766,-3.709815,-6.194997,-0.003795,0.000866,0.019374,bmi088,0.010036529500098368,"[[0.0005326322180158477,0.0007989483270237715,0.021038972611625982],[-0.004261057744126781,0.0007989483270237715,0.021038972611625982],[-0.0055926382891664005,0.0010652644360316954,0.019174759848570515],[-0.005858954398174325,0.0007989483270237715,0.016245282649483356]]",784.6029767760001,784.6040188425,21.875,269041,"[2066, 3549, -3450]","[[-3, 2, 79], [-3, -16, 79], [-4, -21, 72], [-3, -22, 61]]"
10.160071,10.519609,body,0.000000,0.000000,0.000000,0.000000,0.000000,0.000000,0.000000,0.000000,0.000000,0.000000,0.000000,0.000000,6.329671,-3.718794,-6.175245,0.000399,0.002131,-0.003063,bmi088,0.010002368999948885,"[[-0.003994741635118857,0.0010652644360316954,0.009321063815277334],[-0.0021305288720633907,0.001331580545039619,0.001597896654047543],[0.001864212763055467,0.0023968449810713144,-0.007723167161229791],[0.005858954398174325,0.003728425526110934,-0.015446334322459582]]",784.612979145,784.6140800759999,21.875,269302,"[2071, 3525, -3439]","[[-4, -15, 35], [-5, -8, 6], [-9, 7, -29], [-14, 22, -58]]"
10.170071,10.529219,body,0.000000,0.000000,0.000000,0.000000,0.000000,0.000000,0.000000,0.000000,0.000000,0.000000,0.000000,0.000000,6.365584,-3.702633,-6.175245,0.010653,0.002330,-0.023769,bmi088,0.009571977499945206,"[[0.008522115488253563,0.004527373853134706,-0.022370553156665602],[0.01038632825130903,0.0029294771990871623,-0.026098978682776535],[0.011451592687340724,0.001864212763055467,-0.025300030355752765],[0.012250541014364496,0.0,-0.021305288720633905]]",784.6225511225,784.6235888839999,21.875,269548,"[2062, 3545, -3439]","[[-17, 32, -84], [-11, 39, -98], [-7, 43, -95], [0, 46, -80]]"
10.180075,10.539961,body,0.000000,0.000000,0.000000,0.000000,0.000000,0.000000,0.000000,0.000000,0.000000,0.000000,0.000000,0.000000,6.358401,-3.716998,-6.162675,0.007856,-0.000133,-0.001132,bmi088,0.010569850499905442,"[[0.011451592687340724,-0.0010652644360316954,-0.013049489341388268],[0.009321063815277334,-0.0010652644360316954,-0.005060006071150553],[0.006125270507182248,0.00026631610900792384,0.003195793308095086],[0.004527373853134706,0.001331580545039619,0.01038632825130903]]",784.6331209729999,784.634197056,21.875,269823,"[2070, 3541, -3432]","[[4, 43, -49], [4, 35, -19], [-1, 23, 12], [-5, 17, 39]]"
10.190068,10.549961,body,0.000000,0.000000,0.000000,0.000000,0.000000,0.000000,0.000000,0.000000,0.000000,0.000000,0.000000,0.000000,6.356605,-3.697246,-6.184223,0.000000,-0.000999,0.019841,bmi088,0.009941647500113504,"[[0.0023968449810713144,0.0,0.017044230976507126],[0.0010652644360316954,-0.001331580545039619,0.020506340393610135],[-0.001331580545039619,-0.001864212763055467,0.021571604829641832],[-0.0021305288720633907,-0.0007989483270237715,0.020240024284602212]]",784.6430626205,784.644104543,21.875,270079,"[2059, 3540, -3444]","[[0, 9, 64], [5, 4, 77], [7, -5, 81], [3, -8, 76]]"
10.200071,10.559961,body,0.000000,0.000000,0.000000,0.000000,0.000000,0.000000,0.000000,0.000000,0.000000,0.000000,0.000000,0.000000,6.387131,-3.686472,-6.160879,-0.001997,0.000399,0.008456,bmi088,0.009885151000048609,"[[-0.002663161090079238,-0.0007989483270237715,0.017576863194522972],[-0.002663161090079238,0.0,0.012783173232380344],[-0.0021305288720633907,0.0007989483270237715,0.005858954398174325],[-0.0005326322180158477,0.001597896654047543,-0.0023968449810713144]]",784.6529477715001,784.653996814,21.875,270335,"[2053, 3557, -3431]","[[3, -10, 66], [0, -10, 48], [-3, -8, 22], [-6, -2, -9]]"
10.210074,10.570234,body,0.000000,0.000000,0.000000,0.000000,0.000000,0.000000,0.000000,0.000000,0.000000,0.000000,0.000000,0.000000,6.336853,-3.673902,-6.171653,0.004527,-0.000067,-0.017244,bmi088,0.010111586499988334,"[[0.0021305288720633907,0.001864212763055467,-0.010652644360316953],[0.005060006071150553,0.0010652644360316954,-0.016245282649483356],[0.006125270507182248,-0.0005326322180158477,-0.020240024284602212],[0.004793689962142629,-0.002663161090079238,-0.021837920938649755]]",784.663059358,784.664128129,21.875,270598,"[2046, 3529, -3437]","[[-7, 8, -40], [-4, 19, -61], [2, 23, -76], [10, 18, -82]]"
10.220070,10.580156,body,0.000000,0.000000,0.000000,0.000000,0.000000,0.000000,0.000000,0.000000,0.000000,0.000000,0.000000,0.000000,6.354810,-3.682881,-6.182427,0.001864,-0.003662,-0.011851,bmi088,0.009893022999904133,"[[0.0021305288720633907,-0.00346210941710301,-0.021571604829641832],[0.001331580545039619,-0.00346210941710301,-0.01731054708551505],[0.001864212763055467,-0.003728425526110934,-0.008522115488253563],[0.0021305288720633907,-0.003994741635118857,0.0]]",784.672952381,784.673986191,21.875,270852,"[2051, 3539, -3443]","[[13, 8, -81], [13, 5, -65], [14, 7, -32], [15, 8, 0]]"
10.230073,10.590781,body,0.000000,0.000000,0.000000,0.000000,0.000000,0.000000,0.000000,0.000000,0.000000,0.000000,0.000000,0.000000,6.379949,-3.697246,-6.203975,-0.003941,-0.003995,0.015979,bmi088,0.01043077600002107,"[[0.00026631610900792384,-0.004527373853134706,0.007989483270237714],[-0.0029294771990871623,-0.003728425526110934,0.012783173232380344],[-0.0055926382891664005,-0.003728425526110934,0.018109495412538822],[-0.006391586616190172,-0.003728425526110934,0.01997370817559429],[-0.005060006071150553,-0.004261057744126781,0.021038972611625982]]",784.683383157,784.684480377,21.875,271124,"[2059, 3553, -3455]","[[17, 1, 30], [14, -11, 48], [14, -21, 68], [14, -24, 75], [16, -19, 79]]"
10.240076,10.600625,body,0.000000,0.000000,0.000000,0.000000,0.000000,0.000000,0.000000,0.000000,0.000000,0.000000,0.000000,0.000000,6.370971,-3.709815,-6.187814,-0.004439,-0.002841,0.016423,bmi088,0.009770029000037539,"[[-0.003994741635118857,-0.003994741635118857,0.01997370817559429],[-0.004527373853134706,-0.0029294771990871623,0.018109495412538822],[-0.004793689962142629,-0.001597896654047543,0.011185276578332801]]",784.693153186,784.694195604,21.875,271376,"[2066, 3548, -3446]","[[15, -15, 75], [11, -17, 68], [6, -18, 42]]"
10.250070,10.610508,body,0.000000,0.000000,0.000000,0.000000,0.000000,0.000000,0.000000,0.000000,0.000000,0.000000,0.000000,0.000000,6.336853,-3.690063,-6.137536,-0.002463,-0.001465,-0.009388,bmi088,0.009772780500043154,"[[-0.004261057744126781,-0.0005326322180158477,0.001864212763055467],[-0.003195793308095086,-0.0010652644360316954,-0.007989483270237714],[-0.002663161090079238,-0.0021305288720633907,-0.01384843766841204],[0.00026631610900792384,-0.0021305288720633907,-0.017576863194522972]]",784.7029259665001,784.703975601,21.875,271629,"[2055, 3529, -3418]","[[2, -16, 7], [4, -12, -30], [8, -10, -52], [8, 1, -66]]"
10.260072,10.620664,body,0.000000,0.000000,0.000000,0.000000,0.000000,0.000000,0.000000,0.000000,0.000000,0.000000,0.000000,0.000000,6.333262,-3.672107,-6.141127,0.005393,-0.002397,-0.015247,bmi088,0.010058577999870977,"[[0.003728425526110934,-0.0010652644360316954,-0.019707392066586366],[0.006125270507182248,-0.001331580545039619,-0.018375811521546746],[0.006657902725198096,-0.002663161090079238,-0.014913702104443736],[0.005060006071150553,-0.004527373853134706,-0.007989483270237714]]",784.7129845444999,784.7140428035,21.875,271889,"[2045, 3527, -3420]","[[4, 14, -74], [5, 23, -69], [10, 25, -56], [17, 19, -30]]"
10.270071,10.630703,body,0.000000,0.000000,0.000000,0.000000,0.000000,0.000000,0.000000,0.000000,0.000000,0.000000,0.000000,0.000000,6.374562,-3.700837,-6.166266,-0.001864,-0.005926,0.007457,bmi088,0.009972768000125143,"[[0.001331580545039619,-0.0055926382891664005,-0.0007989483270237715],[-0.001864212763055467,-0.006391586616190172,0.006391586616190172],[-0.003994741635118857,-0.006391586616190172,0.011185276578332801],[-0.0029294771990871623,-0.005326322180158476,0.013049489341388268]]",784.7229573125001,784.7239576664999,21.875,272146,"[2061, 3550, -3434]","[[21, 5, -3], [24, -7, 24], [24, -15, 42], [20, -11, 49]]"
10.280073,10.641016,body,0.000000,0.000000,0.000000,0.000000,0.000000,0.000000,0.000000,0.000000,0.000000,0.000000,0.000000,0.000000,6.361992,-3.709815,-6.150106,-0.006458,-0.006192,0.016245,bmi088,0.010122339499957889,"[[-0.0029294771990871623,-0.0055926382891664005,0.014114753777419964],[-0.005060006071150553,-0.0055926382891664005,0.015712650431467506],[-0.007989483270237714,-0.006657902725198096,0.01731054708551505],[-0.009853696033293183,-0.00692421883420602,0.017843179303530896]]",784.733079652,784.734155191,21.875,272410,"[2066, 3543, -3425]","[[21, -11, 53], [21, -19, 59], [25, -30, 65], [26, -37, 67]]"
10.290070,10.650820,body,0.000000,0.000000,0.000000,0.000000,0.000000,0.000000,0.000000,0.000000,0.000000,0.000000,0.000000,0.000000,6.374562,-3.702633,-6.166266,-0.005459,-0.006125,0.006991,bmi088,0.009679786999981843,"[[-0.008522115488253563,-0.00692421883420602,0.01597896654047543],[-0.006391586616190172,-0.00692421883420602,0.01171790879634865],[-0.003994741635118857,-0.005858954398174325,0.004261057744126781],[-0.0029294771990871623,-0.004793689962142629,-0.003994741635118857]]",784.742759439,784.7438242095,21.875,272661,"[2062, 3550, -3434]","[[26, -32, 60], [26, -24, 44], [22, -15, 16], [18, -11, -15]]"
10.300072,10.661055,body,0.000000,0.000000,0.000000,0.000000,0.000000,0.000000,0.000000,0.000000,0.000000,0.000000,0.000000,0.000000,6.367379,-3.699042,-6.150106,-0.000732,-0.003928,-0.014847,bmi088,0.010157619500091641,"[[-0.001597896654047543,-0.00346210941710301,-0.011451592687340724],[-0.001331580545039619,-0.00346210941710301,-0.016245282649483356],[0.0,-0.003728425526110934,-0.01731054708551505],[0.0,-0.005060006071150553,-0.014381069886427887]]",784.7529170585001,784.7539822609999,21.875,272923,"[2060, 3546, -3425]","[[13, -6, -43], [13, -5, -61], [14, 0, -65], [19, 0, -54]]"
10.310074,10.671172,body,0.000000,0.000000,0.000000,0.000000,0.000000,0.000000,0.000000,0.000000,0.000000,0.000000,0.000000,0.000000,6.351218,-3.708020,-6.180632,-0.002863,-0.007790,-0.002197,bmi088,0.009988976499926139,"[[0.0,-0.006657902725198096,-0.009587379924285258],[-0.0023968449810713144,-0.00825579937924564,-0.004793689962142629],[-0.003728425526110934,-0.008522115488253563,0.00026631610900792384],[-0.005326322180158476,-0.007723167161229791,0.005326322180158476]]",784.762906035,784.7639593495,21.875,273182,"[2065, 3537, -3442]","[[25, 0, -36], [31, -9, -18], [32, -14, 1], [29, -20, 20]]"
10.320071,10.681484,body,0.000000,0.000000,0.000000,0.000000,0.000000,0.000000,0.000000,0.000000,0.000000,0.000000,0.000000,0.000000,6.387131,-3.718794,-6.214749,-0.002197,-0.004661,0.021305,bmi088,0.010155779499882556,"[[-0.004527373853134706,-0.007190534943213944,0.013049489341388268],[-0.0029294771990871623,-0.0055926382891664005,0.020240024284602212],[-0.0005326322180158477,-0.003994741635118857,0.025832662573768612],[-0.0007989483270237715,-0.001864212763055467,0.026098978682776535]]",784.7730618144999,784.774170298,21.875,273446,"[2071, 3557, -3461]","[[27, -17, 49], [21, -11, 76], [15, -2, 97], [7, -3, 98]]"
10.330077,10.691602,body,0.000000,0.000000,0.000000,0.000000,0.000000,0.000000,0.000000,0.000000,0.000000,0.000000,0.000000,0.000000,6.381745,-3.724181,-6.169858,-0.003462,-0.001398,0.014581,bmi088,0.010018737000109468,"[[-0.001864212763055467,-0.001597896654047543,0.022370553156665602],[-0.004261057744126781,-0.001331580545039619,0.017843179303530896],[-0.003994741635118857,-0.001597896654047543,0.01171790879634865],[-0.003728425526110934,-0.0010652644360316954,0.006391586616190172]]",784.7830805515,784.784164187,21.875,273705,"[2074, 3554, -3436]","[[6, -7, 84], [5, -16, 67], [6, -15, 44], [4, -14, 24]]"
10.340071,10.701562,body,0.000000,0.000000,0.000000,0.000000,0.000000,0.000000,0.000000,0.000000,0.000000,0.000000,0.000000,0.000000,6.356605,-3.711611,-6.148310,0.000999,-0.002264,-0.008655,bmi088,0.009884302500040576,"[[-0.001331580545039619,-0.0010652644360316954,-0.0007989483270237715],[0.0,-0.001331580545039619,-0.006657902725198096],[0.002663161090079238,-0.002663161090079238,-0.011984224905356573],[0.002663161090079238,-0.003994741635118857,-0.015180018213451659]]",784.792964854,784.794015145,21.875,273960,"[2067, 3540, -3424]","[[4, -5, -3], [5, 0, -25], [10, 10, -45], [15, 10, -57]]"
10.350067,10.711680,body,0.000000,0.000000,0.000000,0.000000,0.000000,0.000000,0.000000,0.000000,0.000000,0.000000,0.000000,0.000000,6.354810,-3.699042,-6.164471,0.004261,-0.003529,-0.013382,bmi088,0.009976240500009226,"[[0.003195793308095086,-0.003728425526110934,-0.016777914867499202],[0.004261057744126781,-0.00346210941710301,-0.01651159875849128],[0.004527373853134706,-0.003195793308095086,-0.013049489341388268],[0.005060006071150553,-0.003728425526110934,-0.007190534943213944]]",784.8029410945,784.804010857,21.875,274219,"[2060, 3539, -3433]","[[14, 12, -63], [13, 16, -62], [12, 17, -49], [14, 19, -27]]"
10.360072,10.721719,body,0.000000,0.000000,0.000000,0.000000,0.000000,0.000000,0.000000,0.000000,0.000000,0.000000,0.000000,0.000000,6.381745,-3.704429,-6.178836,0.001731,-0.004661,0.009055,bmi088,0.00996660799989968,"[[0.00346210941710301,-0.004793689962142629,0.0],[0.001597896654047543,-0.005326322180158476,0.007723167161229791],[0.001331580545039619,-0.005326322180158476,0.012783173232380344],[0.0005326322180158477,-0.003195793308095086,0.015712650431467506]]",784.8129077025,784.813955433,21.875,274476,"[2063, 3554, -3441]","[[18, 13, 0], [20, 6, 29], [20, 5, 48], [12, 2, 59]]"
10.370072,10.732266,body,0.000000,0.000000,0.000000,0.000000,0.000000,0.000000,0.000000,0.000000,0.000000,0.000000,0.000000,0.000000,6.354810,-3.713407,-6.159084,-0.002663,-0.001398,0.014048,bmi088,0.010317270500081577,"[[0.0007989483270237715,-0.001864212763055467,0.016245282649483356],[-0.001597896654047543,-0.0010652644360316954,0.01597896654047543],[-0.004261057744126781,-0.0010652644360316954,0.013582121559404116],[-0.0055926382891664005,-0.001597896654047543,0.01038632825130903]]",784.823224973,784.8243851689999,21.875,274746,"[2068, 3539, -3430]","[[7, 3, 61], [4, -6, 60], [4, -16, 51], [6, -21, 39]]"
10.380072,10.742109,body,0.000000,0.000000,0.000000,0.000000,0.000000,0.000000,0.000000,0.000000,0.000000,0.000000,0.000000,0.000000,6.335058,-3.704429,-6.141127,0.001198,-0.002197,0.000466,bmi088,0.009819581499982633,"[[-0.005326322180158476,-0.002663161090079238,0.006125270507182248],[-0.0021305288720633907,-0.002663161090079238,0.002663161090079238],[0.00346210941710301,-0.0023968449810713144,-0.001331580545039619],[0.008788431597261486,-0.0010652644360316954,-0.0055926382891664005]]",784.8330445545,784.834103997,21.875,274998,"[2063, 3528, -3420]","[[10, -20, 23], [10, -8, 10], [9, 13, -5], [4, 33, -21]]"
10.390075,10.751914,body,0.000000,0.000000,0.000000,0.000000,0.000000,0.000000,0.000000,0.000000,0.000000,0.000000,0.000000,0.000000,6.365584,-3.720589,-6.148310,0.010253,-0.001332,-0.013782,bmi088,0.009739707999983693,"[[0.011451592687340724,-0.0005326322180158477,-0.010120012142301106],[0.011451592687340724,-0.00026631610900792384,-0.014381069886427887],[0.010120012142301106,-0.001597896654047543,-0.015712650431467506],[0.007989483270237714,-0.0029294771990871623,-0.014913702104443736]]",784.8427842625,784.843822921,21.875,275249,"[2072, 3545, -3424]","[[2, 43, -38], [1, 43, -54], [6, 38, -59], [11, 30, -56]]"
10.400069,10.762266,body,0.000000,0.000000,0.000000,0.000000,0.000000,0.000000,0.000000,0.000000,0.000000,0.000000,0.000000,0.000000,6.361992,-3.706224,-6.186019,0.003928,-0.002863,-0.005260,bmi088,0.010170244000050843,"[[0.005326322180158476,-0.003195793308095086,-0.01171790879634865],[0.0029294771990871623,-0.0029294771990871623,-0.008522115488253563],[0.003195793308095086,-0.0029294771990871623,-0.003728425526110934],[0.004261057744126781,-0.0023968449810713144,0.0029294771990871623]]",784.8529545065,784.854016973,21.875,275514,"[2064, 3543, -3445]","[[12, 20, -44], [11, 11, -32], [11, 12, -14], [9, 16, 11]]"
10.410089,10.772344,body,0.000000,0.000000,0.000000,0.000000,0.000000,0.000000,0.000000,0.000000,0.000000,0.000000,0.000000,0.000000,6.378153,-3.695450,-6.166266,0.002197,-0.002330,0.015646,bmi088,0.00998566449993632,"[[0.005060006071150553,-0.0023968449810713144,0.009587379924285258],[0.0029294771990871623,-0.0023968449810713144,0.014913702104443736],[0.0007989483270237715,-0.002663161090079238,0.018109495412538822],[0.0,-0.001864212763055467,0.01997370817559429]]",784.862940171,784.863997246,21.875,275772,"[2058, 3552, -3434]","[[9, 19, 36], [9, 11, 56], [10, 3, 68], [7, 0, 75]]"
10.420068,10.782461,body,0.000000,0.000000,0.000000,0.000000,0.000000,0.000000,0.000000,0.000000,0.000000,0.000000,0.000000,0.000000,6.333262,-3.713407,-6.164471,0.003462,0.002197,0.009454,bmi088,0.010002160500107493,"[[0.0010652644360316954,0.0005326322180158477,0.018109495412538822],[0.0029294771990871623,0.001597896654047543,0.013315805450396193],[0.004261057744126781,0.003195793308095086,0.006391586616190172],[0.0055926382891664005,0.00346210941710301,0.0]]",784.8729423315001,784.8740025425,21.875,276031,"[2068, 3527, -3433]","[[-2, 4, 68], [-6, 11, 50], [-12, 16, 24], [-13, 21, 0]]"
10.430070,10.792773,body,0.000000,0.000000,0.000000,0.000000,0.000000,0.000000,0.000000,0.000000,0.000000,0.000000,0.000000,0.000000,6.322488,-3.706224,-6.166266,0.009854,0.000932,-0.013249,bmi088,0.010062481999966622,"[[0.007723167161229791,0.00346210941710301,-0.006657902725198096],[0.010652644360316953,0.001597896654047543,-0.012516857123372421],[0.011451592687340724,0.0,-0.016245282649483356],[0.009587379924285258,-0.001331580545039619,-0.017576863194522972]]",784.8830048135001,784.8841684345,21.875,276295,"[2064, 3521, -3434]","[[-13, 29, -25], [-6, 40, -47], [0, 43, -61], [5, 36, -66]]"
10.440072,10.802539,body,0.000000,0.000000,0.000000,0.000000,0.000000,0.000000,0.000000,0.000000,0.000000,0.000000,0.000000,0.000000,6.361992,-3.697246,-6.198588,0.005992,-0.002463,-0.010453,bmi088,0.009808541499978674,"[[0.007989483270237714,-0.001597896654047543,-0.017044230976507126],[0.00692421883420602,-0.0023968449810713144,-0.013582121559404116],[0.0055926382891664005,-0.0029294771990871623,-0.00825579937924564],[0.00346210941710301,-0.0029294771990871623,-0.0029294771990871623]]",784.892813355,784.8938666695,21.875,276545,"[2059, 3543, -3452]","[[6, 30, -64], [9, 26, -51], [11, 21, -31], [11, 13, -11]]"
10.450072,10.812734,body,0.000000,0.000000,0.000000,0.000000,0.000000,0.000000,0.000000,0.000000,0.000000,0.000000,0.000000,0.000000,6.385336,-3.697246,-6.184223,0.001531,-0.000799,0.008788,bmi088,0.010121858999923461,"[[0.0021305288720633907,-0.001864212763055467,0.0029294771990871623],[0.001864212763055467,-0.0007989483270237715,0.007723167161229791],[0.0010652644360316954,0.0,0.010918960469324878],[0.0010652644360316954,-0.0005326322180158477,0.013582121559404116]]",784.902935214,784.903975648,21.875,276806,"[2059, 3556, -3444]","[[7, 8, 11], [3, 7, 29], [0, 4, 41], [2, 4, 51]]"
10.460070,10.823047,body,0.000000,0.000000,0.000000,0.000000,0.000000,0.000000,0.000000,0.000000,0.000000,0.000000,0.000000,0.000000,6.360197,-3.700837,-6.166266,0.000466,0.001065,0.014514,bmi088,0.010127283000088028,"[[0.0010652644360316954,-0.0007989483270237715,0.01597896654047543],[0.0007989483270237715,0.0005326322180158477,0.01731054708551505],[0.0,0.001864212763055467,0.014913702104443736],[0.0,0.002663161090079238,0.009853696033293183]]",784.913062497,784.91416066,21.875,277070,"[2061, 3542, -3434]","[[3, 4, 60], [-2, 3, 65], [-7, 0, 56], [-10, 0, 37]]"
10.470078,10.833164,body,0.000000,0.000000,0.000000,0.000000,0.000000,0.000000,0.000000,0.000000,0.000000,0.000000,0.000000,0.000000,6.329671,-3.711611,-6.160879,0.003329,0.001731,-0.005859,bmi088,0.010040209499948105,"[[0.001597896654047543,0.0021305288720633907,0.003728425526110934],[0.00346210941710301,0.0023968449810713144,-0.003195793308095086],[0.003994741635118857,0.001597896654047543,-0.009054747706269411],[0.004261057744126781,0.0007989483270237715,-0.014913702104443736]]",784.9231027065,784.9241482289999,21.875,277329,"[2067, 3525, -3431]","[[-8, 6, 14], [-9, 13, -12], [-6, 15, -34], [-3, 16, -56]]"
10.480071,10.843242,body,0.000000,0.000000,0.000000,0.000000,0.000000,0.000000,0.000000,0.000000,0.000000,0.000000,0.000000,0.000000,6.345832,-3.691859,-6.166266,0.005260,-0.001997,-0.015180,bmi088,0.009896382500073742,"[[0.004527373853134706,0.0,-0.017576863194522972],[0.005326322180158476,-0.0007989483270237715,-0.01864212763055467],[0.0055926382891664005,-0.0029294771990871623,-0.015180018213451659],[0.0055926382891664005,-0.004261057744126781,-0.009321063815277334]]",784.9329990890001,784.9340777965,21.875,277587,"[2056, 3534, -3434]","[[0, 17, -66], [3, 20, -70], [11, 21, -57], [16, 21, -35]]"
10.490071,10.853320,body,0.000000,0.000000,0.000000,0.000000,0.000000,0.000000,0.000000,0.000000,0.000000,0.000000,0.000000,0.000000,6.363788,-3.682881,-6.202179,0.002064,-0.004061,0.006192,bmi088,0.010030017499957466,"[[0.004793689962142629,-0.004793689962142629,-0.0029294771990871623],[0.00346210941710301,-0.003994741635118857,0.003728425526110934],[0.001331580545039619,-0.003728425526110934,0.008788431597261486],[-0.001331580545039619,-0.003728425526110934,0.015180018213451659]]",784.9430291065,784.9440816690001,21.875,277845,"[2051, 3544, -3454]","[[18, 18, -11], [15, 13, 14], [14, 5, 33], [14, -5, 57]]"
10.500078,10.863516,body,0.000000,0.000000,0.000000,0.000000,0.000000,0.000000,0.000000,0.000000,0.000000,0.000000,0.000000,0.000000,6.385336,-3.697246,-6.169858,-0.004661,-0.003196,0.020173,bmi088,0.01008845050000673,"[[-0.003994741635118857,-0.003195793308095086,0.019174759848570515],[-0.005858954398174325,-0.003195793308095086,0.021571604829641832],[-0.005326322180158476,-0.003195793308095086,0.021038972611625982],[-0.00346210941710301,-0.003195793308095086,0.018908443739562592]]",784.953117557,784.95418468,21.875,278106,"[2059, 3556, -3436]","[[12, -15, 72], [12, -22, 81], [12, -20, 79], [12, -13, 71]]"
10.510069,10.873398,body,0.000000,0.000000,0.000000,0.000000,0.000000,0.000000,0.000000,0.000000,0.000000,0.000000,0.000000,0.000000,6.360197,-3.702633,-6.162675,-0.000333,-0.000866,0.005393,bmi088,0.00979511699995328,"[[-0.001597896654047543,-0.0023968449810713144,0.015446334322459582],[0.0,-0.0010652644360316954,0.009321063815277334],[0.0,-0.00026631610900792384,0.0021305288720633907],[0.00026631610900792384,0.00026631610900792384,-0.005326322180158476]]",784.962912674,784.963955188,21.875,278359,"[2062, 3542, -3432]","[[9, -6, 58], [4, 0, 35], [1, 0, 8], [-1, 1, -20]]"
10.520068,10.883594,body,0.000000,0.000000,0.000000,0.000000,0.000000,0.000000,0.000000,0.000000,0.000000,0.000000,0.000000,0.000000,6.363788,-3.677494,-6.169858,0.001132,-0.001664,-0.017111,bmi088,0.010060994000014034,"[[0.0005326322180158477,-0.0005326322180158477,-0.010918960469324878],[0.0010652644360316954,-0.001331580545039619,-0.01651159875849128],[0.001597896654047543,-0.0021305288720633907,-0.020506340393610135],[0.001331580545039619,-0.002663161090079238,-0.020506340393610135]]",784.972973668,784.9740274305,21.875,278620,"[2048, 3544, -3436]","[[2, 2, -41], [5, 4, -62], [8, 6, -77], [10, 5, -77]]"
10.530072,10.893789,body,0.000000,0.000000,0.000000,0.000000,0.000000,0.000000,0.000000,0.000000,0.000000,0.000000,0.000000,0.000000,6.360197,-3.688268,-6.182427,-0.002397,-0.005127,-0.007657,bmi088,0.010011185000053047,"[[0.0007989483270237715,-0.003728425526110934,-0.017044230976507126],[-0.0021305288720633907,-0.005326322180158476,-0.01171790879634865],[-0.003994741635118857,-0.0055926382891664005,-0.005060006071150553],[-0.004261057744126781,-0.005858954398174325,0.003195793308095086]]",784.9829848530001,784.9841143604999,21.875,278881,"[2054, 3542, -3443]","[[14, 3, -64], [20, -8, -44], [21, -15, -19], [22, -16, 12]]"
10.540070,10.903828,body,0.000000,0.000000,0.000000,0.000000,0.000000,0.000000,0.000000,0.000000,0.000000,0.000000,0.000000,0.000000,6.351218,-3.704429,-6.180632,-0.004860,-0.003396,0.019308,bmi088,0.009969999999839274,"[[-0.002663161090079238,-0.004793689962142629,0.011984224905356573],[-0.0029294771990871623,-0.004527373853134706,0.018908443739562592],[-0.005858954398174325,-0.0023968449810713144,0.02290318537468145],[-0.007989483270237714,-0.001864212763055467,0.0234358175926973]]",784.9929548529999,784.994018376,21.875,279138,"[2063, 3537, -3442]","[[18, -10, 45], [17, -11, 71], [9, -22, 86], [7, -30, 88]]"
10.550070,10.913906,body,0.000000,0.000000,0.000000,0.000000,0.000000,0.000000,0.000000,0.000000,0.000000,0.000000,0.000000,0.000000,6.353014,-3.706224,-6.189610,-0.007191,-0.001132,0.011518,bmi088,0.009978480500194564,"[[-0.007989483270237714,-0.0007989483270237715,0.01944107595757844],[-0.006657902725198096,-0.0007989483270237715,0.014381069886427887],[-0.006657902725198096,-0.001597896654047543,0.009054747706269411],[-0.007456851052221868,-0.001331580545039619,0.003195793308095086]]",785.0029333335001,785.0039882799999,21.875,279396,"[2064, 3538, -3447]","[[3, -30, 73], [3, -25, 54], [6, -25, 34], [5, -28, 12]]"
10.560069,10.923984,body,0.000000,0.000000,0.000000,0.000000,0.000000,0.000000,0.000000,0.000000,0.000000,0.000000,0.000000,0.000000,6.327875,-3.693655,-6.148310,-0.002131,0.000533,-0.012051,bmi088,0.009969647999923836,"[[-0.006657902725198096,-0.0005326322180158477,-0.003994741635118857],[-0.003994741635118857,0.0007989483270237715,-0.010918960469324878],[-0.0007989483270237715,0.001331580545039619,-0.015712650431467506],[0.0029294771990871623,0.0005326322180158477,-0.017576863194522972]]",785.0129029815,785.0139670165,21.875,279654,"[2057, 3524, -3424]","[[2, -25, -15], [-3, -15, -41], [-5, -3, -59], [-2, 11, -66]]"
10.570175,10.935430,body,0.000000,0.000000,0.000000,0.000000,0.000000,0.000000,0.000000,0.000000,0.000000,0.000000,0.000000,0.000000,6.369175,-3.708020,-6.193201,0.002131,-0.003941,-0.008096,bmi088,0.011258983500056274,"[[0.004261057744126781,-0.0005326322180158477,-0.016777914867499202],[0.004527373853134706,-0.001864212763055467,-0.013049489341388268],[0.003195793308095086,-0.004261057744126781,-0.008522115488253563],[0.0007989483270237715,-0.005858954398174325,-0.003994741635118857],[-0.0021305288720633907,-0.007190534943213944,0.001864212763055467]]",785.0241619650001,785.0252598879999,21.875,279947,"[2065, 3547, -3449]","[[2, 16, -63], [7, 17, -49], [16, 12, -32], [22, 3, -15], [27, -8, 7]]"
10.580073,10.944453,body,0.000000,0.000000,0.000000,0.000000,0.000000,0.000000,0.000000,0.000000,0.000000,0.000000,0.000000,0.000000,6.385336,-3.708020,-6.194997,-0.005238,-0.007368,0.014381,bmi088,0.00892182099994443,"[[-0.003994741635118857,-0.006657902725198096,0.008522115488253563],[-0.0055926382891664005,-0.007456851052221868,0.01464738599543581],[-0.006125270507182248,-0.007989483270237714,0.01997370817559429]]",785.033083786,785.034183998,21.875,280178,"[2065, 3556, -3450]","[[25, -15, 32], [28, -21, 55], [30, -23, 75]]"
10.590069,10.954453,body,0.000000,0.000000,0.000000,0.000000,0.000000,0.000000,0.000000,0.000000,0.000000,0.000000,0.000000,0.000000,6.387131,-3.702633,-6.162675,-0.006458,-0.002730,0.020706,bmi088,0.00993663999997807,"[[-0.007190534943213944,-0.006391586616190172,0.022370553156665602],[-0.006657902725198096,-0.003728425526110934,0.023968449810713145],[-0.006125270507182248,-0.0010652644360316954,0.021038972611625982],[-0.005858954398174325,0.00026631610900792384,0.015446334322459582]]",785.043020426,785.0440726205,21.875,280434,"[2062, 3557, -3432]","[[24, -27, 84], [14, -25, 90], [4, -23, 79], [-1, -22, 58]]"
10.600076,10.963047,body,0.000000,0.000000,0.000000,0.000000,0.000000,0.000000,0.000000,0.000000,0.000000,0.000000,0.000000,0.000000,6.351218,-3.695450,-6.159084,-0.001265,0.000266,-0.004328,bmi088,0.009188898499928655,"[[-0.0055926382891664005,0.0007989483270237715,0.006657902725198096],[-0.00346210941710301,0.0010652644360316954,-0.001597896654047543],[0.0,0.0,-0.008788431597261486],[0.003994741635118857,-0.0007989483270237715,-0.013582121559404116]]",785.0522093244999,785.052601331,21.875,280654,"[2058, 3537, -3430]","[[-3, -21, 25], [-4, -13, -6], [0, 0, -33], [3, 15, -51]]"
10.610069,10.974570,body,0.000000,0.000000,0.000000,0.000000,0.000000,0.000000,0.000000,0.000000,0.000000,0.000000,0.000000,0.000000,6.335058,-3.700837,-6.159084,0.006525,-0.002663,-0.017044,bmi088,0.010724909500027024,"[[0.007456851052221868,-0.001597896654047543,-0.016245282649483356],[0.007989483270237714,-0.0021305288720633907,-0.017576863194522972],[0.006391586616190172,-0.0029294771990871623,-0.018109495412538822],[0.004261057744126781,-0.003994741635118857,-0.016245282649483356]]",785.062934234,785.063972044,21.875,280949,"[2061, 3528, -3430]","[[6, 28, -61], [8, 30, -66], [11, 24, -68], [15, 16, -61]]"
10.620072,10.984727,body,0.000000,0.000000,0.000000,0.000000,0.000000,0.000000,0.000000,0.000000,0.000000,0.000000,0.000000,0.000000,6.360197,-3.699042,-6.180632,0.002197,-0.005326,0.000466,bmi088,0.010030881000034242,"[[0.0023968449810713144,-0.004261057744126781,-0.012516857123372421],[0.0023968449810713144,-0.004793689962142629,-0.004261057744126781],[0.0023968449810713144,-0.0055926382891664005,0.004527373853134706],[0.001597896654047543,-0.006657902725198096,0.014114753777419964]]",785.072965115,785.0740219019999,21.875,281209,"[2060, 3542, -3442]","[[16, 9, -47], [18, 9, -16], [21, 9, 17], [25, 6, 53]]"
10.630071,10.995469,body,0.000000,0.000000,0.000000,0.000000,0.000000,0.000000,0.000000,0.000000,0.000000,0.000000,0.000000,0.000000,6.370971,-3.711611,-6.187814,-0.002197,-0.005193,0.023436,bmi088,0.010151619999987815,"[[-0.00026631610900792384,-0.007190534943213944,0.02077265650261806],[-0.002663161090079238,-0.006125270507182248,0.02476739813773692],[-0.003728425526110934,-0.004527373853134706,0.02556634646476069],[-0.0021305288720633907,-0.0029294771990871623,0.022636869265673525]]",785.083116735,785.0844529660001,21.875,281484,"[2067, 3548, -3446]","[[27, -1, 78], [23, -10, 93], [17, -14, 96], [11, -8, 85]]"
10.640072,11.004922,body,0.000000,0.000000,0.000000,0.000000,0.000000,0.000000,0.000000,0.000000,0.000000,0.000000,0.000000,0.000000,6.372766,-3.725976,-6.175245,0.000866,0.000799,0.006924,bmi088,0.009834125499992297,"[[0.0005326322180158477,-0.0007989483270237715,0.016777914867499202],[0.0021305288720633907,0.00026631610900792384,0.009853696033293183],[0.001331580545039619,0.001864212763055467,0.00346210941710301],[-0.0005326322180158477,0.001864212763055467,-0.0023968449810713144]]",785.0929508605,785.094000495,21.875,281726,"[2075, 3549, -3439]","[[3, 2, 63], [-1, 8, 37], [-7, 5, 13], [-7, -2, -9]]"
10.650071,11.015156,body,0.000000,0.000000,0.000000,0.000000,0.000000,0.000000,0.000000,0.000000,0.000000,0.000000,0.000000,0.000000,6.347627,-3.695450,-6.137536,0.000133,0.000533,-0.013915,bmi088,0.010121875000095315,"[[-0.00026631610900792384,0.0021305288720633907,-0.007190534943213944],[0.0005326322180158477,0.0010652644360316954,-0.012783173232380344],[0.0007989483270237715,0.00026631610900792384,-0.01651159875849128],[-0.0005326322180158477,-0.001331580545039619,-0.019174759848570515]]",785.1030727355001,785.10412437,21.875,281988,"[2058, 3535, -3418]","[[-8, -1, -27], [-4, 2, -48], [-1, 3, -62], [5, -2, -72]]"
10.660069,11.025156,body,0.000000,0.000000,0.000000,0.000000,0.000000,0.000000,0.000000,0.000000,0.000000,0.000000,0.000000,0.000000,6.353014,-3.688268,-6.189610,-0.001531,-0.005127,-0.008655,bmi088,0.009850669999877937,"[[-0.0021305288720633907,-0.003195793308095086,-0.017843179303530896],[-0.001864212763055467,-0.005060006071150553,-0.01384843766841204],[-0.001597896654047543,-0.005858954398174325,-0.0055926382891664005],[-0.0005326322180158477,-0.006391586616190172,0.002663161090079238]]",785.1129234054999,785.11398736,21.875,282244,"[2054, 3538, -3447]","[[12, -8, -67], [19, -7, -52], [22, -6, -21], [24, -2, 10]]"
10.670074,11.035273,body,0.000000,0.000000,0.000000,0.000000,0.000000,0.000000,0.000000,0.000000,0.000000,0.000000,0.000000,0.000000,6.374562,-3.700837,-6.203975,-0.001398,-0.004727,0.016378,bmi088,0.01001432099997146,"[[-0.00026631610900792384,-0.005858954398174325,0.009853696033293183],[-0.0010652644360316954,-0.0055926382891664005,0.014381069886427887],[-0.001597896654047543,-0.003994741635118857,0.018908443739562592],[-0.002663161090079238,-0.00346210941710301,0.022370553156665602]]",785.1229377264999,785.1239952650001,21.875,282503,"[2061, 3550, -3455]","[[22, -1, 37], [21, -4, 54], [15, -6, 71], [13, -10, 84]]"
10.680074,11.045508,body,0.000000,0.000000,0.000000,0.000000,0.000000,0.000000,0.000000,0.000000,0.000000,0.000000,0.000000,0.000000,6.376358,-3.724181,-6.151901,-0.003662,-0.001664,0.016711,bmi088,0.010095410500071011,"[[-0.003195793308095086,-0.0029294771990871623,0.023968449810713145],[-0.004793689962142629,-0.001864212763055467,0.021305288720633905],[-0.004261057744126781,-0.001331580545039619,0.01464738599543581],[-0.0023968449810713144,-0.0005326322180158477,0.00692421883420602]]",785.133033137,785.134116308,21.875,282765,"[2074, 3551, -3426]","[[11, -12, 90], [7, -18, 80], [5, -16, 55], [2, -9, 26]]"
10.690073,11.055664,body,0.000000,0.000000,0.000000,0.000000,0.000000,0.000000,0.000000,0.000000,0.000000,0.000000,0.000000,0.000000,6.327875,-3.691859,-6.150106,-0.001398,0.001731,-0.008056,bmi088,0.010045105500012141,"[[0.00026631610900792384,0.00026631610900792384,0.0],[-0.0005326322180158477,0.0021305288720633907,-0.0055926382891664005],[-0.0021305288720633907,0.0029294771990871623,-0.011185276578332801],[-0.003195793308095086,0.001597896654047543,-0.015446334322459582]]",785.1430782425,785.1441568855,21.875,283025,"[2056, 3524, -3425]","[[-1, 1, 0], [-8, -2, -21], [-11, -8, -42], [-6, -12, -58]]"
10.700072,11.065703,body,0.000000,0.000000,0.000000,0.000000,0.000000,0.000000,0.000000,0.000000,0.000000,0.000000,0.000000,0.000000,6.353014,-3.688268,-6.148310,0.002597,-0.002730,-0.017577,bmi088,0.00991422300000977,"[[-0.00026631610900792384,-0.0007989483270237715,-0.019174759848570515],[0.002663161090079238,-0.0029294771990871623,-0.01997370817559429],[0.004261057744126781,-0.003728425526110934,-0.017843179303530896],[0.003728425526110934,-0.00346210941710301,-0.013315805450396193]]",785.1529924655,785.1540662445,21.875,283282,"[2054, 3538, -3424]","[[3, -1, -72], [11, 10, -75], [14, 16, -67], [13, 14, -50]]"
10.710072,11.076445,body,0.000000,0.000000,0.000000,0.000000,0.000000,0.000000,0.000000,0.000000,0.000000,0.000000,0.000000,0.000000,6.363788,-3.716998,-6.178836,0.000320,-0.005539,0.008362,bmi088,0.010296005999975932,"[[0.0023968449810713144,-0.003195793308095086,-0.00692421883420602],[0.0005326322180158477,-0.00346210941710301,0.0007989483270237715],[-0.0007989483270237715,-0.005858954398174325,0.009587379924285258],[-0.0010652644360316954,-0.007190534943213944,0.01651159875849128],[0.0005326322180158477,-0.007989483270237714,0.021837920938649755]]",785.1632884715,785.1646998245,21.875,283557,"[2070, 3544, -3441]","[[12, 9, -26], [13, 2, 3], [22, -3, 36], [27, -4, 62], [30, 2, 82]]"
10.720072,11.085820,body,0.000000,0.000000,0.000000,0.000000,0.000000,0.000000,0.000000,0.000000,0.000000,0.000000,0.000000,0.000000,6.372766,-3.704429,-6.177040,0.000710,-0.003462,0.022282,bmi088,0.00970236349996867,"[[0.001331580545039619,-0.0055926382891664005,0.0234358175926973],[0.001331580545039619,-0.00346210941710301,0.023169501483689375],[-0.0005326322180158477,-0.001331580545039619,0.020240024284602212]]",785.172990835,785.173999061,21.875,283797,"[2063, 3549, -3440]","[[21, 5, 88], [13, 5, 87], [5, -2, 76]]"
10.730072,11.096367,body,0.000000,0.000000,0.000000,0.000000,0.000000,0.000000,0.000000,0.000000,0.000000,0.000000,0.000000,0.000000,6.358401,-3.679289,-6.177040,-0.000732,0.000999,0.004661,bmi088,0.010197172500056695,"[[-0.001331580545039619,-0.0005326322180158477,0.015180018213451659],[-0.001864212763055467,0.0007989483270237715,0.00825579937924564],[-0.00026631610900792384,0.001597896654047543,0.0007989483270237715],[0.0005326322180158477,0.0021305288720633907,-0.0055926382891664005]]",785.1831880075,785.1844041090001,21.875,284067,"[2049, 3541, -3440]","[[2, -5, 57], [-3, -7, 31], [-6, -1, 3], [-8, 2, -21]]"
10.740074,11.106289,body,0.000000,0.000000,0.000000,0.000000,0.000000,0.000000,0.000000,0.000000,0.000000,0.000000,0.000000,0.000000,6.354810,-3.691859,-6.184223,0.006791,0.002597,-0.018176,bmi088,0.009877678499947251,"[[0.002663161090079238,0.0029294771990871623,-0.01171790879634865],[0.004527373853134706,0.003195793308095086,-0.017576863194522972],[0.008788431597261486,0.0029294771990871623,-0.02210423704765768],[0.011185276578332801,0.001331580545039619,-0.021305288720633905]]",785.193065686,785.194211482,21.875,284321,"[2056, 3539, -3444]","[[-11, 10, -44], [-12, 17, -66], [-11, 33, -83], [-5, 42, -80]]"
10.750072,11.116172,body,0.000000,0.000000,0.000000,0.000000,0.000000,0.000000,0.000000,0.000000,0.000000,0.000000,0.000000,0.000000,6.387131,-3.675698,-6.211158,0.008788,-0.001931,-0.008389,bmi088,0.009874894499944276,"[[0.011185276578332801,-0.0005326322180158477,-0.017843179303530896],[0.009321063815277334,-0.0010652644360316954,-0.012783173232380344],[0.007989483270237714,-0.002663161090079238,-0.005858954398174325],[0.006657902725198096,-0.00346210941710301,0.0029294771990871623]]",785.2029405804999,785.2039915590001,21.875,284574,"[2047, 3557, -3459]","[[2, 42, -67], [4, 35, -48], [10, 30, -22], [13, 25, 11]]"
10.760071,11.126289,body,0.000000,0.000000,0.000000,0.000000,0.000000,0.000000,0.000000,0.000000,0.000000,0.000000,0.000000,0.000000,6.390723,-3.688268,-6.196792,0.000599,-0.002929,0.017444,bmi088,0.009967904000063754,"[[0.004261057744126781,-0.003994741635118857,0.01171790879634865],[0.001597896654047543,-0.0029294771990871623,0.016777914867499202],[-0.0010652644360316954,-0.0029294771990871623,0.019707392066586366],[-0.0023968449810713144,-0.001864212763055467,0.021571604829641832]]",785.2129084845,785.213981416,21.875,284833,"[2054, 3559, -3451]","[[15, 16, 44], [11, 6, 63], [11, -4, 74], [7, -9, 81]]"
10.770072,11.136406,body,0.000000,0.000000,0.000000,0.000000,0.000000,0.000000,0.000000,0.000000,0.000000,0.000000,0.000000,0.000000,6.372766,-3.708020,-6.169858,-0.001265,-0.000732,0.011918,bmi088,0.010044513500020003,"[[-0.0029294771990871623,-0.001597896654047543,0.020240024284602212],[-0.0021305288720633907,-0.0010652644360316954,0.01597896654047543],[-0.001331580545039619,-0.00026631610900792384,0.009054747706269411],[0.001331580545039619,0.0,0.0023968449810713144]]",785.222952998,785.224006121,21.875,285092,"[2065, 3549, -3436]","[[6, -11, 76], [4, -8, 60], [1, -5, 34], [0, 5, 9]]"
10.780071,11.146758,body,0.000000,0.000000,0.000000,0.000000,0.000000,0.000000,0.000000,0.000000,0.000000,0.000000,0.000000,0.000000,6.358401,-3.681085,-6.126762,0.004128,0.001731,-0.015912,bmi088,0.010066194500041092,"[[0.002663161090079238,0.001597896654047543,-0.005858954398174325],[0.004527373853134706,0.001331580545039619,-0.013315805450396193],[0.004261057744126781,0.0021305288720633907,-0.020506340393610135],[0.005060006071150553,0.001864212763055467,-0.023968449810713145]]",785.2330191925,785.2342195015,21.875,285357,"[2050, 3541, -3412]","[[-6, 10, -22], [-5, 17, -50], [-8, 16, -77], [-7, 19, -90]]"
10.790072,11.156992,body,0.000000,0.000000,0.000000,0.000000,0.000000,0.000000,0.000000,0.000000,0.000000,0.000000,0.000000,0.000000,6.342240,-3.682881,-6.157288,0.006658,-0.003835,-0.014967,bmi088,0.01021514000001389,"[[0.0055926382891664005,0.0010652644360316954,-0.024501082028728992],[0.006391586616190172,-0.001597896654047543,-0.021305288720633905],[0.007456851052221868,-0.004793689962142629,-0.01597896654047543],[0.007190534943213944,-0.006657902725198096,-0.009853696033293183],[0.006657902725198096,-0.007190534943213944,-0.003195793308095086]]",785.2432343325,785.24434752,21.875,285619,"[2051, 3532, -3429]","[[-4, 21, -92], [6, 24, -80], [18, 28, -60], [25, 27, -37], [27, 25, -12]]"
10.800072,11.166797,body,0.000000,0.000000,0.000000,0.000000,0.000000,0.000000,0.000000,0.000000,0.000000,0.000000,0.000000,0.000000,6.338649,-3.709815,-6.189610,0.000089,-0.006569,0.011185,bmi088,0.009774685000024874,"[[0.004261057744126781,-0.006657902725198096,0.004527373853134706],[0.0005326322180158477,-0.00692421883420602,0.011451592687340724],[-0.004527373853134706,-0.006125270507182248,0.017576863194522972]]",785.2530090175001,785.2540673240001,21.875,285870,"[2066, 3530, -3447]","[[25, 16, 17], [26, 2, 43], [23, -17, 66]]"
10.810066,11.176797,body,0.000000,0.000000,0.000000,0.000000,0.000000,0.000000,0.000000,0.000000,0.000000,0.000000,0.000000,0.000000,6.361992,-3.702633,-6.166266,-0.007657,-0.004194,0.020040,bmi088,0.009884750499963957,"[[-0.007989483270237714,-0.004793689962142629,0.020506340393610135],[-0.008788431597261486,-0.003994741635118857,0.02290318537468145],[-0.007190534943213944,-0.003994741635118857,0.020240024284602212],[-0.006657902725198096,-0.003994741635118857,0.01651159875849128]]",785.262893768,785.263938091,21.875,286126,"[2062, 3543, -3434]","[[18, -30, 77], [15, -33, 86], [15, -27, 76], [15, -25, 62]]"
10.820071,11.186914,body,0.000000,0.000000,0.000000,0.000000,0.000000,0.000000,0.000000,0.000000,0.000000,0.000000,0.000000,0.000000,6.349423,-3.702633,-6.153697,-0.005193,-0.003329,-0.001065,bmi088,0.010024961499993879,"[[-0.006391586616190172,-0.003195793308095086,0.010120012142301106],[-0.006125270507182248,-0.0023968449810713144,0.0029294771990871623],[-0.005326322180158476,-0.00346210941710301,-0.005326322180158476],[-0.0029294771990871623,-0.004261057744126781,-0.011984224905356573]]",785.2729187295,785.273966524,21.875,286385,"[2062, 3536, -3427]","[[12, -24, 38], [9, -23, 11], [13, -20, -20], [16, -11, -45]]"
10.830072,11.197578,body,0.000000,0.000000,0.000000,0.000000,0.000000,0.000000,0.000000,0.000000,0.000000,0.000000,0.000000,0.000000,6.338649,-3.699042,-6.164471,0.003675,-0.003569,-0.015872,bmi088,0.010457752499974049,"[[0.00026631610900792384,-0.003994741635118857,-0.015712650431467506],[0.003728425526110934,-0.0029294771990871623,-0.017576863194522972],[0.0055926382891664005,-0.0023968449810713144,-0.01864212763055467],[0.005326322180158476,-0.00346210941710301,-0.015712650431467506],[0.00346210941710301,-0.005060006071150553,-0.01171790879634865]]",785.283376482,785.2844941015001,21.875,286658,"[2060, 3530, -3433]","[[15, 1, -59], [11, 14, -66], [9, 21, -70], [13, 20, -59], [19, 13, -44]]"
10.840073,11.207305,body,0.000000,0.000000,0.000000,0.000000,0.000000,0.000000,0.000000,0.000000,0.000000,0.000000,0.000000,0.000000,6.369175,-3.686472,-6.168062,0.000355,-0.007191,0.002219,bmi088,0.009657578000087597,"[[0.001864212763055467,-0.006657902725198096,-0.005060006071150553],[0.00026631610900792384,-0.007456851052221868,0.001597896654047543],[-0.0010652644360316954,-0.007456851052221868,0.010120012142301106]]",785.2930340600001,785.294107807,21.875,286907,"[2053, 3547, -3435]","[[25, 7, -19], [28, 1, 6], [28, -4, 38]]"
10.850070,11.217305,body,0.000000,0.000000,0.000000,0.000000,0.000000,0.000000,0.000000,0.000000,0.000000,0.000000,0.000000,0.000000,6.367379,-3.697246,-6.193201,-0.003595,-0.005193,0.020307,bmi088,0.009915037999917331,"[[-0.0023968449810713144,-0.006125270507182248,0.016777914867499202],[-0.00346210941710301,-0.005060006071150553,0.021038972611625982],[-0.00346210941710301,-0.004527373853134706,0.021571604829641832],[-0.005060006071150553,-0.005060006071150553,0.021837920938649755]]",785.302949098,785.304008541,21.875,287163,"[2059, 3546, -3449]","[[23, -9, 63], [19, -13, 79], [17, -13, 81], [19, -19, 82]]"
10.860081,11.227617,body,0.000000,0.000000,0.000000,0.000000,0.000000,0.000000,0.000000,0.000000,0.000000,0.000000,0.000000,0.000000,6.369175,-3.702633,-6.175245,-0.003862,-0.004661,0.011185,bmi088,0.010193891499966412,"[[-0.005858954398174325,-0.004527373853134706,0.019174759848570515],[-0.005858954398174325,-0.004793689962142629,0.01464738599543581],[-0.003195793308095086,-0.004261057744126781,0.008788431597261486],[-0.0005326322180158477,-0.005060006071150553,0.0021305288720633907]]",785.3131429895,785.314203568,21.875,287427,"[2062, 3547, -3439]","[[17, -22, 72], [18, -22, 55], [16, -12, 33], [19, -2, 8]]"
10.870069,11.237500,body,0.000000,0.000000,0.000000,0.000000,0.000000,0.000000,0.000000,0.000000,0.000000,0.000000,0.000000,0.000000,6.349423,-3.670311,-6.159084,0.001664,-0.004128,-0.013848,bmi088,0.009769067500087658,"[[0.0010652644360316954,-0.005060006071150553,-0.004793689962142629],[0.001864212763055467,-0.004527373853134706,-0.013049489341388268],[0.001597896654047543,-0.004261057744126781,-0.017843179303530896],[0.0021305288720633907,-0.002663161090079238,-0.019707392066586366]]",785.322912057,785.323957804,21.875,287680,"[2044, 3536, -3430]","[[19, 4, -18], [17, 7, -49], [16, 6, -67], [10, 8, -74]]"
10.880068,11.248047,body,0.000000,0.000000,0.000000,0.000000,0.000000,0.000000,0.000000,0.000000,0.000000,0.000000,0.000000,0.000000,6.345832,-3.695450,-6.184223,0.001704,-0.004474,-0.005273,bmi088,0.010376502999974946,"[[0.0023968449810713144,-0.00346210941710301,-0.017044230976507126],[0.0029294771990871623,-0.004261057744126781,-0.012783173232380344],[0.0023968449810713144,-0.0055926382891664005,-0.006125270507182248],[0.0007989483270237715,-0.005326322180158476,0.001331580545039619],[0.0,-0.003728425526110934,0.00825579937924564]]",785.33328856,785.334387139,21.875,287950,"[2058, 3534, -3444]","[[13, 9, -64], [16, 11, -48], [21, 9, -23], [20, 3, 5], [14, 0, 31]]"
10.890072,11.257852,body,0.000000,0.000000,0.000000,0.000000,0.000000,0.000000,0.000000,0.000000,0.000000,0.000000,0.000000,0.000000,6.354810,-3.693655,-6.169858,-0.001154,-0.003196,0.016600,bmi088,0.009723850999989736,"[[-0.0010652644360316954,-0.00346210941710301,0.014114753777419964],[-0.0010652644360316954,-0.002663161090079238,0.01731054708551505],[-0.001331580545039619,-0.00346210941710301,0.018375811521546746]]",785.343012411,785.3440730694999,21.875,288201,"[2057, 3539, -3436]","[[13, -4, 53], [10, -4, 65], [13, -5, 69]]"
10.900072,11.267891,body,0.000000,0.000000,0.000000,0.000000,0.000000,0.000000,0.000000,0.000000,0.000000,0.000000,0.000000,0.000000,6.361992,-3.688268,-6.169858,-0.000732,-0.002663,0.009121,bmi088,0.00994012649994147,"[[-0.001864212763055467,-0.0023968449810713144,0.01731054708551505],[-0.001597896654047543,-0.0029294771990871623,0.013049489341388268],[-0.00026631610900792384,-0.0021305288720633907,0.006657902725198096],[0.0007989483270237715,-0.003195793308095086,-0.0005326322180158477]]",785.3529525375,785.35401654,21.875,288458,"[2054, 3543, -3436]","[[9, -7, 65], [11, -6, 49], [8, -1, 25], [12, 3, -2]]"
10.910074,11.277930,body,0.000000,0.000000,0.000000,0.000000,0.000000,0.000000,0.000000,0.000000,0.000000,0.000000,0.000000,0.000000,6.354810,-3.702633,-6.164471,0.001931,-0.005459,-0.007923,bmi088,0.009962447500015514,"[[0.001597896654047543,-0.004527373853134706,-0.005060006071150553],[0.0023968449810713144,-0.006657902725198096,-0.007723167161229791],[0.002663161090079238,-0.00692421883420602,-0.009054747706269411],[0.0010652644360316954,-0.003728425526110934,-0.009853696033293183]]",785.362914985,785.363957579,21.875,288715,"[2062, 3539, -3433]","[[17, 6, -19], [25, 9, -29], [26, 10, -34], [14, 4, -37]]"
10.920072,11.288047,body,0.000000,0.000000,0.000000,0.000000,0.000000,0.000000,0.000000,0.000000,0.000000,0.000000,0.000000,0.000000,6.338649,-3.695450,-6.169858,0.001065,0.000266,-0.005593,bmi088,0.010003151999967486,"[[0.00026631610900792384,0.0,-0.009054747706269411],[0.0,0.0021305288720633907,-0.007190534943213944],[0.0021305288720633907,0.0010652644360316954,-0.004261057744126781],[0.001864212763055467,-0.0021305288720633907,-0.001864212763055467]]",785.3729181369999,785.373963627,21.875,288974,"[2058, 3530, -3436]","[[0, 1, -34], [-8, 0, -27], [-4, 8, -16], [8, 7, -7]]"
10.930069,11.298594,body,0.000000,0.000000,0.000000,0.000000,0.000000,0.000000,0.000000,0.000000,0.000000,0.000000,0.000000,0.000000,6.376358,-3.711611,-6.189610,0.000213,-0.005380,0.006711,bmi088,0.010272372500025995,"[[0.002663161090079238,-0.003728425526110934,0.0010652644360316954],[0.001864212763055467,-0.005326322180158476,0.003728425526110934],[0.001597896654047543,-0.005858954398174325,0.007190534943213944],[-0.001331580545039619,-0.006125270507182248,0.009321063815277334],[-0.003728425526110934,-0.005858954398174325,0.012250541014364496]]",785.3831905095,785.384381506,21.875,289244,"[2067, 3551, -3447]","[[14, 10, 4], [20, 7, 14], [22, 6, 27], [23, -5, 35], [22, -14, 46]]"
10.940071,11.308398,body,0.000000,0.000000,0.000000,0.000000,0.000000,0.000000,0.000000,0.000000,0.000000,0.000000,0.000000,0.000000,6.374562,-3.725976,-6.193201,-0.005593,-0.001775,0.016512,bmi088,0.009813852500087705,"[[-0.005326322180158476,-0.004261057744126781,0.015180018213451659],[-0.005858954398174325,-0.001864212763055467,0.017576863194522972],[-0.0055926382891664005,0.0007989483270237715,0.016777914867499202]]",785.393004362,785.394060013,21.875,289495,"[2075, 3550, -3449]","[[16, -20, 57], [7, -22, 66], [-3, -21, 63]]"
10.950068,11.318398,body,0.000000,0.000000,0.000000,0.000000,0.000000,0.000000,0.000000,0.000000,0.000000,0.000000,0.000000,0.000000,6.356605,-3.688268,-6.150106,-0.000866,0.000866,0.000732,bmi088,0.009919150499854368,"[[-0.004793689962142629,0.001864212763055467,0.012250541014364496],[-0.0021305288720633907,0.001597896654047543,0.005326322180158476],[0.0010652644360316954,0.0005326322180158477,-0.0029294771990871623],[0.0023968449810713144,-0.0005326322180158477,-0.01171790879634865]]",785.4029235124999,785.4039694830001,21.875,289751,"[2054, 3540, -3425]","[[-7, -18, 46], [-6, -8, 20], [-2, 4, -11], [2, 9, -44]]"
10.960074,11.328672,body,0.000000,0.000000,0.000000,0.000000,0.000000,0.000000,0.000000,0.000000,0.000000,0.000000,0.000000,0.000000,6.360197,-3.704429,-6.148310,-0.001664,-0.004993,-0.022837,bmi088,0.010094241500155476,"[[0.0021305288720633907,-0.0023968449810713144,-0.01997370817559429],[-0.001331580545039619,-0.004793689962142629,-0.025832662573768612],[-0.00346210941710301,-0.006125270507182248,-0.025832662573768612],[-0.003994741635118857,-0.006657902725198096,-0.019707392066586366]]",785.4130177540001,785.4141247494999,21.875,290014,"[2063, 3542, -3424]","[[9, 8, -75], [18, -5, -97], [23, -13, -97], [25, -15, -74]]"
10.970067,11.338633,body,0.000000,0.000000,0.000000,0.000000,0.000000,0.000000,0.000000,0.000000,0.000000,0.000000,0.000000,0.000000,6.396110,-3.697246,-6.186019,0.001931,-0.006791,0.003462,bmi088,0.009922398499838891,"[[-0.001331580545039619,-0.006657902725198096,-0.010120012142301106],[0.001864212763055467,-0.00692421883420602,-0.0005326322180158477],[0.003728425526110934,-0.00692421883420602,0.008522115488253563],[0.00346210941710301,-0.006657902725198096,0.01597896654047543]]",785.4229401524999,785.423986875,21.875,290269,"[2059, 3562, -3445]","[[25, -5, -38], [26, 7, -2], [26, 14, 32], [25, 13, 60]]"
10.980069,11.349023,body,0.000000,0.000000,0.000000,0.000000,0.000000,0.000000,0.000000,0.000000,0.000000,0.000000,0.000000,0.000000,6.392518,-3.709815,-6.194997,0.000533,-0.003728,0.021838,bmi088,0.010067873500020141,"[[0.002663161090079238,-0.0055926382891664005,0.021305288720633905],[0.0010652644360316954,-0.003994741635118857,0.0234358175926973],[0.00026631610900792384,-0.0029294771990871623,0.022636869265673525],[-0.001864212763055467,-0.0023968449810713144,0.01997370817559429]]",785.4330080259999,785.434239919,21.875,290535,"[2066, 3560, -3450]","[[21, 10, 80], [15, 4, 88], [11, 1, 85], [9, -7, 75]]"
10.990072,11.359414,body,0.000000,0.000000,0.000000,0.000000,0.000000,0.000000,0.000000,0.000000,0.000000,0.000000,0.000000,0.000000,6.349423,-3.711611,-6.139332,-0.004101,0.001172,0.001917,bmi088,0.010271604000081425,"[[-0.003994741635118857,-0.0010652644360316954,0.01464738599543581],[-0.005858954398174325,0.00026631610900792384,0.009054747706269411],[-0.0055926382891664005,0.001864212763055467,0.001597896654047543],[-0.003994741635118857,0.001864212763055467,-0.005060006071150553],[-0.0010652644360316954,0.0029294771990871623,-0.010652644360316953]]",785.44327963,785.4445375405,21.875,290801,"[2067, 3536, -3419]","[[4, -15, 55], [-1, -22, 34], [-7, -21, 6], [-7, -15, -19], [-11, -4, -40]]"
11.000072,11.369023,body,0.000000,0.000000,0.000000,0.000000,0.000000,0.000000,0.000000,0.000000,0.000000,0.000000,0.000000,0.000000,6.331466,-3.709815,-6.107010,0.004084,0.003995,-0.018287,bmi088,0.0096855304999508,"[[0.0010652644360316954,0.003728425526110934,-0.015180018213451659],[0.004261057744126781,0.004261057744126781,-0.018908443739562592],[0.00692421883420602,0.003994741635118857,-0.02077265650261806]]",785.4529651605,785.454007371,21.875,291047,"[2066, 3526, -3401]","[[-14, 4, -57], [-16, 16, -71], [-15, 26, -78]]"
11.010068,11.379102,body,0.000000,0.000000,0.000000,0.000000,0.000000,0.000000,0.000000,0.000000,0.000000,0.000000,0.000000,0.000000,6.370971,-3.700837,-6.178836,0.010453,-0.001731,-0.018243,bmi088,0.009963855500132013,"[[0.010120012142301106,0.0021305288720633907,-0.021571604829641832],[0.011451592687340724,-0.0005326322180158477,-0.02077265650261806],[0.011185276578332801,-0.003195793308095086,-0.018375811521546746],[0.009054747706269411,-0.005326322180158476,-0.012250541014364496]]",785.4629290160001,785.4639891945001,21.875,291305,"[2061, 3548, -3441]","[[-8, 38, -81], [2, 43, -78], [12, 42, -69], [20, 34, -46]]"
11.020073,11.389258,body,0.000000,0.000000,0.000000,0.000000,0.000000,0.000000,0.000000,0.000000,0.000000,0.000000,0.000000,0.000000,6.405088,-3.706224,-6.207566,0.004194,-0.003862,0.010786,bmi088,0.010032144499973583,"[[0.007723167161229791,-0.005060006071150553,-0.003195793308095086],[0.005326322180158476,-0.004793689962142629,0.007190534943213944],[0.003195793308095086,-0.003195793308095086,0.016245282649483356],[0.0005326322180158477,-0.0023968449810713144,0.02290318537468145]]",785.4729611605001,785.474033531,21.875,291565,"[2064, 3567, -3457]","[[19, 29, -12], [18, 20, 27], [12, 12, 61], [9, 2, 86]]"
11.030070,11.399414,body,0.000000,0.000000,0.000000,0.000000,0.000000,0.000000,0.000000,0.000000,0.000000,0.000000,0.000000,0.000000,6.376358,-3.704429,-6.196792,-0.004261,0.000133,0.027364,bmi088,0.009974591499940288,"[[-0.0023968449810713144,-0.0010652644360316954,0.02769687533682408],[-0.004527373853134706,-0.00026631610900792384,0.02929477199087162],[-0.0055926382891664005,0.0005326322180158477,0.02822950755483993],[-0.004527373853134706,0.001331580545039619,0.02423476591972107]]",785.482935752,785.4840797239999,21.875,291825,"[2063, 3551, -3451]","[[4, -9, 104], [1, -17, 110], [-2, -21, 106], [-5, -17, 91]]"
11.040071,11.409570,body,0.000000,0.000000,0.000000,0.000000,0.000000,0.000000,0.000000,0.000000,0.000000,0.000000,0.000000,0.000000,6.324284,-3.691859,-6.141127,-0.000666,0.003595,-0.003063,bmi088,0.010101521500018862,"[[-0.0021305288720633907,0.0021305288720633907,0.015180018213451659],[-0.0005326322180158477,0.003728425526110934,0.003994741635118857],[0.00026631610900792384,0.004527373853134706,-0.009853696033293183],[-0.00026631610900792384,0.003994741635118857,-0.021571604829641832]]",785.4930372735,785.494127101,21.875,292085,"[2056, 3522, -3420]","[[-8, -8, 57], [-14, -2, 15], [-17, 1, -37], [-15, -1, -81]]"
11.050066,11.419609,body,0.000000,0.000000,0.000000,0.000000,0.000000,0.000000,0.000000,0.000000,0.000000,0.000000,0.000000,0.000000,6.361992,-3.682881,-6.146514,0.003595,0.001664,-0.030427,bmi088,0.009912606499938192,"[[0.00026631610900792384,0.0023968449810713144,-0.030093720317895395],[0.001864212763055467,0.0021305288720633907,-0.032756881407974635],[0.005060006071150553,0.001597896654047543,-0.03195793308095086],[0.007190534943213944,0.0005326322180158477,-0.02689792700980031]]",785.50294988,785.504034379,21.875,292342,"[2051, 3543, -3423]","[[-9, 1, -113], [-8, 7, -123], [-6, 19, -120], [-2, 27, -101]]"
11.060072,11.429805,body,0.000000,0.000000,0.000000,0.000000,0.000000,0.000000,0.000000,0.000000,0.000000,0.000000,0.000000,0.000000,6.383540,-3.693655,-6.182427,0.005926,-0.004194,-0.007523,bmi088,0.010076481000055537,"[[0.00825579937924564,-0.001864212763055467,-0.020506340393610135],[0.006657902725198096,-0.004261057744126781,-0.01171790879634865],[0.005326322180158476,-0.005060006071150553,-0.00346210941710301],[0.00346210941710301,-0.0055926382891664005,0.0055926382891664005]]",785.513026361,785.514117148,21.875,292603,"[2057, 3555, -3443]","[[7, 31, -77], [16, 25, -44], [19, 20, -13], [21, 13, 21]]"
11.070073,11.440117,body,0.000000,0.000000,0.000000,0.000000,0.000000,0.000000,0.000000,0.000000,0.000000,0.000000,0.000000,0.000000,6.392518,-3.725976,-6.211158,-0.000866,-0.002064,0.021771,bmi088,0.010082353000029798,"[[0.001864212763055467,-0.005060006071150553,0.014381069886427887],[0.0,-0.003195793308095086,0.021837920938649755],[-0.001864212763055467,-0.001331580545039619,0.02476739813773692],[-0.00346210941710301,0.001331580545039619,0.026098978682776535]]",785.523108714,785.5242527665,21.875,292867,"[2075, 3560, -3459]","[[19, 7, 54], [12, 0, 82], [5, -7, 93], [-5, -13, 98]]"
11.080073,11.450000,body,0.000000,0.000000,0.000000,0.000000,0.000000,0.000000,0.000000,0.000000,0.000000,0.000000,0.000000,0.000000,6.361992,-3.716998,-6.169858,-0.001531,0.001997,0.017311,bmi088,0.009928222999860736,"[[-0.003994741635118857,0.001864212763055467,0.024501082028728992],[-0.003728425526110934,0.0021305288720633907,0.02210423704765768],[-0.0010652644360316954,0.001864212763055467,0.015446334322459582],[0.002663161090079238,0.0021305288720633907,0.007190534943213944]]",785.5330369369999,785.5341079,21.875,293120,"[2070, 3543, -3436]","[[-7, -15, 92], [-8, -14, 83], [-7, -4, 58], [-8, 10, 27]]"
11.090072,11.459805,body,0.000000,0.000000,0.000000,0.000000,0.000000,0.000000,0.000000,0.000000,0.000000,0.000000,0.000000,0.000000,6.353014,-3.706224,-6.142923,0.004594,0.001664,-0.016645,bmi088,0.00986428550004348,"[[0.004527373853134706,0.003195793308095086,-0.0029294771990871623],[0.0055926382891664005,0.0023968449810713144,-0.013049489341388268],[0.003994741635118857,0.0010652644360316954,-0.022370553156665602],[0.004261057744126781,0.0,-0.02822950755483993]]",785.5429012225,785.543784038,21.875,293371,"[2064, 3538, -3421]","[[-12, 17, -11], [-9, 21, -49], [-4, 15, -84], [0, 16, -106]]"
11.100074,11.470117,body,0.000000,0.000000,0.000000,0.000000,0.000000,0.000000,0.000000,0.000000,0.000000,0.000000,0.000000,0.000000,6.342240,-3.657742,-6.178836,0.008256,-0.002663,-0.023036,bmi088,0.009993648000090616,"[[0.005858954398174325,-0.0010652644360316954,-0.02849582366384785],[0.008788431597261486,-0.0021305288720633907,-0.02716424311880823],[0.009853696033293183,-0.003728425526110934,-0.021837920938649755],[0.008522115488253563,-0.003728425526110934,-0.01464738599543581]]",785.5528948705,785.5539837375,21.875,293635,"[2037, 3532, -3441]","[[4, 22, -107], [8, 33, -102], [14, 37, -82], [14, 32, -55]]"
11.110070,11.480156,body,0.000000,0.000000,0.000000,0.000000,0.000000,0.000000,0.000000,0.000000,0.000000,0.000000,0.000000,0.000000,6.353014,-3.691859,-6.186019,0.001265,-0.004394,0.008189,bmi088,0.009984671499978504,"[[0.0055926382891664005,-0.00346210941710301,-0.004261057744126781],[0.0029294771990871623,-0.004261057744126781,0.005326322180158476],[-0.00026631610900792384,-0.004793689962142629,0.012516857123372421],[-0.003195793308095086,-0.005060006071150553,0.019174759848570515]]",785.562879542,785.563921336,21.875,293892,"[2056, 3538, -3445]","[[13, 21, -16], [16, 11, 20], [18, -1, 47], [19, -12, 72]]"
11.120069,11.490391,body,0.000000,0.000000,0.000000,0.000000,0.000000,0.000000,0.000000,0.000000,0.000000,0.000000,0.000000,0.000000,6.378153,-3.715202,-6.175245,-0.003529,-0.002530,0.027031,bmi088,0.010073201000068366,"[[-0.003994741635118857,-0.00346210941710301,0.025033714246744842],[-0.004527373853134706,-0.003195793308095086,0.02982740420888747],[-0.0029294771990871623,-0.002663161090079238,0.0290284558818637],[-0.002663161090079238,-0.0007989483270237715,0.02423476591972107]]",785.5729527430001,785.574025338,21.875,294154,"[2069, 3552, -3439]","[[13, -15, 94], [12, -17, 112], [10, -11, 109], [3, -10, 91]]"
11.130072,11.500625,body,0.000000,0.000000,0.000000,0.000000,0.000000,0.000000,0.000000,0.000000,0.000000,0.000000,0.000000,0.000000,6.349423,-3.702633,-6.146514,-0.001798,0.000133,0.003462,bmi088,0.010068096999930276,"[[-0.003195793308095086,0.00026631610900792384,0.017843179303530896],[-0.00346210941710301,0.0005326322180158477,0.009853696033293183],[-0.0023968449810713144,-0.00026631610900792384,-0.0010652644360316954],[0.001864212763055467,0.0,-0.012783173232380344]]",785.58302084,785.584150268,21.875,294416,"[2062, 3536, -3423]","[[-1, -12, 67], [-2, -13, 37], [1, -9, -4], [0, 7, -48]]"
11.140068,11.510586,body,0.000000,0.000000,0.000000,0.000000,0.000000,0.000000,0.000000,0.000000,0.000000,0.000000,0.000000,0.000000,6.329671,-3.675698,-6.151901,0.006325,-0.001065,-0.027031,bmi088,0.00993471899994347,"[[0.0055926382891664005,0.0007989483270237715,-0.022636869265673525],[0.00692421883420602,0.00026631610900792384,-0.027963191445832],[0.006391586616190172,-0.001864212763055467,-0.029561088099879545],[0.006391586616190172,-0.00346210941710301,-0.027963191445832]]",785.592955559,785.5940077534999,21.875,294671,"[2047, 3525, -3426]","[[-3, 21, -85], [-1, 26, -105], [7, 24, -111], [13, 24, -105]]"
11.150074,11.520664,body,0.000000,0.000000,0.000000,0.000000,0.000000,0.000000,0.000000,0.000000,0.000000,0.000000,0.000000,0.000000,6.342240,-3.686472,-6.194997,0.005260,-0.004794,-0.008788,bmi088,0.009974127500072427,"[[0.007456851052221868,-0.004261057744126781,-0.02290318537468145],[0.007723167161229791,-0.004527373853134706,-0.015446334322459582],[0.005060006071150553,-0.005326322180158476,-0.004527373853134706],[0.0007989483270237715,-0.005060006071150553,0.007723167161229791]]",785.6029296865,785.603976665,21.875,294929,"[2053, 3532, -3450]","[[16, 28, -86], [17, 29, -58], [20, 19, -17], [19, 3, 29]]"
11.160071,11.530859,body,0.000000,0.000000,0.000000,0.000000,0.000000,0.000000,0.000000,0.000000,0.000000,0.000000,0.000000,0.000000,6.376358,-3.706224,-6.191405,-0.006724,-0.004594,0.027364,bmi088,0.010081952999939858,"[[-0.003195793308095086,-0.004793689962142629,0.018109495412538822],[-0.006125270507182248,-0.004527373853134706,0.02716424311880823],[-0.007456851052221868,-0.004793689962142629,0.03142530086293501],[-0.010120012142301106,-0.004261057744126781,0.032756881407974635]]",785.6130116395,785.6140653704999,21.75,295190,"[2064, 3551, -3448]","[[18, -12, 68], [17, -23, 102], [18, -28, 118], [16, -38, 123]]"
11.170069,11.540938,body,0.000000,0.000000,0.000000,0.000000,0.000000,0.000000,0.000000,0.000000,0.000000,0.000000,0.000000,0.000000,6.372766,-3.725976,-6.178836,-0.005926,-0.002131,0.018109,bmi088,0.009919550499944307,"[[-0.010120012142301106,-0.0029294771990871623,0.02929477199087162],[-0.00825579937924564,-0.0023968449810713144,0.022636869265673525],[-0.003728425526110934,-0.001597896654047543,0.01464738599543581],[-0.001597896654047543,-0.001597896654047543,0.005858954398174325]]",785.6229311899999,785.6239937529999,21.75,295448,"[2075, 3549, -3441]","[[11, -38, 110], [9, -31, 85], [6, -14, 55], [6, -6, 22]]"
11.180069,11.551250,body,0.000000,0.000000,0.000000,0.000000,0.000000,0.000000,0.000000,0.000000,0.000000,0.000000,0.000000,0.000000,6.354810,-3.693655,-6.182427,0.002064,-0.002463,-0.013982,bmi088,0.01014238650009247,"[[0.0005326322180158477,-0.0010652644360316954,-0.002663161090079238],[0.0010652644360316954,-0.0023968449810713144,-0.011451592687340724],[0.003195793308095086,-0.003195793308095086,-0.018375811521546746],[0.00346210941710301,-0.003195793308095086,-0.0234358175926973]]",785.6330735765,785.6342143965,21.75,295712,"[2057, 3539, -3443]","[[4, 2, -10], [9, 4, -43], [12, 12, -69], [12, 13, -88]]"
11.190080,11.561719,body,0.000000,0.000000,0.000000,0.000000,0.000000,0.000000,0.000000,0.000000,0.000000,0.000000,0.000000,0.000000,6.331466,-3.700837,-6.186019,0.002503,-0.004794,-0.017843,bmi088,0.010409815499997421,"[[0.0029294771990871623,-0.002663161090079238,-0.025832662573768612],[0.001597896654047543,-0.0029294771990871623,-0.025033714246744842],[0.001597896654047543,-0.005326322180158476,-0.02077265650261806],[0.0029294771990871623,-0.006391586616190172,-0.013315805450396193],[0.00346210941710301,-0.006657902725198096,-0.004261057744126781]]",785.643483392,785.644579955,21.75,295980,"[2061, 3526, -3445]","[[10, 11, -97], [11, 6, -94], [20, 6, -78], [24, 11, -50], [25, 13, -16]]"
11.200073,11.571250,body,0.000000,0.000000,0.000000,0.000000,0.000000,0.000000,0.000000,0.000000,0.000000,0.000000,0.000000,0.000000,6.347627,-3.702633,-6.180632,0.000444,-0.004882,0.013227,bmi088,0.009455542000068817,"[[0.001597896654047543,-0.006125270507182248,0.004793689962142629],[0.00026631610900792384,-0.004793689962142629,0.014114753777419964],[-0.0005326322180158477,-0.003728425526110934,0.02077265650261806]]",785.6529389340001,785.6539935605,21.75,296224,"[2062, 3535, -3442]","[[23, 6, 18], [18, 1, 53], [14, -2, 78]]"
11.210072,11.581094,body,0.000000,0.000000,0.000000,0.000000,0.000000,0.000000,0.000000,0.000000,0.000000,0.000000,0.000000,0.000000,6.360197,-3.711611,-6.168062,-0.001398,-0.001265,0.020240,bmi088,0.009712938999882681,"[[-0.00026631610900792384,-0.0021305288720633907,0.025033714246744842],[-0.001597896654047543,-0.001864212763055467,0.023968449810713145],[-0.001864212763055467,-0.0007989483270237715,0.01944107595757844],[-0.001864212763055467,-0.00026631610900792384,0.012516857123372421]]",785.662651873,785.6637250440001,21.75,296476,"[2067, 3542, -3435]","[[8, -1, 94], [7, -6, 90], [3, -7, 73], [1, -7, 47]]"
11.220070,11.591836,body,0.000000,0.000000,0.000000,0.000000,0.000000,0.000000,0.000000,0.000000,0.000000,0.000000,0.000000,0.000000,6.351218,-3.686472,-6.175245,0.001438,0.000373,-0.006605,bmi088,0.010629387000108181,"[[-0.00026631610900792384,0.001864212763055467,0.006657902725198096],[0.0005326322180158477,0.0023968449810713144,-0.0005326322180158477],[0.0010652644360316954,0.0010652644360316954,-0.00692421883420602],[0.001864212763055467,-0.0010652644360316954,-0.01384843766841204],[0.003994741635118857,-0.0023968449810713144,-0.018375811521546746]]",785.6732812600001,785.6743729909999,21.75,296751,"[2053, 3537, -3439]","[[-7, -1, 25], [-9, 2, -2], [-4, 4, -26], [4, 7, -52], [9, 15, -69]]"
11.230075,11.601523,body,0.000000,0.000000,0.000000,0.000000,0.000000,0.000000,0.000000,0.000000,0.000000,0.000000,0.000000,0.000000,6.361992,-3.686472,-6.146514,0.006125,-0.003462,-0.018731,bmi088,0.009553575999916575,"[[0.006125270507182248,-0.0029294771990871623,-0.020240024284602212],[0.00692421883420602,-0.003195793308095086,-0.019707392066586366],[0.005326322180158476,-0.004261057744126781,-0.016245282649483356]]",785.682834836,785.683915159,21.75,296999,"[2053, 3543, -3423]","[[11, 23, -76], [12, 26, -74], [16, 20, -61]]"
11.240073,11.611836,body,0.000000,0.000000,0.000000,0.000000,0.000000,0.000000,0.000000,0.000000,0.000000,0.000000,0.000000,0.000000,6.345832,-3.706224,-6.198588,-0.001664,-0.004661,0.000133,bmi088,0.010197539000046163,"[[0.0023968449810713144,-0.004793689962142629,-0.011451592687340724],[-0.001331580545039619,-0.005060006071150553,-0.003994741635118857],[-0.0029294771990871623,-0.004261057744126781,0.003728425526110934],[-0.004793689962142629,-0.004527373853134706,0.012250541014364496]]",785.693032375,785.6941346020001,21.75,297263,"[2064, 3534, -3452]","[[18, 9, -43], [19, -5, -15], [16, -11, 14], [17, -18, 46]]"
11.250079,11.621797,body,0.000000,0.000000,0.000000,0.000000,0.000000,0.000000,0.000000,0.000000,0.000000,0.000000,0.000000,0.000000,6.349423,-3.711611,-6.159084,-0.002530,-0.004061,0.022304,bmi088,0.009891021999919758,"[[-0.004793689962142629,-0.004527373853134706,0.01864212763055467],[-0.003994741635118857,-0.005060006071150553,0.023169501483689375],[-0.001597896654047543,-0.003728425526110934,0.023968449810713145],[0.00026631610900792384,-0.0029294771990871623,0.0234358175926973]]",785.702923397,785.7039666794999,21.75,297518,"[2067, 3536, -3430]","[[17, -18, 70], [19, -15, 87], [14, -6, 90], [11, 1, 88]]"
11.260084,11.632148,body,0.000000,0.000000,0.000000,0.000000,0.000000,0.000000,0.000000,0.000000,0.000000,0.000000,0.000000,0.000000,6.358401,-3.740342,-6.189610,-0.000200,-0.001398,0.009987,bmi088,0.010241252000014356,"[[-0.00026631610900792384,-0.0029294771990871623,0.01944107595757844],[-0.0007989483270237715,-0.0023968449810713144,0.01384843766841204],[-0.00026631610900792384,-0.001331580545039619,0.00692421883420602],[0.0005326322180158477,0.0010652644360316954,-0.00026631610900792384]]",785.713164649,785.714221516,21.75,297783,"[2083, 3541, -3447]","[[11, -1, 73], [9, -3, 52], [5, -1, 26], [-4, 2, -1]]"
11.270071,11.641992,body,0.000000,0.000000,0.000000,0.000000,0.000000,0.000000,0.000000,0.000000,0.000000,0.000000,0.000000,0.000000,6.356605,-3.711611,-6.175245,0.001398,-0.000200,-0.017311,bmi088,0.009733499500043763,"[[0.0005326322180158477,0.0010652644360316954,-0.007989483270237714],[0.00026631610900792384,0.0005326322180158477,-0.016777914867499202],[0.0007989483270237715,-0.0010652644360316954,-0.02210423704765768],[0.003994741635118857,-0.001331580545039619,-0.022370553156665602]]",785.7228981485,785.7239533510001,21.75,298035,"[2067, 3540, -3439]","[[-4, 2, -30], [-2, 1, -63], [4, 3, -83], [5, 15, -84]]"
11.280077,11.652383,body,0.000000,0.000000,0.000000,0.000000,0.000000,0.000000,0.000000,0.000000,0.000000,0.000000,0.000000,0.000000,6.358401,-3.693655,-6.186019,0.006325,-0.005326,-0.008855,bmi088,0.010254212500058202,"[[0.006657902725198096,-0.0021305288720633907,-0.017843179303530896],[0.007723167161229791,-0.004261057744126781,-0.011984224905356573],[0.006125270507182248,-0.006657902725198096,-0.006125270507182248],[0.004793689962142629,-0.00825579937924564,0.0005326322180158477]]",785.7331523610001,785.7342169875,21.75,298301,"[2057, 3541, -3445]","[[8, 25, -67], [16, 29, -45], [25, 23, -23], [31, 18, 2]]"
11.290075,11.662383,body,0.000000,0.000000,0.000000,0.000000,0.000000,0.000000,0.000000,0.000000,0.000000,0.000000,0.000000,0.000000,6.351218,-3.691859,-6.191405,-0.000866,-0.006724,0.013649,bmi088,0.009918269999843687,"[[0.0029294771990871623,-0.007723167161229791,0.007456851052221868],[0.0007989483270237715,-0.007723167161229791,0.012783173232380344],[-0.0023968449810713144,-0.006125270507182248,0.01651159875849128],[-0.004793689962142629,-0.005326322180158476,0.017843179303530896]]",785.7430706309999,785.744117242,21.75,298557,"[2056, 3537, -3448]","[[29, 11, 28], [29, 3, 48], [23, -9, 62], [20, -18, 67]]"
11.300072,11.672422,body,0.000000,0.000000,0.000000,0.000000,0.000000,0.000000,0.000000,0.000000,0.000000,0.000000,0.000000,0.000000,6.360197,-3.709815,-6.155492,-0.006325,-0.003262,0.013183,bmi088,0.009931871000162573,"[[-0.006657902725198096,-0.003728425526110934,0.01731054708551505],[-0.007723167161229791,-0.00346210941710301,0.01464738599543581],[-0.006391586616190172,-0.00346210941710301,0.011984224905356573],[-0.004527373853134706,-0.0023968449810713144,0.008788431597261486]]",785.7530025020001,785.7540666645,21.75,298814,"[2066, 3542, -3428]","[[14, -25, 65], [13, -29, 55], [13, -24, 45], [9, -17, 33]]"
11.310073,11.682305,body,0.000000,0.000000,0.000000,0.000000,0.000000,0.000000,0.000000,0.000000,0.000000,0.000000,0.000000,0.000000,6.329671,-3.702633,-6.173449,0.001198,0.001132,-0.005593,bmi088,0.009757963499964717,"[[-0.0010652644360316954,0.00026631610900792384,0.00346210941710301],[0.0007989483270237715,0.0021305288720633907,-0.003195793308095086],[0.002663161090079238,0.0021305288720633907,-0.009054747706269411],[0.0023968449810713144,0.0,-0.013582121559404116]]",785.7627604655,785.763805316,21.75,299067,"[2062, 3525, -3438]","[[-1, -4, 13], [-8, 3, -12], [-8, 10, -34], [0, 9, -51]]"
11.320077,11.692227,body,0.000000,0.000000,0.000000,0.000000,0.000000,0.000000,0.000000,0.000000,0.000000,0.000000,0.000000,0.000000,6.315305,-3.699042,-6.193201,0.000599,-0.002663,-0.012317,bmi088,0.00976580349993128,"[[0.001864212763055467,-0.001597896654047543,-0.014913702104443736],[0.0005326322180158477,-0.0023968449810713144,-0.015180018213451659],[0.0005326322180158477,-0.0029294771990871623,-0.011451592687340724],[-0.0005326322180158477,-0.003728425526110934,-0.007723167161229791]]",785.772526269,785.7736199845,21.75,299321,"[2060, 3517, -3449]","[[6, 7, -56], [9, 2, -57], [11, 2, -43], [14, -2, -29]]"
11.330072,11.702617,body,0.000000,0.000000,0.000000,0.000000,0.000000,0.000000,0.000000,0.000000,0.000000,0.000000,0.000000,0.000000,6.363788,-3.704429,-6.184223,-0.001864,-0.002929,0.004794,bmi088,0.010311733499975162,"[[-0.0010652644360316954,-0.004261057744126781,-0.002663161090079238],[-0.001331580545039619,-0.003994741635118857,0.001597896654047543],[-0.001864212763055467,-0.0023968449810713144,0.007723167161229791],[-0.003195793308095086,-0.0010652644360316954,0.012516857123372421]]",785.7828380025,785.783902885,21.75,299587,"[2063, 3544, -3444]","[[16, -4, -10], [15, -5, 6], [9, -7, 29], [4, -12, 47]]"
11.340069,11.713047,body,0.000000,0.000000,0.000000,0.000000,0.000000,0.000000,0.000000,0.000000,0.000000,0.000000,0.000000,0.000000,6.363788,-3.715202,-6.178836,-0.006791,0.002863,0.015646,bmi088,0.010293717500076127,"[[-0.0055926382891664005,0.0,0.01597896654047543],[-0.007456851052221868,0.001864212763055467,0.017044230976507126],[-0.007723167161229791,0.003994741635118857,0.01651159875849128],[-0.006391586616190172,0.0055926382891664005,0.013049489341388268]]",785.79313172,785.794223643,21.75,299854,"[2069, 3544, -3441]","[[0, -21, 60], [-7, -28, 64], [-15, -29, 62], [-21, -24, 49]]"
11.350071,11.722656,body,0.000000,0.000000,0.000000,0.000000,0.000000,0.000000,0.000000,0.000000,0.000000,0.000000,0.000000,0.000000,6.370971,-3.724181,-6.177040,-0.000710,0.003462,0.001687,bmi088,0.00954512750001868,"[[-0.003195793308095086,0.005060006071150553,0.008522115488253563],[-0.0005326322180158477,0.003994741635118857,0.001331580545039619],[0.001597896654047543,0.001331580545039619,-0.004793689962142629]]",785.8026768475,785.8037216820001,21.75,300100,"[2074, 3548, -3440]","[[-19, -12, 32], [-15, -2, 5], [-5, 6, -18]]"
11.360072,11.733008,body,0.000000,0.000000,0.000000,0.000000,0.000000,0.000000,0.000000,0.000000,0.000000,0.000000,0.000000,0.000000,6.329671,-3.681085,-6.194997,0.004101,-0.000799,-0.015446,bmi088,0.010154514499959078,"[[0.0029294771990871623,0.0,-0.011185276578332801],[0.004261057744126781,-0.0010652644360316954,-0.015446334322459582],[0.005060006071150553,-0.0007989483270237715,-0.018109495412538822],[0.005060006071150553,-0.0007989483270237715,-0.017576863194522972],[0.003195793308095086,-0.001331580545039619,-0.014913702104443736]]",785.812831362,785.8139321015,21.75,300365,"[2050, 3525, -3450]","[[0, 11, -42], [4, 16, -58], [3, 19, -68], [3, 19, -66], [5, 12, -56]]"
11.370071,11.743164,body,0.000000,0.000000,0.000000,0.000000,0.000000,0.000000,0.000000,0.000000,0.000000,0.000000,0.000000,0.000000,6.349423,-3.702633,-6.178836,0.000533,-0.003728,-0.002996,bmi088,0.010119697999925847,"[[0.0010652644360316954,-0.002663161090079238,-0.01038632825130903],[-0.00026631610900792384,-0.003728425526110934,-0.006657902725198096],[0.0005326322180158477,-0.004527373853134706,-0.0010652644360316954],[0.0007989483270237715,-0.003994741635118857,0.006125270507182248]]",785.8229510599999,785.8239896064999,21.75,300625,"[2062, 3536, -3441]","[[10, 4, -39], [14, -1, -25], [17, 2, -4], [15, 3, 23]]"
11.380081,11.753594,body,0.000000,0.000000,0.000000,0.000000,0.000000,0.000000,0.000000,0.000000,0.000000,0.000000,0.000000,0.000000,6.354810,-3.690063,-6.193201,-0.001132,-0.003129,0.019042,bmi088,0.010174035000090953,"[[0.0005326322180158477,-0.004261057744126781,0.014114753777419964],[-0.0010652644360316954,-0.003728425526110934,0.01944107595757844],[-0.001597896654047543,-0.0029294771990871623,0.021571604829641832],[-0.0023968449810713144,-0.001597896654047543,0.021038972611625982]]",785.833125095,785.8342946995001,21.75,300892,"[2055, 3539, -3449]","[[16, 2, 53], [14, -4, 73], [11, -6, 81], [6, -9, 79]]"
11.390073,11.763477,body,0.000000,0.000000,0.000000,0.000000,0.000000,0.000000,0.000000,0.000000,0.000000,0.000000,0.000000,0.000000,6.345832,-3.688268,-6.168062,0.000599,0.001198,0.009454,bmi088,0.009893646000023182,"[[-0.0021305288720633907,0.0,0.018375811521546746],[-0.0007989483270237715,0.001331580545039619,0.013315805450396193],[0.001597896654047543,0.0021305288720633907,0.00692421883420602],[0.003728425526110934,0.001331580545039619,-0.0007989483270237715]]",785.843018741,785.8440875275,21.75,301145,"[2054, 3534, -3435]","[[0, -8, 69], [-5, -3, 50], [-8, 6, 26], [-5, 14, -3]]"
11.400070,11.773672,body,0.000000,0.000000,0.000000,0.000000,0.000000,0.000000,0.000000,0.000000,0.000000,0.000000,0.000000,0.000000,6.356605,-3.695450,-6.159084,0.003529,-0.002131,-0.013049,bmi088,0.01008996949997254,"[[0.003195793308095086,0.0,-0.007190534943213944],[0.001864212763055467,-0.001864212763055467,-0.012783173232380344],[0.003195793308095086,-0.0029294771990871623,-0.01597896654047543],[0.005858954398174325,-0.003728425526110934,-0.016245282649483356]]",785.8531087105,785.8541573370001,21.75,301406,"[2058, 3540, -3430]","[[0, 12, -27], [7, 7, -48], [11, 12, -60], [14, 22, -61]]"
11.410072,11.783633,body,0.000000,0.000000,0.000000,0.000000,0.000000,0.000000,0.000000,0.000000,0.000000,0.000000,0.000000,0.000000,6.342240,-3.708020,-6.196792,0.005459,-0.001798,-0.005726,bmi088,0.009853053499909947,"[[0.00825579937924564,-0.003195793308095086,-0.012516857123372421],[0.00692421883420602,-0.0021305288720633907,-0.007989483270237714],[0.004793689962142629,-0.001597896654047543,-0.003195793308095086],[0.001864212763055467,-0.00026631610900792384,0.0007989483270237715]]",785.8629617639999,785.8640096700001,21.75,301661,"[2065, 3532, -3451]","[[12, 31, -47], [8, 26, -30], [6, 18, -12], [1, 7, 3]]"
11.420069,11.793711,body,0.000000,0.000000,0.000000,0.000000,0.000000,0.000000,0.000000,0.000000,0.000000,0.000000,0.000000,0.000000,6.351218,-3.684676,-6.178836,-0.001065,-0.001931,0.012384,bmi088,0.009989615500103355,"[[-0.0005326322180158477,-0.0007989483270237715,0.006125270507182248],[-0.001597896654047543,-0.0007989483270237715,0.011451592687340724],[-0.0010652644360316954,-0.0023968449810713144,0.015446334322459582],[-0.0010652644360316954,-0.003728425526110934,0.01651159875849128]]",785.8729513795,785.873996806,21.75,301919,"[2052, 3537, -3441]","[[3, -2, 23], [3, -6, 43], [9, -4, 58], [14, -4, 62]]"
11.430073,11.803711,body,0.000000,0.000000,0.000000,0.000000,0.000000,0.000000,0.000000,0.000000,0.000000,0.000000,0.000000,0.000000,6.361992,-3.686472,-6.144719,-0.001997,-0.002530,0.008256,bmi088,0.009867853499940793,"[[-0.0023968449810713144,-0.004261057744126781,0.014114753777419964],[-0.0029294771990871623,-0.003994741635118857,0.010918960469324878],[-0.0023968449810713144,-0.001864212763055467,0.006125270507182248],[-0.00026631610900792384,0.0,0.001864212763055467]]",785.882819233,785.8838845319999,21.75,302175,"[2053, 3543, -3422]","[[16, -9, 53], [15, -11, 41], [7, -9, 23], [0, -1, 7]]"
11.440070,11.814063,body,0.000000,0.000000,0.000000,0.000000,0.000000,0.000000,0.000000,0.000000,0.000000,0.000000,0.000000,0.000000,6.367379,-3.720589,-6.164471,0.004927,0.000799,-0.012517,bmi088,0.010246788500012372,"[[0.0021305288720633907,0.001597896654047543,-0.003994741635118857],[0.003728425526110934,0.001331580545039619,-0.009853696033293183],[0.005858954398174325,0.0007989483270237715,-0.015712650431467506],[0.007989483270237714,-0.0005326322180158477,-0.020506340393610135]]",785.8930660215,785.89412444,21.75,302440,"[2072, 3546, -3433]","[[-6, 8, -15], [-5, 14, -37], [-3, 22, -59], [2, 30, -77]]"
11.450071,11.824063,body,0.000000,0.000000,0.000000,0.000000,0.000000,0.000000,0.000000,0.000000,0.000000,0.000000,0.000000,0.000000,6.358401,-3.682881,-6.196792,0.009521,-0.004194,-0.018908,bmi088,0.01001595200000338,"[[0.010918960469324878,-0.001597896654047543,-0.02210423704765768],[0.011451592687340724,-0.003728425526110934,-0.021038972611625982],[0.009587379924285258,-0.005326322180158476,-0.018375811521546746],[0.006125270507182248,-0.006125270507182248,-0.014114753777419964]]",785.9030819735,785.904017094,21.75,302696,"[2051, 3541, -3451]","[[6, 41, -83], [14, 43, -79], [20, 36, -69], [23, 23, -53]]"
11.460069,11.834141,body,0.000000,0.000000,0.000000,0.000000,0.000000,0.000000,0.000000,0.000000,0.000000,0.000000,0.000000,0.000000,6.354810,-3.706224,-6.191405,-0.000666,-0.007124,0.006791,bmi088,0.009838269000056243,"[[0.001864212763055467,-0.006125270507182248,-0.006125270507182248],[-0.0010652644360316954,-0.006657902725198096,0.003728425526110934],[-0.001597896654047543,-0.007723167161229791,0.012250541014364496],[-0.001864212763055467,-0.007989483270237714,0.01731054708551505]]",785.9129202425,785.913983413,21.75,302954,"[2064, 3539, -3448]","[[23, 7, -23], [25, -4, 14], [29, -6, 46], [30, -7, 65]]"
11.470071,11.844258,body,0.000000,0.000000,0.000000,0.000000,0.000000,0.000000,0.000000,0.000000,0.000000,0.000000,0.000000,0.000000,6.335058,-3.700837,-6.168062,-0.002397,-0.002663,0.020906,bmi088,0.010034816500024135,"[[-0.002663161090079238,-0.005858954398174325,0.020506340393610135],[-0.002663161090079238,-0.003195793308095086,0.02290318537468145],[-0.002663161090079238,-0.0007989483270237715,0.02210423704765768],[-0.001597896654047543,-0.0007989483270237715,0.018109495412538822]]",785.9229550590001,785.9239985975,21.75,303213,"[2061, 3528, -3435]","[[22, -10, 77], [12, -10, 86], [3, -10, 83], [3, -6, 68]]"
11.480070,11.854648,body,0.000000,0.000000,0.000000,0.000000,0.000000,0.000000,0.000000,0.000000,0.000000,0.000000,0.000000,0.000000,6.353014,-3.695450,-6.169858,0.000200,-0.002330,-0.000200,bmi088,0.010142498500044894,"[[-0.0023968449810713144,-0.0010652644360316954,0.011984224905356573],[-0.0005326322180158477,-0.0023968449810713144,0.003994741635118857],[0.0010652644360316954,-0.0029294771990871623,-0.004527373853134706],[0.002663161090079238,-0.0029294771990871623,-0.012250541014364496]]",785.9330975575001,785.9342309535,21.75,303479,"[2058, 3538, -3436]","[[4, -9, 45], [9, -2, 15], [11, 4, -17], [11, 10, -46]]"
11.490073,11.864492,body,0.000000,0.000000,0.000000,0.000000,0.000000,0.000000,0.000000,0.000000,0.000000,0.000000,0.000000,0.000000,6.361992,-3.679289,-6.142923,0.001664,-0.003995,-0.016978,bmi088,0.0098594854998737,"[[0.0029294771990871623,-0.002663161090079238,-0.01731054708551505],[0.0021305288720633907,-0.003195793308095086,-0.01864212763055467],[0.0007989483270237715,-0.004527373853134706,-0.01731054708551505],[0.0007989483270237715,-0.0055926382891664005,-0.01464738599543581]]",785.942957043,785.9440053010001,21.75,303731,"[2049, 3543, -3421]","[[10, 11, -65], [12, 8, -70], [17, 3, -65], [21, 3, -55]]"
11.500070,11.874414,body,0.000000,0.000000,0.000000,0.000000,0.000000,0.000000,0.000000,0.000000,0.000000,0.000000,0.000000,0.000000,6.369175,-3.693655,-6.168062,0.002863,-0.006059,-0.004661,bmi088,0.010047312499978034,"[[0.0021305288720633907,-0.006391586616190172,-0.011984224905356573],[0.00346210941710301,-0.006125270507182248,-0.008788431597261486],[0.003728425526110934,-0.0055926382891664005,-0.0029294771990871623],[0.0021305288720633907,-0.006125270507182248,0.005060006071150553]]",785.9530043555,785.953932932,21.75,303985,"[2057, 3547, -3435]","[[24, 8, -45], [23, 13, -33], [21, 14, -11], [23, 8, 19]]"
11.510072,11.884570,body,0.000000,0.000000,0.000000,0.000000,0.000000,0.000000,0.000000,0.000000,0.000000,0.000000,0.000000,0.000000,6.340445,-3.713407,-6.182427,-0.004927,-0.007124,0.017910,bmi088,0.00976823600001353,"[[0.0,-0.007989483270237714,0.013315805450396193],[-0.00346210941710301,-0.008788431597261486,0.018375811521546746],[-0.007190534943213944,-0.00692421883420602,0.020240024284602212],[-0.009054747706269411,-0.004793689962142629,0.019707392066586366]]",785.9627725915,785.9638355540001,21.75,304245,"[2068, 3531, -3443]","[[30, 0, 50], [33, -13, 69], [26, -27, 76], [18, -34, 74]]"
11.520070,11.895000,body,0.000000,0.000000,0.000000,0.000000,0.000000,0.000000,0.000000,0.000000,0.000000,0.000000,0.000000,0.000000,6.344036,-3.715202,-6.169858,-0.004794,-0.001731,0.010786,bmi088,0.010259092500064071,"[[-0.008522115488253563,-0.00346210941710301,0.018109495412538822],[-0.0055926382891664005,-0.0023968449810713144,0.01384843766841204],[-0.0029294771990871623,-0.0010652644360316954,0.008788431597261486],[-0.0021305288720633907,0.0,0.0023968449810713144]]",785.973031684,785.974144391,21.75,304512,"[2069, 3533, -3436]","[[13, -32, 68], [9, -21, 52], [4, -11, 33], [0, -8, 9]]"
11.530069,11.905195,body,0.000000,0.000000,0.000000,0.000000,0.000000,0.000000,0.000000,0.000000,0.000000,0.000000,0.000000,0.000000,6.351218,-3.702633,-6.169858,0.000599,-0.002264,-0.010519,bmi088,0.010091633499996533,"[[-0.0007989483270237715,-0.0007989483270237715,-0.0029294771990871623],[0.0,-0.0021305288720633907,-0.009587379924285258],[0.001331580545039619,-0.0029294771990871623,-0.013582121559404116],[0.001864212763055467,-0.003195793308095086,-0.01597896654047543]]",785.9831233175,785.9842357370001,21.75,304773,"[2062, 3537, -3436]","[[3, -3, -11], [8, 0, -36], [11, 5, -51], [12, 7, -60]]"
11.540071,11.915273,body,0.000000,0.000000,0.000000,0.000000,0.000000,0.000000,0.000000,0.000000,0.000000,0.000000,0.000000,0.000000,6.360197,-3.684676,-6.164471,0.001465,-0.004727,-0.010187,bmi088,0.009881389499923898,"[[0.001864212763055467,-0.003195793308095086,-0.014381069886427887],[0.001597896654047543,-0.00346210941710301,-0.013049489341388268],[0.001597896654047543,-0.005060006071150553,-0.008788431597261486],[0.0007989483270237715,-0.007190534943213944,-0.004527373853134706]]",785.993004707,785.9942018,21.75,305031,"[2052, 3542, -3433]","[[12, 7, -54], [13, 6, -49], [19, 6, -33], [27, 3, -17]]"
11.550080,11.925273,body,0.000000,0.000000,0.000000,0.000000,0.000000,0.000000,0.000000,0.000000,0.000000,0.000000,0.000000,0.000000,6.367379,-3.693655,-6.182427,-0.003928,-0.006791,0.011385,bmi088,0.010023120500136429,"[[-0.0007989483270237715,-0.008522115488253563,0.001597896654047543],[-0.003195793308095086,-0.007723167161229791,0.007723167161229791],[-0.005326322180158476,-0.006125270507182248,0.015180018213451659],[-0.006391586616190172,-0.004793689962142629,0.021038972611625982]]",786.0030278275001,786.004083894,21.75,305287,"[2057, 3546, -3443]","[[32, -3, 6], [29, -12, 29], [23, -20, 57], [18, -24, 79]]"
11.560072,11.935273,body,0.000000,0.000000,0.000000,0.000000,0.000000,0.000000,0.000000,0.000000,0.000000,0.000000,0.000000,0.000000,6.358401,-3.684676,-6.200384,-0.007523,-0.005193,0.022570,bmi088,0.009888605999890387,"[[-0.007723167161229791,-0.004793689962142629,0.025300030355752765],[-0.007456851052221868,-0.005326322180158476,0.02556634646476069],[-0.007456851052221868,-0.0055926382891664005,0.022636869265673525],[-0.007456851052221868,-0.005060006071150553,0.016777914867499202]]",786.0129164335,786.013980372,21.75,305543,"[2052, 3541, -3453]","[[18, -29, 95], [20, -28, 96], [21, -28, 85], [19, -28, 63]]"
11.570073,11.945430,body,0.000000,0.000000,0.000000,0.000000,0.000000,0.000000,0.000000,0.000000,0.000000,0.000000,0.000000,0.000000,6.344036,-3.686472,-6.178836,0.000866,-0.002330,-0.004061,bmi088,0.010023696000075688,"[[-0.0055926382891664005,-0.00346210941710301,0.00825579937924564],[-0.001597896654047543,-0.0021305288720633907,-0.0007989483270237715],[0.003994741635118857,-0.001597896654047543,-0.009054747706269411],[0.006657902725198096,-0.0021305288720633907,-0.01464738599543581]]",786.0229401295001,786.0240153484999,21.75,305803,"[2053, 3533, -3441]","[[13, -21, 31], [8, -6, -3], [6, 15, -34], [8, 25, -55]]"
11.580076,11.955664,body,0.000000,0.000000,0.000000,0.000000,0.000000,0.000000,0.000000,0.000000,0.000000,0.000000,0.000000,0.000000,6.345832,-3.727772,-6.173449,0.006525,-0.003795,-0.016112,bmi088,0.010178594999956658,"[[0.007456851052221868,-0.0021305288720633907,-0.017843179303530896],[0.006657902725198096,-0.0029294771990871623,-0.018375811521546746],[0.006391586616190172,-0.004261057744126781,-0.01597896654047543],[0.0055926382891664005,-0.005858954398174325,-0.012250541014364496]]",786.0331187245,786.034146055,21.75,306065,"[2076, 3534, -3438]","[[8, 28, -67], [11, 25, -69], [16, 24, -60], [22, 21, -46]]"
11.590068,11.965977,body,0.000000,0.000000,0.000000,0.000000,0.000000,0.000000,0.000000,0.000000,0.000000,0.000000,0.000000,0.000000,6.345832,-3.708020,-6.193201,0.000067,-0.006192,0.002597,bmi088,0.010066640999980336,"[[0.003195793308095086,-0.006657902725198096,-0.006657902725198096],[0.001331580545039619,-0.006657902725198096,-0.0005326322180158477],[-0.0010652644360316954,-0.006125270507182248,0.005858954398174325],[-0.003195793308095086,-0.005326322180158476,0.01171790879634865]]",786.0431853655,786.0443082495001,21.75,306329,"[2065, 3534, -3449]","[[25, 12, -25], [25, 5, -2], [23, -4, 22], [20, -12, 44]]"
11.600074,11.975703,body,0.000000,0.000000,0.000000,0.000000,0.000000,0.000000,0.000000,0.000000,0.000000,0.000000,0.000000,0.000000,6.374562,-3.688268,-6.178836,-0.005659,-0.003728,0.020506,bmi088,0.009738411499938593,"[[-0.004793689962142629,-0.004793689962142629,0.017044230976507126],[-0.006125270507182248,-0.003994741635118857,0.021305288720633905],[-0.006125270507182248,-0.003728425526110934,0.02290318537468145],[-0.0055926382891664005,-0.0023968449810713144,0.02077265650261806]]",786.0529237769999,786.0539766915,21.75,306578,"[2054, 3550, -3441]","[[18, -18, 64], [15, -23, 80], [14, -23, 86], [9, -21, 78]]"
11.610067,11.985820,body,0.000000,0.000000,0.000000,0.000000,0.000000,0.000000,0.000000,0.000000,0.000000,0.000000,0.000000,0.000000,6.365584,-3.699042,-6.159084,-0.003396,-0.001265,0.009121,bmi088,0.010005680000062966,"[[-0.0055926382891664005,-0.0023968449810713144,0.01651159875849128],[-0.003994741635118857,-0.0010652644360316954,0.012516857123372421],[-0.002663161090079238,-0.0007989483270237715,0.006657902725198096],[-0.001331580545039619,-0.0007989483270237715,0.0007989483270237715]]",786.062929457,786.0639770114999,21.75,306837,"[2060, 3545, -3430]","[[9, -21, 62], [4, -15, 47], [3, -10, 25], [3, -5, 3]]"
11.620071,11.995820,body,0.000000,0.000000,0.000000,0.000000,0.000000,0.000000,0.000000,0.000000,0.000000,0.000000,0.000000,0.000000,6.354810,-3.691859,-6.184223,0.002663,-0.001798,-0.012717,bmi088,0.009850749000065662,"[[0.00026631610900792384,-0.0007989483270237715,-0.006657902725198096],[0.001597896654047543,-0.001597896654047543,-0.012250541014364496],[0.003994741635118857,-0.001597896654047543,-0.015446334322459582],[0.004793689962142629,-0.003195793308095086,-0.01651159875849128]]",786.0727802060001,786.073847617,21.75,307093,"[2056, 3539, -3444]","[[3, 1, -25], [6, 6, -46], [6, 15, -58], [12, 18, -62]]"
11.630077,12.006055,body,0.000000,0.000000,0.000000,0.000000,0.000000,0.000000,0.000000,0.000000,0.000000,0.000000,0.000000,0.000000,6.356605,-3.695450,-6.171653,0.001065,-0.004061,-0.009521,bmi088,0.01008568149995881,"[[0.003994741635118857,-0.0029294771990871623,-0.015446334322459582],[0.001597896654047543,-0.003728425526110934,-0.012250541014364496],[-0.00026631610900792384,-0.004261057744126781,-0.007989483270237714],[-0.0010652644360316954,-0.005326322180158476,-0.0023968449810713144]]",786.0828658875,786.083968259,21.75,307355,"[2058, 3540, -3437]","[[11, 15, -58], [14, 6, -46], [16, -1, -30], [20, -4, -9]]"
11.640073,12.016133,body,0.000000,0.000000,0.000000,0.000000,0.000000,0.000000,0.000000,0.000000,0.000000,0.000000,0.000000,0.000000,6.370971,-3.688268,-6.202179,-0.002064,-0.001065,0.012117,bmi088,0.009963071499896614,"[[-0.001331580545039619,-0.004793689962142629,0.004261057744126781],[-0.001597896654047543,-0.002663161090079238,0.010918960469324878],[-0.002663161090079238,0.0005326322180158477,0.01597896654047543],[-0.002663161090079238,0.002663161090079238,0.01731054708551505]]",786.0928289589999,786.093920242,21.75,307613,"[2054, 3548, -3454]","[[18, -5, 16], [10, -6, 41], [-2, -10, 60], [-10, -10, 65]]"
11.650079,12.026484,body,0.000000,0.000000,0.000000,0.000000,0.000000,0.000000,0.000000,0.000000,0.000000,0.000000,0.000000,0.000000,6.374562,-3.708020,-6.194997,-0.000266,0.002197,0.011385,bmi088,0.010289701000147033,"[[-0.001597896654047543,0.002663161090079238,0.01651159875849128],[-0.00026631610900792384,0.001597896654047543,0.01384843766841204],[0.00026631610900792384,0.001864212763055467,0.01038632825130903],[0.0005326322180158477,0.002663161090079238,0.004793689962142629]]",786.1031186600001,786.1041765665,21.75,307878,"[2065, 3550, -3450]","[[-10, -6, 62], [-6, -1, 52], [-7, 1, 39], [-10, 2, 18]]"
11.660069,12.036406,body,0.000000,0.000000,0.000000,0.000000,0.000000,0.000000,0.000000,0.000000,0.000000,0.000000,0.000000,0.000000,6.345832,-3.711611,-6.155492,0.004661,0.002663,-0.010453,bmi088,0.009782299999869792,"[[0.0029294771990871623,0.003994741635118857,-0.001331580545039619],[0.004527373853134706,0.00346210941710301,-0.007989483270237714],[0.005858954398174325,0.0023968449810713144,-0.014114753777419964],[0.005326322180158476,0.0007989483270237715,-0.018375811521546746]]",786.1129009599999,786.1139956674999,21.75,308132,"[2067, 3534, -3428]","[[-15, 11, -5], [-13, 17, -30], [-9, 22, -53], [-3, 20, -69]]"
11.670076,12.046563,body,0.000000,0.000000,0.000000,0.000000,0.000000,0.000000,0.000000,0.000000,0.000000,0.000000,0.000000,0.000000,6.340445,-3.691859,-6.162675,0.006258,-0.000932,-0.015113,bmi088,0.010054464500058202,"[[0.004793689962142629,-0.00026631610900792384,-0.020240024284602212],[0.0055926382891664005,-0.0007989483270237715,-0.01864212763055467],[0.006657902725198096,-0.0010652644360316954,-0.013582121559404116],[0.007989483270237714,-0.001597896654047543,-0.007989483270237714]]",786.1229554245,786.124017491,21.75,308392,"[2056, 3531, -3432]","[[1, 18, -76], [3, 21, -70], [4, 25, -51], [6, 30, -30]]"
11.680082,12.057187,body,0.000000,0.000000,0.000000,0.000000,0.000000,0.000000,0.000000,0.000000,0.000000,0.000000,0.000000,0.000000,6.354810,-3.716998,-6.177040,0.002929,-0.000639,0.005859,bmi088,0.01043045549999988,"[[0.006125270507182248,-0.001331580545039619,-0.003195793308095086],[0.005326322180158476,-0.001331580545039619,0.001331580545039619],[0.003728425526110934,-0.0007989483270237715,0.005858954398174325],[0.001331580545039619,-0.00026631610900792384,0.010918960469324878],[-0.001864212763055467,0.0005326322180158477,0.014381069886427887]]",786.13338588,786.134517004,21.75,308664,"[2070, 3539, -3440]","[[5, 23, -12], [5, 20, 5], [3, 14, 22], [1, 5, 41], [-2, -7, 54]]"
11.690070,12.066484,body,0.000000,0.000000,0.000000,0.000000,0.000000,0.000000,0.000000,0.000000,0.000000,0.000000,0.000000,0.000000,6.372766,-3.695450,-6.173449,-0.003107,0.001243,0.015979,bmi088,0.009343908499999998,"[[-0.00346210941710301,0.0005326322180158477,0.01651159875849128],[-0.00346210941710301,0.0010652644360316954,0.016777914867499202],[-0.0023968449810713144,0.0021305288720633907,0.01464738599543581]]",786.1427297885,786.1437588945,21.75,308902,"[2058, 3549, -3438]","[[-2, -13, 62], [-4, -13, 63], [-8, -9, 55]]"
11.700074,12.076562,body,0.000000,0.000000,0.000000,0.000000,0.000000,0.000000,0.000000,0.000000,0.000000,0.000000,0.000000,0.000000,6.353014,-3.702633,-6.168062,0.002463,0.001664,0.001332,bmi088,0.010153394499980095,"[[-0.00026631610900792384,0.003195793308095086,0.01038632825130903],[0.002663161090079238,0.002663161090079238,0.005060006071150553],[0.004261057744126781,0.0007989483270237715,-0.001331580545039619],[0.003195793308095086,0.0,-0.008788431597261486]]",786.152883183,786.1536950855,21.75,309160,"[2062, 3538, -3435]","[[-12, -1, 39], [-10, 10, 19], [-3, 16, -5], [0, 12, -33]]"
11.710078,12.087188,body,0.000000,0.000000,0.000000,0.000000,0.000000,0.000000,0.000000,0.000000,0.000000,0.000000,0.000000,0.000000,6.335058,-3.691859,-6.160879,0.002796,-0.002264,-0.014048,bmi088,0.010150962500006244,"[[0.002663161090079238,-0.0005326322180158477,-0.014114753777419964],[0.002663161090079238,-0.001331580545039619,-0.015712650431467506],[0.003195793308095086,-0.003195793308095086,-0.01384843766841204],[0.002663161090079238,-0.003994741635118857,-0.012516857123372421]]",786.1630341455,786.1642234789999,21.75,309432,"[2056, 3528, -3431]","[[2, 10, -53], [5, 10, -59], [12, 12, -52], [15, 10, -47]]"
11.720079,12.097227,body,0.000000,0.000000,0.000000,0.000000,0.000000,0.000000,0.000000,0.000000,0.000000,0.000000,0.000000,0.000000,6.349423,-3.699042,-6.200384,0.002264,-0.003396,-0.001465,bmi088,0.0100123680000479,"[[0.002663161090079238,-0.00346210941710301,-0.009853696033293183],[0.002663161090079238,-0.002663161090079238,-0.005326322180158476],[0.001864212763055467,-0.003994741635118857,0.001864212763055467],[0.001864212763055467,-0.00346210941710301,0.007456851052221868]]",786.1730465135,786.1741262610001,21.75,309689,"[2060, 3536, -3453]","[[13, 10, -37], [10, 10, -20], [15, 7, 7], [13, 7, 28]]"
11.730079,12.107461,body,0.000000,0.000000,0.000000,0.000000,0.000000,0.000000,0.000000,0.000000,0.000000,0.000000,0.000000,0.000000,6.363788,-3.690063,-6.168062,0.001731,-0.000067,0.013715,bmi088,0.010135090500057231,"[[0.0023968449810713144,-0.0021305288720633907,0.010918960469324878],[0.002663161090079238,0.0,0.013049489341388268],[0.001864212763055467,0.0010652644360316954,0.014913702104443736],[0.0,0.0007989483270237715,0.01597896654047543]]",786.1831816040001,786.184256871,21.75,309951,"[2055, 3544, -3435]","[[8, 9, 41], [0, 10, 49], [-4, 7, 56], [-3, 0, 60]]"
11.740073,12.117969,body,0.000000,0.000000,0.000000,0.000000,0.000000,0.000000,0.000000,0.000000,0.000000,0.000000,0.000000,0.000000,6.370971,-3.702633,-6.171653,0.001531,-0.000133,0.007590,bmi088,0.009855341499928727,"[[-0.0007989483270237715,-0.00026631610900792384,0.014913702104443736],[0.0,-0.0010652644360316954,0.011185276578332801],[0.0021305288720633907,0.0,0.005060006071150553],[0.004793689962142629,0.0007989483270237715,-0.0007989483270237715]]",786.1930369455,786.1947006544999,21.75,310220,"[2062, 3548, -3437]","[[1, -3, 56], [4, 0, 42], [0, 8, 19], [-3, 18, -3]]"
11.750069,12.127383,body,0.000000,0.000000,0.000000,0.000000,0.000000,0.000000,0.000000,0.000000,0.000000,0.000000,0.000000,0.000000,6.369175,-3.693655,-6.168062,0.008322,-0.000000,-0.011918,bmi088,0.009884957500048586,"[[0.00692421883420602,0.001331580545039619,-0.006125270507182248],[0.00825579937924564,0.00026631610900792384,-0.011185276578332801],[0.009321063815277334,-0.0005326322180158477,-0.014114753777419964],[0.008788431597261486,-0.0010652644360316954,-0.016245282649483356]]",786.2029219030001,786.2039595215,21.75,310461,"[2057, 3547, -3435]","[[-5, 26, -23], [-1, 31, -42], [2, 35, -53], [4, 33, -61]]"
11.760069,12.137227,body,0.000000,0.000000,0.000000,0.000000,0.000000,0.000000,0.000000,0.000000,0.000000,0.000000,0.000000,0.000000,6.347627,-3.697246,-6.189610,0.004661,-0.003595,-0.010719,bmi088,0.009976879499959068,"[[0.007456851052221868,-0.002663161090079238,-0.015446334322459582],[0.004527373853134706,-0.003728425526110934,-0.014114753777419964],[0.003728425526110934,-0.004261057744126781,-0.010120012142301106],[0.0029294771990871623,-0.003728425526110934,-0.003195793308095086]]",786.2128987825,786.2136924925001,21.75,310713,"[2059, 3535, -3447]","[[10, 28, -58], [14, 17, -53], [16, 14, -38], [14, 11, -12]]"
11.770077,12.147656,body,0.000000,0.000000,0.000000,0.000000,0.000000,0.000000,0.000000,0.000000,0.000000,0.000000,0.000000,0.000000,6.356605,-3.659537,-6.191405,-0.000866,-0.003396,0.011452,bmi088,0.010065888999974959,"[[0.001331580545039619,-0.00346210941710301,0.005060006071150553],[-0.0010652644360316954,-0.003994741635118857,0.011185276578332801],[-0.001864212763055467,-0.003195793308095086,0.014114753777419964],[-0.001864212763055467,-0.0029294771990871623,0.015446334322459582]]",786.2229646715,786.224004514,21.75,310980,"[2038, 3540, -3448]","[[13, 5, 19], [15, -4, 42], [12, -7, 53], [11, -7, 58]]"
11.780071,12.157695,body,0.000000,0.000000,0.000000,0.000000,0.000000,0.000000,0.000000,0.000000,0.000000,0.000000,0.000000,0.000000,6.358401,-3.706224,-6.166266,-0.002064,-0.001332,0.015180,bmi088,0.009856093500047791,"[[-0.001597896654047543,-0.001597896654047543,0.01651159875849128],[-0.0023968449810713144,-0.001331580545039619,0.017044230976507126],[-0.0021305288720633907,-0.0007989483270237715,0.015712650431467506],[-0.0021305288720633907,-0.001597896654047543,0.011451592687340724]]",786.232820765,786.233914336,21.75,311237,"[2064, 3541, -3434]","[[6, -6, 62], [5, -9, 64], [3, -8, 59], [6, -8, 43]]"
11.790075,12.167969,body,0.000000,0.000000,0.000000,0.000000,0.000000,0.000000,0.000000,0.000000,0.000000,0.000000,0.000000,0.000000,6.365584,-3.708020,-6.166266,0.000067,-0.000866,-0.002330,bmi088,0.01023761999999806,"[[-0.001597896654047543,-0.001597896654047543,0.005858954398174325],[-0.0005326322180158477,-0.0010652644360316954,-0.0005326322180158477],[0.001331580545039619,-0.0005326322180158477,-0.0055926382891664005],[0.0010652644360316954,-0.00026631610900792384,-0.009054747706269411]]",786.243058385,786.2441001315001,21.75,311500,"[2065, 3545, -3434]","[[6, -6, 22], [4, -2, -2], [2, 5, -21], [1, 4, -34]]"
11.800072,12.178008,body,0.000000,0.000000,0.000000,0.000000,0.000000,0.000000,0.000000,0.000000,0.000000,0.000000,0.000000,0.000000,6.354810,-3.713407,-6.182427,0.001664,-0.002796,-0.011518,bmi088,0.0099076144999799,"[[0.001331580545039619,-0.0005326322180158477,-0.011451592687340724],[0.0010652644360316954,-0.0007989483270237715,-0.012516857123372421],[0.001864212763055467,-0.003195793308095086,-0.012516857123372421],[0.0023968449810713144,-0.006657902725198096,-0.009587379924285258]]",786.2529659995,786.254029106,21.75,311757,"[2068, 3539, -3443]","[[2, 5, -43], [3, 4, -47], [12, 7, -47], [25, 9, -36]]"
11.810074,12.188359,body,0.000000,0.000000,0.000000,0.000000,0.000000,0.000000,0.000000,0.000000,0.000000,0.000000,0.000000,0.000000,6.360197,-3.709815,-6.177040,-0.000333,-0.008189,0.003129,bmi088,0.010154802499982907,"[[0.001864212763055467,-0.009321063815277334,-0.005858954398174325],[0.001331580545039619,-0.009054747706269411,0.0],[-0.0010652644360316954,-0.007723167161229791,0.005858954398174325],[-0.00346210941710301,-0.006657902725198096,0.012516857123372421]]",786.263120802,786.264258342,21.75,312022,"[2066, 3542, -3440]","[[35, 7, -22], [34, 5, 0], [29, -4, 22], [25, -13, 47]]"
11.820070,12.198359,body,0.000000,0.000000,0.000000,0.000000,0.000000,0.000000,0.000000,0.000000,0.000000,0.000000,0.000000,0.000000,6.351218,-3.708020,-6.178836,-0.007790,-0.005127,0.019241,bmi088,0.009916237999959776,"[[-0.006125270507182248,-0.006391586616190172,0.016777914867499202],[-0.007723167161229791,-0.005326322180158476,0.019174759848570515],[-0.008788431597261486,-0.004527373853134706,0.020240024284602212],[-0.008522115488253563,-0.004261057744126781,0.02077265650261806]]",786.27303704,786.274149892,21.75,312278,"[2065, 3537, -3441]","[[24, -23, 63], [20, -29, 72], [17, -33, 76], [16, -32, 78]]"
11.830070,12.208281,body,0.000000,0.000000,0.000000,0.000000,0.000000,0.000000,0.000000,0.000000,0.000000,0.000000,0.000000,0.000000,6.345832,-3.693655,-6.187814,-0.006724,-0.003529,0.008189,bmi088,0.009793420500045613,"[[-0.007190534943213944,-0.003994741635118857,0.018109495412538822],[-0.006391586616190172,-0.003728425526110934,0.012516857123372421],[-0.006657902725198096,-0.003195793308095086,0.004527373853134706],[-0.006657902725198096,-0.003195793308095086,-0.0023968449810713144]]",786.2828304605,786.283944752,21.75,312532,"[2057, 3534, -3446]","[[15, -27, 68], [14, -24, 47], [12, -25, 17], [12, -25, -9]]"
11.840073,12.219336,body,0.000000,0.000000,0.000000,0.000000,0.000000,0.000000,0.000000,0.000000,0.000000,0.000000,0.000000,0.000000,6.324284,-3.690063,-6.159084,-0.000999,-0.004794,-0.010786,bmi088,0.010212194500013538,"[[-0.005060006071150553,-0.003994741635118857,-0.007190534943213944],[-0.002663161090079238,-0.004793689962142629,-0.010918960469324878],[0.0007989483270237715,-0.005060006071150553,-0.012516857123372421],[0.0029294771990871623,-0.005326322180158476,-0.012516857123372421]]",786.293042655,786.294808846,21.75,312815,"[2055, 3522, -3430]","[[15, -19, -27], [18, -10, -41], [19, 3, -47], [20, 11, -47]]"
11.850069,12.228555,body,0.000000,0.000000,0.000000,0.000000,0.000000,0.000000,0.000000,0.000000,0.000000,0.000000,0.000000,0.000000,6.379949,-3.690063,-6.182427,0.003063,-0.006858,-0.004261,bmi088,0.009913357499954145,"[[0.003994741635118857,-0.0055926382891664005,-0.01038632825130903],[0.00346210941710301,-0.006657902725198096,-0.007190534943213944],[0.002663161090079238,-0.007190534943213944,-0.002663161090079238],[0.0021305288720633907,-0.007989483270237714,0.003195793308095086]]",786.3029560125,786.304005983,21.75,313051,"[2055, 3553, -3443]","[[21, 15, -39], [25, 13, -27], [27, 10, -10], [30, 8, 12]]"
11.860071,12.238789,body,0.000000,0.000000,0.000000,0.000000,0.000000,0.000000,0.000000,0.000000,0.000000,0.000000,0.000000,0.000000,6.363788,-3.708020,-6.187814,-0.000799,-0.006392,0.015247,bmi088,0.010062816499953442,"[[0.00026631610900792384,-0.008522115488253563,0.009054747706269411],[-0.0010652644360316954,-0.007723167161229791,0.014381069886427887],[-0.0007989483270237715,-0.005858954398174325,0.018109495412538822],[-0.001597896654047543,-0.00346210941710301,0.01944107595757844]]",786.3130188289999,786.314126608,21.75,313313,"[2065, 3544, -3446]","[[32, 1, 34], [29, -4, 54], [22, -3, 68], [13, -6, 73]]"
11.870072,12.248867,body,0.000000,0.000000,0.000000,0.000000,0.000000,0.000000,0.000000,0.000000,0.000000,0.000000,0.000000,0.000000,6.349423,-3.700837,-6.182427,-0.002530,-0.001731,0.012983,bmi088,0.009966206000058264,"[[-0.0021305288720633907,-0.0023968449810713144,0.019174759848570515],[-0.003195793308095086,-0.001864212763055467,0.015712650431467506],[-0.0023968449810713144,-0.001331580545039619,0.010918960469324878],[-0.0023968449810713144,-0.001331580545039619,0.006125270507182248]]",786.322985035,786.324105551,21.75,313571,"[2061, 3536, -3443]","[[9, -8, 72], [7, -12, 59], [5, -9, 41], [5, -9, 23]]"
11.880074,12.259102,body,0.000000,0.000000,0.000000,0.000000,0.000000,0.000000,0.000000,0.000000,0.000000,0.000000,0.000000,0.000000,6.361992,-3.709815,-6.186019,-0.001132,-0.000266,-0.006125,bmi088,0.010106353499963916,"[[-0.0029294771990871623,-0.0005326322180158477,0.0007989483270237715],[-0.0029294771990871623,0.00026631610900792384,-0.004527373853134706],[-0.0007989483270237715,0.00026631610900792384,-0.009587379924285258],[0.0021305288720633907,-0.0010652644360316954,-0.011185276578332801]]",786.3330913885,786.3342127359999,21.75,313833,"[2066, 3543, -3445]","[[2, -11, 3], [-1, -11, -17], [-1, -3, -36], [4, 8, -42]]"
11.890072,12.269063,body,0.000000,0.000000,0.000000,0.000000,0.000000,0.000000,0.000000,0.000000,0.000000,0.000000,0.000000,0.000000,6.333262,-3.711611,-6.177040,0.004061,-0.001798,-0.012384,bmi088,0.009945661500069036,"[[0.003994741635118857,-0.0021305288720633907,-0.012783173232380344],[0.004527373853134706,-0.001864212763055467,-0.013582121559404116],[0.003994741635118857,-0.001864212763055467,-0.013582121559404116],[0.003728425526110934,-0.001331580545039619,-0.009587379924285258]]",786.34303705,786.344075132,21.75,314088,"[2067, 3527, -3440]","[[8, 15, -48], [7, 17, -51], [7, 15, -51], [5, 14, -36]]"
11.900073,12.279141,body,0.000000,0.000000,0.000000,0.000000,0.000000,0.000000,0.000000,0.000000,0.000000,0.000000,0.000000,0.000000,6.351218,-3.702633,-6.187814,-0.000799,-0.003329,0.002929,bmi088,0.009933565999972416,"[[0.001597896654047543,-0.001864212763055467,-0.004793689962142629],[-0.00026631610900792384,-0.0023968449810713144,0.00026631610900792384],[-0.0023968449810713144,-0.004527373853134706,0.005326322180158476],[-0.0021305288720633907,-0.004527373853134706,0.010918960469324878]]",786.352970616,786.3540316430001,21.75,314346,"[2062, 3537, -3446]","[[7, 6, -18], [9, -1, 1], [17, -9, 20], [17, -8, 41]]"
11.910079,12.289336,body,0.000000,0.000000,0.000000,0.000000,0.000000,0.000000,0.000000,0.000000,0.000000,0.000000,0.000000,0.000000,6.361992,-3.691859,-6.162675,0.001465,-0.000932,0.013516,bmi088,0.010112625000033404,"[[-0.0005326322180158477,-0.003728425526110934,0.01464738599543581],[0.0021305288720633907,-0.001331580545039619,0.01464738599543581],[0.0023968449810713144,0.00026631610900792384,0.013315805450396193],[0.001864212763055467,0.0010652644360316954,0.011451592687340724]]",786.363083241,786.3641399475,21.75,314607,"[2056, 3543, -3432]","[[14, -2, 55], [5, 8, 55], [-1, 9, 50], [-4, 7, 43]]"
11.920071,12.299141,body,0.000000,0.000000,0.000000,0.000000,0.000000,0.000000,0.000000,0.000000,0.000000,0.000000,0.000000,0.000000,6.363788,-3.702633,-6.169858,0.003396,0.001398,0.002796,bmi088,0.009688553500041053,"[[0.001864212763055467,0.0005326322180158477,0.01038632825130903],[0.0029294771990871623,0.001331580545039619,0.0055926382891664005],[0.003728425526110934,0.001597896654047543,0.0007989483270237715],[0.005060006071150553,0.0021305288720633907,-0.0055926382891664005]]",786.3727717945001,786.373813765,21.75,314858,"[2062, 3544, -3436]","[[-2, 7, 39], [-5, 11, 21], [-6, 14, 3], [-8, 19, -21]]"
11.930070,12.309570,body,0.000000,0.000000,0.000000,0.000000,0.000000,0.000000,0.000000,0.000000,0.000000,0.000000,0.000000,0.000000,6.326079,-3.693655,-6.155492,0.005659,-0.000932,-0.015646,bmi088,0.010235810999915884,"[[0.005326322180158476,0.0010652644360316954,-0.01171790879634865],[0.005858954398174325,0.00026631610900792384,-0.015180018213451659],[0.005858954398174325,-0.001597896654047543,-0.018109495412538822],[0.0055926382891664005,-0.00346210941710301,-0.017576863194522972]]",786.3830076055,786.384112345,21.75,315125,"[2057, 3523, -3428]","[[-4, 20, -44], [-1, 22, -57], [6, 22, -68], [13, 21, -66]]"
11.940077,12.319766,body,0.000000,0.000000,0.000000,0.000000,0.000000,0.000000,0.000000,0.000000,0.000000,0.000000,0.000000,0.000000,6.338649,-3.691859,-6.175245,0.004993,-0.003728,-0.008855,bmi088,0.010189026500029286,"[[0.005326322180158476,-0.004527373853134706,-0.01597896654047543],[0.005060006071150553,-0.004527373853134706,-0.011185276578332801],[0.005326322180158476,-0.00346210941710301,-0.006391586616190172],[0.004261057744126781,-0.0023968449810713144,-0.001864212763055467]]",786.393196632,786.3942301540001,21.75,315386,"[2056, 3530, -3439]","[[17, 20, -60], [17, 19, -42], [13, 20, -24], [9, 16, -7]]"
11.950068,12.329609,body,0.000000,0.000000,0.000000,0.000000,0.000000,0.000000,0.000000,0.000000,0.000000,0.000000,0.000000,0.000000,6.360197,-3.697246,-6.191405,0.002530,-0.000866,0.010320,bmi088,0.009719417999917823,"[[0.002663161090079238,-0.0021305288720633907,0.002663161090079238],[0.001331580545039619,-0.001597896654047543,0.008522115488253563],[0.0023968449810713144,-0.0005326322180158477,0.013582121559404116],[0.003728425526110934,0.0007989483270237715,0.01651159875849128]]",786.4029160499999,786.4039612525,21.75,315638,"[2059, 3542, -3448]","[[8, 10, 10], [6, 5, 32], [2, 9, 51], [-3, 14, 62]]"
11.960068,12.339805,body,0.000000,0.000000,0.000000,0.000000,0.000000,0.000000,0.000000,0.000000,0.000000,0.000000,0.000000,0.000000,6.356605,-3.695450,-6.180632,0.005792,0.002663,0.008722,bmi088,0.010058960500032299,"[[0.004527373853134706,0.0021305288720633907,0.015712650431467506],[0.0055926382891664005,0.0021305288720633907,0.011984224905356573],[0.006125270507182248,0.003195793308095086,0.005858954398174325],[0.00692421883420602,0.003195793308095086,0.001331580545039619]]",786.4129750105,786.414035477,21.75,315899,"[2058, 3540, -3442]","[[-8, 17, 59], [-8, 21, 45], [-12, 23, 22], [-12, 26, 5]]"
11.970069,12.349687,body,0.000000,0.000000,0.000000,0.000000,0.000000,0.000000,0.000000,0.000000,0.000000,0.000000,0.000000,0.000000,6.356605,-3.706224,-6.187814,0.006325,0.003063,-0.009055,bmi088,0.009770026500063977,"[[0.00692421883420602,0.003994741635118857,-0.002663161090079238],[0.006657902725198096,0.003994741635118857,-0.006125270507182248],[0.006125270507182248,0.003195793308095086,-0.01171790879634865],[0.0055926382891664005,0.0010652644360316954,-0.015712650431467506]]",786.422745037,786.4237983200001,21.75,316152,"[2064, 3540, -3446]","[[-15, 26, -10], [-15, 25, -23], [-12, 23, -44], [-4, 21, -59]]"
11.980070,12.360195,body,0.000000,0.000000,0.000000,0.000000,0.000000,0.000000,0.000000,0.000000,0.000000,0.000000,0.000000,0.000000,6.367379,-3.686472,-6.191405,0.005127,-0.003196,-0.014581,bmi088,0.010372373499990317,"[[0.005060006071150553,-0.001597896654047543,-0.018109495412538822],[0.005858954398174325,-0.0029294771990871623,-0.017576863194522972],[0.005060006071150553,-0.004261057744126781,-0.014114753777419964],[0.004527373853134706,-0.003994741635118857,-0.008522115488253563]]",786.4331174105,786.434214518,21.75,316421,"[2053, 3546, -3448]","[[6, 19, -68], [11, 22, -66], [16, 19, -53], [15, 17, -32]]"
11.990074,12.369961,body,0.000000,0.000000,0.000000,0.000000,0.000000,0.000000,0.000000,0.000000,0.000000,0.000000,0.000000,0.000000,6.361992,-3.688268,-6.171653,-0.000599,-0.002663,0.006392,bmi088,0.009695641999996951,"[[0.0029294771990871623,-0.003195793308095086,-0.001331580545039619],[0.0007989483270237715,-0.0021305288720633907,0.004527373853134706],[-0.0023968449810713144,-0.0023968449810713144,0.009054747706269411],[-0.003728425526110934,-0.0029294771990871623,0.013315805450396193]]",786.4428130525,786.4438684950001,21.75,316671,"[2054, 3543, -3437]","[[12, 11, -5], [8, 3, 17], [9, -9, 34], [11, -14, 50]]"
